date,close,ref_close,vol,bull,halted,interest,cash,invested,equity,n_active,exposure
2003-05-14,44.783615,11.529377,0.003300528325991833,True,False,2.7301587301587302,100002.73015873016,0.0,100002.73015873016,0,0.0
2003-05-15,44.737938,11.657937,0.0033536947316499996,True,False,5.7249918590504904e-05,2.0970019424777817,99900.73248155604,99902.82948349851,1,0.9999790095840797
2003-05-16,44.97654,11.507495,0.003384287844602629,True,False,5.7251481604155317e-05,2.0970591939593857,100433.53563782947,100435.63269702342,1,0.9999791203665707
2003-05-19,44.966408,10.985044,0.0033073805539722075,True,False,5.725304466047847e-05,2.097116447004046,100410.9106741688,100413.00779061581,1,0.9999791150918277
2003-05-21,45.12381,11.042491,0.0032977740633832408,True,False,5.725460775947555e-05,2.0971737016118053,100762.39256620553,100764.48973990713,1,0.9999791873733791
2003-05-22,45.336975,11.165583,0.0032862979169320954,True,False,5.72561709011477e-05,2.0972309577827066,101238.39438013425,101240.49161109203,1,0.9999792846624468
2003-05-23,45.286224,11.242167,0.0032706620479452946,True,False,5.7257734085496116e-05,2.0972882155167922,101125.06635696582,101127.16364518134,1,0.9999792608816472
2003-05-27,45.118683,11.830261,0.003514651519976527,True,False,5.725929731252195e-05,2.0973454748141047,100750.94387012496,100753.04121559978,1,0.9999791833035558
2003-05-28,45.128819,11.876762,0.0034721901873591573,True,False,5.7260860582226355e-05,2.097402735674687,100773.57776586761,100775.67516860328,1,0.9999791874107302
2003-05-29,45.367462,12.243299,0.003445473867145804,True,False,5.726242389461051e-05,2.0974599980985817,101306.47247598135,101308.56993597945,1,0.9999792963221233
2003-05-30,45.342072,12.418355,0.0033728085156500423,True,False,5.726398724967556e-05,2.0975172620858316,101249.77608559995,101251.87360286203,1,0.9999792841634684
2003-06-02,45.165951,12.166705,0.0036060125318542993,True,False,5.726555064742271e-05,2.097574527636479,100856.49428290747,100858.59185743511,1,0.999979202817638
2003-06-03,45.466286,12.328091,0.003359232369255729,True,False,5.7267114087853076e-05,2.0976317947505665,101527.14849343116,101529.24612522591,1,0.9999793396299608
2003-06-04,45.598656,12.782154,0.0033562100026747286,True,False,5.726867757096785e-05,2.0976890634281373,101822.7334164239,101824.83110548733,1,0.9999793990420542
2003-06-05,45.435749,12.924391,0.0034596006797894836,True,False,5.727024109676819e-05,2.097746333669234,101458.9587465593,101461.05649289298,1,0.9999793246157079
2003-06-06,45.384792,12.7083,0.0032880924303720065,True,False,5.727180466525528e-05,2.0978036054738993,101345.17072116879,101347.26852477426,1,0.9999793008372498
2003-06-09,45.634289,12.363648,0.003415097753930174,True,False,5.7273368276430265e-05,2.0978608788421758,101902.30263574097,101904.40049661981,1,0.9999794134417295
2003-06-10,45.888859,12.473063,0.003531095501320898,True,False,5.727493193029433e-05,2.097918153774106,102470.76266328692,102472.86058144069,1,0.9999795270851046
2003-06-11,45.792084,12.473063,0.003580896745714278,True,False,5.727649562684861e-05,2.0979754302697327,102254.66210483245,102256.76008026271,1,0.999979483259311
2003-06-12,45.970299,12.308944,0.003619650363483984,True,False,5.7278059366094285e-05,2.098032708329099,102652.61985244254,102654.71788515087,1,0.999979562237844
2003-06-13,46.138283,11.91232,0.003539388465918781,True,False,5.7279623148032535e-05,2.098089987952247,103027.73156736292,103029.82965735087,1,0.999979636091849
2003-06-16,45.898975,12.120207,0.003808591006853163,True,False,5.728118697266452e-05,2.09814726913922,102493.35189861967,102495.4500458888,1,0.9999795293618575
2003-06-17,45.649559,12.194059,0.003965572213018962,True,False,5.72827508399914e-05,2.09820455189006,101936.40085870765,101938.49906325954,1,0.9999794169565849
2003-06-18,45.374668,12.453918,0.004243669919857909,True,False,5.728431475001434e-05,2.0982618362048098,101322.5636216721,101324.6618835083,1,0.9999792916966393
2003-06-19,45.440796,12.336295,0.004190910248581402,True,False,5.728587870273449e-05,2.0983191220835127,101470.22880100022,101472.32712012231,1,0.9999793212673678
2003-06-20,45.369587,12.158501,0.004080657195362354,True,False,5.728744269815305e-05,2.0983764095262107,101311.21764453434,101313.31602094386,1,0.9999792882466793
2003-06-23,45.542698,11.832997,0.004155297379470091,True,False,5.7289006736271154e-05,2.098433698532947,101697.77805553528,101699.87648923381,1,0.9999793664085841
2003-06-24,45.756439,11.734528,0.0041548501730609795,True,False,5.729057081708998e-05,2.098490989103764,102175.06608926943,102177.16458025853,1,0.9999794622311382
2003-06-25,45.410309,11.80291,0.0045509922747592755,True,False,5.729213494061071e-05,2.098548281238705,101402.15070515312,101404.24925343436,1,0.9999793051248178
2003-06-26,44.962307,12.084651,0.004930637047354848,True,False,5.7293699106834484e-05,2.0986055749378116,100401.75305711666,100403.8516626916,1,0.9999790983558879
2003-06-27,44.921577,12.005322,0.004931657142647565,True,False,5.7295263315762484e-05,2.098662870201127,100310.80213233388,100312.90079520407,1,0.9999790788337934
2003-06-30,45.028454,11.926001,0.004901556958986355,True,False,5.729682756739586e-05,2.0987201670286946,100549.4606638342,100551.55938400123,1,0.9999791279202441
2003-07-01,45.148018,12.147559,0.004688084384755535,True,False,5.729839186173579e-05,2.0987774654205564,100816.4495263612,100818.54830382662,1,0.9999791826256108
2003-07-02,45.194157,12.552388,0.004637795792883173,True,False,5.729995619878345e-05,2.0988347653767554,100919.47885900426,100921.57769376964,1,0.9999792033100023
2003-07-03,44.906902,12.415621,0.004777347723648126,True,False,5.730152057853999e-05,2.098892066897334,100278.03255656204,100280.13144862895,1,0.999979069711651
2003-07-07,44.665836,13.1651,0.0048960534302414675,True,False,5.730308500100658e-05,2.098949369982335,99739.72723778765,99741.82618715764,1,0.999978956176659
2003-07-08,44.681221,13.321015,0.0046791476647806566,True,False,5.7304649466184384e-05,2.0990066746318012,99774.08225811132,99776.18126478595,1,0.9999789628481666
2003-07-09,44.763313,13.455042,0.004471282657233406,True,False,5.730621397407457e-05,2.0990639808457754,99957.39537663001,99959.49444061086,1,0.9999790008543702
2003-07-10,44.865868,13.006449,0.004534040128810775,True,False,5.730777852467832e-05,2.0991212886243003,100186.40279354864,100188.50191483727,1,0.9999790482815043
2003-07-11,45.024857,13.129539,0.004514908289660214,True,False,5.730934311799677e-05,2.0991785979674185,100541.42848911177,100543.52766770974,1,0.9999791216933932
2003-07-14,44.763313,13.471461,0.004494240025268893,True,False,5.7310907754031114e-05,2.0992359088751726,99957.39537663001,99959.49461253888,1,0.9999789991344293
2003-07-15,44.152912,13.493338,0.005210275610997201,True,False,5.731247243278249e-05,2.0992932213476054,98594.35743314066,98596.456726362,1,0.9999787082285607
2003-07-16,44.168285,13.471461,0.005165810801078051,True,False,5.731403715425208e-05,2.0993505353847595,98628.68565721836,98630.78500775374,1,0.9999787150580296
2003-07-17,44.075989,12.88883,0.005063622849514783,True,False,5.731560191844105e-05,2.099407850986678,98422.58679756333,98424.68620541431,1,0.9999786699055703
2003-07-18,43.963127,12.924391,0.00502171943220992,True,False,5.7317166725350574e-05,2.099465168153403,98170.56363839732,98172.66310356547,1,0.9999786145643625
2003-07-21,43.388641,12.689151,0.00564139789043335,True,False,5.7318731574981796e-05,2.099522486884978,96887.72462600477,96889.82414849165,1,0.9999783308257051
2003-07-22,43.542526,13.110393,0.005626597773373143,True,False,5.732029646733591e-05,2.0995798071814455,97231.35298495874,97233.45256476592,1,0.9999784068162572
2003-07-23,43.675892,13.359307,0.005532284315328447,True,False,5.732186140241407e-05,2.099637129042848,97529.161996365,97531.26163349404,1,0.9999784721627315
2003-07-24,43.506603,12.995512,0.005407187545324906,True,False,5.732342638021744e-05,2.0996944524692283,97151.13618969797,97153.23588415043,1,0.9999783878073297
2003-07-25,43.450214,13.260837,0.005089158947211335,True,False,5.732499140074719e-05,2.099751777460629,97025.21839697578,97027.31814875324,1,0.999978359169175
2003-07-28,43.132179,13.419486,0.005237191787511925,True,False,5.732655646400448e-05,2.099809104017093,96315.03972368127,96317.1395327853,1,0.9999781990088762
2003-07-29,42.711578,13.102188,0.005402774451010556,True,False,5.732812156999048e-05,2.099866432138663,95375.82907024269,95377.92893667483,1,0.9999779837279384
2003-07-30,43.055237,13.020125,0.005797851067660414,True,False,5.7329686718706354e-05,2.099923761825382,96143.22666071453,96145.32658447635,1,0.9999781588576749
2003-07-31,42.768009,13.211599,0.005816732332404479,True,False,5.7331251910153284e-05,2.099981093077292,95501.8406498257,95503.94063091878,1,0.999978011576494
2003-08-01,42.942337,13.375718,0.005942342951518257,True,False,5.733281714433242e-05,2.1000384258944367,95891.1186467697,95893.21868519559,1,0.9999781002405104
2003-08-04,43.257931,13.424954,0.0062589934202767605,True,False,5.733438242124494e-05,2.100095760276858,96595.8465170346,96597.94661279488,1,0.9999782594161272
2003-08-05,42.968216,12.992771,0.006342183807969378,True,False,5.7335947740892e-05,2.1001530962245987,95948.90698417339,95951.00713726961,1,0.9999781122349949
2003-08-06,43.408016,12.883356,0.006858438334118684,True,False,5.733751310327476e-05,2.100210433737702,96930.98939810558,96933.08960853932,1,0.9999783334004702
2003-08-07,43.563198,12.773949,0.006901857591040372,True,False,5.733907850839441e-05,2.1002677728162102,97277.51398464224,97279.61425241505,1,0.9999784099907371
2003-08-08,43.558018,12.442976,0.006809963962238636,True,False,5.734064395625209e-05,2.1003251134601664,97265.9469384754,97268.04726358886,1,0.9999784068337697
2003-08-11,43.376945,12.670006,0.006766442884198398,True,False,5.734220944684899e-05,2.1003824556696133,96861.6072182891,96863.70760074476,1,0.9999783161050956
2003-08-12,43.299358,12.910715,0.006134619239703653,True,False,5.7343774980186276e-05,2.1004397994445934,96688.35385710275,96690.45429690219,1,0.9999782766580764
2003-08-13,42.818176,13.148687,0.00653196933828011,True,False,5.734534055626509e-05,2.1004971447851495,95613.86458902473,95615.96508616951,1,0.9999780319411837
2003-08-14,42.906151,13.299128,0.00657951338662242,True,False,5.7346906175086624e-05,2.1005544916913244,95810.31456711859,95812.41512161028,1,0.9999780763851008
2003-08-15,42.890667,13.334682,0.00657647282430596,True,False,5.734847183665203e-05,2.100611840163161,95775.73847776587,95777.83908960603,1,0.9999780678718572
2003-08-18,43.019955,13.950134,0.006002842606398823,True,False,5.73500375409625e-05,2.100669190200702,96064.44123159141,96066.54190078161,1,0.999978133186137
2003-08-19,43.361469,14.223668,0.006229851891691426,True,False,5.735160328801917e-05,2.1007265418039904,96827.04899310034,96829.14971964214,1,0.9999783048126738
2003-08-20,43.154499,14.086904,0.006260174862060126,True,False,5.735316907782323e-05,2.1007838949730684,96364.8807411414,96366.98152503638,1,0.9999782001691686
2003-08-21,42.994083,14.551906,0.00625587548203565,True,False,5.735473491037584e-05,2.1008412497079787,96006.66852533116,96008.76936658086,1,0.9999781182358282
2003-08-22,43.025135,14.825437,0.006260197736105539,True,False,5.735630078567815e-05,2.1008986060087644,96076.00827775821,96078.10917636422,1,0.999978133430976
2003-08-25,42.838924,14.644908,0.0061214007057813925,True,False,5.7357866703731346e-05,2.1009559638754682,95660.19529826588,95662.29625422976,1,0.9999780377845175
2003-08-26,42.994083,14.702352,0.005754440460171811,True,False,5.7359432664536594e-05,2.1010133233081327,96006.66852533116,96008.76953865447,1,0.9999781164435978
2003-08-27,42.890667,15.148211,0.005487669746829331,True,False,5.736099866809505e-05,2.101070684306801,95775.73847776587,95777.83954845018,1,0.9999780630812491
2003-08-28,43.190701,15.279503,0.005486175754551938,True,False,5.73625647144079e-05,2.101128046871515,96445.72054912041,96447.82167716727,1,0.9999782148729714
2003-08-29,43.071701,15.3725,0.005464300549387382,True,False,5.7364130803476294e-05,2.1011854110023185,96179.99111015286,96182.09229556385,1,0.9999781540891777
2003-09-02,42.896255,15.399852,0.005267994368257167,True,False,5.73656969353014e-05,2.101242776699254,95788.21659629486,95790.31783907156,1,0.9999780641423466
2003-09-03,43.005913,15.098969,0.005089363650054404,True,False,5.736726310988439e-05,2.1013001439623635,96033.08515779322,96035.18645793718,1,0.9999781194766059
2003-09-04,43.282696,15.320529,0.004752865809544349,True,False,5.736882932722644e-05,2.1013575127916906,96651.1472696063,96653.24862711909,1,0.999978258800996
2003-09-05,43.830936,15.522948,0.005493738782042286,True,False,5.73703955873287e-05,2.101414883187278,97875.3784260733,97877.47984095648,1,0.999978530149258
2003-09-08,43.6273,16.048128,0.005604811414731381,True,False,5.737196189019235e-05,2.1014722551491682,97420.65506444642,97422.75653670156,1,0.9999784293492624
2003-09-09,43.836159,15.864861,0.005604987455314318,True,False,5.737352823581856e-05,2.101529628677404,97887.04149212143,97889.1430217501,1,0.9999785315351243
2003-09-10,44.133793,14.948525,0.00574370641513907,True,False,5.73750946242085e-05,2.1015870037720283,98551.6643142867,98553.76590129046,1,0.9999786757311144
2003-09-11,43.977154,15.159147,0.005115117224510525,True,False,5.7376661055363316e-05,2.1016443804330835,98201.88621688806,98203.9878612685,1,0.9999785991951425
2003-09-12,44.154663,15.238471,0.00514866485559596,True,False,5.737822752928418e-05,2.101701758660613,98598.26745202832,98600.36915378697,1,0.9999786846461459
2003-09-15,44.233009,14.998838,0.005131588631377586,True,False,5.7379794045972286e-05,2.101759138454659,98773.21567577079,98775.31743490924,1,0.9999787218184356
2003-09-16,44.196457,15.57878,0.00514547466395439,True,False,5.7381360605428776e-05,2.101816519815264,98691.59431061833,98693.69612713814,1,0.9999787036396214
2003-09-17,44.44186,15.483024,0.005012054307375797,True,False,5.7382927207654826e-05,2.1018739027424718,99239.5842392818,99241.68611318455,1,0.9999788206550587
2003-09-18,44.436642,15.581504,0.0048223145914481165,True,False,5.738449385265161e-05,2.1019312872363245,99227.93233833615,99230.03426962339,1,0.9999788175898284
2003-09-19,44.436642,15.52133,0.004681279377470541,True,False,5.738606054042029e-05,2.101988673296865,99227.93233833615,99230.03432700945,1,0.9999788170115272
2003-09-22,44.243473,15.160242,0.0048682746803813915,True,False,5.738762727096203e-05,2.102046060924136,98796.58200223595,98798.68404829688,1,0.9999787239467693
2003-09-23,44.347881,15.384545,0.0046798064724886505,True,False,5.7389194044277996e-05,2.10210345011818,99029.7272061328,99031.82930958291,1,0.9999787734563244
2003-09-24,44.57243,14.700666,0.004721046072725484,True,False,5.739076086036936e-05,2.1021608408790406,99531.14972538258,99533.25188622346,1,0.9999788798135192
2003-09-25,44.635098,14.703407,0.004617909286292234,True,False,5.7392327719237295e-05,2.10221823320676,99671.08865379619,99673.1908720294,1,0.9999789088899952
2003-09-26,44.97448,14.432588,0.004653993438795447,True,False,5.739389462088297e-05,2.1022756271013807,100428.93561560867,100431.03789123577,1,0.9999790674708612
2003-09-29,44.781254,14.676058,0.004749508841311891,True,False,5.739546156530754e-05,2.102333022562946,99997.45799734023,99999.56033036279,1,0.9999789765773408
2003-09-30,45.21468,14.334108,0.004822837900520372,True,False,5.7397028552512174e-05,2.1023904195914986,100965.30713863394,100967.40952905353,1,0.9999791775343213
2003-10-01,45.415359,14.547476,0.004839429676319108,True,False,5.7398595582498055e-05,2.102447818187081,101413.42745865554,101415.52990647373,1,0.9999792689756674
2003-10-02,45.252064,14.738968,0.004954478678188641,True,False,5.740016265526634e-05,2.1025052183497364,101048.78637683866,101050.88888205701,1,0.9999791935999612
2003-10-03,44.625404,15.346246,0.005550151610324023,True,False,5.7401729770818206e-05,2.102562620079507,99649.44175311257,99651.54431573265,1,0.9999789008526208
2003-10-06,44.757088,15.461144,0.005408216893570354,True,False,5.74032969291548e-05,2.1026200233764363,99943.49482404537,99945.59744406874,1,0.9999789623547495
2003-10-07,44.498966,15.78394,0.005562059294248032,True,False,5.740486413027731e-05,2.1026774282405665,99367.1031076993,99369.20578512753,1,0.9999788397480727
2003-10-08,44.578011,15.696395,0.005387118808791157,True,False,5.74064313741869e-05,2.1027348346719408,99543.61221276812,99545.71494760278,1,0.9999788766916208
2003-10-09,44.435822,15.805818,0.005373409703362599,True,False,5.740799866088474e-05,2.102792242670602,99226.10126152982,99228.2040537725,1,0.9999788085226098
2003-10-10,44.567474,16.002769,0.005341865201110596,True,False,5.740956599037199e-05,2.1028496522365923,99520.08287580675,99522.18572545898,1,0.9999788705439204
2003-10-13,44.498966,16.1122,0.005350513159049659,True,False,5.741113336264982e-05,2.1029070633699547,99367.1031076993,99369.20601476266,1,0.9999788374371931
2003-10-14,44.319973,16.248972,0.005433332066642718,True,False,5.7412700777719394e-05,2.1029644760707322,98967.40807014366,98969.51103461973,1,0.9999787513906648
2003-10-15,44.161926,16.281796,0.005338024508082233,True,False,5.7414268235581895e-05,2.103021890338968,98614.48587988733,98616.58890177766,1,0.999978674765435
2003-10-16,43.919754,16.432249,0.005461686923124074,True,False,5.741583573623849e-05,2.103079306174704,98073.71084044488,98075.81391975106,1,0.9999785565959421
2003-10-17,44.15667,16.010986,0.005622136771837723,True,False,5.741740327969033e-05,2.1031367235779834,98602.74912416284,98604.85226088643,1,0.9999786710625759
2003-10-20,44.188328,16.188789,0.00554414727576335,True,False,5.74189708659386e-05,2.1031941425488494,98673.44208701019,98675.54528115274,1,0.999978685761132
2003-10-21,44.267326,16.618263,0.005532492063398527,True,False,5.7420538494984466e-05,2.1032515630873445,98849.84624011572,98851.94949167881,1,0.9999787232161439
2003-10-22,44.588562,16.22982,0.0056591416156543265,True,False,5.742210616682909e-05,2.1033089851935114,99567.17281201642,99569.27612100162,1,0.9999788759237072
2003-10-23,44.446404,15.865994,0.0056931361673819595,True,False,5.742367388147365e-05,2.1033664088673927,99249.73108441348,99251.83445082234,1,0.999978807783045
2003-10-24,44.757088,15.844111,0.005650771704382367,True,False,5.7425241638919296e-05,2.1034238341090314,99943.49482404537,99945.59824787948,1,0.9999789543124361
2003-10-27,44.635925,15.994572,0.0056014517038065256,True,False,5.742680943916721e-05,2.1034812609184708,99672.93536174599,99675.0388430069,1,0.9999788966095692
2003-10-28,44.846622,16.908228,0.00524522152596323,True,False,5.742837728221857e-05,2.103538689295753,100143.42608109176,100145.52961978105,1,0.9999789951813398
2003-10-29,44.556988,17.096981,0.005282737712126991,True,False,5.7429945168074525e-05,2.1035961192409207,99496.66742289068,99498.77101900992,1,0.999978858069324
2003-10-30,44.3937,17.233757,0.005284590059302176,True,False,5.743151309673625e-05,2.1036535507540175,99132.0419722173,99134.14562576805,1,0.9999787797278377
2003-10-31,44.551697,17.042274,0.004394797247032767,True,False,5.743308106820493e-05,2.103710983835086,99484.85251144884,99486.95622243268,1,0.9999788544039971
2003-11-03,44.382099,17.616734,0.004409514874619353,True,False,5.743464908248171e-05,2.1037684184841683,99106.13670144869,99108.24046986717,1,0.9999787730222178
2003-11-04,44.540596,17.693325,0.004305340568298238,True,False,5.743621713956778e-05,2.103825854701308,99460.06375092802,99462.16757678273,1,0.999978847979026
2003-11-05,44.382099,17.805483,0.004357783008769789,True,False,5.743778523946428e-05,2.1038832924865476,99106.13670144869,99108.24058474117,1,0.9999787718631663
2003-11-06,44.154858,17.991488,0.004448046865365049,True,False,5.743935338217241e-05,2.1039407318399297,98598.70289102495,98600.8068317568,1,0.9999786620333093
2003-11-07,44.080917,18.027056,0.004388746878919623,True,False,5.744092156769332e-05,2.1039981727614974,98433.59112256528,98435.69512073805,1,0.9999786256584038
2003-11-10,44.06509,17.501844,0.004382670838208518,True,False,5.744248979602818e-05,2.1040556152512933,98398.2491071826,98400.35316279785,1,0.9999786173977264
2003-11-11,44.133766,17.447128,0.004322780378042956,True,False,5.744405806717817e-05,2.1041130593093604,98551.60402273333,98553.70813579264,1,0.9999786500873573
2003-11-12,44.276424,18.087238,0.004311830909615778,True,False,5.744562638114445e-05,2.1041705049357415,98870.16226058402,98872.26643108897,1,0.9999787182940081
2003-11-13,44.662098,17.849253,0.004498632778683743,True,False,5.744719473792818e-05,2.1042279521304796,99731.38020717539,99733.48443512752,1,0.9999789014896646
2003-11-14,44.905159,17.351391,0.004501177680111231,True,False,5.744876313753056e-05,2.1042854008936174,100274.14040183833,100276.24468723923,1,0.9999790151156193
2003-11-17,44.957981,17.094242,0.004501683363635483,True,False,5.7450331579952725e-05,2.1043428512251974,100392.093010453,100394.19735330422,1,0.9999790391984129
2003-11-19,44.836475,17.140755,0.0045648543048480185,True,False,5.7451900065195866e-05,2.1044003031252627,100120.76762212366,100122.87202242679,1,0.9999789818224286
2003-11-20,45.116482,16.809753,0.004493454256093868,True,False,5.7453468593261145e-05,2.104457756593856,100746.02899201431,100748.1334497709,1,0.9999791116948321
2003-11-21,45.095367,17.009453,0.004413343682434132,True,False,5.745503716414972e-05,2.1045152116310204,100698.87876425129,100700.98327946292,1,0.9999791013439682
2003-11-24,44.857616,17.562023,0.004351345642289718,True,False,5.745660577786278e-05,2.1045726682367984,100167.97590841957,100170.0804810878,1,0.9999789900072145
2003-11-25,44.968578,17.663229,0.004328610934579906,True,False,5.7458174434401484e-05,2.104630126411233,100415.75632864409,100417.8609587705,1,0.9999790412770565
2003-11-26,44.857616,17.750767,0.004246862422700829,True,False,5.7459743133767e-05,2.1046875861543666,100167.97590841957,100170.08059600572,1,0.9999789888600106
2003-11-28,44.561699,17.942255,0.004258175826814655,True,False,5.746131187596049e-05,2.1047450474662424,99507.1871824451,99509.29192749257,1,0.9999788487586767
2003-12-01,44.289394,18.117332,0.0044028953650296744,True,False,5.746288066098312e-05,2.1048025103469032,98899.124536411,98901.22933892134,1,0.9999787181360189
2003-12-02,44.416542,17.977819,0.004375385794588458,True,False,5.746444948883609e-05,2.104859974796392,99183.04862637608,99185.15348635089,1,0.999978778477415
2003-12-03,44.300011,17.67144,0.004330921347764473,True,False,5.7466018359520543e-05,2.1049174408147513,98922.83251501198,98924.93743245279,1,0.9999787220745806
2003-12-04,44.395378,17.469013,0.004279296665128078,True,False,5.746758727303766e-05,2.104974908402024,99135.78898060878,99137.89395551718,1,0.9999787672016782
2003-12-05,44.935738,16.962944,0.0049970461905749315,True,False,5.74691562293886e-05,2.1050323775582536,100342.42393557103,100344.52896794859,1,0.9999790219516779
2003-12-08,44.766171,16.921906,0.004923701418027216,True,False,5.7470725228574545e-05,2.105089848283482,99963.77734920623,99965.8824390545,1,0.9999789419170129
2003-12-09,44.543678,16.221617,0.005060840670528768,True,False,5.7472294270596654e-05,2.105147320577753,99466.94592009524,99469.05106741581,1,0.999978836157599
2003-12-10,44.654957,16.320091,0.005074904785230894,True,False,5.7473863355456113e-05,2.1052047944411085,99715.43420781684,99717.53941261128,1,0.9999788883198799
2003-12-11,44.925156,16.878145,0.005213106003065895,True,False,5.7475432483154074e-05,2.1052622698735917,100318.79411268738,100320.89937495725,1,0.999979014718937
2003-12-12,44.925156,16.88908,0.005186790575306772,True,False,5.747700165369171e-05,2.1053197468752454,100318.79411268738,100320.89943243425,1,0.9999790141460176
2003-12-15,44.903957,16.366594,0.004841038387904108,True,False,5.7478570867070196e-05,2.1053772254461123,100271.45631120272,100273.56168842818,1,0.9999790036656722
2003-12-16,45.444397,16.306414,0.005396305053159508,True,False,5.748014012329068e-05,2.1054347055862355,101478.26990780461,101480.3753425102,1,0.9999792527895321
2003-12-17,45.562111,16.145023,0.0054134723266753455,True,False,5.7481709422354365e-05,2.105492187295658,101741.12768241492,101743.23317460222,1,0.9999793058258363
2003-12-18,45.717304,16.686663,0.005385314261434745,True,False,5.748327876426242e-05,2.105549670574422,102087.67683217702,102089.7823818476,1,0.9999793755102474
2003-12-19,45.722618,16.582699,0.005243065149370381,True,False,5.748484814901597e-05,2.1056071554225713,102099.54310309024,102101.64871024566,1,0.9999793773442249
2003-12-22,45.599552,16.569025,0.005291870974720443,True,False,5.748641757661623e-05,2.1056646418401477,101824.73420278789,101826.83986742974,1,0.9999793211235408
2003-12-23,45.289204,16.856255,0.0053918340662049095,True,False,5.7487987047064356e-05,2.105722129827195,101131.72075804249,101133.82648017231,1,0.9999791788543645
2003-12-24,45.572784,16.856255,0.005529357519041203,True,False,5.7489556560361516e-05,2.105779619383755,101764.96071016365,101767.06648978303,1,0.9999793078478921
2003-12-26,45.717304,16.946527,0.005504596262404232,True,False,5.7491126116508874e-05,2.1058371105098717,102087.67683217702,102089.78266928752,1,0.9999793726947453
2003-12-29,45.439056,17.211872,0.00546849939252734,True,False,5.749269571550761e-05,2.105894603205587,101466.34334533801,101468.44923994121,1,0.9999792458185872
2003-12-30,45.390858,17.241968,0.005234375040725497,True,False,5.749426535735889e-05,2.1059520974709445,101358.71622349466,101360.82217559213,1,0.9999792232141348
2003-12-31,45.470879,17.165371,0.00522198553571354,True,False,5.749583504206388e-05,2.1060095933059864,101537.4047565671,101539.51076616041,1,0.9999792592107504
2004-01-02,45.105846,17.233757,0.005560433424716358,True,False,8.15660858359779e-05,2.106091159391822,100722.2785860239,100724.38467718329,1,0.9999790905532345
2004-01-05,45.068211,17.794538,0.005565202558557175,True,False,8.156924490342933e-05,2.1061727286367256,100638.23885967479,100640.34503240343,1,0.9999790722823142
2004-01-06,45.406425,17.986021,0.0051497390846632065,True,False,8.157240409323194e-05,2.106254301040819,101393.4776535485,101395.58390784953,1,0.9999792273566573
2004-01-07,45.508446,18.147423,0.0050603029682350295,True,False,8.157556340539045e-05,2.1063358766042244,101621.29263752254,101623.39897339915,1,0.999979273121172
2004-01-08,45.508446,18.689051,0.004878881378871705,True,False,8.157872283990966e-05,2.1064174553270645,101621.29263752254,101623.39905497787,1,0.9999792723184333
2004-01-09,46.045246,18.697258,0.005426599003585008,True,False,8.158188239679425e-05,2.106499037209461,102819.9780395207,102822.08453855792,1,0.999979513165419
2004-01-12,46.045246,19.162291,0.005330129340816517,True,False,8.158504207604898e-05,2.106580622251537,102819.9780395207,102822.08462014295,1,0.999979512371977
2004-01-13,46.292263,18.719151,0.005398898003503512,True,False,8.158820187767859e-05,2.1066622104534147,103371.57206326396,103373.67872547441,1,0.9999796209031503
2004-01-14,46.383518,18.634344,0.005379557186968001,True,False,8.159136180168782e-05,2.1067438018152163,103575.34634858316,103577.45309238498,1,0.9999796602084824
2004-01-15,46.410328,18.84771,0.004798507477115562,True,False,8.159452184808141e-05,2.1068253963370642,103635.2136280682,103637.32045346453,1,0.9999796711707026
2004-01-16,46.217075,19.192392,0.004921165728163484,True,False,8.159768201686408e-05,2.106906994019081,103203.67571824638,103205.78262524039,1,0.9999795853784506
2004-01-20,46.136551,19.19512,0.004907764451340923,True,False,8.160084230804062e-05,2.1069885948613893,103023.86397586466,103025.97096445953,1,0.999979548956684
2004-01-21,46.270775,18.708206,0.004937120510129753,True,False,8.160400272161573e-05,2.107070198864111,103323.58891885611,103325.69598905498,1,0.9999796074908696
2004-01-22,46.469391,18.426449,0.004938883636659356,True,False,8.160716325759416e-05,2.107151806027369,103767.10251759544,103769.20966940148,1,0.9999796938628255
2004-01-23,46.120449,18.136482,0.004999717783945108,True,False,8.161032391598065e-05,2.107233416351285,102987.90787984572,102990.01511326207,1,0.9999795394396823
2004-01-26,45.9272,18.568699,0.004958530158634826,True,False,8.161348469677994e-05,2.1073150298359815,102556.37890210588,102558.48621713571,1,0.9999794525532937
2004-01-27,46.109692,18.010647,0.0049852609456531695,True,False,8.161664559999676e-05,2.1073966464815816,102963.88727837536,102965.99467502184,1,0.9999795330812553
2004-01-28,45.776882,17.865664,0.005069609608986847,True,False,8.161980662563588e-05,2.1074782662882074,102220.71572725946,102222.82320552575,1,0.9999793834859946
2004-01-29,45.723164,17.660501,0.005071349927079412,True,False,8.162296777370202e-05,2.107559889255981,102100.7623322808,102102.86989217006,1,0.9999793584657172
2004-01-30,45.932552,17.780863,0.005150291584705808,True,False,8.162612904419992e-05,2.1076415153850254,102568.33002779794,102570.43766931332,1,0.9999794517644336
2004-02-02,45.88681,17.507311,0.004759361948456057,True,False,8.162929043713433e-05,2.1077231446754627,102466.1872042916,102468.29492743626,1,0.9999794304848523
2004-02-03,46.064495,17.578432,0.0047873041712056,True,False,8.163245195251e-05,2.107804777127415,102862.96145103908,102865.06925581621,1,0.9999795090326349
2004-02-04,45.98912,17.047743,0.004576866854683118,True,False,8.163561359033165e-05,2.1078864127410055,102694.64753118884,102696.75541760157,1,0.9999794746542463
2004-02-05,45.816784,17.274796,0.0046617965072274425,True,False,8.163877535060404e-05,2.107968051516356,102309.81771107191,102311.92567912342,1,0.9999793966535424
2004-02-06,46.096779,17.917639,0.004834439026558335,True,False,8.16419372333319e-05,2.1080496934535895,102935.05228471663,102937.16033441009,1,0.9999795210040124
2004-02-09,46.204445,17.862926,0.004101656780781001,True,False,8.164509923852e-05,2.108131338552828,103175.47266938789,103177.58080072644,1,0.9999795679320819
2004-02-10,46.075245,17.90395,0.004155298709965278,True,False,8.164826136617304e-05,2.1082129868141943,102886.96642136599,102889.0746343528,1,0.9999795098459744
2004-02-11,46.317539,18.289665,0.004148257742369531,True,False,8.16514236162958e-05,2.1082946382378105,103428.01388930886,103430.1221839471,1,0.9999796162414418
2004-02-12,46.290638,17.986021,0.004124548038195025,True,False,8.1654585988893e-05,2.1083762928237992,103367.94340495874,103370.05178125156,1,0.9999796036061075
2004-02-13,46.409084,17.780863,0.0041651654278572385,True,False,8.165774848396938e-05,2.108457950572283,103632.43575057176,103634.54420852233,1,0.9999796548731249
2004-02-17,46.409084,18.013374,0.0040480835457913575,True,False,8.166091110152971e-05,2.1085396114833848,103632.43575057176,103634.54429018324,1,0.9999796540851709
2004-02-18,46.398319,18.136482,0.004023774519088806,True,False,8.166407384157874e-05,2.1086212755572262,103608.39728493744,103610.505906213,1,0.9999796485765886
2004-02-19,46.430614,17.917639,0.003978065929145761,True,False,8.166723670412115e-05,2.1087029427939306,103680.51268184042,103682.62138478321,1,0.9999796619441655
2004-02-20,46.274456,17.764441,0.003929572782122057,True,False,8.167039968916177e-05,2.10878461319362,103331.80866730014,103333.91745191334,1,0.9999795925223276
2004-02-23,46.425224,17.220076,0.0035973101734535036,True,False,8.167356279670529e-05,2.1088662867564167,103668.47670136955,103670.58556765631,1,0.9999796580073778
2004-02-24,46.505993,17.239229,0.0034457446628159524,True,False,8.167672602675648e-05,2.1089479634824433,103848.83553377265,103850.94448173614,1,0.9999796925490277
2004-02-25,46.559879,17.575697,0.0033586240864106175,True,False,8.167988937932004e-05,2.1090296433718225,103969.16407619456,103971.27310583793,1,0.9999797152657617
2004-02-26,46.489857,17.761717,0.002873602278889011,True,False,8.168305285440076e-05,2.109111326424677,103812.80351505686,103814.91262638329,1,0.9999796839271635
2004-02-27,46.672924,17.624941,0.0029179089506981403,True,False,8.168621645200338e-05,2.109193012641129,104221.59587811126,104223.7050711239,1,0.9999797628283201
2004-03-01,46.722103,17.931309,0.0027967378829202826,True,False,8.168938017213262e-05,2.109274702021301,104331.4135930607,104333.52286776272,1,0.9999797833462915
2004-03-02,46.452053,17.80821,0.0031476908184986307,True,False,8.169254401479327e-05,2.109356394565316,103728.38640824401,103730.49576463857,1,0.9999796650312041
2004-03-03,46.408867,17.594851,0.0030685218549038515,True,False,8.169570797999003e-05,2.109438090273296,103631.95118512424,103634.06062321452,1,0.9999796453204902
2004-03-04,46.554665,17.80821,0.0030895575157662077,True,False,8.169887206772766e-05,2.1095197891453634,103957.52110733089,103959.63062712003,1,0.9999797082792964
2004-03-05,47.132462,17.715204,0.0038852313544511003,True,False,8.170203627801092e-05,2.1096014911816416,105247.75365058411,105249.86325207529,1,0.9999799562543267
2004-03-08,47.397064,17.014923,0.003855372130905543,True,False,8.170520061084455e-05,2.1096831963822527,105838.6153397412,105840.72502293758,1,0.9999800673776948
2004-03-09,47.575275,16.932848,0.0038865825204228038,True,False,8.170836506623329e-05,2.109764904747319,106236.56415526933,106238.67392017407,1,0.9999801412722232
2004-03-10,47.569908,16.593639,0.003776370016909,True,False,8.17115296441819e-05,2.1098466162769633,106224.57953426984,106226.68938088612,1,0.9999801382625348
2004-03-11,47.575275,16.38575,0.00368874088120993,True,False,8.171469434469511e-05,2.109928330971308,106236.56415526933,106238.6740836003,1,0.9999801397339606
2004-03-12,47.429512,16.839846,0.0037972514406169485,True,False,8.171785916777767e-05,2.110010048830476,105911.07238878003,105913.18239882885,1,0.9999800779279686
2004-03-15,47.45649,16.311884,0.0037863171267599805,True,False,8.172102411343433e-05,2.1100917698545896,105971.31481570832,105973.42490747817,1,0.9999800884818841
2004-03-16,47.688675,16.495169,0.003867032289436719,True,False,8.172418918166983e-05,2.1101734940437713,106489.78867946194,106491.89885295599,1,0.9999801846570793
2004-03-17,47.656284,16.861727,0.0038780061337530805,True,False,8.172735437248894e-05,2.110255221398144,106417.45891259136,106419.56916781276,1,0.9999801704213059
2004-03-18,47.505093,16.612797,0.0040063380404467075,True,False,8.173051968589639e-05,2.1103369519178297,106079.84631085234,106081.95664780425,1,0.9999801065419738
2004-03-19,47.440266,16.07937,0.0039114900174529905,True,False,8.17336851218969e-05,2.1104186856029514,105935.0862911889,105937.19670987451,1,0.9999800785866423
2004-03-22,47.618515,15.841379,0.00392648904445166,True,False,8.173685068049528e-05,2.110500422453632,106333.11996149586,106335.23046191831,1,0.9999801523877525
2004-03-24,47.656284,16.139555,0.003926232447060003,True,False,8.174001636169625e-05,2.110582162469994,106417.45891259136,106419.56949475383,1,0.9999801673491775
2004-03-25,47.591511,16.746836,0.003968528258776767,True,False,8.174318216550453e-05,2.1106639056521592,106272.81947603467,106274.93013994032,1,0.9999801395879265
2004-03-26,47.289082,16.629208,0.0042741375975198035,True,False,8.174634809192491e-05,2.110745652000251,105597.48932059335,105599.60006624534,1,0.9999800118025951
2004-03-29,47.089287,16.946527,0.004353829428662633,True,False,8.174951414096212e-05,2.110827401514392,105151.3429906898,105153.45381809131,1,0.9999799262190173
2004-03-30,47.105499,16.905491,0.0043514949178489505,True,False,8.175268031262091e-05,2.1109091541947045,105187.54471896327,105189.65562811746,1,0.9999799323503668
2004-03-31,47.278275,16.867199,0.004150936358728389,True,False,8.175584660690603e-05,2.1109909100413113,105573.35706809821,105575.46805900824,1,0.999980004910716
2004-04-01,47.162376,17.206408,0.004199658527639704,True,False,8.175901302382224e-05,2.111072669054335,105314.55222568728,105316.66329835633,1,0.999979954998545
2004-04-02,46.290424,17.780863,0.006003781589745798,True,False,8.176217956337427e-05,2.1111544312338983,103367.4655385727,103369.57669300392,1,0.9999795766365814
2004-04-05,46.062943,17.917639,0.005292806988537403,True,False,8.176534622556687e-05,2.111236196580124,102859.49580323002,102861.6070394266,1,0.9999794749833554
2004-04-06,46.225433,17.534668,0.00517248930323406,True,False,8.176851301040482e-05,2.1113179650931344,103222.33930354798,103224.45062151308,1,0.9999795463385623
2004-04-07,46.230846,17.512785,0.00504978482495238,True,False,8.177167991789283e-05,2.1113997367730524,103234.42664349027,103236.53804322705,1,0.9999795479412928
2004-04-08,46.144169,17.592106,0.00504090391631426,True,False,8.177484694803569e-05,2.1114815116200005,103040.87512599958,103042.9866075112,1,0.9999795087314418
2004-04-12,45.99794,17.622204,0.005038395671760908,True,False,8.177801410083813e-05,2.1115632896341014,102714.34277195936,102716.454335249,1,0.9999794427942115
2004-04-13,45.640476,17.378742,0.005214829774632646,True,False,8.17811813763049e-05,2.1116450708154777,101916.11833354678,101918.2299786176,1,0.9999792809875989
2004-04-14,45.607994,17.206408,0.005190437799188392,True,False,8.178434877444074e-05,2.1117268551642523,101843.58536181111,101845.69708866627,1,0.9999792654288249
2004-04-15,45.542999,16.752304,0.004936648759338716,True,False,8.178751629525042e-05,2.1118086426805474,101698.45019470443,101700.56200334712,1,0.9999792350346833
2004-04-16,45.710907,16.377537,0.005105414519627936,True,False,8.179068393873868e-05,2.111890433364486,102073.39220006714,102075.50409050052,1,0.999979310506941
2004-04-19,45.591736,16.57723,0.005100593011641387,True,False,8.179385170491026e-05,2.111972227216191,101807.28091459486,101809.39288682207,1,0.999979255624974
2004-04-20,45.261372,16.062954,0.005227967957239707,False,False,8.179701959376996e-05,2.1120540242357846,101069.57133161103,101071.68338563528,1,0.9999791034050933
2004-04-21,45.353436,16.495169,0.005135730988864901,True,False,8.180018760532247e-05,2.11213582442339,101275.15213051111,101277.26426633554,1,0.9999791450150265
2004-04-22,45.532143,16.70854,0.005285453191620109,True,False,8.180335573957258e-05,2.1122176277791294,101674.208524205,101676.32074183278,1,0.9999792260615611
2004-04-23,45.342617,16.913706,0.00529707245212311,True,False,8.180652399652503e-05,2.112299434303126,101250.99308177,101253.1053812043,1,0.9999791384231985
2004-04-26,45.337208,16.536207,0.005235605864646913,True,False,8.180969237618457e-05,2.112381243995502,101238.9146739097,101241.0270551537,1,0.9999791351262879
2004-04-27,45.515949,16.279072,0.0053776899940575044,False,False,8.181286087855596e-05,2.1124630568563805,101638.04699030046,101640.15945335731,1,0.9999792162559739
2004-04-28,45.21804,15.937122,0.005460870297441108,False,False,8.181602950364396e-05,2.112544872885884,100972.81008749892,100974.9226323718,1,0.9999790785195194
2004-04-29,45.115173,15.38728,0.005293170366916339,False,False,8.181919825145331e-05,2.1126266920841354,100743.10596818567,100745.21859487776,1,0.9999790300053784
2004-04-30,45.223431,15.127413,0.005397844435203719,False,False,8.182236712198875e-05,2.1127085144512576,100984.84830099028,100986.96100950474,1,0.9999790793930886
2004-05-03,45.2061,15.086378,0.003738335806186991,False,False,8.182553611525508e-05,2.112790339987373,100946.14782278232,100948.26061312231,1,0.9999790705622151
2004-05-04,45.075668,15.38728,0.0036579309787490456,False,False,8.1828705231257e-05,2.112872168692604,100654.89049350993,100657.00336567863,1,0.9999790091886501
2004-05-05,44.972431,15.633482,0.0035003657606020016,False,False,8.183187446999928e-05,2.112954000567074,100424.36015661334,100426.47311061391,1,0.9999789601891302
2004-05-06,44.928986,15.551417,0.0034844208282179367,False,False,8.18350438314867e-05,2.113035835610906,100327.34658118524,100329.45961702085,1,0.9999789390290381
2004-05-07,44.374756,15.682721,0.004264813446450874,False,False,8.183821331572398e-05,2.1131176738242217,99089.73963195004,99091.85274962387,1,0.9999786751623349
2004-05-10,44.363888,15.633482,0.004271037002161651,False,False,8.18413829227159e-05,2.1131995152071443,99065.47116520468,99067.58436471989,1,0.999978669112316
2004-05-11,44.450802,15.893358,0.004104522219550771,False,False,8.184455265246719e-05,2.113281359759797,99259.5519085528,99261.66518991257,1,0.9999787099948835
2004-05-12,44.385632,15.838646,0.004102101283908853,False,False,8.184772250498262e-05,2.1133632074823017,99114.02596285939,99116.13932606687,1,0.99997867791036
2004-05-13,44.24979,15.767518,0.004119860796079336,False,False,8.185089248026695e-05,2.113445058374782,98810.68799270618,98812.80143776456,1,0.999978611626959
2004-05-14,44.472542,15.466616,0.0042173636961605025,False,False,8.18540625783249e-05,2.11352691243736,99308.09777412552,99310.21130103795,1,0.9999787179295588
2004-05-17,44.760521,15.184854,0.004551298849179963,False,False,8.185723279916127e-05,2.1136087696701593,99951.16078340649,99953.27439217616,1,0.9999788540317212
2004-05-18,44.673599,15.524067,0.0043093902759466785,False,False,8.186040314278079e-05,2.113690630073302,99757.06217589443,99759.1758665245,1,0.9999788120680458
2004-05-19,44.467113,15.729227,0.004348304983425078,False,False,8.186357360918822e-05,2.1137724936469113,99295.9747058553,99298.08847834895,1,0.9999787128581624
2004-05-20,44.689907,15.638948,0.004417702494263238,False,False,8.186674419838833e-05,2.1138543603911097,99793.47827413546,99795.59212849585,1,0.9999788181590459
2004-05-21,44.592083,15.70187,0.00436318198190229,False,False,8.186991491038585e-05,2.1139362303060203,99575.03527718116,99577.14921341147,1,0.9999787708701544
2004-05-24,44.624668,15.871469,0.004374636095809653,False,False,8.187308574518556e-05,2.1140181033917655,99647.79825002786,99649.91226813126,1,0.9999787855497784
2004-05-25,44.641014,16.254446,0.0042424779536998835,False,False,8.18762567027922e-05,2.1140999796484685,99684.29920304772,99686.41330302737,1,0.9999787924962932
2004-05-26,44.863728,16.314629,0.004226246123677918,False,False,8.187942778321054e-05,2.114181859076252,100181.62412968822,100183.73831154729,1,0.9999788969557865
2004-05-27,45.108292,16.57723,0.004393913035983816,False,False,8.188259898644532e-05,2.1142637416752383,100727.74055415596,100729.85481789763,1,0.9999790105550583
2004-05-28,44.983288,16.692127,0.00439714823889733,True,False,8.18857703125013e-05,2.1143456274455508,100448.60406013328,100450.71840576072,1,0.9999789514135787
2004-06-01,44.759247,16.549889,0.0045226302861645215,False,False,8.188894176138325e-05,2.114427516387312,99948.31591529521,99950.4303428116,1,0.9999788452384935
2004-06-02,44.682911,16.32283,0.004497361995834678,False,False,8.189211333309591e-05,2.1145094085006453,99777.85606274875,99779.97057215725,1,0.99997880827789
2004-06-03,44.75378,15.865994,0.004496751946992436,False,False,8.189528502764405e-05,2.114591303785673,99936.10799224616,99938.22258354996,1,0.9999788410154881
2004-06-04,44.568424,16.147758,0.004579283996401922,False,False,8.189845684503243e-05,2.114673202242518,99522.20424527752,99524.31891847977,1,0.9999787521961946
2004-06-07,44.633823,16.714014,0.0036132878489035453,True,False,8.19016287852658e-05,2.1147551038713033,99668.24155266439,99670.35630776826,1,0.9999787825068334
2004-06-08,44.62294,16.714014,0.0036132793801034514,True,False,8.19048008483489e-05,2.1148370086721515,99643.93959061158,99646.05442762026,1,0.9999787765103112
2004-06-09,44.492115,16.164177,0.003659894887339907,False,False,8.190797303428653e-05,2.114918916645186,99351.80468428445,99353.9196032011,1,0.9999787132815183
2004-06-10,44.54113,16.205202,0.003649030618360179,False,False,8.19111453430834e-05,2.115000827790529,99461.25618387264,99463.37118470043,1,0.9999787358823394
2004-06-14,44.323093,15.800353,0.0037567685036328817,False,False,8.19143177747443e-05,2.1150827421083034,98974.37509408972,98976.49017683182,1,0.9999786304531679
2004-06-15,44.911873,15.93439,0.004658825082036734,False,False,8.191749032927399e-05,2.1151646595986326,100289.13290144531,100291.2480661049,1,0.999978909778267
2004-06-16,44.81374,15.874205,0.00447374123026826,False,False,8.192066300667722e-05,2.115246580261639,100069.99990115789,100072.11514773815,1,0.9999788627773367
2004-06-17,44.939137,15.368139,0.004487508303888667,False,False,8.192383580695874e-05,2.115328504097446,100350.01397223532,100352.12930073941,1,0.9999789209405039
2004-06-18,44.846466,15.302477,0.00437434518443012,False,False,8.192700873012332e-05,2.115410431106176,100143.07772989446,100145.19314032556,1,0.9999788765654669
2004-06-21,44.917324,15.168444,0.004251299915372621,False,False,8.193018177617572e-05,2.115492361287952,100301.30509616641,100303.4205885277,1,0.9999789090706092
2004-06-22,44.857388,15.630746,0.004229639576493811,False,False,8.19333549451207e-05,2.1155742946428973,100167.4667797466,100169.58235404124,1,0.9999788800727234
2004-06-23,44.922783,15.989102,0.004236673045405611,False,False,8.193652823696302e-05,2.115656231171134,100313.4951550515,100315.61081128266,1,0.9999789100000084
2004-06-24,45.09724,15.86327,0.004310176197096735,False,False,8.193970165170744e-05,2.115738170872786,100703.0612116394,100705.17694981028,1,0.9999789907705348
2004-06-25,45.119026,15.959002,0.004180159940767567,False,False,8.194287518935871e-05,2.1158201137479753,100751.70979615493,100753.82561626867,1,0.999979000101477
2004-06-28,44.786518,15.772994,0.004329865248087805,False,False,8.19460488499216e-05,2.115902059796825,100009.21261722868,100011.32851928848,1,0.9999788433761342
2004-06-29,44.99913,16.076639,0.004433675338679194,False,False,8.194922263340086e-05,2.1159840090194586,100483.97957082339,100486.09555483241,1,0.999978942519387
2004-06-30,45.277164,16.207937,0.004471498266994161,False,False,8.195239653980127e-05,2.1160659614159982,101104.83519127636,101106.95125723777,1,0.9999790710140589
2004-07-01,45.366337,15.608857,0.004448221287866449,False,False,8.195557056912757e-05,2.1161479169865673,101303.96032792388,101306.07647584086,1,0.9999791113426697
2004-07-02,45.754696,15.316164,0.0047746817178692695,False,False,8.195874472138453e-05,2.1162298757312885,102171.17393454573,102173.29016442146,1,0.9999792878366516
2004-07-06,45.667137,14.676058,0.0046702059504044385,False,False,8.19619189965769e-05,2.116311837650285,101975.65289297799,101977.76920481565,1,0.999979247321704
2004-07-07,45.689007,14.881218,0.004672658484160798,False,False,8.196509339470948e-05,2.11639380274368,102024.48905121513,102026.60544501788,1,0.9999792564518488
2004-07-08,45.694489,14.7335,0.00466757677480982,False,False,8.196826791578698e-05,2.116475771011596,102036.7304695716,102038.84694534261,1,0.9999792581371275
2004-07-09,45.771061,14.952337,0.004565999965767623,False,False,8.19714425598142e-05,2.1165577424541557,102207.717314955,102209.83387269746,1,0.9999792920342176
2004-07-12,45.82576,14.596725,0.004565707841861099,False,False,8.197461732679588e-05,2.1166397170714824,102329.86130303977,102331.97794275684,1,0.9999793159503058
2004-07-13,45.727295,14.621341,0.004403333280099608,False,False,8.19777922167368e-05,2.116721694863699,102109.98693994782,102112.10366164269,1,0.9999792706092719
2004-07-14,45.705441,14.019526,0.0034624482858324475,False,False,8.19809672296417e-05,2.1168036758309285,102061.1865100386,102063.30331371444,1,0.9999792598945252
2004-07-15,45.683598,14.025002,0.0034034508908383906,False,False,8.198414236551534e-05,2.116885659973294,102012.41064335484,102014.52752901481,1,0.9999792491744927
2004-07-16,46.126614,13.699468,0.00390602459469157,False,False,8.198731762436252e-05,2.1169676472909185,103001.67445120063,103003.79141884792,1,0.9999794476725746
2004-07-19,46.1157,13.78974,0.00384396060495781,False,False,8.199049300618796e-05,2.1170496377839245,102977.30326551246,102979.42031515024,1,0.9999794420124787
2004-07-20,45.814812,14.128942,0.004233183183883856,False,False,8.199366851099645e-05,2.1171316314524353,102305.41419465475,102307.5313262862,1,0.999979306199612
2004-07-21,45.7164,13.505249,0.004260574547683659,False,False,8.199684413879275e-05,2.1172136282965743,102085.65818164908,102087.77539527738,1,0.9999792608505759
2004-07-22,45.771061,13.882752,0.004259332402197691,False,False,8.200001988958163e-05,2.117295628316464,102207.717314955,102209.83461058332,1,0.9999792848150437
2004-07-23,45.880444,13.434122,0.00421803990021434,False,False,8.200319576336783e-05,2.1173776315122277,102451.97179581708,102454.08917344859,1,0.9999793334004665
2004-07-26,45.721863,13.313768,0.004327482434712504,False,False,8.200637176015613e-05,2.117459637883988,102097.85717261613,102099.97463225402,1,0.9999792609190599
2004-07-27,45.399139,13.384883,0.00429721881901076,False,False,8.20095478799513e-05,2.117541647431868,101377.2078662181,101379.32540786553,1,0.9999791126875336
2004-07-28,45.470222,13.32197,0.004196988672870872,False,False,8.201272412275808e-05,2.1176236601559904,101535.93766210155,101538.05528576171,1,0.999979144532026
2004-07-29,45.514015,13.70494,0.003985018156361493,False,False,8.201590048858122e-05,2.1177056760564787,101633.72832866211,101635.84603433816,1,0.9999791637915295
2004-07-30,45.82576,13.866337,0.0042347925747802774,False,False,8.201907697742553e-05,2.117787695133456,102329.86130303977,102331.97909073491,1,0.9999793047323626
2004-08-02,45.871338,13.874535,0.0037962338304013033,False,False,8.202225358929577e-05,2.117869717387045,102431.63791118484,102433.75578090223,1,0.9999793244941451
2004-08-03,45.981045,13.390358,0.0037963369495873133,False,False,8.202543032419669e-05,2.117951742817369,102676.61589068746,102678.73384243029,1,0.9999793730243491
2004-08-04,45.953651,13.518923,0.0038019087751547656,False,False,8.202860718213304e-05,2.1180337714245514,102615.44452723303,102617.56256100445,1,0.9999793599290554
2004-08-05,46.090839,13.32197,0.0038487559010051756,False,False,8.203178416310962e-05,2.1181158032087146,102921.78814297321,102923.90625877642,1,0.9999794205653457
2004-08-06,46.721893,12.845985,0.004845819570863464,False,False,8.20349612671312e-05,2.1181978381699818,104330.94465875665,104333.06285659481,1,0.9999796977316665
2004-08-09,46.568249,12.843256,0.004940709888649666,False,False,8.203813849420248e-05,2.118279876308476,103987.85445774211,103989.97273761842,1,0.9999796299602689
2004-08-10,46.37619,13.026534,0.005022285040775307,False,False,8.204131584432828e-05,2.1183619176243202,103558.98277439194,103561.10113630957,1,0.9999795448107988
2004-08-11,46.53532,12.421982,0.005049681689781567,False,False,8.204449331751337e-05,2.1184439621176376,103914.32332584493,103916.44176980705,1,0.999979613967472
2004-08-12,46.595699,12.101927,0.005039780436642255,False,False,8.204767091376249e-05,2.1185260097885514,104049.1508703443,104051.26939635408,1,0.9999796395947683
2004-08-13,46.67799,12.145698,0.004617160051321866,False,False,8.205084863308042e-05,2.1186080606371847,104232.90835994159,104235.02696800223,1,0.9999796747012759
2004-08-16,46.628624,12.307092,0.004628579827936154,False,False,8.205402647547193e-05,2.1186901146636603,104122.67307015948,104124.79176027414,1,0.9999796523951804
2004-08-18,46.694466,12.993705,0.004317802298738794,False,False,8.205720444094179e-05,2.1187721718681014,104269.69960562586,104271.81837779774,1,0.9999796802990027
2004-08-19,46.809708,12.881551,0.004266357980371285,False,False,8.206038252949474e-05,2.118854232250631,104527.03735357124,104529.15620780349,1,0.9999797295385411
2004-08-20,46.7164,12.969086,0.004325072181285715,False,False,8.206356074113556e-05,2.118936295811372,104318.67867717473,104320.79761347054,1,0.9999796882659615
2004-08-23,46.557281,13.100389,0.0044220472034864995,False,False,8.206673907586902e-05,2.119018362550448,103963.36268894719,103965.48170730974,1,0.999979618058535
2004-08-24,46.601166,12.815897,0.00431042120853397,False,False,8.20699175336999e-05,2.119100432467982,104061.35879339332,104063.47789382578,1,0.9999796364634802
2004-08-25,46.606667,12.949939,0.0038834497533168258,False,False,8.207309611463296e-05,2.1191825055640967,104073.64263913922,104075.76182164477,1,0.9999796380783723
2004-08-26,46.809708,12.826841,0.003942347692905708,False,False,8.207627481867296e-05,2.1192645818389155,104527.03735357124,104529.15661815308,1,0.9999797256129256
2004-08-27,46.754841,12.925322,0.003984976294274134,False,False,8.207945364582468e-05,2.1193466612925613,104404.51821804323,104406.63756470452,1,0.9999797010351954
2004-08-30,46.919476,12.646295,0.003810226100506398,False,False,8.208263259609286e-05,2.1194287439251576,104772.1515473241,104774.27097606803,1,0.9999797714770603
2004-08-31,47.122517,12.512253,0.003873688490292855,False,False,8.20858116694823e-05,2.1195108297368273,105225.54626175613,105227.66577258587,1,0.9999798578556868
2004-09-01,47.114803,12.673651,0.0038795514481434444,False,False,8.208899086599778e-05,2.1195929187276934,105208.32074165365,105210.44033457237,1,0.9999798537777052
2004-09-02,46.861557,12.758451,0.00413704251287412,False,False,8.209217018564402e-05,2.119675010897879,104642.81723324374,104644.93690825463,1,0.9999797441226158
2004-09-03,46.734997,12.159374,0.004187210417529031,False,False,8.20953496284258e-05,2.1197571062475076,104360.20615933002,104362.32591643627,1,0.9999796884834864
2004-09-07,46.762489,12.052688,0.0028849727393501882,False,False,8.209852919434793e-05,2.119839204776702,104421.59635879302,104423.7161979978,1,0.9999796996383392
2004-09-08,47.032227,11.99798,0.0030391622158508027,False,False,8.210170888341514e-05,2.1199213064855855,105023.92684121511,105026.0467625216,1,0.999979815280382
2004-09-09,46.949657,12.665445,0.0028915845477226936,False,False,8.210488869563222e-05,2.120003411374281,104839.54633889956,104841.66634231093,1,0.9999797789992726
2004-09-10,47.043217,13.138689,0.00283543328275793,False,False,8.210806863100391e-05,2.120085519442912,105048.46773646094,105050.58782198039,1,0.9999798184325913
2004-09-13,47.158852,13.401299,0.0028633377178347978,False,False,8.2111248689535e-05,2.1201676306916015,105306.68306146105,105308.80322909175,1,0.9999798671377351
2004-09-14,47.169834,13.436859,0.0028510279665887634,False,False,8.21144288712303e-05,2.1202497451204727,105331.20609254291,105333.32634228803,1,0.9999798710453877
2004-09-15,47.120289,13.040208,0.0028508169343331464,False,False,8.211760917609451e-05,2.120331862729649,105220.57109209208,105222.6914239548,1,0.9999798491006642
2004-09-16,47.37907,13.053888,0.0030550223596171435,False,False,8.212078960413244e-05,2.120413983519253,105798.43436894471,105800.55478292823,1,0.9999799583850211
2004-09-17,47.213894,13.275467,0.0031651634537597484,False,False,8.212397015534885e-05,2.120496107489408,105429.59297557578,105431.71347168327,1,0.999979887492694
2004-09-20,47.483635,13.661176,0.0033185947416993046,False,False,8.212715082974852e-05,2.120578234640238,106031.93015705935,106034.05073529399,1,0.9999800009693119
2004-09-21,47.516567,13.817095,0.0031669196069936748,False,False,8.213033162733622e-05,2.120660364971865,106105.467988018,106107.58864838298,1,0.9999800140556204
2004-09-22,47.709301,13.420448,0.0032382567116337065,False,False,8.213351254811671e-05,2.120742498484413,106535.84696020266,106537.96770270115,1,0.9999800940214628
2004-09-23,47.54417,13.472424,0.003395277062041338,False,False,8.213669359209474e-05,2.120824635178005,106167.106052756,106169.22687739118,1,0.9999800241115289
2004-09-24,47.538662,13.144161,0.003308993234867783,False,False,8.213987475927513e-05,2.1209067750527644,106154.80657586665,106156.9274826417,1,0.9999800210233535
2004-09-27,47.67078,12.955405,0.003304588896822196,False,False,8.214305604966264e-05,2.120988918108814,106449.8287776945,106451.94976661261,1,0.9999800756216983
2004-09-28,47.621235,12.810425,0.003276801111896702,False,False,8.214623746326201e-05,2.1210710643462773,106339.19377724368,106341.31484830803,1,0.9999800541203823
2004-09-29,47.323978,12.999172,0.0035145092469288167,False,False,8.214941900007806e-05,2.1211532137652775,105675.4128038052,105677.53395701897,1,0.9999799280591215
2004-09-30,47.274441,13.135952,0.0035250360724434506,False,False,8.215260066011553e-05,2.1212353663659376,105564.79566751837,105566.91690288474,1,0.99997990624877
2004-10-01,47.085052,13.748709,0.003422819447689379,False,False,8.215578244337919e-05,2.121317522148381,105141.88614889125,105144.0074664134,1,0.9999798246464704
2004-10-04,47.101601,13.899162,0.0033520394634840313,False,False,8.215896434987381e-05,2.121399681112731,105178.8404050717,105180.96180475282,1,0.9999798309537704
2004-10-05,47.101601,13.852656,0.0033527960150387245,False,False,8.21621463796042e-05,2.1214818432591107,105178.8404050717,105180.96188691497,1,0.9999798301726358
2004-10-06,46.947037,13.915574,0.003193344766627173,False,False,8.21653285325751e-05,2.1215640085876433,104833.69582520128,104835.81738920987,1,0.9999797629850044
2004-10-07,46.864201,13.814363,0.003193588927522778,False,False,8.216851080879128e-05,2.121646177098452,104648.72133943392,104650.84298561102,1,0.9999797264301312
2004-10-08,47.261734,13.362999,0.0037010660234510144,False,False,8.217169320825753e-05,2.1217283487916605,105536.4206760817,105538.5424044305,1,0.9999798961753644
2004-10-11,47.33902,13.387619,0.0036795969622645777,False,False,8.217487573097861e-05,2.1218105236673916,105709.00189809891,105711.12370862257,1,0.9999799282190065
2004-10-12,47.33902,13.193401,0.0036798248125253074,False,False,8.217805837695931e-05,2.1218927017257685,105709.00189809891,105711.12379080064,1,0.9999799274416387
2004-10-13,47.510197,13.398562,0.0037448236799841697,False,False,8.218124114620438e-05,2.1219748829669145,106091.24364746151,106093.36562234447,1,0.9999799989860769
2004-10-14,47.675842,13.007385,0.003627478726568307,False,False,8.21844240387186e-05,2.122057067390953,106461.13232744286,106463.25438451025,1,0.9999800677043017
2004-10-15,47.515743,13.032006,0.003620485433801546,False,False,8.218760705450676e-05,2.122139254998008,106103.6279791297,106105.75011838469,1,0.9999799997714297
2004-10-18,47.587494,13.122273,0.0034079193715984024,False,False,8.219079019357366e-05,2.1222214457882016,106263.84943270416,106265.97165414994,1,0.9999800291531452
2004-10-19,47.570923,13.267259,0.0034064824645210117,False,False,8.219397345592401e-05,2.1223036397616575,106226.8460500728,106228.96835371255,1,0.9999800214228506
2004-10-20,47.786179,13.379416,0.00343673003852924,False,False,8.219715684156263e-05,2.122385836918499,106707.51710985767,106709.63949569459,1,0.9999801106456085
2004-10-21,47.719975,13.803424,0.0033541824004034637,False,False,8.220034035049425e-05,2.1224680372588494,106559.68222097188,106561.80468900914,1,0.9999800822814192
2004-10-22,47.852489,13.335645,0.003402422730039533,False,False,8.22035239827237e-05,2.1225502407828323,106855.58869891598,106857.71124915675,1,0.9999801366675745
2004-10-25,47.907688,13.445065,0.0033601047027301575,False,False,8.220670773825574e-05,2.1226324474905707,106978.84919724849,106980.97182969598,1,0.9999801587851449
2004-10-26,47.824921,13.349325,0.0033774974962273467,False,False,8.220989161709514e-05,2.1227146573821876,106794.02878989532,106796.1515045527,1,0.9999801236783585
2004-10-27,47.532242,13.847186,0.0033651692010898374,False,False,8.221307561924664e-05,2.122796870457807,106140.47058428536,106142.59338115582,1,0.9999800005181442
2004-10-28,47.604053,13.93746,0.0033630764153013215,False,False,8.221625974471508e-05,2.1228790867175515,106300.82601908957,106302.94889817628,1,0.999980029913481
2004-10-29,47.742092,13.915574,0.0032442455461349114,False,False,8.221944399350518e-05,2.122961306161545,106609.06993527143,106611.19289657759,1,0.9999800868816071
2004-11-01,47.506702,13.967553,0.0034809162249721894,False,False,8.222262836562176e-05,2.1230435287899105,106083.43924082964,106085.56228435843,1,0.9999799874414287
2004-11-02,47.622986,13.907368,0.003507909082567175,False,False,8.222581286106957e-05,2.1231257546027718,106343.10379613134,106345.22692188594,1,0.9999800355331776
2004-11-03,47.606411,13.803424,0.003398556723878641,False,False,8.22289974798534e-05,2.1232079836002518,106306.09148141801,106308.21468940162,1,0.9999800278088593
2004-11-04,47.578709,13.890953,0.0033635208611557323,False,False,8.223218222197802e-05,2.1232902157824736,106244.23234765096,106246.35563786674,1,0.9999800154066176
2004-11-05,47.224232,14.112537,0.003332001365430316,False,False,8.22353670874482e-05,2.123372451149561,105452.67794145852,105454.80131390967,1,0.9999798646204374
2004-11-08,47.157841,14.118001,0.0033209716944420614,False,False,8.223855207626873e-05,2.1234546897016373,105304.42547774006,105306.54893242977,1,0.9999798354925574
2004-11-09,47.168865,14.014056,0.003322093033786764,False,False,8.224173718844439e-05,2.1235369314388257,105329.04229568274,105331.16583261418,1,0.9999798394244035
2004-11-10,47.074745,13.806156,0.00322049590470141,False,False,8.224492242397994e-05,2.1236191763612497,105118.87040664387,105120.99402582023,1,0.9999797983343286
2004-11-11,47.063671,14.087913,0.003085538780300446,False,False,8.224810778288016e-05,2.1237014244690324,105094.14193767641,105096.26563910088,1,0.9999797927984257
2004-11-12,47.240849,14.342317,0.00316529444314714,False,False,8.225129326514984e-05,2.1237836757622977,105489.78404303266,105491.90782670843,1,0.9999798678048438
2004-11-15,47.26302,14.566633,0.0031426501324584946,False,False,8.225447887079377e-05,2.1238659302411684,105539.29234043896,105541.4162063692,1,0.9999798764692897
2004-11-16,47.2132,14.473623,0.0031466900798070487,False,False,8.22576645998167e-05,2.1239481879057682,105428.04325935188,105430.16720753978,1,0.9999798544549046
2004-11-17,47.462395,14.859324,0.0032118040746758874,False,False,8.226085045222342e-05,2.1240304487562205,105984.5008017344,105986.62483218315,1,0.9999799594481651
2004-11-18,47.501202,15.053553,0.003211815099313896,False,False,8.226403642801872e-05,2.1241127127926487,106071.15762810425,106073.28174081704,1,0.9999799750448187
2004-11-19,47.240849,14.604931,0.0033348043977360587,False,False,8.226722252720736e-05,2.124194980015176,105489.78404303266,105491.90823801268,1,0.9999798639060048
2004-11-22,47.274101,14.656898,0.0033235643836951666,False,False,8.227040874979413e-05,2.124277250423926,105564.03644054988,105566.1607178003,1,0.9999798772898818
2004-11-23,47.229805,14.552949,0.0033149351063234207,False,False,8.22735950957838e-05,2.1243595240190216,105465.12256468007,105467.2469242041,1,0.9999798576374564
2004-11-24,47.296261,14.673314,0.003075222320487458,False,False,8.227678156518117e-05,2.1244418008005868,105613.52017473073,105615.64461653153,1,0.9999798851599258
2004-11-26,47.124561,14.58851,0.0031350746112693935,False,False,8.2279968157991e-05,2.1245240807687447,105230.11055564898,105232.23507972974,1,0.9999798110904026
2004-11-29,46.842152,14.555688,0.0032566426717179093,False,False,8.228315487421806e-05,2.124606363923619,104599.48547052807,104601.610076892,1,0.9999796885883271
2004-11-30,46.797802,14.361466,0.003118546492880018,False,False,8.228634171386715e-05,2.1246886502653326,104500.4510115515,104502.57570020176,1,0.9999796685523201
2004-12-01,46.782257,14.963283,0.003029280381207808,False,False,8.228952867694306e-05,2.1247709397940095,104465.73870794856,104467.86347888836,1,0.9999796610089549
2004-12-02,46.676731,14.837441,0.00304136423036665,False,False,8.229271576345055e-05,2.124853232509773,104230.09698713772,104232.22184037023,1,0.9999796142383325
2004-12-03,47.143368,15.127413,0.0039040184561047794,True,False,8.22959029733944e-05,2.1249355284127467,105272.10697210833,105274.23190763674,1,0.9999798152359803
2004-12-06,47.232269,15.223155,0.0035647002654672797,True,False,8.229909030677941e-05,2.1250178275030533,105470.62472718106,105472.74974500856,1,0.9999798524468866
2004-12-07,47.226711,14.922238,0.003549382737123891,True,False,8.230227776361033e-05,2.125100129780817,105458.21359926692,105460.3386993967,1,0.9999798492954225
2004-12-08,47.576691,14.667844,0.003908315841344476,False,False,8.230546534389197e-05,2.125182435246161,106239.72611229098,106241.85129472624,1,0.9999799967488391
2004-12-09,47.465557,14.4873,0.0039201995262814855,False,False,8.230865304762911e-05,2.1252647438992085,105991.56161254123,105993.68687728513,1,0.9999799491384204
2004-12-10,47.537807,14.328637,0.003924572771598374,False,False,8.231184087482651e-05,2.1253470557400833,106152.89734334298,106155.02269039872,1,0.9999799788365932
2004-12-13,47.571129,14.457209,0.0038498922670321335,False,False,8.231502882548895e-05,2.125429370768909,106227.30605229488,106229.43148166566,1,0.9999799920856101
2004-12-14,47.654469,14.695202,0.0038626464443569266,False,False,8.231821689962125e-05,2.1255116889858083,106413.40598039198,106415.53149208096,1,0.9999800263019958
2004-12-16,47.460018,14.558415,0.003981066288849581,False,False,8.232140509722816e-05,2.1255940103909055,105979.19291201652,105981.3185060269,1,0.999979943691583
2004-12-17,47.398907,14.421646,0.003813735529595113,False,False,8.232459341831445e-05,2.1256763349843237,105842.73079651446,105844.85647284944,1,0.9999799170559079
2004-12-20,47.454491,14.257514,0.003818885055748796,False,False,8.232778186288493e-05,2.1257586627661866,105966.85100773774,105968.9767664005,1,0.9999799398019342
2004-12-21,47.521152,14.454469,0.003606690914345102,False,False,8.233097043094439e-05,2.1258409937366176,106115.70638698999,106117.83222798373,1,0.9999799671652811
2004-12-22,47.471142,14.525599,0.0036176076786713623,False,False,8.233415912249758e-05,2.12592332789574,106004.03303200875,106006.15895533665,1,0.9999799452847943
2004-12-23,47.410023,14.558415,0.0036242995731916496,False,False,8.233734793754932e-05,2.1260056652436776,105867.55305234273,105869.67905800797,1,0.9999799186539134
2004-12-27,47.21006,14.476355,0.0037418106027791373,False,False,8.234053687610437e-05,2.1260880057805536,105421.03157499593,105423.15766300171,1,0.9999798328180173
2004-12-28,47.204468,14.500978,0.0036478656293899713,False,False,8.234372593816748e-05,2.126170349506492,105408.54452438494,105410.67069473445,1,0.9999798296478384
2004-12-29,47.110012,14.637753,0.003396833690460556,False,False,8.234691512374351e-05,2.1262526964216155,105197.62234045957,105199.748593156,1,0.9999797884241658
2004-12-30,47.287807,14.697935,0.00346960027600868,True,False,8.235010443283718e-05,2.1263350465260484,105594.64221946156,105596.76855450809,1,0.9999798636352643
2004-12-31,47.344082,14.717079,0.003466591632227216,True,False,8.235329386545332e-05,2.126417399819914,105720.30544784726,105722.43186524708,1,0.9999798867906999
2005-01-03,47.438843,14.470881,0.0034123394766095326,False,False,0.00020251594283999185,2.126619915762754,105931.90870302377,105934.03532293954,1,0.9999799250551602
2005-01-04,47.143433,14.033201,0.0030298384845758794,False,False,0.00020253523007264323,2.1268224509928264,105272.25211844053,105274.37894089153,1,0.9999797973403178
2005-01-05,47.221481,13.81162,0.003022745334637052,False,False,0.00020255451914217394,2.1270250055119684,105446.53490207532,105448.66192708083,1,0.9999798288099001
2005-01-06,47.26606,13.745976,0.0030300881400082817,False,False,0.0002025738100487589,2.127227579322017,105546.08072274536,105548.20795032468,1,0.9999798459147661
2005-01-07,47.227036,13.814363,0.00249135613723136,False,False,0.00020259310279257308,2.1274301724248095,105458.93933092797,105461.06676110039,1,0.9999798273406694
2005-01-10,47.221481,13.814363,0.0024480560126590675,False,False,0.00020261239737379141,2.1276327848221834,105446.53490207532,105448.66253486014,1,0.9999798230462704
2005-01-11,47.316257,13.49704,0.0024688711341681064,False,False,0.0002026316937925889,2.127835416515976,105658.17165255926,105660.29948797578,1,0.9999798615428234
2005-01-12,47.388702,13.683054,0.0024922381294995993,False,False,0.0002026509920491406,2.128038067508025,105819.94282235763,105822.07086042513,1,0.9999798904136897
2005-01-13,47.578175,13.55175,0.002630611710054831,False,False,0.00020267029214362142,2.128240737800169,106243.03991470636,106245.16815544416,1,0.9999799685879861
2005-01-14,47.550293,13.70494,0.002460803460426592,False,False,0.00020268959407620656,2.128443427394245,106180.77883725011,106182.90728067751,1,0.9999799549335961
2005-01-18,47.5336,13.817095,0.00244192137192652,False,False,0.00020270889784707098,2.128646136292092,106143.5030261183,106145.63167225459,1,0.9999799459845614
2005-01-19,47.561443,13.447804,0.0024324035931974305,False,False,0.00020272820345638976,2.1288488644955486,106205.6770157752,106207.8058646397,1,0.9999799558154209
2005-01-20,47.645061,13.32197,0.0024435145230242016,False,False,0.000202747510904338,2.129051612006453,106392.39772357007,106394.52677518208,1,0.9999799890870655
2005-01-21,47.739799,13.18519,0.0024605136813196926,False,False,0.00020276682019109077,2.1292543788266443,106603.94961927518,106606.07887365401,1,0.9999800268952641
2005-01-24,47.734196,12.892488,0.002434975804596708,False,False,0.0002027861313168233,2.129457164957961,106591.43800543876,106593.56746260372,1,0.9999800226484988
2005-01-25,47.555882,13.108599,0.0023891589654187815,False,False,0.00020280544428171056,2.1296599704022428,106193.2591887996,106195.38884877,1,0.9999799458338682
2005-01-26,47.567024,13.453271,0.0023867035764257604,False,False,0.0002028247590859279,2.1298627951613285,106218.13950316075,106220.26936595592,1,0.999979948621785
2005-01-27,47.494553,13.600995,0.002363829291999809,False,False,0.00020284407572965032,2.130065639237058,106056.3102748295,106058.44034046875,1,0.999979916113867
2005-01-28,47.739799,13.46695,0.002484502907639911,False,False,0.00020286339421305314,2.1302685026312713,106603.94961927518,106606.07988777781,1,0.9999800173826402
2005-01-31,47.756489,13.633819,0.0024788963123936057,False,False,0.00020288271453631156,2.1304713853458077,106641.21873134552,106643.34920273087,1,0.9999800224636485
2005-02-01,47.723537,13.800684,0.002462380328317739,False,False,0.00020290203669960075,2.1306742873825075,106567.63623997696,106569.76691426434,1,0.9999800067659986
2005-02-02,47.729115,13.800684,0.0019244119945251075,False,False,0.00020292136070309598,2.1308772087432106,106580.09202830099,106582.22290550974,1,0.9999800071986616
2005-02-03,47.650867,13.606464,0.001971441740541319,False,False,0.00020294068654697244,2.1310801494297578,106405.3626405671,106407.49372071652,1,0.9999799724617608
2005-02-04,47.896828,14.180915,0.00223337177769656,False,False,0.00020296001423140552,2.1312831094439892,106954.59859466708,106956.72987777652,1,0.9999800734080794
2005-02-07,47.991802,14.142618,0.002223059955696334,False,False,0.0002029793437565704,2.131486088787746,107166.67748320915,107168.80896929794,1,0.9999801109473055
2005-02-08,48.03661,14.427114,0.002212544529978202,True,False,0.00020299867512264247,2.1316890874628687,107266.73466557266,107268.86635466012,1,0.9999801276068266
2005-02-09,48.271397,14.07697,0.0023779626569090887,False,False,0.00020301800832979702,2.1318921054711986,107791.01884865564,107793.15074076112,1,0.9999802223787798
2005-02-10,47.969475,14.164508,0.002874731422365945,False,False,0.0002030373433782094,2.1320951428145767,107116.82083460555,107118.95292974837,1,0.9999800960046331
2005-02-11,47.907963,14.613133,0.0027888367866157797,True,False,0.00020305668026805496,2.1322981994948447,106979.46327788477,106981.59557608426,1,0.9999800685511558
2005-02-14,47.969475,14.656898,0.002787296741100391,True,False,0.00020307601899950906,2.132501275513844,107116.82083460555,107118.95333588106,1,0.9999800922132909
2005-02-15,47.896828,14.738968,0.0028166741504115013,True,False,0.00020309535957274707,2.132704370873417,106954.59859466708,106956.73129903796,1,0.9999800601201535
2005-02-16,47.723537,14.629544,0.002954503038645368,True,False,0.00020311470198794445,2.1329074855754047,106567.63623997696,106569.76914746253,1,0.9999799858111486
2005-02-17,47.617329,14.410698,0.0029761581530972255,True,False,0.00020313404624527662,2.13311061962165,106330.47159918815,106332.60470980777,1,0.9999799392611002
2005-02-18,47.376942,14.399761,0.0031377822237570654,True,False,0.00020315339234491903,2.133313773013995,105793.68250133023,105795.81581510324,1,0.9999798355562876
2005-02-22,47.382526,14.372407,0.0031392648257897917,True,False,0.00020317274028704716,2.1335169457542817,105806.15168777725,105808.28520472301,1,0.9999798360124481
2005-02-23,47.421661,14.31496,0.0030457399778175093,True,False,0.00020319209007183637,2.1337201378443535,105893.54094486964,105895.6746650075,1,0.9999798507338038
2005-02-24,47.343418,14.624078,0.003062638474468303,True,False,0.00020321144169946223,2.133923349286053,105718.82272223823,105720.95664558752,1,0.9999798155122976
2005-02-25,47.410465,14.883952,0.003068056358683748,True,False,0.0002032307951701003,2.1341265800812232,105868.54004740175,105870.67417398184,1,0.9999798421366753
2005-02-28,47.102993,14.706136,0.003127080904274255,True,False,0.00020325015048392603,2.134329830231707,105181.94876960147,105184.08309943171,1,0.9999797086235166
2005-03-01,47.103542,15.031664,0.0031221835149500793,True,False,0.00020326950764111497,2.134533099739348,105183.17469785351,105185.30923095325,1,0.999979706927561
2005-03-02,47.097996,14.815564,0.0031247884162005912,True,False,0.00020328886664184266,2.13473638860599,105170.79036618533,105172.92510257394,1,0.9999797026051475
2005-03-03,47.069946,14.615869,0.0031195256252651033,True,False,0.00020330822748628477,2.134939696833476,105108.15414128585,105110.28908098268,1,0.9999796885755382
2005-03-04,47.282928,14.613133,0.0033186280945564904,True,False,0.00020332759017461675,2.1351430244236504,105583.74731246388,105585.8824554883,1,0.9999797781391341
2005-03-07,47.294174,14.856598,0.0030589841994941706,True,False,0.00020334695470701432,2.1353463713783576,105608.85986095657,105610.99520732794,1,0.9999797810221637
2005-03-08,47.069946,14.632282,0.00312594310739727,True,False,0.00020336632108365312,2.1355497376994412,105108.15414128585,105110.28969102354,1,0.9999796827718392
2005-03-09,46.71117,14.542012,0.0034258816086560765,True,False,0.0002033856893047087,2.135753123388746,104306.99997998314,104309.13573310654,1,0.9999795247740442
2005-03-10,46.795265,14.7335,0.0031902468993624147,True,False,0.00020340505937035676,2.1359565284481166,104494.78583855437,104496.92179508282,1,0.9999795596225061
2005-03-11,46.599064,14.405231,0.0030597942837977603,True,False,0.000203424431280773,2.1361599528793973,104056.66498431172,104058.8011442646,1,0.9999794716071165
2005-03-14,46.71117,14.427114,0.003179011327855281,True,False,0.00020344380503613312,2.1363633966844335,104306.99997998314,104309.13634337983,1,0.9999795189235423
2005-03-15,46.621475,14.175447,0.003124114202700359,True,False,0.00020346318063661274,2.13656685986507,104106.70920663695,104108.84577349681,1,0.9999794775665412
2005-03-16,46.727982,14.035934,0.0032318718724638155,False,False,0.00020348255808238762,2.1367703424231523,104344.5415205539,104346.67829089632,1,0.999979522392304
2005-03-17,46.907372,14.066029,0.0033689049067629736,False,False,0.00020350193737363358,2.136973844360526,104745.12306724626,104747.26004109062,1,0.9999795987614042
2005-03-18,46.789642,13.885484,0.0033755815601273936,False,False,0.0002035213185105263,2.1371773656790367,104482.22956430801,104484.36674167369,1,0.999979545481948
2005-03-21,46.733624,13.929254,0.0032309739166410997,False,False,0.0002035407014932416,2.13738090638053,104357.14022218966,104359.27760309604,1,0.999979519013973
2005-03-22,46.391659,13.797949,0.0035487752512515136,False,False,0.00020356008632195526,2.137584466466852,103593.52536843723,103595.6629529037,1,0.9999793660814985
2005-03-23,46.498161,13.956608,0.0036044754135877667,False,False,0.0002035794729968431,2.137788045939849,103831.34651725172,103833.48430529765,1,0.999979411381018
2005-03-24,46.537441,13.975756,0.0036232840572169374,False,False,0.00020359886151808087,2.137991644801367,103919.05956231596,103921.19755396077,1,0.999979426799391
2005-03-28,46.38604,13.942936,0.0036196393094863797,False,False,0.00020361825188584446,2.1381952630532526,103580.97802627287,103583.11622153592,1,0.9999793576854893
2005-03-29,46.576622,13.713149,0.003561167215194829,False,False,0.00020363764410030977,2.1383989006973527,104006.55153835114,104008.68993725184,1,0.9999794401900265
2005-03-30,46.683167,14.060555,0.0036162880903835497,True,False,0.00020365703816165265,2.1386025577355143,104244.46870704692,104246.60730960466,1,0.9999794851591536
2005-03-31,46.912983,13.942936,0.0038100904767406642,False,False,0.000203676434070049,2.1388062341695844,104757.65254524664,104759.79135148082,1,0.9999795837104429
2005-04-01,47.008041,13.762387,0.0038405696310073612,False,False,0.00020369583182567471,2.1390099300014103,104969.91900751033,104972.05801744033,1,0.9999796230542641
2005-04-04,46.985561,13.710414,0.003686342047932284,False,False,0.00020371523142870575,2.139213645232839,104919.72070677091,104921.85992041614,1,0.9999796113636676
2005-04-05,46.991127,13.699468,0.003685495709885868,False,False,0.000203734632879318,2.1394173798657183,104932.149698849,104934.28911622886,1,0.9999796118371042
2005-04-06,47.131805,13.710414,0.003601204459476915,False,False,0.00020375403617768747,2.1396211339018962,105246.28655611856,105248.42617725246,1,0.9999796707541232
2005-04-07,46.951805,13.942936,0.0032547007510687663,True,False,0.00020377344132399013,2.13982490734322,104844.34286692395,104846.48269183129,1,0.9999795908756078
2005-04-08,47.002441,13.901898,0.00324069013480061,False,False,0.00020379284831840194,2.1400287001915386,104957.41409273537,104959.55412143556,1,0.9999796109204341
2005-04-11,47.143024,13.787008,0.003120784959062262,False,False,0.00020381225716109894,2.1402325124486996,105271.33881305785,105273.4790455703,1,0.9999796697845283
2005-04-12,47.390491,13.754179,0.0032686324756960186,False,False,0.00020383166785225713,2.140436344116552,105823.9376960241,105826.07813236822,1,0.9999797740180693
2005-04-13,47.412964,13.431389,0.0032100089974523827,False,False,0.00020385108039205256,2.140640195196944,105874.12036562007,105876.26100581526,1,0.999979781679341
2005-04-14,47.536682,13.231695,0.003218468205182684,False,False,0.00020387049478066133,2.1408440656917245,106150.3851952855,106152.5260393512,1,0.9999798323775648
2005-04-15,47.846073,12.815897,0.0033974227015346253,False,False,0.0002038899110182595,2.1410479556027426,106841.26163941667,106843.40268737228,1,0.9999799608782409
2005-04-18,47.744835,12.878815,0.0033770776761726864,False,False,0.00020390932910502313,2.1412518649318475,106615.19511049066,106617.33636235559,1,0.9999799164757066
2005-04-19,48.02039,13.16331,0.0034936284610481896,False,False,0.00020392874904112836,2.1414557936808887,107230.51507313522,107232.6565289289,1,0.9999800298168208
2005-04-20,47.992294,12.97729,0.0028806566149214043,False,False,0.0002039481708267513,2.1416597418517154,107167.77612929294,107169.9177890348,1,0.999980016222966
2005-04-21,47.649216,13.447804,0.003490664303430806,False,False,0.00020396759446206816,2.1418637094461777,106401.675923729,106403.81778743844,1,0.9999798704242575
2005-04-22,47.8517,13.239903,0.0035533332530946456,False,False,0.000203987019947255,2.1420676964661247,106853.826845745,106855.96891344147,1,0.9999799536917007
2005-04-25,47.8517,13.289143,0.0034002534890677566,False,False,0.00020400644728248808,2.142271702913407,106853.826845745,106855.96911744792,1,0.9999799517825666
2005-04-26,47.829208,13.245376,0.00337370075721095,False,False,0.00020402587646794354,2.142475728789875,106803.60174875964,106805.74422448843,1,0.9999799404447359
2005-04-27,47.975403,13.152367,0.0033894874175926532,False,False,0.00020404530750379763,2.1426797740973784,107130.05818010302,107132.20085987712,1,0.9999799996662357
2005-04-29,48.093533,13.138689,0.0032976005674064638,False,False,0.0002040647403902265,2.1428838388377685,107393.84489123947,107395.9877750783,1,0.9999800468911062
2005-05-02,48.142612,13.130484,0.003292715792703617,False,False,0.00020408417512740655,2.143087923012896,107503.43930413936,107505.58239206238,1,0.9999800653335824
2005-05-03,48.204655,13.097659,0.003269147567166796,False,False,0.0002041036117155139,2.143292026624611,107641.98259474327,107644.12588676989,1,0.9999800890944214
2005-05-04,48.193409,13.393091,0.00327666793758444,False,False,0.0002041230501547249,2.1434961496747658,107616.87004625058,107619.01354240025,1,0.9999800825515947
2005-05-05,48.345722,13.425917,0.003281483874864377,False,False,0.00020414249044521578,2.143700292165211,107956.98809698559,107959.13179727775,1,0.9999801434093025
2005-05-06,48.001553,13.524395,0.003619264993609657,False,False,0.000204161932587163,2.143904454097798,107188.45166606101,107190.59557051511,1,0.9999799991366529
2005-05-09,47.995934,13.576368,0.0036295948461198217,False,False,0.00020418137658074267,2.144108635474379,107175.90432389666,107178.04843253213,1,0.9999799948901213
2005-05-10,48.165176,13.431389,0.0036465277034737733,False,False,0.00020420082242613132,2.1443128362968054,107553.82517860041,107555.96949143671,1,0.9999800632838285
2005-05-11,48.227264,13.453271,0.0035137525604616447,False,False,0.00020422027012350526,2.144517056566929,107692.46895512659,107694.61347218316,1,0.9999800870536842
2005-05-12,48.272396,13.505249,0.0035124952384457298,False,False,0.00020423971967304085,2.144721296286602,107793.24963613067,107795.39435742695,1,0.9999801037761487
2005-05-13,48.396492,13.934723,0.003511519805228612,True,False,0.00020425917107491447,2.144925555457677,108070.35854754342,108072.50347309888,1,0.9999801529021117
2005-05-16,48.402138,13.986696,0.0032574029693685615,True,False,0.00020427862432930257,2.1451298340820064,108082.96618126116,108085.11131109524,1,0.9999801533272431
2005-05-17,48.464233,14.096118,0.00319747381882483,True,False,0.0002042980794363816,2.1453341321614428,108221.62558893082,108223.77092306298,1,0.9999801768676709
2005-05-18,48.622234,14.265722,0.0030362313968866697,True,False,0.00020431753639632788,2.145538449697839,108574.44506024437,108576.59059869406,1,0.999980239401165
2005-05-19,48.475483,14.293077,0.003134600625248589,True,False,0.000204336995209318,2.1457427866930483,108246.74706950548,108248.89281229218,1,0.9999801776929911
2005-05-20,48.469845,14.399761,0.0025718182181450376,True,False,0.00020435645587552843,2.145947143148924,108234.15729995171,108236.30324709485,1,0.9999801734992902
2005-05-23,48.689873,14.432588,0.0025925570208434248,True,False,0.0002043759183951356,2.146151519067319,108725.48433354123,108727.63048506029,1,0.9999802612131848
2005-05-24,48.819653,14.604931,0.0026138785725990147,True,False,0.0002043953827683161,2.1463559144500874,109015.28573345055,109017.432089365,1,0.9999803118100169
2005-05-25,48.644741,14.481822,0.0027931923129371644,True,False,0.00020441484899524646,2.1465603292990827,108624.70365253718,108626.85021286648,1,0.9999802391367779
2005-05-26,48.672966,14.728031,0.0027446829822724617,True,False,0.00020443431707610314,2.146764763616159,108687.73065602338,108689.877420787,1,0.9999802487148338
2005-05-27,48.723759,14.665108,0.002715611531213208,True,False,0.00020445378701106277,2.14696921740317,108801.15246605262,108803.29943527002,1,0.99998026742545
2005-05-31,48.977619,14.635014,0.002899831604242688,True,False,0.00020447325880030193,2.1471736906619703,109368.02704904675,109370.17422273742,1,0.9999803678314867
2005-06-01,49.279819,14.744439,0.0031322154693325843,True,False,0.00020449273244399718,2.147378183394414,110042.84584279462,110044.99322097801,1,0.9999804863618004
2005-06-02,49.262867,14.960548,0.0031347985785823243,True,False,0.00020451220794232518,2.1475826956023565,110004.99167935445,110007.13926205006,1,0.9999804777879872
2005-06-06,49.110062,14.730762,0.003229715342333991,True,False,0.0002045316852954625,2.147787227287652,109663.77498253566,109665.92276976294,1,0.9999804151811882
2005-06-07,49.251556,14.613133,0.002662449886511088,True,False,0.00020455116450358588,2.1479917784521554,109979.73398452956,109981.88197630801,1,0.9999804695851731
2005-06-08,49.160988,14.725294,0.0027370786239310613,True,False,0.00020457064556687193,2.1481963490977223,109777.49378429081,109779.6419806399,1,0.9999804317420758
2005-06-09,49.13269,15.004309,0.0027073608532234305,True,False,0.00020459012848549735,2.1484009392262076,109714.30377030841,109716.45217124764,1,0.999980418607267
2005-06-10,48.821445,14.777264,0.003164540197146471,True,False,0.00020460961325963884,2.148605548839467,109019.28730617852,109021.43591172736,1,0.999980291898278
2005-06-13,48.691277,14.752648,0.003246774890501631,True,False,0.00020462909988947306,2.1488101779393567,108728.61949431695,108730.7683044949,1,0.9999802373310568
2005-06-14,48.634697,14.654166,0.0032247122633056683,True,False,0.00020464858837517682,2.149014826527732,108602.27519468011,108604.42420950664,1,0.9999802124559642
2005-06-16,48.770561,14.79915,0.0032741055824580347,True,False,0.00020466807871692686,2.1492194946064487,108905.6622912842,108907.8115107788,1,0.9999802656993582
2005-06-17,48.713928,14.79915,0.0032842240634565418,True,False,0.00020468757091489988,2.1494241821773636,108779.1996415611,108781.34906574328,1,0.9999802408758428
2005-06-20,48.640327,14.730762,0.0032276932903201783,True,False,0.00020470706496927274,2.149628889242333,108614.84710006992,108616.99672895916,1,0.9999802090929231
2005-06-21,48.793118,14.826501,0.0032160427635970737,True,False,0.00020472656088022217,2.1498336158032134,108956.03253460178,108958.18236821757,1,0.9999802691861311
2005-06-22,49.160988,14.94139,0.0035911324643207437,True,False,0.00020474605864792507,2.1500383618618613,109777.49378429081,109779.64382265267,1,0.999980414963221
2005-06-23,49.110062,14.946863,0.0034937553252908106,True,False,0.0002047655582725582,2.1502431274201337,109663.77498253566,109665.92522566307,1,0.9999803927872492
2005-06-24,49.228878,14.66237,0.0034859241699965347,True,False,0.00020478505975429849,2.150447912479888,109929.09354573204,109931.24399364453,1,0.9999804382463587
2005-06-27,49.268497,14.432588,0.0033561666446209307,True,False,0.00020480456309332267,2.150652717042981,110017.56358474428,110019.71423746132,1,0.9999804521150418
2005-06-28,49.059109,14.602191,0.0035303979899970143,True,False,0.00020482406828980774,2.1508575411112707,109549.99588922714,109552.14674676825,1,0.999980366815211
2005-06-29,49.042126,14.539278,0.003530646210273968,True,False,0.00020484357534393053,2.1510623846866146,109512.07250215164,109514.22356453633,1,0.9999803581460501
2005-06-30,49.21191,14.421646,0.003424099969633007,True,False,0.00020486308425586805,2.1512672477708703,109891.20365396397,109893.35492121174,1,0.999980424046119
2005-07-01,48.788486,14.459942,0.0036686314446456006,True,False,0.0002048825950257972,2.151472130365896,108945.6891836665,108947.84065579687,1,0.9999802522737723
2005-07-05,48.589737,14.665108,0.003754425635242577,True,False,0.00020490210765389488,2.15167703247355,108501.87859320127,108504.03027023374,1,0.9999801696118835
2005-07-06,48.691933,14.793674,0.003758432351886669,True,False,0.0002049216221403381,2.1518819540956904,108730.08435576201,108732.2362377161,1,0.9999802093470295
2005-07-07,48.805481,14.853856,0.0037350070075365706,True,False,0.00020494113848530386,2.152086895234176,108983.63936698796,108985.7914538832,1,0.9999802535095031
2005-07-08,48.629498,15.171176,0.003790205209105507,True,False,0.00020496065668896914,2.152291855890865,108590.66572112386,108592.81801297975,1,0.9999801801638886
2005-07-11,48.606812,15.515853,0.0037902348828332297,True,False,0.00020498017675151092,2.152496836067616,108540.00741816236,108542.15991499842,1,0.999980169025218
2005-07-12,48.481949,15.647167,0.0035728332353029088,True,False,0.0002049996986731063,2.1527018357662895,108261.18578002955,108263.33848186531,1,0.9999801160589915
2005-07-13,48.436527,15.690929,0.0035343977802536498,True,False,0.00020501922245393236,2.1529068549887436,108159.75752308179,108161.91042993678,1,0.9999800955174846
2005-07-14,48.374092,15.852324,0.0035362164758315673,True,False,0.00020503874809416607,2.153111893736838,108020.33888844364,108022.49200033738,1,0.9999800679297999
2005-07-15,48.385429,15.805818,0.0034653545720274253,True,False,0.00020505827559398455,2.153316952012432,108045.65464180142,108047.80795875343,1,0.9999800707021023
2005-07-18,48.305973,15.723757,0.0034726195089466627,True,False,0.00020507780495356497,2.153522029817385,107868.22776530894,107870.38128733875,1,0.9999800360209715
2005-07-19,48.374092,16.043806,0.003485701217827368,True,False,0.0002050973361730843,2.1537271271535583,108020.33888844364,108022.4926155708,1,0.9999800622344939
2005-07-20,48.464893,16.199734,0.003431746332349169,True,False,0.00020511686925271983,2.153932244022811,108223.09938245786,108225.25331470188,1,0.9999800976927469
2005-07-21,48.107281,15.937122,0.003252531692100741,True,False,0.00020513640419264867,2.1541373804270036,107424.54445701194,107426.69859439236,1,0.9999799478397027
2005-07-22,48.334328,16.041075,0.0035010769106508695,True,False,0.000205155940993048,2.154342536367997,107931.54506145956,107933.69940399592,1,0.9999800401306704
2005-07-25,48.249195,16.008244,0.003423095554936273,True,False,0.00020517547965409494,2.154547711847651,107741.44132761398,107743.59587532583,1,0.9999800030090481
2005-07-26,48.283253,16.235296,0.00342041589260058,True,False,0.0002051950201759668,2.154752906867827,107817.49353965059,107819.64829255745,1,0.9999800152111328
2005-07-27,48.215134,16.1122,0.0033362905493776233,True,False,0.00020521456255884066,2.1549581214303855,107665.38241651587,107667.53737463731,1,0.999979985070951
2005-07-28,48.425179,16.19425,0.003534079993821347,True,False,0.00020523410680289386,2.1551633555371885,108134.41720649856,108136.5723698541,1,0.9999800699864226
2005-07-29,48.135685,16.095789,0.0035900495468014085,True,False,0.00020525365290830367,2.1553686091900968,107487.97117116686,107490.12653977606,1,0.9999799482177705
2005-08-01,48.039425,16.123142,0.0031346312682410645,True,False,0.0002052732008752473,2.155573882390972,107273.02061826756,107275.17619214996,1,0.9999799061259192
2005-08-02,47.993893,16.467815,0.0030373670958016873,True,False,0.0002052927507039021,2.1557791751416757,107171.34672906528,107173.50250824042,1,0.999979885147684
2005-08-03,48.113445,16.388487,0.003056756546777383,True,False,0.00020531230239444534,2.15598448744407,107438.30879534637,107440.46477983381,1,0.9999799332170438
2005-08-04,48.079308,16.035603,0.0029781296954184,True,False,0.0002053318559470543,2.156189819300017,107362.0801746906,107364.23636450991,1,0.9999799170571848
2005-08-05,47.82299,15.953534,0.003088963593937263,True,False,0.00020535141136190642,2.156395170711379,106789.71682731845,106791.87322248916,1,0.9999798074974655
2005-08-08,47.697758,15.849589,0.0031128999655090648,True,False,0.00020537096863917898,2.1566005416800182,106510.0712046228,106512.22780516448,1,0.9999797525543674
2005-08-10,47.811611,15.838646,0.003173158428643964,True,False,0.00020539052777904937,2.1568059322077975,106764.30728709987,106766.46409303207,1,0.9999797988446042
2005-08-11,48.016666,16.013714,0.003361150040495597,True,False,0.000205410088781695,2.1570113422965793,107222.1993048099,107224.35631615219,1,0.9999798831961655
2005-08-12,48.210251,15.729227,0.0034972809819495054,True,False,0.00020542965164729328,2.1572167719482267,107654.47857743622,107656.63579420817,1,0.9999799620640565
2005-08-15,48.147648,15.93439,0.003504763976983617,True,False,0.0002054492163760216,2.1574222211646026,107514.68479535483,107516.84221757599,1,0.9999799340998428
2005-08-16,48.375389,15.614336,0.0036567269276217367,True,False,0.00020546878296805738,2.157627689947571,108023.23511602634,108025.39274371628,1,0.9999800266619251
2005-08-17,48.187508,15.83317,0.0037456979054989177,True,False,0.00020548835142357815,2.1578331782989943,107603.69299230649,107605.85082548478,1,0.9999799468787084
2005-08-18,48.443783,15.688188,0.003919786465431053,True,False,0.0002055079217427614,2.158038686220737,108175.96031979733,108178.11835848355,1,0.999980051060982
2005-08-19,48.415318,15.690929,0.0035198448663090573,True,False,0.0002055274939257845,2.1582442137146627,108112.39739139218,108114.5556356059,1,0.9999800374315834
2005-08-22,48.455109,15.920708,0.0033687991754646537,True,False,0.000205547067972825,2.1584497607826356,108201.25150992964,108203.40995969043,1,0.9999800519247815
2005-08-23,48.546265,15.871469,0.0033598216381540307,True,False,0.00020556664388406053,2.1586553274265197,108404.80472621978,108406.9633815472,1,0.9999800874846034
2005-08-24,48.56905,15.75658,0.003358760775457234,True,False,0.00020558622165966855,2.158860913648179,108455.68409821033,108457.84295912398,1,0.9999800949303919
2005-08-25,48.597527,15.855057,0.0033349489979843483,True,False,0.0002056058012998266,2.159066519449479,108519.27382286142,108521.43288938087,1,0.9999801046994868
2005-08-26,48.517784,15.712807,0.0032286099118429283,True,False,0.00020562538280471232,2.159272144832284,108341.20606948671,108343.36534163154,1,0.9999800701026961
2005-08-29,48.551937,15.896091,0.002893476936225911,True,False,0.00020564496617450328,2.1594777897984585,108417.4704184704,108419.6298962602,1,0.9999800822250374
2005-08-30,48.779751,15.959002,0.002982326695566042,True,False,0.000205664551409377,2.1596834543498677,108926.18374963808,108928.34343309242,1,0.9999801733562975
2005-08-31,49.098602,16.125874,0.003214616311121534,True,False,0.00020568413850951124,2.1598891384883774,109638.18456765694,109640.34445679543,1,0.9999803002339221
2005-09-01,49.146614,15.969946,0.003198934361803727,True,False,0.00020570372747508357,2.1600948422158526,109745.39634768812,109747.55644253033,1,0.9999803176042161
2005-09-02,49.158054,15.912495,0.0031783308355982517,True,False,0.0002057233183062717,2.160300565534159,109770.94210215693,109773.10240272246,1,0.9999803203105474
2005-09-06,49.003761,16.166901,0.0029745872890969186,True,False,0.00020574291100325327,2.160506308445162,109426.40267084078,109428.56317714922,1,0.9999802564682775
2005-09-07,48.843861,16.177849,0.003021652983220961,True,False,0.00020576250556620594,2.160712070950728,109069.34269360623,109071.50340567718,1,0.9999801899487631
2005-09-08,48.843861,16.407633,0.003018975405416497,True,False,0.00020578210199530744,2.1609178530527235,109069.34269360623,109071.50361145928,1,0.999980188062129
2005-09-09,48.883846,16.470549,0.0029228570139867415,True,False,0.0002058017002907356,2.1611236547530144,109158.63001811983,109160.79114177458,1,0.9999802023818979
2005-09-12,48.729584,16.440456,0.002959357912616792,True,False,0.00020582130045266806,2.161329476053467,108814.15981043906,108816.3211399151,1,0.9999801378189098
2005-09-13,48.878113,16.588175,0.0029768924976672252,True,False,0.00020584090248128262,2.1615353169559484,109145.82811161898,109147.98964693594,1,0.9999801962883242
2005-09-14,48.775276,16.495169,0.002888192710804047,True,False,0.00020586050637675702,2.161741177462325,108916.1909829206,108918.35272409806,1,0.9999801526453219
2005-09-15,48.626774,16.331043,0.0028276636931787967,True,False,0.00020588011213926906,2.1619470575744644,108584.58297329405,108586.74492035162,1,0.9999800901384497
2005-09-16,48.438183,16.38575,0.002743414531209288,True,False,0.0002058997197689966,2.1621529572942335,108163.45540502238,108165.61755797967,1,0.9999800107186914
2005-09-19,48.535347,16.150496,0.0027754992825430548,True,False,0.00020591932926611748,2.1623588766235,108380.42460844964,108382.58696732626,1,0.9999800488349916
2005-09-20,48.49535,16.043806,0.0027781229760274985,True,False,0.00020593894063080954,2.1625648155641306,108291.1104876901,108293.27305250565,1,0.9999800304787675
2005-09-21,48.718182,15.822223,0.0029337886418964346,True,False,0.00020595855386325055,2.162770774117994,108788.69891074907,108790.86168152318,1,0.9999801199223842
2005-09-22,48.752487,15.74837,0.0029354887420944215,True,False,0.00020597816896361849,2.1629767522869576,108865.30267884808,108867.46565560036,1,0.9999801320188795
2005-09-23,48.483971,15.876935,0.0031980359020647984,True,False,0.0002059977859320912,2.1631827500728895,108265.7009474715,108267.86413022157,1,0.9999800200847458
2005-09-26,48.35828,15.920452,0.0032289308547569042,True,False,0.00020601740476884663,2.163388767477658,107985.03036836839,107987.19375713587,1,0.9999799662469946
2005-09-27,48.386848,15.742558,0.0032274287927655534,True,False,0.0002060370254740627,2.1635948045031324,108048.82329788456,108050.98689268906,1,0.9999799761680414
2005-09-28,48.483971,15.731615,0.003067206701856535,True,False,0.00020605664804791736,2.1638008611511803,108265.7009474715,108267.86474833265,1,0.999980014375769
2005-09-29,48.375397,15.977933,0.0026374242388590425,True,False,0.0002060762724905886,2.164006937423671,108023.2529801903,108025.41698712773,1,0.999979967613199
2005-09-30,48.238285,16.218781,0.002644506141572422,True,False,0.00020609589880225435,2.164213033322473,107717.07907400778,107719.2432870411,1,0.9999799087612642
2005-10-03,48.053177,16.37204,0.002706375689649023,True,False,0.00020611552698309268,2.164419148849456,107303.72911612202,107305.89353527086,1,0.9999798294475957
2005-10-04,48.076099,16.153093,0.0026860732237871973,True,False,0.00020613515703328154,2.1646252840064895,107354.91441192046,107357.07903720446,1,0.9999798371443839
2005-10-05,48.190727,15.884872,0.00272682495234823,True,False,0.00020615478895299902,2.1648314387954426,107610.88108528158,107613.04591672038,1,0.9999798831877644
2005-10-06,48.127682,15.668669,0.0027255288384864925,True,False,0.00020617442274242315,2.165037613218185,107470.10030814116,107472.26534575438,1,0.9999798549178595
2005-10-07,48.190727,15.756245,0.002742441244015682,True,False,0.0002061940584017319,2.1652438072765867,107610.88108528158,107613.04632908886,1,0.9999798793558854
2005-10-10,48.202187,15.756245,0.0026876032612450124,True,False,0.00020621369593110353,2.165450020972518,107636.4715001603,107638.63695018127,1,0.9999798822236854
2005-10-11,48.1105,15.009082,0.0025649083621491217,True,False,0.000206233335330716,2.1656562543078484,107431.73254998705,107433.89820624136,1,0.9999798419652413
2005-10-12,47.927078,14.976231,0.002638698919779562,True,False,0.00020625297660074746,2.1658625072844493,107022.14746465674,107024.31332716403,1,0.9999797628927488
2005-10-13,47.852547,15.233503,0.002594768314549548,True,False,0.00020627261974137613,2.1660687799041907,106855.71821410472,106857.88428288462,1,0.9999797294435087
2005-10-14,47.852547,15.211607,0.0024953155802720102,True,False,0.00020629226475278007,2.1662750721689434,106855.71821410472,106857.8844891769,1,0.9999797275130186
2005-10-17,47.795223,15.238974,0.002420504115897814,True,False,0.00020631191163513748,2.1664813840805786,106727.7125472192,106729.87902860327,1,0.9999797012663765
2005-10-18,47.86404,15.129496,0.0024701386915874347,True,False,0.00020633156038862653,2.166687715640967,106881.3823186598,106883.54900637544,1,0.9999797285200971
2005-10-19,47.921333,15.189705,0.0021924633373525595,True,False,0.00020635121101342542,2.1668940668519805,107009.31876190993,107011.48565597678,1,0.9999797508271793
2005-10-20,47.950001,15.217085,0.0021887039137228146,True,False,0.00020637086350971243,2.16710043771549,107073.33499347567,107075.50209391338,1,0.9999797610060627
2005-10-21,48.162064,15.364866,0.0021950049821540816,True,False,0.00020639051787766573,2.1673068282333676,107546.87601881834,107549.04332564658,1,0.9999798481998424
2005-10-24,47.955727,15.54003,0.002316568227262407,True,False,0.0002064101741174636,2.167513238407485,107086.12126883306,107088.28878207147,1,0.9999797595678943
2005-10-25,47.732189,15.304663,0.0024885012507503126,True,False,0.00020642983222928426,2.167719668239714,106586.95633330423,106589.12405297247,1,0.9999796628437704
2005-10-26,47.548813,15.29371,0.002500177017787733,True,False,0.0002064494922133061,2.1679261177319273,106177.47396691673,106179.64189303447,1,0.9999795824691148
2005-10-27,47.657684,14.965281,0.0025830065915184485,True,False,0.00020646915406970735,2.168132586885997,106420.5851412851,106422.75327387199,1,0.9999796271706924
2005-10-28,47.606125,14.951598,0.0025376370931616456,True,False,0.0002064888177986664,2.1683390757037957,106305.4528375563,106307.621176632,1,0.9999796031643666
2005-10-31,47.640499,15.271821,0.0024395064699426028,True,False,0.0002065084834003615,2.168545584187196,106382.21068406949,106384.37922965368,1,0.9999796159398598
2005-11-01,47.610611,15.107608,0.0024303503335167723,True,False,0.00020652815087497103,2.168752112338071,106315.47016749921,106317.63891961155,1,0.9999796012013211
2005-11-02,47.512806,15.638562,0.002356181744912171,True,False,0.0002065478202226734,2.1689586601582937,106097.06959793433,106099.23855659449,1,0.9999795572645981
2005-11-03,47.346012,15.928669,0.0024361568563492524,True,False,0.000206567491443647,2.1691652276497373,105724.61517740363,105726.78434263128,1,0.9999794832951637
2005-11-04,47.323009,15.98888,0.0023861912161070326,True,False,0.00020658716453807025,2.1693718148142755,105673.24900694504,105675.41837875986,1,0.9999794713676264
2005-11-07,47.409256,16.010771,0.0024515773683145884,True,False,0.00020660683950612151,2.1695784216537817,105865.84032562264,105868.0099040443,1,0.9999795067610733
2005-11-08,47.645107,15.991615,0.0027551598771464406,True,False,0.00020662651634797922,2.1697850481701297,106392.50044251289,106394.67022756106,1,0.9999796062618218
2005-11-09,47.392033,16.235199,0.0028692857041003024,True,False,0.00020664619506382187,2.1699916943651933,105827.38101362821,105829.55100532257,1,0.9999794954086666
2005-11-10,47.662346,16.355621,0.00317770292881772,True,False,0.00020666587565382796,2.170198360240847,106430.99548283523,106433.16568119547,1,0.9999796097546629
2005-11-11,47.719868,16.311831,0.003193088856873879,True,False,0.00020668555811817593,2.170405045798965,106559.44328777886,106561.61369282466,1,0.9999796323932176
2005-11-14,47.507038,16.366571,0.0033310418865169357,True,False,0.00020670524245704433,2.1706117510414225,106084.18953571614,106086.36014746719,1,0.9999795392004398
2005-11-15,47.668091,16.246151,0.0034119917215131097,True,False,0.00020672492867061166,2.1708184759700933,106443.82418558202,106445.995004058,1,0.9999796063865447
2005-11-16,47.909641,16.237932,0.003599325676836563,True,False,0.0002067446167590565,2.171025220586852,106983.21028627625,106985.38131149684,1,0.9999797072722089
2005-11-17,48.001667,16.421303,0.0036231534415208334,True,False,0.00020676430672255733,2.171231984893575,107188.7062303975,107190.87746238238,1,0.9999797442465601
2005-11-18,47.886627,16.71142,0.003510249132787187,True,False,0.00020678399856129283,2.171438768892136,106931.81955259222,106933.99099136112,1,0.9999796936526097
2005-11-21,47.978703,16.634789,0.003410547954664661,True,False,0.0002068036922754415,2.1716455725844113,107137.42714773826,107139.59879331084,1,0.999979730691574
2005-11-22,48.145462,16.864681,0.003304774260543659,True,False,0.00020682338786518202,2.1718523959722766,107509.80341255161,107511.97526494758,1,0.9999797989722483
2005-11-23,48.018932,16.905731,0.003232191621729081,True,False,0.00020684308533069304,2.1720592390576074,107227.25932925275,107229.43138849181,1,0.9999797438146324
2005-11-28,48.225986,16.820896,0.0033213047254392917,True,False,0.0002068627846721531,2.1722661018422795,107689.61515493332,107691.78742103516,1,0.9999798288601771
2005-11-29,47.961422,16.73605,0.0035758066345496003,True,False,0.00020688248588974093,2.172472984328169,107098.83832055506,107101.01079353939,1,0.9999797156631087
2005-11-30,47.9384,16.927628,0.0035797123519506276,True,False,0.00020690218898363518,2.1726798865171526,107047.42972270708,107049.60240259359,1,0.9999797039891999
2005-12-01,47.830498,17.502375,0.0036203931704030493,True,False,0.00020692189395401454,2.1728868084111066,106806.48234519886,106808.65523200728,1,0.9999796562665854
2005-12-02,47.870895,17.488691,0.003581858385897848,True,False,0.00020694160080105776,2.173093750011908,106896.68967415662,106898.86276790663,1,0.9999796714979585
2005-12-05,47.726627,17.253323,0.003554985528988373,True,False,0.00020696130952494363,2.1733007113214327,106574.53627330813,106576.70957401945,1,0.9999796081083756
2005-12-06,47.951706,17.420269,0.0036743569626744264,True,False,0.00020698102012585074,2.1735076923415586,107077.14229342055,107079.31580111288,1,0.9999797018903598
2005-12-07,47.922825,17.195848,0.0036740137361223517,True,False,0.00020700073260395796,2.1737146930741624,107012.65042848927,107014.82414318234,1,0.9999796877235423
2005-12-08,48.130611,16.957735,0.0036362689652566704,True,False,0.00020702044695944407,2.1739217135211217,107476.64082517257,107478.81474688608,1,0.9999797734863505
2005-12-09,47.917049,17.190376,0.0035667226640502814,True,False,0.00020704016319248779,2.174128753684314,106999.7525021071,107001.92663086079,1,0.9999796814055397
2005-12-12,47.80743,17.321743,0.0034044316273760438,True,False,0.00020705988130326802,2.1743358135656172,106754.97102840808,106757.14536422165,1,0.9999796328779104
2005-12-13,47.922825,17.338161,0.003434588713539639,True,False,0.00020707960129196358,2.174542893166909,107012.65042848927,107014.82497138243,1,0.999979679984584
2005-12-14,48.222935,17.291645,0.0035006706543880208,True,False,0.00020709932315875323,2.1747499924900677,107682.80220940147,107684.97695939397,1,0.9999798045181983
2005-12-15,48.159473,17.22048,0.0034720388381685257,True,False,0.00020711904690381598,2.1749571115369717,107541.09026271442,107543.26521982596,1,0.9999797759803267
2005-12-16,48.246006,17.132902,0.003320842438716131,True,False,0.00020713877252733065,2.175164250309499,107734.32022525374,107736.49538950405,1,0.999979810330358
2005-12-19,48.274876,16.788042,0.0033010691204050043,True,False,0.00020715850002947612,2.1753714088095286,107798.78752695957,107800.96289836838,1,0.9999798204825789
2005-12-20,48.194077,16.818157,0.0032739435008745177,True,False,0.0002071782294104313,2.175578587038939,107618.3617039416,107620.53728252863,1,0.9999797847265776
2005-12-21,48.130611,16.861952,0.003270684083000011,True,False,0.00020719796067037515,2.1757857849996096,107476.64082517257,107478.81661095757,1,0.9999797561430838
2005-12-22,48.321106,17.06995,0.003297935299789323,True,False,0.00020721769380948663,2.175993002693419,107902.02006446772,107904.19605747041,1,0.9999798340279415
2005-12-23,48.436447,17.121944,0.003263239505564713,True,False,0.00020723742882794465,2.1762002401222467,108159.57888144215,108161.75508168228,1,0.9999798801319516
2005-12-27,48.667332,16.941313,0.0032929351544503053,True,False,0.00020725716572592829,2.176407497287973,108675.1498185516,108677.32622604888,1,0.9999799736746121
2005-12-28,48.51791,16.952263,0.0031010605015415363,True,False,0.00020727690450361645,2.176614774192476,108341.48743006916,108343.66404484335,1,0.9999799100870976
2005-12-29,48.575798,16.801727,0.003093600894434574,True,False,0.0002072966451611882,2.1768220708376376,108470.75252051414,108472.92934258498,1,0.9999799321168514
2005-12-30,48.593193,16.686783,0.0030183397867605977,True,False,0.00020731638769882262,2.1770293872253363,108509.59591203381,108511.77294142103,1,0.999979937389942
2006-01-03,48.587399,17.141109,0.003025126515752993,True,False,0.00031653316169816,2.1773459203870345,108496.65779128273,108498.83513720312,1,0.9999799320802142
2006-01-04,48.674271,17.390169,0.0028988705129306233,True,False,0.0003165791846150038,2.1776624995716496,108690.64474777003,108692.8224102696,1,0.9999799649834158
2006-01-05,48.685829,17.754175,0.0027660662116163687,True,False,0.00031662521422343355,2.177979124785873,108716.45399865732,108718.6319777821,1,0.9999799668273491
2006-01-06,48.62212,18.159239,0.0027888130738947877,True,False,0.00031667125052442215,2.178295796036397,108574.19049590788,108576.36879170392,1,0.9999799376621241
2006-01-09,48.645302,18.356283,0.002656837883563827,True,False,0.0003167172935189428,2.178612513329916,108625.95637703515,108628.13498954849,1,0.9999799443071213
2006-01-10,48.448387,18.378181,0.0026194658483752217,True,False,0.0003167633432079688,2.178929276673124,108186.24114615872,108188.4200754354,1,0.9999798598660082
2006-01-11,48.326809,18.597122,0.0026325961543609256,True,False,0.0003168093995924733,2.1792460860727165,107914.7549803537,107916.93422643977,1,0.9999798062639409
2006-01-12,48.500507,18.400078,0.002689157573596113,True,False,0.0003168554626734299,2.17956294153539,108302.62617438551,108304.80573732704,1,0.9999798756580865
2006-01-13,48.714802,18.255022,0.002512000599920392,True,False,0.00031690153245181226,2.179879843067842,108781.15130147418,108783.33118131725,1,0.9999799612696229
2006-01-17,48.772728,17.970388,0.002478482826364939,True,False,0.00031694760892859417,2.1801967906767703,108910.50124669801,108912.68144348869,1,0.9999799821585349
2006-01-18,48.790085,17.803432,0.0024638040958581287,True,False,0.00031699369210474944,2.180513784368875,108949.25978343884,108951.4402972232,1,0.9999799863702727
2006-01-19,48.668503,18.301538,0.0025566640978276086,True,False,0.00031703978198125235,2.1808308241508563,108677.76468555185,108679.945516376,1,0.9999799334567773
2006-01-20,48.749512,17.617321,0.0025223827824765056,True,False,0.0003170858785590769,2.1811479100294155,108858.65944287389,108860.84059078392,1,0.9999799638887759
2006-01-23,48.737961,17.691227,0.0024911284385338104,True,False,0.0003171319818391976,2.1814650420112547,108832.86582313007,108835.04728817208,1,0.9999799562264512
2006-01-24,48.656895,17.871861,0.0024120466144888523,True,False,0.0003171780918225888,2.181782220103077,108651.84378363978,108654.02556585988,1,0.9999799199136089
2006-01-25,48.355778,17.888273,0.0027687460682521655,True,False,0.0003172242085102252,2.1820994443115875,107979.44335108859,107981.6254505329,1,0.9999797919374226
2006-01-26,48.251472,18.268711,0.002556298377331751,True,False,0.0003172703319030816,2.1824167146434905,107746.52591528228,107748.70833199692,1,0.9999797453097264
2006-01-27,48.286266,18.435658,0.00248955304825626,True,False,0.00031731646200213294,2.182734031105493,107824.2216304036,107826.4043644347,1,0.9999797569617204
2006-01-30,48.18203,18.424707,0.0025009542384619586,True,False,0.0003173625988083542,2.183051393704301,107591.46050603199,107593.64355742569,1,0.9999797102196606
2006-01-31,48.251472,18.181129,0.0025299149729126327,True,False,0.0003174087423227206,2.1833688024466236,107746.52591528228,107748.70928408473,1,0.9999797364737179
2006-02-01,48.102821,18.364502,0.002601434976715946,True,False,0.0003174548925462075,2.1836862573391698,107414.5851856019,107416.76887185924,1,0.999979670899802
2006-02-02,48.102821,18.090809,0.0025488971293850687,True,False,0.0003175010494797904,2.1840037583886494,107414.5851856019,107416.76918936029,1,0.9999796679440754
2006-02-03,48.248009,17.899225,0.0026691242619279673,True,False,0.0003175472131244449,2.184321305601774,107738.79296530629,107740.97728661189,1,0.9999797261788355
2006-02-06,48.17828,18.118179,0.002671612881622393,True,False,0.0003175933834811468,2.184638898985255,107583.08667917378,107585.27131807276,1,0.9999796938849322
2006-02-07,48.120178,18.159239,0.0026671129536018287,True,False,0.00031763956055087204,2.1849565385458063,107453.34372234275,107455.5286788813,1,0.9999796664111618
2006-02-08,48.091179,18.476709,0.0025362521390396102,True,False,0.0003176857443345966,2.185274224290141,107388.58836099299,107390.77363521728,1,0.9999796511920873
2006-02-09,48.137646,18.408289,0.0025006067639430068,True,False,0.0003177319348332967,2.185591956224974,107492.35012435858,107494.5357163148,1,0.9999796678785423
2006-02-10,47.998234,18.282387,0.0024028255868768496,True,False,0.0003177781320479486,2.185909734357022,107181.04027103636,107183.22618077071,1,0.9999796058598697
2006-02-13,47.998234,18.055229,0.002111374768851963,True,False,0.0003178243359795289,2.1862275586930013,107181.04027103636,107183.22649859505,1,0.9999796028946869
2006-02-14,47.928497,18.235867,0.0020664898667717264,True,False,0.0003178705466290142,2.1865454292396302,107025.3161207399,107027.50266616914,1,0.9999795702471349
2006-02-15,48.015644,18.285131,0.0021368294241637573,True,False,0.00031791676399738116,2.1868633460036278,107219.91715786347,107222.10402120948,1,0.9999796043608175
2006-02-16,47.992382,18.47397,0.0020998621431026878,True,False,0.0003179629880856068,2.1871813089917134,107167.97263509655,107170.15981640555,1,0.9999795915083757
2006-02-17,48.15506,18.164709,0.0022328095108379202,True,False,0.0003180092188946682,2.187499318210608,107531.23594326766,107533.42344258587,1,0.9999796574939384
2006-02-21,48.097012,17.817118,0.002234725263690916,True,False,0.00031805545642554236,2.1878173736670337,107401.61356954339,107403.80138691705,1,0.9999796299819428
2006-02-22,48.277054,17.981333,0.00242537295955504,True,False,0.0003181017006792068,2.1881354753677127,107803.65104559882,107805.83918107419,1,0.9999797029966837
2006-02-23,48.160881,17.787014,0.002068428568964414,True,False,0.00031814795165663887,2.1884536233193694,107544.23435557213,107546.42280919546,1,0.9999796510793557
2006-02-24,48.102821,17.822596,0.0020316080570816396,True,False,0.00031819420935881625,2.1887718175287283,107414.5851856019,107416.77395741943,1,0.9999796235565742
2006-02-27,48.009838,17.899225,0.0020580172979722364,True,False,0.0003182404737867167,2.189090058002515,107206.95224086645,107209.14133092445,1,0.9999795811249784
2006-02-28,48.201538,17.778809,0.002216245375611353,True,False,0.0003182867449413181,2.189408344747456,107635.0222698587,107637.21167820344,1,0.9999796593732725
2006-03-01,48.106548,18.465761,0.0022324871568652725,True,False,0.0003183330228235984,2.1897266777702797,107422.90765298872,107425.09737966649,1,0.9999796162467507
2006-03-02,47.914192,18.495865,0.0023045564188631626,True,False,0.0003183793074345359,2.190045057077714,106993.3727625514,106995.56280760848,1,0.9999795314403737
2006-03-03,47.797653,18.274181,0.002357357273400242,True,False,0.0003184255987751089,2.190363482676489,106733.13878702332,106735.32915050599,1,0.9999794785522272
2006-03-06,47.646114,18.101748,0.002302540785212989,True,False,0.00031847189684629587,2.190681954573335,106394.74909415186,106396.93977610643,1,0.9999794102916947
2006-03-07,47.669441,17.617321,0.0023070002359660757,True,False,0.0003185182016490754,2.1910004727749843,106446.838763251,106449.02976372377,1,0.9999794173748917
2006-03-08,47.692741,17.548903,0.002312002896082976,True,False,0.0003185645131844263,2.1913190372881686,106498.86814079674,106501.05945983402,1,0.999979424439077
2006-03-09,47.739357,17.310791,0.0023332557726801414,True,False,0.0003186108314533274,2.191637648119622,106602.96262421616,106605.15426186429,1,0.9999794415414217
2006-03-10,47.646114,17.253323,0.002336844241171251,True,False,0.00031865715645675773,2.191956305276079,106394.74909415186,106396.94105045714,1,0.9999793983146166
2006-03-13,47.605301,17.182163,0.0022707169925448474,True,False,0.0003187034881956966,2.1922750087642746,106303.61282866797,106305.80510367674,1,0.9999793776548079
2006-03-14,47.879253,17.579012,0.0026553215650165747,True,False,0.0003187498266711231,2.1925937585909456,106915.35325945822,106917.54585321681,1,0.9999794926666049
2006-03-15,47.791798,17.781534,0.002666482866767931,True,False,0.0003187961718840169,2.1929125547628296,106720.06445202202,106722.25736457678,1,0.9999794521535721
2006-03-16,48.094849,17.313526,0.003008934815538842,True,False,0.0003188425238353574,2.193231397286665,107396.78354621158,107398.97677760887,1,0.999979578656491
2006-03-17,47.995804,17.319008,0.003045018246322565,True,False,0.00031888888252612463,2.193550286169191,107175.61403123224,107177.80758151841,1,0.9999795335402387
2006-03-20,48.089039,17.349112,0.0029770347582793654,True,False,0.00031893524795729826,2.1938692214171485,107383.80969713257,107386.00356635399,1,0.9999795702498597
2006-03-21,47.890907,17.351845,0.003104789619773657,True,False,0.0003189816201298584,2.194188203037278,106941.37688031308,106943.57106851612,1,0.9999794827479472
2006-03-22,47.949184,17.354586,0.002984818551105233,True,False,0.0003190279990447852,2.1945072310363227,107071.51061573083,107073.70512296187,1,0.9999795047044602
2006-03-23,47.826756,17.507849,0.0029903667309777253,True,False,0.000319074384703059,2.1948263054210257,106798.12638250462,106800.32120881004,1,0.9999794492537046
2006-03-24,48.036629,17.710382,0.0031618542426483202,True,False,0.00031912077710566025,2.1951454261981316,107266.77709296206,107268.97223838826,1,0.9999795360635942
2006-03-27,47.931686,17.685755,0.003170178476201914,True,False,0.00031916717625356966,2.195464593374385,107032.43722310012,107034.63268769349,1,0.9999794882783428
2006-03-28,47.698551,17.371006,0.00319106025572606,True,False,0.00031921358214776776,2.1957838069565327,106511.84198987576,106514.0377736827,1,0.9999793850289328
2006-03-29,47.651951,17.852697,0.003175009340130591,True,False,0.00031925999478923554,2.196103066951322,106407.78323478425,106409.9793378512,1,0.9999793618692475
2006-03-30,47.512085,17.943012,0.0031210427301300615,True,False,0.00031930641417895415,2.1964223733655013,106095.45959015706,106097.65601253042,1,0.9999792981065189
2006-03-31,47.547047,17.841743,0.0030937767246678937,True,False,0.00031935284031790463,2.1967417262058193,106173.53045272162,106175.72719444783,1,0.999979310320878
2006-04-03,47.494438,17.967644,0.003025097530524853,True,False,0.00031939927320706835,2.1970611254790264,106056.05347747252,106058.250538598,1,0.9999792843921682
2006-04-04,47.500286,18.025122,0.0030220692370315017,True,False,0.0003194457128474267,2.1973805711918737,106069.11218133036,106071.30956190155,1,0.9999792839309681
2006-04-05,47.611362,18.391869,0.0030713262183688773,True,False,0.00031949215923996133,2.1977000633511135,106317.14716589137,106319.34486595471,1,0.9999793292550276
2006-04-06,47.476856,18.588923,0.0031195718733039867,True,False,0.000319538612385654,2.198019601963499,106016.79251112018,106018.99053072213,1,0.9999792676803377
2006-04-07,47.260525,18.274181,0.003245697413855694,True,False,0.0003195850722854865,2.1983391870357845,105533.72095430263,105535.91929348966,1,0.9999791697537507
2006-04-10,47.319012,18.047024,0.0032641098864662206,True,False,0.000319631538940441,2.198658818574725,105664.32362402443,105666.522282843,1,0.9999791924748628
2006-04-11,47.406704,17.86912,0.0029897693090214492,True,False,0.0003196780123514997,2.1989784965870762,105860.14165731806,105862.34063581465,1,0.9999792279437297
2006-04-12,47.295616,18.025122,0.0030041213318754943,True,False,0.00031972449251964477,2.1992982210795957,105612.07987651112,105614.2791747322,1,0.9999791761280931
2006-04-13,47.044174,18.104475,0.002723981101434937,True,False,0.00031977097944585866,2.1996179920590415,105050.60473707515,105052.8043550672,1,0.9999790617870169
2006-04-17,47.225471,17.863646,0.0029274582827263965,True,False,0.00031981747313112414,2.1999378095321727,105455.44465385246,105457.644591662,1,0.9999791391338385
2006-04-18,47.377472,18.427446,0.003003232030268737,True,False,0.00031986397357642384,2.200257673505749,105794.86600219285,105797.06625986636,1,0.9999792030369906
2006-04-19,47.243015,18.635443,0.0029400635386298535,True,False,0.0003199104807827407,2.200577583986532,105494.62076542598,105496.82134300997,1,0.9999791408162257
2006-04-20,47.202049,18.723028,0.002906018519489756,True,False,0.0003199569947510577,2.200897540981283,105403.14284780627,105405.34374534726,1,0.9999791196777812
2006-04-21,47.301437,18.298811,0.0029430969661230267,True,False,0.000320003515482358,2.2012175444967657,105625.07828881557,105627.27950636006,1,0.9999791605203241
2006-04-24,47.359943,18.249544,0.0027430868822331212,True,False,0.000320050042977625,2.2015375945397433,105755.7233859268,105757.92492352134,1,0.9999791832376049
2006-04-25,47.06171,18.312496,0.0030032969496984383,True,False,0.00032009657723784207,2.201857691116981,105089.76298448468,105091.9648421758,1,0.9999790482774356
2006-04-26,47.038376,18.219439,0.002855394819668695,True,False,0.0003201431182639928,2.2021778342352447,105037.65768424209,105039.85986207632,1,0.9999790348365171
2006-04-27,47.166946,18.441124,0.002954808141645967,True,False,0.000320189666057061,2.2024980239013017,105324.75712935184,105326.95962737575,1,0.9999790889433086
2006-04-28,47.248844,18.260489,0.002937467143105013,True,False,0.0003202362206180306,2.2028182601219197,105507.63704189438,105509.8398601545,1,0.9999791221533173
2006-05-01,46.992954,18.090809,0.003141974455094631,True,False,0.0003202827819478855,2.2031385429038677,104936.22942729433,104938.43256583723,1,0.9999790054178528
2006-05-02,47.069233,18.246799,0.003177217334851452,True,False,0.00032032935004761,2.2034588722539152,105106.56199767253,105108.76545654479,1,0.9999790363928005
2006-05-03,47.004719,18.411013,0.0031806125477720306,True,False,0.00032037592491818834,2.2037792481788334,104962.5009134242,104964.70469267239,1,0.999979004568682
2006-05-04,46.975353,18.616297,0.0031085737532430885,True,False,0.000320422506560605,2.204099670685394,104896.92603355258,104899.13013322325,1,0.9999789883894378
2006-05-05,47.086903,18.753139,0.003136082007114912,True,False,0.0003204690949758446,2.2044201397803698,105146.01946982848,105148.22388996826,1,0.9999790351176822
2006-05-08,47.110363,18.712072,0.0029837343244605878,True,False,0.0003205156901648919,2.204740655470535,105198.4061306535,105200.61087130898,1,0.9999790425109016
2006-05-09,47.092728,18.534193,0.0029657586175847743,True,False,0.0003205622921287317,2.2050612177626636,105159.02681421491,105161.23187543267,1,0.999979031614803
2006-05-10,47.116222,18.145548,0.0029307764594464847,True,False,0.0003206089008683492,2.205381826663532,105211.48939773679,105213.69477956345,1,0.9999790390230923
2006-05-11,47.034073,17.672058,0.0029117926207137554,True,False,0.0003206555163847294,2.2057024821799165,105028.04899704985,105030.25469953203,1,0.9999789993608176
2006-05-12,46.85799,17.516062,0.0027862125431164686,True,False,0.0003207021386788577,2.2060231843185956,104634.85204913621,104637.05807232053,1,0.9999789173814233
2006-05-15,46.95776,17.354586,0.002679320288899422,True,False,0.0003207487677517196,2.2063439330863472,104857.6405039748,104859.84684790789,1,0.9999789591154346
2006-05-16,47.133831,17.269737,0.002718005847092653,True,False,0.00032079540360430066,2.2066647284899514,105250.8106556425,105253.017320371,1,0.9999790346653742
2006-05-17,46.998833,16.982365,0.0027193240694047523,False,False,0.0003208420462375866,2.206985570536189,104949.35735478753,104951.56434035806,1,0.9999789713894747
2006-05-18,47.333317,16.71142,0.0031705533327885936,False,False,0.00032088869565256335,2.2073064592318414,105696.26698221292,105698.47428867215,1,0.999979116950608
2006-05-19,47.304024,17.031633,0.0031400660904264753,False,False,0.000320935351850217,2.2076273945836915,105630.8551128375,105633.06274023208,1,0.9999791009809115
2006-05-22,47.368568,16.610142,0.003142828044208343,False,False,0.0003209820148315336,2.207948376598523,105774.98318770071,105777.19113607731,1,0.999979126422692
2006-05-23,47.350952,16.385725,0.002772302191235544,False,False,0.00032102868459749957,2.2082694052831204,105735.64629865153,105737.8545680568,1,0.9999791156212285
2006-05-24,47.421371,16.489725,0.0027775333049679988,False,False,0.00032107536114910133,2.2085904806442693,105892.89336892594,105895.10195940659,1,0.9999791436011697
2006-05-25,47.345081,16.538996,0.002755839348989756,False,False,0.0003211220444873255,2.2089116026887567,105722.53623532229,105724.74514692498,1,0.9999791069574145
2006-05-26,47.386158,16.651209,0.0027369807101644797,False,False,0.0003211687346131589,2.2092327714233697,105814.262018217,105816.47125098843,1,0.9999791220332213
2006-05-30,47.345081,16.270771,0.002419508472859823,False,False,0.00032121543152758837,2.2095539868548975,105722.53623532229,105724.74578930915,1,0.9999791008815356
2006-05-31,47.198349,16.530787,0.0025198381362031225,False,False,0.000321262135231601,2.209875248990129,105394.88067197282,105397.0905472218,1,0.9999790328628854
2006-06-01,47.277298,16.91394,0.002515820452724207,False,False,0.0003213088457261839,2.2101965578358556,105571.17540707409,105573.38560363192,1,0.9999790648320579
2006-06-02,47.642445,16.881102,0.002998176234644133,False,False,0.0003213555630123244,2.210517913398868,106386.55614195378,106388.76665986718,1,0.9999792222620603
2006-06-05,47.54821,16.380264,0.003028601993703274,False,False,0.00032140228709101,2.210839315685959,106176.12745555791,106178.3382948736,1,0.9999791780569258
2006-06-06,47.589485,16.30089,0.003029797635823144,False,False,0.00032144901796322836,2.2111607647039224,106268.29537651075,106270.50653727546,1,0.9999791930909454
2006-06-07,47.524666,15.942359,0.003052891391626425,False,False,0.00032149575562996716,2.2114822604595523,106123.55322101127,106125.76470327174,1,0.9999791616836247
2006-06-08,47.589485,15.849301,0.0030596294264824187,False,False,0.0003215425000922143,2.2118038029596447,106268.29537651075,106270.50718031371,1,0.9999791870401145
2006-06-09,47.707264,15.764458,0.003042042027808423,False,False,0.0003215892513509579,2.2121253922109956,106531.29829745326,106533.51042284547,1,0.9999792354031757
2006-06-12,47.683701,15.31287,0.0028731395047597997,False,False,0.00032163600940718606,2.212447028220403,106478.68163551719,106480.8940825454,1,0.9999792221219846
2006-06-13,47.748459,15.271821,0.0028605918239777866,False,False,0.0003216827742618872,2.212768710994665,106623.28757676644,106625.50034547743,1,0.9999792472841504
2006-06-14,47.430405,15.518132,0.003229072425115229,False,False,0.0003217295459160497,2.213090440540581,105913.06647608253,105915.27956652307,1,0.9999791050880515
2006-06-15,47.324398,16.117514,0.0031993032686972647,False,False,0.00032177632437066224,2.2134122168649517,105676.35067241335,105678.56408463021,1,0.9999790552394798
2006-06-16,47.294968,15.934146,0.0027807665806486377,False,False,0.00032182310962671363,2.2137340399745784,105610.63287923,105612.84661326998,1,0.9999790391594302
2006-06-19,47.241936,15.794565,0.002788535638277717,False,False,0.0003218699016851927,2.2140559098762638,105492.2113363113,105494.42539222118,1,0.9999790125790852
2006-06-20,47.206615,15.698776,0.0027714967078593653,False,False,0.0003219167005470885,2.214377826576811,105413.33881938884,105415.55319721541,1,0.9999789938224539
2006-06-21,47.200714,16.046358,0.002771105481493662,False,False,0.00032196350621339025,2.2146997900830243,105400.16176544473,105402.37646523482,1,0.9999789881417824
2006-06-23,47.00639,15.695152,0.0028778174341400225,False,False,0.0003220103186850874,2.2150218004017095,104966.23229067223,104968.44731247262,1,0.9999788982131573
2006-06-26,46.97694,15.774575,0.0028651375731018657,False,False,0.0003220571379631692,2.2153438575396724,104900.46983707898,104902.68518093652,1,0.9999788819146649
2006-06-27,47.100597,15.39116,0.002932125893651142,False,False,0.0003221039640486254,2.215665961503721,105176.5984524942,105178.8141184557,1,0.9999789342941345
2006-06-28,46.94746,15.363775,0.003004149518257028,False,False,0.00032215079694244584,2.2159881123006637,104834.64039287089,104836.85638098318,1,0.9999788625089612
2006-06-29,47.141834,15.87591,0.003098336457311241,False,False,0.0003221976366456203,2.216310309937309,105268.68151866819,105270.89782897812,1,0.999978946600099
2006-06-30,47.306763,15.87043,0.0031776396572653627,False,False,0.00032224448315913896,2.2166325544204684,105636.97135597473,105639.18798852916,1,0.9999790169481929
2006-07-03,47.284283,16.001881,0.0026162790157912936,False,False,0.0003222913364839919,2.2169548457569523,105586.77305523533,105588.99001008109,1,0.9999790039203372
2006-07-05,47.112835,15.569174,0.0026944844810585793,False,False,0.00032233819662116957,2.2172771839535734,105203.92615731843,105206.14343450239,1,0.9999789244514476
2006-07-07,47.408459,15.306262,0.003076429100263087,False,False,0.00032238506357166243,2.2175995690171453,105864.06060828772,105866.27820785674,1,0.9999790528239345
2006-07-10,47.443913,14.91738,0.0030702879873359887,False,False,0.00032243193733646114,2.2179220009544816,105943.23011693609,105945.44803893704,1,0.999979065433749
2006-07-11,47.49715,15.281624,0.0030647634291241627,False,False,0.0003224788179165564,2.218244479772398,106062.10942905638,106064.32767353614,1,0.9999790858573432
2006-07-12,47.538525,14.889991,0.0030146289742026583,False,False,0.0003225257053129392,2.218567005477711,106154.50065205876,106156.71921906424,1,0.9999791010213787
2006-07-13,47.644974,14.673635,0.0030610051982705743,False,False,0.00032257259952660054,2.2188895780772375,106392.20345078697,106394.42234036504,1,0.9999791446813727
2006-07-14,47.680408,14.594213,0.0030493091118552348,False,False,0.0003226195005585317,2.219212197577796,106471.32829902542,106473.547511223,1,0.9999791571498324
2006-07-17,47.639034,14.596949,0.0026347165350822516,False,False,0.000322666408409724,2.219534863986206,106378.93930904355,106381.15884390753,1,0.9999791360153611
2006-07-18,47.455734,14.553139,0.0027369542707469875,False,False,0.000322713323081169,2.2198575773092872,105969.62665221369,105971.846509791,1,0.9999790523837188
2006-07-19,47.757263,14.903687,0.0030582980303958513,False,False,0.0003227602445738583,2.220180337553861,106642.94708920905,106645.1672695466,1,0.9999791816132471
2006-07-20,47.857819,14.544927,0.003054060843741145,False,False,0.0003228071728887836,2.2205031447267496,106867.49069815713,106869.71120130185,1,0.9999792223341883
2006-07-21,47.82822,13.94516,0.0030510871551289935,False,False,0.0003228541080269369,2.2208259988347767,106801.39552451007,106803.6163505089,1,0.999979206453164
2006-07-24,47.82822,14.353218,0.0030495347084063015,False,False,0.00032290104998931044,2.221148899884766,106801.39552451007,106803.61667340995,1,0.9999792034299112
2006-07-25,47.780968,14.596949,0.002865548772674077,False,False,0.00032294799877689617,2.221471847883543,106695.88084005548,106698.10231190336,1,0.9999791798373191
2006-07-26,47.899216,14.643515,0.002867133864889739,False,False,0.0003229949543906866,2.2217948428379337,106959.93104761041,106962.15284245326,1,0.999979228214992
2006-07-27,47.893299,14.7065,0.0028494287211935122,False,False,0.0003230419168316742,2.2221178847547653,106946.71826533838,106948.94038322313,1,0.9999792226283235
2006-07-28,48.023365,15.144688,0.0027074247734072453,False,False,0.00032308888610085157,2.2224409736408663,107237.1583091094,107239.38075008304,1,0.9999792758876628
2006-07-31,48.100246,15.188501,0.002617526426185086,False,False,0.0003231358621992117,2.2227641095030655,107408.83515782592,107411.05792193543,1,0.9999793060030083
2006-08-01,48.111546,14.876299,0.002555294486209437,False,False,0.0003231828451277473,2.2230872923481932,107434.06828942536,107436.29137671771,1,0.999979307855252
2006-08-02,48.153053,15.040621,0.0025363965621366196,False,False,0.0003232298348874516,2.2234105221830807,107526.75427113315,107528.97768165533,1,0.999979322685195
2006-08-03,48.164928,15.292565,0.0023088372849010687,False,False,0.0003232768314793178,2.22373379901456,107553.27138951753,107555.49512331653,1,0.999979324777442
2006-08-04,48.402351,15.158378,0.002166748860562447,False,False,0.0003233238349043392,2.2240571228494646,108083.44181462671,108085.66587174956,1,0.9999794232000616
2006-08-07,48.337101,15.07622,0.002231263523805716,False,False,0.00032337084516350945,2.224380493694628,107937.73722729365,107939.96160778734,1,0.9999793924283411
2006-08-08,48.343002,14.991325,0.0022379908610537704,False,False,0.0003234178622578221,2.224703911556886,107950.91428123775,107953.13898514931,1,0.9999793919479093
2006-08-09,48.319286,15.057049,0.00225897694411422,False,False,0.00032346488618827107,2.225027376443074,107897.95596716586,107900.1809945423,1,0.9999793788355503
2006-08-10,48.331116,15.251493,0.0022367753240084653,False,False,0.0003235119169558501,2.2253508883600297,107924.37259962794,107926.5979505163,1,0.9999793808854294
2006-08-11,48.176785,14.854383,0.002401707947087145,False,False,0.00032355895456155355,2.2256744473145913,107579.74831353297,107581.97398798028,1,0.9999793118273925
2006-08-14,48.093697,15.057049,0.0024351976945830196,False,False,0.0003236059990063755,2.2259980533135977,107394.21110660072,107396.43710465403,1,0.9999792730735458
2006-08-15,48.325188,15.615731,0.002394059486982213,False,False,0.0003236530502913104,2.226321706363889,107911.13525413045,107913.36157583681,1,0.9999793693600695
2006-08-16,48.527012,16.127857,0.0021746084613444073,False,False,0.0003237001084173528,2.2266454064723065,108361.81238261942,108364.03902802589,1,0.999979452174112
2006-08-17,48.515148,16.16346,0.0021638622263653244,False,False,0.00032374717338549725,2.226969153645692,108335.31982746052,108337.54679661417,1,0.9999794441611473
2006-08-18,48.645737,16.171673,0.0021854679926132433,False,False,0.00032379424519673875,2.2272929478908887,108626.9277409507,108629.1550338986,1,0.9999794963612927
2006-08-21,48.70512,15.903296,0.0021775820302511488,False,False,0.00032384132385207206,2.227616789214741,108759.53119703651,108761.75881382573,1,0.9999795183820719
2006-08-22,48.722897,15.87591,0.002136169017639959,False,False,0.0003238884093524925,2.2279406776240935,108799.22760238548,108801.4555430631,1,0.9999795228780121
2006-08-23,48.675453,15.769096,0.0021481221551573385,False,False,0.0003239355016989952,2.2282646131257926,108693.28417799574,108695.51244260886,1,0.9999794999392059
2006-08-24,48.722897,15.87591,0.00213717734404646,False,False,0.00032398260089257555,2.228588595726685,108799.22760238548,108801.4561909812,1,0.9999795169230841
2006-08-25,48.788223,15.884117,0.002096178973770965,False,False,0.00032402970693422913,2.2289126254336193,108945.10189927618,108947.33081190161,1,0.9999795413746365
2006-08-28,48.782272,16.111423,0.002096533484090455,False,False,0.00032407681982495165,2.2292367022534445,108931.81319430731,108934.04243100957,1,0.9999795359039974
2006-08-29,48.823826,16.404463,0.002093804165806954,False,False,0.00032412393956573896,2.22956082619301,109024.60412797837,109026.83368880456,1,0.9999795503478295
2006-08-30,48.883213,16.724886,0.0020964251000358198,False,False,0.0003241710661575869,2.229884997259168,109157.21651614616,109159.44640114342,1,0.9999795722214543
2006-08-31,48.948532,16.555088,0.0020967329182839333,False,False,0.0003242181996014917,2.2302092154587694,109303.07518189341,109305.30539110886,1,0.9999795965144832
2006-09-01,49.021198,16.404463,0.0018708655199621684,False,False,0.0003242653398984497,2.230533480798668,109465.33984922126,109467.57038270206,1,0.999979623796591
2006-09-05,48.860317,16.601629,0.0020230719697129575,False,False,0.00032431248704945713,2.2308577932857174,109106.08927888061,109108.3201366739,1,0.999979553733478
2006-09-06,48.824558,16.070353,0.002041256838164682,False,False,0.0003243596410555107,2.231182152926773,109026.2386989811,109028.46988113403,1,0.9999795357840446
2006-09-07,48.860317,16.015577,0.0020284329360821807,False,False,0.000324406801917607,2.2315065597286905,109106.08927888061,109108.32078544034,1,0.9999795477875227
2006-09-08,48.907944,16.171673,0.002029087085990655,False,False,0.00032445396963674296,2.231831013698327,109212.441346021,109214.67317703471,1,0.9999795647329358
2006-09-11,48.818573,16.45923,0.001914273515445264,False,False,0.0003245011442139155,2.232155514842541,109012.87407131538,109015.10622683022,1,0.9999795243467433
2006-09-12,48.955627,17.015171,0.0018846220492042803,True,False,0.00032454832565012186,2.2324800631681914,109318.91846230916,109321.15094237232,1,0.9999795786996029
2006-09-13,49.003292,16.933016,0.0016454408541182583,False,False,0.0003245955139463592,2.2328046586821375,109425.35538422839,109427.58818888706,1,0.9999795955965435
2006-09-14,48.907944,16.987783,0.0015306929555087135,True,False,0.0003246427091036251,2.233129301391241,109212.441346021,109214.67447532239,1,0.9999795528456948
2006-09-15,48.878181,16.968618,0.0015407847403012484,True,False,0.000324689911122917,2.233453991302364,109145.97995701266,109148.21341100396,1,0.9999795374205266
2006-09-18,48.806709,17.179502,0.0014912892687900543,True,False,0.0003247371200052326,2.233778728422369,108986.38151615646,108988.61529488488,1,0.9999795044764779
2006-09-19,49.098644,16.897419,0.001968692953266319,False,False,0.00032478433575156983,2.2341035127581206,109638.27835451775,109640.51245803051,1,0.999979623375861
2006-09-20,49.110561,17.034348,0.001969005025290283,True,False,0.00032483155836292673,2.2344283443164836,109664.88925976292,109667.12368810724,1,0.9999796253583647
2006-09-21,49.462147,16.705711,0.002448297315602147,False,False,0.0003248787878403015,2.234753223104324,110449.98800370282,110452.22275692593,1,0.9999797672408275
2006-09-22,49.611065,16.508526,0.002497503856478716,False,False,0.0003249260241846922,2.2350781491285088,110782.5249498555,110784.76002800463,1,0.9999798250395762
2006-09-25,49.777916,16.91111,0.002556131631989423,False,False,0.00032497326739709746,2.2354031223959057,111155.10665255444,111157.34205567684,1,0.9999798897393456
2006-09-26,49.652813,16.900152,0.002665388154522318,False,False,0.00032502051747851585,2.235728142913384,110875.74908950271,110877.98481764563,1,0.9999798361401807
2006-09-27,49.640884,16.845345,0.0026772512767747436,False,False,0.000325067774429946,2.236053210687814,110849.11138801157,110851.34744122226,1,0.9999798283623763
2006-09-28,49.593212,17.026243,0.002704834273037197,True,False,0.0003251150382523869,2.2363783257260663,110742.65883494889,110744.89521327462,1,0.9999798060369155
2006-09-29,49.539631,16.850824,0.00272979917184139,False,False,0.0003251623089468376,2.236703488035013,110623.01136377812,110625.24806726615,1,0.9999797812567465
2006-10-02,49.626881,16.691845,0.002735196685535699,False,False,0.00032520958651429717,2.2370286976215277,110817.84240201273,110820.07943071035,1,0.9999798138684874
2006-10-03,49.620914,16.590427,0.002585002631668709,False,False,0.000325256870955765,2.2373539544924834,110804.51796871593,110806.75532267042,1,0.9999798085058264
2006-10-04,49.848194,16.952225,0.0026922378442061747,True,False,0.00032530416227224046,2.237679258654756,111312.03886693901,111314.27654619767,1,0.999979897643608
2006-10-05,49.674736,16.913857,0.002876324831337961,False,False,0.0003253514604647232,2.2380046101152207,110924.70359782613,110926.94160243624,1,0.9999798245171301
2006-10-06,49.405609,16.782293,0.003197805947884568,False,False,0.000325398765534213,2.2383300088807547,110323.73749092678,110325.97582093567,1,0.9999797116681522
2006-10-09,49.465435,16.946743,0.003152892118452873,True,False,0.0003254460774817097,2.2386554549582365,110457.3301750921,110459.56883054705,1,0.9999797332591585
2006-10-10,49.166359,16.897413,0.0034453157110187634,False,False,0.00032549339630821346,2.238980948354545,109789.48733737227,109791.72631832062,1,0.9999796070157247
2006-10-11,49.106564,17.067352,0.003454733847786794,True,False,0.0003255407220147243,2.2393064890765597,109655.9638768423,109658.20318333138,1,0.9999795792159266
2006-10-12,49.13644,17.278397,0.003421914314981737,True,False,0.0003255880546022427,2.2396320771311617,109722.67759716664,109724.91722924377,1,0.9999795886646926
2006-10-13,49.052719,17.511364,0.003444820206419981,True,False,0.00032563539407176893,2.2399577125252335,109535.72688826075,109537.96684597328,1,0.9999795508554976
2006-10-16,49.13644,17.629229,0.0034382081021955765,True,False,0.0003256827404243038,2.240283395265658,109722.67759716664,109724.9178805619,1,0.9999795827288956
2006-10-17,49.190258,17.182463,0.003181613336919989,True,False,0.000325730093660848,2.2406091253593186,109842.85429419484,109845.0949033202,1,0.9999796021012378
2006-10-18,49.178337,16.752157,0.003182262630087871,False,False,0.0003257774537824025,2.240934902813101,109816.23445686768,109818.4753917705,1,0.999979594190369
2006-10-19,49.13644,16.664444,0.0027160381490398027,False,False,0.00032582482078996833,2.241260727633891,109722.67759716664,109724.91885789427,1,0.9999795738219635
2006-10-20,49.124458,16.472582,0.0026006788248628034,False,False,0.0003258721946845467,2.2415865998285756,109695.92154558924,109698.16313218907,1,0.9999795658693288
2006-10-23,48.986927,16.489027,0.002482816108154607,False,False,0.00032591957546713893,2.2419125194040426,109388.81200381911,109391.05391633851,1,0.9999795055222604
2006-10-24,49.052719,16.341017,0.0024923935471062855,False,False,0.0003259669631387465,2.242238486367181,109535.72688826075,109537.9691267471,1,0.9999795300341586
2006-10-25,49.232151,16.656216,0.0026683052084639954,False,False,0.0003260143577003711,2.2425645007248813,109936.4022218139,109938.64478631463,1,0.9999796016723229
2006-10-26,49.399639,16.831629,0.0027960649583490304,False,False,0.0003260617591530145,2.2428905624840345,110310.40635856849,110312.64924913098,1,0.999979667875101
2006-10-27,49.561089,16.456133,0.0028907750135670463,False,False,0.0003261091674976787,2.243216671651532,110670.92751757111,110673.17073424275,1,0.9999797311610685
2006-10-30,49.585045,16.595922,0.0028643538415108584,False,False,0.00032615658273536563,2.2435428282342675,110724.42175656192,110726.66529939015,1,0.9999797380078036
2006-10-31,49.806332,16.686365,0.003035226133248643,False,False,0.00032620400486707763,2.2438690322391346,111218.5601629553,111220.80403198754,1,0.9999798250961071
2006-11-01,49.979233,16.393097,0.002960405011994112,False,False,0.00032625143389381704,2.2441952836730286,111604.65163965219,111606.89583493586,1,0.9999798919657529
2006-11-02,49.84116,16.308126,0.0029182151442875403,False,False,0.0003262988698165864,2.2445215825428453,111296.33180077348,111298.57632235602,1,0.9999798333306974
2006-11-03,49.462917,16.379389,0.0031690620298325495,False,False,0.0003263463126363883,2.2448479288554815,110451.70742948436,110453.95227741322,1,0.9999796761647495
2006-11-06,49.510979,16.645254,0.0031649368160157287,False,False,0.00032639376235422555,2.2451743226178356,110559.03086054031,110561.27603486292,1,0.999979692941298
2006-11-07,49.67905,16.754889,0.002899069611354349,False,False,0.0003264412189711012,2.2455007638368065,110934.33684824381,110936.58234900764,1,0.9999797586989225
2006-11-08,49.787151,16.743929,0.0028913592765253595,False,False,0.00032648868248801824,2.2458272525192946,111175.72859683064,111177.97442408316,1,0.9999797997106517
2006-11-09,49.781139,16.445169,0.002897010047729439,False,False,0.00032653615290597997,2.2461537886722005,111162.30367761153,111164.5498314002,1,0.9999797943337865
2006-11-10,49.889206,16.582211,0.002860392637022519,False,False,0.0003265836302259898,2.2464803723024267,111403.6195035015,111405.8659838738,1,0.999979835169787
2006-11-13,49.865177,16.867254,0.0028675872394185614,True,False,0.0003266311144490513,2.2468070034168757,111349.96225401452,111352.20906101794,1,0.9999798225197114
2006-11-14,49.967228,17.314026,0.002881667715638837,True,False,0.00032667860557616794,2.2471336820224517,111577.8442286034,111580.09136228541,1,0.999979860800842
2006-11-15,49.829163,17.459293,0.002982502610728629,True,False,0.00032672610360834375,2.24746040812606,111269.54225388866,111271.78971429678,1,0.9999798020647112
2006-11-16,49.703087,17.50588,0.003050207037276006,True,False,0.0003267736085465827,2.2477871817346062,110988.01196189475,110990.25974907649,1,0.9999797478879063
2006-11-17,49.883198,17.407217,0.0031172147522655577,True,False,0.00032682112039188877,2.248114002854998,111390.20351636439,111392.45163036724,1,0.9999798180759113
2006-11-20,49.913177,17.637447,0.0030028674664588357,True,False,0.0003268686391452664,2.2484408714941435,111457.14723779974,111459.39567867124,1,0.9999798272648277
2006-11-21,49.985287,17.322252,0.0030036747741216665,True,False,0.00032691616480771995,2.2487677876589514,111618.1703457321,111620.41911351976,1,0.9999798534371621
2006-11-22,50.06332,17.571665,0.0029401102196990763,True,False,0.0003269636973802539,2.2490947513563317,111792.41963405945,111794.66872881081,1,0.9999798819140757
2006-11-24,50.117348,17.516848,0.0028789733012882916,True,False,0.000327011236863873,2.2494217625931956,111913.06526539172,111915.31468715431,1,0.9999799006796444
2006-11-27,50.165359,17.064602,0.0028173436003038834,True,False,0.00032705878325958206,2.249748821376455,112020.27481240241,112022.52456122378,1,0.9999799169958883
2006-11-28,50.255474,17.086536,0.002829574038148577,True,False,0.0003271063365683862,2.2500759277130236,112221.50345435669,112223.7535302844,1,0.9999799500920533
2006-11-29,50.195389,17.072826,0.002711747023457255,True,False,0.00032715389679129043,2.250403081609815,112087.33241788302,112089.58282096463,1,0.9999799231737244
2006-11-30,50.459522,17.234541,0.0028442645968100207,True,False,0.0003272014639293001,2.2507302830737443,112677.1468204277,112679.39755071078,1,0.9999800253610509
2006-12-01,50.576454,16.990601,0.0027650176167573048,True,False,0.0003272490379834206,2.251057532111728,112938.25837301051,112940.50943054262,1,0.9999800686437182
2006-12-04,50.570412,17.305799,0.0019661616200843577,True,False,0.0003272966189546576,2.2513848287306826,112924.76646317655,112927.01784800529,1,0.999980063364183
2006-12-05,50.504105,17.363358,0.0020393947017472904,True,False,0.0003273442068440167,2.2517121729375265,112776.70157317974,112778.95328535268,1,0.9999800342873618
2006-12-06,50.425808,17.440094,0.0020331145792510763,True,False,0.0003273918016525039,2.252039564739179,112601.86276744156,112604.1148070063,1,0.9999800003794834
2006-12-07,50.407726,17.190683,0.0020183241267662643,True,False,0.00032743940338112506,2.25236700414256,112561.48529084146,112563.7376578456,1,0.9999799902965999
2006-12-08,50.17878,17.108461,0.0023239577225680243,True,False,0.0003274870120308865,2.2526944911545908,112050.24418047286,112052.49687496401,1,0.9999798960794808
2006-12-11,50.335419,17.072826,0.0023711781114021994,True,False,0.0003275346276027945,2.2530220257821933,112400.0222778715,112402.27529989727,1,0.9999799557258092
2006-12-12,50.425808,16.968681,0.002378948291514582,True,False,0.00032758225009785544,2.2533496080322912,112601.86276744156,112604.11611704959,1,0.999979988745654
2006-12-13,50.166733,16.839855,0.002668898505423161,True,False,0.000327629879517076,2.253677237911808,112023.34298256325,112025.59665980116,1,0.9999798824794948
2006-12-14,50.088398,17.094765,0.0026114237332829646,True,False,0.0003276775158614629,2.25400491542767,111848.41932204625,111850.67332696168,1,0.9999798480880947
2006-12-15,50.100456,17.092018,0.0025276041643351416,True,False,0.0003277251591320231,2.2543326405868016,111875.3450831813,111877.59941582188,1,0.9999798500088278
2006-12-18,50.124489,17.048164,0.0024120212689941103,True,False,0.00032777280932976357,2.2546604133961314,111929.01126475025,111931.26592516365,1,0.9999798567415926
2006-12-19,50.112476,16.853565,0.0024127493480569904,True,False,0.0003278204664556915,2.254988233862587,111902.18598953751,111904.44097777137,1,0.9999798489835241
2006-12-20,50.100456,16.930305,0.0023963610196704416,True,False,0.0003278681305108142,2.255316101993098,111875.3450831813,111877.60039928328,1,0.9999798412184929
2006-12-21,50.281193,16.69455,0.002502254184374124,False,False,0.00032791580149613934,2.255644017794594,112278.93450848112,112281.19015249892,1,0.9999799107578505
2006-12-22,50.052204,16.593117,0.0027095777433932926,False,False,0.0003279634794126743,2.2559719812740067,111767.59737823119,111769.85335021246,1,0.99997981591714
2006-12-26,50.088398,16.72197,0.0027054219112380502,True,False,0.000328011164261427,2.2562999924382683,111848.41932204625,111850.67562203869,1,0.999979827569392
2006-12-27,49.954792,16.815166,0.0027270287937752164,True,False,0.0003280588560434054,2.2566280512943115,111550.07438572105,111552.33101377235,1,0.9999797706777547
2006-12-28,49.840038,16.820654,0.0027571139377192415,True,False,0.00032810655475961736,2.2569561578490713,111293.82635177749,111296.08330793533,1,0.999979721153784
2006-12-29,49.81583,16.724707,0.002421454504038444,True,False,0.00032815426041107133,2.2572843121094825,111239.76939162181,111242.02667593393,1,0.9999797083496268
2007-01-03,49.960888,16.675364,0.002462838889692173,False,False,0.0003016878398089182,2.2575859999492915,111563.68687866177,111565.94446466172,1,0.9999797645597787
2007-01-04,50.142128,17.001577,0.0026380295470330773,True,False,0.0003017281606281434,2.2578877281099197,111968.39951327084,111970.65740099894,1,0.9999798350051655
2007-01-05,49.979019,16.678102,0.0027074438976696256,True,False,0.00030176848683627816,2.258189496596756,111604.17377326614,111606.43196276274,1,0.9999797664932308
2007-01-08,50.015263,16.7439,0.002709759978307501,True,False,0.00030180881843404263,2.25849130541519,111685.10736810598,111687.3658594114,1,0.9999797784531129
2007-01-09,50.003159,16.804209,0.0027099988949750116,True,False,0.00030184915542215716,2.258793154570612,111658.07888802813,111660.3376811827,1,0.9999797708550638
2007-01-10,49.918533,17.092039,0.00255032465550268,True,False,0.00030188949780134215,2.2590950440684137,111469.10729557378,111471.36639061784,1,0.9999797338534799
2007-01-11,49.785599,17.144125,0.002474031252244227,True,False,0.00030192984557231815,2.259396973913986,111172.26294902156,111174.52234599547,1,0.999979677025579
2007-01-12,49.682892,17.187983,0.0024317877104911355,True,False,0.0003019701987358058,2.259698944112722,110942.91611298763,110945.17581193174,1,0.9999796322920076
2007-01-16,49.779613,17.04818,0.002266721735815354,True,False,0.00030201055729252573,2.2600009546700144,111158.89608833536,111161.15608929003,1,0.9999796691485211
2007-01-17,49.682892,16.927557,0.0022787304511574027,True,False,0.0003020509212431988,2.2603030055912576,110942.91611298763,110945.17641599322,1,0.9999796268474339
2007-01-18,49.749397,16.310768,0.0023081397222642556,False,False,0.0003020912905885459,2.260605096881846,111091.42314104256,111093.68374613943,1,0.99997965136252
2007-01-19,49.670841,16.464285,0.0023150464865368744,False,False,0.000302131665329288,2.2609072285471754,110916.00598299605,110918.2668902246,1,0.9999796164573075
2007-01-22,49.761459,16.286093,0.002370393703494949,False,False,0.00030217204546614633,2.2612094005926417,111118.35783425959,111120.61904366018,1,0.9999796508566993
2007-01-23,49.616432,16.269646,0.002438463940475741,False,False,0.000302212430999842,2.2615116130236417,110794.50957085499,110796.77108246801,1,0.9999795886505453
2007-01-24,49.622471,16.51911,0.0022482816825542882,False,False,0.0003022528219310963,2.2618138658455726,110807.99478162747,110810.25659549331,1,0.9999795884069279
2007-01-25,49.429115,16.450579,0.002192053298685998,False,False,0.0003022932182606305,2.2621161590638335,110376.22687069462,110378.48898685368,1,0.9999795058241888
2007-01-26,49.423069,16.672619,0.0021727354827977908,True,False,0.00030233361998916635,2.2624184926838224,110362.72602877865,110364.98844727133,1,0.9999795005778145
2007-01-29,49.386806,16.57942,0.0021213456052015284,False,False,0.00030237402711742517,2.2627208667109397,110281.75000654941,110284.01272741612,1,0.9999794827843969
2007-01-30,49.435162,16.653425,0.0021074086145642643,True,False,0.0003024144396461288,2.263023281150586,110389.72994563104,110391.9929689122,1,0.9999795001139097
2007-01-31,49.616432,16.669878,0.0022949022201932726,True,False,0.00030245485757599894,2.263325736008162,110794.50957085499,110796.772896591,1,0.9999795722774514
2007-02-01,49.580647,16.809685,0.0021766337574061095,True,False,0.00030249528090775757,2.26362823128907,110714.6009324226,110716.86456065389,1,0.999979554801879
2007-02-02,49.623131,16.916599,0.0019887066310941056,True,False,0.0003025357096421265,2.263930766998712,110809.46857515452,110811.73250592152,1,0.9999795695752083
2007-02-05,49.677673,16.979647,0.0019100658342196472,True,False,0.00030257614377982787,2.2642333431424917,110931.26197902147,110933.52621236461,1,0.999979589278188
2007-02-06,49.81723,16.916599,0.002022305816527167,True,False,0.00030261658332158387,2.2645359597258135,111242.89562031555,111245.16015627528,1,0.9999796437350035
2007-02-07,49.926365,17.144125,0.0020913819130484357,True,False,0.0003026570282681167,2.2648386167540817,111486.59631209473,111488.86115071148,1,0.9999796855166213
2007-02-08,49.938534,17.078346,0.002057132061875817,True,False,0.0003026974786201487,2.265141314232702,111513.76993850479,111516.03507981902,1,0.9999796877524151
2007-02-09,49.786919,16.823389,0.0020843653046863438,True,False,0.0003027379343784024,2.2654440521670804,111175.21053607567,111177.47598012784,1,0.9999796231742788
2007-02-12,49.720165,16.6315,0.002052653534716011,True,False,0.00030277839554360034,2.265746830562624,111026.14748591735,111028.41323274792,1,0.9999795930900515
2007-02-13,49.683804,16.719219,0.0020085287246785054,True,False,0.000302818862116465,2.2660496494247404,110944.95262767955,110947.21867732897,1,0.9999795754262573
2007-02-14,49.968872,17.04818,0.0023411436245459735,True,False,0.00030285933409771927,2.266352508758838,111581.51531429804,111583.7816668068,1,0.999979689230147
2007-02-16,50.102318,17.127678,0.0023908858008128125,True,False,0.000302899811488086,2.266655408570326,111879.50296734396,111881.76962275253,1,0.9999797406189032
2007-02-20,50.162945,17.127678,0.0023532116817847636,True,False,0.00030294029428828804,2.2669583488646143,112014.8843009262,112017.15125927507,1,0.9999797623995668
2007-02-21,50.156876,17.113976,0.0023354722491979326,True,False,0.00030298078249904847,2.2672613296471136,112001.33209953885,112003.5993608685,1,0.9999797572458154
2007-02-22,50.029488,17.475821,0.0023087697413609505,True,False,0.00030302127612109045,2.2675643509232346,111716.87208465484,111719.13964900577,1,0.9999797029912865
2007-02-23,50.229683,17.571775,0.0024414413513028092,True,False,0.0003030617751551371,2.2678674126983895,112163.9116227566,112166.17949016929,1,0.9999797811833924
2007-02-26,50.387379,17.5471,0.002257121045065549,True,False,0.00030310227960191175,2.2681705149779914,112516.050022819,112518.31819333398,1,0.9999798417666439
2007-02-27,50.811935,16.927557,0.0027835460345448236,True,False,0.0003031427894621379,2.2684736577674536,113464.09227231739,113466.36074597515,1,0.9999800075225569
2007-02-28,50.636063,16.963196,0.0029549138458863857,True,False,0.00030318330473653906,2.26877684107219,113071.3664917283,113073.63526856937,1,0.9999799354037244
2007-03-01,50.681713,16.842579,0.0029553380173796993,True,False,0.00030322382542583877,2.269080064897616,113173.30387734906,113175.57295741396,1,0.9999799507967523
2007-03-02,50.846031,16.5054,0.0029386045233693436,True,False,0.0003032643515307608,2.2693833292491465,113540.22933913284,113542.49872246209,1,0.9999800129171476
2007-03-05,50.876469,16.327223,0.002907266662599767,False,False,0.0003033048830520288,2.2696866341321984,113608.19801697564,113610.46770360977,1,0.9999800222049957
2007-03-06,50.809525,16.716476,0.0029643718126482537,True,False,0.00030334541999036687,2.269989979552189,113458.71069292318,113460.98068290274,1,0.9999799932103011
2007-03-07,50.900776,16.647947,0.002967430218070222,True,False,0.0003033859623464989,2.2702933655145356,113662.47604616039,113664.7463395259,1,0.9999800264071437
2007-03-08,50.894703,16.815166,0.002957038366112063,True,False,0.0003034265101211491,2.270596792024657,113648.91491269106,113651.18550948308,1,0.9999800213540946
2007-03-09,50.608673,16.919334,0.0032990686265018557,True,False,0.00030346706331504144,2.2709002590879717,113010.20406035587,113012.47496061496,1,0.9999799057558922
2007-03-12,50.748646,17.053659,0.003329509315165322,True,False,0.00030350762192890037,2.2712037667099008,113322.76663817608,113325.03784194279,1,0.9999799584998165
2007-03-13,50.973824,16.705515,0.003294145938013849,True,False,0.00030354818596345026,2.271507314895864,113825.59372731755,113827.86523463245,1,0.9999800443651454
2007-03-14,50.906868,16.806942,0.0032930526411759134,True,False,0.00030358875541941553,2.2718109036512835,113676.07960701914,113678.3514179228,1,0.9999800154481895
2007-03-15,50.852089,16.798725,0.0033044755965537,True,False,0.0003036293302975208,2.272114532981581,113553.75697729473,113556.02909182772,1,0.9999799912470421
2007-03-16,50.846031,16.689064,0.003134040443940944,True,False,0.00030366991059849066,2.272418202892179,113540.22933913284,113542.50175733573,1,0.999979986188716
2007-03-19,50.779079,16.601345,0.0031404429258672264,True,False,0.00030371049632305,2.272721913388502,113390.72415091642,113392.9968728298,1,0.9999799571227849
2007-03-20,50.852089,16.768562,0.0031429061735290345,True,False,0.00030375108747192364,2.273025664475974,113553.75697729473,113556.0300029592,1,0.9999799832235733
2007-03-21,50.925175,17.072851,0.0031412483291413896,True,False,0.00030379168404583655,2.27332945616002,113716.95951323073,113719.23284268689,1,0.9999800092789994
2007-03-22,50.754765,16.837103,0.003190829980197442,True,False,0.0003038322860455138,2.2736332884460655,113336.43049058819,113338.70412387664,1,0.9999799394804623
2007-03-23,50.675671,16.938524,0.0031320164226133714,True,False,0.0003038728934716805,2.2739371613395374,113159.81196751508,113162.08590467642,1,0.9999799054856301
2007-03-26,50.718239,16.92617,0.0030695942598252483,True,False,0.000303913506325062,2.2742410748458624,113254.86718396861,113257.14142504346,1,0.9999799196673496
2007-03-27,50.706085,16.860321,0.002412755153643777,True,False,0.00030395412460638353,2.274545028970469,113227.727052866,113230.00159789497,1,0.9999799121699473
2007-03-28,50.699936,16.651766,0.0022796272173299602,True,False,0.00030399474831637065,2.2748490237187853,113213.99620983902,113216.27105886274,1,0.9999799070486739
2007-03-29,50.626915,16.495348,0.002294427532600822,True,False,0.00030403537745574876,2.275153059096241,113050.93882023523,113053.21397329432,1,0.9999798753792207
2007-03-30,50.566078,16.547478,0.002170691132945952,True,False,0.0003040760120252437,2.2754571351082666,112915.08855234894,112917.36400948405,1,0.9999798484745454
2007-04-02,50.622288,16.52553,0.0021845403909746285,True,False,0.00030411665202558104,2.2757612517602923,113040.60663440243,113042.88239565419,1,0.9999798681597326
2007-04-03,50.579544,16.638039,0.0021749443752222264,True,False,0.0003041572974574867,2.27606540905775,112945.15840634168,112947.43447175073,1,0.9999798484541088
2007-04-04,50.658981,16.777996,0.0021644951687839068,True,False,0.00030419794832168656,2.2763696070060715,113122.54285544476,113124.81922505176,1,0.999979877363583
2007-04-05,50.530674,16.912464,0.00222414892553025,True,False,0.0003042386046189067,2.2766738456106905,112836.03069472534,112838.30736857095,1,0.9999798235732288
2007-04-09,50.298485,16.874041,0.0021041908513401947,True,False,0.0003042792663498733,2.2769781248770404,112317.54789888974,112319.82487701462,1,0.9999797277272523
2007-04-10,50.402367,17.01948,0.002055787091985542,True,False,0.0003043199335153124,2.2772824448105555,112549.51853400594,112551.79581645074,1,0.9999797668048894
2007-04-11,50.34124,16.846594,0.0017277519509199689,True,False,0.00030436060611595045,2.2775868054166715,112413.02069017594,112415.29827698135,1,0.9999797395297586
2007-04-12,50.390137,17.01948,0.001755066292182284,True,False,0.0003044012841525139,2.277891206700824,112522.20869334567,112524.48658455237,1,0.9999797564843365
2007-04-13,50.304615,16.986549,0.0017710713832444368,True,False,0.0003044419676257292,2.27819564866845,112331.23631452731,112333.51451017598,1,0.9999797193592793
2007-04-16,50.359592,17.107298,0.0018066250632633371,True,False,0.000304482656536323,2.278500131324986,112454.00108230983,112456.27958244116,1,0.9999797387914682
2007-04-17,50.573421,17.090826,0.0020777954208474323,True,False,0.000304523350885022,2.2788046546758713,112931.48562184759,112933.76442650227,1,0.9999798217595398
2007-04-18,50.689529,17.447573,0.002121727249720632,True,False,0.00030456405067255297,2.279109218726544,113190.75716554208,113193.0362747608,1,0.9999798652877091
2007-04-19,50.68338,17.551859,0.0020883748697954102,True,False,0.0003046047558996429,2.2794138234824435,113177.02632251508,113179.30573633857,1,0.9999798601536857
2007-04-20,50.628441,17.617714,0.001968542250426287,True,False,0.00030464546656701867,2.2797184689490106,113054.34640951142,113056.62612798037,1,0.9999798356049793
2007-04-23,50.732304,17.483244,0.0019953078147161656,True,False,0.0003046861826754075,2.280023155131686,113286.27461723819,113288.55464039333,1,0.9999798741968032
2007-04-24,50.829987,17.916826,0.0020321008157088635,True,False,0.00030472690422553647,2.2803278820359116,113504.40275830263,113506.68308618467,1,0.9999799101883692
2007-04-25,50.799469,18.084223,0.0020369663819945617,True,False,0.00030476763121813294,2.2806326496671296,113436.25543882017,113438.53607146983,1,0.9999798954329926
2007-04-26,50.652836,18.078733,0.0021435683425684573,True,False,0.00030480836365392436,2.2809374580307837,113108.82094449976,113111.10188195779,1,0.9999798345394919
2007-04-27,50.652836,17.809813,0.0021182859935704188,True,False,0.0003048491015336381,2.2812423071323176,113108.82094449976,113111.1021868069,1,0.9999798318444164
2007-04-30,50.87281,17.554605,0.00230299989099487,True,False,0.00030488984485800184,2.2815471969771757,113600.02739498252,113602.3089421795,1,0.9999799163659768
2007-05-01,50.875237,17.598503,0.0022956117518825757,True,False,0.00030493059362774323,2.2818521275708035,113605.44693572515,113607.72878785273,1,0.9999799146400344
2007-05-02,50.813904,17.743952,0.0023060796750440067,True,False,0.00030497134784358994,2.2821570989186473,113468.48908967308,113470.771246772,1,0.999979887709638
2007-05-03,50.758728,17.848227,0.002301426740566125,True,False,0.00030501210750627007,2.2824621110261534,113345.27995081195,113347.56241292297,1,0.999979863156627
2007-05-04,50.887501,18.015623,0.002275049163669818,True,False,0.0003050528726165113,2.28276716389877,113632.83269908228,113635.11546624618,1,0.9999799114283069
2007-05-08,50.930443,17.900366,0.001953701208581747,True,False,0.00030509364317504197,2.283072257541945,113728.72306520113,113731.00613745868,1,0.9999799256831089
2007-05-09,50.764835,18.224174,0.0021038871348225195,True,False,0.00030513441918259015,2.2833773919611273,113358.91700697812,113361.20038437008,1,0.9999798575051763
2007-05-10,50.893635,17.889387,0.002123320987738264,True,False,0.000305175200639884,2.283682567161767,113646.53004680184,113648.813729369,1,0.9999799057949466
2007-05-11,50.789406,18.139114,0.0021976319591687616,True,False,0.0003052159875476521,2.283987783149315,113413.7845535737,113416.06854135684,1,0.999979861867789
2007-05-14,50.715748,18.114412,0.0021858977051783493,True,False,0.00030525677990662274,2.2842930399292216,113249.30472991426,113251.5890229542,1,0.99997982992504
2007-05-15,50.709656,17.872925,0.00218270155209579,True,False,0.0003052975777175246,2.284598337506939,113235.70116905554,113237.98576739304,1,0.9999798248059428
2007-05-16,50.678997,17.875662,0.0019883152739517906,True,False,0.0003053383809810862,2.28490367588792,113167.2389936832,113169.52389735909,1,0.9999798099029032
2007-05-17,50.544102,17.793343,0.0020100319439621994,True,False,0.00030537918969803635,2.285209055077618,112866.01569393928,112868.30090299435,1,0.999979753313935
2007-05-18,50.396873,17.820789,0.002103445659957765,True,False,0.00030542000386910386,2.285514475081487,112537.25031940352,112539.5358338786,1,0.9999796914528024
2007-05-21,50.464375,17.837259,0.002124550763271015,True,False,0.00030546082349501786,2.285819935904982,112687.98366889248,112690.26948882839,1,0.9999797159067392
2007-05-22,50.323315,17.919579,0.002135498919708937,True,False,0.00030550164857650713,2.2861254375535585,112372.99379779365,112375.27992323121,1,0.9999796563315426
2007-05-23,50.225227,17.661627,0.0020883910052088795,True,False,0.000305542479114301,2.286430980032673,112153.96128342852,112156.24771440856,1,0.999979613877723
2007-05-24,50.292641,17.351519,0.0021329541937529753,True,False,0.0003055833151091287,2.286736563347782,112304.4981271139,112306.78486367724,1,0.999979638482518
2007-05-25,50.237457,17.442085,0.002063806101827461,True,False,0.0003056241565617195,2.2870421875043436,112181.2711240888,112183.5581662763,1,0.9999796133923288
2007-05-29,50.133221,17.551859,0.0020940347537362586,True,False,0.00030566500347280277,2.2873478525078164,111948.5099997172,111950.7973475697,1,0.9999795682754683
2007-05-30,50.182255,17.433849,0.0017986674176675248,True,False,0.00030570585584310816,2.2876535583636595,112058.0039266948,112060.29158025316,1,0.9999795855112805
2007-05-31,50.163834,17.702785,0.0017921732592699805,True,False,0.00030574671367336533,2.287959305077333,112016.86945614673,112019.1574154518,1,0.9999795752855327
2007-06-01,49.947723,17.86195,0.0019647644881275847,True,False,0.0003057875769643039,2.288265092654297,111534.28916383818,111536.57742893083,1,0.9999794841733053
2007-06-04,50.027786,17.818037,0.0020389755658233454,True,False,0.0003058284457166537,2.2885709211000136,111713.07148377145,111715.36005469254,1,0.9999795142680471
2007-06-05,49.86771,17.732973,0.001958407695328198,True,False,0.0003058693199311447,2.2888767904199447,111355.61849492969,111357.90737172011,1,0.9999794457632651
2007-06-06,49.892345,17.505207,0.001942467277399931,True,False,0.0003059101996085069,2.2891827006195533,111410.62895483695,111412.91813753758,1,0.9999794531663034
2007-06-07,49.393581,17.181387,0.0027695582158741403,True,False,0.0003059510847494705,2.289488651704303,110296.87872040659,110299.16820905829,1,0.9999792429200611
2007-06-08,49.485958,17.661627,0.0027238156132123044,True,False,0.00030599197535476557,2.2897946436796577,110503.15845472176,110505.44824936545,1,0.9999792788981905
2007-06-11,49.356628,17.593006,0.002733839043863089,True,False,0.0003060328714251225,2.290100676551083,110214.36191403544,110216.65201471199,1,0.9999792218268775
2007-06-12,49.005707,17.45307,0.003016876532965887,True,False,0.0003060737729612718,2.290406750324044,109430.74812872508,109433.03853547541,1,0.9999790702444072
2007-06-13,49.165794,17.73572,0.0032001498465532483,True,False,0.00030611467996394373,2.290712865004008,109788.2256807923,109790.5163936573,1,0.9999791356035089
2007-06-14,49.178135,17.966225,0.003219060703600102,True,False,0.00030615559243386906,2.291019020596442,109815.78338672758,109818.07440574818,1,0.9999791380514274
2007-06-15,49.393581,18.268095,0.003460817231480824,True,False,0.00030619651037177843,2.2913252171068135,110296.87872040659,110299.1700456237,1,0.9999792262696432
2007-06-18,49.368958,18.2626,0.0034380469185208333,True,False,0.00030623743377840274,2.291631454540592,110241.89505674527,110244.18668819981,1,0.9999792131311103
2007-06-19,49.609066,18.111668,0.0036487470909105386,True,False,0.0003062783626544728,2.2919377329032464,110778.06114188494,110780.35307961785,1,0.9999793109728468
2007-06-20,49.448978,17.990923,0.0036621536831493904,True,False,0.00030631929700071964,2.292244052200247,110420.58135679722,110422.87360084942,1,0.9999792412207956
2007-06-21,49.387444,18.523306,0.0036546448073535537,True,False,0.0003063602368178743,2.292550412437065,110283.17467362556,110285.467224038,1,0.999979212579226
2007-06-22,49.53524,18.303762,0.0037242892617051796,True,False,0.00030640118210666805,2.2928568136191716,110613.20617078227,110615.49902759588,1,0.9999792718304961
2007-06-25,49.695324,18.073246,0.003827657763958703,True,False,0.00030644213286783217,2.2931632557520394,110970.677023788,110972.97018704376,1,0.9999793358396023
2007-06-26,49.707638,17.977207,0.0038138794421441018,True,False,0.000306483089102098,2.2934697388411416,110998.17443816991,111000.46790790875,1,0.9999793381975584
2007-06-27,49.701458,18.38061,0.0038004672674530793,True,False,0.00030652405081019705,2.2937762628919516,110984.37437150755,110986.66814777044,1,0.9999793328667202
2007-06-28,49.670666,18.207718,0.00380048743379912,True,False,0.00030656501799286085,2.2940828279099446,110915.61520440932,110917.90928723723,1,0.9999793172911151
2007-06-29,49.929276,18.090105,0.0038908202269146842,True,False,0.0003066059906508212,2.2943894339005952,111493.09663475721,111495.3910241911,1,0.9999794216656597
2007-07-02,50.005344,18.32918,0.003889122419481249,True,False,0.00030664696878480974,2.29469608086938,111662.95803781087,111665.25273389173,1,0.9999794502226549
2007-07-03,49.856937,18.378637,0.003879439070875796,True,False,0.00030668795239555845,2.295002768821776,111331.56216513138,111333.8571679002,1,0.9999793862996648
2007-07-05,49.578808,18.494059,0.004071834286238723,True,False,0.00030672894148379927,2.2953094977632595,110710.49440773133,110712.78971722908,1,0.9999792678921413
2007-07-06,49.461369,18.647945,0.0034150575184697172,True,False,0.00030676993605026424,2.2956162676993097,110448.25071375728,110450.54633002498,1,0.999979215890333
2007-07-09,49.640587,18.782597,0.0034852129759146435,True,False,0.0003068109360956856,2.2959230786354055,110848.4481809244,110850.74410400304,1,0.9999792881581698
2007-07-10,49.980568,18.634211,0.0037213683835455496,True,False,0.0003068519416207955,2.2962299305770264,111607.63272201372,111609.9289519443,1,0.9999794262934119
2007-07-11,49.807522,18.617722,0.003394736575056436,True,False,0.0003068929526263264,2.2965368235296526,111221.21745734497,111223.5139941685,1,0.9999793520565835
2007-07-12,49.66534,19.112366,0.003437837567565435,True,False,0.0003069339691130107,2.2968437574987655,110903.72213725015,110906.01898100766,1,0.9999792901793915
2007-07-13,49.776604,19.076632,0.003458738644157033,True,False,0.00030697499108158107,2.2971507324898472,111152.17692966432,111154.4740803968,1,0.9999793337087735
2007-07-16,49.974411,19.181059,0.0034366230242238414,True,False,0.0003070160185327701,2.29745774850838,111593.88401482278,111596.18147257129,1,0.9999794127566176
2007-07-17,49.869308,19.477852,0.00348175944141076,True,False,0.00030705705146731046,2.297764805559847,111359.18686168152,111361.48462648707,1,0.9999793666112368
2007-07-18,50.048557,19.137102,0.0034094190663183387,True,False,0.0003070980898859352,2.298071903649733,111759.45355248402,111761.75162438767,1,0.9999794377605017
2007-07-19,50.042377,19.268997,0.0033023243975145284,True,False,0.00030713913378937704,2.2983790427835222,111745.65348582166,111747.95186486444,1,0.9999794324727709
2007-07-20,50.289642,19.035414,0.003407998930803269,True,False,0.00030718018317836917,2.2986862229667007,112297.80129864781,112300.09998487079,1,0.9999795308621873
2007-07-23,50.271061,19.032663,0.0033825953130860176,True,False,0.0003072212380536448,2.298993444204754,112256.30954482045,112258.60853826466,1,0.9999795205599451
2007-07-24,50.407066,18.645203,0.0033642570609290407,True,False,0.000307262298415937,2.2993007065031703,112560.01149731442,112562.31079802093,1,0.9999795730854297
2007-07-25,50.475067,18.689165,0.003365279593533686,True,False,0.0003073033642659793,2.2996080098674363,112711.85912403066,112714.15873204052,1,0.9999795978780684
2007-07-26,50.876869,18.364904,0.003716590612089911,True,False,0.000307344435604505,2.2999153543030406,113609.09122517385,113611.39114052815,1,0.999979756296167
2007-07-27,50.975727,18.068113,0.0036957884318943564,True,False,0.0003073855124322477,2.3002227398154727,113829.84316532053,113832.14338806034,1,0.9999797928540098
2007-07-30,50.84594,18.392384,0.003671601717705869,True,False,0.000307426594749941,2.3005301664102227,113540.02613426774,113542.32666443415,1,0.9999797385676866
2007-07-31,51.056087,18.098349,0.0037399258663872387,True,False,0.0003074676825583187,2.300837634092781,114009.28869234097,114011.58952997506,1,0.9999798192653608
2007-08-01,50.914616,18.197281,0.003729020061431364,True,False,0.0003075087758581146,2.301145142868639,113693.38104981846,113695.68219496134,1,0.9999797604878351
2007-08-02,50.951851,18.205517,0.0033885836533271295,True,False,0.00030754987465006256,2.3014526927432892,113776.52756796936,113778.8290206621,1,0.9999797725753328
2007-08-03,51.280731,17.664162,0.0034489350670787173,True,False,0.0003075909789348968,2.301760283722224,114510.92334853785,114513.22510882157,1,0.9999798996117564
2007-08-06,51.075985,17.897745,0.0036530226477575847,True,False,0.0003076320887133513,2.3020679158109374,114053.72133416095,114056.02340207675,1,0.9999798163407145
2007-08-07,51.069763,17.883997,0.0034363749662472878,True,False,0.00030767320398616027,2.3023755890149236,114039.82748063779,114042.1298562268,1,0.9999798111838851
2007-08-08,50.716042,18.28521,0.0037524969308962938,True,False,0.00030771432475405807,2.3026833033396774,113249.96123793996,113252.2639212433,1,0.9999796676620528
2007-08-09,51.00148,18.153311,0.003783409006055423,True,False,0.00030775545101777916,2.302991058790695,113887.3501421418,113889.6531332006,1,0.9999797787507869
2007-08-10,50.927036,18.04888,0.003826707382124519,True,False,0.00030779658277805795,2.3032988553734732,113721.1151643729,113723.41846322827,1,0.9999797464859349
2007-08-13,51.007713,17.98567,0.0037708547764032756,True,False,0.0003078377200356293,2.303606693093509,113901.26855889043,113903.57216558352,1,0.9999797758169537
2007-08-14,51.193836,17.757595,0.003738748245289647,True,False,0.0003078788627912277,2.3039145719563003,114316.88503257913,114319.18894715108,1,0.9999798466504778
2007-08-15,51.286903,17.268442,0.0037027679551639896,False,False,0.0003079200110455881,2.3042224919673457,114524.70555103623,114527.00977352819,1,0.9999798805321424
2007-08-16,51.485512,17.254707,0.003733761210735386,False,False,0.0003079611647994453,2.3045304531321453,114968.20351863207,114970.5080490852,1,0.9999799554642992
2007-08-17,51.522728,17.554241,0.003643163990153917,True,False,0.00030800232405353437,2.3048384554561987,115051.30760939357,115053.61244784902,1,0.9999799672656389
2007-08-20,51.634426,17.760344,0.003629346821417364,True,False,0.0003080434888085904,2.3051464989450072,115300.73153270278,115303.03667920172,1,0.9999800079289728
2007-08-21,51.8578,17.897745,0.003678913856815687,True,False,0.00030808465906534866,2.3054545836040727,115799.53025287033,115801.83570745394,1,0.9999800913813712
2007-08-22,51.690292,18.021404,0.0038234641865612083,True,False,0.00030812583482454437,2.3057627094388975,115425.48145570583,115427.78721841527,1,0.9999800241972492
2007-08-23,51.708893,17.856525,0.0034804987731338094,True,False,0.000308167016086913,2.306070876454984,115467.0178699431,115469.32394081955,1,0.9999800287141403
2007-08-24,51.727505,18.112089,0.003471424110892723,True,False,0.00030820820285319,2.3063790846578374,115508.57884740582,115510.88522649049,1,0.9999800332316722
2007-08-27,51.87022,17.952703,0.003409617333256965,True,False,0.00030824939512411097,2.3066873340529614,115827.26436742477,115829.57105475882,1,0.999980085505687
2007-08-28,52.137077,17.488287,0.00346521165502113,True,False,0.0003082905929004117,2.306995624645862,116423.16151779925,116425.4685134239,1,0.9999801847855619
2007-08-30,52.199112,18.010416,0.003346407720215501,True,False,0.0003083317961828279,2.307303956442045,116561.68694423919,116563.99424819564,1,0.9999802056889752
2007-08-31,52.211483,18.345661,0.0033522262345497154,True,False,0.0003083730049720955,2.307612329447017,116589.31164078934,116591.61925311878,1,0.9999802077341045
2007-09-04,52.114315,18.661686,0.003182227515422538,True,False,0.00030841421926895056,2.307920743666286,116372.3335052801,116374.64142602377,1,0.9999801681816984
2007-09-05,52.438286,18.474819,0.0031884875601038377,True,False,0.00030845543907412907,2.30822919910536,117095.76738823604,117098.07561743514,1,0.9999802880688949
2007-09-06,52.326122,18.634211,0.003267419177562968,True,False,0.0003084966643883672,2.3085376957697483,116845.3028773759,116847.61141507167,1,0.9999802431759809
2007-09-07,52.886879,18.156055,0.0033234478858607725,True,False,0.00030853789521240134,2.3088462336649607,118097.48475138537,118099.79359761903,1,0.9999804500400609
2007-09-10,53.005219,18.191778,0.0032195338287379664,True,False,0.0003085791315469678,2.309154812796508,118361.74039682587,118364.04955163867,1,0.9999804910796687
2007-09-11,52.893108,18.419861,0.00325900193550392,True,False,0.0003086203733928031,2.3094634331699004,118111.394236052,118113.70369948517,1,0.9999804471169659
2007-09-12,52.76226,18.134068,0.0034026628385671787,True,False,0.00030866162075064387,2.309772094790651,117819.20797025347,117821.51774234825,1,0.99998039600797
2007-09-13,52.450771,18.068113,0.0037665255610277596,True,False,0.0003087028736212267,2.310080797664272,117123.64664912269,117125.95672992035,1,0.9999802769525888
2007-09-14,52.519295,17.955454,0.0037639491721242727,True,False,0.00030874413200528844,2.3103895417962774,117276.66214555808,117278.97253509988,1,0.9999803000530115
2007-09-17,52.550419,17.900492,0.003712190568897176,True,False,0.000308785395903566,2.310698327192181,117346.16267546082,117348.473373788,1,0.9999803090891534
2007-09-18,52.494362,18.430861,0.003741291542885441,True,False,0.0003088266653167963,2.3110071538574974,117220.98624554314,117223.297252697,1,0.9999802854278287
2007-09-19,52.307465,18.513296,0.003859682998299703,True,False,0.00030886794024571635,2.3113160217977433,116803.64141399087,116805.95273001266,1,0.9999802123439108
2007-09-20,51.715626,18.527039,0.004599226727562971,True,False,0.0003089092206910635,2.3116249310184345,115482.05279693948,115484.36442187049,1,0.9999799832216025
2007-09-21,51.977283,18.609476,0.00467778211380737,True,False,0.0003089505066535749,2.311933881525088,116066.33824073723,116068.65017461876,1,0.9999800813236128
2007-09-24,52.045799,18.55452,0.0046835723466704055,True,False,0.00030899179813398793,2.3122428733232216,116219.33587300866,116221.64811588198,1,0.9999801048865611
2007-09-25,52.052048,18.661686,0.004683784573340161,True,False,0.0003090330951330401,2.3125519064183546,116233.2900180852,116235.60256999162,1,0.9999801046163543
2007-09-26,52.070721,18.593178,0.004648532821211471,True,False,0.000309074397651469,2.312860980816006,116274.98720979814,116277.30007077896,1,0.9999801090928374
2007-09-27,52.23893,18.661961,0.004560652209460987,True,False,0.0003091157056900123,2.313170096521696,116650.60135433004,116652.91452442655,1,0.9999801704903307
2007-09-28,52.257626,18.565668,0.004553963615256306,True,False,0.00030915701924940763,2.313479253540945,116692.34990551438,116694.66338476792,1,0.9999801749352846
2007-10-01,52.320164,18.953596,0.004561013033287548,True,False,0.000309198338330393,2.3137884518792755,116831.99854126356,116834.31232971544,1,0.9999801959851884
2007-10-02,52.432697,18.989359,0.004558171376409983,True,False,0.0003092396629337064,2.314097691542209,117083.28703668654,117085.60113437808,1,0.9999802358473704
2007-10-03,52.39518,18.579428,0.004344920896741571,True,False,0.00030928099306008576,2.314406972535269,116999.51080675592,117001.82521372846,1,0.9999802190524095
2007-10-04,52.488976,18.546402,0.00433379238630256,True,False,0.00030932232871026935,2.3147162948639792,117208.95919715424,117211.2739134491,1,0.9999802517606236
2007-10-05,52.026268,18.857307,0.004030488906545859,True,False,0.00030936366988499535,2.315025658533864,116175.72274971055,116178.03777536908,1,0.9999800734656664
2007-10-08,52.213848,18.884821,0.004095914274951197,True,False,0.0003094050165850022,2.315335063550449,116594.59273426126,116596.90806932481,1,0.999980142397411
2007-10-09,52.05127,18.747248,0.004119528661001789,True,False,0.00030944636881102827,2.31564450991926,116231.5527281397,116233.86837264961,1,0.9999800777127843
2007-10-10,52.101315,18.703226,0.0041176966953524715,True,False,0.0003094877265638122,2.3159539976458237,116343.30423883826,116345.62019283591,1,0.9999800941883862
2007-10-11,52.107548,18.301544,0.0039262817016067495,True,False,0.0003095290898440927,2.3162635267356677,116357.22265558688,116359.53891911362,1,0.9999800939093756
2007-10-12,51.932434,18.524401,0.003962766653917426,True,False,0.0003095704586526083,2.31657309719432,115966.1895045334,115968.50607763059,1,0.9999800241188271
2007-10-15,51.982456,18.524401,0.003969303439438108,True,False,0.00030961183299009807,2.3168827090273103,116077.88965576058,116080.2065384696,1,0.9999800406737883
2007-10-16,52.126293,18.494133,0.004034568501160028,True,False,0.00030965321285730086,2.3171923622401676,116399.0806247755,116401.39781713774,1,0.9999800930881785
2007-10-17,52.445229,18.838045,0.004204596719823116,True,False,0.0003096945982549557,2.3175020568384226,117111.27124953647,117113.58875159331,1,0.999980211501658
2007-10-18,52.645309,18.846292,0.003287794281411017,True,False,0.00030973598918380193,2.3178117928276065,117558.05399028125,117560.37180207408,1,0.999980284072283
2007-10-19,53.095528,18.293301,0.003595649132294665,True,False,0.00030977738564457857,2.318121570213251,118563.40224475632,118565.72036632652,1,0.999980448635887
2007-10-22,52.995483,18.452858,0.003654647054315129,True,False,0.000309818787638025,2.3184313890008887,118339.99970928144,118342.31814067044,1,0.999980409109561
2007-10-23,52.982952,18.494133,0.0036595393083801355,True,False,0.0003098601951648807,2.3187412491960537,118312.01772945201,118314.33647070121,1,0.9999804018573035
2007-10-24,53.251923,17.92737,0.0037732984211558164,True,False,0.0003099016082258853,2.3190511508042797,118912.63548515404,118914.95453630484,1,0.9999804982379227
2007-10-25,53.208088,17.335846,0.0037630909513425874,False,False,0.00030994302682177833,2.3193610938311013,118814.75103173267,118817.0703928265,1,0.9999804795633643
2007-10-26,53.076786,17.393618,0.0038377103702494403,False,False,0.00030998445095329957,2.3196710782820547,118521.55097462916,118523.87064570744,1,0.9999804286590909
2007-10-29,53.120579,17.555943,0.0038364781637559345,False,False,0.00031002588062118894,2.3199811041626757,118619.34164118972,118621.66162229388,1,0.9999804421800165
2007-10-30,53.176876,17.621971,0.003823424950947438,False,False,0.0003100673158261862,2.3202911714785017,118745.05399602633,118747.3742871978,1,0.9999804602738763
2007-10-31,52.820385,17.787052,0.004162174750850739,True,False,0.0003101087565690315,2.3206012802350706,117949.0022865559,117951.32288783614,1,0.9999803257714842
2007-11-01,53.251492,17.49267,0.0045008283332034155,False,False,0.000310150202850465,2.320911430437921,118911.67305332047,118913.9939647509,1,0.9999804824364816
2007-11-02,53.395821,17.613724,0.003909905135838121,False,False,0.000310191654671227,2.321221622092592,119233.96266841919,119236.28389004128,1,0.9999805325900275
2007-11-05,53.333076,17.528442,0.003907861190956629,False,False,0.00031023311203205755,2.3215318552046242,119093.85179742743,119096.17332928264,1,0.9999805070827188
2007-11-06,53.238968,17.781551,0.003842902058342359,True,False,0.0003102745749336974,2.321842129779558,118883.70670463452,118886.0285467643,1,0.999980470016888
2007-11-07,53.433487,17.30558,0.003883477586688982,False,False,0.000310316043376887,2.322152445822935,119318.07161840367,119320.39377084949,1,0.9999805385117126
2007-11-08,53.552711,17.060722,0.0038794478646057406,False,False,0.0003103575173623669,2.322462803340297,119584.30125396223,119586.62371676556,1,0.9999805792426347
2007-11-09,53.872795,16.912151,0.003840728878309913,False,False,0.0003103989968908779,2.322773202337188,120299.05538625206,120301.3781594544,1,0.9999806920482718
2007-11-12,53.966866,16.474689,0.0038353682523898382,False,False,0.0003104404819631607,2.3230836428191513,120509.11785728665,120511.44094092946,1,0.9999807231278236
2007-11-13,53.690769,16.848869,0.004133417299390569,False,False,0.00031048197257995644,2.323394124791731,119892.58759753351,119894.9109916583,1,0.9999806214116548
2007-11-14,53.728443,16.719549,0.003989512485097037,False,False,0.000310523468742006,2.323704648260473,119976.71441168193,119979.03811633018,1,0.9999806324114218
2007-11-15,54.029621,16.620504,0.004069715839425042,False,False,0.00031056497045005055,2.3240152132309233,120649.25105848335,120651.57507369659,1,0.9999807377963212
2007-11-16,54.029621,16.507704,0.0037038450643859604,False,False,0.00031060647770483137,2.324325819708628,120649.25105848335,120651.57538430305,1,0.9999807352219621
2007-11-19,54.418701,16.207811,0.0038978549292138487,False,False,0.0003106479905070897,2.3246364676991353,121518.07467288247,121520.39930935018,1,0.9999808704013408
2007-11-20,54.274384,16.009722,0.003985407740732252,False,False,0.00031068950885756704,2.3249471572079927,121195.8118540297,121198.1368011869,1,0.9999808169727805
2007-11-21,54.701099,15.693331,0.00417024483075231,False,False,0.00031073103275700475,2.3252578882407495,122148.67519477793,122151.00045266617,1,0.9999809640700476
2007-11-23,54.537956,15.921686,0.0042565491741297645,False,False,0.00031077256220614466,2.3255686608029555,121784.3735320764,121786.6991007372,1,0.9999809045759679
2007-11-26,55.284672,15.921686,0.004976190185456494,False,False,0.00031081409720572835,2.3258794749001614,123451.80566441333,123454.13154388823,1,0.9999811599705428
2007-11-27,54.770123,15.844649,0.0055891792938161005,False,False,0.0003108556377564978,2.326190330537918,122302.8072014611,122305.13339179163,1,0.999980980435849
2007-11-28,54.575615,16.518711,0.005703773244437148,False,False,0.00031089718385919477,2.326501227721777,121868.4668509174,121870.79335214512,1,0.9999809101002485
2007-11-29,54.883087,16.504955,0.005452064170419432,False,False,0.00031093873551456134,2.3268121664572914,122555.05812871766,122557.38494088412,1,0.9999810145086926
2007-12-03,55.175602,16.254578,0.005317977512162565,False,False,0.00031098029272333963,2.3271231467500146,123208.25011896635,123210.5772421131,1,0.9999811126349796
2007-12-04,55.225983,16.128023,0.005316560998935322,False,False,0.0003110218554862718,2.327434168605501,123320.75192455143,123323.07935872003,1,0.9999811273430674
2007-12-05,55.018158,16.587498,0.005420673033377502,False,False,0.0003110634238041003,2.327745232029305,122856.6744400688,122859.00218530084,1,0.9999810535232206
2007-12-06,54.728592,16.868124,0.005588158302863908,False,False,0.00031110499767756744,2.3280563370269824,122210.06762726142,122212.39568359844,1,0.9999809507347925
2007-12-07,54.375965,16.843365,0.005824612995934436,False,False,0.0003111465771074158,2.3283674836040897,121422.64430898569,121424.97267646929,1,0.9999808246406626
2007-12-10,54.250031,16.989172,0.005857617991356529,False,False,0.0003111881620943879,2.328678671766184,121141.43110590217,121143.75978457394,1,0.9999807775598519
2007-12-11,54.993004,16.653521,0.006442566552695178,False,False,0.00031122975263922655,2.328989901518823,122800.50504252435,122802.83403242588,1,0.9999810347218786
2007-12-12,54.533314,16.859869,0.006773678332672663,False,False,0.0003112713487426745,2.3293011728675657,121774.00785093615,121776.33715210902,1,0.9999808723005853
2007-12-13,54.130394,16.703047,0.006892351307832254,False,False,0.00031131295040547465,2.329612485817971,120874.27923287897,120876.60884536478,1,0.9999807273507416
2007-12-14,53.972969,16.526962,0.006931508024737264,False,False,0.00031135455762837014,2.3299238403755997,120522.74598137084,120525.07590521121,1,0.9999806685552954
2007-12-17,54.294109,16.161051,0.006945862107586721,False,False,0.000311396170412104,2.3302352365460117,121239.85818330395,121242.18841854049,1,0.999980780326824
2007-12-18,54.401134,16.235329,0.006956169058678193,False,False,0.00031143778875741937,2.3305466743347694,121478.84720183758,121481.17774851191,1,0.9999808155739224
2007-12-19,54.835598,16.273848,0.006998502786141791,False,False,0.00031147941266505965,2.3308581537474344,122449.01421840563,122451.34507655937,1,0.9999809650261311
2007-12-20,54.74741,16.493948,0.0069784921828014695,False,False,0.0003115210421357683,2.33116967478957,122252.08860694623,122254.41977662101,1,0.9999809318167879
2007-12-21,54.35078,16.705807,0.006952948579472699,False,False,0.00031156267717028863,2.33148123746674,121366.40568780588,121368.73716904335,1,0.9999807901005493
2007-12-24,54.193352,16.879133,0.006951236113419851,False,False,0.00031160431776936436,2.3317928417845097,121014.86573723626,121017.19753007805,1,0.999980731723347
2007-12-26,53.935211,16.909393,0.006187504961322017,False,False,0.00031164596393373924,2.3321044877484436,120438.43159350079,120440.76369798854,1,0.9999806369171355
2007-12-27,54.297321,16.560934,0.006119559776280608,False,False,0.0003116876156641571,2.332416175364108,121247.03064513557,121249.36306131094,1,0.9999807634768837
2007-12-28,54.733311,16.505833,0.0063502098100621405,False,False,0.00031172927296136175,2.3327279046370695,122220.6052509798,122222.93797888444,1,0.999980914156187
2007-12-31,54.986141,16.365341,0.0063082889237179255,False,False,0.00031177093582609723,2.3330396755728957,122785.17982286356,122787.51286253914,1,0.9999809993734609
2008-01-02,55.377953,15.927354,0.006398030529216888,False,False,9.03589969586963e-05,2.3331300345698542,123660.10404925645,123662.43717929102,1,0.9999811330741348
2008-01-03,55.491714,15.737297,0.00640993229965003,False,False,9.03624965769912e-05,2.333220397066431,123914.13469384795,123916.46791424502,1,0.9999811710224126
2008-01-04,55.637043,14.979766,0.0063584967847730425,False,False,9.036599633082688e-05,2.333310763062762,124238.6573294422,124240.99064020526,1,0.9999812194771546
2008-01-07,55.738209,14.621662,0.006211965482047214,False,False,9.036949622020856e-05,2.333401132558982,124464.56308089253,124466.8964820251,1,0.9999812528375133
2008-01-08,55.858227,14.277332,0.00596730444520426,False,False,9.037299624514153e-05,2.333491505555227,124732.56573472454,124734.8992262301,1,0.9999812923927462
2008-01-09,55.769772,14.368232,0.005945810248172097,False,False,9.037649640563104e-05,2.3335818820516327,124535.04390679282,124537.37748867487,1,0.9999812619959637
2008-01-10,55.618061,14.426079,0.005260953001367304,False,False,9.037999670168231e-05,2.3336722620483346,124196.27013439612,124198.60380665817,1,0.9999812101570347
2008-01-11,55.971962,13.977071,0.004963709221845784,False,False,9.03834971333006e-05,2.333762645545468,124986.53832078315,124988.8720834287,1,0.999981328236613
2008-01-14,55.997238,14.401295,0.004529183390082155,False,False,9.038699770049115e-05,2.3338530325431686,125042.98014682806,125045.3139998606,1,0.9999813359416847
2008-01-15,56.363773,13.861379,0.004515415371133444,False,False,9.039049840325924e-05,2.3339434230415717,125861.46031415556,125863.7942575786,1,0.9999814565941157
2008-01-16,56.256397,13.685081,0.004511614975369879,False,False,9.03939992416101e-05,2.3340338170408135,125621.687505428,125624.02153924503,1,0.999981420481621
2008-01-17,56.711315,13.431655,0.004725480017701505,False,False,9.039750021554898e-05,2.334124214541029,126637.52872321154,126639.86284742608,1,0.9999815688033605
2008-01-18,56.62923,13.784248,0.004575570040715875,False,False,9.040100132508115e-05,2.334214615542354,126454.23123583631,126456.56545045186,1,0.9999815413726663
2008-01-22,57.261196,13.525313,0.004970334249517578,False,False,9.040450257021183e-05,2.3343050200449245,127865.42426631167,127867.75857133172,1,0.9999817443814912
2008-01-23,56.995762,13.844849,0.0047349267008250555,False,False,9.040800395094629e-05,2.3343954280488752,127272.70470410232,127275.03909953036,1,0.9999816586547955
2008-01-24,56.477562,14.238765,0.005274825828987003,False,False,9.04115054672898e-05,2.3344858395543424,126115.55348332092,126117.88796916048,1,0.9999814896532352
2008-01-25,57.002033,13.952282,0.005249543767913471,False,False,9.041500711924757e-05,2.3345762545614615,127286.70797562976,127289.04255188433,1,0.9999816592519846
2008-01-28,56.79351,14.134085,0.00535165706746679,False,False,9.041850890682487e-05,2.3346666730703682,126821.07184284127,126823.40650951433,1,0.9999815912004154
2008-01-29,56.566013,14.158876,0.005346354612575353,False,False,9.042201083002698e-05,2.334757095081198,126313.06637917066,126315.40113626575,1,0.9999815164495058
2008-01-30,56.540768,14.147864,0.005318377507164315,False,False,9.042551288885913e-05,2.3348475205940873,126256.69377676112,126259.02862428172,1,0.999981507480724
2008-01-31,56.831436,14.106541,0.00522444076081004,False,False,9.042901508332657e-05,2.3349379496091704,126905.76137815457,126908.09631610417,1,0.9999816013476099
2008-02-01,57.015888,14.858559,0.005240230836965421,False,False,9.043251741343456e-05,2.335028382126584,127317.64647459527,127319.98150297739,1,0.9999816601577022
2008-02-04,56.698936,14.594118,0.005452246494356847,False,False,9.043601987918836e-05,2.335118818146463,126609.88616249742,126612.22128131556,1,0.9999815569240117
2008-02-05,57.098316,13.957791,0.005617604581537366,False,False,9.043952248059318e-05,2.335209257668944,127501.70988800045,127504.04509725812,1,0.9999816852143327
2008-02-06,56.996861,13.605193,0.005651407100416796,False,False,9.044302521765435e-05,2.3352997006941614,127275.1587936269,127277.4940933276,1,0.9999816519038396
2008-02-07,56.356609,13.731912,0.006269453255198787,False,False,9.044652809037706e-05,2.3353901472222516,125845.46295532561,125847.79834547284,1,0.9999814427413277
2008-02-08,56.832085,13.891676,0.006456924611704595,False,False,9.045003109876658e-05,2.3354805972533503,126907.21060845617,126909.54608905342,1,0.9999815972819286
2008-02-11,56.958847,14.213976,0.006344976845688524,False,False,9.04535342428282e-05,2.335571050787593,127190.27275250999,127192.60832356078,1,0.9999816375253124
2008-02-12,56.83836,14.145107,0.006379887842426112,False,False,9.045703752256712e-05,2.3356615078251157,126921.2228120656,126923.55847357342,1,0.9999815978882415
2008-02-13,56.597542,14.668492,0.006320707537561806,False,False,9.046054093798863e-05,2.3357519683660537,126383.47128237408,126385.80703434245,1,0.9999815188744435
2008-02-14,56.286858,14.172653,0.006434203534298981,False,False,9.046404448909796e-05,2.335842432410543,125689.70754274221,125692.04338517462,1,0.9999814161471999
2008-02-15,56.407368,13.913715,0.0061766048874248355,False,False,9.046754817590041e-05,2.335932899958719,125958.80884265799,125961.14477555796,1,0.9999814551312302
2008-02-19,56.001633,13.811792,0.006366472890818508,False,False,9.04710519984012e-05,2.336023371010717,125052.79427190589,125055.1302952769,1,0.9999813200516804
2008-02-20,55.950928,14.081753,0.005745399380668928,False,False,9.047455595660557e-05,2.3361138455666737,124939.56896768026,124941.90508152582,1,0.9999813023993508
2008-02-21,56.527817,14.043183,0.00621632653882442,False,False,9.047806005051881e-05,2.336204323626724,126227.77392832357,126230.1101326472,1,0.9999814924955609
2008-02-22,56.369305,14.090009,0.005902231878514857,False,False,9.048156428014616e-05,2.336294805191004,125873.81338353679,125876.14967834199,1,0.9999814397341262
2008-02-25,55.995293,14.224991,0.005643222502219607,False,False,9.048506864549288e-05,2.3363852902596496,125038.63692196425,125040.9733072545,1,0.9999813150423541
2008-02-26,56.134724,14.453625,0.0056517195800594245,False,False,9.048857314656423e-05,2.336475778832796,125349.9892026759,125352.32567845474,1,0.9999813607305155
2008-02-27,56.267891,14.580344,0.005627991126699628,False,False,9.049207778336546e-05,2.3365662709105797,125647.35384300357,125649.69040927448,1,0.9999814041223396
2008-02-28,56.927155,14.236012,0.006225477036365723,False,False,9.049558255590184e-05,2.3366567664931357,127119.5038669658,127121.84052373229,1,0.9999816187623082
2008-02-29,57.535736,13.825569,0.006561021538934022,False,False,9.04990874641786e-05,2.3367472655806,128478.47771315329,128480.81446041887,1,0.9999818124809109
2008-03-03,57.389492,13.742928,0.006566752494958559,False,False,9.050259250820104e-05,2.3368377681731083,128151.91186380562,128154.2487015738,1,0.999981765428834
2008-03-04,57.173313,13.817296,0.006493527760633644,False,False,9.050609768797437e-05,2.336928274270796,127669.1797261034,127671.51665437766,1,0.9999816957741593
2008-03-05,56.925282,13.955037,0.0063817001942851935,False,False,9.050960300350387e-05,2.3370187838737997,127115.32141957768,127117.65843836156,1,0.9999816153096857
2008-03-06,57.383141,13.552854,0.006621291081470552,False,False,9.05131084547948e-05,2.3371092969822547,128137.72995063856,128140.06705993554,1,0.9999817612917599
2008-03-07,57.580235,13.569386,0.006053890207530049,False,False,9.051661404185242e-05,2.3371998135962966,128577.8448921837,128580.1820919973,1,0.99998182301677
2008-03-10,57.993614,13.357276,0.005980373064218196,False,False,9.052011976468197e-05,2.3372903337160613,129500.92867160359,129503.2659619373,1,0.9999819518811641
2008-03-11,57.364033,13.825569,0.00653600731951567,False,False,9.052362562328874e-05,2.3373808573416848,128095.06139501005,128097.39877586739,1,0.9999817530966306
2008-03-12,58.025372,13.723643,0.006957516134988586,False,False,9.052713161767797e-05,2.3374713844733024,129571.84493650048,129574.18240788495,1,0.9999819603616937
2008-03-13,57.720158,13.966052,0.007002224586956159,False,False,9.053063774785491e-05,2.33756191511105,128890.29581897912,128892.63338089423,1,0.9999818642706431
2008-03-14,58.317867,13.566633,0.0071225619364849065,False,False,9.053414401382482e-05,2.3376524492550637,130224.99226633926,130227.32991878851,1,0.9999820494480636
2008-03-17,58.61039,13.514294,0.007159029423499806,False,False,9.053765041559296e-05,2.337742986905479,130878.20212075193,130880.53986373883,1,0.9999821383454764
2008-03-18,58.209774,14.054202,0.0071352517025350636,False,False,9.05411569531646e-05,2.3378335280624323,129983.61838191641,129985.95621544447,1,0.9999820147222352
2008-03-19,58.712166,13.478481,0.007251520452028794,False,False,9.054466362654501e-05,2.3379240727260586,131105.47001470454,131107.80793877726,1,0.9999821679264609
2008-03-20,58.839348,13.742928,0.007012320763866899,False,False,9.054817043573943e-05,2.3380146208964945,131389.47002736648,131391.8080419874,1,0.9999822057808949
2008-03-24,57.802811,14.178163,0.00824323907329015,False,False,9.055167738075313e-05,2.3381051725738753,129074.8616619958,129077.19976716838,1,0.9999818859939882
2008-03-25,58.006329,14.219479,0.008040643500916862,False,False,9.055518446159138e-05,2.338195727758337,129529.3215272042,129531.65972293196,1,0.9999819488476195
2008-03-26,58.050842,14.067975,0.00804170399107583,False,False,9.055869167825941e-05,2.3382862864500153,129628.71996852153,129631.05825480798,1,0.9999819619902982
2008-03-27,57.974541,13.704362,0.008067202312469417,False,False,9.056219903076251e-05,2.338376848649046,129458.33827169242,129460.67664854108,1,0.9999819375511608
2008-03-28,58.203419,13.506028,0.00773378023268886,False,False,9.056570651910593e-05,2.338467414355565,129969.42753666734,129971.7660040817,1,0.9999820078815096
2008-03-31,58.305218,13.652024,0.007406065181404483,False,False,9.056921414329493e-05,2.338557983569708,130196.74679009138,130199.08534807495,1,0.9999820385989862
2008-04-01,57.795353,14.222234,0.007674825058320443,False,False,9.057272190333474e-05,2.3386485562916115,129058.20779514017,129060.54644369647,1,0.9999818794463472
2008-04-02,57.603909,14.324155,0.0076625880427816165,False,False,9.057622979923068e-05,2.3387391325214106,128630.70941939477,128633.0481585273,1,0.9999818185204657
2008-04-03,57.603909,14.527997,0.007582807384146205,False,False,9.057973783098799e-05,2.3388297122592414,128630.70941939477,128633.04824910703,1,0.999981817816307
2008-04-04,58.044205,14.547283,0.007562881587851675,False,False,9.058324599861191e-05,2.33892029550524,129613.89941149272,129616.23833178822,1,0.9999819550364553
2008-04-07,57.661366,14.4371,0.007695664397440478,False,False,9.058675430210773e-05,2.3390108822595423,128759.01207800618,128761.35108888845,1,0.9999818345267234
2008-04-08,57.667763,14.131328,0.007513471088101048,False,False,9.05902627414807e-05,2.339101472522284,128773.29671011606,128775.63581158858,1,0.9999818358382953
2008-04-09,58.012272,14.274571,0.007197213120771989,False,False,9.05937713167361e-05,2.3391920662936005,129542.59236800911,129544.9315600754,1,0.9999819430058889
2008-04-10,57.782597,14.607883,0.006782220280624337,False,False,9.059728002787915e-05,2.3392826635736284,129029.72338569925,129032.06266836282,1,0.9999818705319036
2008-04-11,58.031445,14.073485,0.006743643243560884,False,False,9.060078887491515e-05,2.339373264362503,129585.40606996982,129587.74544323418,1,0.9999819475733885
2008-04-14,57.884686,13.820057,0.006337044925015544,False,False,9.060429785784935e-05,2.339463868660361,129257.69021506698,129260.02967893564,1,0.9999819011037328
2008-04-15,57.623051,13.855868,0.006269558653610467,False,False,9.0607806976687e-05,2.3395544764673377,128673.4538977201,128675.79345219657,1,0.9999818182238189
2008-04-16,57.233837,14.417816,0.00626548207206815,False,False,9.061131623143342e-05,2.3396450877835693,127804.3310585746,127806.67070366237,1,0.9999816938734505
2008-04-17,57.09985,14.318645,0.005862622455805019,False,False,9.061482562209381e-05,2.3397357026091914,127505.1353414406,127507.47507714322,1,0.9999816502075569
2008-04-18,57.042442,14.627167,0.005803979504890945,False,False,9.061833514867345e-05,2.33982632094434,127376.94210083346,127379.2819271544,1,0.9999816310291161
2008-04-21,57.048862,14.786936,0.004374774396218212,False,False,9.062184481117762e-05,2.3399169427891513,127391.27809241474,127393.61800935752,1,0.9999816323848922
2008-04-22,57.093472,14.398537,0.00427926654313666,False,False,9.062535460961159e-05,2.340007568143761,127490.89313672013,127493.23314428827,1,0.9999816460253581
2008-04-23,57.036076,14.817245,0.004263579921796185,False,False,9.06288645439806e-05,2.340098197008305,127362.72669235895,127365.06679055595,1,0.9999816268443462
2008-04-24,56.589474,15.081685,0.0045408291565808,False,False,9.063237461428993e-05,2.340188829382919,126365.4552730162,126367.79546184558,1,0.9999814811295803
2008-04-25,56.512814,15.026589,0.004376183341736835,False,False,9.063588482054482e-05,2.3402794652677397,126194.27192182919,126196.61220129445,1,0.9999814552908796
2008-04-28,56.615002,14.919167,0.004378492396983462,False,False,9.063939516275057e-05,2.3403701046629024,126422.45982022597,126424.80019033063,1,0.9999814880458491
2008-04-29,56.717052,14.990785,0.004077446390816305,False,False,9.064290564091243e-05,2.3404607475685433,126650.33956179438,126652.68002254194,1,0.9999815206378013
2008-04-30,56.895683,14.707058,0.0041348854023304715,False,False,9.064641625503566e-05,2.340551393984798,127049.22624593061,127051.56679732459,1,0.9999815779415163
2008-05-01,56.889309,15.257984,0.004134079123651956,False,False,9.064992700512554e-05,2.3406420439118034,127034.99297329212,127037.33361533603,1,0.9999815751639514
2008-05-02,56.428448,15.266247,0.003979185093128752,False,False,9.065343789118733e-05,2.3407326973496945,126005.88091470368,126008.22164740103,1,0.999981423968478
2008-05-05,56.511681,15.156062,0.003830592458342717,False,False,9.065694891322628e-05,2.3408233542986077,126191.74190960778,126194.08273296208,1,0.9999814506092235
2008-05-06,56.332436,15.412246,0.00385058691739162,False,False,9.066046007124768e-05,2.340914014758679,125791.48415088728,125793.82506490203,1,0.9999813908670513
2008-05-07,56.556477,15.224926,0.0036788057534759664,False,False,9.066397136525678e-05,2.341004678730044,126291.77229572533,126294.11330040406,1,0.9999814638654364
2008-05-09,56.98534,15.285528,0.004111049067773268,False,False,9.066748279525887e-05,2.3410953462128394,127249.43216449795,127251.77325984417,1,0.9999816026505074
2008-05-12,56.889309,15.472848,0.003942925951409381,False,False,9.06709943612592e-05,2.3411860172072005,127034.99297329212,127037.33415930932,1,0.9999815708820348
2008-05-13,56.41563,15.538957,0.004264903535030928,False,False,9.067450606326302e-05,2.3412766917132637,125977.25805799203,125979.59933468375,1,0.9999814154299261
2008-05-14,56.396473,15.737297,0.0041995357446836384,False,False,9.067801790127562e-05,2.3413673697311648,125934.48008435925,125936.82145172899,1,0.9999814083971411
2008-05-15,56.710075,16.103664,0.004222893913399055,True,False,9.068152987530228e-05,2.34145805126104,126634.7597777971,126637.10123584836,1,0.9999815104891978
2008-05-16,56.614079,16.191809,0.00421011843005681,True,False,9.068504198534824e-05,2.3415487363030256,126420.3987423086,126422.7402910449,1,0.9999814784212799
2008-05-19,56.742123,16.114677,0.004249614873120295,True,False,9.068855423141878e-05,2.341639424857257,126706.32361863769,126708.66525806255,1,0.9999815195005006
2008-05-20,56.914906,15.718012,0.004313221934062937,False,False,9.069206661351919e-05,2.3417301169238707,127092.1515989161,127094.49332903302,1,0.9999815748892372
2008-05-21,56.780533,15.467342,0.004335993435782926,False,False,9.06955791316547e-05,2.3418208125030024,126792.09393587083,126794.43575668334,1,0.9999815305711285
2008-05-22,56.409237,15.55549,0.004557527777184297,False,False,9.069909178583058e-05,2.3419115115947884,125962.98235796412,125965.32426947572,1,0.9999814082841831
2008-05-23,56.658871,15.437032,0.004343077931567564,False,False,9.070260457605214e-05,2.3420022141993644,126520.42019634419,126522.76219855838,1,0.9999814894792566
2008-05-27,56.383678,15.718012,0.004472522484652728,False,False,9.070611750232461e-05,2.3420929203168668,125905.908587119,125908.25068003932,1,0.9999813984158491
2008-05-28,55.961163,15.778615,0.004740054468635721,False,False,9.070963056465327e-05,2.3421836299474315,124962.42393245197,124964.76611608193,1,0.9999812572479208
2008-05-29,55.698761,15.723518,0.004790761956312431,False,False,9.071314376304339e-05,2.3422743430911943,124376.47488838504,124378.81716272813,1,0.9999811682214342
2008-05-30,55.884415,15.954918,0.004799076138345147,False,False,9.071665709750024e-05,2.3423650597482917,124791.04407546137,124793.38644052112,1,0.99998123005452
2008-06-02,56.216473,15.795136,0.005035033996077616,False,False,9.072017056802909e-05,2.34245577991886,125532.53639516463,125534.87885094454,1,0.9999813401996214
2008-06-03,56.51199,15.572013,0.004866507604926638,False,False,9.072368417463522e-05,2.3425465036030344,126192.43191294088,126194.77445944448,1,0.9999814370562202
2008-06-04,56.306435,15.817168,0.0049232465912769805,False,False,9.072719791732389e-05,2.3426372308009515,125733.4233849831,125735.76602221391,1,0.9999813685691438
2008-06-05,56.010933,16.021019,0.005011293194821532,True,False,9.073071179610037e-05,2.3427279615127476,125073.56136251429,125075.9040904758,1,0.9999812695500501
2008-06-06,56.499104,15.800652,0.005322669019049127,False,False,9.073422581096993e-05,2.3428186957385586,126163.65721083555,126166.00002953128,1,0.9999814306651936
2008-06-09,56.094425,15.472848,0.00523413113778619,False,False,9.073773996193784e-05,2.3429094334785208,125260.00070972671,125262.34361916018,1,0.9999812959795755
2008-06-10,55.760376,15.161571,0.005359127791925182,False,False,9.07412542490094e-05,2.3430001747327696,124514.06244621686,124516.4054463916,1,0.9999811832009899
2008-06-11,55.818233,14.676748,0.00508492237061243,False,False,9.074476867218982e-05,2.3430909195014418,124643.25831302648,124645.60140394598,1,0.9999812019766995
2008-06-12,55.330067,14.737352,0.005408386481980051,False,False,9.074828323148443e-05,2.3431816677846733,123553.17362980772,123555.5168114755,1,0.9999810353942239
2008-06-13,55.20158,15.117497,0.005192586837632478,False,False,9.075179792689848e-05,2.3432724195826,123266.2595253991,123268.60279781869,1,0.9999809905169167
2008-06-16,55.207989,15.420505,0.0052020043396226725,False,False,9.075531275843723e-05,2.3433631748953583,123280.57095375493,123282.91431692982,1,0.999980991987512
2008-06-17,55.394264,15.211164,0.005247187640505774,False,False,9.075882772610595e-05,2.3434539337230844,123696.52684655898,123698.8703004927,1,0.9999810551710939
2008-06-18,55.69622,14.875081,0.005374930467470353,False,False,9.076234282990995e-05,2.3435446960659143,124370.80078330591,124373.14432800197,1,0.9999811571484445
2008-06-19,55.374996,15.263493,0.005471400000235341,False,False,9.076585806985447e-05,2.3436354619239843,123653.5010076512,123655.84464311312,1,0.9999810471112895
2008-06-20,55.631989,14.919167,0.005472293484758468,False,False,9.07693734459448e-05,2.3437262312974303,124227.3716438578,124229.71537008909,1,0.9999811339322133
2008-06-23,55.606266,14.720313,0.005339682068736549,False,False,9.07728889581862e-05,2.3438170041863886,124169.9316576514,124172.27547465559,1,0.9999811244740806
2008-06-24,55.901745,14.794882,0.00542902451897869,False,False,9.077640460658395e-05,2.343907780590995,124829.74232064883,124832.08622842943,1,0.9999812235151121
2008-06-25,55.895256,15.054488,0.005165996901033167,False,False,9.077992039114332e-05,2.343998560511386,124815.25225065337,124817.59624921388,1,0.9999812206080637
2008-06-26,56.210072,14.377851,0.005193170545742807,False,False,9.078343631186958e-05,2.344089343947698,125518.24283097275,125520.58692031671,1,0.9999813250606815
2008-06-27,56.486237,14.28395,0.005250548838276665,False,False,9.078695236876802e-05,2.344180130900067,126134.92493611961,126137.2691162505,1,0.9999814156422815
2008-06-30,56.524788,14.140341,0.0050959546693788525,False,False,9.079046856184388e-05,2.344270921368629,126221.01010924262,126223.35438016399,1,0.999981427597667
2008-07-01,56.371399,14.090626,0.004997298009177721,False,False,9.079398489110247e-05,2.34436171535352,125878.48932845442,125880.83369016978,1,0.9999813763410471
2008-07-02,56.506767,13.753687,0.004955806138712738,False,False,9.079750135654904e-05,2.3444525128548768,126180.76884689277,126183.11329940562,1,0.9999814202356277
2008-07-03,56.526073,13.358757,0.004787643216753584,False,False,9.080101795818889e-05,2.344543313872835,126223.87954057936,126226.22408389323,1,0.9999814258619325
2008-07-07,56.790302,13.438842,0.004500419820034076,False,False,9.080453469602729e-05,2.344634118407531,126813.90831309161,126816.25294721001,1,0.9999815115644571
2008-07-08,56.932056,13.516178,0.004165655540347379,False,False,9.080805157006947e-05,2.3447249264591012,127130.44790041436,127132.79262534082,1,0.999981556883334
2008-07-09,57.202759,12.969344,0.003939679723065445,False,False,9.081156858032076e-05,2.3448157380276817,127734.93324761465,127737.27806335269,1,0.9999816434499499
2008-07-10,57.22213,13.159904,0.00394501031791496,False,False,9.081508572678642e-05,2.3449065531134083,127778.18908763347,127780.53399418658,1,0.9999816489532496
2008-07-11,56.687229,13.112951,0.004027763794539899,False,False,9.081860300947171e-05,2.344997371716418,126583.74419155631,126586.08918892803,1,0.9999814750784486
2008-07-14,56.990124,12.95277,0.004037663459492083,False,False,9.082212042838191e-05,2.345088193836846,127260.11493454855,127262.46002274238,1,0.9999815728205048
2008-07-15,57.19632,13.079812,0.004045953326493943,False,False,9.08256379835223e-05,2.3451790194748297,127720.55482864396,127722.90000766344,1,0.9999816385392177
2008-07-16,56.674282,13.502362,0.004703025981849578,False,False,9.082915567489818e-05,2.3452698486305046,126554.83327520073,126557.17854504936,1,0.9999814686936324
2008-07-17,56.403633,13.792359,0.004766890302288285,False,False,9.08326735025148e-05,2.345360681304007,125950.4685111072,125952.8138717885,1,0.9999813790529231
2008-07-18,56.21027,13.726074,0.004627357548311371,False,False,9.083619146637743e-05,2.3454515174954733,125518.68496903089,125521.03042054838,1,0.9999813142745113
2008-07-21,56.339176,13.610075,0.00455304083881983,False,False,9.083970956649137e-05,2.34554235720504,125806.53470902711,125808.88025138431,1,0.9999813563052742
2008-07-22,56.145836,13.190284,0.004638467869714363,False,False,9.084322780286187e-05,2.3456332004328426,125374.8025264222,125377.14815962262,1,0.9999812913817641
2008-07-23,56.055641,13.314566,0.004516489492802,False,False,9.084674617549424e-05,2.345724047179018,125173.39524282825,125175.74096687543,1,0.9999812605539296
2008-07-24,56.538986,12.679355,0.0048941221176268075,False,False,9.085026468439373e-05,2.3458148974437028,126252.7145342381,126255.06034913554,1,0.9999814200326628
2008-07-25,56.21027,12.803633,0.004942339690284555,False,False,9.085378332956565e-05,2.3459057512270323,125518.68496903089,125521.03087478211,1,0.9999813106557931
2008-07-28,56.532505,12.596502,0.0049880379827044585,False,False,9.085730211101524e-05,2.3459966085291435,126238.24232840659,126240.58832501512,1,0.9999814164632812
2008-07-29,56.371399,12.91963,0.00502663075834104,False,False,9.08608210287478e-05,2.3460874693501723,125878.48932845442,125880.83541592378,1,0.9999813626318764
2008-07-30,56.480934,13.02458,0.005008615843309649,False,False,9.08643400827686e-05,2.346178333690255,126123.08322843183,126125.42940676553,1,0.9999813980547402
2008-07-31,56.932056,12.977624,0.00528927328430559,False,False,9.086785927308291e-05,2.346269201549528,127130.44790041436,127132.79416961591,1,0.9999815447366128
2008-08-01,56.960575,12.861632,0.005289340318142495,False,False,9.087137859969603e-05,2.3463600729281278,127194.13141192625,127196.47777199918,1,0.9999815532622127
2008-08-04,56.921741,12.886488,0.005195879302158214,False,False,9.087489806261322e-05,2.3464509478261903,127107.41429400301,127109.76074495084,1,0.9999815399625169
2008-08-05,56.630749,13.204089,0.005290799444760204,False,False,9.087841766183977e-05,2.346541826243852,126457.62319396902,126459.96973579527,1,0.9999814443904174
2008-08-06,56.650173,13.369801,0.0051614525772057385,False,False,9.088193739738096e-05,2.3466327081812497,126500.99738407411,126503.3440167823,1,0.9999814500341756
2008-08-07,57.18045,13.499599,0.005608021673243805,False,False,9.088545726924208e-05,2.346723593638519,127685.11679337996,127687.4635169736,1,0.9999816213469278
2008-08-08,57.154568,13.781303,0.005161619531195427,False,False,9.088897727742838e-05,2.3468144826157964,127627.32175691477,127629.66857139739,1,0.999981612312334
2008-08-11,56.876469,14.071295,0.00515429131443543,False,False,9.089249742194514e-05,2.3469053751132183,127006.32099012958,127008.6678955047,1,0.999981521691283
2008-08-12,57.270966,14.043677,0.005329241009851011,False,False,9.089601770279767e-05,2.346996271130921,127887.24087655297,127889.5878728241,1,0.9999816482615187
2008-08-13,57.148094,14.11272,0.004903148360667244,False,False,9.089953811999125e-05,2.3470871706690413,127612.86518222674,127615.21226939741,1,0.9999816080925704
2008-08-14,57.322693,14.256332,0.004776977932351969,False,False,9.090305867353113e-05,2.3471780737277146,128002.74832772501,128005.09550579874,1,0.999981663401254
2008-08-15,57.536125,14.322617,0.004709876586278288,False,False,9.090657936342261e-05,2.347268980307078,128479.34635812604,128481.69362710635,1,0.9999817307126483
2008-08-18,57.67844,14.140341,0.004712307579211467,False,False,9.091010018967097e-05,2.3473598904072674,128797.13866994678,128799.4860298372,1,0.9999817750834047
2008-08-19,57.594296,13.87521,0.00463046714900653,False,False,9.09136211522815e-05,2.3474508040284197,128609.24339337127,128611.5908441753,1,0.9999817477508162
2008-08-20,57.76247,13.836541,0.0045926436640180745,False,False,9.091714225125945e-05,2.347541721170671,128984.7793821858,128987.12692390698,1,0.9999818001859786
2008-08-21,57.63958,13.759211,0.004340611767248044,False,False,9.092066348661013e-05,2.3476326418341573,128710.36349349066,128712.71112613249,1,0.9999817606775485
2008-08-22,57.471416,13.930445,0.004145272948877202,False,False,9.09241848583388e-05,2.3477235660190154,128334.84983488108,128337.19755844711,1,0.9999817066009645
2008-08-25,57.853004,13.712257,0.004202501138205468,False,False,9.092770636645077e-05,2.347814493725382,129186.94365972772,129189.29147422145,1,0.9999818265549185
2008-08-27,57.956406,13.728831,0.0040963056257783395,False,False,9.093122801095132e-05,2.347905424953393,129417.84244500607,129420.19035043102,1,0.9999818582756015
2008-08-28,57.872402,13.858636,0.004142081887957407,False,False,9.093474979184571e-05,2.3479963597031848,129230.25979129993,129232.60778765964,1,0.9999818312390356
2008-08-29,57.80125,13.549318,0.003854876490899615,False,False,9.093827170913923e-05,2.3480872979748937,129071.3759170023,129073.72400430027,1,0.9999818081695862
2008-09-02,58.115936,13.336658,0.003992675224922719,False,False,9.094179376283718e-05,2.3481782397686564,129774.07620465728,129776.42438289705,1,0.9999819059721291
2008-09-03,58.258686,12.73183,0.003984534600222747,False,False,9.09453159529448e-05,2.348269185084609,130092.83988039356,130095.18814957864,1,0.9999819496076797
2008-09-04,58.550655,12.339655,0.0037818596625389003,False,False,9.094883827946742e-05,2.348360133922889,130744.81264145169,130747.16100158561,1,0.9999820389206471
2008-09-05,58.420872,12.502604,0.0038713992295869937,False,False,9.095236074241031e-05,2.348451086283631,130455.00454248089,130457.35299356718,1,0.9999819983233417
2008-09-08,58.427391,12.428029,0.0034187427261646725,False,False,9.095588334177875e-05,2.348542042166973,130469.56160309122,130471.91014513338,1,0.9999819996347141
2008-09-09,58.693375,11.944719,0.003482822355263328,False,False,9.095940607757802e-05,2.3486330015730505,131063.50932657313,131065.8579595747,1,0.9999820805125138
2008-09-10,58.544182,12.01929,0.003298235648489778,False,False,9.096292894981341e-05,2.348723964502,130730.35829978416,130732.70702374866,1,0.9999820341518356
2008-09-11,58.440357,12.02205,0.0031068261830272865,False,False,9.096645195849019e-05,2.3488149309539588,130498.5149468362,130500.86376176716,1,0.999982001537283
2008-09-12,58.148335,12.038622,0.0033186205055781414,False,False,9.096997510361366e-05,2.3489059009290623,129846.42383569182,129848.77274159275,1,0.9999819104497383
2008-09-15,59.264381,11.569115,0.00523621740087357,False,False,9.09734983851891e-05,2.3489968744274474,132338.57742764123,132340.92642451567,1,0.999982250412341
2008-09-16,59.095627,11.690636,0.005306317730965615,False,False,9.097702180322179e-05,2.3490878514492506,131961.7462869393,131964.09537479075,1,0.9999821990379674
2008-09-17,59.627705,11.298459,0.005571307047758996,False,False,9.098054535771702e-05,2.349178831994608,133149.8873661576,133152.2365449896,1,0.9999823571958463
2008-09-18,58.927002,11.867386,0.0063096462075356435,False,False,9.098406904868009e-05,2.3492698160636567,131585.2032058813,131587.55247569736,1,0.9999821467169814
2008-09-19,57.875824,12.154616,0.007601526954880092,False,False,9.098759287611624e-05,2.3493608036565328,129237.90118743562,129240.25054823927,1,0.9999818217560421
2008-09-22,57.752605,11.602258,0.007601550422834998,False,False,9.099111684003081e-05,2.3494517947733726,128962.75063499744,128965.10008679221,1,0.9999817822667281
2008-09-23,57.752605,11.425506,0.007568465891672941,False,False,9.099464094042904e-05,2.349542789414313,128962.75063499744,128965.10017778685,1,0.9999817815611652
2008-09-24,57.901814,11.541502,0.007442309904306145,False,False,9.099816517731627e-05,2.3496337875794904,129295.93739011434,129298.28702390192,1,0.9999818278042063
2008-09-25,57.72665,11.707204,0.007460806107277311,False,False,9.100168955069774e-05,2.349724789269041,128904.79258803607,128907.14231282534,1,0.9999817719581157
2008-09-26,57.687702,11.770727,0.0074559708797839325,False,False,9.100521406057874e-05,2.3498157944831015,128817.82090577635,128820.17072157083,1,0.9999817589451921
2008-09-29,58.492268,10.770962,0.008078601887481917,False,False,9.100873870696458e-05,2.3499068032218084,130614.43327377945,130616.78318058267,1,0.9999820091511519
2008-09-30,57.720173,11.196279,0.008558856978238695,False,False,9.101226348986053e-05,2.3499978154852985,128890.32931428656,128892.67931210205,1,0.9999817677945091
2008-10-01,58.127087,11.135512,0.00869736221742329,False,False,9.10157884092719e-05,2.3500888312737076,129798.97661620288,129801.32670503415,1,0.999981894724107
2008-10-02,58.452602,10.461641,0.008716434683657105,False,False,9.101931346520393e-05,2.350179850587173,130525.8582828039,130528.2084626545,1,0.9999819948509348
2008-10-03,58.673927,10.342885,0.008742254774245261,False,False,9.102283865766195e-05,2.3502708734258304,131020.08154397614,131022.43181484957,1,0.9999820620725712
2008-10-06,59.149281,9.992136,0.008916584088280496,False,False,9.102636398665122e-05,2.3503618997898172,132081.55676860624,132083.90713050604,1,0.9999822055392602
2008-10-07,59.103626,9.340355,0.008872439728075922,False,False,9.102988945217707e-05,2.3504529296792693,131979.608217883,131981.9586708127,1,0.9999821911043498
2008-10-08,58.348373,9.318262,0.009337165857698754,False,False,9.103341505424474e-05,2.3505439630943235,130293.11278957578,130295.46333353888,1,0.9999819598940519
2008-10-09,57.762463,9.158077,0.009594213929599547,False,False,9.103694079285954e-05,2.3506350000351164,128984.76375104232,128987.11438604236,1,0.9999817762029081
2008-10-10,57.085369,9.042082,0.009874628072309329,False,False,9.104046666802674e-05,2.3507260405017845,127472.7989716449,127475.1496976854,1,0.9999815593388509
2008-10-13,56.694706,9.87062,0.008757428910883571,False,False,9.104399267975167e-05,2.350817084494464,126600.44048580134,126602.79130288585,1,0.9999814315540732
2008-10-14,56.427788,9.461874,0.008774497956612561,False,False,9.104751882803958e-05,2.350908132013292,126004.40712117663,126006.75802930864,1,0.9999813429996234
2008-10-15,56.890011,8.586393,0.00872173040838956,False,False,9.105104511289577e-05,2.3509991830584047,127036.56055367998,127038.91155286305,1,0.9999814938655068
2008-10-16,56.903042,9.003418,0.00844485916380549,False,False,9.105457153432554e-05,2.351090237629939,127065.65904375719,127068.01013399482,1,0.9999814973868313
2008-10-17,57.261135,8.862571,0.0076973688990524865,False,False,9.105809809233416e-05,2.3511812957280314,127865.28805206146,127867.63923335719,1,0.9999816123820708
2008-10-20,57.319759,9.127703,0.007695233397761586,False,False,9.106162478692695e-05,2.3512723573528183,127996.19664559115,127998.5479179485,1,0.9999816304763172
2008-10-21,57.925255,8.694098,0.008071782065880941,False,False,9.106515161810916e-05,2.3513634225044364,129348.28162354995,129350.63298697246,1,0.9999818217865022
2008-10-22,58.367954,8.340594,0.008228508475381393,False,False,9.106867858588613e-05,2.351454491183022,130336.83756389866,130339.18901838985,1,0.9999819589602413
2008-10-23,58.446102,8.166595,0.008190537835604536,False,False,9.107220569026309e-05,2.3515455633887123,130511.34364958301,130513.6951951464,1,0.9999819823846082
2008-10-24,58.198692,8.158307,0.008258760630816429,False,False,9.107573293124539e-05,2.3516366391216437,129958.872048785,129961.22368542412,1,0.9999819050900535
2008-10-27,58.16613,8.141744,0.007632120691243433,False,False,9.107926030883827e-05,2.3517277183819525,129886.16043540969,129888.51216312808,1,0.9999818942593212
2008-10-28,57.697407,8.873616,0.007244558128542201,False,False,9.108278782304707e-05,2.3518188011697756,128839.49236968541,128841.84418848658,1,0.9999817464674153
2008-10-29,57.782017,8.727239,0.007064440827042673,False,False,9.108631547387704e-05,2.3519098874852493,129028.42823381185,129030.78014369933,1,0.9999817724895962
2008-10-30,57.339252,9.105606,0.007106281267170407,False,False,9.108984326133348e-05,2.3520009773285104,128039.72491411043,128042.07691508776,1,0.9999816310307205
2008-10-31,57.222103,9.221598,0.007020602815533682,False,False,9.109337118542169e-05,2.3520920706996957,127778.12879608008,127780.48088815078,1,0.9999815927123271
2008-11-03,57.313587,9.199504,0.006710648992731464,False,False,9.109689924614697e-05,2.352183167598942,127982.41444309276,127984.76662626036,1,0.9999816213817503
2008-11-04,57.999683,9.541968,0.00735761240071335,False,False,9.11004274435146e-05,2.3522742680263855,129514.48087299093,129516.83314725895,1,0.9999818380807277
2008-11-05,58.306759,9.04761,0.006915990471506819,False,False,9.110395577752986e-05,2.352365371982163,130200.18787467497,130202.54024004696,1,0.9999819330301264
2008-11-06,58.130386,8.359924,0.006545869855064724,False,False,9.110748424819808e-05,2.352456479466411,129806.34335081762,129808.69580729709,1,0.9999818775124052
2008-11-07,57.921291,8.544961,0.0059803174536584335,False,False,9.111101285552451e-05,2.3525475904792668,129339.42993030568,129341.78247789615,1,0.9999818113872764
2008-11-10,57.980061,8.296399,0.005707012167373773,False,False,9.111454159951447e-05,2.3526387050208664,129470.66454482773,129473.01718353275,1,0.9999818291196405
2008-11-11,58.195709,8.119648,0.005562493693876408,False,False,9.111807048017326e-05,2.3527298230913467,129952.21094864684,129954.56367846993,1,0.9999818957506648
2008-11-12,58.555096,7.710903,0.005454156689560911,False,False,9.112159949750615e-05,2.352820944690844,130754.72948547231,130757.08230641701,1,0.9999820061682075
2008-11-13,58.130386,8.219073,0.005790150436464959,False,False,9.112512865151843e-05,2.352912069819496,129806.34335081762,129808.69626288745,1,0.9999818740027628
2008-11-14,58.705357,7.647379,0.006009891497576909,False,False,9.112865794221541e-05,2.353003198477438,131090.2653781505,131092.618381349,1,0.9999820508337728
2008-11-17,58.953709,7.448533,0.006046110452945948,False,False,9.113218736960239e-05,2.353094330664808,131644.84048425528,131647.19357858595,1,0.9999821257539435
2008-11-18,59.411098,7.280065,0.005854777514221504,False,False,9.113571693368465e-05,2.3531854663817415,132666.19949568328,132668.55268114965,1,0.999982262673265
2008-11-19,60.051476,6.735993,0.006069389128176113,False,False,9.113924663446747e-05,2.353276605628376,134096.176694567,134098.52997117263,1,0.9999824511379346
2008-11-20,61.260338,6.457053,0.007345583723231521,False,False,9.114277647195618e-05,2.353367748404848,136795.59031682913,136797.94368457753,1,0.9999827967607917
2008-11-21,60.69838,6.752563,0.007658083782894167,False,False,9.114630644615603e-05,2.353458894711294,135540.72658520454,135543.08004409925,1,0.9999826368200136
2008-11-24,60.129875,7.169592,0.008064937123457511,False,False,9.114983655707237e-05,2.3535500445478514,134271.24326839572,134273.59681844027,1,0.9999824719818317
2008-11-25,61.162357,7.089502,0.008414510904631472,False,False,9.115336680471045e-05,2.3536411979146563,136576.79673565703,136579.15037685493,1,0.9999827671998881
2008-11-26,61.534794,7.567289,0.008435714387836224,False,False,9.115689718907559e-05,2.353732354811845,137408.45618994912,137410.80992230395,1,0.9999828708355903
2008-11-28,61.658997,7.476152,0.008049701391173551,False,False,9.116042771017307e-05,2.3538235152395552,137685.8040345549,137688.15785807013,1,0.9999829046771207
2008-12-01,62.493576,6.909985,0.008218164109081603,False,False,9.116395836800818e-05,2.3539146791979233,139549.4360466902,139551.78996136942,1,0.9999831323218437
2008-12-02,62.821369,7.02598,0.00819293111651915,False,False,9.116748916258625e-05,2.3540058466870857,140281.40453398004,140283.75853982673,1,0.9999832196836527
2008-12-03,62.919704,7.365683,0.008031830099351323,False,False,9.117102009391255e-05,2.3540970177071796,140500.98860440758,140503.34270142528,1,0.9999832452597038
2008-12-04,63.313091,6.951414,0.008042192631780867,False,False,9.117455116199237e-05,2.3541881922583414,141379.42983808092,141381.78402627318,1,0.9999833487163253
2008-12-05,62.644356,7.202734,0.008559604936888187,False,False,9.117808236683102e-05,2.3542793703407083,139886.13087700558,139888.48515637591,1,0.9999831703133556
2008-12-08,62.408329,7.313208,0.008567423939561569,False,False,9.118161370843381e-05,2.3543705519544167,139359.07774850813,139361.43211906007,1,0.9999831060106362
2008-12-09,62.939365,7.64462,0.008605209585763345,False,False,9.118514518680599e-05,2.3544617370996037,140544.89202037008,140547.24648210718,1,0.9999832478985108
2008-12-10,62.880402,7.788234,0.008678829637086863,False,False,9.118867680195292e-05,2.3545529257764057,140413.2264328924,140415.58098581817,1,0.9999832315409071
2008-12-11,63.260658,7.608716,0.008677110276160626,False,False,9.119220855387986e-05,2.3546441179849595,141262.34587443902,141264.70051855702,1,0.9999833316878927
2008-12-12,63.437637,7.989846,0.008279426313537005,False,False,9.11957404425921e-05,2.3547353137254023,141657.54360871666,141659.89834403037,1,0.999983377544801
2008-12-15,63.575417,7.868326,0.008189710059809155,False,False,9.119927246809497e-05,2.3548265129978705,141965.20917259017,141967.56399910318,1,0.9999834129258355
2008-12-16,64.584976,8.285356,0.008602891419181522,False,False,9.120280463039374e-05,2.3549177158025008,144219.57511103255,144221.93002874835,1,0.9999836715698137
2008-12-17,65.024277,8.368212,0.008587097992058782,False,False,9.12063369294937e-05,2.3550089221394304,145200.54324773749,145202.89825665962,1,0.9999837812540217
2008-12-18,65.463524,7.851756,0.008481014778658572,False,False,9.120986936540017e-05,2.3551001320087956,146181.39080133566,146183.74590146766,1,0.9999838894528426
2008-12-19,65.247177,8.031269,0.007793042906813619,False,False,9.121340193811846e-05,2.355191345410734,145698.28351619013,145700.63870753555,1,0.9999838354082294
2008-12-22,65.07666,7.724571,0.007370054840707015,False,False,9.121693464765384e-05,2.3552825623453817,145317.5155603546,145319.87084291695,1,0.9999837924259863
2008-12-23,65.04393,7.49615,0.006796800873313994,False,False,9.122046749401163e-05,2.3553737828128756,145244.42879953605,145246.78417331885,1,0.9999837836424661
2008-12-24,64.978355,7.582507,0.006131463265665819,False,False,9.12240004771971e-05,2.3554650068133527,145097.99848054192,145100.35394554873,1,0.9999837666487864
2008-12-26,65.325821,7.532362,0.006114378384978339,False,False,9.122753359721558e-05,2.35555623434695,145873.89718004028,145876.25273627462,1,0.9999838523667138
2008-12-29,65.469948,7.49615,0.006112952064593145,False,False,9.123106685407236e-05,2.3556474654138038,146195.7357249989,146198.09137246432,1,0.9999838872898866
2008-12-30,65.56208,7.830425,0.005601531128836926,False,False,9.123460024777274e-05,2.3557387000140517,146401.46836929265,146403.82410799267,1,0.9999839093089653
2008-12-31,64.838264,7.90285,0.006312033946537343,False,False,9.123813377832202e-05,2.35582993814783,144785.17240630326,144787.5282362414,1,0.999983729054796
2009-01-02,63.910366,8.270552,0.00725493743255177,False,False,0.0,2.35582993814783,142713.157154546,142715.51298448414,1,0.9999834928250695
2009-01-05,63.798508,8.267771,0.007158196495602613,False,False,0.0,2.35582993814783,142463.37594795748,142465.73177789562,1,0.9999834638834986
2009-01-06,63.759056,8.713472,0.00668284401975121,False,False,0.0,2.35582993814783,142375.27882336802,142377.63465330616,1,0.9999834536516646
2009-01-07,63.772171,8.303984,0.006595563093130989,False,False,0.0,2.35582993814783,142404.56488716684,142406.92071710498,1,0.9999834570544305
2009-01-08,63.94331,8.295629,0.006377439048693789,False,False,0.0,2.35582993814783,142786.7217817506,142789.07761168873,1,0.9999835013295306
2009-01-09,64.23941,8.003135,0.006419091725078249,False,False,0.0,2.35582993814783,143447.91915047576,143450.2749804139,1,0.9999835773759342
2009-01-12,64.640846,7.758001,0.006427398446880751,False,False,0.0,2.35582993814783,144344.33396611759,144346.68979605573,1,0.9999836793629181
2009-01-13,64.686852,7.769139,0.006415016232757944,False,False,0.0,2.35582993814783,144447.06630703475,144449.4221369729,1,0.9999836909701452
2009-01-14,65.048843,7.457153,0.006493306520386217,False,False,0.0,2.35582993814783,145255.39962923058,145257.75545916872,1,0.9999837817269674
2009-01-15,64.996185,7.59086,0.005514421480358963,False,False,0.0,2.35582993814783,145137.81323597717,145140.1690659153,1,0.9999837685876122
2009-01-16,64.397293,7.90285,0.005688523203390451,False,False,0.0,2.35582993814783,143800.47512537084,143802.83095530898,1,0.999983617638662
2009-01-20,64.298599,7.370795,0.005431041658698075,False,False,0.0,2.35582993814783,143580.0894005854,143582.44523052353,1,0.9999835924932581
2009-01-21,63.72612,7.551863,0.005702040379585564,False,False,0.0,2.35582993814783,142301.73206032737,142304.0878902655,1,0.9999834451000454
2009-01-22,63.304951,7.365225,0.005824629389703927,False,False,0.0,2.35582993814783,141361.25305124733,141363.60888118547,1,0.999983334961828
2009-01-23,63.318138,7.680002,0.00583243366849051,False,False,0.0,2.35582993814783,141390.69989252184,141393.05572245998,1,0.999983338432527
2009-01-26,63.160183,7.744072,0.005837422512173132,False,False,0.0,2.35582993814783,141037.98314015107,141040.33897008921,1,0.999983296764916
2009-01-27,63.574764,7.991992,0.0059167708514854525,False,False,0.0,2.35582993814783,141963.75101020662,141966.10684014476,1,0.9999834056875223
2009-01-28,63.166737,8.270552,0.005958358028196285,False,False,0.0,2.35582993814783,141052.61835647875,141054.9741864169,1,0.999983298497967
2009-01-29,62.344162,7.855496,0.006414880512805185,False,False,0.0,2.35582993814783,139215.79152237173,139218.14735230987,1,0.9999830781404369
2009-01-30,62.317867,7.696716,0.006099361190435757,False,False,0.0,2.35582993814783,139157.0742484419,139159.43007838004,1,0.9999830710003855
2009-02-02,62.823322,7.785855,0.005750093100327946,False,False,0.0,2.35582993814783,140285.7656230078,140288.12145294595,1,0.9999832072030495
2009-02-03,62.282207,7.91121,0.006007701733685557,False,False,0.0,2.35582993814783,139077.44473757144,139079.80056750958,1,0.9999830613077634
2009-02-04,61.965443,8.01149,0.006068004092515827,False,False,0.0,2.35582993814783,138370.10423332677,138372.4600632649,1,0.9999829747195572
2009-02-05,62.110649,8.340199,0.006116814025009618,False,False,0.0,2.35582993814783,138694.35220740005,138696.7080373382,1,0.9999830145216028
2009-02-06,61.73447,8.649406,0.006128754077706771,False,False,0.0,2.35582993814783,137854.3367904137,137856.69262035185,1,0.9999829110223569
2009-02-09,61.609097,8.604836,0.0059420825020463685,False,False,0.0,2.35582993814783,137574.37631182818,137576.73214176632,1,0.9999828762473024
2009-02-10,62.43404,8.209272,0.006633382169155871,False,False,0.0,2.35582993814783,139416.4909384686,139418.84676840674,1,0.9999831025001802
2009-02-11,62.915779,8.058847,0.006944905956486744,False,False,0.0,2.35582993814783,140492.22399896264,140494.57982890078,1,0.9999832318802546
2009-02-12,62.895958,8.161918,0.00675611230736061,False,False,0.0,2.35582993814783,140447.9632997208,140450.31912965895,1,0.9999832265960467
2009-02-13,62.401016,8.295629,0.006892550072375006,False,False,0.0,2.35582993814783,139342.74766962434,139345.10349956248,1,0.9999830935578002
2009-02-17,63.450256,7.730141,0.007837265681946898,False,False,0.0,2.35582993814783,141685.7220943497,141688.07792428785,1,0.9999833731251587
2009-02-18,62.988335,7.741285,0.00797313893725288,False,False,0.0,2.35582993814783,140654.243034036,140656.59886397413,1,0.9999832511950583
2009-02-19,62.638588,7.376368,0.007831271987017724,False,False,0.0,2.35582993814783,139873.25081478737,139875.6066447255,1,0.9999831576784927
2009-02-20,62.816742,7.420935,0.007749911578750119,False,False,0.0,2.35582993814783,140271.07234814725,140273.4281780854,1,0.9999832054440478
2009-02-23,62.876171,7.10895,0.007754645238152686,False,False,0.0,2.35582993814783,140403.77852317583,140406.13435311397,1,0.9999832213175799
2009-02-24,62.638588,7.471078,0.0077787291919798746,False,False,0.0,2.35582993814783,139873.25081478737,139875.6066447255,1,0.9999831576784927
2009-02-25,62.071053,7.682788,0.007828730077491325,False,False,0.0,2.35582993814783,138605.93352785922,138608.28935779736,1,0.9999830036865107
2009-02-26,61.912704,7.613145,0.007739516141635923,False,False,0.0,2.35582993814783,138252.3369654132,138254.69279535135,1,0.9999829602171868
2009-02-27,61.859882,7.571363,0.007196783963945487,False,False,0.0,2.35582993814783,138134.38435679858,138136.74018673672,1,0.9999829456672066
2009-03-02,62.480537,7.173016,0.007561217486866099,False,False,0.0,2.35582993814783,139520.31969244903,139522.67552238717,1,0.9999831150748126
2009-03-03,62.401134,7.276085,0.007329444687833148,False,False,0.0,2.35582993814783,139343.01116604282,139345.36699598096,1,0.9999830935897696
2009-03-04,62.083538,7.599217,0.007158583503399631,False,False,0.0,2.35582993814783,138633.81278874585,138636.168618684,1,0.9999830071044115
2009-03-05,62.811325,7.49615,0.007521228473379283,False,False,0.0,2.35582993814783,140258.97607612298,140261.33190606112,1,0.9999832039956692
2009-03-06,62.513615,7.401437,0.007605410470978003,False,False,0.0,2.35582993814783,139594.18354440006,139596.5393743382,1,0.9999831240090284
2009-03-09,62.540131,7.259371,0.007454996157799807,False,False,0.0,2.35582993814783,139653.39431585942,139655.75014579756,1,0.9999831311640539
2009-03-10,62.083538,7.822071,0.007646762365302204,False,False,0.0,2.35582993814783,138633.81278874585,138636.168618684,1,0.9999830071044115
2009-03-11,62.526852,8.019849,0.007209372093844409,False,False,0.0,2.35582993814783,139623.74203669932,139626.09786663746,1,0.9999831275816331
2009-03-12,62.705482,8.368055,0.007019274457414204,False,False,0.0,2.35582993814783,140022.62648781508,140024.98231775322,1,0.9999831756455231
2009-03-13,62.65913,8.451623,0.0070203857737737635,False,False,0.0,2.35582993814783,139919.12152180646,139921.4773517446,1,0.999983163199941
2009-03-16,62.301868,8.195348,0.006910311405455487,False,False,0.0,2.35582993814783,139121.34815353397,139123.7039834721,1,0.9999830666531246
2009-03-17,62.182835,8.515693,0.005678578005221416,False,False,0.0,2.35582993814783,138855.54502489007,138857.9008548282,1,0.9999830342391492
2009-03-18,64.313324,8.791473,0.009439137647267665,False,False,0.0,2.35582993814783,143612.97062738202,143615.32645732016,1,0.9999835962498136
2009-03-19,64.094986,8.77197,0.009371468324749081,False,False,0.0,2.35582993814783,143125.41739842997,143127.7732283681,1,0.9999835403717601
2009-03-20,64.094986,8.423766,0.009366014335591824,False,False,0.0,2.35582993814783,143125.41739842997,143127.7732283681,1,0.9999835403717601
2009-03-23,63.876675,8.964177,0.009418060680488949,False,False,0.0,2.35582993814783,142637.92446103125,142640.2802909694,1,0.9999834841186982
2009-03-24,63.783932,8.699547,0.009372754093941258,False,False,0.0,2.35582993814783,142430.8274412147,142433.18327115284,1,0.9999834601047028
2009-03-25,63.400219,8.763617,0.009224280080403904,False,False,0.0,2.35582993814783,141573.98844781506,141576.3442777532,1,0.9999833600030418
2009-03-26,63.565632,9.189819,0.009189983373819948,False,False,0.0,2.35582993814783,141943.35906704146,141945.7148969796,1,0.9999834033035809
2009-03-27,63.525948,9.033816,0.009187278059927178,False,False,0.0,2.35582993814783,141854.743881697,141857.09971163515,1,0.9999833929359692
2009-03-30,63.797211,8.65219,0.008990571733506703,False,False,0.0,2.35582993814783,142460.4797203748,142462.83555031294,1,0.9999834635473241
2009-03-31,63.909733,8.674475,0.00897504827916743,False,False,0.0,2.35582993814783,142711.74365257233,142714.09948251047,1,0.9999834926615753
2009-04-01,64.066345,8.824898,0.008854217816378596,False,False,0.0,2.35582993814783,143061.4614584176,143063.81728835573,1,0.9999835330135683
2009-04-02,63.648277,9.184247,0.008697362891263757,False,False,0.0,2.35582993814783,142127.9070458942,142130.26287583233,1,0.9999834248534375
2009-04-03,62.918354,9.460026,0.009044874598398873,False,False,0.0,2.35582993814783,140497.9740267386,140500.32985667675,1,0.9999832325664961
2009-04-06,62.772385,9.2901,0.00906408681239431,False,False,0.0,2.35582993814783,140172.02225802722,140174.37808796536,1,0.9999831935766702
2009-04-07,62.931576,8.953038,0.008900623643434828,False,False,0.0,2.35582993814783,140527.49902373043,140529.85485366857,1,0.9999832360892951
2009-04-09,62.871899,9.54359,0.00877545515441672,False,False,0.0,2.35582993814783,140394.23905961897,140396.5948895571,1,0.9999832201775264
2009-04-13,63.243526,9.440522,0.008848498317596194,False,False,0.0,2.35582993814783,141224.0897673097,141226.44559724783,1,0.999983318776252
2009-04-14,63.568638,9.471169,0.008904856559391838,False,False,0.0,2.35582993814783,141950.071526651,141952.42735658915,1,0.9999834040883836
2009-04-15,63.628407,9.295676,0.008774994352833203,False,False,0.0,2.35582993814783,142083.5369286481,142085.89275858624,1,0.999983419677405
2009-04-16,63.376225,9.677302,0.008823560118849383,False,False,0.0,2.35582993814783,141520.40935404543,141522.76518398357,1,0.9999833537033065
2009-04-17,62.86525,9.688446,0.004600055574511697,False,False,0.0,2.35582993814783,140379.3917063442,140381.74753628235,1,0.9999832184028231
2009-04-20,63.303223,9.237172,0.004903769164771404,False,False,0.0,2.35582993814783,141357.39439183107,141359.7502217692,1,0.9999833345069269
2009-04-21,63.057728,9.217669,0.004954559001581312,False,False,0.0,2.35582993814783,140809.199025282,140811.55485522014,1,0.9999832696262706
2009-04-22,62.90509,9.496236,0.004932181218584047,False,False,0.0,2.35582993814783,140468.35524288594,140470.71107282408,1,0.999983229031019
2009-04-23,62.891827,9.429379,0.004930900588616594,False,False,0.0,2.35582993814783,140438.7386920538,140441.09452199194,1,0.9999832254943173
2009-04-24,62.646324,9.563094,0.004831993144934162,False,False,0.0,2.35582993814783,139890.52546134076,139892.8812912789,1,0.9999831597582637
2009-04-27,62.90509,9.504589,0.004896380249041336,False,False,0.0,2.35582993814783,140468.35524288594,140470.71107282408,1,0.999983229031019
2009-04-28,62.599873,9.348599,0.004991867996768638,False,False,0.0,2.35582993814783,139786.7994263031,139789.15525624124,1,0.9999831472625053
2009-04-29,62.261406,9.512951,0.0049512677815961624,False,False,0.0,2.35582993814783,139030.995678244,139033.35150818215,1,0.999983055648788
2009-04-30,62.155285,9.752516,0.00490187097577454,True,False,0.0,2.35582993814783,138794.02531023833,138796.38114017647,1,0.9999830267192935
2009-05-01,61.955601,9.780374,0.004831517962367705,True,False,0.0,2.35582993814783,138348.1268456098,138350.48267554794,1,0.9999829720150405
2009-05-04,62.015499,10.239999,0.0047236640487467825,True,False,0.0,2.35582993814783,138481.88030725077,138484.2361371889,1,0.9999829884613307
2009-05-05,62.002213,10.142504,0.004065019776013708,True,False,0.0,2.35582993814783,138452.21239694723,138454.56822688537,1,0.9999829848161147
2009-05-06,62.028839,10.212145,0.004054956685523778,True,False,0.0,2.35582993814783,138511.6688006611,138514.02463059925,1,0.9999829921197914
2009-05-07,61.50967,9.663374,0.004338475837117459,True,False,0.0,2.35582993814783,137352.35378301953,137354.70961295767,1,0.9999828485681723
2009-05-08,61.582909,9.365315,0.004369752987446386,False,False,0.0,2.35582993814783,137515.89797109136,137518.2538010295,1,0.9999828689655881
2009-05-11,62.161945,9.404311,0.004714080653793172,False,False,0.0,2.35582993814783,138808.89722673854,138811.25305667668,1,0.9999830285377715
2009-05-12,62.121952,9.170319,0.004499892733729227,False,False,0.0,2.35582993814783,138719.59203806098,138721.94786799912,1,0.9999830176120337
2009-05-13,62.408161,8.91961,0.0046607386377168205,False,False,0.0,2.35582993814783,139358.70260106487,139361.058431003,1,0.9999830954933562
2009-05-14,62.41486,9.14246,0.004611393478045543,False,False,0.0,2.35582993814783,139373.6616053644,139376.01743530255,1,0.9999830973076898
2009-05-15,62.261719,9.033816,0.004301561418817737,False,False,0.0,2.35582993814783,139031.6946136591,139034.05044359725,1,0.9999830557339686
2009-05-18,61.895687,9.345813,0.004087868854838955,False,False,0.0,2.35582993814783,138214.33765564088,138216.69348557902,1,0.9999829555325139
2009-05-19,61.809181,9.554736,0.004036959379089507,True,False,0.0,2.35582993814783,138021.16798465492,138023.52381459306,1,0.9999829316780717
2009-05-20,62.002213,9.655018,0.004123363143859042,True,False,0.0,2.35582993814783,138452.21239694723,138454.56822688537,1,0.9999829848161147
2009-05-21,61.323349,9.46281,0.004717052527056575,True,False,0.0,2.35582993814783,136936.2951712727,136938.65100121085,1,0.999982796457239
2009-05-22,60.963955,9.465596,0.004795023013237174,True,False,0.0,2.35582993814783,136133.76100330375,136136.1168332419,1,0.9999826950408683
2009-05-26,60.557945,9.785942,0.004753191951106772,True,False,0.0,2.35582993814783,135227.13235191538,135229.48818185352,1,0.9999825790220032
2009-05-27,59.872421,9.922439,0.00517227245277801,True,False,0.0,2.35582993814783,133696.34320974068,133698.69903967882,1,0.9999823795597484
2009-05-28,60.185257,10.103507,0.005369386665419321,True,False,0.0,2.35582993814783,134394.91240947891,134397.26823941706,1,0.999982471147152
2009-05-29,60.86412,10.145292,0.006096373861802549,True,False,0.0,2.35582993814783,135910.82740213294,135913.18323207108,1,0.9999826666561542
2009-06-01,59.870842,10.682917,0.006996205613490693,True,False,0.0,2.35582993814783,133692.81727037823,133695.17310031637,1,0.9999823790950451
2009-06-02,60.071026,10.398779,0.007063755762698101,True,False,0.0,2.35582993814783,134139.83224525454,134142.18807519268,1,0.9999824378148893
2009-06-03,60.438202,10.217717,0.007266469431185983,True,False,0.0,2.35582993814783,134959.74377871965,134962.0996086578,1,0.9999825445073471
2009-06-04,59.737343,10.434996,0.007611923523786047,True,False,0.0,2.35582993814783,133394.71126724605,133397.0670971842,1,0.9999823397171361
2009-06-05,59.143234,10.267856,0.007691528642851929,True,False,0.0,2.35582993814783,132068.0536936698,132070.40952360793,1,0.9999821623182162
2009-06-08,58.842842,10.273431,0.00768431859768746,True,False,0.0,2.35582993814783,131397.27220097784,131399.62803091598,1,0.9999820712586981
2009-06-09,59.096489,10.73863,0.007357585743237917,True,False,0.0,2.35582993814783,131963.67115060645,131966.0269805446,1,0.9999821482089593
2009-06-10,58.742702,10.777633,0.007382909631644616,True,False,0.0,2.35582993814783,131173.65752855592,131176.01335849406,1,0.99998204069572
2009-06-11,59.143234,10.713558,0.007513995011601391,True,False,0.0,2.35582993814783,132068.0536936698,132070.40952360793,1,0.9999821623182162
2009-06-12,59.456963,10.565924,0.007702455912515778,True,False,0.0,2.35582993814783,132768.61698071056,132770.9728106487,1,0.9999822564383746
2009-06-15,59.723953,10.45171,0.007855744095104282,True,False,0.0,2.35582993814783,133364.81112281096,133367.1669527491,1,0.9999823357578033
2009-06-16,60.057747,10.237216,0.007980205526326783,True,False,0.0,2.35582993814783,134110.17996609444,134112.53579603258,1,0.9999824339318905
2009-06-17,59.89753,10.373708,0.007984367061297409,True,False,0.0,2.35582993814783,133752.4121213628,133754.76795130095,1,0.9999823869460938
2009-06-18,59.169945,10.17872,0.00824282086829212,True,False,0.0,2.35582993814783,132127.69990412577,132130.0557340639,1,0.9999821703705107
2009-06-19,59.443619,10.292927,0.00811714036336876,True,False,0.0,2.35582993814783,132738.81955521827,132741.1753851564,1,0.9999822524553417
2009-06-22,59.764027,9.923116,0.008191530420080839,True,False,0.0,2.35582993814783,133454.29718614864,133456.65301608678,1,0.9999823476021248
2009-06-23,59.957623,9.839258,0.008128982552821722,True,False,0.0,2.35582993814783,133886.60102200042,133888.95685193856,1,0.9999824045986052
2009-06-25,60.478283,10.261344,0.007949076032307625,True,False,0.0,2.35582993814783,135049.2454732008,135051.60130313894,1,0.9999825560754896
2009-06-26,60.558388,10.244573,0.007875077089655846,True,False,0.0,2.35582993814783,135228.1215799949,135230.47740993305,1,0.9999825791494398
2009-06-29,60.685211,10.241776,0.007463473274727082,True,False,0.0,2.35582993814783,135511.31993829896,135513.6757682371,1,0.9999826155557748
2009-06-30,60.525002,10.247365,0.006444664851427228,True,False,0.0,2.35582993814783,135153.5699577313,135155.92578766943,1,0.9999825695401484
2009-07-01,60.486198,10.412288,0.006415203525666686,True,False,0.0,2.35582993814783,135066.9198304229,135069.27566036105,1,0.9999825583580972
2009-07-02,60.687012,10.314452,0.006313402215145806,True,False,0.0,2.35582993814783,135515.3416082114,135517.69743814954,1,0.9999826160716816
2009-07-06,60.727146,10.157919,0.0056617358110134085,True,False,0.0,2.35582993814783,135604.96165277882,135607.31748271696,1,0.9999826275603568
2009-07-07,60.968143,9.88678,0.005089521795506811,True,False,0.0,2.35582993814783,136143.112893139,136145.46872307715,1,0.9999826962295533
2009-07-08,61.670979,9.797333,0.005299463058697872,True,False,0.0,2.35582993814783,137712.5600861323,137714.91591607043,1,0.9999828934293539
2009-07-09,61.30954,10.001385,0.005583130598509403,True,False,0.0,2.35582993814783,136905.45939124998,136907.81522118812,1,0.9999827925824809
2009-07-10,61.691078,10.05729,0.005342742062059966,True,False,0.0,2.35582993814783,137757.44156507184,137759.79739500998,1,0.9999828990025923
2009-07-13,61.470184,10.306067,0.005402238833085281,True,False,0.0,2.35582993814783,137264.1807357332,137266.53656567135,1,0.9999828375509641
2009-07-14,61.061836,10.470985,0.005665800660726523,True,False,0.0,2.35582993814783,136352.3312824263,136354.68711236445,1,0.9999827227799203
2009-07-15,60.272011,10.943381,0.006450817294043112,True,False,0.0,2.35582993814783,134588.63586954775,134590.9916994859,1,0.9999824963772954
2009-07-16,60.63345,11.16141,0.0064683588398980404,True,False,0.0,2.35582993814783,135395.73656443006,135398.0923943682,1,0.9999826007154423
2009-07-17,60.225132,11.295579,0.006635383165234329,True,False,0.0,2.35582993814783,134483.95410173803,134486.30993167617,1,0.9999824827527848
2009-07-20,60.446026,11.415777,0.00597934765969323,True,False,0.0,2.35582993814783,134977.21493107665,134979.5707610148,1,0.9999825467667081
2009-07-21,61.122089,11.376645,0.006348274872598428,True,False,0.0,2.35582993814783,136486.87746634323,136489.23329628137,1,0.9999827398111834
2009-07-22,60.760647,11.650575,0.006477011422838179,True,False,0.0,2.35582993814783,135679.77007239943,135682.12590233758,1,0.9999826371386616
2009-07-23,60.171566,11.88538,0.00686171140982408,True,False,0.0,2.35582993814783,134364.34012587467,134366.69595581281,1,0.9999824671588344
2009-07-24,60.298786,11.748411,0.006587361289239788,True,False,0.0,2.35582993814783,134648.42499331545,134650.7808232536,1,0.9999825041494469
2009-07-27,60.017639,11.787549,0.006652983786991789,True,False,0.0,2.35582993814783,134020.6179800599,134022.97380999805,1,0.9999824221932168
2009-07-28,60.138077,11.809904,0.006651256920826478,True,False,0.0,2.35582993814783,134289.55850250003,134291.91433243817,1,0.9999824573955189
2009-07-29,60.178249,11.787549,0.006635049509030173,True,False,0.0,2.35582993814783,134379.26340184628,134381.61923178443,1,0.9999824691058822
2009-07-30,60.419243,11.754006,0.006702729540187773,True,False,0.0,2.35582993814783,134917.407943145,134919.76377308313,1,0.9999825390300705
2009-07-31,61.028347,11.832272,0.007040203519963227,True,False,0.0,2.35582993814783,136277.54965905164,136279.90548898978,1,0.9999827132992961
2009-08-03,60.379868,11.997188,0.00745278720440403,True,False,0.0,2.35582993814783,134829.48276113367,134831.8385910718,1,0.9999825276435984
2009-08-04,60.205349,11.980415,0.007404646302684914,True,False,0.0,2.35582993814783,134439.77825727503,134442.13408721317,1,0.9999824769968572
2009-08-05,59.862923,11.871405,0.006907503348527169,True,False,0.0,2.35582993814783,133675.13398107415,133677.4898110123,1,0.999982376764095
2009-08-06,59.862923,11.678535,0.006835551911649269,True,False,0.0,2.35582993814783,133675.13398107415,133677.4898110123,1,0.999982376764095
2009-08-07,59.46685,11.700891,0.00670600374856457,True,False,0.0,2.35582993814783,132790.69485434983,132793.05068428797,1,0.9999822593883791
2009-08-10,59.849522,11.605855,0.006937470305429793,True,False,0.0,2.35582993814783,133645.2092734136,133647.56510335175,1,0.9999823728181182
2009-08-11,60.265759,11.477271,0.0070529378450933,True,False,0.0,2.35582993814783,134574.67502540973,134577.03085534787,1,0.9999824945614927
2009-08-12,60.097904,11.703686,0.00645472488455769,True,False,0.0,2.35582993814783,134199.85137013326,134202.2072000714,1,0.9999824456692085
2009-08-13,60.567822,11.952465,0.006556973138601121,True,False,0.0,2.35582993814783,135249.1878953497,135251.54372528783,1,0.9999825818628516
2009-08-14,60.755833,11.712075,0.006395076899823138,True,False,0.0,2.35582993814783,135669.02031173397,135671.3761416721,1,0.9999826357629359
2009-08-17,61.172085,11.376645,0.006517101132415438,True,False,0.0,2.35582993814783,136598.51955903752,136600.87538897566,1,0.9999827539177079
2009-08-18,60.957222,11.619832,0.006080226917240072,True,False,0.0,2.35582993814783,136118.7260763074,136121.08190624553,1,0.9999826931294907
2009-08-19,61.18549,11.675734,0.005978669216472547,True,False,0.0,2.35582993814783,136628.45319878004,136630.80902871818,1,0.9999827576960505
2009-08-20,61.346577,11.76798,0.005500577182123499,True,False,0.0,2.35582993814783,136988.16377134278,136990.51960128092,1,0.9999828029710012
2009-08-21,60.72224,11.9888,0.006031939539334926,True,False,0.0,2.35582993814783,135594.00645422778,135596.36228416592,1,0.9999826261567902
2009-08-24,61.098198,11.874199,0.00604407776846585,True,False,0.0,2.35582993814783,136433.5283736846,136435.88420362273,1,0.9999827330621127
2009-08-25,61.25935,11.930103,0.00605180907173374,True,False,0.0,2.35582993814783,136793.38409257957,136795.7399225177,1,0.9999827784846262
2009-08-26,61.339905,12.041915,0.006052096435573188,True,False,0.0,2.35582993814783,136973.26505859662,136975.62088853476,1,0.9999828011004962
2009-08-27,61.172085,12.06707,0.00606140751870945,True,False,0.0,2.35582993814783,136598.51955903752,136600.87538897566,1,0.9999827539177079
2009-08-28,61.313084,12.321437,0.005663084024575439,True,False,0.0,2.35582993814783,136913.37321588615,136915.7290458243,1,0.9999827935770816
2009-08-31,61.494335,12.142542,0.005069469047488042,True,False,0.0,2.35582993814783,137318.11041372066,137320.4662436588,1,0.9999828442911491
2009-09-01,61.653831,11.832272,0.005000455764388176,True,False,0.0,2.35582993814783,137674.268250675,137676.62408061314,1,0.9999828886715237
2009-09-02,61.990463,11.804317,0.004809428550972697,True,False,0.0,2.35582993814783,138425.9744061248,138428.33023606293,1,0.9999829815910217
2009-09-03,61.768322,11.986009,0.004943159142646575,True,False,0.0,2.35582993814783,137929.92900022824,137932.28483016638,1,0.9999829203877755
2009-09-04,61.397991,12.296279,0.004890268071870103,True,False,0.0,2.35582993814783,137102.97228709972,137105.32811703786,1,0.9999828173713561
2009-09-08,61.256649,12.545054,0.004826517041382847,True,False,0.0,2.35582993814783,136787.35270422115,136789.7085341593,1,0.9999827777252881
2009-09-09,61.310471,12.68482,0.004631590679028094,True,False,0.0,2.35582993814783,136907.53833333132,136909.89416326946,1,0.9999827928437711
2009-09-10,61.768322,12.880485,0.004770210458962195,True,False,0.0,2.35582993814783,137929.92900022824,137932.28483016638,1,0.9999829203877755
2009-09-11,61.950069,12.642891,0.004544703703961424,True,False,0.0,2.35582993814783,138335.77377622854,138338.12960616668,1,0.9999829704945061
2009-09-14,61.586517,12.645687,0.00477772672992973,True,False,0.0,2.35582993814783,137523.95470903922,137526.31053897736,1,0.9999828699691796
2009-09-15,61.458599,12.74911,0.004585670150868967,True,False,0.0,2.35582993814783,137238.31119329255,137240.6670232307,1,0.9999828343158829
2009-09-16,61.411499,12.70159,0.004507780075280268,True,False,0.0,2.35582993814783,137133.1359279533,137135.49175789143,1,0.9999828211507616
2009-09-17,61.714458,12.452816,0.004561739022089824,True,False,0.0,2.35582993814783,137809.64958425725,137812.0054141954,1,0.9999829054810496
2009-09-18,61.384529,12.547852,0.004706581704126047,True,False,0.0,2.35582993814783,137072.91136518898,137075.26719512712,1,0.999982813603166
2009-09-21,61.344177,12.533876,0.004049081589458555,True,False,0.0,2.35582993814783,136982.8045221535,136985.16035209165,1,0.9999828022982046
2009-09-22,61.50576,12.642891,0.0038614841820480317,True,False,0.0,2.35582993814783,137343.62267288205,137345.9785028202,1,0.9999828474778525
2009-09-23,61.640354,12.690409,0.003848702903889918,True,False,0.0,2.35582993814783,137644.17383345682,137646.52966339496,1,0.99998288493038
2009-09-24,61.80867,12.385731,0.0038809321120276976,True,False,0.0,2.35582993814783,138020.02691118172,138022.38274111986,1,0.9999829315369627
2009-09-25,62.057808,12.352184,0.003889342677831181,True,False,0.0,2.35582993814783,138576.357171396,138578.71300133414,1,0.9999830000590486
2009-09-28,62.165478,12.592579,0.0038792202420787495,True,False,0.0,2.35582993814783,138816.78648814923,138819.14231808737,1,0.9999830295022805
2009-09-29,62.138592,12.416477,0.003849078133284924,True,False,0.0,2.35582993814783,138756.74949910655,138759.1053290447,1,0.9999830221596445
2009-09-30,62.18565,12.519898,0.0038189186516919826,True,False,0.0,2.35582993814783,138861.830977585,138864.18680752313,1,0.9999830350071368
2009-10-01,62.653519,11.921716,0.00398458305602086,True,False,0.0,2.35582993814783,139906.59204380607,139908.9478737442,1,0.9999831616921294
2009-10-02,62.62648,11.779162,0.0038736706120657345,True,False,0.0,2.35582993814783,139846.21340262756,139848.5692325657,1,0.9999831544223079
2009-10-05,62.619785,12.008368,0.003547096337687104,True,False,0.0,2.35582993814783,139831.26333041,139833.61916034814,1,0.9999831526212918
2009-10-06,62.417252,12.243169,0.003598518816651152,True,False,0.0,2.35582993814783,139379.0029903897,139381.35882032785,1,0.9999830979554363
2009-10-07,62.815575,12.218016,0.003797077456898179,True,False,0.0,2.35582993814783,140268.46641322898,140270.82224316712,1,0.9999832051320405
2009-10-08,62.586021,12.131362,0.003647272737140797,True,False,0.0,2.35582993814783,139755.8676263991,139758.22345633723,1,0.999983143532596
2009-10-09,61.98521,12.547852,0.004266126126212816,True,False,0.0,2.35582993814783,138414.2443494618,138416.60017939995,1,0.9999829801488038
2009-10-12,62.167511,12.735134,0.004074225313364606,True,False,0.0,2.35582993814783,138821.32621881663,138823.68204875477,1,0.9999830300572398
2009-10-13,62.309258,12.687617,0.0040471626921941275,True,False,0.0,2.35582993814783,139137.8501749959,139140.20600493404,1,0.9999830686614187
2009-10-14,61.883957,12.886076,0.004377237251874647,True,False,0.0,2.35582993814783,138188.14432522835,138190.5001551665,1,0.9999829523018189
2009-10-15,61.681416,12.659663,0.004313356938485402,True,False,0.0,2.35582993814783,137735.8661210441,137738.22195098223,1,0.999982896323876
2009-10-20,62.201248,12.528286,0.004510068436004015,True,False,0.0,2.35582993814783,138896.66163127418,138899.01746121232,1,0.9999830392613195
2009-10-21,62.059433,12.313051,0.004549534007958699,True,False,0.0,2.35582993814783,138579.9858297012,138582.34165963935,1,0.9999830005041773
2009-10-22,61.877171,12.444433,0.004587766786533277,True,False,0.0,2.35582993814783,138172.99104814572,138175.34687808386,1,0.9999829504322488
2009-10-23,61.573425,12.117382,0.004707749367695903,True,False,0.0,2.35582993814783,137494.72000471177,137497.0758346499,1,0.9999828663269831
2009-10-26,61.222336,12.072662,0.004822504195047483,True,False,0.0,2.35582993814783,136710.73107195817,136713.0869018963,1,0.9999827680729656
2009-10-27,61.748959,11.793135,0.005141932534279345,True,False,0.0,2.35582993814783,137886.69102437337,137889.0468543115,1,0.9999829150321081
2009-10-28,61.937965,11.454913,0.005177165273183572,True,False,0.0,2.35582993814783,138308.7452961507,138311.10112608885,1,0.999982967166634
2009-10-29,61.640915,11.737229,0.005279659690235628,True,False,0.0,2.35582993814783,137645.4265579548,137647.78238789295,1,0.9999828850861433
2009-10-30,62.099949,11.348694,0.005559404320435117,True,False,0.0,2.35582993814783,138670.45888809793,138672.81471803607,1,0.9999830115950056
2009-11-02,61.936573,11.351484,0.005288819764297906,True,False,0.0,2.35582993814783,138305.63693162095,138307.9927615591,1,0.9999829667838344
2009-11-03,61.79361,11.239678,0.005302805392546531,True,False,0.0,2.35582993814783,137986.39762251909,137988.75345245723,1,0.9999829273772014
2009-11-04,61.623417,11.329128,0.00532110791657888,True,False,0.0,2.35582993814783,137606.3531653241,137608.70899526225,1,0.9999828802264381
2009-11-05,61.637077,11.670145,0.005293871659168694,True,False,0.0,2.35582993814783,137636.85622529298,137639.21205523112,1,0.9999828840204549
2009-11-06,61.820827,11.695301,0.005109540670409275,True,False,0.0,2.35582993814783,138047.17374134582,138049.52957128396,1,0.9999829348934005
2009-11-09,61.848068,12.053095,0.005070748315428012,True,False,0.0,2.35582993814783,138108.00345266442,138110.35928260256,1,0.9999829424096036
2009-11-10,61.895725,12.075455,0.004605560123555419,True,False,0.0,2.35582993814783,138214.42251041968,138216.77834035782,1,0.999982955542978
2009-11-11,62.072712,12.248757,0.004602797386564233,True,False,0.0,2.35582993814783,138609.6381088613,138611.99393879945,1,0.9999830041407587
2009-11-12,62.093178,12.190062,0.004570868330695812,True,False,0.0,2.35582993814783,138655.33910632273,138657.69493626087,1,0.999983009742523
2009-11-13,62.140781,12.285103,0.004294350780220271,True,False,0.0,2.35582993814783,138761.63758097123,138763.99341090937,1,0.9999830227577037
2009-11-16,62.474304,12.575808,0.004358863346940461,True,False,0.0,2.35582993814783,139506.40127570042,139508.75710563856,1,0.9999831133902486
2009-11-17,62.610569,12.603756,0.003982296916847539,True,False,0.0,2.35582993814783,139810.68381352324,139813.03964346138,1,0.9999831501414735
2009-11-18,62.453968,12.503129,0.003990249569787794,True,False,0.0,2.35582993814783,139460.99057090344,139463.34640084158,1,0.9999831078917942
2009-11-19,62.528881,12.092228,0.0039190859478651485,True,False,0.0,2.35582993814783,139628.27283528473,139630.62866522287,1,0.999983128129117
2009-11-20,62.52203,11.997188,0.003709329218692186,True,False,0.0,2.35582993814783,139612.9744118699,139615.33024180803,1,0.9999831262803729
2009-11-23,62.433533,12.122976,0.0034276649700394147,True,False,0.0,2.35582993814783,139415.35879707735,139417.7146270155,1,0.9999831023629641
2009-11-24,62.753517,12.220811,0.003096441767754691,True,False,0.0,2.35582993814783,140129.88962731764,140132.24545725578,1,0.9999831885235946
2009-11-25,62.964512,12.268329,0.003108633172715548,True,False,0.0,2.35582993814783,140601.04578677108,140603.40161670922,1,0.9999832448581538
2009-11-27,63.250469,12.097818,0.002913828848437056,True,False,0.0,2.35582993814783,141239.5936286101,141241.94945854825,1,0.9999833206073183
2009-11-30,63.352562,12.120178,0.002535578250897028,True,False,0.0,2.35582993814783,141467.5693900598,141469.92521999794,1,0.9999833474858032
2009-12-01,63.003269,12.511518,0.0028204380084160432,True,False,0.0,2.35582993814783,140687.59096211617,140689.9467920543,1,0.9999832551650502
2009-12-02,62.873596,12.698797,0.0028061610018151584,True,False,0.0,2.35582993814783,140398.02849539986,140400.384325338,1,0.9999832206304173
2009-12-03,62.580231,12.855328,0.002964911148177974,True,False,0.0,2.35582993814783,139742.93843773,139745.29426766813,1,0.9999831419730412
2009-12-04,62.116257,13.059385,0.0034885058144384982,True,False,0.0,2.35582993814783,138706.87498633895,138709.2308162771,1,0.9999830160550651
2009-12-07,62.286819,13.1656,0.0034797223997532155,True,False,0.0,2.35582993814783,139087.74342809682,139090.09925803496,1,0.9999830625619601
2009-12-08,62.505169,13.092922,0.0035492615301927453,True,False,0.0,2.35582993814783,139575.32345329484,139577.67928323298,1,0.9999831217287016
2009-12-09,62.382374,13.154423,0.0035919463528011944,True,False,0.0,2.35582993814783,139301.11970154676,139303.4755314849,1,0.999983088505659
2009-12-10,62.170868,13.115288,0.00363797779188218,True,False,0.0,2.35582993814783,138828.8224686201,138831.17829855825,1,0.9999830309735391
2009-12-11,61.863838,13.017448,0.0038065314010853474,True,False,0.0,2.35582993814783,138143.21818587888,138145.57401581702,1,0.9999829467577596
2009-12-14,61.863838,13.213121,0.003800302792184282,True,False,0.0,2.35582993814783,138143.21818587888,138145.57401581702,1,0.9999829467577596
2009-12-15,61.665966,13.148831,0.003616710218858487,True,False,0.0,2.35582993814783,137701.36595438822,137703.72178432636,1,0.9999828920387364
2009-12-16,61.665966,13.341703,0.0035593425994892985,True,False,0.0,2.35582993814783,137701.36595438822,137703.72178432636,1,0.9999828920387364
2009-12-17,62.211742,13.143241,0.0041223508201158705,True,False,0.0,2.35582993814783,138920.09494835424,138922.45077829238,1,0.999983042122242
2009-12-18,61.904743,13.299775,0.00424040938320201,True,False,0.0,2.35582993814783,138234.55988924837,138236.9157191865,1,0.9999829580258943
2009-12-21,61.270222,13.614865,0.004770282439838291,True,False,0.0,2.35582993814783,136817.6614914069,136820.01732134505,1,0.9999827815404189
2009-12-22,60.997272,13.690692,0.004832208489289577,True,False,0.0,2.35582993814783,136208.1585471532,136210.51437709134,1,0.9999827044927558
2009-12-23,60.970047,13.710352,0.004606852790708874,True,False,0.0,2.35582993814783,136147.3645641625,136149.72039410064,1,0.9999826967699139
2009-12-24,60.751671,13.87324,0.004486305288311522,True,False,0.0,2.35582993814783,135659.7264804316,135662.08231036973,1,0.9999826345733603
2009-12-28,60.587921,13.738436,0.004234461199716351,True,False,0.0,2.35582993814783,135294.06937428928,135296.42520422742,1,0.9999825876409182
2009-12-29,60.747875,13.718776,0.0042881922600648496,True,False,0.0,2.35582993814783,135651.24993463058,135653.60576456873,1,0.9999826334882522
2009-12-30,60.857265,13.912552,0.004292790210825434,True,False,0.0,2.35582993814783,135895.5200466361,135897.87587657425,1,0.9999826647037494
2009-12-31,60.563286,13.825497,0.004348672151689669,True,False,0.0,2.35582993814783,135239.05891438198,135241.41474432012,1,0.9999825805583106
2010-01-04,60.71373,13.993999,0.004399914828441582,True,False,0.0,2.35582993814783,135575.00344981084,135577.35927974898,1,0.9999826237216106
2010-01-05,60.980225,13.971531,0.004355497961198003,True,False,0.0,2.35582993814783,136170.09224676594,136172.44807670408,1,0.9999826996578867
2010-01-06,60.734184,13.929403,0.004319097305801727,True,False,0.0,2.35582993814783,135620.67765102634,135623.03348096448,1,0.9999826295734753
2010-01-07,60.734184,13.819882,0.00418484416267302,True,False,0.0,2.35582993814783,135620.67765102634,135623.03348096448,1,0.9999826295734753
2010-01-08,60.809395,14.027695,0.004224652675454233,True,False,0.0,2.35582993814783,135788.6253555153,135790.98118545345,1,0.9999826510574004
2010-01-11,60.850426,13.98557,0.004215224286320902,True,False,0.0,2.35582993814783,135880.2484194672,135882.60424940535,1,0.9999826627554634
2010-01-12,61.287868,13.496922,0.004490122452217703,True,False,0.0,2.35582993814783,136857.06537107096,136859.4212010091,1,0.9999827864978715
2010-01-13,60.993954,13.654186,0.004591293991572471,True,False,0.0,2.35582993814783,136200.74938514904,136203.10521508718,1,0.9999827035519167
2010-01-14,61.281067,13.628914,0.004703734316418069,True,False,0.0,2.35582993814783,136841.8785986809,136844.23442861903,1,0.9999827845875423
2010-01-15,61.554474,13.185194,0.00482313714793557,True,False,0.0,2.35582993814783,137452.40203330107,137454.7578632392,1,0.9999828610520671
2010-01-19,61.44508,13.336843,0.004352773565626339,True,False,0.0,2.35582993814783,137208.12298921353,137210.47881915167,1,0.9999828305391949
2010-01-20,61.656975,13.336843,0.004317948894576528,True,False,0.0,2.35582993814783,137681.28886711295,137683.6446970511,1,0.9999828895440462
2010-01-21,61.882545,13.252591,0.0036799288150227744,True,False,0.0,2.35582993814783,138184.99130028868,138187.34713022682,1,0.999982951912841
2010-01-22,61.937279,12.629142,0.003489783287838277,True,False,0.0,2.35582993814783,138307.21344409077,138309.5692740289,1,0.9999829669779864
2010-01-25,61.800564,12.803262,0.003543846194084565,True,False,0.0,2.35582993814783,138001.92604704498,138004.28187698312,1,0.9999829292982355
2010-01-26,61.92358,12.688114,0.0034074045142896163,True,False,0.0,2.35582993814783,138276.62329632256,138278.9791262607,1,0.9999829632099324
2010-01-27,61.78006,12.865042,0.0033870220277504464,True,False,0.0,2.35582993814783,137956.14019480473,137958.49602474287,1,0.999982923632788
2010-01-28,61.759533,12.485913,0.003375372349386093,True,False,0.0,2.35582993814783,137910.30298309308,137912.65881303122,1,0.9999829179572172
2010-01-29,61.998749,12.070278,0.003437798209567917,True,False,0.0,2.35582993814783,138444.4772139507,138446.83304388885,1,0.9999829838654569
2010-02-01,61.786201,12.480293,0.003325973383719973,True,False,0.0,2.35582993814783,137969.85317366774,137972.20900360588,1,0.9999829253299983
2010-02-02,61.889076,12.609482,0.0033118034799459913,True,False,0.0,2.35582993814783,138199.57515714495,138201.9309870831,1,0.9999829537118525
2010-02-03,61.594131,12.60667,0.0034442622480557947,True,False,0.0,2.35582993814783,137540.95692709213,137543.31275703027,1,0.9999828720866837
2010-02-04,62.101688,12.061856,0.00367513545310953,True,False,0.0,2.35582993814783,138674.34211073964,138676.69794067778,1,0.9999830120707147
2010-02-05,62.300564,12.33707,0.0036936514242227026,True,False,0.0,2.35582993814783,139118.43629480782,139120.79212474596,1,0.9999830662987023
2010-02-08,62.245705,12.286522,0.0037249709096742124,True,False,0.0,2.35582993814783,138995.93502344377,138998.2908533819,1,0.9999830513747783
2010-02-09,61.909603,12.432556,0.004005603831675144,True,False,0.0,2.35582993814783,138245.4123688566,138247.76819879474,1,0.999982959363693
2010-02-10,61.73819,12.508382,0.003793619603081347,True,False,0.0,2.35582993814783,137862.64362665708,137864.99945659522,1,0.999982912052026
2010-02-11,61.662693,12.766746,0.003616935713873549,True,False,0.0,2.35582993814783,137694.05727830637,137696.4131082445,1,0.9999828911306768
2010-02-12,61.806744,12.881893,0.00351126063179476,True,False,0.0,2.35582993814783,138015.72611370732,138018.08194364546,1,0.9999829310050903
2010-02-16,61.943897,13.162725,0.0034105557534811442,True,False,0.0,2.35582993814783,138321.99157373016,138324.3474036683,1,0.9999829687977398
2010-02-17,61.614754,13.151492,0.0036116409100425116,True,False,0.0,2.35582993814783,137587.00850877137,137589.3643387095,1,0.9999828778194487
2010-02-18,61.395214,13.196424,0.0036142983761933375,True,False,0.0,2.35582993814783,137096.77118918367,137099.1270191218,1,0.9999828165941727
2010-02-19,61.429592,13.232935,0.00350476502801242,True,False,0.0,2.35582993814783,137173.53796777883,137175.89379771697,1,0.999982826210401
2010-02-22,61.381554,13.207659,0.00349323788196709,True,False,0.0,2.35582993814783,137066.2681292148,137068.62395915293,1,0.9999828127702016
2010-02-23,61.847927,12.867848,0.00389529924746476,True,False,0.0,2.35582993814783,138107.68859677456,138110.0444267127,1,0.9999829423707166
2010-02-24,61.882187,13.109369,0.0038706254799809043,True,False,0.0,2.35582993814783,138184.19187895127,138186.5477088894,1,0.9999829518142164
2010-02-25,62.108486,13.056009,0.003914951968198317,True,False,0.0,2.35582993814783,138689.52218406822,138691.87801400636,1,0.9999830139300738
2010-02-26,62.204483,13.033543,0.0039223639037438045,True,False,0.0,2.35582993814783,138903.8854525772,138906.24128251534,1,0.9999830401433629
2010-03-01,62.269211,13.342463,0.003839407259296559,True,False,0.0,2.35582993814783,139048.4244032116,139050.78023314974,1,0.9999830577726052
2010-03-02,62.303547,13.342463,0.0037420893027723437,True,False,0.0,2.35582993814783,139125.09739494597,139127.4532248841,1,0.9999830671094487
2010-03-03,62.241665,13.277868,0.0037426696708503047,True,False,0.0,2.35582993814783,138986.91362064183,138989.26945057997,1,0.9999830502746906
2010-03-04,62.351692,13.266637,0.003558420474860183,True,False,0.0,2.35582993814783,139232.60616670304,139234.96199664118,1,0.9999830801839972
2010-03-05,62.056023,13.415477,0.0032708808599832247,True,False,0.0,2.35582993814783,138572.37122981148,138574.72705974962,1,0.999982999570065
2010-03-08,61.890926,13.409859,0.0032281636152667313,True,False,0.0,2.35582993814783,138203.70624506168,138206.06207499982,1,0.9999829542213795
2010-03-09,62.049118,13.373351,0.003288062425608831,True,False,0.0,2.35582993814783,138556.95222328987,138559.30805322801,1,0.9999829976782416
2010-03-10,61.945976,13.634528,0.0030723949512169698,True,False,0.0,2.35582993814783,138326.63402334036,138328.9898532785,1,0.9999829693693228
2010-03-11,61.890926,13.547471,0.003010225688968346,True,False,0.0,2.35582993814783,138203.70624506168,138206.06207499982,1,0.9999829542213795
2010-03-12,61.987206,13.522195,0.0030088856843224145,True,False,0.0,2.35582993814783,138418.7014583709,138421.05728830904,1,0.999982980696837
2010-03-15,61.987206,13.376162,0.0029693372249933857,True,False,0.0,2.35582993814783,138418.7014583709,138421.05728830904,1,0.999982980696837
2010-03-16,62.227909,13.746861,0.003052245642262815,True,False,0.0,2.35582993814783,138956.19619070538,138958.55202064352,1,0.9999830465278755
2010-03-17,62.303547,13.968722,0.0027622043609105695,True,False,0.0,2.35582993814783,139125.09739494597,139127.4532248841,1,0.9999830671094487
2010-03-18,62.138542,13.839535,0.0026969289983959383,True,False,0.0,2.35582993814783,138756.63784808177,138758.9936780199,1,0.9999830221459836
2010-03-19,62.056023,13.648571,0.0027313210586116087,True,False,0.0,2.35582993814783,138572.37122981148,138574.72705974962,1,0.999982999570065
2010-03-23,62.131668,14.199005,0.00271820796434674,True,False,0.0,2.35582993814783,138741.2880651955,138743.64389513363,1,0.9999830202676533
2010-03-24,61.512753,13.864808,0.003155761054990396,True,False,0.0,2.35582993814783,137359.23818520724,137361.59401514538,1,0.9999828494277819
2010-03-25,61.28577,13.856385,0.0032392694879361857,True,False,0.0,2.35582993814783,136852.38049407135,136854.7363240095,1,0.9999827859086107
2010-03-26,61.430183,13.803028,0.0031642720171764886,True,False,0.0,2.35582993814783,137174.85768289168,137177.21351282983,1,0.9999828263756216
2010-03-29,61.340786,13.892897,0.0031307459901024045,True,False,0.0,2.35582993814783,136975.23234965318,136977.58817959132,1,0.9999828013475092
2010-03-30,61.402706,13.977144,0.003129844498888202,True,False,0.0,2.35582993814783,137113.50097873615,137115.8568086743,1,0.9999828186907556
2010-03-31,61.547127,13.878856,0.0031928845233544904,True,False,0.0,2.35582993814783,137435.99603172045,137438.3518616586,1,0.9999828590061928
2010-04-01,61.419548,13.87324,0.0032088254140716,True,False,0.0,2.35582993814783,137151.10950992178,137153.46533985992,1,0.9999828234020023
2010-04-05,60.867786,14.272023,0.003654706156090873,True,False,0.0,2.35582993814783,135919.01365526955,135921.3694852077,1,0.9999826677001044
2010-04-06,61.047131,14.182158,0.0036664789361025266,True,False,0.0,2.35582993814783,136319.4947160396,136321.85054597774,1,0.9999827186182647
2010-04-07,61.426449,14.235515,0.00395559091019426,True,False,0.0,2.35582993814783,137166.5195843614,137168.87541429955,1,0.9999828253316868
2010-04-08,61.357449,14.04174,0.0038972905113709958,True,False,0.0,2.35582993814783,137012.44117017015,137014.7970001083,1,0.9999828060181111
2010-04-09,61.426449,14.196197,0.003905598840475449,True,False,0.0,2.35582993814783,137166.5195843614,137168.87541429955,1,0.9999828253316868
2010-04-12,61.591927,14.316957,0.003964590669031324,True,False,0.0,2.35582993814783,137536.03534991998,137538.39117985812,1,0.9999828714737905
2010-04-13,61.709167,14.451764,0.003973622895113753,True,False,0.0,2.35582993814783,137797.83467281543,137800.19050275357,1,0.9999829040153752
2010-04-14,61.543701,15.03871,0.004010811383430586,True,False,0.0,2.35582993814783,137428.34570350277,137430.7015334409,1,0.9999828580520084
2010-04-15,61.647057,15.103295,0.003917716400183049,True,False,0.0,2.35582993814783,137659.14176983832,137661.49759977646,1,0.9999828867913018
2010-04-16,62.019512,14.884242,0.004166170796797143,True,False,0.0,2.35582993814783,138490.84141849933,138493.19724843747,1,0.9999829895620511
2010-04-19,61.867817,14.75225,0.004160198878912499,True,False,0.0,2.35582993814783,138152.10337443056,138154.4592043687,1,0.9999829478545122
2010-04-20,61.895393,14.94602,0.004154185540469466,True,False,0.0,2.35582993814783,138213.6811476152,138216.03697755333,1,0.999982955451555
2010-04-21,62.095375,14.75225,0.004212313530808252,True,False,0.0,2.35582993814783,138660.24505235138,138662.60088228952,1,0.999983010343646
2010-04-22,61.950539,14.957263,0.00355303964069381,True,False,0.0,2.35582993814783,138336.82329586142,138339.17912579956,1,0.9999829706237017
2010-04-23,61.778175,14.965684,0.0035038812523100647,True,False,0.0,2.35582993814783,137951.93095117065,137954.2867811088,1,0.999982923111756
2010-04-26,61.819477,15.03309,0.0034745714455319994,True,False,0.0,2.35582993814783,138044.15916367684,138046.51499361498,1,0.9999829345207429
2010-04-27,62.398865,14.547242,0.0039845332214122325,True,False,0.0,2.35582993814783,139337.9444425385,139340.30027247663,1,0.9999830929750149
2010-04-28,62.081593,14.617449,0.004200248025191627,True,False,0.0,2.35582993814783,138629.46956388204,138631.82539382018,1,0.9999830065720375
2010-04-29,62.185062,14.617449,0.004187590470770105,True,False,0.0,2.35582993814783,138860.5179615336,138862.87379147173,1,0.9999830348467246
2010-04-30,62.564316,14.159685,0.004317111065235025,True,False,0.0,2.35582993814783,139707.39991654368,139709.75574648182,1,0.9999831376847984
2010-05-03,62.400387,14.454566,0.0037394951451366542,True,False,0.0,2.35582993814783,139341.34309973268,139343.69892967082,1,0.999983093387385
2010-05-04,62.822357,13.901321,0.003922228654295353,True,False,0.0,2.35582993814783,140283.61075822962,140285.96658816776,1,0.9999832069451033
2010-05-05,63.064434,13.760905,0.0038056149790901186,True,False,0.0,2.35582993814783,140824.17366072498,140826.52949066312,1,0.9999832714052767
2010-05-06,63.756157,13.261017,0.00431646058148359,True,False,0.0,2.35582993814783,142368.8052969515,142371.16112688964,1,0.9999834528993127
2010-05-07,63.583267,13.092516,0.004437292109850343,True,False,0.0,2.35582993814783,141982.73838348006,141985.0942134182,1,0.9999834079066455
2010-05-10,63.099045,13.774945,0.004896995599705878,True,False,0.0,2.35582993814783,140901.46073309562,140903.81656303376,1,0.9999832805810687
2010-05-11,63.175144,13.696313,0.004894284221256609,True,False,0.0,2.35582993814783,141071.39135978464,141073.74718972278,1,0.9999833007204737
2010-05-12,63.01601,14.07263,0.004887656370564034,True,False,0.0,2.35582993814783,140716.04187624966,140718.3977061878,1,0.9999832585505766
2010-05-13,63.188988,13.738436,0.004899103186149775,True,False,0.0,2.35582993814783,141102.3052955247,141104.66112546285,1,0.9999833043790378
2010-05-14,63.59705,13.322803,0.004921196176773702,True,False,0.0,2.35582993814783,142013.5161049699,142015.87193490803,1,0.9999834115024888
2010-05-17,63.458767,13.494114,0.004910776610188237,True,False,0.0,2.35582993814783,141704.72733178711,141707.08316172526,1,0.9999833753550946
2010-05-18,63.922199,13.123412,0.005084906223766341,True,False,0.0,2.35582993814783,142739.58048606955,142741.9363160077,1,0.9999834958807555
2010-05-19,63.977516,13.202044,0.005072836755623372,True,False,0.0,2.35582993814783,142863.10448082056,142865.4603107587,1,0.9999835101505079
2010-05-20,64.60006,12.808875,0.005302175481130301,False,False,0.0,2.35582993814783,144253.25799218708,144255.61382212522,1,0.9999836690588622
2010-05-21,64.634689,13.00265,0.005192141914523761,True,False,0.0,2.35582993814783,144330.5852589266,144332.94108886475,1,0.9999836778082649
2010-05-24,64.634689,12.808875,0.005205059998251179,False,False,0.0,2.35582993814783,144330.5852589266,144332.94108886475,1,0.9999836778082649
2010-05-25,64.855988,12.848191,0.004941739050267973,False,False,0.0,2.35582993814783,144824.75046156594,144827.10629150408,1,0.9999837335012867
2010-05-26,64.724579,12.870656,0.004756149089554693,False,False,0.0,2.35582993814783,144531.31147126944,144533.66730120758,1,0.9999837004762826
2010-05-27,64.108963,13.449181,0.005423380281116789,True,False,0.0,2.35582993814783,143156.6283258959,143158.98415583404,1,0.9999835439602199
2010-05-28,64.399452,13.232935,0.005365321470718811,True,False,0.0,2.35582993814783,143805.29621662066,143807.6520465588,1,0.9999836181878737
2010-06-01,64.482712,12.952103,0.00527978325652897,False,False,0.0,2.35582993814783,143991.21750307814,143993.57333301628,1,0.9999836393397038
2010-06-02,64.115059,13.370543,0.005380530290635282,True,False,0.0,2.35582993814783,143170.24081883664,143172.59664877478,1,0.9999835455248192
2010-06-03,64.024925,13.530619,0.00536341970117454,True,False,0.0,2.35582993814783,142968.9697494929,142971.32557943105,1,0.999983522360665
2010-06-04,64.912827,12.926823,0.005677785913634653,False,False,0.0,2.35582993814783,144951.67311351112,144954.02894344926,1,0.9999837477443344
2010-06-07,65.176392,12.452217,0.005652647338234238,False,False,0.0,2.35582993814783,145540.2191604144,145542.57499035253,1,0.9999838134653156
2010-06-08,64.975143,12.449406,0.005360267833336674,False,False,0.0,2.35582993814783,145090.82601871033,145093.18184864847,1,0.9999837633312046
2010-06-09,64.982185,12.306178,0.005368669769535032,False,False,0.0,2.35582993814783,145106.5509490398,145108.90677897795,1,0.9999837650907141
2010-06-10,64.37867,12.741469,0.005827414019847687,False,False,0.0,2.35582993814783,143758.88958468265,143761.2454146208,1,0.9999836128997677
2010-06-11,64.787888,12.924014,0.005936122245417705,False,False,0.0,2.35582993814783,144672.68176582066,144675.0375957588,1,0.999983716403484
2010-06-14,64.732422,12.954912,0.005823623472437939,False,False,0.0,2.35582993814783,144548.82505101583,144551.18088095397,1,0.9999837024511057
2010-06-15,64.531258,13.600827,0.00585319749442357,True,False,0.0,2.35582993814783,144099.6217160539,144101.97754599203,1,0.9999836516474079
2010-06-16,64.71167,13.651381,0.005676812533296776,True,False,0.0,2.35582993814783,144502.4854096927,144504.84123963083,1,0.999983697224827
2010-06-17,65.016869,13.668234,0.005750228233696422,True,False,0.0,2.35582993814783,145184.00103190664,145186.35686184478,1,0.9999837737512735
2010-06-18,64.88501,13.637339,0.005383220945774644,True,False,0.0,2.35582993814783,144889.5571823871,144891.91301232524,1,0.9999837407769063
2010-06-21,64.836433,13.534377,0.005386918674481437,True,False,0.0,2.35582993814783,144781.08374577595,144783.4395757141,1,0.9999837285953073
2010-06-22,65.22493,13.269219,0.005541243794327259,True,False,0.0,2.35582993814783,145648.60550922618,145650.96133916432,1,0.999983825510546
2010-06-23,65.46769,13.322817,0.005549994224746025,True,False,0.0,2.35582993814783,146190.69356472002,146193.04939465816,1,0.9999838854860208
2010-06-24,65.412224,12.970209,0.005528267007682843,False,False,0.0,2.35582993814783,146066.83684991515,146069.1926798533,1,0.9999838718220118
2010-06-25,65.516251,13.006886,0.004994071511411012,False,False,0.0,2.35582993814783,146299.1312730032,146301.48710294135,1,0.9999838974299934
2010-06-28,65.980995,13.097149,0.005117272484999485,False,False,0.0,2.35582993814783,147336.91415017578,147339.26998011392,1,0.9999840108483063
2010-06-29,66.265396,12.541443,0.005163739398198902,False,False,0.0,2.35582993814783,147971.98741212377,147974.3432420619,1,0.9999840794702208
2010-06-30,66.362549,12.329878,0.004887706872736207,False,False,0.0,2.35582993814783,148188.9320523256,148191.28788226374,1,0.9999841027770808
2010-07-01,66.333275,12.307315,0.004859857343098839,False,False,0.0,2.35582993814783,148123.56261033958,148125.91844027772,1,0.9999840957614782
2010-07-02,66.215088,12.242435,0.004008119504025579,False,False,0.0,2.35582993814783,147859.64861703487,147862.004446973,1,0.9999840673745297
2010-07-06,66.375092,12.208584,0.0039587453254311495,False,False,0.0,2.35582993814783,148216.94082840096,148219.2966583391,1,0.999984105781155
2010-07-07,66.166428,12.860196,0.003961751622486588,False,False,0.0,2.35582993814783,147750.9898397226,147753.34566966075,1,0.9999840556575726
2010-07-08,66.006477,12.843271,0.0040284177340751135,False,False,0.0,2.35582993814783,147393.81597844278,147396.17180838092,1,0.999984017020868
2010-07-09,65.832596,13.026627,0.003367973011670069,False,False,0.0,2.35582993814783,147005.53614166027,147007.8919715984,1,0.9999839748063417
2010-07-12,65.943817,13.105609,0.0031415954795119163,False,False,0.0,2.35582993814783,147253.89491419314,147256.25074413128,1,0.9999840018340393
2010-07-13,65.616959,13.398975,0.0033865573089227074,True,False,0.0,2.35582993814783,146524.0143010666,146526.37013100475,1,0.9999839221435975
2010-07-14,65.943817,13.37641,0.003392530787220556,True,False,0.0,2.35582993814783,147253.89491419314,147256.25074413128,1,0.9999840018340393
2010-07-15,66.284653,13.356666,0.0034948201756229663,True,False,0.0,2.35582993814783,148014.98868780612,148017.34451774426,1,0.9999840840953753
2010-07-16,66.667145,12.961744,0.003557468354999699,False,False,0.0,2.35582993814783,148869.10116318072,148871.45699311886,1,0.999984175408868
2010-07-19,66.493279,13.311526,0.0035879470944188553,True,False,0.0,2.35582993814783,148480.85482170567,148483.2106516438,1,0.9999841340315326
2010-07-20,66.562813,13.2946,0.0035583237189244364,True,False,0.0,2.35582993814783,148636.12566884156,148638.4814987797,1,0.999984150605453
2010-07-21,66.987061,13.026627,0.003585379965926288,False,False,0.0,2.35582993814783,149583.4801480273,149585.83597796544,1,0.9999842509825697
2010-07-22,66.618469,13.463854,0.0038473311472485287,True,False,0.0,2.35582993814783,148760.40665754053,148762.76248747867,1,0.9999841638465249
2010-07-23,66.402855,13.568226,0.003939766020745516,True,False,0.0,2.35582993814783,148278.93617641824,148281.29200635638,1,0.9999841124264143
2010-07-26,66.382019,13.78543,0.003941452460871744,True,False,0.0,2.35582993814783,148232.40896137347,148234.7647913116,1,0.9999841074396991
2010-07-27,66.152557,13.666959,0.003737942110193056,True,False,0.0,2.35582993814783,147720.01561242915,147722.3714423673,1,0.9999840523143845
2010-07-28,66.437668,13.441286,0.0037379160399104248,True,False,0.0,2.35582993814783,148356.67431892897,148359.0301488671,1,0.9999841207512897
2010-07-29,66.576775,13.111249,0.003752293814807363,False,False,0.0,2.35582993814783,148667.30310100006,148669.6589309382,1,0.9999841539292208
2010-07-30,66.966194,12.970209,0.003955967911728986,False,False,0.0,2.35582993814783,149536.88370934717,149539.2395392853,1,0.9999842460751747
2010-08-02,66.759079,13.170485,0.004006053229771591,False,False,0.0,2.35582993814783,149074.39166941636,149076.7474993545,1,0.9999841972005852
2010-08-03,67.072876,13.052014,0.004097273380230957,False,False,0.0,2.35582993814783,149775.10680185084,149777.46263178898,1,0.9999842711320065
2010-08-04,66.793915,13.17331,0.004151316805353528,False,False,0.0,2.35582993814783,149152.1811713985,149154.53700133663,1,0.9999842054423184
2010-08-05,67.114784,13.139458,0.004199842684036476,False,False,0.0,2.35582993814783,149868.68822477732,149871.04405471546,1,0.9999842809533156
2010-08-06,67.554024,13.142282,0.00429981334540589,False,False,0.0,2.35582993814783,150849.52014723202,150851.87597717016,1,0.9999843831578303
2010-08-09,67.54007,13.226909,0.004311451900045107,True,False,0.0,2.35582993814783,150818.36057923746,150820.7164091756,1,0.9999843799313899
2010-08-10,67.88176,12.90815,0.004135781079128952,False,False,0.0,2.35582993814783,151581.36135235362,151583.71718229176,1,0.999984458555431
2010-08-11,68.265282,12.400399,0.004166036729091526,False,False,0.0,2.35582993814783,152437.7738388386,152440.12966877673,1,0.999984545867658
2010-08-12,68.090942,12.208584,0.004189164704313488,False,False,0.0,2.35582993814783,152048.46904564867,152050.8248755868,1,0.9999845062995214
2010-08-13,68.383835,12.126777,0.004120375508868783,False,False,0.0,2.35582993814783,152702.50511764467,152704.8609475828,1,0.9999845726591575
2010-08-16,68.878899,12.16063,0.004217640279295471,False,False,0.0,2.35582993814783,153807.99317624158,153810.34900617972,1,0.9999846835407802
2010-08-17,68.530251,12.329878,0.0044858819037562085,False,False,0.0,2.35582993814783,153029.45504651757,153031.8108764557,1,0.9999846056194157
2010-08-18,68.460564,12.476559,0.0043635021571272765,False,False,0.0,2.35582993814783,152873.84254724585,152876.198377184,1,0.9999845899494941
2010-08-19,68.767372,12.296028,0.004133236053803112,False,False,0.0,2.35582993814783,153558.95109943708,153561.30692937522,1,0.9999846587009108
2010-08-20,68.544174,12.298853,0.004133800792395671,False,False,0.0,2.35582993814783,153060.54539087674,153062.90122081488,1,0.9999846087463432
2010-08-23,68.63485,12.166272,0.004110329745772657,False,False,0.0,2.35582993814783,153263.02675732903,153265.38258726717,1,0.9999846290799763
2010-08-24,69.178711,11.980096,0.004148313702493428,False,False,0.0,2.35582993814783,154477.47951704613,154479.83534698427,1,0.9999847499194128
2010-08-25,68.864975,12.078822,0.004381678481548396,False,False,0.0,2.35582993814783,153776.9005988619,153779.25642880003,1,0.9999846804439503
2010-08-26,69.178711,11.89547,0.004424590898593283,False,False,0.0,2.35582993814783,154477.47951704613,154479.83534698427,1,0.9999847499194128
2010-08-27,68.383835,12.157809,0.005246815583697604,False,False,0.0,2.35582993814783,152702.50511764467,152704.8609475828,1,0.9999845726591575
2010-08-30,68.906792,11.833411,0.005347432271110488,False,False,0.0,2.35582993814783,153870.27881692327,153872.6346468614,1,0.9999846897406836
2010-08-31,69.213577,11.613387,0.005340157328903471,False,False,0.0,2.35582993814783,154555.3360096431,154557.69183958124,1,0.999984757601449
2010-09-01,68.715164,11.946244,0.005552778209129952,False,False,0.0,2.35582993814783,153442.36956540667,153444.7253953448,1,0.9999846470451684
2010-09-02,68.428566,12.188835,0.00562771809034183,False,False,0.0,2.35582993814783,152802.39035743003,152804.74618736818,1,0.9999845827436848
2010-09-03,68.037125,12.422968,0.0056585438980734995,False,False,0.0,2.35582993814783,151928.29458164098,151930.65041157912,1,0.9999844940442777
2010-09-07,68.575394,12.132421,0.005899985697717997,False,False,0.0,2.35582993814783,153130.26029074707,153132.6161206852,1,0.9999846157533396
2010-09-08,68.386604,12.078822,0.005859530348898205,False,False,0.0,2.35582993814783,152708.6883513968,152711.04418133493,1,0.9999845732838069
2010-09-09,67.848412,12.10139,0.00599956546897914,False,False,0.0,2.35582993814783,151506.8945848688,151509.25041480694,1,0.9999844509168141
2010-09-10,67.652649,11.951887,0.006006583999385872,False,False,0.0,2.35582993814783,151069.75179360324,151072.10762354138,1,0.9999844059239313
2010-09-13,67.974205,12.3327,0.00602557297630769,False,False,0.0,2.35582993814783,151787.79293206247,151790.1487620006,1,0.9999844796914862
2010-09-14,68.316719,12.561189,0.005900577525926985,False,False,0.0,2.35582993814783,152552.63371406696,152554.9895440051,1,0.9999845575031981
2010-09-15,68.079063,12.541443,0.005844872822269698,False,False,0.0,2.35582993814783,152021.94299518233,152024.29882512047,1,0.9999845035960939
2010-09-16,67.841385,12.642992,0.00588637461618813,False,False,0.0,2.35582993814783,151491.20314984678,151493.55897978492,1,0.9999844493062675
2010-09-17,67.995193,12.651455,0.005809357615043882,False,False,0.0,2.35582993814783,151834.65956622257,151837.0153961607,1,0.9999844844820481
2010-09-20,68.20491,12.758642,0.005827718377628853,False,False,0.0,2.35582993814783,152302.96192548273,152305.31775542087,1,0.9999845321885482
2010-09-21,68.841011,12.786854,0.006200565401056058,False,False,0.0,2.35582993814783,153723.38849570707,153725.7443256452,1,0.9999846751111957
2010-09-22,68.945801,12.586576,0.005940017827733412,False,False,0.0,2.35582993814783,153957.38671343322,153959.74254337137,1,0.9999846984029771
2010-09-23,69.043694,12.662739,0.0058578650276969535,False,False,0.0,2.35582993814783,154175.98378880174,154178.33961873988,1,0.9999847200978816
2010-09-24,68.701218,13.226909,0.00586685610424385,False,False,0.0,2.35582993814783,153411.22786157607,153413.5836915142,1,0.9999846439286441
2010-09-27,69.232452,13.159204,0.005499036592606383,False,False,0.0,2.35582993814783,154597.48427149616,154599.8401014343,1,0.9999847617569553
2010-09-28,69.463165,13.390512,0.00529125664170644,True,False,0.0,2.35582993814783,155112.67112908038,155115.02695901852,1,0.9999848123680579
2010-09-29,69.295372,13.424365,0.0052376647374246165,True,False,0.0,2.35582993814783,154737.98592107464,154740.34175101278,1,0.9999847755930258
2010-09-30,69.211563,13.34538,0.004962711692280958,True,False,0.0,2.35582993814783,154550.83870636512,154553.19453630326,1,0.9999847571579145
2010-10-01,69.248672,13.331277,0.0048463461959931675,True,False,0.0,2.35582993814783,154633.70386393357,154636.0596938717,1,0.9999847653261289
2010-10-04,69.493904,13.147923,0.004648117383958551,False,False,0.0,2.35582993814783,155181.31194609232,155183.66777603046,1,0.999984819085849
2010-10-05,69.507912,13.483598,0.0043634637686135805,True,False,0.0,2.35582993814783,155212.59209719367,155214.9479271318,1,0.9999848221452277
2010-10-06,69.956268,13.277685,0.004465481423815636,True,False,0.0,2.35582993814783,156213.78023448554,156216.13606442368,1,0.999984919419994
2010-10-07,70.026421,13.328453,0.003928848799754702,True,False,0.0,2.35582993814783,156370.43332130817,156372.7891512463,1,0.999984934527606
2010-10-08,70.054451,13.455395,0.003798593838466736,True,False,0.0,2.35582993814783,156433.02488579776,156435.3807157359,1,0.9999849405554718
2010-10-11,70.124474,13.559766,0.003734809121399496,True,False,0.0,2.35582993814783,156589.38767995595,156591.7435098941,1,0.9999849555928982
2010-10-12,69.921295,13.655671,0.0037678077993603732,True,False,0.0,2.35582993814783,156135.68480869554,156138.04063863368,1,0.9999849118771537
2010-10-13,69.921295,13.630286,0.0036193185215639538,True,False,0.0,2.35582993814783,156135.68480869554,156138.04063863368,1,0.9999849118771537
2010-10-14,69.521889,13.596438,0.0038057037103158445,True,False,0.0,2.35582993814783,155243.8030246596,155246.15885459774,1,0.999984825196607
2010-10-15,69.220619,13.652849,0.003992765802082274,True,False,0.0,2.35582993814783,154571.0609399726,154573.41676991075,1,0.9999847591520756
2010-10-18,69.549873,13.559766,0.0040576223869937655,True,False,0.0,2.35582993814783,155306.29187020642,155308.64770014456,1,0.9999848313022293
2010-10-19,69.78817,13.370769,0.0036133874641673864,True,False,0.0,2.35582993814783,155838.41395522867,155840.7697851668,1,0.9999848830961154
2010-10-20,69.746132,13.461033,0.003618669933846276,True,False,0.0,2.35582993814783,155744.54223963778,155746.89806957592,1,0.9999848739848605
2010-10-21,69.360771,13.38205,0.003860019096291654,True,False,0.0,2.35582993814783,154884.0232284615,154886.37905839965,1,0.9999847899476219
2010-10-22,69.38176,13.641567,0.0036609702456894444,True,False,0.0,2.35582993814783,154930.8920956421,154933.24792558025,1,0.9999847945488158
2010-10-25,69.360771,13.799531,0.0032452124898866065,True,False,0.0,2.35582993814783,154884.0232284615,154886.37905839965,1,0.9999847899476219
2010-10-26,68.898293,13.740297,0.003483971118814689,True,False,0.0,2.35582993814783,153851.30037573178,153853.65620566992,1,0.9999846878521041
2010-10-27,68.498894,14.174709,0.0036650949930117503,True,False,0.0,2.35582993814783,152959.43422283937,152961.7900527775,1,0.9999845985723799
2010-10-28,68.898293,14.180346,0.003928402379140654,True,False,0.0,2.35582993814783,153851.30037573178,153853.65620566992,1,0.9999846878521041
2010-10-29,69.206596,14.267795,0.0040644283522382986,True,False,0.0,2.35582993814783,154539.74729356385,154542.103123502,1,0.9999847560639429
2010-11-01,69.090721,14.222657,0.003990178950718663,True,False,0.0,2.35582993814783,154280.99604364482,154283.35187358296,1,0.9999847304980769
2010-11-02,69.322464,14.318568,0.004071837025267712,True,False,0.0,2.35582993814783,154798.4829123394,154800.83874227753,1,0.999984781542805
2010-11-03,69.547264,14.465254,0.003857975934540017,True,False,0.0,2.35582993814783,155300.46591973357,155302.8217496717,1,0.9999848307331985
2010-11-04,70.109154,14.91659,0.0042808709714695446,True,False,0.0,2.35582993814783,156555.1778059645,156557.53363590263,1,0.999984952305498
2010-11-05,69.814156,15.012489,0.004384722281720068,True,False,0.0,2.35582993814783,155896.4412258254,155898.79705576354,1,0.9999848887227956
2010-11-08,69.835205,15.009675,0.004377687105838706,True,False,0.0,2.35582993814783,155943.44407423574,155945.79990417388,1,0.9999848932774106
2010-11-09,69.245232,14.848886,0.004722908025919192,True,False,0.0,2.35582993814783,154626.02227342897,154628.3781033671,1,0.9999847645693045
2010-11-10,69.505112,14.834781,0.004816539157657772,True,False,0.0,2.35582993814783,155206.33963980616,155208.6954697443,1,0.9999848215338
2010-11-11,69.427818,14.671169,0.004650373432453383,True,False,0.0,2.35582993814783,155033.74055362502,155036.09638356316,1,0.999984804635868
2010-11-12,68.851883,14.66553,0.004920889469195263,True,False,0.0,2.35582993814783,153747.66589453444,153750.02172447258,1,0.9999846775310226
2010-11-15,67.966957,14.555521,0.005524265094045402,True,False,0.0,2.35582993814783,151771.6079995109,151773.96382944903,1,0.9999844780364253
2010-11-16,68.472633,14.346779,0.005765013190996565,True,False,0.0,2.35582993814783,152900.79287160636,152903.1487015445,1,0.9999845926656309
2010-11-17,68.275963,14.335496,0.005780170020302258,True,False,0.0,2.35582993814783,152461.62473075133,152463.98056068947,1,0.9999845482852443
2010-11-18,68.114464,14.595013,0.005693778454891845,True,False,0.0,2.35582993814783,152100.99415374442,152103.34998368256,1,0.9999845116498854
2010-11-19,68.254868,14.820676,0.00572686459312304,True,False,0.0,2.35582993814783,152414.51916339822,152416.87499333636,1,0.9999845435097771
2010-11-22,68.620125,15.009675,0.005890136679544316,True,False,0.0,2.35582993814783,153230.1455305324,153232.50136047055,1,0.9999846257816245
2010-11-23,68.760567,14.899663,0.0057315676462837,True,False,0.0,2.35582993814783,153543.755394965,153546.11122490314,1,0.9999846571826577
2010-11-24,68.023125,15.274833,0.0060888342634230425,True,False,0.0,2.35582993814783,151897.0322947036,151899.38812464173,1,0.9999844908530099
2010-11-26,68.318115,15.178923,0.006018315078364575,True,False,0.0,2.35582993814783,152555.75101067874,152558.10684061688,1,0.9999845578187424
2010-11-29,68.465637,15.15636,0.005941304457222459,True,False,0.0,2.35582993814783,152885.17066021965,152887.5264901578,1,0.9999845910912929
2010-11-30,68.584976,14.964542,0.005955988780633283,True,False,0.0,2.35582993814783,153151.65709313517,153154.01292307331,1,0.9999846179026382
2010-12-01,67.683075,15.415875,0.006537650550742554,True,False,0.0,2.35582993814783,151137.6936752001,151140.04950513825,1,0.9999844129339255
2010-12-02,67.514122,15.720529,0.006458229463219747,True,False,0.0,2.35582993814783,150760.41816341956,150762.7739933577,1,0.9999843739281539
2010-12-03,67.521149,15.79951,0.006074128074268127,True,False,0.0,2.35582993814783,150776.1095984416,150778.46542837974,1,0.9999843755543509
2010-12-06,67.943626,15.79105,0.0063078396849923155,True,False,0.0,2.35582993814783,151719.5093983298,151721.86522826794,1,0.999984472706458
2010-12-07,66.817108,15.774124,0.00716246596402184,True,False,0.0,2.35582993814783,149203.97161575124,149206.32744568939,1,0.9999842109247076
2010-12-08,66.246773,15.909519,0.007166570073288548,True,False,0.0,2.35582993814783,147930.4018714356,147932.75770137375,1,0.9999840749947831
2010-12-09,66.38755,15.957478,0.007104450162602556,True,False,0.0,2.35582993814783,148244.75979773424,148247.11562767238,1,0.9999841087637479
2010-12-10,65.824326,15.960293,0.007231539297335515,True,False,0.0,2.35582993814783,146987.06906216228,146989.42489210042,1,0.9999839727930097
2010-12-13,66.035515,15.853102,0.0072158397484919845,True,False,0.0,2.35582993814783,147458.65842759187,147461.01425753,1,0.9999840240490003
2010-12-14,65.338455,15.748736,0.00704874004906308,True,False,0.0,2.35582993814783,145902.10916098073,145904.46499091887,1,0.9999838536131277
2010-12-15,65.0709,15.57948,0.006703699628699042,True,False,0.0,2.35582993814783,145304.65336230036,145307.0091922385,1,0.9999837872243657
2010-12-16,65.458168,15.664106,0.006965335312711179,True,False,0.0,2.35582993814783,146169.4307435616,146171.78657349973,1,0.9999838831419293
2010-12-17,66.021461,15.765661,0.007361808057043482,True,False,0.0,2.35582993814783,147427.27555754775,147429.6313874859,1,0.9999840206482512
2010-12-20,66.014412,15.633079,0.007321579193207959,True,False,0.0,2.35582993814783,147411.53499607477,147413.8908260129,1,0.9999840189420078
2010-12-21,66.155228,15.731815,0.007194097021357548,True,False,0.0,2.35582993814783,147725.9800101727,147728.33584011084,1,0.9999840529582579
2010-12-22,65.972206,15.748736,0.007137990169551264,True,False,0.0,2.35582993814783,147317.28813304062,147319.64396297876,1,0.9999840087182214
2010-12-23,65.739807,15.703606,0.006850475128274255,True,False,0.0,2.35582993814783,146798.33640290095,146800.6922328391,1,0.9999839521878112
2010-12-27,65.993256,15.723343,0.006829058222835397,True,False,0.0,2.35582993814783,147364.29321447143,147366.64904440957,1,0.9999840138189108
2010-12-28,65.300026,15.658466,0.007036865690417929,True,False,0.0,2.35582993814783,145816.29641635818,145818.65224629632,1,0.9999838441111487
2010-12-29,66.034233,15.661293,0.007619369199575846,True,False,0.0,2.35582993814783,147455.7956953166,147458.15152525474,1,0.9999840237388454
2010-12-30,65.900085,15.709242,0.007138240822901108,True,False,0.0,2.35582993814783,147156.24046188281,147158.59629182096,1,0.9999839912176556
2010-12-31,66.231857,15.712061,0.007270552436860102,True,False,0.0,2.35582993814783,147897.09413772437,147899.4499676625,1,0.9999840714083882
2011-01-03,66.027168,15.796691,0.00728112558586393,True,False,0.0,2.35582993814783,147440.01940551572,147442.37523545386,1,0.9999840220293903
2011-01-04,66.182503,15.836175,0.007124614983659788,True,False,0.0,2.35582993814783,147786.88564418818,147789.24147412632,1,0.9999840595302159
2011-01-05,65.469521,15.886958,0.006553266106014008,True,False,0.0,2.35582993814783,146194.7822252473,146197.13805518544,1,0.9999838859366915
2011-01-06,65.80835,16.171862,0.006438668040069663,True,False,0.0,2.35582993814783,146951.39432672577,146953.7501566639,1,0.9999839689022184
2011-01-07,66.246033,16.216995,0.0066057581463422575,True,False,0.0,2.35582993814783,147928.7494362689,147931.10526620704,1,0.999984074816896
2011-01-10,66.471901,16.391886,0.006339160497889961,True,False,0.0,2.35582993814783,148433.11730955233,148435.47313949047,1,0.9999841289289662
2011-01-11,66.210716,16.4342,0.006379219505281065,True,False,0.0,2.35582993814783,147849.88585142847,147852.2416813666,1,0.9999840663224896
2011-01-12,66.020134,16.755775,0.005910984832366498,True,False,0.0,2.35582993814783,147424.31233935017,147426.6681692883,1,0.9999840203270725
2011-01-13,66.464905,16.767063,0.005960489060681008,True,False,0.0,2.35582993814783,148417.49509816561,148419.85092810375,1,0.9999841272584267
2011-01-14,66.281319,17.212742,0.005903244676589436,True,False,0.0,2.35582993814783,148007.54379747403,148009.89962741217,1,0.9999840832948061
2011-01-18,66.11898,17.164797,0.005630790820924349,True,False,0.0,2.35582993814783,147645.0374832509,147647.39331318904,1,0.9999840442158492
2011-01-19,66.288353,16.750128,0.0056577641436467265,True,False,0.0,2.35582993814783,148023.25086363958,148025.60669357772,1,0.9999840849837351
2011-01-20,65.773064,16.578058,0.005910445289778569,True,False,0.0,2.35582993814783,146872.59996552067,146874.9557954588,1,0.9999839603019768
2011-01-21,65.991898,16.459587,0.005932806088269924,True,False,0.0,2.35582993814783,147361.26077263852,147363.61660257666,1,0.9999840134899478
2011-01-24,65.998955,16.840397,0.005873913793852202,True,False,0.0,2.35582993814783,147377.01919827543,147379.37502821357,1,0.999984015199293
2011-01-25,66.330742,16.721924,0.005917710615390393,True,False,0.0,2.35582993814783,148117.9063694244,148120.26219936254,1,0.999984095154146
2011-01-26,65.928352,16.857327,0.0055611069644021256,True,False,0.0,2.35582993814783,147219.36125222984,147221.71708216798,1,0.9999839980813644
2011-01-27,66.175423,17.187361,0.005031111805509561,True,False,0.0,2.35582993814783,147771.07585907984,147773.43168901798,1,0.9999840578247983
2011-01-28,66.478951,16.716282,0.005099741727274167,True,False,0.0,2.35582993814783,148448.86010404574,148451.21593398388,1,0.9999841306120444
2011-01-31,66.217827,16.781164,0.005069166443190633,True,False,0.0,2.35582993814783,147865.76486017212,147868.12069011026,1,0.9999840680335481
2011-02-01,65.90992,17.198643,0.005131013646785497,True,False,0.0,2.35582993814783,147178.2022184563,147180.55804839445,1,0.9999839936064289
2011-02-02,65.754227,17.288914,0.005121373164065118,True,False,0.0,2.35582993814783,146830.53655844642,146832.89238838456,1,0.9999839557070639
2011-02-03,65.379135,17.303017,0.004677834590338608,True,False,0.0,2.35582993814783,145992.94843473873,145995.30426467687,1,0.9999838636595197
2011-02-04,64.975708,17.666904,0.004698348298888188,True,False,0.0,2.35582993814783,145092.0876752903,145094.44350522844,1,0.9999837634723893
2011-02-07,64.947372,17.596378,0.004378005841119429,True,False,0.0,2.35582993814783,145028.81280652908,145031.16863646722,1,0.9999837563886419
2011-02-08,64.501526,17.596378,0.004438843631996011,True,False,0.0,2.35582993814783,144033.22955068093,144035.58538061907,1,0.9999836441117526
2011-02-09,64.86956,17.472263,0.004676752413413034,True,False,0.0,2.35582993814783,144855.05701573126,144857.4128456694,1,0.9999837369045059
2011-02-10,64.657242,17.494827,0.004685863150188145,True,False,0.0,2.35582993814783,144380.94657016222,144383.30240010037,1,0.9999836835014924
2011-02-11,64.954536,17.635876,0.004521813388430419,True,False,0.0,2.35582993814783,145044.81016535903,145047.16599529717,1,0.9999837581801618
2011-02-14,64.975708,17.779734,0.004516483730489516,True,False,0.0,2.35582993814783,145092.0876752903,145094.44350522844,1,0.9999837634723893
2011-02-15,65.124374,17.599203,0.004560047249783574,True,False,0.0,2.35582993814783,145424.06190027812,145426.41773021626,1,0.9999838005365538
2011-02-16,65.032372,17.782553,0.004494034711178275,True,False,0.0,2.35582993814783,145218.61954864874,145220.97537858688,1,0.9999837776193694
2011-02-17,65.27298,18.050541,0.004303319893577393,True,False,0.0,2.35582993814783,145755.9021440362,145758.25797397434,1,0.9999838374170295
2011-02-18,65.258842,18.00823,0.004214887780319412,True,False,0.0,2.35582993814783,145724.33170027044,145726.68753020858,1,0.9999838339155438
2011-02-22,65.888687,17.303017,0.004789726207617799,True,False,0.0,2.35582993814783,147130.7884942748,147133.14432421295,1,0.9999839884483611
2011-02-23,65.725906,16.970152,0.004661178890976863,True,False,0.0,2.35582993814783,146767.29518499263,146769.65101493077,1,0.9999839487937605
2011-02-24,65.89576,17.235312,0.0045109450147521515,True,False,0.0,2.35582993814783,147146.58264823965,147148.9384781778,1,0.9999839901669526
2011-02-25,66.10807,17.681013,0.004489401385604439,True,False,0.0,2.35582993814783,147620.67522964472,147623.03105958286,1,0.9999840415826634
2011-02-28,66.079781,17.511755,0.004355392086295859,True,False,0.0,2.35582993814783,147557.50531284677,147559.8611427849,1,0.9999840347509147
2011-03-01,66.154953,17.170437,0.004279640153913041,True,False,0.0,2.35582993814783,147725.36592953646,147727.7217594746,1,0.9999840528919686
2011-03-02,65.80735,17.387642,0.00431610516696846,True,False,0.0,2.35582993814783,146949.16130623023,146951.51713616838,1,0.9999839686586157
2011-03-03,65.360474,17.723314,0.004548563081219675,True,False,0.0,2.35582993814783,145951.2780392717,145953.63386920985,1,0.9999838590525245
2011-03-04,65.828636,17.576641,0.004649664857558387,True,False,0.0,2.35582993814783,146996.693380498,146999.04921043615,1,0.9999839738423426
2011-03-07,65.665535,17.094275,0.004444872295034394,True,False,0.0,2.35582993814783,146632.4855046573,146634.84133459543,1,0.9999839340369813
2011-03-08,65.509453,17.111198,0.004488098481509859,True,False,0.0,2.35582993814783,146283.95119967463,146286.30702961277,1,0.999983895759036
2011-03-09,65.892494,16.580883,0.004293260595239873,True,False,0.0,2.35582993814783,147139.28960330127,147141.6454332394,1,0.9999839893734286
2011-03-10,66.452888,16.160578,0.004491169971218927,True,False,0.0,2.35582993814783,148390.66089087087,148393.016720809,1,0.9999841243881269
2011-03-11,66.296852,16.343931,0.004447000841972709,True,False,0.0,2.35582993814783,148042.22930483104,148044.58513476918,1,0.9999840870239463
2011-03-14,66.445824,16.307259,0.004384940641748868,True,False,0.0,2.35582993814783,148374.8868340905,148377.24266402863,1,0.9999841227003828
2011-03-15,66.686943,16.092867,0.004414777860779595,True,False,0.0,2.35582993814783,148913.31050295115,148915.6663328893,1,0.9999841801067937
2011-03-16,67.254486,15.754377,0.004695493217249048,True,False,0.0,2.35582993814783,150180.64565404324,150183.00148398138,1,0.9999843136046366
2011-03-17,67.048752,15.943367,0.00476537804835869,True,False,0.0,2.35582993814783,149721.23741541678,149723.59324535492,1,0.9999842654728819
2011-03-18,67.006187,16.011068,0.004760096124458104,True,False,0.0,2.35582993814783,149626.18889802473,149628.54472796287,1,0.9999842554778406
2011-03-21,66.658607,16.298794,0.004970083120724417,True,False,0.0,2.35582993814783,148850.03563418993,148852.39146412807,1,0.9999841733819996
2011-03-22,66.694069,16.143654,0.004545068743648863,True,False,0.0,2.35582993814783,148929.22300700226,148931.5788369404,1,0.9999841817970605
2011-03-23,66.608948,16.298794,0.00451011962287537,True,False,0.0,2.35582993814783,148739.1460694026,148741.50189934074,1,0.9999841615829607
2011-03-24,66.268501,16.696541,0.0046644997105952145,True,False,0.0,2.35582993814783,147978.9209407624,147981.27677070053,1,0.9999840802161628
2011-03-25,66.091087,16.662359,0.0046556157387467306,True,False,0.0,2.35582993814783,147582.7518425692,147585.10767250735,1,0.9999840374819974
2011-03-28,66.112389,16.665165,0.0046551171008476005,True,False,0.0,2.35582993814783,147630.31964516488,147632.67547510302,1,0.9999840426251806
2011-03-29,65.920914,16.831858,0.004691740028128882,True,False,0.0,2.35582993814783,147202.75204578412,147205.10787572226,1,0.9999839962758621
2011-03-30,66.147842,16.851635,0.004597412420576199,True,False,0.0,2.35582993814783,147709.48692079275,147711.8427507309,1,0.999984051177656
2011-03-31,65.977615,16.69343,0.004345081108667014,True,False,0.0,2.35582993814783,147329.36654090093,147331.72237083907,1,0.9999840100292032
2011-04-01,66.118401,16.509794,0.00407669685759846,True,False,0.0,2.35582993814783,147643.744564384,147646.10039432213,1,0.9999840440761263
2011-04-04,66.267883,16.362888,0.004049113489981087,True,False,0.0,2.35582993814783,147977.54093409615,147979.8967640343,1,0.9999840800677007
2011-04-05,65.933495,16.730154,0.004189752467101559,True,False,0.0,2.35582993814783,147230.8456766383,147233.20150657644,1,0.9999839993295395
2011-04-06,65.649055,16.987238,0.0041015062645167666,True,False,0.0,2.35582993814783,146595.68532689102,146598.04115682916,1,0.9999839300039786
2011-04-07,65.65612,16.930735,0.0035639062654690187,True,False,0.0,2.35582993814783,146611.4616166919,146613.81744663004,1,0.9999839317331807
2011-04-08,65.464119,16.78948,0.003581119541394511,True,False,0.0,2.35582993814783,146182.71944853046,146185.0752784686,1,0.9999838846070048
2011-04-11,65.549423,16.648232,0.003547321538239943,True,False,0.0,2.35582993814783,146373.2050288808,146375.56085881894,1,0.9999839055787434
2011-04-12,65.919289,16.295094,0.0037002633857895805,True,False,0.0,2.35582993814783,147199.1233874789,147201.47921741704,1,0.9999839958813548
2011-04-13,66.175354,16.334642,0.003219841998968292,True,False,0.0,2.35582993814783,147770.92178066567,147773.2776106038,1,0.9999840578081759
2011-04-14,65.954887,16.360069,0.0032304818686025956,True,False,0.0,2.35582993814783,147278.6144510786,147280.97028101675,1,0.9999840045191606
2011-04-15,66.438522,16.444822,0.0037075227685770522,True,False,0.0,2.35582993814783,148358.58131843217,148360.9371483703,1,0.9999841209553982
2011-04-18,66.602097,16.151014,0.0035817571898038593,True,False,0.0,2.35582993814783,148723.84764598776,148726.2034759259,1,0.9999841599537735
2011-04-19,66.687431,16.218811,0.0035919706643086457,True,False,0.0,2.35582993814783,148914.40021695296,148916.7560468911,1,0.9999841802225574
2011-04-20,66.424278,16.9053,0.0036903859566068693,True,False,0.0,2.35582993814783,148326.77417449388,148329.13000443202,1,0.9999841175503553
2011-04-21,66.474075,16.922255,0.003501650277871283,True,False,0.0,2.35582993814783,148437.97189610958,148440.32772604772,1,0.9999841294480131
2011-04-25,66.708778,16.933554,0.0035120686665824907,True,False,0.0,2.35582993814783,148962.06850547093,148964.42433540907,1,0.9999841852848514
2011-04-26,66.993294,17.210419,0.003612363844469251,True,False,0.0,2.35582993814783,149597.39856477594,149599.75439471408,1,0.9999842524478221
2011-04-27,66.801285,17.199112,0.0036108024741208326,True,False,0.0,2.35582993814783,149168.6385324505,149170.99436238865,1,0.9999842071848605
2011-04-28,67.057304,17.11154,0.0036275222177659474,True,False,0.0,2.35582993814783,149740.33420669453,149742.69003663267,1,0.9999842674795173
2011-04-29,67.192505,17.170868,0.0035549359743747596,True,False,0.0,2.35582993814783,150042.24081071006,150044.5966406482,1,0.9999842991351179
2011-05-02,67.171761,17.015488,0.003552763961902573,True,False,0.0,2.35582993814783,149995.9190335509,149998.27486348903,1,0.9999842942864491
2011-05-03,67.350052,16.806435,0.0035623698633904665,True,False,0.0,2.35582993814783,150394.04649071867,150396.4023206568,1,0.9999843358624156
2011-05-04,67.521187,16.800776,0.0032989440003657394,True,False,0.0,2.35582993814783,150776.19445322044,150778.55028315858,1,0.999984375563144
2011-05-05,67.856339,16.845984,0.0031307639296134604,True,False,0.0,2.35582993814783,151524.59573833688,151526.95156827502,1,0.9999844527332349
2011-05-06,67.891998,16.978762,0.0031212866140723997,True,False,0.0,2.35582993814783,151604.22301618682,151606.57884612496,1,0.9999844608990186
2011-05-09,67.991806,16.908138,0.0029289284203986633,True,False,0.0,2.35582993814783,151827.09632580422,151829.45215574236,1,0.9999844837091573
2011-05-10,67.663795,16.990063,0.0032931748416388227,True,False,0.0,2.35582993814783,151094.64104004635,151096.9968699845,1,0.9999844084926441
2011-05-11,67.906265,16.865757,0.0031911682185600315,True,False,0.0,2.35582993814783,151636.08151959648,151638.43734953462,1,0.9999844641637087
2011-05-12,67.75647,17.086119,0.0032408040467365763,True,False,0.0,2.35582993814783,151301.5862144692,151303.94204440733,1,0.9999844298178467
2011-05-13,68.020302,16.877056,0.0031107241058490782,True,False,0.0,2.35582993814783,151890.72847784474,151893.08430778288,1,0.9999844902093543
2011-05-16,68.184357,16.639759,0.002811454705229997,True,False,0.0,2.35582993814783,152257.06665523822,152259.42248517636,1,0.999984527526115
2011-05-17,68.384026,16.433523,0.002823469942436802,True,False,0.0,2.35582993814783,152702.9316245593,152705.28745449745,1,0.9999845727022462
2011-05-18,67.991806,16.732977,0.0032363852885322095,True,False,0.0,2.35582993814783,151827.09632580422,151829.45215574236,1,0.9999844837091573
2011-05-19,68.06311,16.591724,0.0030221535775179806,True,False,0.0,2.35582993814783,151986.3196192172,151988.67544915533,1,0.9999844999640192
2011-05-20,68.227089,16.557825,0.0030313100868687866,True,False,0.0,2.35582993814783,152352.488087053,152354.84391699114,1,0.9999845372166872
2011-05-23,68.319786,16.218811,0.0029860594399451932,True,False,0.0,2.35582993814783,152559.48238792672,152561.83821786486,1,0.9999845581964293
2011-05-24,68.391167,16.077555,0.0028977299030659444,True,False,0.0,2.35582993814783,152718.87762391786,152721.233453856,1,0.9999845743130483
2011-05-25,68.398277,16.221634,0.0027599425376852514,True,False,0.0,2.35582993814783,152734.754399641,152737.11022957915,1,0.9999845759165235
2011-05-26,68.776222,16.374193,0.0028685007237619336,True,False,0.0,2.35582993814783,153578.7133308225,153581.06916076064,1,0.9999846606749712
2011-05-27,68.769028,16.56912,0.0028785044138660097,True,False,0.0,2.35582993814783,153562.6489813777,153565.00481131583,1,0.9999846590703328
2011-05-31,68.876045,16.820557,0.0028585654585996456,True,False,0.0,2.35582993814783,153801.62013574736,153803.9759656855,1,0.9999846829061255
2011-06-01,69.443657,16.331814,0.003245432326044567,True,False,0.0,2.35582993814783,155069.10936525365,155071.4651951918,1,0.9999848081016377
2011-06-02,69.028992,16.312037,0.0036420107961464125,True,False,0.0,2.35582993814783,154143.1539214765,154145.50975141465,1,0.9999847168435724
2011-06-03,69.300705,16.026707,0.0035919811274826336,True,False,0.0,2.35582993814783,154749.89461937724,154752.25044931538,1,0.9999847767645944
2011-06-06,69.257797,15.910884,0.003609908413544469,True,False,0.0,2.35582993814783,154654.08017595526,154656.4360058934,1,0.9999847673333294
2011-06-07,69.386467,15.975862,0.0036136145580605056,True,False,0.0,2.35582993814783,154941.40292311454,154943.75875305268,1,0.999984795580299
2011-06-08,69.536591,15.6651,0.0033461290941641884,True,False,0.0,2.35582993814783,155276.63289198483,155278.98872192297,1,0.9999848284049405
2011-06-09,69.257797,15.676403,0.003508856796338085,True,False,0.0,2.35582993814783,154654.08017595526,154656.4360058934,1,0.9999847673333294
2011-06-10,69.479401,15.424963,0.0034576435278264933,False,False,0.0,2.35582993814783,155148.92644984572,155151.28227978386,1,0.9999848159170616
2011-06-13,69.329254,15.289359,0.0034799328426393184,False,False,0.0,2.35582993814783,154813.64512150403,154816.00095144217,1,0.9999847830332546
2011-06-14,68.77877,15.557741,0.003988366435934285,False,False,0.0,2.35582993814783,153584.40306704506,153586.7588969832,1,0.9999846612432278
2011-06-15,69.522247,15.272408,0.0045850140683769925,False,False,0.0,2.35582993814783,155244.602445997,155246.95827593515,1,0.9999848252747474
2011-06-16,69.715302,15.097255,0.0043305617002114445,False,False,0.0,2.35582993814783,155675.6982177607,155678.05404769885,1,0.9999848672958269
2011-06-17,69.66526,14.874074,0.004352880767441462,False,False,0.0,2.35582993814783,155563.95340612362,155566.30923606176,1,0.9999848564258565
2011-06-20,69.558014,14.893848,0.004382928836865367,False,False,0.0,2.35582993814783,155324.47089006047,155326.82671999861,1,0.9999848330775315
2011-06-21,69.465088,15.244159,0.00441157380657808,False,False,0.0,2.35582993814783,155116.96522749326,155119.3210574314,1,0.9999848127884903
2011-06-22,69.436508,15.18484,0.004419876117016879,False,False,0.0,2.35582993814783,155053.14550173114,155055.50133166928,1,0.9999848065375436
2011-06-23,69.801094,15.404777,0.00452758534412908,False,False,0.0,2.35582993814783,155867.27351211288,155869.62934205102,1,0.9999848858950388
2011-06-24,70.0942,15.050935,0.004467830475297384,False,False,0.0,2.35582993814783,156521.7852174744,156524.14104741253,1,0.9999849490952489
2011-06-27,69.82254,15.127372,0.004592873992336999,False,False,0.0,2.35582993814783,155915.1628696599,155917.51869959803,1,0.9999848905372675
2011-06-28,69.179123,15.331183,0.00510251069160317,False,False,0.0,2.35582993814783,154478.39952149027,154480.7553514284,1,0.9999847500102341
2011-06-29,68.764488,15.351,0.0049182337503352715,False,False,0.0,2.35582993814783,153552.511068328,153554.86689826613,1,0.9999846580575027
2011-06-30,68.528564,15.710499,0.004799758668543768,False,False,0.0,2.35582993814783,153025.6879409416,153028.04377087974,1,0.9999846052404507
2011-07-01,68.357338,16.047348,0.004711663306535539,True,False,0.0,2.35582993814783,152643.3367735747,152645.69260351284,1,0.9999845666792297
2011-07-05,68.787354,15.919964,0.004962001517348104,True,False,0.0,2.35582993814783,153603.57131497865,153605.9271449168,1,0.9999846631573278
2011-07-06,68.909126,15.792597,0.004960002619260569,False,False,0.0,2.35582993814783,153875.49068675982,153877.84651669796,1,0.9999846902592447
2011-07-07,68.643967,16.092644,0.004982392027596832,True,False,0.0,2.35582993814783,153283.38520518676,153285.7410351249,1,0.9999846311214453
2011-07-08,69.374901,15.871848,0.005505560868157556,True,False,0.0,2.35582993814783,154915.57580806327,154917.9316380014,1,0.9999847930454968
2011-07-11,69.905197,15.59727,0.005721472277385105,False,False,0.0,2.35582993814783,156099.73764475857,156102.0934746967,1,0.9999849084026633
2011-07-12,70.005562,15.150016,0.00569626957867423,False,False,0.0,2.35582993814783,156323.854746792,156326.21057673014,1,0.9999849300387347
2011-07-13,70.120186,15.101894,0.0053394565412734525,False,False,0.0,2.35582993814783,156579.81248807113,156582.16831800927,1,0.9999849546729143
2011-07-14,69.718826,14.878275,0.005012063702494865,False,False,0.0,2.35582993814783,155683.56738198697,155685.9232119251,1,0.9999848680607113
2011-07-15,70.005562,14.937712,0.00505749075374497,False,False,0.0,2.35582993814783,156323.854746792,156326.21057673014,1,0.9999849300387347
2011-07-18,69.962494,14.756544,0.005056553635304112,False,False,0.0,2.35582993814783,156227.6830200907,156230.03885002885,1,0.9999849207620027
2011-07-19,70.227684,15.217952,0.005099338618981233,False,False,0.0,2.35582993814783,156819.85772529914,156822.21355523728,1,0.9999849777025541
2011-07-20,69.88369,15.158508,0.005227312781429342,False,False,0.0,2.35582993814783,156051.7120729613,156054.06790289943,1,0.9999849037582307
2011-07-21,69.496773,15.27173,0.005388063617171105,False,False,0.0,2.35582993814783,155187.718481894,155190.07431183214,1,0.9999848197125455
2011-07-22,69.761864,15.64256,0.005324643129039632,False,False,0.0,2.35582993814783,155779.6721180734,155782.02794801153,1,0.9999848773958769
2011-07-25,69.539703,15.458564,0.005272376778635836,False,False,0.0,2.35582993814783,155283.58205176692,155285.93788170506,1,0.9999848290838805
2011-07-26,69.833557,15.563296,0.005301520262424209,False,False,0.0,2.35582993814783,155939.7640564591,155942.11988639724,1,0.9999848929209129
2011-07-27,69.718826,15.008482,0.004855791284891676,False,False,0.0,2.35582993814783,155683.56738198697,155685.9232119251,1,0.9999848680607113
2011-07-28,69.855026,14.977344,0.004624334498261445,False,False,0.0,2.35582993814783,155987.70477347754,155990.06060341568,1,0.9999848975637997
2011-07-29,70.700653,14.852789,0.005145129675849613,False,False,0.0,2.35582993814783,157876.00719604743,157878.36302598557,1,0.9999850781963217
2011-08-01,70.957825,14.835805,0.005072540514758438,False,False,0.0,2.35582993814783,158450.27754292273,158452.63337286087,1,0.999985132276517
2011-08-02,71.611473,14.405539,0.005243524407900871,False,False,0.0,2.35582993814783,159909.8869237821,159912.24275372023,1,0.9999852679826287
2011-08-03,71.668999,14.575377,0.005250322615667713,False,False,0.0,2.35582993814783,160038.3436608077,160040.69949074584,1,0.9999852798072888
2011-08-04,72.617157,13.734653,0.005621508245035236,False,False,0.0,2.35582993814783,162155.59990780434,162157.95573774248,1,0.9999854720051975
2011-08-05,71.776695,13.457242,0.006173565275247672,False,False,0.0,2.35582993814783,160278.83103609385,160281.186866032,1,0.9999853018936021
2011-08-08,72.918854,12.738242,0.006821971288684136,False,False,0.0,2.35582993814783,162829.2954922429,162831.65132218105,1,0.9999855321129583
2011-08-09,73.34269,13.307214,0.006868770624993068,False,False,0.0,2.35582993814783,163775.72996698454,163778.08579692268,1,0.999985615719425
2011-08-10,74.312454,13.052449,0.007276951832104977,False,False,0.0,2.35582993814783,165941.2328548075,165943.58868474563,1,0.9999858034290037
2011-08-11,73.220634,13.697857,0.008081047572806453,False,False,0.0,2.35582993814783,163503.17641738267,163505.5322473208,1,0.9999855917417242
2011-08-12,73.730606,13.641244,0.00813630235980427,False,False,0.0,2.35582993814783,164641.95434552684,164644.31017546498,1,0.999985691397804
2011-08-15,73.457619,13.904497,0.00822937957756049,False,False,0.0,2.35582993814783,164032.3687795148,164034.72460945294,1,0.9999856382242007
2011-08-16,73.795288,13.655393,0.00823824481290587,False,False,0.0,2.35582993814783,164786.39057721844,164788.74640715658,1,0.999985703939198
2011-08-17,74.312454,13.564811,0.008105082160589794,False,False,0.0,2.35582993814783,165941.2328548075,165943.58868474563,1,0.9999858034290037
2011-08-18,74.700378,12.780703,0.007855753393479176,False,False,0.0,2.35582993814783,166807.47509751376,166809.8309274519,1,0.999985877151694
2011-08-19,74.779404,12.545752,0.00787616248110607,False,False,0.0,2.35582993814783,166983.94177519318,166986.29760513132,1,0.9999858920763445
2011-08-22,74.642891,12.62218,0.007821206189048892,False,False,0.0,2.35582993814783,166679.1054482875,166681.46127822564,1,0.999985866274989
2011-08-23,74.341187,13.270415,0.008000012378894162,False,False,0.0,2.35582993814783,166005.3942327054,166007.75006264355,1,0.9999858089159256
2011-08-24,73.5438,13.281739,0.008530401009610233,False,False,0.0,2.35582993814783,164224.8127188397,164227.16854877784,1,0.999985655053552
2011-08-25,73.996384,12.933561,0.008563073389823287,False,False,0.0,2.35582993814783,165235.4420667867,165237.79789672483,1,0.9999857427902809
2011-08-26,74.233452,13.293063,0.008289560305281433,False,False,0.0,2.35582993814783,165764.81976961996,165767.1755995581,1,0.9999857883206997
2011-08-29,73.744957,13.757301,0.008524537782729349,False,False,0.0,2.35582993814783,164674.00042265814,164676.35625259628,1,0.999985694182263
2011-08-30,74.25499,13.754474,0.008437461328842308,False,False,0.0,2.35582993814783,165812.9145650526,165815.27039499074,1,0.9999857924428038
2011-08-31,73.989204,13.683702,0.008521747807667611,False,False,0.0,2.35582993814783,165219.40897962882,165221.76480956696,1,0.9999857414067641
2011-09-01,74.578819,13.460073,0.008224734517142658,False,False,0.0,2.35582993814783,166536.03135909815,166538.3871890363,1,0.9999858541326243
2011-09-02,75.262794,13.140203,0.007800696315039129,False,False,0.0,2.35582993814783,168063.3615525253,168065.71738246345,1,0.9999859826859705
2011-09-06,75.363594,13.052449,0.007133328592930746,False,False,0.0,2.35582993814783,168288.45001847434,168290.80584841248,1,0.9999860014340874
2011-09-07,74.960457,13.607273,0.007227708166319238,False,False,0.0,2.35582993814783,167388.2368349696,167390.59266490774,1,0.9999859261509226
2011-09-08,75.327576,13.547829,0.006721818284673481,False,False,0.0,2.35582993814783,168208.02108626644,168210.37691620458,1,0.9999859947407447
2011-09-09,75.694763,13.403462,0.0056986999991568065,False,False,0.0,2.35582993814783,169027.95718295703,169030.31301289517,1,0.9999860626777757
2011-09-12,75.464378,13.791271,0.005649185709525924,False,False,0.0,2.35582993814783,168513.50275609535,168515.8585860335,1,0.9999860201291564
2011-09-13,75.24118,14.063017,0.005617651236811902,False,False,0.0,2.35582993814783,168015.09704753503,168017.45287747317,1,0.9999859786593727
2011-09-14,75.284386,14.425355,0.005561703211116049,False,False,0.0,2.35582993814783,168111.57693106472,168113.93276100286,1,0.9999859867061615
2011-09-15,74.722816,14.657469,0.005682129708357039,False,False,0.0,2.35582993814783,166857.57961139237,166859.9354413305,1,0.999985881392487
2011-09-16,74.866806,14.677291,0.005578679005414984,False,False,0.0,2.35582993814783,167179.1122325431,167181.46806248123,1,0.9999859085461718
2011-09-19,75.478783,14.521595,0.005859691956604139,False,False,0.0,2.35582993814783,168545.66941633343,168548.02524627157,1,0.9999860227971541
2011-09-20,75.579582,14.33477,0.005837190240648101,False,False,0.0,2.35582993814783,168770.7556492619,168773.11147920004,1,0.9999860414380141
2011-09-21,75.903549,14.046037,0.00578301495179518,False,False,0.0,2.35582993814783,169494.18060013585,169496.536430074,1,0.9999861010142876
2011-09-22,76.60907,13.573305,0.0053458501232863526,False,False,0.0,2.35582993814783,171069.62345315964,171071.97928309778,1,0.9999862290133779
2011-09-23,75.975571,13.819574,0.005725431573139955,False,False,0.0,2.35582993814783,169655.00720226462,169657.36303220276,1,0.9999861141898233
2011-09-26,75.658752,13.809926,0.00583461959561312,False,False,0.0,2.35582993814783,168947.5438818927,168949.89971183083,1,0.9999860560441755
2011-09-27,75.154808,14.062513,0.0058401474537883155,False,False,0.0,2.35582993814783,167822.2266012955,167824.58243123363,1,0.9999859625455102
2011-09-28,75.169212,13.670863,0.005670865618931142,False,False,0.0,2.35582993814783,167854.39102851306,167856.7468584512,1,0.9999859652353437
2011-09-29,75.169212,13.494905,0.005587236360127309,False,False,0.0,2.35582993814783,167854.39102851306,167856.7468584512,1,0.9999859652353437
2011-09-30,75.644356,13.032305,0.0054881903337919615,False,False,0.0,2.35582993814783,168915.3973188391,168917.75314877724,1,0.9999860533905156
2011-10-03,76.344841,12.549836,0.005495347849053354,False,False,0.0,2.35582993814783,170479.59468064737,170481.9505105855,1,0.999986181352741
2011-10-04,75.955276,13.04933,0.005644224117652856,False,False,0.0,2.35582993814783,169609.68805130792,169612.04388124606,1,0.999986110479632
2011-10-05,75.63781,13.463684,0.005586989726662305,False,False,0.0,2.35582993814783,168900.77996667539,168903.13579661353,1,0.9999860521835369
2011-10-06,75.111244,13.62829,0.005719969567736923,False,False,0.0,2.35582993814783,167724.9472964284,167727.30312636655,1,0.9999859544039985
2011-10-07,74.721695,13.690725,0.005698930361543007,False,False,0.0,2.35582993814783,166855.0763954169,166857.43222535503,1,0.9999858811806779
2011-10-10,73.935364,14.076705,0.006100590218855011,False,False,0.0,2.35582993814783,165099.18315614972,165101.53898608786,1,0.999985731023753
2011-10-11,74.180679,14.062513,0.006156728158981741,False,False,0.0,2.35582993814783,165646.97657900958,165649.33240894772,1,0.9999857782104891
2011-10-12,73.928146,14.167524,0.006177424031656513,False,False,0.0,2.35582993814783,165083.06521421298,165085.42104415112,1,0.9999857296306165
2011-10-13,74.223969,14.454166,0.0060663882278408805,False,False,0.0,2.35582993814783,165743.64403626087,165745.999866199,1,0.9999857865050135
2011-10-14,73.855988,14.618772,0.0061268160533061835,False,False,0.0,2.35582993814783,164921.93492129684,164924.29075123498,1,0.9999857156885296
2011-10-17,74.339355,14.238474,0.006013883414261917,False,False,0.0,2.35582993814783,166001.3033391576,166003.65916909574,1,0.9999858085662091
2011-10-18,74.260002,14.525115,0.005993792569706794,False,False,0.0,2.35582993814783,165824.10646377617,165826.4622937143,1,0.999985793401695
2011-10-19,74.375397,14.232795,0.0059006298551484695,False,False,0.0,2.35582993814783,166081.78586385737,166084.1416937955,1,0.9999858154432198
2011-10-20,74.223969,13.985885,0.005383940019903316,False,False,0.0,2.35582993814783,165743.64403626087,165745.999866199,1,0.9999857865050135
2011-10-21,74.086884,14.283881,0.0051480675479622685,False,False,0.0,2.35582993814783,165437.53042163176,165439.8862515699,1,0.9999857602057671
2011-10-24,74.050842,14.760672,0.005103853634407999,False,False,0.0,2.35582993814783,165357.04789693202,165359.40372687016,1,0.9999857532750781
2011-10-25,74.685669,14.516599,0.005352099729712317,False,False,0.0,2.35582993814783,166774.6295990451,166776.98542898323,1,0.9999858743703031
2011-10-26,74.13739,14.564843,0.0055768181592044256,False,False,0.0,2.35582993814783,165550.31135477877,165552.6671847169,1,0.9999857699064703
2011-10-27,73.242813,15.180702,0.006130790482284942,False,False,0.0,2.35582993814783,163552.7025789529,163555.05840889105,1,0.9999855961046937
2011-10-28,73.682922,15.240299,0.006110915489170938,False,False,0.0,2.35582993814783,164535.47499621822,164537.83082615637,1,0.9999856821381058
2011-10-31,74.671196,14.871357,0.006537397417535001,False,False,0.0,2.35582993814783,166742.31109341333,166744.66692335147,1,0.9999858716324689
2011-11-01,75.566833,14.397404,0.007075733132169835,False,False,0.0,2.35582993814783,168742.28687096445,168744.6427009026,1,0.9999860390830758
2011-11-02,75.386124,14.451324,0.007034511267897574,False,False,0.0,2.35582993814783,168338.7599702385,168341.11580017663,1,0.9999860056176595
2011-11-03,75.031914,14.882707,0.006936095006734996,False,False,0.0,2.35582993814783,167547.80178051835,167550.1576104565,1,0.9999859395540313
2011-11-04,75.256012,15.05299,0.006857390181544156,False,False,0.0,2.35582993814783,168048.21720752466,168050.5730374628,1,0.9999859814227613
2011-11-07,75.342697,15.044477,0.006356178065149415,False,False,0.0,2.35582993814783,168241.7865891793,168244.14241911744,1,0.999985997551509
2011-11-08,75.003006,15.112588,0.006443136462196431,False,False,0.0,2.35582993814783,167483.2496240337,167485.60545397183,1,0.9999859341348664
2011-11-09,75.668045,14.44565,0.006625654663501971,False,False,0.0,2.35582993814783,168968.29534135762,168970.65117129576,1,0.9999860577566471
2011-11-10,75.29937,14.54214,0.0067227213030378544,False,False,0.0,2.35582993814783,168145.03651016965,168147.3923401078,1,0.9999859894946609
2011-11-11,74.952332,15.05299,0.006707544799901077,False,False,0.0,2.35582993814783,167370.09354344342,167372.44937338156,1,0.9999859246253074
2011-11-14,75.422264,14.888382,0.006695406002135987,False,False,0.0,2.35582993814783,168419.4613309468,168421.81716088494,1,0.9999860123232378
2011-11-15,75.321037,15.075702,0.0066995594132210744,False,False,0.0,2.35582993814783,168193.41936524623,168195.77519518437,1,0.9999859935248944
2011-11-16,75.595734,15.024602,0.0067295873726835286,False,False,0.0,2.35582993814783,168806.8233963056,168809.17922624375,1,0.9999860444203986
2011-11-17,75.747528,14.442813,0.006700080454126545,False,False,0.0,2.35582993814783,169145.78250940348,169148.13833934162,1,0.9999860723862452
2011-11-18,75.46563,14.306586,0.0067553397366342674,False,False,0.0,2.35582993814783,168516.29849775578,168518.65432769392,1,0.9999860203610839
2011-11-21,75.675255,14.039806,0.006758900246081372,False,False,0.0,2.35582993814783,168984.39541913033,168986.75124906847,1,0.9999860590849832
2011-11-22,75.90654,13.861011,0.006548655772364282,False,False,0.0,2.35582993814783,169500.859564438,169503.21539437614,1,0.9999861015619518
2011-11-23,76.166779,13.423956,0.006278271019685536,False,False,0.0,2.35582993814783,170081.97858517308,170084.33441511123,1,0.9999861490480811
2011-11-25,75.682449,13.259344,0.005735472762455797,False,False,0.0,2.35582993814783,169000.45976857515,169002.8155985133,1,0.9999860604101192
2011-11-28,75.689667,13.662346,0.00565087251779669,False,False,0.0,2.35582993814783,169016.57771051186,169018.93354045,1,0.999986061739423
2011-11-29,75.54512,13.577209,0.004932110972450583,False,False,0.0,2.35582993814783,168693.8012969451,168696.15712688325,1,0.9999860350705181
2011-11-30,75.104172,14.340638,0.004347911394446766,False,False,0.0,2.35582993814783,167709.15537548406,167711.5112054222,1,0.999985953081448
2011-12-01,75.082474,14.437132,0.004320116643871481,False,False,0.0,2.35582993814783,167660.70329677215,167663.0591267103,1,0.9999859490221018
2011-12-02,75.415634,14.439975,0.004301403034738671,False,False,0.0,2.35582993814783,168404.65640506145,168407.0122349996,1,0.9999860110935591
2011-12-05,75.372116,14.559173,0.0042560226981839784,False,False,0.0,2.35582993814783,168307.4798191372,168309.83564907534,1,0.9999860030168228
2011-12-06,75.17662,14.52228,0.004288638157319936,False,False,0.0,2.35582993814783,167870.9332443439,167873.28907428205,1,0.9999859666183278
2011-12-07,75.517036,14.715266,0.004275755228236889,False,False,0.0,2.35582993814783,168631.08914934876,168633.4449792869,1,0.9999860298771787
2011-12-08,75.900887,14.281035,0.003953657670465428,False,False,0.0,2.35582993814783,169488.23629957676,169490.5921295149,1,0.9999861005268285
2011-12-09,75.379372,14.471189,0.0041109243726580305,False,False,0.0,2.35582993814783,168323.6826158527,168326.03844579085,1,0.9999860043641501
2011-12-12,75.64016,14.085216,0.004023399717943337,False,False,0.0,2.35582993814783,168906.02756483984,168908.38339477798,1,0.9999860526168637
2011-12-13,75.987732,13.750333,0.0039128897769452504,False,False,0.0,2.35582993814783,169682.1629645107,169684.51879444884,1,0.9999861164120636
2011-12-14,76.30645,13.534637,0.003979955078459431,False,False,0.0,2.35582993814783,170393.86679080364,170396.22262074178,1,0.9999861744004538
2011-12-15,76.24128,13.500581,0.003928778072662205,False,False,0.0,2.35582993814783,170248.34084511024,170250.69667504838,1,0.9999861625826846
2011-12-16,76.610565,13.631127,0.004037926486640614,False,False,0.0,2.35582993814783,171072.96181880042,171075.31764873856,1,0.999986229282105
2011-12-19,76.871346,13.236644,0.003952513219199543,False,False,0.0,2.35582993814783,171655.2911366441,171657.64696658225,1,0.9999862759977212
2011-12-20,76.176086,13.824118,0.004510420802695918,False,False,0.0,2.35582993814783,170102.76130692495,170105.1171368631,1,0.9999861507403317
2011-12-21,75.929832,13.685053,0.004529881538409916,False,False,0.0,2.35582993814783,169552.8710778198,169555.22690775793,1,0.9999861058253343
2011-12-22,76.023956,14.141161,0.00446934695148027,False,False,0.0,2.35582993814783,169763.0518989406,169765.40772887875,1,0.999986123027243
2011-12-23,75.712547,14.203726,0.004327690197944487,False,False,0.0,2.35582993814783,169067.66921944948,169070.02504938762,1,0.9999860659514456
2011-12-27,75.755356,14.186659,0.004329396712612756,False,False,0.0,2.35582993814783,169163.26259384243,169165.61842378057,1,0.999986073825402
2011-12-28,76.234238,13.97623,0.004519547361236773,False,False,0.0,2.35582993814783,170232.61591478076,170234.9717447189,1,0.9999861613044958
2011-12-29,76.328499,14.098512,0.004269886347135029,False,False,0.0,2.35582993814783,170443.1026597095,170445.45848964763,1,0.9999861783941971
2011-12-30,76.596954,14.047326,0.0043028958423812266,False,False,0.0,2.35582993814783,171042.56817683583,171044.92400677397,1,0.9999862268351323
2012-01-03,76.110909,14.223627,0.004521485590676827,False,False,0.0,2.35582993814783,169957.21973008808,169959.57556002622,1,0.9999861388807875
2012-01-04,75.871468,14.223627,0.004588650430634632,False,False,0.0,2.35582993814783,169422.5430696189,169424.89889955704,1,0.9999860951374122
2012-01-05,75.885963,14.416992,0.004537099996561463,False,False,0.0,2.35582993814783,169454.91070170156,169457.2665316397,1,0.9999860977933472
2012-01-06,76.183434,14.453956,0.004510599404524736,False,False,0.0,2.35582993814783,170119.16954152606,170121.5253714642,1,0.9999861520760939
2012-01-09,76.197937,14.746854,0.004376922800472321,False,False,0.0,2.35582993814783,170151.55503777266,170153.9108677108,1,0.9999861547117775
2012-01-10,76.045525,14.894713,0.0040869210248202755,False,False,0.0,2.35582993814783,169811.21591800862,169813.57174794676,1,0.999986126963152
2012-01-11,76.488136,14.945905,0.00421003956291963,True,False,0.0,2.35582993814783,170799.57535255371,170801.93118249185,1,0.9999862072406217
2012-01-12,76.328499,15.105147,0.004137914186696581,True,False,0.0,2.35582993814783,170443.1026597095,170445.45848964763,1,0.9999861783941971
2012-01-13,76.669495,14.798033,0.004152041896880624,False,False,0.0,2.35582993814783,171204.55371660175,171206.9095465399,1,0.9999862398664611
2012-01-17,76.742104,14.840689,0.004146644572651017,False,False,0.0,2.35582993814783,171366.6911017614,171369.04693169953,1,0.9999862528853354
2012-01-18,76.502739,15.594242,0.00407272228735365,True,False,0.0,2.35582993814783,170832.1841508499,170834.53998078805,1,0.9999862098733757
2012-01-19,76.045525,15.904183,0.004191501751266964,True,False,0.0,2.35582993814783,169811.21591800862,169813.57174794676,1,0.999986126963152
2012-01-20,75.78434,15.980965,0.0037528773165406105,True,False,0.0,2.35582993814783,169227.98445988476,169230.3402898229,1,0.9999860791514447
2012-01-23,75.617523,15.929784,0.003716600478324555,True,False,0.0,2.35582993814783,168855.47867988265,168857.8345098208,1,0.9999860484416079
2012-01-24,75.70459,15.986664,0.0037148495778224926,True,False,0.0,2.35582993814783,169049.90107536656,169052.2569053047,1,0.9999860644869151
2012-01-25,76.067345,16.054893,0.003755686699515846,True,False,0.0,2.35582993814783,169859.940425221,169862.29625515913,1,0.9999861309425925
2012-01-26,76.473686,15.887127,0.003924968689507986,True,False,0.0,2.35582993814783,170767.30820639338,170769.66403633152,1,0.9999862046344622
2012-01-27,76.705811,15.93831,0.003732716878282666,True,False,0.0,2.35582993814783,171285.64808891725,171288.0039188554,1,0.999986246381041
2012-01-30,76.967018,15.773384,0.003791900279154719,True,False,0.0,2.35582993814783,171868.92867349202,171871.28450343016,1,0.9999862930567782
2012-01-31,77.257225,15.784758,0.003803149645236728,True,False,0.0,2.35582993814783,172516.96685243706,172519.3226823752,1,0.9999863445444748
2012-02-01,76.989052,16.13736,0.003579821878983449,True,False,0.0,2.35582993814783,171918.13104709046,171920.4868770286,1,0.9999862969796042
2012-02-02,77.098083,16.225515,0.003473822347276569,True,False,0.0,2.35582993814783,172161.59950473811,172163.95533467626,1,0.9999863163579533
2012-02-03,76.487511,16.4786,0.003988177850178634,True,False,0.0,2.35582993814783,170798.179714744,170800.53554468215,1,0.999986207127919
2012-02-06,76.698303,16.290916,0.003942497106348231,True,False,0.0,2.35582993814783,171268.88257103684,171271.23840097498,1,0.9999862450347172
2012-02-07,76.204063,16.299454,0.00422615829859741,True,False,0.0,2.35582993814783,170165.23452132827,170167.5903512664,1,0.9999861558247768
2012-02-08,76.240387,16.495653,0.004200494726384783,True,False,0.0,2.35582993814783,170246.34675780774,170248.70258774588,1,0.9999861624206098
2012-02-09,76.065948,16.549683,0.004010521650871423,True,False,0.0,2.35582993814783,169856.82089558875,169859.1767255269,1,0.9999861306878819
2012-02-10,76.494804,16.228359,0.004193601018407072,True,False,0.0,2.35582993814783,170814.4651332179,170816.82096315603,1,0.9999862084429106
2012-02-13,76.443886,16.276699,0.004068595489941607,True,False,0.0,2.35582993814783,170700.76419562672,170703.12002556486,1,0.9999861992567108
2012-02-14,76.603775,16.336411,0.004092721162599918,True,False,0.0,2.35582993814783,171057.7996096358,171060.15543957395,1,0.9999862280615138
2012-02-15,76.661957,16.421722,0.004032897021130098,True,False,0.0,2.35582993814783,171187.7212081065,171190.07703804463,1,0.9999862385134763
2012-02-16,76.313065,16.83404,0.003930277362662589,True,False,0.0,2.35582993814783,170408.63822138155,170410.9940513197,1,0.9999861755988735
2012-02-17,76.233086,16.677643,0.003850023430699803,True,False,0.0,2.35582993814783,170230.0434751699,170232.39930510803,1,0.9999861610953745
2012-02-21,75.956909,16.450163,0.0039114366765022526,True,False,0.0,2.35582993814783,169613.3345737771,169615.69040371524,1,0.9999861107782392
2012-02-22,76.254921,16.390444,0.0039939155194484615,True,False,0.0,2.35582993814783,170278.8014776897,170281.15730762784,1,0.9999861650579818
2012-02-23,76.363899,16.418875,0.0038670709210451458,True,False,0.0,2.35582993814783,170522.15158525112,170524.50741518926,1,0.9999861848013881
2012-02-24,76.422119,16.367691,0.0036782561951113828,True,False,0.0,2.35582993814783,170652.15803850058,170654.51386843872,1,0.9999861953259557
2012-02-27,76.676476,16.38476,0.003691616838093782,True,False,0.0,2.35582993814783,171220.14243268102,171222.49826261916,1,0.9999862411192335
2012-02-28,76.712822,16.649214,0.0036059936538833824,True,False,0.0,2.35582993814783,171301.3037956114,171303.65962554954,1,0.9999862476380056
2012-02-29,76.407562,16.401819,0.0035779086439357358,True,False,0.0,2.35582993814783,170619.65195914725,170622.0077890854,1,0.999986192695956
2012-03-01,76.160019,16.413191,0.003568284863161485,True,False,0.0,2.35582993814783,170066.88336662334,170069.23919656148,1,0.999986147818681
2012-03-02,76.465744,16.228359,0.003688081576096882,True,False,0.0,2.35582993814783,170749.5735576179,170751.92938755604,1,0.999986203201647
2012-03-05,76.312881,15.84163,0.0032634650853525914,True,False,0.0,2.35582993814783,170408.2273456104,170410.58317554853,1,0.9999861755655415
2012-03-06,76.63327,15.693769,0.0033447329864478704,True,False,0.0,2.35582993814783,171123.66254915134,171126.01837908948,1,0.9999862333620542
2012-03-07,76.487648,15.924088,0.0030238333302066403,True,False,0.0,2.35582993814783,170798.48563855188,170800.84146849002,1,0.9999862071526235
2012-03-08,76.261932,16.160112,0.0031028069509125124,True,False,0.0,2.35582993814783,170294.45718438385,170296.813014322,1,0.999986166329854
2012-03-09,76.203728,16.336411,0.0030616213695847474,True,False,0.0,2.35582993814783,170164.48645946226,170166.8422894004,1,0.999986155763917
2012-03-12,76.181824,16.180019,0.002771041249732792,True,False,0.0,2.35582993814783,170115.57437852828,170117.93020846642,1,0.9999861517834407
2012-03-13,75.635788,16.532612,0.0031820960626102565,True,False,0.0,2.35582993814783,168896.26479923344,168898.62062917158,1,0.9999860518106698
2012-03-14,74.769508,16.4786,0.003953661925925899,True,False,0.0,2.35582993814783,166961.84380436945,166964.1996343076,1,0.9999858902091389
2012-03-15,74.74762,16.805605,0.0039330026310439295,True,False,0.0,2.35582993814783,166912.9674517634,166915.32328170154,1,0.9999858860774923
2012-03-16,74.725784,16.83404,0.003859814910109956,True,False,0.0,2.35582993814783,166864.2072162231,166866.56304616123,1,0.9999858819532498
2012-03-19,74.267128,16.953476,0.004025118355117777,True,False,0.0,2.35582993814783,165840.0189678273,165842.37479776543,1,0.999985794764812
2012-03-20,74.303558,16.81982,0.004005347023170763,True,False,0.0,2.35582993814783,165921.36790447927,165923.7237344174,1,0.9999858017293421
2012-03-21,74.68206,16.888073,0.004089743165592422,True,False,0.0,2.35582993814783,166766.57062807673,166768.92645801487,1,0.9999858736876936
2012-03-22,74.776772,16.797066,0.004084789213636234,True,False,0.0,2.35582993814783,166978.06446524893,166980.42029518707,1,0.9999858915797794
2012-03-23,75.053398,16.831194,0.004204032224328497,True,False,0.0,2.35582993814783,167595.77599284422,167598.13182278236,1,0.9999859435787707
2012-03-26,74.966049,17.063362,0.0040846478277292006,True,False,0.0,2.35582993814783,167400.72388558055,167403.0797155187,1,0.9999859272007292
2012-03-27,75.38102,17.057657,0.004336876627863508,True,False,0.0,2.35582993814783,168327.36263362935,168329.7184635675,1,0.9999860046701222
2012-03-28,75.249969,16.861107,0.004280767919117137,True,False,0.0,2.35582993814783,168034.7230646702,168037.07889460833,1,0.9999859802970057
2012-03-29,75.563049,16.86396,0.004373599830460868,True,False,0.0,2.35582993814783,168733.8371214094,168736.19295134753,1,0.9999860383839594
2012-03-30,75.191704,16.935173,0.004356729148587689,True,False,0.0,2.35582993814783,167904.6161254984,167906.97195543654,1,0.9999859694334863
2012-04-02,75.37188,16.949417,0.004405632762534264,True,False,0.0,2.35582993814783,168306.95282630026,168309.3086562384,1,0.9999860029729969
2012-04-03,74.817612,16.678793,0.004499463975891463,True,False,0.0,2.35582993814783,167069.26102228623,167071.61685222437,1,0.9999858992809041
2012-04-04,75.196838,16.311323,0.004706464996333672,True,False,0.0,2.35582993814783,167916.08045272244,167918.43628266058,1,0.9999859703913978
2012-04-05,75.532318,16.33696,0.004822152211688259,True,False,0.0,2.35582993814783,168665.2141685614,168667.56999849953,1,0.9999860327036302
2012-04-09,76.305374,16.120461,0.005377571687775937,True,False,0.0,2.35582993814783,170391.46406075047,170393.8198906886,1,0.9999861742054985
2012-04-10,76.662735,15.81566,0.005473882969646267,True,False,0.0,2.35582993814783,171189.458498052,171191.81432799014,1,0.9999862386531307
2012-04-11,76.363678,16.080578,0.005282695979483752,True,False,0.0,2.35582993814783,170521.65808772156,170524.0139176597,1,0.9999861847614068
2012-04-12,76.210548,16.385384,0.004518551645411236,True,False,0.0,2.35582993814783,170179.71565924175,170182.07148917989,1,0.9999861570028057
2012-04-13,76.670013,16.094822,0.004645046241616402,True,False,0.0,2.35582993814783,171205.71042121845,171208.0662511566,1,0.9999862399594264
2012-04-16,76.648155,16.08914,0.004644921924976232,True,False,0.0,2.35582993814783,171156.90105922724,171159.25688916538,1,0.9999862360354855
2012-04-17,76.567902,16.339815,0.004345836569212885,True,False,0.0,2.35582993814783,170977.69446539984,170980.05029533798,1,0.9999862216092809
2012-04-18,76.721062,16.220161,0.004340010514821295,True,False,0.0,2.35582993814783,171319.70388449455,171322.0597144327,1,0.9999862491150172
2012-04-19,76.808571,16.020763,0.004262456736575379,True,False,0.0,2.35582993814783,171515.1132750375,171517.46910497564,1,0.9999862647813634
2012-04-20,76.815842,15.650431,0.0042724868153682,True,False,0.0,2.35582993814783,171531.34956706045,171533.7053969986,1,0.9999862660814521
2012-04-23,76.969055,15.459581,0.004240117164781374,True,False,0.0,2.35582993814783,171873.47733624143,171875.83316617957,1,0.99998629341953
2012-04-24,76.772087,15.345628,0.004293373815384193,True,False,0.0,2.35582993814783,171433.64375527872,171435.99958521686,1,0.9999862582541366
2012-04-25,76.677322,15.687469,0.004199505235316485,True,False,0.0,2.35582993814783,171222.03156802023,171224.38739795837,1,0.9999862412710365
2012-04-26,76.932549,16.04925,0.004187585129811236,True,False,0.0,2.35582993814783,171791.95869003175,171794.3145199699,1,0.9999862869155786
2012-04-27,77.012825,16.052094,0.0041258025206767236,True,False,0.0,2.35582993814783,171971.21664333058,171973.57247326872,1,0.9999863012095157
2012-04-30,77.078377,15.983723,0.0038880918021099342,True,False,0.0,2.35582993814783,172117.59560285328,172119.95143279142,1,0.999986312859616
2012-05-01,76.938148,16.032158,0.003936144879453961,True,False,0.0,2.35582993814783,171804.46137178622,171806.81720172436,1,0.9999862879135036
2012-05-02,77.084274,16.10907,0.0034036015425973902,True,False,0.0,2.35582993814783,172130.7637247154,172133.11955465353,1,0.9999863139066774
2012-05-03,77.076942,15.707406,0.0033134478101171146,True,False,0.0,2.35582993814783,172114.3912184422,172116.74704838035,1,0.9999863126047956
2012-05-04,77.383759,15.391208,0.0032906402382286565,True,False,0.0,2.35582993814783,172799.5198678179,172801.87569775604,1,0.999986366872879
2012-05-07,77.361816,15.345628,0.0025339628148316837,True,False,0.0,2.35582993814783,172750.5206990846,172752.87652902273,1,0.9999863630060148
2012-05-08,77.537117,15.257318,0.0023876060456467355,True,False,0.0,2.35582993814783,173141.97142497072,173144.32725490886,1,0.9999863938370058
2012-05-09,77.602859,15.203199,0.0021426623016928934,True,False,0.0,2.35582993814783,173288.77465838756,173291.1304883257,1,0.9999864053634395
2012-05-10,77.493301,15.146226,0.002105395428372852,True,False,0.0,2.35582993814783,173044.12939893876,173046.4852288769,1,0.99998638614396
2012-05-11,77.748993,15.251625,0.0018224942565344426,True,False,0.0,2.35582993814783,173615.09487548072,173617.45070541886,1,0.9999864309150459
2012-05-14,78.0923,15.10349,0.001983917317183512,True,False,0.0,2.35582993814783,174381.70644273813,174384.06227267627,1,0.9999864905662396
2012-05-15,78.114204,14.943979,0.001935768410330304,True,False,0.0,2.35582993814783,174430.61852367214,174432.97435361028,1,0.999986494354368
2012-05-16,78.17263,14.713235,0.0019219624617269728,False,False,0.0,2.35582993814783,174561.08497914372,174563.44080908186,1,0.9999865044483127
2012-05-17,78.464821,14.388485,0.0020211055814540976,False,False,0.0,2.35582993814783,175213.55347075185,175215.90930069,1,0.9999865547030088
2012-05-18,78.413658,14.112169,0.0020467506280389537,False,False,0.0,2.35582993814783,175099.30544313928,175101.66127307742,1,0.9999865459303983
2012-05-21,78.209137,14.465401,0.0021868478630390547,False,False,0.0,2.35582993814783,174642.60585837386,174644.961688312,1,0.9999865107477744
2012-05-22,78.041161,14.360002,0.002155210407773853,False,False,0.0,2.35582993814783,174267.51200761745,174269.8678375556,1,0.999986481713865
2012-05-23,78.245651,14.416971,0.002133921178590161,False,False,0.0,2.35582993814783,174724.14236874747,174726.49819868561,1,0.999986517042564
2012-05-24,78.077637,14.211872,0.002172553773875297,False,False,0.0,2.35582993814783,174348.96366321223,174351.31949315037,1,0.9999864880291988
2012-05-25,78.304131,14.3543,0.002225122235935013,False,False,0.0,2.35582993814783,174854.72940732582,174857.08523726396,1,0.9999865271119271
2012-05-29,78.238358,14.661955,0.002256260928578124,False,False,0.0,2.35582993814783,174707.85695027365,174710.2127802118,1,0.9999865157857651
2012-05-30,78.983406,14.456858,0.0029016786505387014,False,False,0.0,2.35582993814783,176371.56440442402,176373.92023436216,1,0.9999866429802376
2012-05-31,79.290253,14.305876,0.00295597951488164,False,False,0.0,2.35582993814783,177056.7600444146,177059.11587435275,1,0.9999866946701585
2012-06-01,79.971321,13.693416,0.0033326186689203756,False,False,0.0,2.35582993814783,178577.59884726125,178579.9546771994,1,0.9999868079822151
2012-06-04,79.510445,13.670629,0.0036980676800159205,False,False,0.0,2.35582993814783,177548.45329336537,177550.8091233035,1,0.9999867315167429
2012-06-05,79.247055,13.932706,0.0038288016537396477,False,False,0.0,2.35582993814783,176960.29802504886,176962.653854987,1,0.9999866874174476
2012-06-06,78.727623,14.371398,0.004192936971165928,False,False,0.0,2.35582993814783,175800.39572301696,175802.7515529551,1,0.999986599584379
2012-06-07,78.917778,14.243205,0.004209189806329776,False,False,0.0,2.35582993814783,176225.01573534365,176227.3715652818,1,0.9999866318726925
2012-06-08,78.976318,14.391341,0.004175936502668173,False,False,0.0,2.35582993814783,176355.73675515174,176358.09258508988,1,0.9999866417814821
2012-06-11,79.188507,14.189084,0.0041600739543352925,False,False,0.0,2.35582993814783,176829.55914107684,176831.91497101498,1,0.9999866775749247
2012-06-12,78.764229,14.44261,0.004300705095713084,False,False,0.0,2.35582993814783,175882.1376712762,175884.49350121434,1,0.9999866058121939
2012-06-13,79.18116,14.328665,0.004434830594387913,False,False,0.0,2.35582993814783,176813.15313949622,176815.50896943436,1,0.9999866763387902
2012-06-14,78.969009,14.297333,0.004497902128332867,False,False,0.0,2.35582993814783,176339.41560834995,176341.7714382881,1,0.9999866405451248
2012-06-15,79.334839,14.522375,0.00453577226984218,False,False,0.0,2.35582993814783,177156.3214962281,177158.67732616625,1,0.9999867021476244
2012-06-18,79.312851,14.72463,0.004531307106610743,False,False,0.0,2.35582993814783,177107.22184157246,177109.5776715106,1,0.9999866984610933
2012-06-19,79.042152,14.918205,0.004564613002938054,False,False,0.0,2.35582993814783,176502.74542645417,176505.1012563923,1,0.9999866529073587
2012-06-20,78.881264,15.049536,0.004561203555433244,True,False,0.0,2.35582993814783,176143.47922497004,176145.83505490818,1,0.9999866256846924
2012-06-21,79.049538,14.435687,0.004550815840958016,False,False,0.0,2.35582993814783,176519.23851583412,176521.59434577226,1,0.9999866541544287
2012-06-22,78.705635,14.644114,0.004644704204009802,False,False,0.0,2.35582993814783,175751.29606836138,175753.65189829952,1,0.9999865958407538
2012-06-25,79.137276,14.170155,0.004751855576498173,False,False,0.0,2.35582993814783,176715.15926807057,176717.5150980087,1,0.9999866689505178
2012-06-26,78.961746,14.224401,0.004782712888009922,False,False,0.0,2.35582993814783,176323.19718049094,176325.55301042908,1,0.9999866393163219
2012-06-27,79.071449,14.407134,0.004297401875896828,False,False,0.0,2.35582993814783,176568.1662279116,176570.52205784974,1,0.999986657852564
2012-06-28,79.327507,14.315772,0.004269567801420401,False,False,0.0,2.35582993814783,177139.9489899549,177142.30481989303,1,0.9999867009185607
2012-06-29,78.961746,14.938199,0.00388317340580125,False,False,0.0,2.35582993814783,176323.19718049094,176325.55301042908,1,0.9999866393163219
2012-07-02,79.328041,14.915356,0.0038547536266280687,False,False,0.0,2.35582993814783,177141.1414228995,177143.49725283764,1,0.9999867010080828
2012-07-03,79.130234,15.09808,0.0038230703349784586,True,False,0.0,2.35582993814783,176699.43433774106,176701.7901676792,1,0.9999866677641698
2012-07-05,79.342659,14.983884,0.0035446304875485866,False,False,0.0,2.35582993814783,177173.7837165031,177176.13954644123,1,0.9999867034582413
2012-07-06,79.621155,14.606996,0.0035855866174942675,False,False,0.0,2.35582993814783,177795.67099242503,177798.02682236317,1,0.9999867499657885
2012-07-09,79.840904,14.412848,0.003622503119096063,False,False,0.0,2.35582993814783,178286.37501329626,178288.7308432344,1,0.9999867864338536
2012-07-10,79.877571,14.115906,0.003587359279053744,False,False,0.0,2.35582993814783,178368.25317580573,178370.60900574387,1,0.999986792499329
2012-07-11,79.804291,13.958875,0.0033375378022971647,False,False,0.0,2.35582993814783,178204.6174338936,178206.97326383175,1,0.9999867803717498
2012-07-12,79.98748,13.739025,0.003183018717040216,False,False,0.0,2.35582993814783,178613.68222544846,178616.0380553866,1,0.9999868106472196
2012-07-13,79.921555,13.836101,0.0031113280307139093,False,False,0.0,2.35582993814783,178466.47034928092,178468.82617921906,1,0.9999867997678442
2012-07-16,80.097359,13.707617,0.0029912712900771626,False,False,0.0,2.35582993814783,178859.04428447632,178861.40011441446,1,0.999986828740373
2012-07-17,79.892197,13.650517,0.0030645139861302357,False,False,0.0,2.35582993814783,178400.91333357326,178403.2691635114,1,0.9999867949172165
2012-07-18,79.972763,14.115906,0.002934002925661654,False,False,0.0,2.35582993814783,178580.8188628158,178583.17469275394,1,0.999986808220079
2012-07-19,79.855553,14.398574,0.0029098222612554915,False,False,0.0,2.35582993814783,178319.08653053525,178321.4423604734,1,0.9999867888577675
2012-07-20,80.170631,14.15874,0.0029864468592863827,False,False,0.0,2.35582993814783,179022.66216222447,179025.0179921626,1,0.999986840778096
2012-07-23,80.302521,14.041675,0.0027423970075733228,False,False,0.0,2.35582993814783,179317.17523537934,179319.53106531748,1,0.9999868623907048
2012-07-24,80.456444,13.976007,0.002545955865589418,False,False,0.0,2.35582993814783,179660.88844911216,179663.2442790503,1,0.9999868875242257
2012-07-25,80.500336,14.255812,0.0024448404333918326,False,False,0.0,2.35582993814783,179758.90018470178,179761.25601463992,1,0.9999868946735778
2012-07-26,80.251228,14.569879,0.0026046415598446784,False,False,0.0,2.35582993814783,179202.63691510234,179204.99274504048,1,0.9999868539938421
2012-07-27,79.672455,14.926769,0.0030853023901011617,False,False,0.0,2.35582993814783,177910.22494384547,177912.58077378361,1,0.9999867584971907
2012-07-30,79.928856,14.792578,0.002932219355408768,False,False,0.0,2.35582993814783,178482.77363191874,178485.12946185688,1,0.9999868009735867
2012-07-31,80.068108,14.901076,0.0027916090417176,False,False,0.0,2.35582993814783,178793.7262019617,178796.08203189983,1,0.9999868239286266
2012-08-01,79.776031,14.898221,0.002867228911939166,False,False,0.0,2.35582993814783,178141.51227469006,178143.8681046282,1,0.9999867756888676
2012-08-02,79.966782,14.809712,0.002855733220320576,False,False,0.0,2.35582993814783,178567.46316723205,178569.8189971702,1,0.9999868072334319
2012-08-03,79.548561,15.140906,0.003019199690554894,True,False,0.0,2.35582993814783,177633.56710257285,177635.922932511,1,0.9999867378743035
2012-08-06,79.599953,15.192306,0.0029522645939455525,True,False,0.0,2.35582993814783,177748.3264918789,177750.68232181703,1,0.9999867464365967
2012-08-07,79.181648,15.543491,0.0031604514297817157,True,False,0.0,2.35582993814783,176814.242853498,176816.59868343614,1,0.9999866764209034
2012-08-08,79.071587,15.580603,0.0031660015013495195,True,False,0.0,2.35582993814783,176568.47438473997,176570.8302146781,1,0.9999866578758492
2012-08-09,79.012878,15.70338,0.0030990796327883237,True,False,0.0,2.35582993814783,176437.37598446815,176439.7318144063,1,0.9999866479623727
2012-08-10,79.240349,15.783324,0.003194707038000403,True,False,0.0,2.35582993814783,176945.32338960585,176947.679219544,1,0.9999866862908373
2012-08-13,79.18898,15.646269,0.0031344306547074338,True,False,0.0,2.35582993814783,176830.6153597712,176832.97118970935,1,0.9999866776544991
2012-08-14,78.800117,15.526359,0.0032554084543350674,True,False,0.0,2.35582993814783,175962.2763108196,175964.63214075775,1,0.9999866119122378
2012-08-15,78.40387,15.614873,0.003368572185451374,True,False,0.0,2.35582993814783,175077.44863852905,175079.8044684672,1,0.9999865442508045
2012-08-16,78.213074,15.860405,0.0033827352244334545,True,False,0.0,2.35582993814783,174651.39726006478,174653.75309000292,1,0.9999865114267718
2012-08-17,78.308449,15.746199,0.0032230493539705187,True,False,0.0,2.35582993814783,174864.37158982552,174866.72741976366,1,0.9999865278548247
2012-08-20,78.352516,15.640557,0.0031820880481104987,True,False,0.0,2.35582993814783,174962.77410400184,174965.12993393998,1,0.9999865354317227
2012-08-21,78.418526,15.64913,0.003134991202647105,True,False,0.0,2.35582993814783,175110.17578691148,175112.53161684962,1,0.9999865467655776
2012-08-22,79.027565,15.53492,0.0037145178818426953,True,False,0.0,2.35582993814783,176470.17235648594,176472.52818642408,1,0.9999866504437697
2012-08-23,79.167015,15.446414,0.003723706513406588,True,False,0.0,2.35582993814783,176781.567064587,176783.92289452514,1,0.9999866739582448
2012-08-24,79.130287,15.523501,0.0033888230982662367,True,False,0.0,2.35582993814783,176699.55268782732,176701.90851776546,1,0.9999866677730993
2012-08-27,79.335762,15.463543,0.0033572988974221733,True,False,0.0,2.35582993814783,177158.38257414548,177160.73840408362,1,0.9999867023023309
2012-08-28,79.365105,15.440698,0.003325732422743909,True,False,0.0,2.35582993814783,177223.90609454567,177226.2619244838,1,0.9999867072187126
2012-08-29,79.313713,15.457828,0.003239663992083768,True,False,0.0,2.35582993814783,177109.14670523963,177111.50253517777,1,0.9999866986056557
2012-08-30,79.460518,15.220852,0.0032183786355699895,True,False,0.0,2.35582993814783,177436.96527908524,177439.32110902338,1,0.9999867231799389
2012-08-31,79.974144,15.403582,0.0033357104215360703,True,False,0.0,2.35582993814783,178583.9026641201,178586.25849405825,1,0.9999868084478727
2012-09-04,79.791206,15.283665,0.0033824254845056714,True,False,0.0,2.35582993814783,178175.39836070966,178177.7541906478,1,0.9999867782038849
2012-09-05,79.761841,15.200871,0.00314033100576587,False,False,0.0,2.35582993814783,178109.82571385853,178112.18154379667,1,0.9999867733362326
2012-09-06,79.218048,15.663404,0.0035148628155517335,True,False,0.0,2.35582993814783,176895.52479953514,176897.88062947328,1,0.9999866825428899
2012-09-07,79.320877,15.620582,0.0035189445161616806,True,False,0.0,2.35582993814783,177125.14406406955,177127.4998940077,1,0.9999866998069777
2012-09-10,79.357643,15.349339,0.0034631463068293144,True,False,0.0,2.35582993814783,177207.24329560806,177209.5991255462,1,0.9999867059688089
2012-09-11,79.210724,15.449268,0.003486766164348785,True,False,0.0,2.35582993814783,176879.17015742592,176881.52598736406,1,0.9999866813115446
2012-09-12,78.821274,15.483531,0.003487220376961319,True,False,0.0,2.35582993814783,176009.52032544347,176011.87615538161,1,0.9999866155057852
2012-09-13,79.049057,15.620582,0.0033293943121142726,True,False,0.0,2.35582993814783,176518.16443297578,176520.52026291392,1,0.9999866540732226
2012-09-14,78.3069,15.826141,0.003953294729329623,True,False,0.0,2.35582993814783,174860.91264107794,174863.26847101608,1,0.9999865275883338
2012-09-17,78.468529,15.663404,0.00397076101104055,True,False,0.0,2.35582993814783,175221.83351074927,175224.18934068742,1,0.9999865553383526
2012-09-18,78.666962,15.597734,0.004006840678441878,True,False,0.0,2.35582993814783,175664.9384667379,175667.29429667603,1,0.9999865892513028
2012-09-19,78.850655,15.503515,0.004033174646629473,True,False,0.0,2.35582993814783,176075.1287006225,176077.48453056064,1,0.9999866204929925
2012-09-20,78.89473,15.352193,0.003633836151483238,True,False,0.0,2.35582993814783,176173.5490789628,176175.90490890093,1,0.999986627967432
2012-09-21,79.063721,15.369325,0.0036448727371156298,True,False,0.0,2.35582993814783,176550.90944552218,176553.26527546032,1,0.9999866565484673
2012-09-24,79.240097,15.149469,0.0036789301974668883,False,False,0.0,2.35582993814783,176944.760668441,176947.11649837915,1,0.9999866862484975
2012-09-25,79.534019,14.772352,0.0037270224968426976,False,False,0.0,2.35582993814783,177601.0945185269,177603.45034846503,1,0.9999867354494887
2012-09-26,79.864639,14.66624,0.0038343209920471927,False,False,0.0,2.35582993814783,178339.37575475758,178341.73158469572,1,0.9999867903607461
2012-09-27,79.695663,14.998908,0.003867674337781771,False,False,0.0,2.35582993814783,177962.04888350563,177964.40471344377,1,0.9999867623531687
2012-09-28,79.695663,14.878456,0.0038492442886983234,False,False,0.0,2.35582993814783,177962.04888350563,177964.40471344377,1,0.9999867623531687
2012-10-01,79.843498,14.8211,0.003581684372367196,False,False,0.0,2.35582993814783,178292.16746846167,178294.5232983998,1,0.9999867868631377
2012-10-02,79.79203,14.892804,0.0035470205879276477,False,False,0.0,2.35582993814783,178177.23836959797,178179.5941995361,1,0.9999867783404226
2012-10-03,79.872993,14.846915,0.0035529218440767036,False,False,0.0,2.35582993814783,178358.0304079772,178360.38623791534,1,0.999986791742338
2012-10-04,79.556564,14.924349,0.0033085749757792633,False,False,0.0,2.35582993814783,177651.4379655985,177653.79379553665,1,0.9999867392083907
2012-10-05,79.196091,14.907141,0.003461918896762664,False,False,0.0,2.35582993814783,176846.4943685149,176848.85019845303,1,0.9999866788506937
2012-10-08,79.45356,14.743673,0.003539877763063188,False,False,0.0,2.35582993814783,177421.4279224774,177423.78375241553,1,0.999986722017261
2012-10-09,79.291733,14.517113,0.0035454019135658108,False,False,0.0,2.35582993814783,177060.06491474796,177062.4207446861,1,0.9999866949185026
2012-10-10,79.483009,14.316362,0.0033787077417128547,False,False,0.0,2.35582993814783,177487.18814305012,177489.54397298826,1,0.9999867269367795
2012-10-11,79.556564,14.359381,0.003331452981386212,False,False,0.0,2.35582993814783,177651.4379655985,177653.79379553665,1,0.9999867392083907
2012-10-12,79.563957,14.276211,0.002419966635466089,False,False,0.0,2.35582993814783,177667.94668612196,177670.3025160601,1,0.9999867404405532
2012-10-15,79.58606,14.468359,0.002403685408221906,False,False,0.0,2.35582993814783,177717.30313813456,177719.6589680727,1,0.9999867441230091
2012-10-16,79.210777,14.798163,0.002649369907014026,False,False,0.0,2.35582993814783,176879.28850751216,176881.6443374503,1,0.999986681320456
2012-10-17,78.710526,14.769487,0.0029936524250397142,False,False,0.0,2.35582993814783,175762.21777160498,175764.57360154312,1,0.9999865966736649
2012-10-18,78.570679,14.626095,0.0030125913623362745,False,False,0.0,2.35582993814783,175449.93655436722,175452.29238430536,1,0.999986572817567
2012-10-19,78.901749,14.187306,0.0031303041701165623,False,False,0.0,2.35582993814783,176189.22264982088,176191.57847975902,1,0.9999866291569752
2012-10-22,78.636894,14.224589,0.0031606825512735456,False,False,0.0,2.35582993814783,175597.79600647843,175600.15183641657,1,0.9999865841235699
2012-10-23,79.012177,14.259004,0.00324053814943517,False,False,0.0,2.35582993814783,176435.81063710077,176438.16646703891,1,0.9999866478439143
2012-10-24,78.842972,14.029575,0.0030846493738184684,False,False,0.0,2.35582993814783,176057.97240415539,176060.32823409353,1,0.999986619189219
2012-10-25,78.555984,14.236063,0.0031415147585235523,False,False,0.0,2.35582993814783,175417.12231818546,175419.4781481236,1,0.9999865703058577
2012-10-26,79.056274,14.281944,0.0035164579856811267,False,False,0.0,2.35582993814783,176534.280141892,176536.63597183014,1,0.999986655291548
2012-10-31,79.380043,14.307756,0.0036256641692503375,False,False,0.0,2.35582993814783,177257.26295470784,177259.61878464598,1,0.9999867097201591
2012-11-01,79.221657,14.758014,0.003645169291792715,False,False,0.0,2.35582993814783,176903.5837705035,176905.93960044163,1,0.9999866831495683
2012-11-02,79.287964,14.482697,0.0036418648943885835,False,False,0.0,2.35582993814783,177051.64866050033,177054.00449043847,1,0.9999866942860461
2012-11-05,79.479492,14.73507,0.003588868787814257,False,False,0.0,2.35582993814783,177479.33460996734,177481.69043990548,1,0.9999867263494487
2012-11-06,79.118507,14.95589,0.003589586746224466,False,False,0.0,2.35582993814783,176673.24770639002,176675.60353632816,1,0.9999866657880828
2012-11-07,79.781548,14.551523,0.00399426115763389,False,False,0.0,2.35582993814783,178153.83184876386,178156.187678702,1,0.9999867766033342
2012-11-08,80.135155,14.385192,0.004063832777895463,False,False,0.0,2.35582993814783,178943.4435271252,178945.79935706334,1,0.9999868349525577
2012-11-09,80.14254,14.402397,0.004040366195613884,False,False,0.0,2.35582993814783,178959.93438348465,178962.2902134228,1,0.9999868361656786
2012-11-12,80.19416,14.410998,0.004038980773000573,False,False,0.0,2.35582993814783,179075.2029014637,179077.55873140183,1,0.9999868446389664
2012-11-13,80.289841,14.302018,0.004042075075470576,False,False,0.0,2.35582993814783,179288.86053549606,179291.2163654342,1,0.999986860315938
2012-11-14,80.311996,14.069722,0.004042079375284386,False,False,0.0,2.35582993814783,179338.33310457444,179340.68893451258,1,0.9999868639406253
2012-11-15,80.275154,13.894785,0.003862871713540234,False,False,0.0,2.35582993814783,179256.0641634783,179258.41999341644,1,0.9999868579119562
2012-11-16,80.326759,13.897653,0.0034946551164611785,False,False,0.0,2.35582993814783,179371.2991861499,179373.65501608804,1,0.9999868663548283
2012-11-19,80.164673,14.178701,0.0035052237025250637,False,False,0.0,2.35582993814783,179009.3578261121,179011.71365605024,1,0.999986839800089
2012-11-20,79.83313,14.115613,0.0035998817934809733,False,False,0.0,2.35582993814783,178269.01551196407,178271.3713419022,1,0.9999867851471584
2012-11-21,79.715271,14.167235,0.0035147131683254274,False,False,0.0,2.35582993814783,178005.83394938192,178008.18977932006,1,0.9999867656092618
2012-11-23,79.671021,14.402397,0.0033886797241454063,False,False,0.0,2.35582993814783,177907.0227924549,177909.37862239304,1,0.9999867582588597
2012-11-26,79.803642,14.462628,0.0033439991842753895,False,False,0.0,2.35582993814783,178203.168203592,178205.52403353015,1,0.9999867802642431
2012-11-27,79.987862,14.43107,0.003207740394945821,False,False,0.0,2.35582993814783,178614.53523927776,178616.8910692159,1,0.9999868107102076
2012-11-28,80.090988,14.583076,0.002944399302784851,False,False,0.0,2.35582993814783,178844.8177108993,178847.17354083745,1,0.9999868276926523
2012-11-29,80.172028,14.626095,0.0028336834794800243,False,False,0.0,2.35582993814783,179025.7816918567,179028.13752179485,1,0.9999868410073928
2012-11-30,80.15731,14.606016,0.00277815743985917,False,False,0.0,2.35582993814783,178992.91609620355,178995.2719261417,1,0.99998683859125
2012-12-03,80.12561,14.537192,0.0027859833561741376,False,False,0.0,2.35582993814783,178922.1293464954,178924.48517643355,1,0.9999868333842861
2012-12-04,80.265739,14.626095,0.002766163877637849,False,False,0.0,2.35582993814783,179235.0402755129,179237.39610545104,1,0.9999868563704376
2012-12-05,80.33213,14.628957,0.002498429844167309,False,False,0.0,2.35582993814783,179383.29273923137,179385.6485691695,1,0.9999868672329312
2012-12-06,80.376366,14.772352,0.00174846926578295,False,False,0.0,2.35582993814783,179482.07263387146,179484.4284638096,1,0.9999868744605964
2012-12-07,80.147713,14.803898,0.0016124757573273679,False,False,0.0,2.35582993814783,178971.48579850802,178973.84162844616,1,0.9999868370153051
2012-12-10,80.221451,14.901399,0.0016253171622919852,False,False,0.0,2.35582993814783,179136.1442638071,179138.50009374524,1,0.9999868491143059
2012-12-11,80.066566,15.18532,0.0016769865571585807,True,False,0.0,2.35582993814783,178790.28288435758,178792.63871429572,1,0.9999868236748722
2012-12-12,79.727196,15.127955,0.001887741727495364,True,False,0.0,2.35582993814783,178032.46271879107,178034.8185487292,1,0.9999867675887372
2012-12-13,79.572319,14.984571,0.0019140027853916009,False,False,0.0,2.35582993814783,177686.6192035055,177688.97503344365,1,0.9999867418339393
2012-12-14,79.749336,14.869856,0.0020059559062936875,False,False,0.0,2.35582993814783,178081.90179256198,178084.25762250012,1,0.9999867712622689
2012-12-17,79.328873,14.932946,0.0022749309755134618,False,False,0.0,2.35582993814783,177142.9992959518,177145.35512588994,1,0.9999867011475606
2012-12-18,79.019051,15.214,0.0023732949637165443,True,False,0.0,2.35582993814783,176451.16041998705,176453.5162499252,1,0.9999866490054253
2012-12-19,79.12973,15.233571,0.002273934251705962,True,False,0.0,2.35582993814783,176698.30889541132,176700.66472534946,1,0.999986667679254
2012-12-20,79.181389,15.204792,0.002272792876883724,True,False,0.0,2.35582993814783,176813.66450118966,176816.0203311278,1,0.999986676377323
2012-12-21,79.395256,15.063766,0.002370545181310256,False,False,0.0,2.35582993814783,177291.23389550627,177293.5897254444,1,0.9999867122666883
2012-12-24,79.314163,14.994697,0.002336852031265513,False,False,0.0,2.35582993814783,177110.15156446258,177112.50739440072,1,0.999986698681122
2012-12-26,79.477409,14.89684,0.0023227820952468276,False,False,0.0,2.35582993814783,177474.6832282752,177477.03905821333,1,0.9999867260015682
2012-12-27,79.6399,14.819137,0.002356141263321222,False,False,0.0,2.35582993814783,177837.52896161363,177839.88479155177,1,0.9999867530844337
2012-12-28,79.824509,14.724156,0.0024112264118363266,False,False,0.0,2.35582993814783,178249.76464227214,178252.12047221028,1,0.999986783719981
2012-12-31,79.403526,14.977429,0.0026643210605942335,False,False,0.0,2.35582993814783,177309.70097500426,177312.0568049424,1,0.9999867136506079
2013-01-02,79.04155,15.630746,0.002817049703460196,True,False,0.0,2.35582993814783,176501.40114811587,176503.756978054,1,0.9999866528057052
2013-01-03,78.635246,15.524262,0.0029245318623644374,True,False,0.0,2.35582993814783,175594.11598870181,175596.47181863996,1,0.9999865838424101
2013-01-04,78.672211,15.515617,0.002913701277141368,True,False,0.0,2.35582993814783,175676.65959131892,175679.01542125706,1,0.9999865901460542
2013-01-07,78.71653,15.46094,0.002914067453352702,True,False,0.0,2.35582993814783,175775.62482666015,175777.9806565983,1,0.9999865976959723
2013-01-08,78.908554,15.282497,0.002980609517293816,True,False,0.0,2.35582993814783,176204.41835429292,176206.77418423106,1,0.9999866303100489
2013-01-09,78.952942,15.429279,0.0029709487906760972,True,False,0.0,2.35582993814783,176303.53766804832,176305.89349798646,1,0.9999866378264992
2013-01-10,78.723923,15.653767,0.0029983398415778977,True,False,0.0,2.35582993814783,175792.13354718353,175794.48937712167,1,0.999986598954572
2013-01-11,78.975052,15.7286,0.0030150462067700984,True,False,0.0,2.35582993814783,176352.90975120442,176355.26558114256,1,0.9999866415673477
2013-01-14,78.945488,15.702695,0.0029951165132344037,True,False,0.0,2.35582993814783,176286.89273327467,176289.2485632128,1,0.9999866365648652
2013-01-15,79.137535,15.616355,0.0030050071747836273,True,False,0.0,2.35582993814783,176715.7376203789,176718.09345031704,1,0.9999866689941469
2013-01-16,79.241013,15.80343,0.0027932087026188287,True,False,0.0,2.35582993814783,176946.8061152149,176949.16194515303,1,0.9999866864023981
2013-01-17,78.879066,16.102743,0.002845021492841384,True,False,0.0,2.35582993814783,176138.57104592086,176140.926875859,1,0.9999866253120162
2013-01-18,79.100662,16.03367,0.002900546768886403,True,False,0.0,2.35582993814783,176633.3994556474,176635.75528558553,1,0.9999866627799432
2013-01-22,79.167076,15.978986,0.0029031182312862637,True,False,0.0,2.35582993814783,176781.7032788372,176784.05910877534,1,0.9999866739685127
2013-01-23,79.204109,16.157429,0.002835749616528563,True,False,0.0,2.35582993814783,176864.39872684804,176866.75455678618,1,0.999986680199204
2013-01-24,79.071144,16.004892,0.0028505438096780994,True,False,0.0,2.35582993814783,176567.48515666046,176569.8409865986,1,0.9999866578011003
2013-01-25,78.5466,16.20923,0.0031455208644808196,True,False,0.0,2.35582993814783,175396.16765385543,175398.52348379357,1,0.9999865687014272
2013-01-28,78.384087,16.249525,0.0030985379893416027,True,False,0.0,2.35582993814783,175033.27279406608,175035.62862400422,1,0.9999865408548153
2013-01-29,78.2659,16.145922,0.0030133393888690852,True,False,0.0,2.35582993814783,174769.3588007614,174771.71463069954,1,0.9999865205308358
2013-01-30,78.310242,16.163183,0.002853566532584312,True,False,0.0,2.35582993814783,174868.375395574,174870.73122551214,1,0.9999865281632803
2013-01-31,78.376732,16.122894,0.002720306937042281,True,False,0.0,2.35582993814783,175016.8489283215,175019.20475825964,1,0.9999865395918043
2013-02-01,78.110466,16.436607,0.002584848762895463,True,False,0.0,2.35582993814783,174422.27149305987,174424.627322998,1,0.99998649370806
2013-02-04,78.561638,16.183329,0.0029203532436893743,True,False,0.0,2.35582993814783,175429.74781606716,175432.1036460053,1,0.9999865712723659
2013-02-05,78.280563,16.436607,0.0030185969600216435,True,False,0.0,2.35582993814783,174802.1015802873,174804.45741022544,1,0.9999865230556872
2013-02-06,78.517265,16.476894,0.003048835001113314,True,False,0.0,2.35582993814783,175330.6619976192,175333.01782755734,1,0.999986563683399
2013-02-07,78.554237,16.387672,0.003047621270630459,True,False,0.0,2.35582993814783,175413.22123137978,175415.57706131792,1,0.9999865700071932
2013-02-08,78.613388,16.589144,0.0029893035385011413,True,False,0.0,2.35582993814783,175545.3066267106,175547.66245664874,1,0.9999865801121748
2013-02-11,78.532021,16.629433,0.0028948941445239556,True,False,0.0,2.35582993814783,175363.61244805116,175365.9682779893,1,0.9999865662080204
2013-02-12,78.450676,16.658213,0.0028997948284203686,True,False,0.0,2.35582993814783,175181.96739584266,175184.3232257808,1,0.9999865522787955
2013-02-13,78.176994,16.692741,0.0029073130507579633,True,False,0.0,2.35582993814783,174570.82988058619,174573.18571052433,1,0.999986505201652
2013-02-14,78.509834,16.865435,0.003078779156720295,True,False,0.0,2.35582993814783,175314.06842231695,175316.4242522551,1,0.9999865624116612
2013-02-15,78.435883,16.773335,0.002926619541735411,True,False,0.0,2.35582993814783,175148.93432365233,175151.29015359047,1,0.9999865497425907
2013-02-19,78.31015,16.966171,0.0028468240687568053,True,False,0.0,2.35582993814783,174868.1699576884,174870.52578762654,1,0.9999865281474535
2013-02-20,78.48024,16.603525,0.002894954806957262,True,False,0.0,2.35582993814783,175247.98441377236,175250.3402437105,1,0.9999865573445685
2013-02-21,78.635582,16.292698,0.002939097153821685,True,False,0.0,2.35582993814783,175594.86628358832,175597.22211352646,1,0.9999865838997349
2013-02-22,78.731781,16.635181,0.0029421541192912334,True,False,0.0,2.35582993814783,175809.68062223739,175812.03645217553,1,0.9999866002920751
2013-02-25,79.338326,16.318594,0.0030345396399037118,True,False,0.0,2.35582993814783,177164.10803869597,177166.4638686341,1,0.9999867027320708
2013-02-26,79.190369,16.427973,0.0030257460188626017,True,False,0.0,2.35582993814783,176833.71702523952,176836.07285517766,1,0.9999866778881701
2013-02-27,79.153381,16.698502,0.0029979701230556425,True,False,0.0,2.35582993814783,176751.12206315098,176753.47789308912,1,0.9999866716628933
2013-02-28,79.264336,16.710014,0.003003808545883967,True,False,0.0,2.35582993814783,176998.88685223204,177001.24268217018,1,0.9999866903197828
2013-03-01,79.462029,16.640949,0.00303311154952221,True,False,0.0,2.35582993814783,177440.339373054,177442.69520299215,1,0.9999867234323991
2013-03-04,79.276924,16.594896,0.0029658051236761177,True,False,0.0,2.35582993814783,177026.9961142297,177029.35194416784,1,0.9999866924331345
2013-03-05,79.19548,16.920122,0.0027411736341357404,True,False,0.0,2.35582993814783,176845.12999299215,176847.4858229303,1,0.9999866787479212
2013-03-06,78.943672,16.940262,0.002711895640064375,True,False,0.0,2.35582993814783,176282.83756805482,176285.19339799296,1,0.9999866362574602
2013-03-07,78.640038,17.017963,0.002799470347861714,True,False,0.0,2.35582993814783,175604.81662291638,175607.17245285452,1,0.9999865846599245
2013-03-08,78.24015,17.040995,0.0030261258004163328,True,False,0.0,2.35582993814783,174711.8585230016,174714.21435293974,1,0.9999865160946013
2013-03-11,78.277176,17.058256,0.00302213463952967,True,False,0.0,2.35582993814783,174794.53833986894,174796.89416980708,1,0.9999865224725569
2013-03-12,78.491913,17.13022,0.003085370688019283,True,False,0.0,2.35582993814783,175274.05046201663,175276.40629195477,1,0.9999865593436791
2013-03-13,78.425308,17.182016,0.003082421988331099,True,False,0.0,2.35582993814783,175125.32013191216,175127.6759618503,1,0.9999865479289598
2013-03-14,78.44751,17.271236,0.0029718068334157184,True,False,0.0,2.35582993814783,175174.8976529538,175177.25348289195,1,0.999986551736077
2013-03-15,78.721466,16.989189,0.002921237312302788,True,False,0.0,2.35582993814783,175786.64701582605,175789.0028457642,1,0.9999865985363134
2013-03-18,78.980743,16.773335,0.0029914727957827,True,False,0.0,2.35582993814783,176365.61787084443,176367.97370078258,1,0.9999866425298839
2013-03-19,79.225121,16.704256,0.0030144302816667063,True,False,0.0,2.35582993814783,176911.3189535,176913.67478343815,1,0.9999866837318199
2013-03-20,78.921448,16.925869,0.003144466332676858,True,False,0.0,2.35582993814783,176233.21092056224,176235.56675050038,1,0.9999866324943281
2013-03-21,79.128799,16.652452,0.003166077325933165,True,False,0.0,2.35582993814783,176696.22995332998,176698.58578326812,1,0.9999866675223931
2013-03-22,79.158447,16.836647,0.003158919704885373,True,False,0.0,2.35582993814783,176762.4345449813,176764.79037491945,1,0.9999866725158718
2013-03-25,79.217628,16.819035,0.0026418010293010907,True,False,0.0,2.35582993814783,176894.58693092703,176896.94276086517,1,0.9999866824722837
2013-03-26,79.29911,16.94899,0.0026177278766287655,True,False,0.0,2.35582993814783,177076.53790694344,177078.89373688158,1,0.9999866961562249
2013-03-27,79.639832,16.983643,0.0027775301076709323,True,False,0.0,2.35582993814783,177837.37711621996,177839.7329461581,1,0.9999867530731231
2013-03-28,79.491676,17.099161,0.002805545610363941,True,False,0.0,2.35582993814783,177506.54173168485,177508.897561623,1,0.9999867283839261
2013-04-01,79.703026,16.74972,0.002813010245948278,True,False,0.0,2.35582993814783,177978.49061341418,177980.84644335232,1,0.9999867635760521
2013-04-02,79.54731,16.602448,0.00279672428513438,True,False,0.0,2.35582993814783,177630.7735939329,177633.12942387105,1,0.9999867376657396
2013-04-03,79.881004,16.267452,0.0029194839000593656,True,False,0.0,2.35582993814783,178375.91913516689,178378.27496510503,1,0.9999867930669326
2013-04-04,80.199867,16.481148,0.0028921420782943605,True,False,0.0,2.35582993814783,179087.94674943166,179090.3025793698,1,0.9999868455750858
2013-04-05,80.451981,16.394522,0.002718768944716699,True,False,0.0,2.35582993814783,179650.92247864063,179653.27830857877,1,0.9999868867968327
2013-04-08,80.192436,16.593777,0.0025180130166058802,True,False,0.0,2.35582993814783,179071.3531741294,179073.70900406755,1,0.9999868443561524
2013-04-09,80.222061,16.752609,0.002519765961254148,True,False,0.0,2.35582993814783,179137.50640630935,179139.86223624749,1,0.9999868492143026
2013-04-10,79.888443,17.128044,0.0027631307102847532,True,False,0.0,2.35582993814783,178392.53057463307,178394.8864045712,1,0.999986794296711
2013-04-11,79.977425,17.047178,0.0027331173478699114,True,False,0.0,2.35582993814783,178591.22920436593,178593.58503430407,1,0.9999868089890368
2013-04-12,80.422333,16.977877,0.0029102407053843266,True,False,0.0,2.35582993814783,179584.71788698927,179587.0737169274,1,0.9999868819626637
2013-04-15,80.600319,16.564905,0.002872228465689813,True,False,0.0,2.35582993814783,179982.1642729059,179984.52010284405,1,0.9999869109302467
2013-04-16,80.370422,16.905674,0.0029620070832460607,True,False,0.0,2.35582993814783,179468.79956004606,179471.1553899842,1,0.9999868734898762
2013-04-17,80.518707,16.339643,0.0029257981735274666,True,False,0.0,2.35582993814783,179799.92300422507,179802.2788341632,1,0.9999868976636258
2013-04-18,80.563278,16.201033,0.0027156624337648936,True,False,0.0,2.35582993814783,179899.45096073113,179901.80679066927,1,0.9999869049122954
2013-04-19,80.518707,16.322319,0.0027104127888631113,True,False,0.0,2.35582993814783,179799.92300422507,179802.2788341632,1,0.9999868976636258
2013-04-22,80.563278,16.498482,0.0027089851982228085,True,False,0.0,2.35582993814783,179899.45096073113,179901.80679066927,1,0.9999869049122954
2013-04-23,80.511337,16.839254,0.0027303664556512434,True,False,0.0,2.35582993814783,179783.46564317303,179785.82147311117,1,0.9999868964642549
2013-04-24,80.548454,17.055845,0.0027309271995128127,True,False,0.0,2.35582993814783,179866.34866490547,179868.7044948436,1,0.9999869025023294
2013-04-25,80.459419,17.223339,0.0026309763239158487,True,False,0.0,2.35582993814783,179667.53168508632,179669.88751502446,1,0.9999868880090552
2013-04-26,80.748634,17.055845,0.002654296392336181,True,False,0.0,2.35582993814783,180313.35470769976,180315.7105376379,1,0.9999869349712728
2013-04-29,80.718964,17.266649,0.0026280942475127513,True,False,0.0,2.35582993814783,180247.10098959753,180249.45681953567,1,0.9999869301690019
2013-04-30,80.704147,17.399504,0.002565341101582738,True,False,0.0,2.35582993814783,180214.01432491536,180216.3701548535,1,0.9999869277694579
2013-05-01,80.967735,17.263779,0.0025072597485983673,True,False,0.0,2.35582993814783,180802.61173128997,180804.9675612281,1,0.9999869703251525
2013-05-02,80.967735,17.491909,0.0023859214618240044,True,False,0.0,2.35582993814783,180802.61173128997,180804.9675612281,1,0.9999869703251525
2013-05-03,80.277184,17.627651,0.0030433402076075534,True,False,0.0,2.35582993814783,179260.59719508424,179262.95302502238,1,0.9999868582442809
2013-05-06,80.173241,17.766258,0.0029686744143338586,True,False,0.0,2.35582993814783,179028.49034571782,179030.84617565596,1,0.9999868412064822
2013-05-07,80.061867,17.780708,0.002982816244788607,True,False,0.0,2.35582993814783,178779.78992104915,178782.14575098729,1,0.9999868229015362
2013-05-08,80.158371,17.97131,0.002835506775803782,True,False,0.0,2.35582993814783,178995.28533094932,178997.64116088746,1,0.999986838765456
2013-05-09,80.143532,18.104145,0.002827595038630701,True,False,0.0,2.35582993814783,178962.1495398162,178964.50536975433,1,0.9999868363286157
2013-05-10,79.690681,18.262978,0.0028030454108229543,True,False,0.0,2.35582993814783,177950.92397539693,177953.27980533507,1,0.9999867615256054
2013-05-13,79.549568,18.086821,0.0027444179368116962,True,False,0.0,2.35582993814783,177635.8157542118,177638.17158414994,1,0.9999867380421835
2013-05-14,79.230286,18.170563,0.0028052849006188047,True,False,0.0,2.35582993814783,176922.8525043594,176925.20833429755,1,0.9999866845998922
2013-05-15,79.43821,18.34672,0.0028476641174980635,True,False,0.0,2.35582993814783,177387.15105787106,177389.5068878092,1,0.9999867194515647
2013-05-16,79.816872,18.21677,0.0030879779618639093,True,False,0.0,2.35582993814783,178232.71106474783,178235.06689468597,1,0.9999867824554439
2013-05-17,79.386238,18.450689,0.0032802232461484502,True,False,0.0,2.35582993814783,177271.09651667761,177273.45234661576,1,0.9999867107572682
2013-05-20,79.326851,18.416039,0.0032667593916540687,True,False,0.0,2.35582993814783,177138.48412850985,177140.839958448,1,0.9999867008085843
2013-05-21,79.534714,18.413149,0.0033537705875382596,True,False,0.0,2.35582993814783,177602.64646777126,177605.0022977094,1,0.999986735565397
2013-05-22,78.903595,18.121471,0.0037214049133314497,True,False,0.0,2.35582993814783,176193.34480565562,176195.70063559376,1,0.9999866294697904
2013-05-23,78.985298,18.124363,0.003749836182494133,True,False,0.0,2.35582993814783,176375.78927920156,176378.1451091397,1,0.999986643300185
2013-05-24,79.014992,18.118589,0.0036126623603461167,True,False,0.0,2.35582993814783,176442.09658979572,176444.45241973386,1,0.9999866483195939
2013-05-28,78.086876,18.283192,0.004328908030983498,True,False,0.0,2.35582993814783,174369.59453957042,174371.95036950856,1,0.9999864896278722
2013-05-29,78.406174,18.352495,0.004506691497627748,True,False,0.0,2.35582993814783,175082.59351775073,175084.94934768887,1,0.9999865446462022
2013-05-30,78.413528,18.635515,0.0043867092124141305,True,False,0.0,2.35582993814783,175099.01515047485,175101.370980413,1,0.9999865459080934
2013-05-31,78.198311,18.390047,0.004376897396816188,True,False,0.0,2.35582993814783,174618.43117848932,174620.78700842746,1,0.9999865088803086
2013-06-03,78.311241,18.456465,0.004120099519423535,True,False,0.0,2.35582993814783,174870.606183049,174872.96201298715,1,0.9999865283351352
2013-06-04,78.110535,18.540213,0.004130789040524941,True,False,0.0,2.35582993814783,174422.42557147404,174424.78140141218,1,0.9999864937199908
2013-06-05,78.489632,18.257206,0.004352946840522941,True,False,0.0,2.35582993814783,175268.95694226635,175271.3127722045,1,0.9999865589530832
2013-06-06,78.586357,18.231215,0.0043536660240442275,True,False,0.0,2.35582993814783,175484.9458496961,175487.30167963423,1,0.9999865754962576
2013-06-07,77.976707,18.502672,0.004604364546392639,True,False,0.0,2.35582993814783,174123.58490459886,174125.940734537,1,0.9999864705400688
2013-06-10,77.783424,18.615299,0.004501900336309534,True,False,0.0,2.35582993814783,173691.98000416215,173694.3358341003,1,0.999986436921349
2013-06-11,77.976707,18.196548,0.004573917414282943,True,False,0.0,2.35582993814783,174123.58490459886,174125.940734537,1,0.9999864705400688
2013-06-12,77.627274,17.985744,0.004591426257753531,True,False,0.0,2.35582993814783,173343.2938537858,173345.64968372395,1,0.9999864096391087
2013-06-13,78.2146,18.352495,0.004916826496743429,True,False,0.0,2.35582993814783,174654.80484934093,174657.16067927907,1,0.999986511689936
2013-06-14,78.318672,18.277414,0.00477150525345439,True,False,0.0,2.35582993814783,174887.1997583513,174889.55558828943,1,0.999986529613331
2013-06-17,78.132812,18.543098,0.004669300651447359,True,False,0.0,2.35582993814783,174472.1705690529,174474.52639899103,1,0.9999864975708102
2013-06-18,78.088203,18.849224,0.004669563552743425,True,False,0.0,2.35582993814783,174372.55775776797,174374.9135877061,1,0.999986489857459
2013-06-19,77.017601,18.626852,0.005422631020227251,True,False,0.0,2.35582993814783,171981.8815492172,171984.23737915535,1,0.9999863020589908
2013-06-20,76.668221,18.037727,0.005263130424220636,True,False,0.0,2.35582993814783,171201.70884849047,171204.0646784286,1,0.9999862396378114
2013-06-21,75.857796,18.115696,0.005609452508852781,True,False,0.0,2.35582993814783,169392.01321340408,169394.36904334222,1,0.9999860926313463
2013-06-24,75.671852,17.728718,0.005581457606121086,True,False,0.0,2.35582993814783,168976.79645038405,168979.1522803222,1,0.9999860584580621
2013-06-25,75.582642,18.161901,0.00509906237138683,True,False,0.0,2.35582993814783,168777.58869197822,168779.94452191636,1,0.9999860420031254
2013-06-26,75.887474,18.254791,0.005095794142633736,True,False,0.0,2.35582993814783,169458.28479567028,169460.64062560842,1,0.999986098070151
2013-06-27,76.296417,18.31846,0.005321739472721432,True,False,0.0,2.35582993814783,170371.46289617204,170373.81872611018,1,0.9999861725824087
2013-06-28,76.207245,18.38213,0.005311894241336094,True,False,0.0,2.35582993814783,170172.33999254502,170174.69582248316,1,0.9999861564028262
2013-07-01,76.236252,18.358984,0.005288386176260468,True,False,0.0,2.35582993814783,170237.11321805872,170239.46904799686,1,0.9999861616700797
2013-07-02,76.266022,18.385021,0.0052937062092287945,True,False,0.0,2.35582993814783,170303.59023821054,170305.94606814868,1,0.999986167071717
2013-07-03,76.117096,18.468945,0.005100423021743564,True,False,0.0,2.35582993814783,169971.0354278939,169973.39125783203,1,0.9999861400074406
2013-07-05,74.836601,18.709137,0.0061051412393871496,True,False,0.0,2.35582993814783,167111.66384847576,167114.0196784139,1,0.9999859028587627
2013-07-08,75.275826,18.335823,0.006237239894412223,True,False,0.0,2.35582993814783,168092.462275623,168094.81810556113,1,0.9999859851126602
2013-07-09,75.402443,18.53261,0.00628126690943605,True,False,0.0,2.35582993814783,168375.200631705,168377.55646164314,1,0.9999860086463561
2013-07-10,75.134422,18.723608,0.00622195114738563,True,False,0.0,2.35582993814783,167776.7042454737,167779.06007541183,1,0.9999859587368228
2013-07-11,75.886337,19.131645,0.006718946185697172,True,False,0.0,2.35582993814783,169455.74585136687,169458.101681305,1,0.9999860978618622
2013-07-12,75.826828,19.235828,0.00640395944415758,True,False,0.0,2.35582993814783,169322.86103469867,169325.2168646368,1,0.9999860869515966
2013-07-15,76.065002,19.235828,0.006459214790600854,True,False,0.0,2.35582993814783,169854.70845819998,169857.06428813812,1,0.9999861305153953
2013-07-16,76.102257,19.311069,0.006469599556753323,True,False,0.0,2.35582993814783,169937.89963676076,169940.2554666989,1,0.9999861373049507
2013-07-17,76.437241,19.316868,0.006593699465380647,True,False,0.0,2.35582993814783,170685.92577443394,170688.28160437208,1,0.9999861980569726
2013-07-18,76.079933,19.154806,0.005950520219732502,True,False,0.0,2.35582993814783,169888.04968721865,169890.4055171568,1,0.999986133237301
2013-07-19,76.496849,19.105604,0.006022812791180822,True,False,0.0,2.35582993814783,170819.03166013124,170821.38749006938,1,0.9999862088115969
2013-07-22,76.48938,19.067995,0.005492121634560183,True,False,0.0,2.35582993814783,170802.35323005015,170804.7090599883,1,0.9999862074649399
2013-07-23,76.400024,19.013008,0.005464234744001482,True,False,0.0,2.35582993814783,170602.81945065196,170605.1752805901,1,0.9999861913336787
2013-07-24,75.886337,18.657047,0.005690263715775001,True,False,0.0,2.35582993814783,169455.74585136687,169458.101681305,1,0.9999860978618622
2013-07-25,75.998024,18.75255,0.005628234230155993,True,False,0.0,2.35582993814783,169705.14521145067,169707.5010413888,1,0.9999861182922164
2013-07-26,76.065002,18.604956,0.005493539057175814,True,False,0.0,2.35582993814783,169854.70845819998,169857.06428813812,1,0.9999861305153953
2013-07-29,75.90863,18.486311,0.005505778785204036,True,False,0.0,2.35582993814783,169505.52657727365,169507.8824072118,1,0.9999861019446136
2013-07-30,75.886337,18.709137,0.005504124675286612,True,False,0.0,2.35582993814783,169455.74585136687,169458.101681305,1,0.9999860978618622
2013-07-31,75.938416,18.801746,0.005506275049515604,True,False,0.0,2.35582993814783,169572.03932575337,169574.3951556915,1,0.9999861073958956
2013-08-01,75.268196,19.128765,0.005828548953717915,True,False,0.0,2.35582993814783,168075.42432924217,168077.7801591803,1,0.9999859836919793
2013-08-02,75.909348,19.024576,0.0047336227750474505,True,False,0.0,2.35582993814783,169507.12988598942,169509.48571592756,1,0.9999861020760685
2013-08-05,75.670784,18.984064,0.0046462113997770525,True,False,0.0,2.35582993814783,168974.41158449484,168976.76741443298,1,0.9999860582612972
2013-08-06,75.693146,18.868307,0.004634254916586683,True,False,0.0,2.35582993814783,169024.3463888158,169026.70221875393,1,0.9999860623800428
2013-08-07,75.969009,18.662838,0.0046068780869934775,True,False,0.0,2.35582993814783,169640.35412177298,169642.70995171112,1,0.9999861129904208
2013-08-08,76.080872,18.671524,0.00405243978839986,True,False,0.0,2.35582993814783,169890.14649346395,169892.5023234021,1,0.999986133408444
2013-08-09,76.133011,18.576025,0.004048344498566654,True,False,0.0,2.35582993814783,170006.57394908016,170008.9297790183,1,0.9999861429047215
2013-08-12,75.983917,18.645477,0.00401415467015203,True,False,0.0,2.35582993814783,169673.64399132028,169675.99982125842,1,0.9999861157150061
2013-08-13,75.298058,18.86541,0.004487094581701753,True,False,0.0,2.35582993814783,168142.10678727954,168144.46261721768,1,0.999985989250544
2013-08-14,75.365158,18.578909,0.0043511431024653765,True,False,0.0,2.35582993814783,168291.9424625293,168294.29829246743,1,0.9999860017245857
2013-08-15,74.947647,18.159306,0.00439711066440561,True,False,0.0,2.35582993814783,167359.63184242192,167361.98767236006,1,0.9999859237454639
2013-08-16,74.656815,18.222965,0.004194035994251543,True,False,0.0,2.35582993814783,166710.19802566717,166712.5538556053,1,0.9999858689109868
2013-08-19,74.336319,18.092735,0.004240077872744398,True,False,0.0,2.35582993814783,165994.5238889332,165996.87971887135,1,0.9999858079866192
2013-08-20,74.738846,18.220074,0.004507205676314523,True,False,0.0,2.35582993814783,166893.37492993564,166895.73075987378,1,0.9999858844206055
2013-08-21,74.269203,18.081165,0.004479008744668433,True,False,0.0,2.35582993814783,165844.6524853555,165847.00831529364,1,0.9999857951616851
2013-08-22,74.239372,18.280844,0.004442372476618507,True,False,0.0,2.35582993814783,165778.03925095347,165780.3950808916,1,0.9999857894539521
2013-08-23,74.656815,18.280844,0.004676772634445963,True,False,0.0,2.35582993814783,166710.19802566717,166712.5538556053,1,0.9999858689109868
2013-08-26,74.805946,18.24612,0.004713207374891611,True,False,0.0,2.35582993814783,167043.21060518542,167045.56643512356,1,0.9999858970819255
2013-08-27,75.230957,17.797556,0.004925911564898676,True,False,0.0,2.35582993814783,167992.2688790093,167994.62470894743,1,0.9999859767540644
2013-08-28,74.92524,18.029074,0.004983546447040501,True,False,0.0,2.35582993814783,167309.59655217867,167311.9523821168,1,0.9999859195359052
2013-08-29,74.999794,18.217176,0.004603558797357078,True,False,0.0,2.35582993814783,167476.07716220207,167478.4329921402,1,0.9999859335324791
2013-08-30,74.8582,18.060907,0.0041371385492776054,True,False,0.0,2.35582993814783,167159.8948581586,167162.25068809674,1,0.9999859069261844
2013-09-03,74.43335,18.211391,0.004253899198749675,True,False,0.0,2.35582993814783,166211.19610063455,166213.5519305727,1,0.9999858264870055
2013-09-04,74.186935,18.671524,0.0042804296604880485,True,False,0.0,2.35582993814783,165660.9463552296,165663.30218516773,1,0.9999857794097602
2013-09-05,73.619453,18.813322,0.004381177037832505,True,False,0.0,2.35582993814783,164393.74741838768,164396.10324832582,1,0.9999856697945293
2013-09-06,74.067467,18.726505,0.004660732257638892,True,False,0.0,2.35582993814783,165394.1718626701,165396.52769260824,1,0.9999857564728172
2013-09-09,74.216759,18.975382,0.004700426677849992,True,False,0.0,2.35582993814783,165727.54395848812,165729.89978842626,1,0.9999857851242223
2013-09-10,73.873322,19.345798,0.004758767503955504,True,False,0.0,2.35582993814783,164960.6420985663,164962.99792850445,1,0.9999857190402228
2013-09-11,74.246674,19.293709,0.004606972095251717,True,False,0.0,2.35582993814783,165794.3447666118,165796.70059654993,1,0.9999857908515087
2013-09-12,74.254158,19.166382,0.004595961917542901,True,False,0.0,2.35582993814783,165811.0566920003,165813.41252193844,1,0.9999857922836138
2013-09-13,74.351166,19.256086,0.004472217939255512,True,False,0.0,2.35582993814783,166027.67754423028,166030.03337416842,1,0.9999858108205469
2013-09-16,74.515457,19.319756,0.004429458119243491,True,False,0.0,2.35582993814783,166394.54271446067,166396.8985443988,1,0.9999858421042775
2013-09-17,74.664772,19.452879,0.004337645760230722,True,False,0.0,2.35582993814783,166727.96616975009,166730.32199968823,1,0.9999858704169111
2013-09-18,75.590607,19.626513,0.004998672691470951,True,False,0.0,2.35582993814783,168795.37470022507,168797.73053016322,1,0.9999860434738622
2013-09-19,75.329338,19.568628,0.004830695973644482,True,False,0.0,2.35582993814783,168211.9556683796,168214.31149831775,1,0.9999859950683319
2013-09-20,75.403969,19.461561,0.004823878378086178,True,False,0.0,2.35582993814783,168378.60822098117,168380.9640509193,1,0.9999860089295045
2013-09-23,75.687706,19.380527,0.004743429333345073,True,False,0.0,2.35582993814783,169012.19875732015,169014.5545872583,1,0.9999860613783003
2013-09-24,75.963974,19.502905,0.0047815387704509636,True,False,0.0,2.35582993814783,169629.11086357798,169631.46669351612,1,0.9999861120699829
2013-09-25,76.17305,19.523262,0.004667422769707721,True,False,0.0,2.35582993814783,170095.98185670053,170098.33768663867,1,0.9999861501883547
2013-09-26,76.008759,19.511631,0.004585039570850499,True,False,0.0,2.35582993814783,169729.1166864701,169731.47251640825,1,0.9999861202527545
2013-09-27,76.113312,19.354654,0.004587033600181095,True,False,0.0,2.35582993814783,169962.5856783388,169964.94150827694,1,0.9999861393183958
2013-09-30,76.240204,19.375011,0.004548616717181171,True,False,0.0,2.35582993814783,170245.93811505707,170248.2939449952,1,0.9999861623873958
2013-10-01,76.070465,19.561045,0.0043452836665481805,True,False,0.0,2.35582993814783,169866.90744916702,169869.26327910516,1,0.9999861315114185
2013-10-02,76.197617,19.526169,0.004220567018468757,True,False,0.0,2.35582993814783,170150.8404712141,170153.19630115223,1,0.9999861546536336
2013-10-03,76.302315,19.476751,0.0036495796724613054,True,False,0.0,2.35582993814783,170384.63325105462,170386.98908099276,1,0.9999861736512228
2013-10-04,76.092918,19.625008,0.0036380962927521033,True,False,0.0,2.35582993814783,169917.04545835307,169919.4012882912,1,0.9999861356035845
2013-10-07,76.16024,19.526169,0.0036360003684678655,True,False,0.0,2.35582993814783,170067.37686415284,170069.73269409098,1,0.9999861478588763
2013-10-08,76.122833,19.215118,0.0033899089745372656,True,False,0.0,2.35582993814783,169983.8462664767,169986.20209641484,1,0.9999861410519849
2013-10-09,75.988266,19.145355,0.0033573553084793734,True,False,0.0,2.35582993814783,169683.3553974553,169685.71122739345,1,0.9999861165096278
2013-10-10,75.823723,19.572681,0.0034324778333787507,True,False,0.0,2.35582993814783,169315.92750606005,169318.2833359982,1,0.9999860863818619
2013-10-11,75.93586,19.61047,0.003433379716475315,True,False,0.0,2.35582993814783,169566.33172536682,169568.68755530496,1,0.9999861069282773
2013-10-14,75.681633,19.764538,0.0035580120260327395,True,False,0.0,2.35582993814783,168998.6376238508,169000.99345378895,1,0.9999860602598245
2013-10-15,75.696609,19.587212,0.0035481654267007275,True,False,0.0,2.35582993814783,169032.07933879178,169034.43516872992,1,0.999986063017658
2013-10-16,76.063011,19.77326,0.0024933869094223597,True,False,0.0,2.35582993814783,169850.2625143934,169852.61834433154,1,0.9999861301523574
2013-10-17,76.49675,19.918612,0.0026014451693081963,True,False,0.0,2.35582993814783,170818.8105911022,170821.16642104034,1,0.999986208793749
2013-10-18,76.504196,19.973848,0.0026051065432856637,True,False,0.0,2.35582993814783,170835.43766171185,170837.79349165,1,0.999986210136001
2013-10-21,76.451836,20.023264,0.002521005743111632,True,False,0.0,2.35582993814783,170718.51670856614,170720.87253850428,1,0.9999862006917895
2013-10-22,76.982796,19.976753,0.002824238746293655,True,False,0.0,2.35582993814783,171904.16127087042,171906.51710080856,1,0.9999862958660447
2013-10-23,77.117317,19.31687,0.0027940673850951033,True,False,0.0,2.35582993814783,172204.54942094904,172206.90525088718,1,0.9999863197707739
2013-10-24,76.96035,19.488373,0.0027878342490412953,True,False,0.0,2.35582993814783,171854.0388928279,171856.39472276604,1,0.9999862918691973
2013-10-25,77.094917,19.549431,0.0027943608326953468,True,False,0.0,2.35582993814783,172154.52976184926,172156.8855917874,1,0.999986315796025
2013-10-28,77.020142,19.683142,0.002805614799653577,True,False,0.0,2.35582993814783,171987.55565429636,171989.9114842345,1,0.9999863025108984
2013-10-29,77.124832,20.000008,0.0027351594469266147,True,False,0.0,2.35582993814783,172221.33056997292,172223.68639991106,1,0.9999863211037495
2013-10-30,76.92292,19.889544,0.002821067063777237,True,False,0.0,2.35582993814783,171770.45693568035,171772.8127656185,1,0.9999862851990358
2013-10-31,76.833229,20.020359,0.0028355754133894562,True,False,0.0,2.35582993814783,171570.17509441616,171572.5309243543,1,0.9999862691893309
2013-11-01,76.407013,19.933147,0.003058352230909473,True,False,0.0,2.35582993814783,170618.4260308952,170620.78186083335,1,0.999986192596749
2013-11-04,76.556847,19.918612,0.003080262338443329,True,False,0.0,2.35582993814783,170953.0084238218,170955.36425375994,1,0.9999862196196743
2013-11-05,76.212311,19.872099,0.0032578319660570543,True,False,0.0,2.35582993814783,170183.65247437535,170186.0083043135,1,0.9999861573230279
2013-11-06,76.444496,19.912796,0.0032931834799622365,True,False,0.0,2.35582993814783,170702.126338129,170704.48216806713,1,0.9999861993668343
2013-11-07,76.646736,19.561045,0.003279135233161672,True,False,0.0,2.35582993814783,171153.7324031441,171156.08823308224,1,0.9999862357806698
2013-11-08,75.785408,19.77326,0.004201923161738318,True,False,0.0,2.35582993814783,169230.36932577397,169232.7251557121,1,0.9999860793476204
2013-11-11,75.747978,19.77326,0.00413345238379373,True,False,0.0,2.35582993814783,169146.78736862645,169149.1431985646,1,0.9999860724689845
2013-11-12,75.68058,19.895357,0.004138475001710729,True,False,0.0,2.35582993814783,168996.28625326903,168998.64208320717,1,0.9999860600658733
2013-11-13,75.995171,20.055231,0.004099204228475561,True,False,0.0,2.35582993814783,169698.77440397692,169701.13023391506,1,0.9999861177710785
2013-11-14,76.362167,19.970932,0.0040394591039216755,True,False,0.0,2.35582993814783,170518.28399375285,170520.639823691,1,0.9999861844880445
2013-11-15,76.302216,20.098839,0.004042148608830538,True,False,0.0,2.35582993814783,170384.41218202558,170386.76801196372,1,0.9999861736332837
2013-11-18,76.571808,19.918612,0.004120792836550317,True,False,0.0,2.35582993814783,170986.41664345536,170988.7724733935,1,0.9999862223121199
2013-11-19,76.287254,19.688969,0.0038702835561606496,True,False,0.0,2.35582993814783,170351.00172937155,170353.3575593097,1,0.9999861709215956
2013-11-20,75.86776,19.584311,0.003991668087189843,True,False,0.0,2.35582993814783,169414.2630296215,169416.61885955965,1,0.9999860944578283
2013-11-21,75.935211,19.938959,0.003998191985738045,True,False,0.0,2.35582993814783,169564.8824950652,169567.23832500333,1,0.9999861068095381
2013-11-22,76.152428,19.965126,0.004040967394956241,True,False,0.0,2.35582993814783,170049.9325080418,170052.28833797993,1,0.9999861464378917
2013-11-25,76.212311,19.938959,0.0040519091666436835,True,False,0.0,2.35582993814783,170183.65247437535,170186.0083043135,1,0.9999861573230279
2013-11-26,76.377121,20.107567,0.004075446387538649,True,False,0.0,2.35582993814783,170551.67658224294,170554.03241218108,1,0.9999861871929686
2013-11-27,76.204857,20.162794,0.004066228764648226,True,False,0.0,2.35582993814783,170167.0075396017,170169.36336953985,1,0.9999861559690212
2013-11-29,76.159912,20.194773,0.004063064056913676,True,False,0.0,2.35582993814783,170066.6444334303,170069.00026336845,1,0.9999861477992198
2013-12-02,75.832863,20.145355,0.003988578640315835,True,False,0.0,2.35582993814783,169336.33731338914,169338.69314332728,1,0.9999860880588222
2013-12-03,75.967873,20.21512,0.003983220622533201,True,False,0.0,2.35582993814783,169637.81741049004,169640.17324042818,1,0.9999861127827616
2013-12-04,75.62278,20.122099,0.003985542733402759,True,False,0.0,2.35582993814783,168867.21766862765,168869.5734985658,1,0.9999860494114521
2013-12-05,75.435272,20.162794,0.003926297286449235,True,False,0.0,2.35582993814783,168448.50846155258,168450.86429149073,1,0.9999860147352283
2013-12-06,75.502777,20.39826,0.0038678470759842465,True,False,0.0,2.35582993814783,168599.24851010303,168601.60434004117,1,0.9999860272389023
2013-12-09,75.592773,20.444771,0.002981768157203615,True,False,0.0,2.35582993814783,168800.21142261836,168802.5672525565,1,0.9999860438737604
2013-12-10,75.907867,20.389544,0.0031295539363630333,True,False,0.0,2.35582993814783,169503.82278263554,169506.17861257368,1,0.999986101804917
2013-12-11,75.615318,20.212214,0.0032476025452545902,True,False,0.0,2.35582993814783,168850.55486969,168852.91069962815,1,0.9999860480347755
2013-12-12,75.397705,20.046513,0.003149037685555346,True,False,0.0,2.35582993814783,168364.6205805972,168366.97641053534,1,0.9999860077671503
2013-12-13,75.510246,20.005819,0.002940188996851516,True,False,0.0,2.35582993814783,168615.92694018412,168618.28277012226,1,0.9999860286209808
2013-12-16,75.47274,20.252905,0.0029397376218632935,True,False,0.0,2.35582993814783,168532.17527347896,168534.5311034171,1,0.9999860216780341
2013-12-17,75.712852,20.465128,0.0029151107924619488,True,False,0.0,2.35582993814783,169068.35029070062,169070.70612063876,1,0.9999860660075763
2013-12-18,75.427734,20.572678,0.0029179707543856774,True,False,0.0,2.35582993814783,168431.67595305733,168434.03178299547,1,0.9999860133376064
2013-12-19,75.112679,20.488373,0.0028126450733978094,True,False,0.0,2.35582993814783,167728.15168083948,167730.50751077762,1,0.9999859546723306
2013-12-20,75.345261,20.671515,0.0029113025278434137,True,False,0.0,2.35582993814783,168247.51205372982,168249.86788366796,1,0.9999859980280058
2013-12-23,75.105225,20.825792,0.0028701293365689137,True,False,0.0,2.35582993814783,167711.50674606586,167713.862576004,1,0.9999859532783877
2013-12-24,74.81266,20.872452,0.0029338190239901595,True,False,0.0,2.35582993814783,167058.20310479237,167060.5589347305,1,0.9999858983475624
2013-12-26,74.748009,20.954115,0.00284286386628532,True,False,0.0,2.35582993814783,166913.83609673614,166916.19192667428,1,0.9999858861509423
2013-12-27,74.702927,20.971617,0.002830768865855151,True,False,0.0,2.35582993814783,166813.16706675687,166815.522896695,1,0.9999858776335845
2013-12-30,74.905769,21.006609,0.002949431853908963,True,False,0.0,2.35582993814783,167266.11741011028,167268.47324004842,1,0.999985915875882
2013-12-31,74.567673,21.204924,0.0029634669753487056,True,False,0.0,2.35582993814783,166511.14211265504,166513.49794259318,1,0.9999858520182012
2014-01-02,74.860718,20.91329,0.003098869746135913,True,False,0.0,2.35582993814783,167165.51760376638,167167.87343370452,1,0.9999859074002094
2014-01-03,74.815636,20.852036,0.0029656793841212194,True,False,0.0,2.35582993814783,167064.84857378705,167067.2044037252,1,0.9999858989084869
2014-01-06,75.025978,20.749964,0.0030184182821341465,True,False,0.0,2.35582993814783,167534.5465708569,167536.90240079505,1,0.9999859384415948
2014-01-07,75.146233,20.892868,0.0030368850280231893,True,False,0.0,2.35582993814783,167803.07845054634,167805.43428048448,1,0.999985960943707
2014-01-08,74.778061,21.204924,0.003188657362595548,True,False,0.0,2.35582993814783,166980.94282866767,166983.2986586058,1,0.9999858918229724
2014-01-09,74.973419,21.047434,0.0030855138287320203,True,False,0.0,2.35582993814783,167417.1812466326,167419.53707657073,1,0.9999859285840872
2014-01-10,75.604561,21.143682,0.0035830118359093184,True,False,0.0,2.35582993814783,168826.53426821966,168828.8900981578,1,0.9999860460497207
2014-01-13,75.82254,20.904539,0.0035712774537697044,True,False,0.0,2.35582993814783,169313.28584281384,169315.64167275198,1,0.9999860861647816
2014-01-14,75.536957,21.353651,0.003670034846452728,True,False,0.0,2.35582993814783,168675.57315064012,168677.92898057826,1,0.9999860335614008
2014-01-15,75.469353,21.543222,0.0036740554404200644,True,False,0.0,2.35582993814783,168524.6120330606,168526.96786299875,1,0.9999860210507077
2014-01-16,75.679718,21.4324,0.003657178775043211,True,False,0.0,2.35582993814783,168994.36138960184,168996.71721953998,1,0.9999860599070982
2014-01-17,75.860046,21.315748,0.0035830747787577726,True,False,0.0,2.35582993814783,169397.037509519,169399.39333945714,1,0.9999860930438315
2014-01-21,75.777405,21.4324,0.0034439115680925587,True,False,0.0,2.35582993814783,169212.49846274828,169214.85429268642,1,0.9999860778774535
2014-01-22,75.567009,21.662786,0.0034562815546896088,True,False,0.0,2.35582993814783,168742.67988257165,168745.0357125098,1,0.9999860391155913
2014-01-23,76.077988,21.446978,0.0036588597382373627,True,False,0.0,2.35582993814783,169883.70646235486,169886.062292293,1,0.99998613288279
2014-01-24,76.386009,20.948273,0.0035694105156744184,True,False,0.0,2.35582993814783,170571.52366840717,170573.8794983453,1,0.9999861888001547
2014-01-27,76.153084,20.802462,0.0036632564228633907,True,False,0.0,2.35582993814783,170051.39736948686,170053.753199425,1,0.9999861465572278
2014-01-28,76.265831,20.887035,0.003646907055369695,True,False,0.0,2.35582993814783,170303.1637312959,170305.51956123405,1,0.9999861670370742
2014-01-29,76.626488,20.808294,0.003722253218537095,True,False,0.0,2.35582993814783,171108.51820415066,171110.8740340888,1,0.9999862321436236
2014-01-30,76.551308,21.070766,0.003517431995418323,True,False,0.0,2.35582993814783,170940.6397232971,170942.99555323523,1,0.9999862186225852
2014-01-31,76.851891,20.974525,0.0035173012306607488,True,False,0.0,2.35582993814783,171611.84772290365,171614.2035528418,1,0.9999862725235478
2014-02-03,77.269615,20.50499,0.0036015571679873888,True,False,0.0,2.35582993814783,172544.63397637662,172546.98980631476,1,0.9999863467340648
2014-02-04,77.036339,20.539991,0.003733432416038689,True,False,0.0,2.35582993814783,172023.72388726237,172026.0797172005,1,0.9999863053907756
2014-02-05,76.757828,20.566236,0.00389218379148042,True,False,0.0,2.35582993814783,171401.80311603303,171404.15894597117,1,0.9999862557014215
2014-02-06,76.614815,20.892868,0.0037010646958580934,True,False,0.0,2.35582993814783,171082.4521559064,171084.80798584453,1,0.9999862300459879
2014-02-07,76.818039,21.222412,0.0037018680079679463,True,False,0.0,2.35582993814783,171536.25551308913,171538.61134302727,1,0.9999862664742375
2014-02-10,76.855637,21.330326,0.0032959991057767996,True,False,0.0,2.35582993814783,171620.2126176799,171622.56844761805,1,0.9999862731926258
2014-02-11,76.516899,21.610298,0.0034560744390359417,True,False,0.0,2.35582993814783,170863.8037210665,170866.15955100465,1,0.9999862124253022
2014-02-12,76.336266,21.799864,0.003378771821274764,True,False,0.0,2.35582993814783,170460.44652989824,170462.80235983638,1,0.9999861798004871
2014-02-13,76.697601,22.047758,0.0034861615612848196,True,False,0.0,2.35582993814783,171267.31499064903,171269.67082058717,1,0.9999862449088222
2014-02-14,76.644897,22.190653,0.0034689492638143994,True,False,0.0,2.35582993814783,171149.62587845282,171151.98170839096,1,0.9999862354504189
2014-02-18,76.833099,22.248976,0.003470908928311754,True,False,0.0,2.35582993814783,171569.88480175176,171572.2406316899,1,0.999986269166099
2014-02-19,76.682564,22.228567,0.003499078843946416,True,False,0.0,2.35582993814783,171233.7370614578,171236.09289139594,1,0.9999862422115667
2014-02-20,76.599709,22.380213,0.0034328419686809664,True,False,0.0,2.35582993814783,171048.720148301,171051.07597823915,1,0.9999862273304937
2014-02-21,76.697601,22.283974,0.00312915424844531,True,False,0.0,2.35582993814783,171267.31499064903,171269.67082058717,1,0.9999862449088222
2014-02-24,76.622375,22.371468,0.003021760465376049,True,False,0.0,2.35582993814783,171099.3337908526,171101.68962079074,1,0.9999862314045913
2014-02-25,76.88578,22.251898,0.0030072993310899516,True,False,0.0,2.35582993814783,171687.5225544765,171689.87838441465,1,0.9999862785741344
2014-02-26,77.111549,22.403547,0.003049980241602987,True,False,0.0,2.35582993814783,172191.66935873084,172194.02518866898,1,0.9999863187474969
2014-02-27,77.201935,22.400639,0.0028941137009940547,True,False,0.0,2.35582993814783,172393.50314923946,172395.8589791776,1,0.9999863347649295
2014-02-28,77.126633,22.383131,0.0028939725056149534,True,False,0.0,2.35582993814783,172225.35223988537,172227.7080698235,1,0.9999863214231639
2014-03-03,77.508102,22.243149,0.002967366806781599,True,False,0.0,2.35582993814783,173077.18033529303,173079.53616523117,1,0.9999863887436358
2014-03-04,76.912506,22.636852,0.00324412798220599,True,False,0.0,2.35582993814783,171747.20226023992,171749.55809017806,1,0.9999862833420688
2014-03-05,76.995476,22.680597,0.0031874951995505075,True,False,0.0,2.35582993814783,171932.4759707537,171934.83180069184,1,0.9999862981228791
2014-03-06,76.663742,22.838087,0.00323229309448226,True,False,0.0,2.35582993814783,171191.707149691,171194.06297962915,1,0.9999862388338875
2014-03-07,76.332016,22.811844,0.003349978092144271,True,False,0.0,2.35582993814783,170450.95619279225,170453.3120227304,1,0.9999861790310192
2014-03-10,76.414917,22.773928,0.0032982064575573914,True,False,0.0,2.35582993814783,170636.07582489183,170638.43165482997,1,0.9999861940249023
2014-03-11,76.490364,22.648523,0.0033060469239916124,True,False,0.0,2.35582993814783,170804.55052221776,170806.9063521559,1,0.9999862076423697
2014-03-12,76.791908,22.829336,0.003277746699416803,True,False,0.0,2.35582993814783,171477.90445452055,171480.2602844587,1,0.9999862618010129
2014-03-13,77.244217,22.458958,0.003454102540104442,True,False,0.0,2.35582993814783,172487.91972183128,172490.27555176942,1,0.9999863422449143
2014-03-14,77.251808,22.330647,0.0033149864190344983,True,False,0.0,2.35582993814783,172504.8705804128,172507.22641035094,1,0.999986343586949
2014-03-17,76.942696,22.607697,0.0034506765631283874,True,False,0.0,2.35582993814783,171814.61714899985,171816.972978938,1,0.9999862887239992
2014-03-18,77.131165,22.93433,0.003450469471450422,True,False,0.0,2.35582993814783,172235.47228877107,172237.8281187092,1,0.9999863222268658
2014-03-19,76.414917,22.913912,0.004036286393563378,True,False,0.0,2.35582993814783,170636.07582489183,170638.43165482997,1,0.9999861940249023
2014-03-20,76.430023,23.336788,0.004031300141958716,True,False,0.0,2.35582993814783,170669.80783249726,170672.1636624354,1,0.9999861967535444
2014-03-21,76.573265,23.132647,0.004044263704277668,True,False,0.0,2.35582993814783,170989.67015431734,170992.02598425548,1,0.9999862225742716
2014-03-24,76.603401,23.039314,0.00403983940292697,True,False,0.0,2.35582993814783,171056.9644599705,171059.32028990865,1,0.9999862279942762
2014-03-25,76.558167,23.211546,0.003958659350856853,True,False,0.0,2.35582993814783,170955.95601087587,170958.311840814,1,0.9999862198572694
2014-03-26,76.882393,22.948372,0.004022829610302263,True,False,0.0,2.35582993814783,171679.95931405816,171682.3151439963,1,0.9999862779696548
2014-03-27,76.957733,22.778786,0.0040197410133310935,True,False,0.0,2.35582993814783,171848.1950781911,171850.55090812923,1,0.9999862914030494
2014-03-28,76.686287,22.927917,0.004087230476490449,True,False,0.0,2.35582993814783,171242.05059676262,171244.40642670076,1,0.9999862428794768
2014-03-31,76.693878,23.302193,0.003900969938829643,True,False,0.0,2.35582993814783,171259.00145534414,171261.35728528228,1,0.9999862442411092
2014-04-01,76.535294,23.673557,0.0035413377966512145,True,False,0.0,2.35582993814783,170904.8801330817,170907.23596301983,1,0.9999862157390537
2014-04-02,76.202934,23.638472,0.0036412401212957074,True,False,0.0,2.35582993814783,170162.71344118883,170165.06927112697,1,0.9999861556196684
2014-04-03,76.255798,23.673557,0.003536880177135601,True,False,0.0,2.35582993814783,170280.75983666428,170283.11566660242,1,0.999986165217092
2014-04-04,76.724083,23.003935,0.003674010342833609,True,False,0.0,2.35582993814783,171326.4498394115,171328.80566934965,1,0.999986249656449
2014-04-07,76.905365,22.796326,0.00370011253081571,True,False,0.0,2.35582993814783,171731.2562608814,171733.61209081954,1,0.9999862820684347
2014-04-08,77.011108,23.094582,0.003704795702167362,True,False,0.0,2.35582993814783,171967.38254713974,171969.73837707788,1,0.9999863009040988
2014-04-09,76.988426,23.337286,0.003608224096717807,True,False,0.0,2.35582993814783,171916.73317626026,171919.0890061984,1,0.9999862968681852
2014-04-10,77.313225,22.615026,0.0034859644497938235,True,False,0.0,2.35582993814783,172642.0160001865,172644.37183012464,1,0.9999863544353449
2014-04-11,77.471855,22.261215,0.0035147351111496613,True,False,0.0,2.35582993814783,172996.24004139175,172998.5958713299,1,0.9999863823753813
2014-04-14,77.351036,22.439585,0.003403391224898441,True,False,0.0,2.35582993814783,172726.4487381428,172728.80456808093,1,0.9999863611055259
2014-04-15,77.441597,22.585791,0.0033721488649320086,True,False,0.0,2.35582993814783,172928.67330723812,172931.02913717626,1,0.9999863770547721
2014-04-16,77.320778,22.547779,0.002568200655718825,True,False,0.0,2.35582993814783,172658.88200398922,172661.23783392736,1,0.9999863557682795
2014-04-17,76.882744,22.971767,0.00292678364382785,True,False,0.0,2.35582993814783,171680.74310425212,171683.09893419026,1,0.9999862780323004
2014-04-21,76.867577,23.179373,0.0029045913419308254,True,False,0.0,2.35582993814783,171646.87488239646,171649.2307123346,1,0.99998627532481
2014-04-22,76.83741,23.386997,0.0029070355386499594,True,False,0.0,2.35582993814783,171579.51135310796,171581.8671830461,1,0.9999862699364634
2014-04-23,77.033806,23.366526,0.0029494065173634593,True,False,0.0,2.35582993814783,172018.0676463472,172020.42347628533,1,0.9999863049404801
2014-04-24,77.011108,23.498102,0.0028030633607570173,True,False,0.0,2.35582993814783,171967.38254713974,171969.73837707788,1,0.9999863009040988
2014-04-25,77.116859,22.729073,0.0028110349308871664,True,False,0.0,2.35582993814783,172203.5266975621,172205.88252750025,1,0.9999863196895277
2014-04-28,77.00354,22.600409,0.0027064713576925143,True,False,0.0,2.35582993814783,171950.48304802962,171952.83887796776,1,0.9999862995577536
2014-04-29,77.071503,22.75539,0.0027104983292145415,True,False,0.0,2.35582993814783,172102.24581996707,172104.6016499052,1,0.999986311638878
2014-04-30,77.275497,22.869421,0.002703469314757255,True,False,0.0,2.35582993814783,172557.7686029313,172560.12443286943,1,0.9999863477733
2014-05-01,77.497963,22.796326,0.0024986639902705283,True,False,0.0,2.35582993814783,173054.5397404889,173056.89557042703,1,0.9999863869629096
2014-05-02,77.611488,22.875277,0.0025021793517340353,True,False,0.0,2.35582993814783,173308.04339224345,173310.3992221816,1,0.9999864068748978
2014-05-05,77.566078,22.895748,0.0021931563628280006,True,False,0.0,2.35582993814783,173206.64193154164,173208.99776147978,1,0.9999863989170967
2014-05-06,77.656876,22.808018,0.0021571910248802274,True,False,0.0,2.35582993814783,173409.39572649437,173411.75155643251,1,0.9999864148195436
2014-05-07,77.717407,22.816792,0.0021483887057920864,True,False,0.0,2.35582993814783,173544.562690109,173546.91852004715,1,0.9999864254003573
2014-05-08,77.80069,22.974695,0.0021449606422869368,True,False,0.0,2.35582993814783,173730.53533603792,173732.89116597606,1,0.9999864399313088
2014-05-09,77.74012,22.901594,0.0019773821348414047,True,False,0.0,2.35582993814783,173595.28128462392,173597.63711456207,1,0.9999864293663364
2014-05-12,77.535789,23.319736,0.0020326052821805426,True,False,0.0,2.35582993814783,173139.00597375265,173141.3618036908,1,0.9999863936039685
2014-05-13,77.838478,23.135513,0.002167997509808527,True,False,0.0,2.35582993814783,173814.9167145228,173817.27254446095,1,0.9999864465141832
2014-05-14,78.19413,22.942532,0.0023621334886668797,True,False,0.0,2.35582993814783,174609.09491979753,174611.45074973567,1,0.9999865081589551
2014-05-15,78.474167,22.673515,0.0024068967518919714,True,False,0.0,2.35582993814783,175234.42328030302,175236.77911024116,1,0.9999865563042752
2014-05-16,78.307686,22.924984,0.0020052960752156685,True,False,0.0,2.35582993814783,174862.66779518744,174865.02362512558,1,0.999986527723559
2014-05-19,78.209297,23.155987,0.002049840397491464,True,False,0.0,2.35582993814783,174642.96314165316,174645.3189715913,1,0.9999865107753703
2014-05-20,78.436295,23.044874,0.0020754815215433624,True,False,0.0,2.35582993814783,175149.8543280965,175152.21015803464,1,0.9999865498132395
2014-05-21,78.315231,23.155987,0.0021190065501904133,True,False,0.0,2.35582993814783,174879.51593482617,174881.8717647643,1,0.9999865290214797
2014-05-22,78.231987,23.261251,0.002147171700697651,True,False,0.0,2.35582993814783,174693.63037669664,174695.98620663479,1,0.9999865146876623
2014-05-23,78.39093,23.483486,0.0021615942594142945,True,False,0.0,2.35582993814783,175048.55335331697,175050.9091832551,1,0.9999865420296922
2014-05-27,78.413628,23.77297,0.00209836706662917,True,False,0.0,2.35582993814783,175099.2384525244,175101.59428246255,1,0.999986545925251
2014-05-28,78.844955,23.80806,0.002334637803996198,True,False,0.0,2.35582993814783,176062.400483798,176064.75631373614,1,0.9999866195257503
2014-05-29,78.746574,23.851919,0.002364523756098043,True,False,0.0,2.35582993814783,175842.7136944277,175845.06952436583,1,0.9999866028092541
2014-05-30,78.686058,23.881172,0.002348152196895169,True,False,0.0,2.35582993814783,175707.58022612048,175709.93605605862,1,0.9999865925058593
2014-06-02,78.325951,24.012749,0.0026261414527186723,True,False,0.0,2.35582993814783,174903.4539145382,174905.80974447634,1,0.9999865308651463
2014-06-03,77.931816,24.237907,0.002894951865565231,True,False,0.0,2.35582993814783,174023.3423815342,174025.69821147234,1,0.9999864627468107
2014-06-04,77.871162,24.346098,0.002894627339252538,True,False,0.0,2.35582993814783,173887.9007563986,173890.25658633673,1,0.9999864522027606
2014-06-05,77.984901,24.465988,0.0029065353804830483,True,False,0.0,2.35582993814783,174141.88227453915,174144.2381044773,1,0.999986471961612
2014-06-06,77.924271,24.60927,0.002905830215617238,True,False,0.0,2.35582993814783,174006.49424189547,174008.8500718336,1,0.9999864614360869
2014-06-09,77.810524,24.632664,0.002920394852140513,True,False,0.0,2.35582993814783,173752.4948595909,173754.85068952903,1,0.9999864416450603
2014-06-10,77.674065,24.705767,0.00288445947541367,True,False,0.0,2.35582993814783,173447.77911579196,173450.1349457301,1,0.999986417825856
2014-06-11,77.780266,24.834419,0.0027615669039724217,True,False,0.0,2.35582993814783,173684.9281254373,173687.28395537543,1,0.9999864363706744
2014-06-12,78.083412,24.749628,0.0027064827396784943,True,False,0.0,2.35582993814783,174361.8593565739,174364.21518651204,1,0.9999864890285222
2014-06-13,77.931816,24.992331,0.002594205203244936,True,False,0.0,2.35582993814783,174023.3423815342,174025.69821147234,1,0.9999864627468107
2014-06-16,77.931816,25.141457,0.002560892370891052,True,False,0.0,2.35582993814783,174023.3423815342,174025.69821147234,1,0.9999864627468107
2014-06-17,77.605858,25.32567,0.0027023383310734337,True,False,0.0,2.35582993814783,173295.47148685364,173297.82731679178,1,0.9999864058887834
2014-06-18,78.015182,25.220411,0.0028980408630942213,True,False,0.0,2.35582993814783,174209.50036816418,174211.85619810232,1,0.9999864772123462
2014-06-19,77.818153,25.255493,0.002929023857849817,True,False,0.0,2.35582993814783,173769.53057295125,173771.8864028894,1,0.9999864429742525
2014-06-20,77.909058,25.331524,0.0029416082615797345,True,False,0.0,2.35582993814783,173972.52330109704,173974.87913103518,1,0.9999864587924998
2014-06-23,77.85601,25.237955,0.0028952228567703103,True,False,0.0,2.35582993814783,173854.06602985036,173856.4218597885,1,0.9999864495661827
2014-06-24,78.174385,25.03327,0.003058306707170451,True,False,0.0,2.35582993814783,174565.00393011337,174567.3597600515,1,0.9999865047512813
2014-06-25,78.250198,25.138847,0.0027735553358464817,True,False,0.0,2.35582993814783,174734.29591294064,174736.65174287878,1,0.9999865178260277
2014-06-26,78.454857,25.027414,0.002843287535424485,True,False,0.0,2.35582993814783,175191.30365453445,175193.6594844726,1,0.999986552995439
2014-06-27,78.454857,25.059669,0.0028401828939309723,True,False,0.0,2.35582993814783,175191.30365453445,175193.6594844726,1,0.999986552995439
2014-06-30,78.515488,25.335302,0.0026453847387728816,True,False,0.0,2.35582993814783,175326.69392019865,175329.0497501368,1,0.9999865633793059
2014-07-01,78.258827,25.681322,0.0024883998778345347,True,False,0.0,2.35582993814783,174753.56464679653,174755.92047673467,1,0.9999865193125834
2014-07-02,77.939812,25.748764,0.0026612946738021025,True,False,0.0,2.35582993814783,174041.19761341644,174043.55344335458,1,0.9999864641356055
2014-07-03,77.780396,25.910046,0.0026786018367442716,True,False,0.0,2.35582993814783,173685.2184181017,173687.57424803983,1,0.999986436393344
2014-07-07,77.970207,25.737034,0.0027336740175448295,True,False,0.0,2.35582993814783,174109.07027137792,174111.42610131606,1,0.9999864694121983
2014-07-08,78.327118,25.599207,0.0028886247184802746,True,False,0.0,2.35582993814783,174906.05984945648,174908.41567939462,1,0.999986531065821
2014-07-09,78.342316,25.754629,0.00284711941862376,True,False,0.0,2.35582993814783,174939.99729494748,174942.35312488562,1,0.9999865336786886
2014-07-10,78.509384,25.637342,0.002865431603853033,True,False,0.0,2.35582993814783,175313.06356309395,175315.4193930321,1,0.9999865623346407
2014-07-11,78.638519,25.634399,0.0027664981230163207,True,False,0.0,2.35582993814783,175601.42466478367,175603.7804947218,1,0.9999865844007942
2014-07-14,78.463829,25.760492,0.00277944205074586,True,False,0.0,2.35582993814783,175211.3383144203,175213.69414435845,1,0.9999865545330252
2014-07-15,78.395493,25.684252,0.0027918552736715604,True,False,0.0,2.35582993814783,175058.74262583806,175061.0984557762,1,0.9999865428130011
2014-07-16,78.509384,25.983349,0.0025924457173123953,True,False,0.0,2.35582993814783,175313.06356309395,175315.4193930321,1,0.9999865623346407
2014-07-17,78.965065,25.311846,0.0026446724246642567,True,False,0.0,2.35582993814783,176330.60857551557,176332.9644054537,1,0.9999866398778806
2014-07-18,78.805588,25.643204,0.002615315295847772,True,False,0.0,2.35582993814783,175974.49316595064,175976.84899588878,1,0.9999866128416801
2014-07-21,78.828308,25.719439,0.0026132018154318374,True,False,0.0,2.35582993814783,176025.227391609,176027.58322154713,1,0.9999866167000931
2014-07-22,78.927116,25.886583,0.0025995706821404074,True,False,0.0,2.35582993814783,176245.86768073088,176248.22351066902,1,0.9999866334542771
2014-07-23,78.919487,25.294252,0.002477141860472964,True,False,0.0,2.35582993814783,176228.83196737053,176231.18779730867,1,0.9999866321621752
2014-07-24,78.600571,25.059669,0.002670958292182493,True,False,0.0,2.35582993814783,175516.68600301945,175519.0418329576,1,0.9999865779238906
2014-07-25,78.904282,24.564095,0.0027430588377246085,True,False,0.0,2.35582993814783,176194.87889073603,176197.23472067417,1,0.9999866295862028
2014-07-28,78.813164,24.540644,0.0027614965954645327,True,False,0.0,2.35582993814783,175991.41052922476,175993.7663591629,1,0.9999866141285179
2014-07-29,78.919487,24.496656,0.0027704574241333197,True,False,0.0,2.35582993814783,176228.83196737053,176231.18779730867,1,0.9999866321621752
2014-07-30,78.365112,24.734177,0.0031290712480452464,True,False,0.0,2.35582993814783,174990.90123016346,174993.2570601016,1,0.9999865375959182
2014-07-31,78.342316,24.232748,0.002975298736638581,True,False,0.0,2.35582993814783,174939.99729494748,174942.35312488562,1,0.9999865336786886
2014-08-01,78.803421,24.311922,0.0031725165459308797,True,False,0.0,2.35582993814783,175969.65421053683,175972.01004047497,1,0.9999866124735541
2014-08-04,78.849068,24.41748,0.00314460674504942,True,False,0.0,2.35582993814783,176071.5848970961,176073.94072703423,1,0.999986620223706
2014-08-05,78.887123,24.159443,0.0030000098090428337,True,False,0.0,2.35582993814783,176156.56249205334,176158.91832199148,1,0.9999866266779985
2014-08-06,78.955605,24.238615,0.0030018745727335484,True,False,0.0,2.35582993814783,176309.48420162793,176311.84003156607,1,0.99998663827717
2014-08-07,79.313225,23.91312,0.003119972382494983,True,False,0.0,2.35582993814783,177108.0569912378,177110.41282117594,1,0.9999866985238156
2014-08-08,79.244759,24.209288,0.0031223703605220555,True,False,0.0,2.35582993814783,176955.17100999114,176957.52683992928,1,0.9999866870317403
2014-08-11,79.206711,24.429218,0.0030696181696190966,True,False,0.0,2.35582993814783,176870.2090461774,176872.56487611553,1,0.9999866806367635
2014-08-12,79.09256,24.411619,0.0030853735945463165,True,False,0.0,2.35582993814783,176615.30752359264,176617.66335353078,1,0.9999866614137374
2014-08-13,79.35128,24.643274,0.0031427310335450293,True,False,0.0,2.35582993814783,177193.03458619505,177195.3904161332,1,0.9999867049028047
2014-08-14,79.511002,24.690195,0.00291568502675556,True,False,0.0,2.35582993814783,177549.6970857814,177552.05291571954,1,0.9999867316096916
2014-08-15,79.830597,24.951164,0.002969594054328213,True,False,0.0,2.35582993814783,178263.3592710489,178265.71510098703,1,0.9999867847278608
2014-08-18,79.579559,25.047941,0.0030885175821794594,True,False,0.0,2.35582993814783,177702.78627189313,177705.14210183127,1,0.9999867430401266
2014-08-19,79.495796,25.226809,0.0031009420450293776,True,False,0.0,2.35582993814783,177515.7417761264,177518.09760606455,1,0.9999867290717402
2014-08-20,79.259972,25.437939,0.0031885350854277085,True,False,0.0,2.35582993814783,176989.14195078958,176991.49778072772,1,0.9999866895869707
2014-08-21,79.427338,25.534706,0.0030493655233559207,True,False,0.0,2.35582993814783,177362.87365904375,177365.2294889819,1,0.9999867176337497
2014-08-22,79.434959,25.552299,0.002947239332689363,True,False,0.0,2.35582993814783,177379.89150824014,177382.24733817828,1,0.9999867189080447
2014-08-25,79.495796,25.461395,0.0029273393404272924,True,False,0.0,2.35582993814783,177515.7417761264,177518.09760606455,1,0.9999867290717402
2014-08-26,79.480614,25.464323,0.0029221919572648674,True,False,0.0,2.35582993814783,177481.84005896334,177484.19588890148,1,0.9999867265368257
2014-08-27,79.701218,25.511242,0.002389154495511281,True,False,0.0,2.35582993814783,177974.45331235827,177976.8091422964,1,0.9999867632757914
2014-08-28,79.807732,25.593353,0.002376088498711945,True,False,0.0,2.35582993814783,178212.3012574187,178214.65708735684,1,0.9999867809417214
2014-08-29,79.815392,25.78688,0.0020758218427273573,True,False,0.0,2.35582993814783,178229.40619441445,178231.7620243526,1,0.999986782210357
2014-09-02,79.305496,25.669584,0.002606528925670244,True,False,0.0,2.35582993814783,177090.79797582788,177093.15380576602,1,0.9999866972274901
2014-09-03,79.419807,25.739964,0.0026190491934248972,True,False,0.0,2.35582993814783,177346.05678169194,177348.41261163008,1,0.9999867163742633
2014-09-04,79.13781,25.813272,0.0027551610219854893,True,False,0.0,2.35582993814783,176716.35170101517,176718.7075309533,1,0.9999866690404708
2014-09-05,79.160645,26.027338,0.0025543365972194227,True,False,0.0,2.35582993814783,176767.3427240305,176769.69855396863,1,0.9999866728859221
2014-09-08,79.076851,26.091852,0.0025577989715458655,True,False,0.0,2.35582993814783,176580.22900462843,176582.58483456657,1,0.9999866587639978
2014-09-09,78.893867,25.851397,0.0026044759976046024,True,False,0.0,2.35582993814783,176171.62198227516,176173.9778122133,1,0.9999866278211607
2014-09-10,78.695717,25.842598,0.002642214595151915,True,False,0.0,2.35582993814783,175729.14897108675,175731.5048010249,1,0.9999865941514539
2014-09-11,78.596664,25.910046,0.0025159030239512714,True,False,0.0,2.35582993814783,175507.96159194346,175510.3174218816,1,0.9999865772566949
2014-09-12,78.2994,25.587481,0.0025480311340964476,True,False,0.0,2.35582993814783,174844.16498736152,174846.52081729966,1,0.9999865262978804
2014-09-15,78.444199,25.273722,0.002374445452238681,True,False,0.0,2.35582993814783,175167.50412209312,175169.85995203126,1,0.9999865511684557
2014-09-16,78.421349,25.713579,0.0023156877841568804,True,False,0.0,2.35582993814783,175116.47960377036,175118.8354337085,1,0.9999865472498586
2014-09-17,78.22316,25.898308,0.0023497456782657924,True,False,0.0,2.35582993814783,174673.91950478262,174676.27533472076,1,0.9999865131659487
2014-09-18,78.169861,26.29417,0.0022938775588978192,True,False,0.0,2.35582993814783,174554.9017453916,174557.25757532974,1,0.9999865039702682
2014-09-19,78.467117,25.965755,0.0024292595974674267,True,False,0.0,2.35582993814783,175218.68048580957,175221.0363157477,1,0.9999865550964218
2014-09-22,78.634773,25.651999,0.0025020264967826273,True,False,0.0,2.35582993814783,175593.0597700074,175595.41559994555,1,0.999986583761711
2014-09-23,78.802429,25.569891,0.002556526922720509,True,False,0.0,2.35582993814783,175967.4390542053,175969.79488414343,1,0.9999866123050283
2014-09-24,78.581398,25.890394,0.002609676287943077,True,False,0.0,2.35582993814783,175473.87230105873,175476.22813099687,1,0.999986574649095
2014-09-25,78.962479,25.416985,0.0027839470897550755,True,False,0.0,2.35582993814783,176324.83398451417,176327.18981445231,1,0.9999866394403459
2014-09-26,78.794823,25.716909,0.002773645771386361,True,False,0.0,2.35582993814783,175950.4547003163,175952.81053025444,1,0.9999866110127423
2014-09-29,79.046326,25.749266,0.0028999617709667413,True,False,0.0,2.35582993814783,176512.0660540025,176514.42188394064,1,0.9999866536121355
2014-09-30,78.97776,25.537542,0.0025473853990937772,True,False,0.0,2.35582993814783,176358.95677070628,176361.31260064442,1,0.9999866420253773
2014-10-01,79.641289,24.914185,0.0031762727477891964,True,False,0.0,2.35582993814783,177840.63062708193,177842.98645702007,1,0.9999867533154663
2014-10-02,79.404594,24.761276,0.0031431933889781035,True,False,0.0,2.35582993814783,177312.0858408935,177314.44167083164,1,0.9999867138293083
2014-10-03,79.38166,24.917114,0.0031446820742326662,True,False,0.0,2.35582993814783,177260.8737488491,177263.22957878723,1,0.9999867099908778
2014-10-06,79.511497,24.699532,0.0031483245077566007,True,False,0.0,2.35582993814783,177550.80243092668,177553.15826086482,1,0.9999867316922931
2014-10-07,79.977264,24.229063,0.0033188129176124864,True,False,0.0,2.35582993814783,178590.86968806616,178593.2255180043,1,0.9999868089624827
2014-10-08,80.259773,24.775982,0.0032873102431405423,True,False,0.0,2.35582993814783,179221.7180752366,179224.07390517474,1,0.9999868553934368
2014-10-09,80.122353,24.105564,0.0033051444140973713,True,False,0.0,2.35582993814783,178914.85639874148,178917.21222867962,1,0.9999868328490658
2014-10-10,80.435417,22.444223,0.0031678130621592042,False,False,0.0,2.35582993814783,179613.93472715272,179616.29055709086,1,0.9999868840964768
2014-10-13,80.8554,21.967873,0.0032828485304782187,False,False,0.0,2.35582993814783,180551.7653739251,180554.12120386324,1,0.9999869522228436
2014-10-14,81.015717,22.36483,0.0032563016975393198,False,False,0.0,2.35582993814783,180909.75652070626,180912.1123506444,1,0.9999869780419479
2014-10-15,81.473869,22.470694,0.0032194881039107797,False,False,0.0,2.35582993814783,181932.81932677233,181935.17515671047,1,0.9999870512673753
2014-10-16,81.252449,22.817663,0.0033401508022516823,False,False,0.0,2.35582993814783,181438.38392865303,181440.73975859117,1,0.9999870159814093
2014-10-17,81.015717,22.985264,0.003477709005943037,False,False,0.0,2.35582993814783,180909.75652070626,180912.1123506444,1,0.9999869780419479
2014-10-20,81.130257,23.349876,0.003475595945679751,False,False,0.0,2.35582993814783,181165.52668826378,181167.88251820192,1,0.999986996426158
2014-10-21,80.908798,24.211426,0.0036016229802719175,True,False,0.0,2.35582993814783,180671.00420234515,180673.3600322833,1,0.9999869608339729
2014-10-22,80.88591,23.864449,0.003491875405280418,True,False,0.0,2.35582993814783,180619.89482924357,180622.2506591817,1,0.9999869571443742
2014-10-23,80.549919,24.208477,0.0036096221421962737,True,False,0.0,2.35582993814783,179869.6200399314,179871.97586986955,1,0.9999869027405367
2014-10-24,80.618652,24.449594,0.00353475924267586,True,False,0.0,2.35582993814783,180023.10223765037,180025.4580675885,1,0.9999869139067139
2014-10-27,80.702652,24.564264,0.0035019087169402443,True,False,0.0,2.35582993814783,180210.67595927452,180213.03178921266,1,0.9999869275273006
2014-10-28,80.504158,24.914185,0.003565147941113902,True,False,0.0,2.35582993814783,179767.43478903567,179769.7906189738,1,0.9999868952957556
2014-10-29,80.23687,24.96417,0.0032290279832757085,True,False,0.0,2.35582993814783,179170.57520682758,179172.93103676572,1,0.9999868516414588
2014-10-30,80.320854,24.661304,0.003133309820993472,True,False,0.0,2.35582993814783,179358.1132001238,179360.46903006194,1,0.9999868653892863
2014-10-31,80.191071,25.625765,0.0031664548195546077,True,False,0.0,2.35582993814783,179068.305101153,179070.66093109114,1,0.9999868441322219
2014-11-03,80.161232,25.802185,0.0031606475490900303,True,False,0.0,2.35582993814783,179001.674002587,179004.02983252515,1,0.9999868392351817
2014-11-04,80.153587,25.708092,0.002890709930950777,True,False,0.0,2.35582993814783,178984.60256089873,178986.95839083687,1,0.9999868379799326
2014-11-05,80.176537,25.966848,0.002777776594944691,True,False,0.0,2.35582993814783,179035.85038127104,179038.20621120918,1,0.9999868417474237
2014-11-06,79.931801,25.743374,0.002835717685336786,True,False,0.0,2.35582993814783,178489.34987727806,178491.7057072162,1,0.9999868014598841
2014-11-07,80.444275,25.51108,0.003066831541428177,True,False,0.0,2.35582993814783,179633.7148227021,179636.07065264025,1,0.9999868855406958
2014-11-10,80.115372,25.69927,0.0029392201403157145,True,False,0.0,2.35582993814783,178899.2676826622,178901.62351260034,1,0.9999868317017371
2014-11-11,80.122986,25.649281,0.0028865847299458704,True,False,0.0,2.35582993814783,178916.26990071515,178918.6257306533,1,0.9999868329530895
2014-11-12,80.092377,25.611052,0.0024939529951528176,True,False,0.0,2.35582993814783,178847.91937636762,178850.27520630576,1,0.9999868279210897
2014-11-13,80.222427,25.614,0.002511948428532111,True,False,0.0,2.35582993814783,179138.3236918107,179140.67952174885,1,0.9999868492742998
2014-11-14,80.390701,25.837467,0.002522573326329131,True,False,0.0,2.35582993814783,179514.08298267482,179516.43881261296,1,0.9999868768010678
2014-11-17,80.298866,25.719851,0.0024911275789781676,True,False,0.0,2.35582993814783,179309.01354546822,179311.36937540636,1,0.9999868617927221
2014-11-18,80.390701,26.222664,0.002460050851383459,True,False,0.0,2.35582993814783,179514.08298267482,179516.43881261296,1,0.9999868768010678
2014-11-19,80.176537,26.043295,0.0025152682070846612,True,False,0.0,2.35582993814783,179035.85038127104,179038.20621120918,1,0.9999868417474237
2014-11-20,80.321793,26.281473,0.0024021044230667153,True,False,0.0,2.35582993814783,179360.21000636913,179362.56583630727,1,0.9999868655428341
2014-11-21,80.482468,26.569637,0.002440420045999547,True,False,0.0,2.35582993814783,179719.0005744877,179721.35640442584,1,0.9999868917640882
2014-11-24,80.574303,26.825451,0.0024429232804693344,True,False,0.0,2.35582993814783,179924.0700116943,179926.42584163244,1,0.9999869067040758
2014-11-25,80.773132,26.831329,0.0024383975352211666,True,False,0.0,2.35582993814783,180368.0592437992,180370.41507373733,1,0.9999869389337649
2014-11-26,80.910843,27.398838,0.0023154996639451553,True,False,0.0,2.35582993814783,180675.5707292585,180677.92655919664,1,0.99998696116353
2014-11-28,81.224457,27.475283,0.0024385213297436824,True,False,0.0,2.35582993814783,181375.8772189423,181378.23304888044,1,0.9999870115068465
2014-12-01,81.025269,27.128321,0.0024846635187316525,True,False,0.0,2.35582993814783,180931.08633247952,180933.44216241766,1,0.9999869795770755
2014-12-02,80.665115,27.298855,0.002718325304817369,True,False,0.0,2.35582993814783,180126.85506893398,180129.21089887212,1,0.9999869214441879
2014-12-03,80.695786,27.872244,0.002716641652184731,True,False,0.0,2.35582993814783,180195.34404055224,180197.69987049038,1,0.9999869264150439
2014-12-04,80.97924,27.895769,0.002807383373244625,True,False,0.0,2.35582993814783,180828.30263209098,180830.65846202913,1,0.9999869721762992
2014-12-05,80.527199,28.175098,0.00302571819312977,True,False,0.0,2.35582993814783,179818.88581427306,179821.2416442112,1,0.9999868990453152
2014-12-08,80.795395,27.778149,0.002771672878654933,True,False,0.0,2.35582993814783,180417.77297909107,180420.1288090292,1,0.999986942532667
2014-12-09,81.094223,27.775209,0.002679157249345628,True,False,0.0,2.35582993814783,181085.062027728,181087.41785766615,1,0.99998699064813
2014-12-10,81.461952,27.24593,0.002814254348672312,True,False,0.0,2.35582993814783,181906.20842152715,181908.5642514653,1,0.9999870493731406
2014-12-11,81.324059,27.375301,0.002858902624526563,True,False,0.0,2.35582993814783,181598.29052633766,181600.6463562758,1,0.9999870274143545
2014-12-12,81.990616,26.922489,0.00330209960984241,True,False,0.0,2.35582993814783,183086.72596877374,183089.08179871188,1,0.999987132875893
2014-12-15,81.691826,26.672554,0.0034564070822749467,True,False,0.0,2.35582993814783,182419.52177491563,182421.87760485377,1,0.9999870858146562
2014-12-16,82.10553,26.490242,0.003549163447115455,True,False,0.0,2.35582993814783,183343.33128599657,183345.6871159347,1,0.9999871508843475
2014-12-17,81.538582,27.060686,0.003978511099150317,True,False,0.0,2.35582993814783,182077.32478209928,182079.68061203742,1,0.9999870615439888
2014-12-18,81.07885,27.575258,0.004163654469367193,True,False,0.0,2.35582993814783,181050.7338036503,181053.08963358845,1,0.9999869881815168
2014-12-19,81.377663,27.578196,0.004213855319531982,True,False,0.0,2.35582993814783,181717.9893569798,181720.34518691793,1,0.9999870359593709
2014-12-22,81.377663,27.916351,0.004203955366012611,True,False,0.0,2.35582993814783,181717.9893569798,181720.34518691793,1,0.9999870359593709
2014-12-23,80.7034,27.854599,0.004643643492442111,True,False,0.0,2.35582993814783,180212.3462586052,180214.70208854333,1,0.9999869276484613
2014-12-24,80.761742,27.896393,0.004612797802169088,True,False,0.0,2.35582993814783,180342.62514035514,180344.98097029328,1,0.999986937091759
2014-12-26,80.869141,27.931957,0.004606243964468979,True,False,0.0,2.35582993814783,180582.4493085541,180584.80513849223,1,0.9999869544398471
2014-12-29,81.145432,27.851931,0.004586968145668337,True,False,0.0,2.35582993814783,181199.41277428338,181201.76860422152,1,0.9999869988579235
2014-12-30,81.237534,27.677044,0.004557980650383268,True,False,0.0,2.35582993814783,181405.07842796226,181407.4342579004,1,0.9999870135976082
2014-12-31,81.329559,27.534756,0.004431597115883182,True,False,0.0,2.35582993814783,181610.57213906304,181612.92796900118,1,0.9999870282916283
2015-01-02,81.74395,27.511044,0.004552987298057955,True,False,0.0,2.35582993814783,182535.9157352244,182538.27156516255,1,0.9999870940492755
2015-01-05,82.242714,26.9923,0.004673073444980371,True,False,0.0,2.35582993814783,183649.66596965477,183652.0217995929,1,0.99998717231689
2015-01-06,82.795227,26.390566,0.004598748180835845,True,False,0.0,2.35582993814783,184883.43882269913,184885.79465263727,1,0.9999872579180972
2015-01-07,82.779831,26.651415,0.004587946589527308,True,False,0.0,2.35582993814783,184849.05923915002,184851.41506908817,1,0.9999872555482615
2015-01-08,82.442177,27.442867,0.004695251805574919,True,False,0.0,2.35582993814783,184095.0709367538,184097.42676669193,1,0.9999872033521624
2015-01-09,82.848877,27.457684,0.004712510970013564,True,False,0.0,2.35582993814783,185003.24037228408,185005.59620222222,1,0.9999872661693132
2015-01-12,83.14048,26.930058,0.004708751001325425,True,False,0.0,2.35582993814783,185654.39584784085,185656.751677779,1,0.999987310830784
2015-01-13,83.217186,26.666243,0.004406126528838835,True,False,0.0,2.35582993814783,185825.68191797062,185828.03774790876,1,0.9999873225269627
2015-01-14,83.60083,26.515066,0.0043591265706756175,True,False,0.0,2.35582993814783,186682.3668329561,186684.72266289423,1,0.9999873807031205
2015-01-15,84.314514,26.3046,0.0045838295338145275,True,False,0.0,2.35582993814783,188276.0378322848,188278.39366222295,1,0.9999874875183906
2015-01-16,83.692955,26.592131,0.00462937979991173,True,False,0.0,2.35582993814783,186888.08384610637,186890.4396760445,1,0.9999873945936334
2015-01-20,83.884766,26.867807,0.004332210161633749,True,False,0.0,2.35582993814783,187316.40174037364,187318.75757031178,1,0.9999874234168072
2015-01-21,83.485794,27.17312,0.004536160257846678,True,False,0.0,2.35582993814783,186425.4890872328,186427.84491717094,1,0.9999873633150714
2015-01-22,83.278618,27.336147,0.004606504326267623,True,False,0.0,2.35582993814783,185962.86083305176,185965.2166629899,1,0.9999873318786147
2015-01-23,83.823433,27.265015,0.004175064465381564,True,False,0.0,2.35582993814783,187179.44389432156,187181.7997242597,1,0.999987414214728
2015-01-26,83.631561,27.315407,0.004272931131644145,True,False,0.0,2.35582993814783,186750.9897858041,186753.34561574223,1,0.9999873853401107
2015-01-27,83.746681,26.829271,0.004272704393968712,True,False,0.0,2.35582993814783,187008.055105249,187010.41093518713,1,0.9999874026802766
2015-01-28,84.391228,26.701809,0.004461682253865553,True,False,0.0,2.35582993814783,188447.34176657855,188449.6975965167,1,0.9999874988924462
2015-01-29,84.091972,26.719593,0.004627385971846733,True,False,0.0,2.35582993814783,187779.09698516954,187781.45281510768,1,0.9999874544056251
2015-01-30,84.828583,26.194927,0.004880329059736776,True,False,0.0,2.35582993814783,189423.96444539918,189426.32027533732,1,0.9999875633442348
2015-02-02,84.722534,26.263098,0.004882524718351948,True,False,0.0,2.35582993814783,189187.15485486918,189189.51068480732,1,0.9999875477772018
2015-02-03,84.007736,26.728491,0.00527769491672983,True,False,0.0,2.35582993814783,187590.99627070842,187593.35210064656,1,0.9999874418261001
2015-02-04,84.146118,26.829271,0.0051121763183858875,True,False,0.0,2.35582993814783,187900.00611292027,187902.3619428584,1,0.9999874624783117
2015-02-05,83.838684,27.09013,0.005205942577419538,True,False,0.0,2.35582993814783,187213.49968989883,187215.85551983697,1,0.9999874165041652
2015-02-06,82.900993,26.941908,0.005764100259773818,True,False,0.0,2.35582993814783,185119.6164684289,185121.97229836704,1,0.9999872741743787
2015-02-09,82.862534,26.657345,0.00566061973031633,True,False,0.0,2.35582993814783,185033.73673319147,185036.0925631296,1,0.9999872682680147
2015-02-10,82.655022,27.558475,0.005624377210357955,True,False,0.0,2.35582993814783,184570.35818412396,184572.7140140621,1,0.9999872363043978
2015-02-11,82.62429,27.647404,0.005617103056996763,True,False,0.0,2.35582993814783,184501.73299825547,184504.0888281936,1,0.9999872315570181
2015-02-12,82.655022,28.089073,0.005499047308344772,True,False,0.0,2.35582993814783,184570.35818412396,184572.7140140621,1,0.9999872363043978
2015-02-13,82.378334,28.28767,0.005093970154184937,True,False,0.0,2.35582993814783,183952.50820925794,183954.86403919608,1,0.9999871934349198
2015-02-17,81.794182,28.376596,0.0050761012165280745,True,False,0.0,2.35582993814783,182648.08482075567,182650.4406506938,1,0.9999871019750637
2015-02-18,82.18618,28.302498,0.005194101345140438,True,False,0.0,2.35582993814783,183523.4243889607,183525.78021889884,1,0.9999871634931325
2015-02-19,81.978638,28.379564,0.005132910103010783,True,False,0.0,2.35582993814783,183059.97884927833,183062.33467921647,1,0.9999871309958858
2015-02-20,81.932541,28.548523,0.005119870853888145,True,False,0.0,2.35582993814783,182957.0433034961,182959.39913343423,1,0.9999871237556021
2015-02-23,82.309143,28.37067,0.004990617427717494,True,False,0.0,2.35582993814783,183798.00328815205,183800.3591180902,1,0.9999871826695582
2015-02-24,82.85482,28.750093,0.0052510320380909385,True,False,0.0,2.35582993814783,185016.511213089,185018.86704302713,1,0.9999872670826722
2015-02-25,82.931747,28.601881,0.00524371722750629,True,False,0.0,2.35582993814783,185188.2907807483,185190.64661068644,1,0.999987278893501
2015-02-26,82.439774,28.79751,0.005007722962459561,True,False,0.0,2.35582993814783,184089.70498850304,184092.06081844118,1,0.9999872029791634
2015-02-27,82.731888,28.711559,0.005080579149444789,True,False,0.0,2.35582993814783,184742.001537533,184744.35736747115,1,0.9999872481629658
2015-03-02,82.11602,29.500051,0.0047610484032374325,True,False,0.0,2.35582993814783,183366.75567099464,183369.11150093278,1,0.9999871525257507
2015-03-03,81.93898,28.95463,0.004761619756164371,True,False,0.0,2.35582993814783,182971.42172246677,182973.7775524049,1,0.9999871247674412
2015-03-04,82.000526,28.916098,0.004508024592049688,True,False,0.0,2.35582993814783,183108.85520188438,183111.21103182252,1,0.999987134430902
2015-03-05,82.046768,28.933876,0.0044783501445425445,True,False,0.0,2.35582993814783,183212.11453563848,183214.47036557662,1,0.9999871416819128
2015-03-06,81.207642,28.634491,0.0048905000226477325,True,False,0.0,2.35582993814783,181338.32897931006,181340.6848092482,1,0.9999870088174608
2015-03-09,81.584808,28.72341,0.004515558259188009,True,False,0.0,2.35582993814783,182180.54838752546,182182.9042174636,1,0.9999870688748307
2015-03-10,81.931252,28.19282,0.004654226350603272,True,False,0.0,2.35582993814783,182954.16494007735,182956.5207700155,1,0.9999871235530265
2015-03-11,82.077499,28.255072,0.004658874438030739,True,False,0.0,2.35582993814783,183280.73748848648,183283.09331842462,1,0.9999871464961907
2015-03-12,82.154533,28.246176,0.0046677594553329515,True,False,0.0,2.35582993814783,183452.75598933882,183455.11181927696,1,0.9999871585484058
2015-03-13,82.031364,28.435884,0.004672661924113911,True,False,0.0,2.35582993814783,183177.7170879254,183180.07291786355,1,0.9999871392673852
2015-03-16,82.31617,28.868664,0.004692942150650969,True,False,0.0,2.35582993814783,183813.6947231741,183816.05055311223,1,0.9999871837637081
2015-03-17,82.485542,28.658207,0.0044040603190402304,True,False,0.0,2.35582993814783,184191.90587054225,184194.2617004804,1,0.9999872100796388
2015-03-18,83.432404,28.87163,0.004963826980766692,True,False,0.0,2.35582993814783,186306.26812297667,186308.62395291482,1,0.9999873552287158
2015-03-19,83.039787,28.93684,0.005063087541915008,True,False,0.0,2.35582993814783,185429.54631508488,185431.90214502302,1,0.9999872954442527
2015-03-20,83.378517,29.345905,0.005110799906761473,True,False,0.0,2.35582993814783,186185.9373475343,186188.29317747243,1,0.9999873470565849
2015-03-23,83.486275,29.10284,0.005037454855195337,True,False,0.0,2.35582993814783,186426.56317009116,186428.9190000293,1,0.9999873633878757
2015-03-24,83.740349,28.853851,0.004878231955321663,True,False,0.0,2.35582993814783,186993.9156194713,186996.27144940945,1,0.9999874017277464
2015-03-25,83.378517,27.513109,0.004996015036241853,True,False,0.0,2.35582993814783,186185.9373475343,186188.29317747243,1,0.9999873470565849
2015-03-26,82.908997,27.135647,0.004976597690854563,True,False,0.0,2.35582993814783,185137.48956447508,185139.84539441322,1,0.999987275402909
2015-03-27,83.232231,27.905437,0.004989389945103952,True,False,0.0,2.35582993814783,185859.27771132582,185861.63354126396,1,0.9999873248185047
2015-03-30,83.224586,28.262091,0.004645262678394384,True,False,0.0,2.35582993814783,185842.20626963754,185844.56209957568,1,0.999987323654179
2015-03-31,83.440102,27.944069,0.004614241953022674,True,False,0.0,2.35582993814783,186323.45791475123,186325.81374468937,1,0.9999873563952799
2015-04-01,83.837219,27.762774,0.004692983662213097,True,False,0.0,2.35582993814783,187210.2283148729,187212.58414481103,1,0.9999874162842797
2015-04-02,83.598183,27.700357,0.004775384561010425,True,False,0.0,2.35582993814783,186676.45602770444,186678.81185764258,1,0.9999873803035562
2015-04-06,83.7061,27.822212,0.003979546965652247,True,False,0.0,2.35582993814783,186917.4369005201,186919.79273045823,1,0.9999873965731305
2015-04-07,83.775497,27.834097,0.003913006396503706,True,False,0.0,2.35582993814783,187072.40182384805,187074.7576537862,1,0.9999874070132835
2015-04-08,83.69841,27.997559,0.003880786507903025,True,False,0.0,2.35582993814783,186900.26497290947,186902.6208028476,1,0.9999873954151739
2015-04-09,83.359131,28.363142,0.004040795691736973,True,False,0.0,2.35582993814783,186142.64801220802,186145.00384214616,1,0.9999873441140534
2015-04-10,83.336029,28.479053,0.00404734149781076,True,False,0.0,2.35582993814783,186091.06077272038,186093.41660265852,1,0.999987340605696
2015-04-13,83.505638,28.309645,0.0040226424544733495,True,False,0.0,2.35582993814783,186469.80114594602,186472.15697588417,1,0.9999873663179729
2015-04-14,83.752419,28.021343,0.004006907348755045,True,False,0.0,2.35582993814783,187020.86817685232,187023.22400679046,1,0.9999874035433265
2015-04-15,83.798653,28.487976,0.003997487668617628,True,False,0.0,2.35582993814783,187124.10964644246,187126.4654763806,1,0.9999874104930474
2015-04-16,83.860306,28.366112,0.0031208090889144934,True,False,0.0,2.35582993814783,187261.78205905308,187264.13788899122,1,0.9999874197485717
2015-04-17,84.029953,27.961905,0.0029124743703255692,True,False,0.0,2.35582993814783,187640.60728705756,187642.9631169957,1,0.999987445146362
2015-04-20,83.875748,28.199673,0.0028398239537182667,True,False,0.0,2.35582993814783,187296.264361545,187298.62019148315,1,0.9999874220646381
2015-04-21,83.69841,28.392853,0.002879004030400061,True,False,0.0,2.35582993814783,186900.26497290947,186902.6208028476,1,0.9999873954151739
2015-04-22,83.212608,28.794102,0.0030818646061265167,True,False,0.0,2.35582993814783,185815.45915014212,185817.81498008026,1,0.9999873218295113
2015-04-23,83.467102,28.348286,0.00301728331552649,True,False,0.0,2.35582993814783,186383.7494681304,186386.10529806855,1,0.9999873604851908
2015-04-24,83.760117,27.881655,0.0027929209416539284,True,False,0.0,2.35582993814783,187038.05796862685,187040.413798565,1,0.9999874047009932
2015-04-27,83.628975,27.952991,0.002710675013245674,True,False,0.0,2.35582993814783,186745.21519480264,186747.57102474078,1,0.9999873849500414
2015-04-28,83.243469,27.979734,0.0029206611224036976,True,False,0.0,2.35582993814783,185884.37239565456,185886.7282255927,1,0.9999873265296526
2015-04-29,82.935059,27.825178,0.002967574457702593,True,False,0.0,2.35582993814783,185195.68654462945,185198.0423745676,1,0.9999872794015102
2015-04-30,82.911919,27.584438,0.0027197338512087513,True,False,0.0,2.35582993814783,185144.014450363,185146.37028030114,1,0.9999872758513463
2015-05-01,82.458611,28.351252,0.0028945047109745483,True,False,0.0,2.35582993814783,184131.76839557727,184134.1242255154,1,0.9999872059025016
2015-05-04,82.288742,28.294779,0.0028710015845430123,True,False,0.0,2.35582993814783,183752.4474370228,183754.80326696095,1,0.9999871794919303
2015-05-05,82.149727,27.679552,0.0028484738813477125,True,False,0.0,2.35582993814783,183442.02409283732,183444.37992277546,1,0.9999871577971529
2015-05-06,81.748199,27.646851,0.002980044213759375,True,False,0.0,2.35582993814783,182545.40383930987,182547.75966924801,1,0.9999870947200754
2015-05-07,82.095657,27.950012,0.0031317700246288704,True,False,0.0,2.35582993814783,183321.28467464424,183323.64050458238,1,0.9999871493391052
2015-05-08,82.412292,28.229395,0.0032970847377402595,True,False,0.0,2.35582993814783,184028.337119245,184030.69294918314,1,0.9999871987117998
2015-05-11,81.601448,28.247223,0.0038373697737712365,True,False,0.0,2.35582993814783,182217.705848571,182220.06167850914,1,0.9999870715116852
2015-05-12,81.663246,27.991623,0.00374409495109944,True,False,0.0,2.35582993814783,182355.7020491535,182358.05787909165,1,0.9999870812950876
2015-05-13,81.55513,28.164005,0.003719652198663302,True,False,0.0,2.35582993814783,182114.27680525926,182116.6326351974,1,0.9999870641692411
2015-05-14,81.833153,28.499855,0.003844375984559964,True,False,0.0,2.35582993814783,182735.10786248677,182737.4636924249,1,0.9999871081173475
2015-05-15,82.419991,28.547411,0.004224035635715021,True,False,0.0,2.35582993814783,184045.52914404005,184047.8849739782,1,0.9999871999075758
2015-05-18,81.864021,28.826792,0.00441700298488157,True,False,0.0,2.35582993814783,182804.03673914264,182806.39256908078,1,0.9999871129783536
2015-05-19,81.501015,28.722776,0.004472355505197073,True,False,0.0,2.35582993814783,181993.43690114387,181995.792731082,1,0.9999870555802264
2015-05-20,81.678688,28.785181,0.004406785464689632,True,False,0.0,2.35582993814783,182390.18435164538,182392.54018158352,1,0.999987083737439
2015-05-21,82.165176,28.93082,0.004587550691921193,True,False,0.0,2.35582993814783,183476.5220264727,183478.87785641084,1,0.9999871602117603
2015-05-22,81.979843,28.990265,0.0044836875525301615,True,False,0.0,2.35582993814783,183062.66963897544,183065.02546891358,1,0.9999871311850415
2015-05-26,82.489525,28.767351,0.004766061821509051,True,False,0.0,2.35582993814783,184200.79999117594,184203.15582111408,1,0.9999872106971912
2015-05-27,82.443184,29.896763,0.0046752629046401244,True,False,0.0,2.35582993814783,184097.3195883928,184099.67541833094,1,0.9999872035084647
2015-05-28,82.520386,29.926481,0.004621528758752219,True,False,0.0,2.35582993814783,184269.71323668837,184272.0690666265,1,0.9999872154800775
2015-05-29,82.56675,30.039429,0.004625078898732331,True,False,0.0,2.35582993814783,184373.24499894292,184375.60082888106,1,0.9999872226589226
2015-06-01,82.2024,30.057262,0.004567186284896144,True,False,0.0,2.35582993814783,183559.64398139814,183561.99981133628,1,0.9999871660259718
2015-06-02,81.630035,29.721416,0.0048021263688620966,True,False,0.0,2.35582993814783,182281.54120547662,182283.89703541476,1,0.9999870760392089
2015-06-03,80.934013,29.519302,0.005133641127231568,True,False,0.0,2.35582993814783,180727.30981413982,180729.66564407796,1,0.9999869648962734
2015-06-04,81.32843,29.251814,0.0051816830207986105,True,False,0.0,2.35582993814783,181608.05105892356,181610.4068888617,1,0.9999870281115576
2015-06-05,80.740654,29.254789,0.005292726569541915,True,False,0.0,2.35582993814783,180295.5352041455,180297.89103408364,1,0.999986933680008
2015-06-08,80.856667,28.704933,0.00520718582150172,True,False,0.0,2.35582993814783,180554.5946108929,180556.95044083105,1,0.9999869524272957
2015-06-09,80.593681,28.687103,0.004803869231486176,True,False,0.0,2.35582993814783,179967.3414828566,179969.69731279474,1,0.9999869098521956
2015-06-10,80.284264,29.043764,0.004844469692775593,True,False,0.0,2.35582993814783,179276.40698019252,179278.76281013066,1,0.999986859403193
2015-06-11,80.918526,29.034834,0.005218936477126731,True,False,0.0,2.35582993814783,180692.72702572562,180695.08285566376,1,0.999986962401517
2015-06-12,80.872101,28.773302,0.0051419256288674905,True,False,0.0,2.35582993814783,180589.05904922084,180591.41487915898,1,0.9999869549173214
2015-06-15,81.065453,28.713863,0.004867939579621606,True,False,0.0,2.35582993814783,181020.81802807175,181023.1738580099,1,0.9999869860311918
2015-06-16,81.374855,28.794102,0.0047620991380042,True,False,0.0,2.35582993814783,181711.71903542834,181714.07486536648,1,0.9999870355120268
2015-06-17,81.421272,28.817875,0.004663391815344872,True,False,0.0,2.35582993814783,181815.36914776918,181817.72497770732,1,0.999987042902784
2015-06-18,81.359383,29.225063,0.004635754263410685,True,False,0.0,2.35582993814783,181677.16974232157,181679.5255722597,1,0.9999870330466203
2015-06-19,81.792511,29.079428,0.004593896341646172,True,False,0.0,2.35582993814783,182644.35344350763,182646.70927344577,1,0.9999871017115638
2015-06-22,81.104118,29.326115,0.0049341782376097825,True,False,0.0,2.35582993814783,181107.1577655312,181109.51359546935,1,0.999986992235298
2015-06-23,80.856667,29.180479,0.004697590398616897,True,False,0.0,2.35582993814783,180554.5946108929,180556.95044083105,1,0.9999869524272957
2015-06-24,81.096405,28.872065,0.004780174718359795,True,False,0.0,2.35582993814783,181089.93447844926,181092.2903083874,1,0.9999869909981582
2015-06-25,80.895348,28.851208,0.004775059672066306,True,False,0.0,2.35582993814783,180640.97007668033,180643.32590661847,1,0.9999869586660547
2015-06-26,80.50853,28.133055,0.004832988089605642,True,False,0.0,2.35582993814783,179777.19755464207,179779.5533845802,1,0.9999868960073947
2015-06-29,81.444481,27.343382,0.005550764300089091,True,False,0.0,2.35582993814783,181867.19532044983,181869.55115038797,1,0.9999870465950829
2015-06-30,81.220192,27.441725,0.0053666392511424466,True,False,0.0,2.35582993814783,181366.35338652888,181368.70921646702,1,0.9999870108248092
2015-07-01,80.795639,27.507278,0.005142578336940611,True,False,0.0,2.35582993814783,180418.31783609197,180420.6736660301,1,0.9999869425720995
2015-07-02,81.082245,27.635414,0.005083864159228994,True,False,0.0,2.35582993814783,181058.3149082326,181060.67073817074,1,0.9999869887263284
2015-07-06,81.65554,27.233126,0.0050377971366593124,False,False,0.0,2.35582993814783,182338.494393215,182340.85022315313,1,0.9999870800759388
2015-07-07,81.872406,27.146717,0.0050561959057496145,False,False,0.0,2.35582993814783,182822.76061599763,182825.11644593577,1,0.9999871142981668
2015-07-08,82.197701,26.413664,0.005022170698895933,False,False,0.0,2.35582993814783,183549.15101808964,183551.50684802778,1,0.9999871652923008
2015-07-09,81.624557,26.076935,0.005226946021861349,False,False,0.0,2.35582993814783,182269.3087192021,182271.66454914023,1,0.9999870751718652
2015-07-10,81.059059,26.559675,0.005226765054797144,False,False,0.0,2.35582993814783,181006.54009502335,181008.89592496149,1,0.9999869850046534
2015-07-13,80.84214,26.783159,0.005261864960692532,False,False,0.0,2.35582993814783,180522.1555221544,180524.51135209255,1,0.9999869500827312
2015-07-14,81.097755,27.063267,0.005283140061790552,False,False,0.0,2.35582993814783,181092.9490561182,181095.30488605634,1,0.9999869912147108
2015-07-15,81.407631,26.902361,0.0052833027862675885,False,False,0.0,2.35582993814783,181784.9085151897,181787.26434512783,1,0.9999870407316672
2015-07-16,81.37664,26.953016,0.005282370640124398,False,False,0.0,2.35582993814783,181715.70497701285,181718.060806951,1,0.9999870357963998
2015-07-17,81.384384,26.896397,0.0052795858839269245,False,False,0.0,2.35582993814783,181732.9974877302,181735.35331766834,1,0.9999870370299717
2015-07-20,81.22168,26.711651,0.00514511844063672,False,False,0.0,2.35582993814783,181369.67612102622,181372.03195096436,1,0.9999870110627708
2015-07-21,81.446335,26.717611,0.004816269102542038,False,False,0.0,2.35582993814783,181871.33534044854,181873.69117038668,1,0.9999870468899433
2015-07-22,81.54705,26.053093,0.0047583426098813135,False,False,0.0,2.35582993814783,182096.2339996554,182098.58982959355,1,0.9999870628875251
2015-07-23,81.88015,26.440485,0.004796028879659946,False,False,0.0,2.35582993814783,182840.053126715,182842.40895665315,1,0.9999871155168455
2015-07-24,81.957649,25.910063,0.004745546548385831,False,False,0.0,2.35582993814783,183013.10998209775,183015.4658120359,1,0.9999871277002319
2015-07-27,82.228767,25.719349,0.004599641859053299,False,False,0.0,2.35582993814783,183618.52203280368,183620.87786274182,1,0.9999871701411868
2015-07-28,81.996346,26.255722,0.003950089976757169,False,False,0.0,2.35582993814783,183099.5211762131,183101.87700615125,1,0.999987133775051
2015-07-29,81.88015,26.288511,0.0039059521691978843,False,False,0.0,2.35582993814783,182840.053126715,182842.40895665315,1,0.9999871155168455
2015-07-30,81.973129,26.392803,0.00367424554476153,False,False,0.0,2.35582993814783,183047.67713936846,183050.0329693066,1,0.9999871301310361
2015-07-31,82.453392,26.085875,0.003800932510231221,False,False,0.0,2.35582993814783,184120.1142616111,184122.47009154924,1,0.999987205092692
2015-08-03,82.704727,26.002436,0.0035542934402895245,False,False,0.0,2.35582993814783,184681.35046785406,184683.7062977922,1,0.9999872439751976
2015-08-04,82.278015,25.713387,0.0037464296484137167,False,False,0.0,2.35582993814783,183728.4938261673,183730.84965610545,1,0.9999871778204773
2015-08-05,81.959953,26.038195,0.0037469876132255595,False,False,0.0,2.35582993814783,183018.25486131944,183020.61069125758,1,0.9999871280620841
2015-08-06,82.247032,25.573338,0.0034607387978468533,False,False,0.0,2.35582993814783,183659.30815215444,183661.66398209258,1,0.9999871729903396
2015-08-07,82.572868,25.719349,0.003083279381338717,False,False,0.0,2.35582993814783,184386.90661833453,184389.26244827267,1,0.999987223605611
2015-08-10,82.231506,26.357044,0.0031888501351993127,False,False,0.0,2.35582993814783,183624.6382759409,183626.99410587904,1,0.9999871705685234
2015-08-11,82.774612,25.764042,0.0034039451555941233,False,False,0.0,2.35582993814783,184837.40510518386,184839.760935122,1,0.9999872547447247
2015-08-12,82.743546,25.913042,0.0033516876338410655,False,False,0.0,2.35582993814783,184768.03409046985,184770.389920408,1,0.9999872499595895
2015-08-13,82.526337,25.704449,0.0034306107091860404,False,False,0.0,2.35582993814783,184283.00194165722,184285.35777159536,1,0.9999872164019614
2015-08-14,82.440994,25.49288,0.003450365460446064,False,False,0.0,2.35582993814783,184092.4292735076,184094.78510344573,1,0.9999872031685373
2015-08-17,82.588394,25.710407,0.003401072880777949,False,False,0.0,2.35582993814783,184421.57649454806,184423.9323244862,1,0.9999872260074468
2015-08-18,82.456505,25.224688,0.003410734177461172,False,False,0.0,2.35582993814783,184127.0656544137,184129.42148435183,1,0.999987205575735
2015-08-19,82.960808,24.99822,0.00362379019233499,False,False,0.0,2.35582993814783,185253.18458936876,185255.5404193069,1,0.9999872833496218
2015-08-20,83.185783,24.059557,0.0035724104392174747,False,False,0.0,2.35582993814783,185755.55837534965,185757.9142052878,1,0.9999873177412213
2015-08-21,83.519424,23.401007,0.0036440615877284415,False,False,0.0,2.35582993814783,186500.58556649732,186502.94139643546,1,0.999987368403305
2015-08-24,83.659088,22.876545,0.003606545853480406,False,False,0.0,2.35582993814783,186812.4581409844,186814.81397092255,1,0.9999873894907579
2015-08-25,83.201302,22.650074,0.0037937669260452406,False,False,0.0,2.35582993814783,185790.2126204197,185792.56845035785,1,0.9999873201067309
2015-08-26,82.689262,23.779446,0.004074084030260842,False,False,0.0,2.35582993814783,184646.81680589073,184649.17263582887,1,0.9999872415895261
2015-08-27,82.642723,24.664469,0.004077663150396937,False,False,0.0,2.35582993814783,184542.8942650495,184545.25009498763,1,0.9999872344049119
2015-08-28,82.658173,24.807503,0.0038718314012853618,False,False,0.0,2.35582993814783,184577.39443170535,184579.7502616435,1,0.9999872367909546
2015-08-31,82.518532,24.738964,0.003828423154480699,False,False,0.0,2.35582993814783,184265.57321668963,184267.92904662777,1,0.9999872151928427
2015-09-01,82.889252,23.865862,0.003765000575696615,False,False,0.0,2.35582993814783,185093.39857479092,185095.75440472906,1,0.9999872723718287
2015-09-02,82.663879,24.435024,0.0037050672523000665,False,False,0.0,2.35582993814783,184590.1360466528,184592.49187659094,1,0.9999872376719433
2015-09-03,82.865929,24.625731,0.003666373372504125,False,False,0.0,2.35582993814783,185041.31783777376,185043.6736677119,1,0.9999872687896244
2015-09-04,83.122337,24.19961,0.00362684545599182,False,False,0.0,2.35582993814783,185613.88215699053,185616.23798692867,1,0.9999873080611713
2015-09-08,82.757133,25.272362,0.003644193500315452,False,False,0.0,2.35582993814783,184798.37413994255,184800.7299698807,1,0.9999872520528543
2015-09-09,82.78817,24.807503,0.003333700481008624,False,False,0.0,2.35582993814783,184867.68039706218,184870.03622700032,1,0.9999872568319549
2015-09-10,82.601723,24.917763,0.0033713521847607594,False,False,0.0,2.35582993814783,184451.34042473295,184453.6962546711,1,0.9999872280686917
2015-09-11,82.819313,24.932659,0.0033676878364706174,False,False,0.0,2.35582993814783,184937.22335435436,184939.5791842925,1,0.9999872616237772
2015-09-14,82.89698,24.989275,0.003359197201291775,False,False,0.0,2.35582993814783,185110.65535718034,185113.01118711848,1,0.9999872735583359
2015-09-15,82.244278,25.308123,0.0037998925079564213,False,False,0.0,2.35582993814783,183653.15841370975,183655.5142436479,1,0.9999871725608248
2015-09-16,82.220955,25.361761,0.0037859372347069284,False,False,0.0,2.35582993814783,183601.07767669263,183603.43350663077,1,0.9999871689222083
2015-09-17,82.90477,25.159128,0.004000919926589795,False,False,0.0,2.35582993814783,185128.0505868405,185130.40641677863,1,0.9999872747541383
2015-09-18,83.293289,24.721092,0.004094954403352971,False,False,0.0,2.35582993814783,185995.62147674162,185997.97730667976,1,0.9999873341099067
2015-09-21,82.819313,24.646585,0.004178194780308078,False,False,0.0,2.35582993814783,184937.22335435436,184939.5791842925,1,0.9999872616237772
2015-09-22,83.231148,24.10425,0.00432696898640362,False,False,0.0,2.35582993814783,185856.85935012918,185859.21518006732,1,0.999987324653578
2015-09-23,83.137863,23.925461,0.00415594796366358,False,False,0.0,2.35582993814783,185648.55203320403,185650.90786314217,1,0.9999873104313615
2015-09-24,83.262215,23.877783,0.003906379053488218,False,False,0.0,2.35582993814783,185926.23259786365,185928.5884278018,1,0.9999873293829741
2015-09-25,83.04464,24.009039,0.003958154112928155,False,False,0.0,2.35582993814783,185440.38316354968,185442.73899348782,1,0.9999872961866777
2015-09-28,83.518654,23.343781,0.004141240396317511,False,False,0.0,2.35582993814783,186498.86614071575,186501.2219706539,1,0.9999873682868495
2015-09-29,83.80616,23.499609,0.0041559965381501975,False,False,0.0,2.35582993814783,187140.87293130238,187143.22876124052,1,0.9999874116207478
2015-09-30,83.821671,24.410587,0.0040642590143427654,False,False,0.0,2.35582993814783,187175.50931220845,187177.8651421466,1,0.9999874139501679
2015-10-01,83.887085,24.119909,0.003990183547960044,False,False,0.0,2.35582993814783,187321.58011490278,187323.93594484092,1,0.9999874237644738
2015-10-02,84.291763,24.623337,0.004077833348390296,False,False,0.0,2.35582993814783,188225.23438299113,188227.59021292927,1,0.9999874841412172
2015-10-05,83.82486,25.102808,0.004281321524242242,False,False,0.0,2.35582993814783,187182.6304145687,187184.98624450684,1,0.9999874144289806
2015-10-06,83.996025,25.18371,0.004139276799749055,False,False,0.0,2.35582993814783,187564.84536768534,187567.20119762348,1,0.9999874400752206
2015-10-07,83.785904,25.516346,0.004202354378102983,False,False,0.0,2.35582993814783,187095.640868145,187097.99669808315,1,0.9999874085774315
2015-10-08,83.567986,25.684155,0.004215556974470307,False,False,0.0,2.35582993814783,186609.02550780104,186611.38133773918,1,0.9999873757435305
2015-10-09,83.614677,25.525341,0.004187914418170818,False,False,0.0,2.35582993814783,186713.28746775762,186715.64329769576,1,0.9999873827929115
2015-10-12,83.894859,25.525341,0.00423615253739095,False,False,0.0,2.35582993814783,187338.93961623497,187341.2954461731,1,0.9999874249298184
2015-10-13,83.972679,25.210684,0.0037336314093371166,False,False,0.0,2.35582993814783,187512.7132711968,187515.06910113493,1,0.9999874365833668
2015-10-14,84.431839,26.127659,0.0038452921319643233,False,False,0.0,2.35582993814783,188538.02696192235,188540.3827918605,1,0.999987504905298
2015-10-15,84.143913,26.373381,0.0036143591807335125,False,False,0.0,2.35582993814783,187895.08230272762,187897.43813266576,1,0.9999874621497687
2015-10-16,84.07386,26.433311,0.003507118764561023,False,False,0.0,2.35582993814783,187738.65251795456,187741.0083478927,1,0.9999874517029664
2015-10-19,84.034935,26.42432,0.0032042730233669964,False,False,0.0,2.35582993814783,187651.73219516626,187654.0880251044,1,0.9999874458906655
2015-10-20,83.747009,26.400349,0.0031702698955352934,False,False,0.0,2.35582993814783,187008.78753597153,187011.14336590967,1,0.9999874027296142
2015-10-21,84.034935,26.439301,0.0032251752667482206,False,False,0.0,2.35582993814783,187651.73219516626,187654.0880251044,1,0.9999874458906655
2015-10-22,84.120537,27.35627,0.003219480983753388,True,False,0.0,2.35582993814783,187842.88321562423,187845.23904556237,1,0.9999874586657074
2015-10-23,83.645805,27.688896,0.0034395305194831523,True,False,0.0,2.35582993814783,186782.79692974233,186785.15275968047,1,0.9999873874882274
2015-10-26,83.863701,27.191465,0.0032517298427637985,True,False,0.0,2.35582993814783,187269.36316363543,187271.71899357357,1,0.9999874202578435
2015-10-27,84.07386,26.954727,0.0032093376214651055,False,False,0.0,2.35582993814783,187738.65251795456,187741.0083478927,1,0.9999874517029664
2015-10-28,83.638,27.353283,0.0034255024139086972,True,False,0.0,2.35582993814783,186765.36820477477,186767.7240347129,1,0.9999873863112574
2015-10-29,83.124397,26.619104,0.0036731635089385967,False,False,0.0,2.35582993814783,185618.4821792113,185620.83800914945,1,0.9999873083757007
2015-10-30,83.287827,26.831867,0.003509695429265103,False,False,0.0,2.35582993814783,185983.42471879505,185985.7805487332,1,0.9999873332792906
2015-11-02,83.048515,27.068598,0.0033585514185903408,False,False,0.0,2.35582993814783,185449.0361179698,185451.39194790795,1,0.9999872967794234
2015-11-03,82.830353,27.209442,0.003337500820248162,True,False,0.0,2.35582993814783,184961.87590062496,184964.2317305631,1,0.9999872633215833
2015-11-04,82.744576,27.287355,0.0033117323649325355,True,False,0.0,2.35582993814783,184770.33410158023,184772.68993151837,1,0.9999872501182994
2015-11-05,82.690002,26.714998,0.0032789575398672203,False,False,0.0,2.35582993814783,184648.46924105746,184650.8250709956,1,0.9999872417037008
2015-11-06,82.128838,27.422203,0.003552911732683165,True,False,0.0,2.35582993814783,183395.37852770629,183397.73435764443,1,0.999987154530854
2015-11-09,81.988533,27.155506,0.0034122974497867156,True,False,0.0,2.35582993814783,183082.07458708156,183084.4304170197,1,0.9999871325489952
2015-11-10,82.144363,26.661051,0.0034501242676972734,False,False,0.0,2.35582993814783,183430.04617089932,183432.40200083746,1,0.999987156958572
2015-11-11,82.105385,26.682035,0.003093689435989331,False,False,0.0,2.35582993814783,183343.0074980247,183345.36332796284,1,0.9999871508616559
2015-11-12,82.152184,26.337418,0.0030851555702755733,False,False,0.0,2.35582993814783,183447.51062419484,183449.86645413298,1,0.9999871581812313
2015-11-13,82.463959,26.100687,0.003280738468648234,False,False,0.0,2.35582993814783,184143.71058918734,184146.06641912548,1,0.9999872067322211
2015-11-16,82.573097,26.421322,0.0033192382153810476,False,False,0.0,2.35582993814783,184387.41798002803,184389.77380996617,1,0.9999872236410433
2015-11-17,82.54969,26.598129,0.003265932500022152,False,False,0.0,2.35582993814783,184335.14966928924,184337.50549922738,1,0.9999872200183475
2015-11-18,82.510727,26.861832,0.0031180199841919637,False,False,0.0,2.35582993814783,184248.14449172208,184250.50032166022,1,0.9999872139834951
2015-11-19,82.690002,26.924759,0.0031659012262185765,False,False,0.0,2.35582993814783,184648.46924105746,184650.8250709956,1,0.9999872417037008
2015-11-20,82.580864,27.011662,0.0029616060827655933,False,False,0.0,2.35582993814783,184404.76185021678,184407.11768015492,1,0.9999872248426862
2015-11-23,82.690002,26.688026,0.00290103270943205,False,False,0.0,2.35582993814783,184648.46924105746,184650.8250709956,1,0.9999872417037008
2015-11-24,82.767937,27.002672,0.0028303391779815994,False,False,0.0,2.35582993814783,184822.49969337624,184824.85552331439,1,0.999987253716869
2015-11-25,82.81469,27.041626,0.0026444460436423,False,False,0.0,2.35582993814783,184926.90010060353,184929.25593054167,1,0.9999872609126864
2015-11-27,82.900444,27.158495,0.0023001943249595213,True,False,0.0,2.35582993814783,185118.39054017683,185120.74637011497,1,0.9999872740901042
2015-11-30,82.931625,27.452171,0.0022508002553728087,True,False,0.0,2.35582993814783,185188.01835224783,185190.37418218597,1,0.9999872788747874
2015-12-01,83.372673,27.877691,0.0024737525094880586,True,False,0.0,2.35582993814783,186172.88757575845,186175.2434056966,1,0.9999873461696891
2015-12-02,83.138481,27.745844,0.0024850364091223197,True,False,0.0,2.35582993814783,185649.9320398703,185652.28786980844,1,0.9999873105256867
2015-12-03,82.264206,27.578028,0.0034565852799884065,True,False,0.0,2.35582993814783,183697.65804614458,183700.01387608272,1,0.9999871756681535
2015-12-04,82.568634,28.054491,0.0035674517189191964,True,False,0.0,2.35582993814783,184377.4520095565,184379.80783949464,1,0.9999872229504644
2015-12-07,82.834045,27.826746,0.0032621481335183564,True,False,0.0,2.35582993814783,184970.12021229445,184972.4760422326,1,0.9999872638892632
2015-12-08,82.880882,27.590015,0.0032231292780895674,True,False,0.0,2.35582993814783,185074.70819324336,185077.0640231815,1,0.9999872710865035
2015-12-09,83.005768,27.230417,0.003215603923138419,True,False,0.0,2.35582993814783,185353.5811908476,185355.93702078573,1,0.9999872902374966
2015-12-10,82.826248,27.362268,0.003265005637900912,True,False,0.0,2.35582993814783,184952.70935149083,184955.06518142897,1,0.9999872626903414
2015-12-11,83.489731,26.849846,0.0036753653344223894,False,False,0.0,2.35582993814783,186434.2804889237,186436.63631886183,1,0.999987363910953
2015-12-14,82.873077,26.676041,0.004033315215829789,False,False,0.0,2.35582993814783,185057.27946827578,185059.63529821392,1,0.9999872698877076
2015-12-15,82.662323,27.077593,0.004071633828192748,True,False,0.0,2.35582993814783,184586.66146676178,184589.01729669992,1,0.9999872374317138
2015-12-16,82.443718,27.281359,0.0041160371954158045,True,False,0.0,2.35582993814783,184098.5120213374,184100.86785127554,1,0.9999872035913484
2015-12-17,82.787201,26.90678,0.004220746887251394,False,False,0.0,2.35582993814783,184865.516600202,184867.87243014015,1,0.9999872566828018
2015-12-18,83.083786,26.595131,0.00426730667288518,False,False,0.0,2.35582993814783,185527.7969838675,185530.15281380565,1,0.9999873021721677
2015-12-21,83.122894,27.050621,0.004251649316266937,True,False,0.0,2.35582993814783,185615.12594940653,185617.48177934467,1,0.999987308146218
2015-12-22,82.888718,27.092573,0.004301289573249009,True,False,0.0,2.35582993814783,185092.2061418463,185094.56197178445,1,0.9999872722898336
2015-12-23,82.701363,27.281359,0.004328665716056881,True,False,0.0,2.35582993814783,184673.8385869071,184676.19441684525,1,0.999987243456334
2015-12-24,82.853004,27.390371,0.0043472211134901965,True,False,0.0,2.35582993814783,185012.4560478691,185014.81187780725,1,0.9999872668035914
2015-12-28,82.868668,27.282263,0.00434096912195445,True,False,0.0,2.35582993814783,185047.434080911,185049.78991084915,1,0.9999872692104148
2015-12-29,82.430763,27.60058,0.004496429701458807,True,False,0.0,2.35582993814783,184069.58324081785,184071.939070756,1,0.9999872015802624
2015-12-30,82.462059,27.351332,0.0043039418918574286,True,False,0.0,2.35582993814783,184139.46785024583,184141.82368018397,1,0.9999872064374564
2015-12-31,82.555893,26.978958,0.004285183736881839,True,False,0.0,2.35582993814783,184349.00109542298,184351.35692536112,1,0.9999872209785844
2016-01-04,82.907707,26.666647,0.0036609992620850935,False,False,1.2714002840797815e-05,2.355842652150671,185134.60896803584,185136.964810688,1,0.9999872751362509
2016-01-05,82.88427,26.414398,0.0035791732312266352,False,False,1.2714071456051241e-05,2.355855366222127,185082.27366668222,185084.62952204843,1,0.9999872714694229
2016-01-06,83.384682,25.501486,0.0037547514732834933,False,False,1.2714140071674971e-05,2.3558680803621987,186199.7039188892,186202.05978696956,1,0.9999873477872206
2016-01-07,83.564484,24.786772,0.0037767034896025544,False,False,1.271420868766901e-05,2.3558807945708864,186601.20547002568,186603.56135082027,1,0.999987374941949
2016-01-08,83.775604,24.429417,0.0037990191085438382,False,False,1.2714277304033359e-05,2.3558935088481903,187072.64075704108,187074.99665054993,1,0.9999874066895575
2016-01-11,83.509735,24.513496,0.0038424143139934477,False,False,1.2714345920768013e-05,2.3559062231941112,186478.9498309162,186481.30573713937,1,0.9999873665287045
2016-01-12,83.885025,24.717703,0.0035483655465460566,False,False,1.2714414537872982e-05,2.355918937608649,187316.980092682,187319.3360116196,1,0.9999874229805221
2016-01-13,84.213455,23.930912,0.0031437675993992334,False,False,1.2714483155348267e-05,2.355931652091804,188050.37101402748,188052.72694567958,1,0.9999874719623035
2016-01-14,84.041435,24.423409,0.00311754036914465,False,False,1.2714551773193866e-05,2.3559443666435773,187666.24682838717,187668.6027727538,1,0.999987446251894
2016-01-15,84.432327,23.321306,0.0031158981589488074,False,False,1.2714620391409785e-05,2.3559570812639685,188539.1166759242,188541.47263300544,1,0.9999875043031735
2016-01-19,84.322891,23.36034,0.0030811575167586803,False,False,1.2714689009996024e-05,2.3559697959529786,188294.74384497583,188297.0998147718,1,0.9999874880186775
2016-01-20,84.737274,23.513493,0.003154737047675417,False,False,1.2714757628952585e-05,2.3559825107106076,189220.06957697324,189222.42555948396,1,0.9999875491369283
2016-01-21,84.526184,23.861845,0.0032484618341237234,False,False,1.2714826248279472e-05,2.355995225536856,188748.7012805727,188751.05727579826,1,0.9999875179760074
2016-01-22,84.338531,24.297274,0.003215569391002627,False,False,1.2714894867976685e-05,2.356007940431724,188329.66828552587,188332.0242934663,1,0.9999874901363734
2016-01-25,84.620041,23.960943,0.0031720338820178068,False,False,1.2714963488044226e-05,2.356020655395212,188958.28588522127,188960.64190587666,1,0.9999875316857963
2016-01-26,84.682549,24.183165,0.0031690250669390275,False,False,1.2715032108482098e-05,2.3560333704273204,189097.86753035558,189100.223563726,1,0.9999875408218667
2016-01-27,84.745087,23.906881,0.0031631623993442193,False,False,1.2715100729290304e-05,2.3560460855280496,189237.51616610476,189239.8722121903,1,0.9999875499488665
2016-01-28,84.854546,23.852837,0.002779395328097268,False,False,1.271516935046884e-05,2.3560588006974,189481.94035652452,189484.29641532523,1,0.9999875659416358
2016-01-29,85.308022,24.933912,0.0028970808456197567,False,False,1.2715237972017716e-05,2.356071515935372,190494.5615587535,190496.91763026945,1,0.9999876319704001
2016-02-01,85.111496,25.045027,0.0030312921012639487,False,False,1.2715306593936927e-05,2.3560842312419656,190055.71497284985,190058.07105708108,1,0.9999876033455558
2016-02-02,85.714417,24.219206,0.003223116169445424,False,False,1.2715375216226485e-05,2.356096946617182,191402.04992303267,191404.40601997927,1,0.9999876904769561
2016-02-03,85.62043,24.276262,0.003254009542489316,False,False,1.271544383888638e-05,2.3561096620610207,191192.17502571968,191194.53113538175,1,0.9999876768982456
2016-02-04,85.824028,24.696678,0.003092977681913236,False,False,1.2715512461916622e-05,2.3561223775734828,191646.81353256773,191649.1696549453,1,0.9999877060652973
2016-02-05,85.933655,23.849829,0.0030885628880712177,False,False,1.271558108531721e-05,2.356135093154568,191891.61287043072,191893.96900552386,1,0.99998772168242
2016-02-08,86.575699,23.249235,0.0033663936960627748,False,False,1.2715649709088148e-05,2.3561478088042773,193325.31028146,193327.6664292688,1,0.9999878126713454
2016-02-09,86.591347,23.117098,0.0031924215520260295,False,False,1.2715718333229435e-05,2.3561605245226107,193360.25258617397,193362.6087466985,1,0.9999878148079414
2016-02-10,86.84977,22.936922,0.0031435064893655003,False,False,1.2715786957741076e-05,2.3561732403095683,193937.3164416892,193939.67261492953,1,0.9999878509991867
2016-02-11,87.249046,22.759747,0.0031717356433762353,False,False,1.271585558262307e-05,2.356185956165151,194828.90793306072,194831.26411901688,1,0.9999879065304698
2016-02-12,86.583572,23.258242,0.0037266989309255698,False,False,1.271592420787542e-05,2.356198672089359,193342.89085182128,193345.24705049337,1,0.9999878135164529
2016-02-16,86.325134,24.075062,0.003777398480774131,False,False,1.271599283349813e-05,2.356211388082192,192765.7935009986,192768.1497123867,1,0.9999877769673486
2016-02-17,86.113731,24.648628,0.0038246407437498237,False,False,1.27160614594912e-05,2.3562241041436516,192293.72626918298,192296.08249328713,1,0.9999877468949258
2016-02-18,86.513046,24.531519,0.00381049144322245,False,False,1.271613008585463e-05,2.3562368202737374,193185.40484835382,193187.7610851741,1,0.9999878033846086
2016-02-19,86.513046,24.639624,0.0037287781606539275,False,False,1.2716198712588425e-05,2.35624953647245,193185.40484835382,193187.7610978903,1,0.9999878033187865
2016-02-22,86.42691,25.027014,0.0036799602430329413,False,False,1.271626733969259e-05,2.3562622527397896,192993.06139495125,192995.417657204,1,0.999987791097419
2016-02-23,86.599167,24.633615,0.0036516109382920357,False,False,1.2716335967167122e-05,2.356274969075757,193377.71480644896,193380.07108141805,1,0.9999878153164599
2016-02-24,86.599167,24.960945,0.0036597786488984816,False,False,1.2716404595012024e-05,2.356287685480352,193377.71480644896,193380.07109413444,1,0.9999878152507021
2016-02-25,86.857567,25.264246,0.003681750836433422,False,False,1.2716473223227299e-05,2.3563004019535754,193954.72730249283,193957.0836028948,1,0.9999878514341514
2016-02-26,86.434769,25.426403,0.0039268564359306425,False,False,1.2716541851812949e-05,2.3563131184954274,193010.61070302557,193012.96701614407,1,0.9999877919439563
2016-02-29,86.575699,25.366344,0.0037931622235927117,False,False,1.2716610480768976e-05,2.356325835105908,193325.31028146,193327.6666072951,1,0.9999878117505039
2016-03-01,85.89904,26.051027,0.0042068820284706645,False,False,1.2716679110095378e-05,2.356338551785018,191814.3168659781,191816.67320452988,1,0.9999877156739692
2016-03-02,85.750023,26.213198,0.003931510254552643,True,False,1.2716747739792162e-05,2.356351268532758,191481.55885079634,191483.91520206488,1,0.999987694260032
2016-03-03,85.851967,26.243227,0.003930519455394304,True,False,1.271681636985933e-05,2.3563639853491276,191709.2018921922,191711.55825617755,1,0.9999877088058395
2016-03-04,85.561836,26.5135,0.00396859702221374,True,False,1.271688500029688e-05,2.3563767022341278,191061.33342280486,191063.6897995071,1,0.9999876670616761
2016-03-07,85.389359,26.633614,0.003974504645081424,True,False,1.2716953631104818e-05,2.356389419187759,190676.18874679809,190678.54513621726,1,0.9999876420841292
2016-03-08,85.883301,26.030008,0.003816814089030636,False,False,1.2717022262283146e-05,2.356402136210021,191779.17135639902,191781.52775853523,1,0.9999877130912255
2016-03-09,85.546143,26.213198,0.003893875665299772,True,False,1.2717090893831863e-05,2.356414853300915,191026.2906321686,191028.6470470219,1,0.9999876645995784
2016-03-10,85.240349,26.34532,0.0038519078303107025,True,False,1.2717159525750972e-05,2.3564275704604407,190343.4463627598,190345.80279033026,1,0.9999876202808997
2016-03-11,84.997269,26.846827,0.0036442652683702247,True,False,1.2717228158040475e-05,2.356440287688599,189800.64374070743,189803.00018099512,1,0.9999875848101165
2016-03-14,85.060013,26.783764,0.003345702978377695,True,False,1.2717296790700376e-05,2.3564530049853896,189940.75237867868,189943.10883168367,1,0.9999875939010398
2016-03-15,85.044357,26.714695,0.00331158624549747,True,False,1.2717365423730677e-05,2.3564657223508134,189905.79220980074,189908.1486755231,1,0.9999875915502374
2016-03-16,85.491302,26.954937,0.0035419988900606053,True,False,1.2717434057131375e-05,2.3564784397848704,190903.82955517346,190906.18603361325,1,0.9999876563536848
2016-03-17,85.585403,27.141117,0.003363869665340684,True,False,1.2717502690902478e-05,2.3564911572875613,191113.95901682292,191116.3155079802,1,0.9999876698587924
2016-03-18,85.734375,27.49848,0.0034008117406556077,True,False,1.2717571325043985e-05,2.3565038748588862,191446.61654608237,191448.97304995722,1,0.9999876912169477
2016-03-21,85.491302,27.534517,0.0034410639032612603,True,False,1.2717639959555896e-05,2.3565165924988456,190903.82955517346,190906.18607176596,1,0.9999876561538367
2016-03-22,85.310928,27.528503,0.003404068401141196,True,False,1.2717708594438217e-05,2.35652931020744,190501.05071631353,190503.40724562373,1,0.9999876299886481
2016-03-23,85.703003,27.168865,0.0036056390932964343,True,False,1.2717777229690947e-05,2.3565420279846694,191376.56222709673,191378.91876912472,1,0.9999876865119568
2016-03-24,85.61673,27.150795,0.0035109441576397075,True,False,1.271784586531409e-05,2.3565547458305347,191183.91284988626,191186.2694046321,1,0.9999876740377163
2016-03-28,85.742188,27.135735,0.0034001341126617198,True,False,1.271791450130765e-05,2.3565674637450362,191464.0631352139,191466.41970267764,1,0.9999876920064238
2016-03-29,86.322395,27.50923,0.0037366798651136375,True,False,1.2717983137671625e-05,2.356580181728174,192759.67725786136,192762.03383804308,1,0.9999877746663345
2016-03-30,86.204826,27.750198,0.0032877798144376716,True,False,1.271805177440602e-05,2.3565928997799483,192497.14327122289,192499.49986412266,1,0.999987757927156
2016-03-31,86.518433,27.596579,0.003341952384087842,True,False,1.2718120411510834e-05,2.35660561790036,193197.43412976322,193199.79073538113,1,0.9999878022351425
2016-04-01,86.493385,27.786339,0.0033410171452490406,True,False,1.271818904898607e-05,2.356618336089409,193141.5014323913,193143.85805072737,1,0.9999877986369338
2016-04-04,86.595451,27.53936,0.003224721916944803,True,False,1.2718257686831733e-05,2.356631054347096,193369.4169022876,193371.77353334194,1,0.9999878129521632
2016-04-05,86.940926,27.385736,0.003247309651360244,True,False,1.271832632504782e-05,2.356643772673421,194140.86965797935,194143.22630175203,1,0.9999878613134355
2016-04-06,86.752495,27.647793,0.0031029473749012186,True,False,1.2718394963634338e-05,2.3566564910683843,193720.09937298694,193722.456029478,1,0.9999878348822364
2016-04-07,87.200104,27.226101,0.0030837816792895806,True,False,1.2718463602591283e-05,2.356669209531987,194719.61944396867,194721.97611317819,1,0.9999878972612308
2016-04-08,87.066589,27.352608,0.0029564891827786547,True,False,1.2718532241918664e-05,2.356681928064229,194421.47771250855,194423.83439443662,1,0.9999878786367145
2016-04-11,87.050903,27.346575,0.0028277105565497943,True,False,1.2718600881616476e-05,2.356694646665111,194386.45055301578,194388.80724766245,1,0.999987876387123
2016-04-12,86.70536,27.307419,0.0030551349241774153,True,False,1.2718669521684728e-05,2.3567073653346324,193614.84595193033,193617.20265929567,1,0.9999878280063291
2016-04-13,86.768196,27.918877,0.0030439949694304486,True,False,1.2718738162123415e-05,2.3567200840727947,193755.1600277872,193757.51674787127,1,0.9999878367553238
2016-04-14,86.564003,27.705013,0.0029601609025705442,True,False,1.2718806802932545e-05,2.3567328028795975,193299.19287374432,193301.5496065472,1,0.9999878079983959
2016-04-15,86.823158,27.467062,0.0030059600701623597,True,False,1.2718875444112116e-05,2.3567455217550415,193877.8913002623,193880.24804578404,1,0.9999878443237746
2016-04-18,86.736801,27.470078,0.0030192198524615858,True,False,1.271894408566213e-05,2.356758240699127,193685.05434933017,193687.41110757086,1,0.999987832155806
2016-04-19,86.595451,27.135735,0.002958658253001446,True,False,1.2719012727582593e-05,2.3567709597118545,193369.4169022876,193371.7736732473,1,0.9999878122286674
2016-04-20,86.155655,27.394772,0.0031719459630747153,True,False,1.2719081369873504e-05,2.3567836787932244,192387.3434204374,192389.70020411618,1,0.9999877499487951
2016-04-21,86.01429,27.232117,0.0030524546079610153,True,False,1.2719150012534863e-05,2.3567963979432367,192071.67247808742,192074.02927448537,1,0.9999877297497906
2016-04-22,85.920059,27.280312,0.0030543419802731733,True,False,1.2719218655566677e-05,2.3568091171618923,191861.25272377353,191863.6095328907,1,0.9999877162265273
2016-04-25,85.825836,27.117666,0.003051218659003583,True,False,1.2719287298968945e-05,2.3568218364491913,191650.8508336236,191653.20765546005,1,0.999987702674715
2016-04-26,85.645172,27.479107,0.0026436843966329885,True,False,1.2719355942741669e-05,2.356834555805134,191247.42441881998,191249.78125337578,1,0.9999876766679661
2016-04-27,86.116379,27.759226,0.002938747284894522,True,False,1.2719424586884853e-05,2.356847275229721,192299.63930745513,192301.99615473035,1,0.9999877440311471
2016-04-28,86.41481,27.033325,0.0029276413566905104,True,False,1.2719493231398496e-05,2.3568599947229525,192966.04184695537,192968.3987069501,1,0.9999877862903432
2016-04-29,86.383362,26.319466,0.0029279959184868496,True,False,1.2719561876282604e-05,2.3568727142848287,192895.8178184121,192898.1746911264,1,0.9999877817780387
2016-05-02,86.132538,26.518255,0.002978866010741716,True,False,1.2719630521537172e-05,2.3568854339153504,192335.72268564234,192338.07957107626,1,0.9999877461320235
2016-05-03,86.643761,26.217051,0.0031507426387750817,True,False,1.271969916716221e-05,2.3568981536145177,193477.29412242645,193479.65102058006,1,0.9999878183667317
2016-05-04,86.801025,25.918858,0.003143646987945747,False,False,1.2719767813157717e-05,2.356910873382331,193828.4678576348,193830.82476850817,1,0.9999878403712299
2016-05-05,87.036942,25.982109,0.002977902744190313,True,False,1.2719836459523693e-05,2.3569235932187906,194355.27535387772,194357.63227747093,1,0.99998787326453
2016-05-06,86.832474,26.018255,0.003004267995412088,True,False,1.2719905106260143e-05,2.3569363131238967,193898.6941191986,193901.05105551172,1,0.9999878446439547
2016-05-09,86.997643,25.985119,0.003038433853940828,True,False,1.2719973753367063e-05,2.35694903309765,194267.51988142406,194269.87683045716,1,0.9999878676556986
2016-05-10,86.98188,26.292349,0.002894049821327364,True,False,1.2720042400844463e-05,2.356961753140051,194232.32077935312,194234.67774110625,1,0.9999878653915947
2016-05-11,87.115585,26.229101,0.002908047300673056,True,False,1.272011104869234e-05,2.3569744732510998,194530.88678470734,194533.2437591806,1,0.9999878839501789
2016-05-12,86.879631,25.75922,0.0029255571771891965,False,False,1.2720179696910699e-05,2.356987193430797,194003.9966667061,194006.35365389954,1,0.9999878509793673
2016-05-13,87.209969,25.852596,0.002971437457461276,False,False,1.272024834549954e-05,2.356999913679142,194741.64819115706,194744.00519107073,1,0.999987896932122
2016-05-16,86.895401,26.268263,0.003083469633864254,True,False,1.2720316994458865e-05,2.3570126339961366,194039.21139992055,194041.56841255454,1,0.9999878530530686
2016-05-17,86.777397,26.096569,0.0030760630849030984,True,False,1.2720385643788676e-05,2.3570253543817805,193775.7060493665,193778.06307472088,1,0.9999878364696345
2016-05-18,86.077477,26.503199,0.0033998374640561496,True,False,1.2720454293488977e-05,2.357038074836074,192212.7703441382,192215.12738221305,1,0.9999877374996081
2016-05-19,86.163963,26.355606,0.0033858909717032998,True,False,1.2720522943559766e-05,2.3570507953590174,192405.89535471422,192408.2524055096,1,0.9999877497416774
2016-05-20,86.219025,27.153807,0.003376196597971567,True,False,1.2720591594001048e-05,2.3570635159506113,192528.84992923887,192531.20699275483,1,0.9999877574988867
2016-05-23,86.274086,27.343563,0.0033640944508346302,True,False,1.2720660244812824e-05,2.357076236610856,192651.802270743,192654.1593469796,1,0.9999877652460524
2016-05-24,86.132538,28.00321,0.0033484339816185413,True,False,1.2720728895995097e-05,2.357088957339752,192335.72268564234,192338.07977459967,1,0.9999877450738819
2016-05-25,86.093193,28.168871,0.003118186067353626,True,False,1.272079754754787e-05,2.3571016781372993,192247.86449424588,192250.22159592403,1,0.9999877394072236
2016-05-26,86.360611,28.262243,0.0030981575804093207,True,False,1.272086619947114e-05,2.357114399003499,192845.01436911838,192847.37148351737,1,0.9999877773060588
2016-05-27,86.195412,28.439959,0.0031261982810969276,True,False,1.2720934851764916e-05,2.3571271199383506,192476.12161627805,192478.47874339798,1,0.9999877538146845
2016-05-31,86.297661,28.605631,0.003066740023689303,True,False,1.2721003504429197e-05,2.357139840941855,192704.44572892503,192706.80286876598,1,0.999987768258277
2016-06-01,86.268524,28.756231,0.00274368808131245,True,False,1.272107215746398e-05,2.3571525620140124,192639.3822107469,192641.7393633089,1,0.9999877640610504
2016-06-02,86.536362,28.762249,0.0028081189275214182,True,False,1.2721140810869274e-05,2.3571652831548233,193237.46995422748,193239.82711951062,1,0.9999878018661149
2016-06-03,87.339676,28.846584,0.0034618357030834156,True,False,1.272120946464508e-05,2.357178004364288,195031.2865805702,195033.64375857456,1,0.999987913992894
2016-06-06,87.111282,28.780325,0.003472563210472359,True,False,1.2721278118791398e-05,2.3571907256424067,194521.2780975151,194523.63528824077,1,0.9999878822400057
2016-06-07,87.23732,29.054411,0.003462047194004216,True,False,1.272134677330823e-05,2.35720344698918,194802.72353473018,194805.08073817717,1,0.9999878996818868
2016-06-08,87.339676,29.042372,0.003468715340706264,True,False,1.2721415428195576e-05,2.3572161684046082,195031.2865805702,195033.6437967386,1,0.9999879137972172
2016-06-09,87.47361,29.075504,0.003468641343493054,True,False,1.2721484083453445e-05,2.3572288898886917,195330.3639476179,195332.7211765078,1,0.9999879322374885
2016-06-10,87.780762,28.599596,0.0034720369055426656,True,False,1.272155273908183e-05,2.357241611441431,196016.2406588596,196018.59790047104,1,0.9999879743981608
2016-06-13,87.954041,28.452015,0.0034046977229426553,True,False,1.2721621395080742e-05,2.357254333062826,196403.17621730382,196405.53347163688,1,0.9999879980248448
2016-06-14,87.930412,28.442976,0.003275593779431317,True,False,1.2721690051450174e-05,2.3572670547528776,196350.41217601506,196352.76944306982,1,0.9999879947348772
2016-06-15,88.198219,28.439959,0.003285408090862092,True,False,1.2721758708190135e-05,2.357279776511586,196948.43069586027,196950.78797563678,1,0.9999880311228976
2016-06-16,88.292702,28.436947,0.0025293206463728323,True,False,1.2721827365300622e-05,2.357292498338951,197159.41317133905,197161.7704638374,1,0.9999880438662485
2016-06-17,87.993401,28.195978,0.00273655172627416,True,False,1.2721896022781644e-05,2.357305220234974,196491.0679040077,196493.42520922795,1,0.9999880031343658
2016-06-20,87.615387,28.509233,0.002987493812882241,True,False,1.2721964680633195e-05,2.357317942199655,195646.95489441208,195649.31221235427,1,0.9999879513098434
2016-06-21,87.418449,28.599581,0.0030647157542041214,True,False,1.2722033338855281e-05,2.3573306642329936,195207.1883040642,195209.54563472845,1,0.9999879241014747
2016-06-22,87.591774,28.572388,0.003028411888939415,True,False,1.2722101997447903e-05,2.3573433863349913,195594.22658145122,195596.58392483756,1,0.9999879479317121
2016-06-23,87.174324,29.285486,0.0032702206172414558,True,False,1.2722170656411067e-05,2.357356108505648,194662.05217559403,194664.40953170252,1,0.9999878901535512
2016-06-24,88.379349,27.696123,0.004371780703590259,True,False,1.2722239315744768e-05,2.3573688307449636,197352.89769821486,197355.2550670456,1,0.9999880552011147
2016-06-27,89.143372,26.572083,0.0046095595618650086,True,False,1.2722307975449011e-05,2.357381553052939,199058.97671626785,199061.3340978209,1,0.9999881575115342
2016-06-28,89.127586,27.26705,0.004627311387575544,True,False,1.2722376635523802e-05,2.357394275429575,199023.72625472545,199026.08364900088,1,0.999988155350132
2016-06-29,88.765305,27.816984,0.004782966999731277,True,False,1.2722445295969136e-05,2.357406997874871,198214.74535658595,198217.10276358383,1,0.999988106944532
2016-06-30,88.962196,28.294405,0.004770756382559705,True,False,1.272251395678502e-05,2.3574197203888274,198654.4069949705,198656.76441469087,1,0.9999881332018704
2016-07-01,89.197227,28.061741,0.004413471072597103,True,False,1.272258261797145e-05,2.3574324429714455,199179.23603505437,199181.59346749735,1,0.9999881644061485
2016-07-05,89.686256,27.548061,0.0044298496464166,True,False,1.2722651279528439e-05,2.357445165622725,200271.24781496078,200273.6052601264,1,0.9999882288773771
2016-07-06,89.701996,27.584322,0.00443910926961664,True,False,1.2722719941455979e-05,2.3574578883426667,200306.39555756035,200308.7530154487,1,0.9999882308793158
2016-07-07,89.583717,27.919722,0.004480405364886145,True,False,1.2722788603754075e-05,2.35747061113127,200042.27612637007,200044.6335969812,1,0.9999882152769172
2016-07-08,89.757278,28.696283,0.004482562024669504,True,False,1.272285726642273e-05,2.3574833339885366,200429.841396594,200432.198879928,1,0.9999882380009442
2016-07-11,89.283981,29.019585,0.004680498021663915,True,False,1.2722925929461945e-05,2.357496056914466,199372.95949512318,199375.3169911801,1,0.9999881755871666
2016-07-12,88.755547,29.397293,0.004909089917979871,True,False,1.2722994592871723e-05,2.357508779909059,198192.95554259061,198195.31305137053,1,0.9999881051234581
2016-07-13,88.984268,29.433554,0.004928185682204223,True,False,1.2723063256652066e-05,2.3575215029723156,198703.69422334773,198706.0517448507,1,0.999988135633101
2016-07-14,88.613609,29.648088,0.005003272297183045,True,False,1.2723131920802976e-05,2.3575342261042365,197876.00507949668,197878.3626137228,1,0.9999880859423184
2016-07-15,88.274467,29.639021,0.005079789862306521,True,False,1.2723200585324453e-05,2.357546949304822,197118.6940426031,197121.0515895524,1,0.9999880401056596
2016-07-18,88.250763,30.074131,0.005017855028108171,True,False,1.2723269250216501e-05,2.357559672574072,197065.76252477718,197068.12008444977,1,0.9999880368287292
2016-07-19,88.487381,29.971399,0.004934071370256543,True,False,1.272333791547912e-05,2.357572395911988,197594.13536838748,197596.49294078338,1,0.9999880687538487
2016-07-20,88.305984,30.445782,0.0049284626480132,True,False,1.2723406581112317e-05,2.357585119318569,197189.07214956058,197191.4297346799,1,0.9999880441806093
2016-07-21,88.503181,30.231266,0.004932715324551546,True,False,1.272347524711609e-05,2.3575978427938162,197629.41709221675,197631.77469005954,1,0.9999880707550874
2016-07-22,88.432205,30.382353,0.0047860476063955265,True,False,1.272354391349044e-05,2.35761056633773,197470.92622952635,197473.28384009268,1,0.9999880611163167
2016-07-25,88.361198,30.557575,0.0036824804435670157,True,False,1.2723612580235371e-05,2.3576232899503102,197312.36614320055,197314.7237664905,1,0.9999880514578692
2016-07-26,88.416397,31.742064,0.0030830627373494316,True,False,1.2723681247350883e-05,2.3576360136315575,197435.62664153308,197437.9842775467,1,0.9999880588528988
2016-07-27,88.795021,31.739037,0.0032564306574979734,True,False,1.272374991483698e-05,2.3576487373814725,198281.10179363098,198283.45944236836,1,0.9999881097054489
2016-07-28,88.8423,31.563784,0.0031274457285422903,True,False,1.2723818582693664e-05,2.3576614612000553,198386.67676963893,198389.03443110012,1,0.9999881159688692
2016-07-29,89.18145,31.424799,0.0032050973681557824,True,False,1.2723887250920934e-05,2.357674185087306,199144.00567069647,199146.36334488157,1,0.999988161098473
2016-08-01,88.871864,31.448957,0.003243997993353656,True,False,1.2723955919518799e-05,2.3576869090432258,198452.69378756866,198455.0514744777,1,0.9999881197939205
2016-08-02,88.658607,30.965517,0.0029899084540923786,True,False,1.2724024588487254e-05,2.3576996330678144,197976.48653575435,197978.84423538743,1,0.9999880911536675
2016-08-03,88.705956,31.004807,0.0029957199256082567,True,False,1.2724093257826302e-05,2.357712357161072,198082.217823197,198084.57553555415,1,0.9999880974459986
2016-08-04,88.919243,31.294865,0.0030608000381587273,True,False,1.2724161927535945e-05,2.3577250813229997,198558.49206562617,198560.8497907075,1,0.9999881259317543
2016-08-05,88.366409,31.693714,0.0032745242591429315,True,False,1.2724230597616191e-05,2.3577378055535974,197324.00241300275,197326.3601508083,1,0.9999880515821417
2016-08-08,88.318985,31.657461,0.0030979913318543526,True,False,1.2724299268067036e-05,2.3577505298528654,197218.10364902293,197220.4613995528,1,0.9999880451018462
2016-08-09,88.634895,31.914295,0.002952931361606718,True,False,1.2724367938888481e-05,2.3577632542208042,197923.53715376442,197925.89491701865,1,0.9999880876463627
2016-08-10,88.871864,31.696747,0.002957540990878749,True,False,1.2724436610080532e-05,2.3577759786574144,198452.69378756866,198455.0515635473,1,0.9999881193451108
2016-08-11,88.445343,31.8176,0.0030071303608045726,True,False,1.272450528164319e-05,2.357788703162696,197500.26365279654,197502.6214414997,1,0.9999880619878058
2016-08-12,88.761276,31.96567,0.002977925229932971,True,False,1.2724573953576456e-05,2.3578014277366495,198205.74851700946,198208.1063184372,1,0.999988104414741
2016-08-15,88.500694,32.40078,0.0030623094933125467,True,False,1.2724642625880332e-05,2.3578141523792753,197623.8635702444,197626.22138439678,1,0.9999880693253362
2016-08-16,88.350571,32.174164,0.003027678653060913,True,False,1.2724711298554821e-05,2.3578268770905737,197288.6358343946,197290.9936612717,1,0.9999880489887889
2016-08-17,88.492714,32.168106,0.003012602846351774,True,False,1.2724779971599925e-05,2.357839601870545,197606.0440666901,197608.40190629198,1,0.9999880681206916
2016-08-18,88.650703,32.40078,0.002997632570279937,True,False,1.2724848645015642e-05,2.35785232671919,197958.8367417577,197961.1945940844,1,0.9999880893205785
2016-08-19,88.350571,32.678757,0.0030922954094217774,True,False,1.272491731880198e-05,2.357865051636509,197288.6358343946,197290.99369944623,1,0.9999880487952977
2016-08-22,88.548019,32.693863,0.0031274773991871,True,False,1.2724985992958941e-05,2.357877776622502,197729.54126519515,197731.89914297176,1,0.9999880753799117
2016-08-23,88.540123,32.854023,0.0031253159676387474,True,False,1.2725054667486522e-05,2.3578905016771694,197711.90933536246,197714.26722586414,1,0.9999880742521278
2016-08-24,88.508553,32.582073,0.0029649490643785933,True,False,1.2725123342384725e-05,2.357903226800512,197641.41287831875,197643.77078154555,1,0.9999880699340158
2016-08-25,88.366409,32.715023,0.002977169821599007,True,False,1.2725192017653559e-05,2.3579159519925295,197324.00241300275,197326.36032895473,1,0.9999880506793515
2016-08-26,88.026741,32.860065,0.002917030651410927,True,False,1.2725260693293017e-05,2.3579286772532226,196565.51680732853,196567.8747360058,1,0.999988004506431
2016-08-29,88.39003,32.98999,0.0030223413066885435,True,False,1.2725329369303108e-05,2.357941402582592,197376.74859012754,197379.10653153012,1,0.999988053743661
2016-08-30,88.382133,32.926537,0.002980484175192643,True,False,1.2725398045683834e-05,2.3579541279806375,197359.11442727438,197361.47238140236,1,0.9999880526117914
2016-08-31,88.27948,32.905376,0.002983942835425058,True,False,1.2725466722435187e-05,2.35796685344736,197129.8881743472,197132.24614120065,1,0.9999880386547629
2016-09-01,88.417908,33.165249,0.002950689953593972,True,False,1.2725535399557186e-05,2.35797957898276,197439.00073550182,197441.3587150808,1,0.9999880573168949
2016-09-02,88.188568,33.132004,0.002662307189928377,True,False,1.2725604077049817e-05,2.357992304586837,196926.87981505797,196929.23780736254,1,0.9999880261949377
2016-09-06,88.599808,33.056465,0.002862874177104568,True,False,1.272567275491309e-05,2.358005030259592,197845.18716363792,197847.54516866818,1,0.999988081706911
2016-09-07,88.647301,32.805672,0.0027507538253829632,True,False,1.2725741433147007e-05,2.358017756001025,197951.24000603193,197953.59802378793,1,0.9999880880278028
2016-09-08,88.212242,32.748257,0.00288433400458623,True,False,1.2725810111751567e-05,2.358030481811137,196979.74434226903,196982.10237275084,1,0.9999880292145661
2016-09-09,87.793068,31.584944,0.002880493823404347,True,False,1.2725878790726772e-05,2.358043207689928,196043.72020907758,196046.07825228528,1,0.9999879719950089
2016-09-12,87.872139,32.174164,0.002747396556593917,True,False,1.2725947470072628e-05,2.358055933637398,196220.28737267927,196222.64542861292,1,0.9999879827533235
2016-09-13,87.547882,31.89012,0.002787643293720162,True,False,1.2726016149789134e-05,2.3580686596535476,195496.2148458616,195498.57291452124,1,0.9999879381796783
2016-09-14,87.745605,32.171127,0.0028409880108706794,True,False,1.2726084829876291e-05,2.3580813857383776,195937.7343572984,195940.09243868414,1,0.999987965294104
2016-09-15,87.769348,32.914455,0.00280820203771192,True,False,1.2726153510334103e-05,2.358094111891888,195990.75296292367,195993.11105703557,1,0.9999879684847126
2016-09-16,87.864235,32.923504,0.00278357791420432,True,False,1.2726222191162572e-05,2.3581068381140793,196202.63757868262,196204.99568552073,1,0.9999879814128593
2016-09-19,87.713951,32.962811,0.002714512116742108,True,False,1.27262908723617e-05,2.3581195644049515,195867.05032653303,195869.40844609743,1,0.9999879607561839
2016-09-20,87.848412,32.814735,0.002683623034285177,True,False,1.2726359553931485e-05,2.3581322907645053,196167.30449538192,196169.6626276727,1,0.9999879791183857
2016-09-21,87.990784,33.267982,0.002720859282061554,True,False,1.2726428235871934e-05,2.358145017192741,196485.22408937092,196487.58223438813,1,0.9999879985035676
2016-09-22,88.251778,33.376755,0.0028174079969075,True,False,1.2726496918183047e-05,2.358157743689659,197068.02904058015,197070.38719832385,1,0.9999880339315449
2016-09-23,88.291313,33.03532,0.002798694418849925,True,False,1.2726565600864829e-05,2.35817047025526,197156.31150587075,197158.669676341,1,0.9999880392250865
2016-09-26,88.544441,32.70974,0.002719343015486775,True,False,1.272663428391728e-05,2.3581831968895437,197721.5515178622,197723.90970105908,1,0.9999880733533923
2016-09-27,88.694695,33.274117,0.0025908884699943555,True,False,1.2726702967340396e-05,2.358195923592511,198057.07177939685,198059.42997532044,1,0.9999880934933324
2016-09-28,88.655167,33.340866,0.0025940049064048227,True,False,1.2726771651134188e-05,2.3582086503641624,197968.80494524975,197971.16315390012,1,0.9999880881204474
2016-09-29,88.710564,33.7505,0.0025769956555978554,True,False,1.2726840335298656e-05,2.3582213772044978,198092.50758164038,198094.8658030176,1,0.9999880954947133
2016-09-30,88.48912,34.284527,0.002627017328098596,True,False,1.2726909019833798e-05,2.3582341041135177,197598.0185910292,197600.3768251333,1,0.9999880656396409
2016-10-03,88.283173,34.053928,0.002613547816388338,True,False,1.2726977704739622e-05,2.3582468310912224,197138.13471903716,197140.49296586824,1,0.9999880377349392
2016-10-04,87.87928,33.965942,0.002574038074614512,True,False,1.2727046390016123e-05,2.3582595581376125,196236.2333720378,196238.59163159592,1,0.9999879826921987
2016-10-05,87.681267,34.214737,0.002595744263129212,True,False,1.2727115075663308e-05,2.358272285252688,195794.0662846573,195796.42455694257,1,0.99998795548851
2016-10-06,87.499077,34.415024,0.002415411706105706,True,False,1.2727183761681175e-05,2.3582850124364496,195387.23228057747,195389.5905655899,1,0.9999879303446739
2016-10-07,87.625816,34.363445,0.002216799688329866,True,False,1.2727252448069729e-05,2.3582977396888976,195670.2430651599,195672.60136289962,1,0.9999879477365595
2016-10-10,87.396111,34.190464,0.002272904525448732,True,False,1.2727321134828972e-05,2.3583104670100323,195157.3070922352,195159.6654027022,1,0.9999879159945159
2016-10-11,87.372375,33.474392,0.0021254884203617845,True,False,1.2727389821958906e-05,2.3583231943998544,195104.3041177534,195106.6624409478,1,0.9999879126465242
2016-10-12,87.372375,33.362106,0.0020524701685005094,True,False,1.2727458509459535e-05,2.3583359218583637,195104.3041177534,195106.66245367526,1,0.9999879125812917
2016-10-13,87.55452,32.967655,0.0021140131321888285,True,False,1.2727527197330854e-05,2.358348649385561,195511.0376359109,195513.39598456028,1,0.9999879376620845
2016-10-14,87.28524,33.216461,0.0021926610478394224,True,False,1.2727595885572873e-05,2.358361376981447,194909.72987687576,194912.08823825273,1,0.9999879003842281
2016-10-17,87.475304,33.043499,0.00223562813409392,True,False,1.2727664574185588e-05,2.358374104646021,195334.14668433732,195336.50505844198,1,0.9999879266084751
2016-10-18,87.649582,33.425835,0.002255894280574072,True,False,1.2727733263169004e-05,2.3583868323792845,195723.31303025657,195725.67141708895,1,0.99998795054928
2016-10-19,87.689201,33.286236,0.002223574666241061,True,False,1.2727801952523125e-05,2.358399560181237,195811.7830692688,195814.14146882898,1,0.9999879559282977
2016-10-20,87.609985,33.519886,0.0021015270715602184,True,False,1.2727870642247948e-05,2.358412288051879,195634.8921176952,195637.25052998326,1,0.999987944973252
2016-10-21,87.704987,33.434937,0.0021192081877966134,True,False,1.2727939332343477e-05,2.3584250159912115,195847.03353081117,195849.39195582716,1,0.9999879579661063
2016-10-24,87.58622,34.047852,0.0019903734286228904,True,False,1.2728008022809714e-05,2.358437743999234,195581.82438561905,195584.18282336305,1,0.9999879415722174
2016-10-25,87.570343,34.017506,0.0019223077792564556,True,False,1.2728076713646663e-05,2.3584504720759476,195546.37071921158,195548.72916968365,1,0.9999879393208942
2016-10-26,87.380295,33.968967,0.0019517791215964862,True,False,1.2728145404854321e-05,2.3584632002213524,195121.98964007795,195124.34810327817,1,0.9999879130245757
2016-10-27,87.07933,33.811188,0.002015216945825923,True,False,1.2728214096432698e-05,2.358475928435449,194449.92862664207,194452.2871025705,1,0.9999878711844249
2016-10-28,87.095184,33.607891,0.0019942578822012775,True,False,1.272828278838179e-05,2.358488656718237,194485.33093357814,194487.68942223486,1,0.9999878733267707
2016-10-31,87.166466,33.789944,0.001990865610524496,True,False,1.2728351480701598e-05,2.358501385069718,194644.5051005402,194646.8636019253,1,0.9999878831780721
2016-11-01,87.169617,33.489552,0.0017636300527666556,True,False,1.272842017339213e-05,2.3585141134898913,194651.5413481216,194653.8998622351,1,0.9999878835506755
2016-11-02,87.431427,33.268044,0.0018621244273129584,True,False,1.2728488866453384e-05,2.3585268419787577,195236.16844405516,195238.52697089713,1,0.9999879197672787
2016-11-03,87.375847,33.210396,0.0018103255595367136,True,False,1.2728557559885362e-05,2.3585395705363177,195112.05716491383,195114.41570448436,1,0.9999879120178691
2016-11-04,87.645523,33.001022,0.0019162266193378128,True,False,1.2728626253688067e-05,2.3585522991625716,195714.2492000652,195716.60775236436,1,0.9999879491458276
2016-11-07,87.280663,33.929523,0.0020544428205589178,True,False,1.2728694947861499e-05,2.3585650278575194,194899.50934206776,194901.8679070956,1,0.999987898704855
2016-11-08,86.971352,33.99931,0.0021975227554311347,True,False,1.2728763642405662e-05,2.3585777566211616,194208.81153957619,194211.1701173328,1,0.999987855601945
2016-11-09,85.646812,33.83849,0.0040291061117564714,True,False,1.2728832337320556e-05,2.358590485453499,191251.08657243263,191253.44516291807,1,0.9999876677228824
2016-11-10,85.131348,33.107235,0.004110660820380819,True,False,1.272890103260619e-05,2.358603214354532,190100.044895727,190102.40349894136,1,0.999987592985828
2016-11-11,84.956894,34.375557,0.004094976412793688,True,False,1.2728969728262555e-05,2.3586159433242604,189710.4855382006,189712.8441541439,1,0.9999875674419735
2016-11-14,84.465195,34.196541,0.004121891233875692,True,False,1.272903842428966e-05,2.3586286723626846,188612.5115935711,188614.87022224348,1,0.9999874950014832
2016-11-15,84.465195,34.836784,0.0040502160695304115,True,False,1.2729107120687506e-05,2.3586414014698054,188612.5115935711,188614.87023497256,1,0.9999874949339969
2016-11-16,84.544472,35.237301,0.004066190392796049,True,False,1.2729175817456095e-05,2.358654130645623,188789.5387593949,188791.89741352556,1,0.9999875065923751
2016-11-17,84.171684,35.616581,0.004100062373416587,True,False,1.2729244514595426e-05,2.3586668598901372,187957.09551490887,187959.45418176876,1,0.9999874511932898
2016-11-18,83.798943,35.8745,0.00406713383020489,True,False,1.2729313212105504e-05,2.358679589203349,187124.75722238614,187127.11590197534,1,0.9999873953083825
2016-11-21,83.870308,36.114227,0.004123020762302547,True,False,1.272938190998633e-05,2.358692318585259,187284.11673004934,187286.47542236792,1,0.9999874059655762
2016-11-22,83.949669,36.499565,0.004159143017590869,True,False,1.2729450608237907e-05,2.3587050480358673,187461.33146959476,187463.6901746428,1,0.9999874178031711
2016-11-23,83.64827,36.545094,0.004172417761333684,True,False,1.2729519306860238e-05,2.358717777555174,186788.3013252638,186790.66004304137,1,0.9999873723997923
2016-11-25,83.576874,36.608807,0.004171286698770882,True,False,1.2729588005853323e-05,2.35873050714318,186628.87259396526,186631.2313244724,1,0.999987361544526
2016-11-28,83.957542,36.499565,0.004401961956023179,True,False,1.2729656705217163e-05,2.358743236799885,187478.91203995602,187481.27078319283,1,0.9999874187793428
2016-11-29,84.044785,36.432812,0.004409225069374533,True,False,1.2729725404951764e-05,2.35875596652529,187673.7274470472,187676.08620301372,1,0.9999874317713341
2016-11-30,83.481697,36.22345,0.004516875784448753,True,False,1.2729794105057122e-05,2.358768696319395,186416.3404022626,186418.69917095892,1,0.999987346930824
2016-12-01,83.163231,34.454453,0.0043615738489372145,True,False,1.2729862805533243e-05,2.3587814261822007,185705.19929713453,185707.55807856072,1,0.9999872984091193
2016-12-02,83.536499,34.879253,0.0046190852936673224,True,False,1.2729931506380133e-05,2.358794156113707,186538.71439145843,186541.07318561454,1,0.9999873550949621
2016-12-05,83.504745,35.304058,0.004471406530624439,True,False,1.2730000207597786e-05,2.3588068861139146,186467.8070586435,186470.16586552962,1,0.9999873502183302
2016-12-06,83.536499,35.79258,0.004493338828575726,True,False,1.2730068909186208e-05,2.358819616182824,186538.71439145843,186541.0732110746,1,0.9999873549584788
2016-12-07,83.814522,36.529911,0.004644296213010936,True,False,1.2730137611145401e-05,2.358832346320435,187159.54544868594,187161.90428103227,1,0.9999873968350803
2016-12-08,83.496819,36.848515,0.00343932604648002,True,False,1.2730206313475366e-05,2.3588450765267486,186450.10813819597,186452.4669832725,1,0.9999873488127312
2016-12-09,83.067955,36.72411,0.003379836856794222,True,False,1.2730275016176107e-05,2.358857806801765,185492.44603640283,185494.80489420964,1,0.9999872834292683
2016-12-12,83.083748,36.435852,0.0033882092209612607,True,False,1.2730343719247624e-05,2.358870537145484,185527.71212908867,185530.0709996258,1,0.9999872857778557
2016-12-13,83.131447,36.860661,0.0032195413136618723,True,False,1.2730412422689916e-05,2.358883267557907,185634.22497370475,185636.5838569723,1,0.9999872930043284
2016-12-14,82.440475,36.827282,0.003626221352556263,True,False,1.2730481126502993e-05,2.3588959980390336,184091.27033587042,184093.62923186846,1,0.9999871864332954
2016-12-15,82.210136,37.455368,0.003605738659829222,True,False,1.2730549830686851e-05,2.3589087285888644,183576.91862795153,183579.2775366801,1,0.9999871504629486
2016-12-16,82.313385,37.076084,0.0035788112512859646,True,False,1.2730618535241492e-05,2.3589214592073997,183807.47576109404,183809.83468255325,1,0.9999871665111756
2016-12-19,82.694656,37.443245,0.0037072462000516376,True,False,1.2730687240166922e-05,2.3589341898946397,184658.8617184436,184661.2206526335,1,0.9999872256114113
2016-12-20,82.51992,37.8013,0.003702803198779939,True,False,1.2730755945463136e-05,2.358946920650585,184268.67264913744,184271.0315960581,1,0.9999871984928926
2016-12-21,82.654922,37.8013,0.003723158718708356,True,False,1.2730824651130145e-05,2.358959651475236,184570.1348820744,184572.49384172587,1,0.999987219332619
2016-12-22,82.619095,37.983772,0.0036637935577606205,True,False,1.2730893357167944e-05,2.3589723823685933,184490.1324567812,184492.49142916358,1,0.9999872137214685
2016-12-23,82.698654,38.178402,0.003680140625854588,True,False,1.2730962063576538e-05,2.358985113330657,184667.78933438472,184670.14831949805,1,0.999987225953221
2016-12-27,82.57933,38.64983,0.0034841008101086273,True,False,1.2731030770355928e-05,2.3589978443614275,184401.3363967766,184403.69539462097,1,0.9999872074264059
2016-12-28,82.881638,37.916859,0.0036048313998218407,True,False,1.2731099477506118e-05,2.3590105754609048,185076.39635673797,185078.75536731342,1,0.9999872540175085
2016-12-29,83.136177,37.910778,0.0034025104407725496,True,False,1.2731168185027107e-05,2.3590233066290898,185644.78716064862,185647.14618395525,1,0.9999872929729591
2016-12-30,83.38282,37.323788,0.0033611082210605278,True,False,1.27312368929189e-05,2.3590360378659825,186195.54603472652,186197.9050707644,1,0.9999873304909797
2017-01-03,83.343002,37.323788,0.0032027568375088376,True,False,5.841422569953862e-05,2.359094452091682,186106.6316246357,186108.99071908777,1,0.9999873241241976
2017-01-04,83.438492,37.427197,0.0032142728733774895,True,False,5.8415672147032127e-05,2.359152867763829,186319.86275175342,186322.22190462117,1,0.9999873383172246
2017-01-05,83.979408,37.107857,0.003528413017145935,True,False,5.841711863034244e-05,2.3592112848824596,187527.7392661112,187530.09847739607,1,0.9999874195592919
2017-01-06,83.597549,37.402866,0.0036080076697160247,True,False,5.841856514947043e-05,2.359269703447609,186675.04029271027,186677.39956241372,1,0.999987361781828
2017-01-09,83.915779,37.798248,0.0036014109702387394,True,False,5.842001170441698e-05,2.359328123459313,187385.65440500138,187388.01373312483,1,0.9999874093968102
2017-01-10,83.875999,37.980736,0.0033772241424094443,True,False,5.8421458295182994e-05,2.359386544917608,187296.82484968935,187299.18423623426,1,0.9999874031136092
2017-01-11,83.971458,38.111519,0.0033795274970844845,True,False,5.8422904921769344e-05,2.35944496782253,187509.98675317175,187512.34619813957,1,0.9999874171220421
2017-01-12,84.01918,37.792164,0.003379523907078488,True,False,5.842435158417694e-05,2.359503392174114,187616.55095725926,187618.91046065144,1,0.9999874239574977
2017-01-13,83.836212,38.038528,0.002749537423020655,True,False,5.8425798282406646e-05,2.3595618179723967,187207.9796632339,187210.3392250519,1,0.9999873961992284
2017-01-17,84.257835,37.427197,0.002760661561591283,True,False,5.842724501645935e-05,2.359620245217413,188149.4724636189,188151.83208386414,1,0.9999874589568483
2017-01-18,83.661209,37.938164,0.0033308873443497733,True,False,5.842869178633595e-05,2.3596786739091993,186817.19437745542,186819.55405612933,1,0.9999873692093645
2017-01-19,83.343002,37.767834,0.0033569056825431135,True,False,5.843013859203732e-05,2.3597371040477912,186106.6316246357,186108.99136173973,1,0.9999873206711467
2017-01-20,83.38282,38.254452,0.003304703014380611,True,False,5.8431585433564355e-05,2.359795535633225,186195.54603472652,186197.90583026214,1,0.9999873264120501
2017-01-23,83.82029,38.020275,0.003462734167713098,True,False,5.843303231091795e-05,2.359853968665536,187172.42551090414,187174.7853648728,1,0.9999873922442916
2017-01-24,83.502106,38.756279,0.0036000501165143204,True,False,5.843447922409899e-05,2.3599124031447603,186461.9141175558,186464.27402995893,1,0.9999873438897858
2017-01-25,83.088432,39.3311,0.0038011817465158225,True,False,5.843592617310836e-05,2.3599708390709333,185538.1715970897,185540.5315679288,1,0.9999872805644182
2017-01-26,83.199814,39.109085,0.0037874035833321447,True,False,5.843737315794692e-05,2.360029276444091,185786.88988592237,185789.2499151988,1,0.999987297277547
2017-01-27,83.303253,39.595699,0.003715186848359839,True,False,5.84388201786156e-05,2.3600877152642696,186017.87129295903,186020.2313806743,1,0.9999873127363742
2017-01-30,83.279358,39.39801,0.003656777038981652,True,False,5.844026723511526e-05,2.360146155531505,185964.51326821846,185966.873414374,1,0.9999873087818696
2017-01-31,83.565735,38.887062,0.003677708920226404,True,False,5.844171432744679e-05,2.3602045972458323,186603.99897866562,186606.35918326286,1,0.999987351960525
2017-02-01,83.405617,39.504456,0.003703820451463125,True,False,5.84431614556111e-05,2.360263040407288,186246.45220296303,186248.81246600344,1,0.999987327365962
2017-02-02,83.437485,39.486214,0.003695732427821316,True,False,5.844460861960904e-05,2.3603214850159078,186317.61410011444,186319.97442159947,1,0.9999873318923945
2017-02-03,83.501213,39.689995,0.0033772207323591362,True,False,5.8446055819441526e-05,2.3603799310717273,186459.92003025333,186462.2804101844,1,0.9999873412471096
2017-02-06,83.899559,39.829876,0.003399434041280835,True,False,5.844750305510944e-05,2.3604383785747824,187349.43481256397,187351.79525094255,1,0.9999874010367745
2017-02-07,84.050926,39.975872,0.003315837429642258,True,False,5.844895032661367e-05,2.3604968275251093,187687.4404259102,187689.80092273772,1,0.9999874234145067
2017-02-08,84.393494,40.051918,0.0034294225911155334,True,False,5.845039763395509e-05,2.3605552779227432,188452.40179102143,188454.76234629937,1,0.9999874741542822
2017-02-09,83.891609,39.702152,0.0036962873900007564,True,False,5.8451844977134594e-05,2.3606137297677203,187331.68229962455,187334.04291335432,1,0.9999873989068241
2017-02-10,83.835831,39.677814,0.003695761890876215,True,False,5.845329235615308e-05,2.3606721830600765,187207.1288824251,187209.48955460818,1,0.9999873902108879
2017-02-13,83.708351,39.759933,0.003679242147341469,True,False,5.845473977101142e-05,2.3607306377998474,186922.46342965547,186924.82416029327,1,0.9999873706948855
2017-02-14,83.405617,39.650444,0.0035549083137358197,True,False,5.845618722171052e-05,2.3607890939870693,186246.45220296303,186248.812992057,1,0.999987324541531
2017-02-15,83.246284,39.957623,0.003221641084968193,True,False,5.845763470825125e-05,2.3608475516217777,185890.65834834945,185893.01919590106,1,0.9999872999666054
2017-02-16,83.58094,40.021488,0.0032412177467513958,True,False,5.8459082230634496e-05,2.3609060107040083,186637.95205530006,186640.31296131076,1,0.9999873505033653
2017-02-17,83.80397,40.228317,0.003289657119414709,True,False,5.846052978886116e-05,2.360964471233797,187135.98261641717,187138.3435808884,1,0.9999873838550344
2017-02-21,83.76413,40.797039,0.0030754161542575226,True,False,5.846197738293212e-05,2.36102293321118,187047.0190798754,187049.38010280862,1,0.9999873775420591
2017-02-22,83.899559,40.806164,0.002962445974443478,True,False,5.846342501284827e-05,2.3610813966361928,187349.43481256397,187351.7958939606,1,0.9999873976046754
2017-02-23,84.122612,40.143147,0.0027396385891731694,True,False,5.8464872678610495e-05,2.3611398615088715,187847.51673315244,187849.87787301396,1,0.9999874307085623
2017-02-24,84.512993,40.11578,0.0028803937447992637,True,False,5.8466320380219674e-05,2.3611983278292517,188719.24550721623,188721.60670554405,1,0.9999874884578982
2017-02-27,84.210281,40.498997,0.0030380641253790097,True,False,5.8467768117676704e-05,2.3612567955973693,188043.28340697466,188045.64466377025,1,0.9999874431721095
2017-02-28,84.170456,39.981953,0.003041019183443946,True,False,5.8469215890982485e-05,2.3613152648132605,187954.3533657404,187956.7146810052,1,0.9999874369198843
2017-03-01,83.584076,40.605431,0.0033908445795686353,True,False,5.847066370013788e-05,2.3613737354769606,186644.95480757405,186647.31618130952,1,0.9999873484720606
2017-03-02,83.344727,40.18877,0.0034257512313594016,True,False,5.847211154514379e-05,2.3614322075885057,186110.4835849905,186112.8450171981,1,0.9999873118257507
2017-03-03,83.4245,40.167488,0.0034318510661117464,True,False,5.8473559426001096e-05,2.3614906811479317,186288.61832898002,186290.97981966118,1,0.9999873236445295
2017-03-06,83.408539,40.18877,0.0034271952763576387,True,False,5.8475007342710693e-05,2.3615491561552746,186252.97708885095,186255.33863800712,1,0.9999873209048749
2017-03-07,83.288918,40.276966,0.0032441938886522406,True,False,5.8476455295273475e-05,2.36160763261057,185985.86094415566,185988.22255178826,1,0.9999873023807626
2017-03-08,83.009674,40.371254,0.0032678565494735808,True,False,5.847790328369031e-05,2.3616661105138537,185362.3033689031,185364.66503501363,1,0.9999872593511279
2017-03-09,82.778313,40.450325,0.003105540199796847,True,False,5.847935130796209e-05,2.3617245898651618,184845.66951403779,184848.03123862765,1,0.9999872234257836
2017-03-10,82.953857,40.912621,0.0029424852523060045,True,False,5.848079936808973e-05,2.3617830706645297,185237.66286390435,185240.024646975,1,0.9999872501470718
2017-03-13,82.746391,41.219814,0.0029744353462124984,True,False,5.8482247464074074e-05,2.3618415529119936,184774.38703377964,184776.74887533256,1,0.9999872178638963
2017-03-14,82.834122,41.098145,0.002990762869666696,True,False,5.8483695595916034e-05,2.3619000366075897,184970.2921548726,184972.6540549092,1,0.9999872310853263
2017-03-15,83.560173,41.423569,0.003541638316246104,True,False,5.848514376361651e-05,2.3619585217513532,186591.57891866952,186593.94087719126,1,0.9999873417190792
2017-03-16,83.328758,41.38097,0.0035723934624710654,True,False,5.848659196717638e-05,2.3620170083433205,186074.8244806974,186077.18649770573,1,0.9999873062514928
2017-03-17,83.552162,41.466145,0.003506334664183922,True,False,5.8488040206596515e-05,2.362075496383527,186573.69019147984,186576.0522669762,1,0.9999873398784695
2017-03-20,83.75161,41.773319,0.0034955822519873603,True,False,5.848948848187781e-05,2.362133985872009,187019.06166327142,187021.4237972573,1,0.9999873697144535
2017-03-21,84.030838,40.794003,0.0035727739327244537,True,False,5.8490936793021184e-05,2.362192476808802,187642.58351019607,187644.94570267288,1,0.9999874113716841
2017-03-22,84.190407,41.22588,0.003579366164194321,True,False,5.8492385140027484e-05,2.362250969193942,187998.9043576466,188001.26660861578,1,0.9999874349199247
2017-03-23,84.102654,41.134632,0.003539697128526992,True,False,5.849383352289761e-05,2.362309463027465,187802.95011010274,187805.31241956577,1,0.9999874214981855
2017-03-24,84.15052,41.43438,0.0033719169652215407,True,False,5.8495281941632464e-05,2.362367958309407,187909.83586914156,187912.19823709986,1,0.999987428341638
2017-03-27,84.357903,41.49538,0.0033243898419654627,True,False,5.849673039623293e-05,2.362426455039803,188372.92635856516,188375.2887850202,1,0.9999874589365183
2017-03-28,84.070694,41.626488,0.0034141370780089862,True,False,5.849817888669988e-05,2.3624849532186896,187731.58277506576,187733.94526001898,1,0.99998741578168
2017-03-29,84.310028,41.525871,0.0030522579684585643,True,False,5.849962741303422e-05,2.3625434528461025,188266.02050234188,188268.38304579473,1,0.9999874511937977
2017-03-30,84.070694,41.739315,0.0030508454691331208,True,False,5.850107597523683e-05,2.3626019539220775,187731.58277506576,187733.94537701967,1,0.9999874151584618
2017-03-31,84.238228,41.742359,0.0030688862230693666,True,False,5.850252457330859e-05,2.3626604564466507,188105.68963076317,188108.05229121962,1,0.9999874398760304
2017-04-03,84.652954,41.477077,0.003218135293909184,True,False,5.8503973207250396e-05,2.362718960419858,189031.7812887905,189034.1440077509,1,0.9999875010994822
2017-04-04,84.533096,41.26973,0.0032174863660021733,True,False,5.850542187706315e-05,2.362777465841735,188764.1359182378,188766.49869570363,1,0.9999874830677998
2017-04-05,84.692863,40.983086,0.0030764236831368422,True,False,5.850687058274772e-05,2.362835972712318,189120.89890374645,189123.26173971916,1,0.9999875063704434
2017-04-06,84.636971,41.047127,0.002973253545474286,True,False,5.850831932430502e-05,2.3628944810316423,188996.09092221054,188998.45381669156,1,0.9999874978105201
2017-04-07,84.381218,41.22398,0.0031012400322957463,True,False,5.850976810173591e-05,2.362952990799744,188424.98923141835,188427.35218440916,1,0.9999874596073054
2017-04-10,84.533096,40.90686,0.0030038027260705534,True,False,5.8511216915041284e-05,2.363011502016659,188764.1359182378,188766.4989297398,1,0.9999874818279969
2017-04-11,84.924606,40.577518,0.0031070438224561287,True,False,5.8512665764222037e-05,2.3630700146824233,189638.38577244105,189640.74884245574,1,0.9999875392286252
2017-04-12,85.188278,39.879219,0.002608817054027277,True,False,5.851411464927905e-05,2.3631285287970725,190227.1707525373,190229.53388106608,1,0.9999875774887287
2017-04-13,85.443985,39.613922,0.0024900273080966095,True,False,5.8515563570213234e-05,2.3631870443606426,190798.16972438665,190800.53291143102,1,0.9999876143582604
2017-04-17,85.30809,40.107922,0.0025439281267329627,True,False,5.851701252702543e-05,2.3632455613731698,190494.71340414722,190497.0766497086,1,0.9999875943211154
2017-04-18,85.795494,40.29393,0.0027366335436654256,True,False,5.851846151971659e-05,2.3633040798346894,191583.0965257484,191585.45982982824,1,0.9999876644914393
2017-04-19,85.571754,40.504337,0.0028152898339568445,True,False,5.851991054828755e-05,2.363362599745238,191083.4805200795,191085.84388267924,1,0.9999876319325821
2017-04-20,85.380035,41.144703,0.0028899931815757787,True,False,5.852135961273923e-05,2.363421121104851,190655.36806369782,190657.73148481894,1,0.9999876038537608
2017-04-21,85.419983,40.970871,0.0028616032504664712,True,False,5.85228087130725e-05,2.3634796439135637,190744.57276645306,190746.93624609697,1,0.9999876093441372
2017-04-24,85.244171,41.559414,0.002931217590010094,True,False,5.8524257849288244e-05,2.363538168171413,190351.9809670937,190354.34450526186,1,0.9999875834818779
2017-04-25,84.804741,41.983273,0.0031692831908648983,True,False,5.852570702138737e-05,2.3635966938784345,189370.72477074488,189373.08836743876,1,0.9999875188353622
2017-04-26,85.028458,41.638706,0.0030875961345849068,True,False,5.8527156229370766e-05,2.363655221034664,189870.28941694237,189872.6530721634,1,0.9999875513657033
2017-04-27,85.084373,42.224163,0.003041116000388769,True,False,5.85286054732393e-05,2.3637137496401373,189995.1487579497,189997.51247169933,1,0.9999875592384402
2017-04-28,85.172256,41.504524,0.0029416254399670105,True,False,5.8530054752993884e-05,2.3637722796948903,190191.393298158,190193.75707043768,1,0.9999875717672541
2017-05-01,84.988266,41.916172,0.0029882892863271693,True,False,5.853150406863538e-05,2.3638308111989588,189780.5398571862,189782.9036879974,1,0.9999875445534594
2017-05-02,85.164284,41.474033,0.0028279064679300014,True,False,5.8532953420164705e-05,2.363889344152379,190173.59165876763,190175.9555481118,1,0.999987569988344
2017-05-03,84.988266,41.617352,0.0028524085335066758,True,False,5.853440280758272e-05,2.3639478785551864,189780.5398571862,189782.90380506477,1,0.9999875439366183
2017-05-04,84.796143,41.586857,0.0028792593065165573,True,False,5.853585223089033e-05,2.364006414407417,189351.52526052433,189353.88926693873,1,0.9999875154060814
2017-05-05,84.812225,41.751518,0.002874324016642753,True,False,5.853730169008843e-05,2.364064951709107,189387.43669613337,189389.8007610851,1,0.9999875174642868
2017-05-08,84.604149,41.586857,0.0028443295679295333,True,False,5.853875118517789e-05,2.364123490460292,188922.7987235064,188925.16284699686,1,0.999987486455193
2017-05-09,84.508049,41.998516,0.0028295019516376622,True,False,5.8540200716159614e-05,2.3641820306610084,188708.20545388636,188710.56963591703,1,0.9999874719151385
2017-05-10,84.476135,42.888916,0.00261080287123187,True,False,5.854165028303449e-05,2.3642405723112914,188636.94083779215,188639.30507836447,1,0.9999874668719155
2017-05-11,84.540123,43.044445,0.002502190346889446,True,False,5.8543099885803416e-05,2.364299115411177,188779.82735325984,188782.19165237524,1,0.9999874760479539
2017-05-12,84.97226,43.166416,0.002688719495130134,True,False,5.8544549524467245e-05,2.3643576599607012,189744.79813113483,189747.1624887948,1,0.9999875394307406
2017-05-15,84.916237,43.834225,0.0026727578919068015,True,False,5.854599919902689e-05,2.3644162059599,189619.697623914,189622.06204011996,1,0.9999875309013069
2017-05-16,85.028252,44.462379,0.0023173715356698678,True,False,5.854744890948325e-05,2.3644747534088095,189869.8294147203,189872.1938894737,1,0.9999875470193661
2017-05-17,85.708374,42.544342,0.0029253450591861232,True,False,5.854889865583719e-05,2.3645333023074655,191388.55578017823,191390.92031348054,1,0.9999876455304231
2017-05-18,85.684448,43.33717,0.002875817617678926,True,False,5.855034843808962e-05,2.3645918526559035,191335.12853180227,191337.49312365492,1,0.9999876417746776
2017-05-19,85.660378,43.815918,0.0028767194440621163,True,False,5.855179825624143e-05,2.3646504044541596,191281.37972847495,191283.7443788794,1,0.9999876379960454
2017-05-22,85.564362,44.294662,0.0028464172692473574,True,False,5.855324811029348e-05,2.3647089577022697,191066.97403257657,191069.33874153427,1,0.999987623817755
2017-05-23,85.340332,44.117805,0.00264398829062029,True,False,5.855469800024668e-05,2.36476751240027,190566.71045096396,190569.07521847636,1,0.9999875910217348
2017-05-24,85.516396,44.404434,0.002620507729313339,True,False,5.855614792610192e-05,2.364826068548196,190959.8649714882,190962.22979755673,1,0.9999876162628021
2017-05-25,85.564362,44.630093,0.0026198760726401813,True,False,5.8557597887860086e-05,2.364884626146084,191066.97403257657,191069.33891720272,1,0.9999876228983701
2017-05-26,85.620369,44.834385,0.0026155322560048326,True,False,5.855904788552208e-05,2.3649431851939693,191192.03881146945,191194.40375465463,1,0.9999876306882485
2017-05-30,85.836403,45.133232,0.002596550666413555,True,False,5.856049791908877e-05,2.3650017456918886,191674.44716119987,191676.81216294557,1,0.9999876615135707
2017-05-31,85.87645,45.127129,0.0025700640280870986,True,False,5.8561947988561054e-05,2.3650603076398773,191763.87293298417,191766.2379932918,1,0.9999876669619616
2017-06-01,85.831558,45.172878,0.0025140158992888813,True,False,5.856339809393982e-05,2.3651188710379714,191663.62817689904,191665.99329577008,1,0.9999876602060158
2017-06-02,86.208214,45.633316,0.0025687699192372348,True,False,5.8564848235225966e-05,2.3651774358862068,192504.70874466174,192507.07392209762,1,0.9999877138154578
2017-06-05,86.063988,45.743114,0.0026262384425314272,True,False,5.8566298412420366e-05,2.365236002184619,192182.64913067405,192185.01436667625,1,0.9999876929217921
2017-06-06,86.336487,45.892502,0.002566961524411182,True,False,5.856774862552391e-05,2.3652945699332446,192791.14498268432,192793.51027725425,1,0.9999877314616735
2017-06-07,86.176208,46.234051,0.0026035837558918036,True,False,5.856919887453749e-05,2.365353139132119,192433.23869068196,192435.6040438211,1,0.9999877083393642
2017-06-08,86.03994,47.078705,0.0026501095346785474,True,False,5.8570649159461994e-05,2.3654117097812786,192128.94945379766,192131.31486550745,1,0.9999876885675224
2017-06-09,85.959846,45.099693,0.002682174844723693,True,False,5.857209948029833e-05,2.365470281880759,191950.09791022903,191952.46338051092,1,0.9999876767912209
2017-06-12,85.943764,44.840492,0.0024934900019257383,True,False,5.857354983704737e-05,2.365528855430596,191914.18647462,191916.55200347543,1,0.9999876741801019
2017-06-13,85.975792,45.14542,0.002477366967027316,True,False,5.857500022971e-05,2.3655874304308258,191985.70565505067,191988.0712424811,1,0.9999876784666093
2017-06-14,86.424545,44.672783,0.0026793274536638955,True,False,5.857645065828712e-05,2.365646006881484,192987.7803014793,192990.1459474862,1,0.9999877421409509
2017-06-15,86.272346,44.319061,0.002141641959878142,True,False,5.857790112277961e-05,2.365704584782607,192647.9168150808,192650.28251966558,1,0.9999877202122217
2017-06-16,86.320427,44.1422,0.0021373243164212433,True,False,5.857935162318836e-05,2.36576316413423,192755.28267352615,192757.64843669027,1,0.999987726748156
2017-06-19,86.080009,44.980766,0.0022482169229142445,True,False,5.858080215951427e-05,2.3658217449363894,192218.4243520329,192220.79017377782,1,0.9999876921651254
2017-06-20,86.296402,44.474579,0.002278576220864279,True,False,5.858225273175821e-05,2.3658803271891213,192701.63435612115,192704.00023644834,1,0.9999877227233255
2017-06-21,86.288391,44.989918,0.0021680394203444147,True,False,5.85837033399211e-05,2.3659389108924613,192683.7456289315,192686.1115678424,1,0.9999877212794859
2017-06-22,86.368507,44.886227,0.0021411836453544887,True,False,5.8585153984003814e-05,2.3659974960464454,192862.64629895103,192865.01229644706,1,0.99998773236541
2017-06-23,86.392548,45.020412,0.002141663717447723,True,False,5.8586604664007223e-05,2.3660560826511094,192916.330344684,192918.69640076664,1,0.9999877354754786
2017-06-26,86.464722,44.633141,0.002142811768747149,True,False,5.858805537993224e-05,2.3661146707064895,193077.49636592803,193079.86248059873,1,0.999987745409385
2017-06-27,86.03994,43.440968,0.0024026294871936746,True,False,5.858950613177975e-05,2.366173260212621,192128.94945379766,192131.31562705786,1,0.9999876846038738
2017-06-28,85.959846,44.19294,0.002412283303811868,True,False,5.859095691955062e-05,2.3662318511695406,191950.09791022903,191952.4641420802,1,0.999987672823781
2017-06-29,85.639259,43.092495,0.002555144066969425,True,False,5.8592407743245774e-05,2.366290443577284,191234.22056862994,191236.58685907352,1,0.9999876263716978
2017-06-30,85.438858,42.857113,0.00236860499013166,True,False,5.859385860286609e-05,2.366349037435887,190786.72102830608,190789.08737734353,1,0.9999875970420008
2017-07-03,85.125061,42.270187,0.002463761618776243,True,False,5.859530949841244e-05,2.366407632745385,190086.00589587164,190088.37230350438,1,0.9999875510132258
2017-07-05,85.189232,43.135277,0.002328041690731879,True,False,5.859676042988573e-05,2.366466229505815,190229.30105409003,190231.66752031955,1,0.9999875600826068
2017-07-06,85.028748,42.945763,0.0023287879647315678,True,False,5.859821139728686e-05,2.3665248277172126,189870.93699288607,189873.3035177138,1,0.9999875362950774
2017-07-07,84.892296,43.670227,0.002329279225463881,True,False,5.85996624006167e-05,2.3665834273796134,189566.23688023063,189568.60346365802,1,0.99998751595262
2017-07-10,85.004654,44.174606,0.0023702103451951582,True,False,5.860111343987615e-05,2.3666420284930534,189817.13459706688,189819.50123909538,1,0.9999875321449427
2017-07-11,85.117012,44.541431,0.0024063648514214982,True,False,5.860256451506609e-05,2.3667006310575687,190068.03231390315,190070.39901453422,1,0.9999875482945091
2017-07-12,85.365799,45.253693,0.0025187475574938423,True,False,5.860401562618741e-05,2.3667592350731947,190623.5787839235,190625.94554315857,1,0.9999875842754337
2017-07-13,85.277557,45.113071,0.0021535189566188177,True,False,5.860546677324102e-05,2.366817840539968,190426.53258935732,190428.89940719787,1,0.9999875711205184
2017-07-14,85.397881,45.71833,0.0021852603671039155,True,False,5.860691795622779e-05,2.3668764474579245,190695.21854746094,190697.5854239084,1,0.999987588325032
2017-07-17,85.502281,45.531857,0.0022072748232193026,True,False,5.8608369175148614e-05,2.3669350558270996,190928.34588719383,190930.71282224965,1,0.9999876031727907
2017-07-18,85.815323,45.672474,0.0023193264378958624,True,False,5.860982043000438e-05,2.3669936656475294,191627.3750891542,191629.74208281984,1,0.9999876480882356
2017-07-19,85.815323,46.094311,0.0022338803483857913,True,False,5.861127172079597e-05,2.3670522769192504,191627.3750891542,191629.7421414311,1,0.9999876477823826
2017-07-20,85.839394,46.228809,0.002237079407892893,True,False,5.861272304752429e-05,2.367110889642298,191681.12612550196,191683.4932363916,1,0.9999876509403618
2017-07-21,85.991859,45.834488,0.0022685457437313554,True,False,5.861417441019024e-05,2.367169503816708,192021.5835953523,192023.95076485613,1,0.9999876725299401
2017-07-24,85.935699,45.696926,0.002267371313659629,True,False,5.861562580879468e-05,2.3672281194425167,191896.17716432357,191898.544392443,1,0.9999876641684442
2017-07-25,85.454094,45.657181,0.002544961123689265,True,False,5.861707724333851e-05,2.36728673651976,190820.74332857592,190823.11061531244,1,0.9999875943394441
2017-07-26,85.726974,46.158524,0.0024625346675285387,True,False,5.8618528713822635e-05,2.3673453550484735,191430.089961395,191432.45730675003,1,0.999987633521565
2017-07-27,85.590607,45.455448,0.0024774979020109737,True,False,5.861998022024792e-05,2.3674039750286937,191125.57965548165,191127.94705945667,1,0.9999876135122495
2017-07-28,85.735023,45.281193,0.002366064354045092,True,False,5.862143176261528e-05,2.3674625964604563,191448.06354336345,191450.4310059599,1,0.9999876340701663
2017-07-31,85.759155,44.929653,0.00229782296517335,True,False,5.862288334092559e-05,2.3675212193437973,191501.9507939615,191504.31831518083,1,0.9999876372436917
2017-08-01,85.972137,45.207825,0.002161032169257878,True,False,5.862433495517974e-05,2.3675798436787523,191977.54396513954,191979.91154498322,1,0.9999876675646706
2017-08-02,85.891777,44.880749,0.002183277982097945,True,False,5.862578660537863e-05,2.3676384694653576,191798.0984381191,191800.46607658858,1,0.9999876557209797
2017-08-03,86.189186,44.71262,0.0022141337385320377,True,False,5.8627238291523144e-05,2.3676970967036493,192462.2188306729,192464.5865277696,1,0.9999876980116736
2017-08-04,85.956085,44.730965,0.002286498891520569,True,False,5.8628690013614173e-05,2.3677557253936627,191941.69952014537,191944.06727587077,1,0.9999876643453534
2017-08-07,86.004272,45.501297,0.002280561864104821,True,False,5.8630141771652604e-05,2.3678143555354345,192049.30207876326,192051.6698931188,1,0.9999876709514849
2017-08-08,85.931908,45.369835,0.0022950350679645545,True,False,5.8631593565639336e-05,2.367872987129,191887.71178362504,191890.07965661216,1,0.999987660263671
2017-08-09,86.036423,45.216999,0.0022303340845310203,True,False,5.863304539557524e-05,2.367931620174396,192121.0959207149,192123.4638523351,1,0.9999876749483239
2017-08-10,86.357986,43.954517,0.0023226248111354124,True,False,5.8634497261461237e-05,2.3679902546716574,192839.1526903176,192841.52068057226,1,0.9999877205373288
2017-08-11,86.454468,44.202122,0.0023183588251706605,True,False,5.8635949163298194e-05,2.3680488906208206,193054.59897376693,193056.96702265754,1,0.9999877339371527
2017-08-14,86.245415,45.327045,0.00240946997304979,True,False,5.8637401101087e-05,2.3681075280219215,192587.77934011578,192590.1474476438,1,0.9999877039009555
2017-08-15,85.98822,45.440155,0.002399686235996584,True,False,5.863885307482854e-05,2.3681661668749965,192013.45763376908,192015.82579993596,1,0.9999876668177895
2017-08-16,86.148964,45.513508,0.0024316889691499395,True,False,5.864030508452372e-05,2.368224807180081,192372.40228030187,192374.77050510905,1,0.999987689524978
2017-08-17,86.454468,44.364147,0.0025444028413184896,True,False,5.864175713017345e-05,2.3682834489372113,193054.59897376693,193056.96725721587,1,0.9999877327221981
2017-08-18,86.470543,44.431377,0.002522521922459676,True,False,5.8643209211778565e-05,2.368342092146423,193090.4947782325,193092.86312032465,1,0.999987734698974
2017-08-21,86.526794,44.101257,0.0025140311312119717,True,False,5.864466132934001e-05,2.3684007368077524,193216.10441412628,193218.47281486308,1,0.9999877423690277
2017-08-22,86.357986,44.828781,0.0021658786324576197,True,False,5.864611348285864e-05,2.3684593829212353,192839.1526903176,192841.5211497005,1,0.9999877181046447
2017-08-23,86.655434,45.018311,0.002182723708021541,True,False,5.864756567233535e-05,2.3685180304869076,193503.36017067073,193505.7286887012,1,0.9999877599591158
2017-08-24,86.518768,45.024406,0.0021820262749761223,True,False,5.864901789777105e-05,2.3685766795048053,193198.1821916292,193200.5507683087,1,0.9999877403212876
2017-08-25,86.66346,44.807377,0.002181617090786789,True,False,5.865047015916661e-05,2.3686353299749645,193521.2823931678,193523.65102849778,1,0.9999877604865484
2017-08-28,86.743813,44.941875,0.0021823862527647164,True,False,5.8651922456522935e-05,2.368693981897421,193700.7122890448,193703.0809830267,1,0.9999877715213931
2017-08-29,86.944809,45.012199,0.00217504607981208,True,False,5.865337478984091e-05,2.368752635272211,194149.54047656347,194151.90922919873,1,0.9999877994883251
2017-08-30,86.872452,45.782524,0.0021714460009075436,True,False,5.8654827159121414e-05,2.3688112900993703,193987.9658125687,193990.3346238588,1,0.9999877890241557
2017-08-31,87.009117,46.234932,0.0020783746618013178,True,False,5.8656279564365366e-05,2.368869946378935,194293.14155858973,194295.5104285361,1,0.9999878079017824
2017-09-01,86.753075,46.436684,0.0020982101776767658,True,False,5.865773200557363e-05,2.3689286041109403,193721.39452487434,193723.76345347846,1,0.999987771615821
2017-09-05,87.356911,45.800861,0.002549800437261912,True,False,5.8659184482747094e-05,2.368987263295423,195069.77268881057,195072.14167607386,1,0.9999878558401885
2017-09-06,87.147552,45.874226,0.0026246462252264508,True,False,5.8660636995886666e-05,2.369045923932419,194602.26975088782,194604.63879681175,1,0.9999878263645791
2017-09-07,87.525955,45.953686,0.002746449144013641,True,False,5.8662089544993235e-05,2.369104586021964,195447.25140545622,195449.62051004224,1,0.9999878786943672
2017-09-08,87.46154,45.41264,0.0026814285914933383,True,False,5.866354213006768e-05,2.369163249564094,195303.41139023693,195305.7805534865,1,0.9999878694668286
2017-09-11,86.962471,46.277729,0.003030171180564902,True,False,5.86649947511109e-05,2.369221914558845,194188.98008455543,194191.34930647,1,0.9999877995496554
2017-09-12,86.753075,46.4856,0.003029690908339622,True,False,5.866644740812379e-05,2.369280581006253,193721.39452487434,193723.76380545535,1,0.9999877697989422
2017-09-13,86.575974,46.577305,0.0029829327433087485,True,False,5.866790010110722e-05,2.3693392489063543,193325.92436209627,193328.29370134516,1,0.999987744477523
2017-09-14,86.592102,46.760712,0.0029612455581959677,True,False,5.8669352830062107e-05,2.3693979182591844,193361.93851664808,193364.30791456634,1,0.9999877464567075
2017-09-15,86.696762,47.576893,0.0028696496418112597,True,False,5.867080559498933e-05,2.3694565890647796,193595.64644170983,193598.0158982989,1,0.999987760945906
2017-09-18,86.358627,48.200493,0.0030088221913430343,True,False,5.867225839588979e-05,2.3695152613231754,192840.58405645523,192842.95357171656,1,0.9999877127205458
2017-09-19,86.262001,48.35334,0.003012708175308665,True,False,5.8673711232764346e-05,2.369573935034408,192624.8162180546,192627.1857919896,1,0.9999876986525797
2017-09-20,86.09301,47.686932,0.003012964182129266,True,False,5.8675164105613914e-05,2.3696326101985137,192247.4558514952,192249.82548410541,1,0.9999876742015019
2017-09-21,85.98024,47.48214,0.002899991317783405,True,False,5.867661701443939e-05,2.369691286815528,191995.63813021476,191998.00782150158,1,0.9999876577298187
2017-09-22,86.133186,47.723606,0.00292465325135045,True,False,5.8678069959241657e-05,2.3697499648854876,192337.16968292344,192339.53943288833,1,0.999987679340546
2017-09-25,86.390823,46.803505,0.0029837061756036592,True,False,5.8679522940021606e-05,2.3698086444084274,192912.47838432918,192914.8481929736,1,0.9999877157789221
2017-09-26,86.318382,46.729599,0.0029760463601395714,True,False,5.8680975956780114e-05,2.369867325384384,192750.7161466128,192753.08601393818,1,0.9999877051653263
2017-09-27,85.875618,47.861263,0.003102829828554097,True,False,5.868242900951809e-05,2.3699260078133935,191762.0150599319,191764.38498593972,1,0.9999876414694627
2017-09-28,85.859489,48.213959,0.003103839744036839,True,False,5.8683882098236414e-05,2.3699846916954916,191725.99867235956,191728.36865705127,1,0.9999876388418245
2017-09-29,85.754814,48.631042,0.0030641866406654252,True,False,5.868533522293599e-05,2.3700433770307145,191492.2572519904,191494.62729536745,1,0.9999876234471404
2017-10-02,85.657272,48.956127,0.0030215791153512393,True,False,5.8686788383617694e-05,2.370102063819098,191274.44396681586,191276.81406887967,1,0.999987609046735
2017-10-03,85.778229,49.091064,0.002500507012574326,True,False,5.8688241580282435e-05,2.3701607520606784,191544.54342689313,191546.9135876452,1,0.9999876262127765
2017-10-04,85.753998,49.204544,0.002478933547033606,True,False,5.8689694812931094e-05,2.3702194417554914,191490.43510726606,191492.8053267078,1,0.9999876224099506
2017-10-05,85.665352,49.247482,0.0021638517078833644,True,False,5.869114808156455e-05,2.370278132903573,191292.48677241968,191294.8570505526,1,0.9999876092950462
2017-10-06,85.560509,49.440689,0.0021625905287452995,True,False,5.869260138618372e-05,2.370336825504959,191058.3702046073,191060.74054143278,1,0.9999875938048876
2017-10-09,85.657272,49.817913,0.0019208131677776429,True,False,5.869405472678946e-05,2.3703955195596857,191274.44396681586,191276.81436233543,1,0.9999876075125599
2017-10-10,85.689522,50.096996,0.0018953860050488422,True,False,5.8695508103382705e-05,2.370454215067789,191346.45887779654,191348.8293320116,1,0.9999876118697808
2017-10-11,85.786247,50.440483,0.0019023998822660399,True,False,5.8696961515964296e-05,2.370512912029305,191562.44778522628,191564.8182981383,1,0.9999876255309661
2017-10-12,85.86689,50.281025,0.0019231757348840191,True,False,5.8698414964535186e-05,2.37057161044427,191742.52525704695,191744.89582865738,1,0.9999876368463412
2017-10-13,86.15712,50.603016,0.002074755977782832,True,False,5.8699868449096214e-05,2.370630310312719,192390.61479546336,192392.9854257737,1,0.9999876781874085
2017-10-16,86.012024,50.842239,0.0019262467486848137,True,False,5.8701321969648275e-05,2.3706890116346884,192066.61245364457,192068.98314265622,1,0.9999876570960451
2017-10-17,85.979782,50.799309,0.0019147224077728847,True,False,5.8702775526192284e-05,2.3707477144102147,191994.61540682783,191996.98615454225,1,0.9999876521618287
2017-10-18,85.762093,50.971054,0.0019471122132451554,True,False,5.870422911872913e-05,2.3708064186393334,191508.51140817732,191510.88221459597,1,0.9999876205133033
2017-10-19,85.850777,50.842239,0.0019468179750416169,True,False,5.870568274725968e-05,2.370865124322081,191706.54459780254,191708.91546292687,1,0.9999876329949569
2017-10-20,85.496002,51.102913,0.002094581636803475,True,False,5.870713641178486e-05,2.3709238314584926,190914.32475150243,190916.69567533387,1,0.9999875813698584
2017-10-23,85.576653,51.354401,0.0019681748143854836,True,False,5.870859011230553e-05,2.370982540048605,191094.42008748706,191096.7910700271,1,0.9999875927663319
2017-10-24,85.318588,51.713234,0.002048296054879528,True,False,5.87100438488226e-05,2.371041250092454,190518.15565330925,190520.52669455935,1,0.9999875549302155
2017-10-25,85.181602,51.035442,0.001767311050474301,True,False,5.871149762133695e-05,2.371099961590075,190212.26310770915,190214.63420767075,1,0.9999875346080943
2017-10-26,85.068718,51.336018,0.001778219160835393,True,False,5.871295142984948e-05,2.371158674541505,189960.19082209226,189962.5619807668,1,0.9999875177579739
2017-10-27,85.342819,52.409416,0.0019474779963254652,True,False,5.871440527436109e-05,2.3712173889467794,190572.26397293634,190574.6351903253,1,0.999987557539404
2017-10-30,85.649216,52.550476,0.0021122203950392935,True,False,5.8715859154872635e-05,2.371276104805934,191256.45475370387,191258.82602980867,1,0.9999876017428633
2017-10-31,85.592773,52.970638,0.0020897945452762173,True,False,5.871731307138503e-05,2.3713348221190054,191130.41637787494,191132.78771269706,1,0.999987593259898
2017-11-01,85.644424,52.777424,0.002095285238534494,True,False,5.871876702389918e-05,2.371393540886029,191245.75411948934,191248.12551303022,1,0.9999876004351179
2017-11-02,85.757484,53.038113,0.0021039918359511784,True,False,5.872022101241596e-05,2.3714522611070414,191498.2194167135,191500.5908689746,1,0.9999876164754878
2017-11-03,85.89476,53.976562,0.0021084432239480517,True,False,5.872167503693627e-05,2.371510982782078,191804.75953825726,191807.13104924004,1,0.9999876359603014
2017-11-06,85.999771,54.7402,0.0021106780831823386,True,False,5.872312909746099e-05,2.3715697059111758,192039.2512535129,192041.62282321882,1,0.9999876507515868
2017-11-07,86.032043,54.691139,0.0021106726176141153,True,False,5.8724583193991026e-05,2.3716284304943698,192111.3152909445,192113.686919375,1,0.9999876550782585
2017-11-08,85.927078,54.865944,0.002121601794528051,True,False,5.872603732652726e-05,2.371687156531696,191876.92629463164,191879.29798178817,1,0.9999876396923406
2017-11-09,85.89476,53.768021,0.0021139960801919784,True,False,5.8727491495070576e-05,2.3717458840231913,191804.75953825726,191807.13128414127,1,0.9999876347356423
2017-11-10,85.458702,54.123772,0.0022492265587133885,True,False,5.872894569962188e-05,2.371804612968891,190831.0330870193,190833.4048916323,1,0.9999875713341995
2017-11-13,85.418358,54.280174,0.002229200630357252,True,False,5.873039994018206e-05,2.371863343368831,190740.9441081478,190743.3159714912,1,0.9999875651561823
2017-11-14,85.53949,54.231113,0.002263736664915479,True,False,5.873185421675201e-05,2.371922075223048,191011.43434681185,191013.80626888707,1,0.9999875824574068
2017-11-15,85.846306,53.743488,0.0023511264283439144,True,False,5.873330852933261e-05,2.371980808531577,191696.56076316704,191698.93274397557,1,0.9999876265309641
2017-11-16,85.628281,54.543934,0.0024076406517007606,True,False,5.873476287792477e-05,2.3720395432944548,191209.70646963007,191212.07850917336,1,0.9999875947191109
2017-11-17,85.741356,54.304729,0.002232033261618552,True,False,5.873621726252935e-05,2.372098279511717,191462.20526216162,191464.57736044112,1,0.9999876107721218
2017-11-20,85.604095,54.951832,0.0022564621398941313,True,False,5.8737671683147284e-05,2.3721570171834,191155.69863592528,191158.07079294245,1,0.9999875905997202
2017-11-21,85.620209,55.580528,0.002140306620401469,True,False,5.873912613977943e-05,2.37221575630954,191191.68152819018,191194.05374394648,1,0.9999875926279618
2017-11-22,85.89476,55.24316,0.0021987067452422385,True,False,5.874058063242671e-05,2.3722744968901726,191804.75953825726,191807.13181275415,1,0.999987631979716
2017-11-24,85.822067,55.740002,0.002181247964699637,True,False,5.874203516108999e-05,2.3723332389253335,191642.43457937601,191644.80691261493,1,0.9999876211973748
2017-11-27,85.878639,55.040768,0.0020826694885932038,True,False,5.874348972577017e-05,2.3723919824150594,191768.7610148489,191771.1334068313,1,0.9999876290454133
2017-11-28,85.89476,55.0653,0.0019351796843684618,True,False,5.874494432646815e-05,2.372450727359386,191804.75953825726,191807.13198898462,1,0.9999876310609374
2017-11-29,85.620209,52.639423,0.0020694908060379237,True,False,5.874639896318479e-05,2.372509473758349,191191.68152819018,191194.05403766394,1,0.9999875910917538
2017-11-30,85.35376,52.921558,0.002178254651409735,True,False,5.874785363592102e-05,2.372568221611985,190596.69545017785,190599.06801839947,1,0.9999875520470992
2017-12-01,85.669159,52.348061,0.0023231065641989945,True,False,5.874930834467773e-05,2.37262697092033,191300.98788144614,191303.36050841707,1,0.9999875975677341
2017-12-04,85.628708,51.090641,0.0022915901612246565,True,False,5.875076308945579e-05,2.3726857216834194,191210.65996938167,191213.03265510336,1,0.999987591401649
2017-12-05,85.693405,51.130527,0.0022791771937792017,True,False,5.875221787025611e-05,2.3727444739012897,191355.12969638067,191357.50244085456,1,0.9999876004627798
2017-12-06,85.871346,51.296139,0.0023319569436226666,True,False,5.875367268707956e-05,2.3728032275739768,191752.475596375,191754.84839960258,1,0.9999876258501552
2017-12-07,85.717644,51.796024,0.0023499002558531015,True,False,5.875512753992704e-05,2.3728619827015165,191409.25588017175,191411.62874215445,1,0.9999876033551447
2017-12-08,85.652954,51.529209,0.002353580169200016,True,False,5.875658242879946e-05,2.3729207392839453,191264.80178431617,191267.17470505545,1,0.9999875936854145
2017-12-11,85.596352,51.838966,0.0020525776694489592,True,False,5.87580373536977e-05,2.372979497321299,191138.40835822842,191140.78133772576,1,0.9999875851742327
2017-12-12,85.52359,51.332935,0.0020596677050459507,True,False,5.8759492314622647e-05,2.3730382568136137,190975.92932093298,190978.30235918978,1,0.9999875743043712
2017-12-13,85.871346,51.323727,0.0022288464512210293,True,False,5.87609473115752e-05,2.373097017760925,191752.475596375,191754.84869339276,1,0.9999876243180607
2017-12-14,85.838989,51.271603,0.0020832578542663576,True,False,5.876240234455625e-05,2.3731557801632697,191680.22175220127,191682.59490798143,1,0.9999876193465489
2017-12-15,85.822807,52.075108,0.0019969870758382137,True,False,5.876385741356668e-05,2.373214544020683,191644.0870145427,191646.46022908672,1,0.9999876167055671
2017-12-18,85.628708,53.191448,0.0020433107817033396,True,False,5.876531251860739e-05,2.373273309333202,191210.65996938167,191213.033242691,1,0.9999875883287396
2017-12-19,85.240555,53.135212,0.0022546163126979488,True,False,5.8766767659679286e-05,2.3733320761008616,190343.90636498187,190346.27969705797,1,0.9999875315026915
2017-12-20,84.989815,53.522366,0.002332837720203882,True,False,5.876822283678324e-05,2.373390844323698,189783.99880593378,189786.3721967781,1,0.9999874944084928
2017-12-21,85.049744,52.957024,0.0021943857242681156,True,False,5.876967804992015e-05,2.373449614001748,189917.82149121014,189920.19494082415,1,0.9999875029108161
2017-12-22,85.082123,52.926289,0.002201164134728505,True,False,5.8771133299090906e-05,2.373508385135047,189990.12446183476,189992.49797021988,1,0.9999875073573405
2017-12-26,85.114494,52.397835,0.0021947631829084243,True,False,5.877258858429641e-05,2.3735671577236315,190062.4095682954,190064.78313545312,1,0.9999875117993005
2017-12-27,85.479065,52.566818,0.0024341140401712043,True,False,5.877404390553754e-05,2.373625931767537,190876.5040833697,190878.87770930148,1,0.9999875647533124
2017-12-28,85.373787,52.714294,0.0023463744237650678,True,False,5.8775499262815205e-05,2.3736847072667997,190641.41615164175,190643.78983634902,1,0.9999875491107825
2017-12-29,85.511452,52.173546,0.002267972324660528,True,False,5.877695465613028e-05,2.373743484221456,190948.82491815832,190951.19866164256,1,0.9999875688474287
2018-01-02,85.228004,53.589947,0.002224122530073044,True,False,0.00013488891545258432,2.3738783731369084,190315.87972474252,190318.25360311565,1,0.9999875267961523
2018-01-03,85.317055,54.527046,0.0022422171546378506,True,False,0.00013489658056873227,2.374013269717477,190514.73243288958,190517.1064461593,1,0.999987539107044
2018-01-04,85.276535,54.834301,0.0022319943232709115,True,False,0.00013490424612045345,2.3741481739635972,190424.25044241088,190426.62459058483,1,0.9999875324777768
2018-01-05,85.171242,55.147697,0.002172991653529421,True,False,0.00013491191210777268,2.374283085875705,190189.12901537554,190191.5032984614,1,0.9999875163556484
2018-01-08,85.130714,55.580898,0.0021487254638811416,True,False,0.00013491957853071465,2.3744180054542356,190098.62916073285,190101.0035787383,1,0.9999875097029434
2018-01-09,84.725746,55.034008,0.002365629242432224,True,False,0.0001349272453893042,2.374552932699625,189194.32731670083,189196.70186963354,1,0.9999874492900286
2018-01-10,84.701477,54.373432,0.002366138197319907,True,False,0.000134934912683566,2.3746878676123084,189140.1341422949,189142.50883016252,1,0.9999874449806005
2018-01-11,84.758156,54.6991,0.0023795092217927683,True,False,0.00013494258041352482,2.374822810192722,189266.6995109608,189269.07433377102,1,0.9999874526632596
2018-01-12,84.701477,54.994068,0.0021298989125579128,True,False,0.00013495024857920548,2.374957760441301,189140.1341422949,189142.50910005535,1,0.9999874435536901
2018-01-16,84.741951,55.175343,0.002144943460811477,True,False,0.00013495791718063263,2.3750927183584816,189230.5134138308,189232.88850654918,1,0.9999874488375825
2018-01-17,84.555679,56.776096,0.002169541549934315,True,False,0.0001349655862178312,2.3752276839446993,188814.56422008824,188816.9394477722,1,0.9999874204735502
2018-01-18,84.288376,57.031105,0.002211781211310595,True,False,0.00013497325569082575,2.37536265720039,188217.67114257277,188220.04650522998,1,0.9999873798636154
2018-01-19,84.069618,57.089497,0.002076666061116081,True,False,0.00013498092559964122,2.3754976381259896,187729.18004501256,187731.5555426507,1,0.9999873463061058
2018-01-22,84.037292,57.513493,0.002008177021149545,True,False,0.00013498859594430226,2.375632626721934,187656.99542447418,187659.3710571009,1,0.9999873407194464
2018-01-23,84.280289,57.974354,0.0021359628277314896,True,False,0.0001349962667248337,2.3757676229886586,188199.61270582545,188201.98847344844,1,0.9999873765009485
2018-01-24,84.11824,56.64706,0.0021506769195873674,True,False,0.0001350039379412603,2.3759026269266,187837.753967546,187840.12987017294,1,0.9999873514640958
2018-01-25,84.304581,55.663857,0.0022308169420349197,True,False,0.00013501160959360678,2.3760376385361934,188253.85723970275,188256.2332773413,1,0.9999873787040292
2018-01-26,84.053444,57.442818,0.0019949126176109994,True,False,0.00013501928168189797,2.3761726578178752,187693.06317151792,187695.43934417574,1,0.9999873402749362
2018-01-29,83.842865,57.359863,0.0020282192033801317,True,False,0.00013502695420615862,2.3763076847720814,187222.83594859063,187225.2122562754,1,0.9999873077580944
2018-01-30,83.648453,56.219982,0.0019609836019132084,True,False,0.00013503462716641352,2.3764427193992477,186788.7099680145,186791.0864107339,1,0.999987277536819
2018-01-31,83.67276,56.677773,0.0019115411596813134,True,False,0.0001350423005626874,2.3765777616998105,186842.98799719923,186845.36457496093,1,0.9999872805099174
2018-02-01,83.241135,56.398178,0.00207368334616071,True,False,0.0001350499743950051,2.3767128116742056,185879.16052581798,185881.53723862965,1,0.9999872138306635
2018-02-02,82.932816,54.880379,0.002136812895659304,True,False,0.00013505764866339137,2.376847869322869,185190.677879658,185193.0547275273,1,0.9999871655669117
2018-02-05,83.614342,52.296448,0.0030264041548296703,True,False,0.00013506532336787097,2.376982934646237,186712.5394058916,186714.91638882627,1,0.9999872694534501
2018-02-06,83.249252,54.189075,0.0031203069467692864,True,False,0.0001350729985084687,2.377118007644745,185897.28595318017,185899.66307118782,1,0.9999872128977084
2018-02-07,83.005867,53.027679,0.0030328807638343837,True,False,0.00013508067408520932,2.3772530883188305,185353.80225987663,185356.17951296494,1,0.9999871746758346
2018-02-08,83.078865,50.800148,0.0030589124866755154,True,False,0.00013508835009811768,2.3773881766689287,185516.808290009,185519.1856781857,1,0.9999871852166233
2018-02-09,82.932816,52.262646,0.003038682294624699,True,False,0.0001350960265472185,2.377523272695476,185190.677879658,185193.0554029307,1,0.9999871619199352
2018-02-12,82.908501,53.267349,0.0030425717626755447,True,False,0.00013510370343253658,2.3776583763989088,185136.3819863093,185138.75964468572,1,0.9999871574251606
2018-02-13,83.046394,53.205891,0.0030854865056193876,True,False,0.00013511138075409672,2.377793487779663,185444.29988149882,185446.6776749866,1,0.9999871780205632
2018-02-14,82.543358,54.453316,0.0032797072217573375,True,False,0.0001351190585119237,2.3779286068381746,184321.01018351156,184323.3881121184,1,0.9999870991487776
2018-02-15,82.567757,55.101593,0.003262016523415573,True,False,0.00013512673670604231,2.378063733574881,184375.4936505819,184377.87171431546,1,0.9999871022280957
2018-02-16,82.762451,54.904961,0.003324219186995925,True,False,0.00013513441533647737,2.3781988679902173,184810.24934293778,184812.62754180576,1,0.9999871318377991
2018-02-20,82.673233,55.87587,0.0033234576094475303,True,False,0.00013514209440325362,2.3783340100846204,184611.02372036796,184613.40205437804,1,0.9999871172190988
2018-02-21,82.429825,55.233723,0.003236029990966425,True,False,0.00013514977390639588,2.378469159858527,184067.48866759305,184069.8671367529,1,0.9999870784436538
2018-02-22,82.543358,55.110821,0.0032762290285418337,True,False,0.00013515745384592897,2.3786043173123725,184321.01018351156,184323.38878782888,1,0.9999870954829283
2018-02-23,82.859825,56.290638,0.00337643823744531,True,False,0.00013516513422187767,2.3787394824465946,185027.6874806691,185030.06622015152,1,0.999987144038096
2018-02-26,82.957146,57.50425,0.003367067603595189,True,False,0.0001351728150342668,2.3788746552616287,185245.00726831413,185247.3861429694,1,0.9999871583901679
2018-02-27,82.69754,57.313778,0.0033880289942894203,True,False,0.00013518049628312112,2.3790098357579117,184665.30174955272,184667.6807593885,1,0.9999871173460023
2018-02-28,82.892265,56.803741,0.003430316004836253,True,False,0.00013518817796846547,2.3791450239358802,185100.12666554394,185102.50581056788,1,0.9999871468783552
2018-03-01,83.248978,55.906586,0.003589190261028351,True,False,0.00013519586009032463,2.3792802197959704,185896.67410556437,185899.05338578415,1,0.9999872012246622
2018-03-02,82.940201,56.855988,0.0034977981212291876,True,False,0.0001352035426487234,2.379415423338619,185207.16873601745,185209.5481514408,1,0.9999871528468857
2018-03-05,82.834595,57.366009,0.003409708529730839,True,False,0.00013521122564368661,2.379550634564263,184971.34837356696,184973.72792420152,1,0.9999871357372678
2018-03-06,82.826431,58.229362,0.0028051879694841,True,False,0.00013521890907523907,2.379685853473338,184953.1179942415,184955.49768009497,1,0.9999871337382056
2018-03-07,82.826431,58.416786,0.0026512110326209403,True,False,0.00013522659294340557,2.3798210800662813,184953.1179942415,184955.49781532158,1,0.9999871330070845
2018-03-08,82.997101,58.469013,0.002620869881334741,True,False,0.0001352342772482109,2.3799563143435294,185334.22760221286,185336.6075585272,1,0.9999871587359578
2018-03-09,82.818329,59.682659,0.0026546316727663003,True,False,0.00013524196198967992,2.380091556305519,184935.02606218678,184937.4061537431,1,0.9999871302858312
2018-03-12,83.013329,60.315575,0.0026830417420689117,True,False,0.00013524964716783743,2.380226805952687,185370.46505881427,185372.84528562022,1,0.9999871597870643
2018-03-13,83.151527,59.384621,0.0027055025034388195,True,False,0.00013525733278270825,2.38036206328547,185679.06402525492,185681.44438731822,1,0.9999871803988215
2018-03-14,83.313988,59.378475,0.002714815739338273,True,False,0.0001352650188343172,2.3804973283043043,186041.8427679785,186044.2232653068,1,0.9999872046694785
2018-03-15,83.281479,59.33239,0.0022921732666108577,True,False,0.00013527270532268904,2.380632601009627,185969.24950468948,185971.63013729049,1,0.9999871989474994
2018-03-16,83.18396,59.307808,0.002320515323232588,True,False,0.00013528039224784864,2.3807678814018747,185751.4875789863,185753.8683468677,1,0.9999871832123735
2018-03-19,83.10273,58.177143,0.0022900346194544246,True,False,0.0001352880796098208,2.3809031694814844,185570.09932413473,185572.48022730422,1,0.9999871699555528
2018-03-20,82.940201,58.604214,0.00232415375916984,True,False,0.0001352957674086304,2.381038465248893,185207.16873601745,185209.5497744827,1,0.9999871440837249
2018-03-21,82.997101,58.714821,0.002207359614530166,True,False,0.00013530345564430216,2.3811737687045373,185334.22760221286,185336.60877598156,1,0.9999871521671599
2018-03-22,83.338371,57.16787,0.002353917678172068,True,False,0.000135311144316861,2.381309079848854,186096.2905067209,186098.67181580074,1,0.9999872040511809
2018-03-23,83.452126,55.26535,0.002230795385344622,True,False,0.0001353188334263317,2.3814443986822806,186350.30775318944,186352.68919758813,1,0.9999872207671971
2018-03-26,83.224602,57.571152,0.0023243207391747006,True,False,0.00013532652297273913,2.3815797252052535,185842.24199796547,185844.62357769068,1,0.9999871851029135
2018-03-27,83.69593,55.453148,0.0024924412348407777,True,False,0.00013533421295610805,2.3817150594182097,186894.7270820806,186897.10879714,1,0.9999872565441233
2018-03-28,83.679642,54.252533,0.002463108646084197,True,False,0.00013534190337646335,2.381850401321586,186858.35564424944,186860.73749465076,1,0.9999872533393946
2018-03-29,83.850311,55.428516,0.002326754903665027,True,False,0.0001353495942338298,2.38198575091582,187239.46301920034,187241.84500495126,1,0.9999872785607786
2018-04-02,83.935753,53.310501,0.002122095532552979,True,False,0.0001353572855282323,2.382121108201348,187430.25675637904,187432.63887748725,1,0.9999872907881867
2018-04-03,83.667168,54.320244,0.00225165266744109,True,False,0.00013536497725969565,2.382256473178608,186830.50094658826,186832.88320306144,1,0.9999872492655878
2018-04-04,83.618317,55.019073,0.0022610428995729717,True,False,0.0001353726694282447,2.382391845848036,186721.41566236134,186723.79805420717,1,0.9999872410915445
2018-04-05,83.406708,54.455704,0.0023580152032866442,True,False,0.0001353803620339043,2.3825272262100703,186248.88842832364,186251.27095554984,1,0.999987207994802
2018-04-06,83.772957,52.808693,0.0024996125151670497,True,False,0.00013538805507669924,2.382662614265147,187066.72995178943,187069.11261440368,1,0.9999872631960405
2018-04-09,83.78923,53.141174,0.0024239820536801123,True,False,0.0001353957485566544,2.382798010013704,187103.0678943131,187105.45069232312,1,0.9999872649460441
2018-04-10,83.642738,54.840523,0.0024398940653762094,True,False,0.0001354034424737946,2.3829334134561777,186775.94825588254,186778.331189296,1,0.9999872419172059
2018-04-11,83.724136,54.862068,0.0024255841715216295,True,False,0.0001354111368281447,2.383068824593006,186957.71165817737,186960.09472700197,1,0.9999872535963994
2018-04-12,83.422958,55.896442,0.0025467450923207496,True,False,0.00013541883161972954,2.383204243424626,186285.17501137592,186287.55821561936,1,0.9999872068523187
2018-04-13,83.496223,55.483936,0.0025505875984281065,True,False,0.00013542652684857398,2.3833396699514746,186448.77725798063,186451.1605976506,1,0.999987217351384
2018-04-16,83.455482,55.582439,0.0025367871908915113,True,False,0.00013543422251470285,2.3834751041739892,186357.80176997243,186360.1852450766,1,0.9999872103845516
2018-04-17,83.504341,56.635292,0.002523858755761682,True,False,0.00013544191861814098,2.3836105460926076,186466.9049183633,186469.28852890938,1,0.9999872171414129
2018-04-18,83.178795,56.078079,0.0026477659720050496,True,False,0.00013544961515891325,2.3837459957077667,185739.9540281269,185742.3377741226,1,0.9999871663831507
2018-04-19,82.950836,53.652229,0.002720882343576659,True,False,0.00013545731213704452,2.383881453019904,185230.91690898736,185233.30079044038,1,0.9999871303839922
2018-04-20,82.674141,53.018047,0.0026337934623348533,True,False,0.00013546500955255962,2.3840169180294564,184613.05130297792,184615.43531989594,1,0.999987086578574
2018-04-23,82.592743,52.313049,0.0026031810681065638,True,False,0.0001354727074054834,2.384152390736862,184431.2879006831,184433.67205307382,1,0.9999870731175918
2018-04-24,82.495071,51.891312,0.0025565456938179713,True,False,0.00013548040569584072,2.3842878711425577,184213.1843228441,184215.56861071524,1,0.9999870570772649
2018-04-25,82.315979,51.826668,0.002140701991515048,True,False,0.00013548810442365645,2.3844233592469815,183813.26821625943,183815.65263961867,1,0.999987028181088
2018-04-26,82.552025,52.885662,0.0022924073861462094,True,False,0.00013549580358895546,2.3845588550505705,184340.3637721463,184342.74833100135,1,0.9999870645367033
2018-04-27,82.690399,52.516251,0.0022711292524950897,True,False,0.00013550350319176257,2.3846943585537623,184649.35575019417,184651.74044455274,1,0.9999870854487869
2018-04-30,82.779945,51.940567,0.002273710521383672,True,False,0.0001355112032321027,2.3848298697569943,184849.3138034865,184851.69863335625,1,0.9999870986856633
2018-05-01,82.650307,52.79332,0.00220700336053135,True,False,0.00013551890371000063,2.3849653886607043,184559.82949248754,184562.2144578762,1,0.9999870777157954
2018-05-02,82.666611,52.559338,0.0022144152051387844,True,False,0.0001355266046254813,2.3851009152653297,184596.2366586466,184598.62175956188,1,0.9999870795302125
2018-05-03,82.878632,52.873333,0.002269294500323008,True,False,0.00013553430597856953,2.3852364495713085,185069.68389712845,185072.069133578,1,0.999987111850747
2018-05-04,82.886787,54.113987,0.0019870455935539827,True,False,0.00013554200776929023,2.3853719915790776,185087.89417926944,185090.27955126102,1,0.999987112386467
2018-05-07,82.846001,54.637337,0.001979761258257355,True,False,0.00013554970999766821,2.3855075412890754,184996.81820533893,184999.20371288023,1,0.9999871053091396
2018-05-08,82.707352,54.960575,0.0019774737816243898,True,False,0.0001355574126637284,2.385643098701739,184687.2121466548,184689.59778975352,1,0.9999870829590445
2018-05-09,82.519798,55.797928,0.001977940217548848,True,False,0.00013556511576749564,2.3857786638175065,184268.40022063698,184270.7859993008,1,0.9999870528654291
2018-05-10,82.691055,56.813843,0.0019501387556861102,True,False,0.0001355728193089948,2.3859142366368156,184650.82061163924,184653.20652587587,1,0.9999870789450045
2018-05-11,82.699203,56.398232,0.0019300907764164892,True,False,0.00013558052328825078,2.386049817160104,184669.01526263676,184671.40131245393,1,0.9999870794838821
2018-05-14,82.519798,57.08783,0.001966848000109299,True,False,0.00013558822770528845,2.3861854053878093,184268.40022063698,184270.78640604237,1,0.9999870506581541
2018-05-15,82.06311,56.469055,0.0022379311368163897,True,False,0.00013559593256013265,2.3863210013203693,183248.60655657636,183250.99287757766,1,0.9999869778549964
2018-05-16,81.891869,57.195576,0.002143072161700663,True,False,0.0001356036378528083,2.386456604958222,182866.22189390205,182868.608350507,1,0.999986949883709
2018-05-17,81.842926,57.029335,0.0020926560280948403,True,False,0.00013561134358334025,2.3865922163018056,182756.93117178956,182759.31776400586,1,0.9999869413376812
2018-05-18,82.161011,56.213528,0.0022265112259248197,True,False,0.00013561904975175338,2.3867278353515573,183467.22149610883,183469.60822394417,1,0.9999869911542383
2018-05-21,82.218025,56.776909,0.002231412696724281,True,False,0.00013562675635807263,2.3868634621079154,183594.5349266407,183596.92179010282,1,0.9999869994363804
2018-05-22,82.185425,57.093994,0.002220582869714811,True,False,0.00013563446340232282,2.386999096571318,183521.73845848656,183524.12545758314,1,0.9999869935405461
2018-05-23,82.560562,57.401836,0.002405833411914273,True,False,0.00013564217088452886,2.3871347387422026,184359.4270681166,184361.81420285534,1,0.9999870519025371
2018-05-24,82.772598,57.632725,0.0023889699997808977,True,False,0.00013564987880471566,2.3872703886210074,184832.90780190588,184835.2950722945,1,0.9999870843369623
2018-05-25,83.098808,58.097584,0.002515682661259124,True,False,0.00013565758716290805,2.38740604620817,185561.3414177513,185563.72882379752,1,0.999987134306573
2018-05-29,83.995865,57.746632,0.00344080156819915,True,False,0.00013566529595913094,2.387541711504129,187564.48808440604,187566.87562611754,1,0.9999872709842634
2018-05-30,83.637024,58.122208,0.0035865637739870325,True,False,0.00013567300519340923,2.3876773845093227,186763.18877677113,186765.57645415564,1,0.9999872156452498
2018-05-31,83.59626,57.700443,0.0035938055061720754,True,False,0.00013568071486576785,2.3878130652241882,186672.16192929153,186674.54974235676,1,0.9999872086844804
2018-06-01,83.287392,59.014969,0.003681937754638953,True,False,0.00013568842497623163,2.3879487536491646,185982.45335487952,185984.84130363318,1,0.9999871605194438
2018-06-04,82.993233,59.482903,0.003778144099141258,True,False,0.00013569613552482553,2.3880844497846896,185325.59027893617,185327.97836338595,1,0.999987114279933
2018-06-05,83.205711,59.766132,0.0038158427402820694,True,False,0.00013570384651157442,2.388220153631201,185800.05800778445,185802.44622793808,1,0.9999871464547313
2018-06-06,82.870674,60.144775,0.003912664856740871,True,False,0.00013571155793650318,2.3883558651891375,185051.91352002503,185054.30187589023,1,0.9999870937565839
2018-06-07,83.222015,59.609123,0.003975046452080114,True,False,0.0001357192697996367,2.388491584458937,185836.46517394352,185838.85366552797,1,0.999987147512281
2018-06-08,83.107613,59.076542,0.003974529042075666,True,False,0.0001357269821009999,2.388627311441038,185581.0031632144,185583.39179052584,1,0.9999871290890396
2018-06-11,83.025902,58.962643,0.003984072860641922,True,False,0.00013573469484061773,2.3887630461358786,185398.54082550452,185400.92958855064,1,0.9999871156900269
2018-06-12,82.976891,59.267414,0.003950134791897844,True,False,0.000135742408018515,2.388898788543897,185289.0982579983,185291.48715678684,1,0.9999871073473197
2018-06-13,82.878853,59.178139,0.0037254488440951364,True,False,0.0001357501216347167,2.389034538665532,185070.17739465798,185072.56642919665,1,0.9999870913632162
2018-06-14,83.14032,59.532166,0.003718407235726353,True,False,0.0001357578356892477,2.389170296501221,185654.03856456158,185656.42773485807,1,0.9999871312276896
2018-06-15,83.205711,59.479836,0.0037047293530736362,True,False,0.00013576555018213286,2.389306062051403,185800.05800778445,185802.4473138465,1,0.9999871406103816
2018-06-18,83.246559,58.907223,0.0036345632391339244,True,False,0.0001357732651133972,2.3894418353165165,185891.2724289857,185893.66187082103,1,0.9999871461898633
2018-06-19,83.467133,58.260738,0.003661739857502463,True,False,0.00013578098048306554,2.3895776162969997,186383.8186917658,186386.2082693821,1,0.9999871794290013
2018-06-20,83.197502,58.54089,0.0037623351321247438,True,False,0.00013578869629116282,2.389713404993291,185781.7271425367,185784.11685594168,1,0.9999871371490446
2018-06-21,83.418129,57.81435,0.0036804795596248985,True,False,0.000135796412537714,2.389849201405829,186274.39175540302,186276.78160460442,1,0.9999871704397036
2018-06-22,83.434486,57.355656,0.0036490765429580624,True,False,0.00013580412922274392,2.3899850055350513,186310.9172716484,186313.30725665393,1,0.9999871722259631
2018-06-25,83.548843,55.668633,0.0035623609214957747,True,False,0.00013581184634627752,2.3901208173813977,186566.2787964552,186568.6689172726,1,0.9999871890557442
2018-06-26,83.589729,55.866344,0.0025787943804896664,True,False,0.00013581956390833972,2.390256636945306,186657.57807243525,186659.9683290722,1,0.999987194594222
2018-06-27,83.908394,54.531853,0.0025459160585881275,True,False,0.0001358272819089555,2.390392464227215,187369.16354864193,187371.55394110616,1,0.9999872425007214
2018-06-28,83.82666,54.945793,0.002554769507926447,True,False,0.0001358350003481497,2.3905282992275634,187186.64985146065,187189.04037975988,1,0.9999872293362133
2018-06-29,83.761337,55.060078,0.0024026829465661837,True,False,0.00013584271922594725,2.390664141946789,187040.78225363142,187043.17291777337,1,0.9999872186506213
2018-07-02,83.703987,55.406063,0.0022432319414367207,True,False,0.0001358504385423731,2.3907999923853316,186912.718528213,186915.1093282054,1,0.9999872091667656
2018-07-03,83.91687,54.395924,0.0022423922752490616,False,False,0.00013585815829745217,2.390935850543629,187388.090630362,187390.48156621255,1,0.9999872408895556
2018-07-05,83.925026,55.850895,0.001985450679850561,True,False,0.0001358658784912094,2.3910717164221205,187406.30314552353,187408.69421723994,1,0.9999872414045335
2018-07-06,83.998734,56.536671,0.0017983490621069187,True,False,0.0001358735991236697,2.391207590021244,187570.89462020772,187573.28582779775,1,0.9999872518755564
2018-07-09,83.785866,56.898094,0.0018779190095177369,True,False,0.00013588132019485798,2.3913434713414388,187095.55601336615,187097.94735683748,1,0.9999872187615892
2018-07-10,83.720398,57.500465,0.0018705781076249674,True,False,0.00013588904170479921,2.3914793603831437,186949.36462756508,186951.75610692546,1,0.9999872080401373
2018-07-11,83.892319,56.023884,0.0018889165634775813,True,False,0.0001358967636535183,2.391615257146797,187333.26774417635,187335.65935943348,1,0.9999872335290285
2018-07-12,83.859566,56.400761,0.0018587909979812154,True,False,0.0001359044860410402,2.391751161632838,187260.1296238864,187262.52137504803,1,0.9999872278171624
2018-07-13,83.998734,56.196865,0.0017788000431150834,True,False,0.00013591220886738982,2.3918870738417053,187570.89462020772,187573.28650728156,1,0.9999872482531048
2018-07-16,83.859566,56.11964,0.0018419374041642328,True,False,0.00013591993213259214,2.3920229937738378,187260.1296238864,187262.52164688017,1,0.999987226365571
2018-07-17,83.81041,56.925896,0.0018545814526997972,True,False,0.00013592765583667204,2.3921589214296746,187150.36326840834,187152.75542732977,1,0.9999872181474648
2018-07-18,83.744972,57.364552,0.0017871506165960179,True,False,0.00013593537997965452,2.392294856809654,187004.23887322214,187006.63116807895,1,0.99998720743301
2018-07-19,83.974144,57.237915,0.001684585789557211,True,False,0.00013594310456156448,2.392430799914216,187515.98464622273,187518.37707702265,1,0.9999872416195297
2018-07-20,83.679413,56.969151,0.0018222993066588048,True,False,0.00013595082958242687,2.392566750743798,186857.84428255598,186860.23684930673,1,0.9999871959556987
2018-07-23,83.270134,57.046368,0.002144646385982102,True,False,0.0001359585550422666,2.3927027092988404,185943.91588716774,185946.30858987704,1,0.9999871322925018
2018-07-24,83.327415,56.425465,0.0021254072117927424,True,False,0.0001359662809411087,2.3928386755797817,186071.82553417195,186074.21837284754,1,0.9999871404072176
2018-07-25,83.270134,56.638615,0.0021235730640874937,True,False,0.00013597400727897806,2.3929746495870607,185943.91588716774,185946.30886181732,1,0.999987130830054
2018-07-26,83.180092,57.744518,0.001909919339306418,True,False,0.00013598173405589964,2.393110631321117,185742.8502557096,185745.24336634093,1,0.9999871161673486
2018-07-27,83.311073,57.488125,0.0019565084827306224,True,False,0.00013598946127189838,2.3932466207823886,186035.33351323404,186037.72675985482,1,0.9999871356919778
2018-07-30,83.204659,56.925896,0.0019659796563725723,True,False,0.00013599718892699924,2.393382617971316,185797.7088702232,185800.10225284117,1,0.9999871185075306
2018-07-31,83.319252,57.302757,0.002000309774245216,True,False,0.00013600491702122716,2.393518622888337,186053.59738786696,186055.99090648984,1,0.9999871354928631
2018-08-01,83.122414,57.219368,0.0019426394324315308,True,False,0.00013601264555460708,2.393654635533892,185614.0540995687,185616.44775420422,1,0.9999871042967124
2018-08-02,83.220802,57.781578,0.0019744007340751464,True,False,0.00013602037452716402,2.393790655908419,185833.75652008248,185836.1503107384,1,0.9999871188105656
2018-08-03,83.43409,57.902058,0.002066317785145096,True,False,0.00013602810393892288,2.3939266840123583,186310.03299553212,186312.42692221614,1,0.9999871510090681
2018-08-06,83.475105,58.251106,0.0020067131703782513,True,False,0.0001360358337899086,2.3940627198461484,186401.62033115613,186404.01439387596,1,0.9999871565924822
2018-08-07,83.302834,58.714481,0.0020469260571182365,True,False,0.0001360435640801462,2.3941987634102286,186016.93565737142,186019.32985613483,1,0.9999871293012115
2018-08-08,83.376656,58.850395,0.0019938567416465554,True,False,0.0001360512948096606,2.3943348147050383,186181.7816963921,186184.17603120682,1,0.9999871399661037
2018-08-09,83.606339,58.269657,0.002107539202478709,True,False,0.00013605902597847678,2.394470873731017,186694.66854286595,186697.06301373968,1,0.9999871745659248
2018-08-10,83.967232,56.823952,0.0023015575478458157,True,False,0.0001360667575866197,2.3946069404886035,187500.55000855765,187502.94461549813,1,0.9999872289635483
2018-08-13,83.942665,56.907364,0.002270407938618266,True,False,0.00013607448963411429,2.3947430149782374,187445.69139404412,187448.0861370591,1,0.9999872245000505
2018-08-14,83.860588,56.793072,0.002277863842180864,True,False,0.00013608222212098555,2.3948790972003584,187262.41177083284,187264.80664993005,1,0.9999872112697519
2018-08-15,84.065651,56.005344,0.002330878452649507,True,False,0.00013608995504725844,2.3950151871554057,187720.32165270683,187722.71666789398,1,0.9999872417402131
2018-08-16,84.041061,55.934296,0.0022541524698169654,True,False,0.00013609768841295797,2.3951512848438186,187665.41167872184,187667.80683000668,1,0.9999872372820607
2018-08-17,84.073853,55.517258,0.002093336446218467,False,False,0.00013610542221810905,2.3952873902660365,187738.63688681112,187741.0321742014,1,0.9999872415349882
2018-08-20,84.336349,55.467846,0.0018056803373810758,False,False,0.0001361131564627367,2.3954235034224993,188324.79583480462,188327.19125830804,1,0.9999872805223323
2018-08-21,84.221497,56.549026,0.001859993362747076,True,False,0.00013612089114686582,2.395559624313646,188068.3289648525,188070.7245244768,1,0.999987262453365
2018-08-22,84.377342,56.814693,0.0018588078302487795,True,False,0.00013612862627052148,2.3956957529399165,188416.3340439777,188418.72973973062,1,0.9999872852568519
2018-08-23,84.369141,56.87957,0.0018229227954584418,True,False,0.0001361363618337286,2.3958318893017503,188398.02104289387,188400.41687478317,1,0.9999872832983651
2018-08-24,84.393745,57.704357,0.0018134656991760695,True,False,0.00013614409783651216,2.395968033399587,188452.9622791658,188455.3582471992,1,0.9999872862833104
2018-08-27,84.205109,58.621826,0.0018785645484742045,True,False,0.00013615183427889718,2.396104185233866,188031.73422497182,188034.13032915705,1,0.999987257078377
2018-08-28,84.016441,58.847313,0.001971632248398108,True,False,0.00013615957116090856,2.396240344805027,187610.434714122,187612.8309544668,1,0.9999872277373962
2018-08-29,83.991837,59.001785,0.0018695498093512103,True,False,0.00013616730848257135,2.3963765121135094,187555.49347785008,187557.88985436218,1,0.9999872232700316
2018-08-30,84.147667,58.473541,0.0018879842650329562,True,False,0.00013617504624391055,2.3965126871597535,187903.46506166784,187905.861574355,1,0.9999872462058018
2018-08-31,84.164116,58.79171,0.0018288726345834188,True,False,0.00013618278444495107,2.3966488699441983,187940.19601579875,187942.5926646687,1,0.9999872479737778
2018-09-04,83.971725,59.264351,0.0019273915844558937,True,False,0.00013619052308571795,2.396785060467284,187510.58296964408,187512.97975470455,1,0.9999872180311805
2018-09-05,83.963539,58.977066,0.0018490721435565844,True,False,0.00013619826216623615,2.39692125872945,187492.3034638677,187494.70038512643,1,0.9999872160586203
2018-09-06,84.136139,57.413975,0.0018835015793944242,True,False,0.00013620600168653065,2.397057464731137,187877.72280139543,187880.11985886015,1,0.9999872415587848
2018-09-07,83.758095,57.176117,0.002103421522627585,True,False,0.0001362137416466265,2.3971936784727834,187033.5428011849,187035.93999486338,1,0.9999871832457519
2018-09-10,83.807396,57.781578,0.0018615179292710553,True,False,0.00013622148204654866,2.39732989995483,187143.63294463482,187146.03027453477,1,0.9999871900574304
2018-09-11,83.503296,57.222458,0.002023194048551817,True,False,0.00013622922288632208,2.397466129177716,186464.57141194548,186466.96887807467,1,0.999987142676563
2018-09-12,83.601967,56.561394,0.002040519012125068,True,False,0.0001362369641659718,2.397602366141882,186684.9057772595,186687.30337962563,1,0.9999871571214393
2018-09-13,83.593697,57.206997,0.0019473030798875665,True,False,0.00013624470588552282,2.397738610847768,186666.4386977615,186668.83643637237,1,0.9999871551210334
2018-09-14,83.437546,57.849537,0.0019794438737970525,True,False,0.00013625244804500014,2.397874863295813,186317.75031436468,186320.14818922797,1,0.9999871303512443
2018-09-17,83.453972,57.043278,0.0019760562112238877,True,False,0.00013626019064442874,2.3980111234864574,186354.42990902415,186356.82792014765,1,0.9999871321531373
2018-09-18,83.108818,57.534447,0.001968689590233281,True,False,0.0001362679336838336,2.3981473914201414,185583.6939529115,185586.09210030292,1,0.9999870779789354
2018-09-19,82.96907,57.624039,0.0019753693021586378,True,False,0.00013627567716323978,2.3982836670973047,185271.63380470278,185274.0320883699,1,0.9999870554786331
2018-09-20,82.97728,58.322166,0.001891212820925104,True,False,0.00013628342108267224,2.398419950518387,185289.96690297103,185292.36532292154,1,0.9999870560238878
2018-09-21,83.010178,58.164627,0.0019045431651971672,True,False,0.00013629116544215596,2.3985562416838295,185363.42881123285,185365.82736747453,1,0.9999870604184399
2018-09-24,82.9198,58.365421,0.0018873861523179308,True,False,0.00013629891024171604,2.3986925405940713,185161.61288488822,185164.0115774288,1,0.9999870455791049
2018-09-25,82.837563,57.435604,0.0018606230180304045,True,False,0.00013630665548137737,2.3988288472495527,184977.9759783977,184980.37480724495,1,0.9999870319819075
2018-09-26,83.108818,56.842045,0.0020383060011759276,True,False,0.00013631440116116506,2.3989651616507137,185583.6939529115,185586.09291807315,1,0.9999870735725725
2018-09-27,83.108818,57.056137,0.002041248203540844,True,False,0.00013632214728110406,2.399101483797995,185583.6939529115,185586.0930543953,1,0.9999870728380326
2018-09-28,83.149872,57.41605,0.0019794445906896703,True,False,0.00013632989384121939,2.399237813691836,185675.36837633484,185677.76761414853,1,0.9999870784863233
2018-10-01,82.939079,57.614616,0.0020159364167495965,True,False,0.00013633764084153608,2.3993741513326774,185204.66328702148,185207.06266117282,1,0.999987044910076
2018-10-02,83.153198,57.614616,0.0021098512972571697,True,False,0.00013634538828207913,2.3995104967209593,185682.79540250293,185685.19491299966,1,0.9999870775346529
2018-10-03,82.535561,57.667377,0.0026181291070292967,True,False,0.00013635313616287357,2.399646849857122,184303.59932270797,184305.99896955784,1,0.9999869800936309
2018-10-04,82.321388,56.64658,0.00255167656467951,True,False,0.0001363608844839444,2.399783210741606,183825.34662411973,183827.74640733047,1,0.9999869454788103
2018-10-05,82.123749,55.306194,0.002444816675749174,False,False,0.00013636863324531666,2.3999195793748513,183384.01468640455,183386.41460598394,1,0.999986913318609
2018-10-08,82.156708,54.688755,0.0024388260177639286,False,False,0.00013637638244701536,2.4000559557572982,183457.61280891657,183460.01286487232,1,0.9999869178252074
2018-10-09,82.313171,54.626705,0.002437622519430431,False,False,0.00013638413208906552,2.4001923398893874,183806.997894708,183809.39808704788,1,0.9999869419498412
2018-10-10,82.354309,52.21587,0.0024143418186605018,False,False,0.00013639188217149216,2.400328731771559,183898.85989185295,183901.26022058472,1,0.9999869477309242
2018-10-11,82.69194,51.694622,0.0026447961368789076,False,False,0.00013639963269432035,2.4004651314042533,184652.79683477778,184655.1972999092,1,0.9999870002839535
2018-10-12,82.593155,52.634735,0.0026312458521759266,False,False,0.00013640738365757504,2.4006015387879107,184432.20790512726,184434.60850666606,1,0.999986983996343
2018-10-15,82.642578,52.203468,0.002638430026219654,False,False,0.00013641513506128128,2.400737953922972,184542.57047707762,184544.97121503155,1,0.9999869910410556
2018-10-16,82.634354,53.903759,0.0024945456497030847,False,False,0.00013642288690546414,2.4008743768098775,184524.20611652243,184526.60699089925,1,0.9999869890070816
2018-10-17,82.395538,53.689686,0.002544444967567204,False,False,0.00013643063919014858,2.4010108074490675,183990.92509386298,183993.32610467044,1,0.9999869505549017
2018-10-18,82.54377,52.346191,0.0025880761583951476,False,False,0.00013643839191535971,2.401147245840983,184321.93018795573,184324.33133520157,1,0.9999869732485752
2018-10-19,82.444931,51.561207,0.002591287621592731,False,False,0.00013644614508112252,2.4012836919860643,184101.22067519845,184103.62195889044,1,0.9999869568905465
2018-10-22,82.461395,51.87767,0.0025877394471956897,False,False,0.00013645389868746207,2.4014201458847517,184137.9851246368,184140.38654478267,1,0.9999869587536393
2018-10-23,82.675522,51.607746,0.0026588203276304147,False,False,0.00013646165273440333,2.4015566075374863,184616.13510428224,184618.53666088977,1,0.9999869917904726
2018-10-24,83.120201,48.222668,0.0028339566018598613,False,False,0.00013646940722197146,2.4016930769447082,185609.11242521208,185611.51411828902,1,0.9999870606460577
2018-10-25,82.922577,49.299309,0.0028838066867354997,False,False,0.00013647716215019136,2.4018295541068584,185167.81398280433,185170.21581235845,1,0.9999870290719078
2018-10-26,83.293198,48.442955,0.003058700169168577,False,False,0.00013648491751908813,2.4019660390243773,185995.41827187655,185997.82023791558,1,0.9999870860527508
2018-10-29,83.28495,47.937206,0.0029965457394817087,False,False,0.00013649267332868683,2.402102531697706,185977.00031882944,185979.40242136113,1,0.9999870840399506
2018-10-30,83.10379,49.929157,0.0029872422612630596,False,False,0.0001365004295790125,2.402239032127285,185572.46632586,185574.86856489212,1,0.9999870551489504
2018-10-31,82.897858,50.562119,0.002504518216704237,False,False,0.00013650818627009017,2.4023755403135554,185112.6159491754,185115.01832471573,1,0.9999870222548011
2018-11-01,82.968864,52.935707,0.002417608985260682,False,False,0.0001365159434019449,2.4025120562569575,185271.1738024807,185273.57631453697,1,0.9999870326243815
2018-11-02,82.506706,52.138298,0.0026995344210772737,False,False,0.0001365237009746017,2.402648579957932,184239.16551630956,184241.56816488953,1,0.9999869592481008
2018-11-05,82.556221,51.663593,0.0027005531550300913,False,False,0.00013653145898808564,2.4027851114169203,184349.73352614552,184352.13631125694,1,0.9999869663288992
2018-11-06,82.465401,52.265514,0.002686851197453249,False,False,0.00013653921744242182,2.402921650634363,184146.93060474188,184149.33352639253,1,0.9999869512335199
2018-11-07,82.465401,52.858135,0.0026851874937071176,False,False,0.00013654697633763523,2.4030581976107004,184146.93060474188,184149.3336629395,1,0.9999869504920283
2018-11-08,82.349876,52.715412,0.0025282841331568775,False,False,0.00013655473567375092,2.403194752346374,183888.96091199626,183891.3641067486,1,0.9999869314431158
2018-11-09,82.671753,51.71014,0.002675968407480112,False,False,0.00013656249545079396,2.4033313148418247,184607.71885003458,184610.12218134943,1,0.9999869815842899
2018-11-12,82.919365,49.401711,0.002754209086600755,False,False,0.00013657025566878942,2.4034678850974935,185160.64152097268,185163.0449888578,1,0.9999870197215365
2018-11-13,82.985397,50.081207,0.0027569233559589655,False,False,0.00013657801632776232,2.403604463113821,185308.09233033325,185310.49593479637,1,0.9999870293128784
2018-11-14,83.158661,50.301495,0.0026855808102291315,False,False,0.00013658577742773777,2.403741048891249,185694.99439346997,185697.39813451885,1,0.999987055601893
2018-11-15,83.216492,52.001781,0.002667963333000166,False,False,0.0001365935389687408,2.4038776424302175,185824.13220174675,185826.5360793892,1,0.9999870638623893
2018-11-16,83.472313,51.375046,0.0027033505973121695,False,False,0.00013660130095079649,2.4040142437311682,186395.3857379326,186397.78975217635,1,0.9999871027749474
2018-11-19,83.596115,49.410995,0.0027080797125880233,False,False,0.00013660906337392988,2.404150852794542,186671.83814131966,186674.24229217245,1,0.9999871211431033
2018-11-20,83.579567,49.473064,0.0026762041709997965,False,False,0.00013661682623816604,2.40428746962078,186634.88611815972,186637.29040562935,1,0.9999871178612569
2018-11-21,83.563087,49.67783,0.002426232436554478,False,False,0.00013662458954353005,2.4044240942103237,186598.08594039344,186600.49036448766,1,0.9999871145885548
2018-11-23,83.612625,49.705757,0.002345303690050962,False,False,0.00013663235329004696,2.4045607265636137,186708.7053097008,186711.10987042738,1,0.9999871214909052
2018-11-26,83.546577,50.60556,0.0021547771624600615,False,False,0.00013664011747774186,2.4046973666810914,186561.21877201233,186563.623469379,1,0.9999871105774966
2018-11-27,83.629097,50.680027,0.002161798701240245,False,False,0.0001366478821066398,2.404834014563198,186745.4876233031,186747.89245731768,1,0.9999871225641
2018-11-28,83.620872,51.865257,0.00208993199707159,False,False,0.00013665564717676586,2.404970670210375,186727.12102972742,186729.52600039763,1,0.999987120565656
2018-11-29,83.835419,51.486736,0.0020390720041055686,False,False,0.0001366634126881451,2.405107333623063,187206.20887798094,187208.61398531456,1,0.999987152795577
2018-11-30,84.000519,52.203468,0.0020625052834603837,False,False,0.00013667117864080264,2.405244004801704,187574.88056179223,187577.28580579703,1,0.9999871773173683
2018-12-03,84.184097,53.574871,0.00148271849905666,False,False,0.00013667894503476352,2.405380683746739,187984.81399831982,187987.21937900357,1,0.9999872045520345
2018-12-04,84.572838,51.012016,0.0016822347320893708,False,False,0.00013668671187005277,2.405517370458609,188852.88061877099,188855.28613614145,1,0.9999872626421019
2018-12-06,84.787834,50.751392,0.0016150091435907393,False,False,0.00013669447914669555,2.4056540649377554,189332.971093227,189335.37674729194,1,0.9999872942177724
2018-12-07,85.035965,48.858711,0.0016149512399484577,False,False,0.0001367022468647169,2.40579076718462,189887.0527018023,189889.4584925695,1,0.9999873305722904
2018-12-10,85.085564,49.485462,0.0014803639024010625,False,False,0.0001367100150241419,2.405927477199644,189997.80828535988,190000.21421283708,1,0.9999873372380806
2018-12-11,84.870514,49.801952,0.0016507563109283037,False,False,0.00013671778362499563,2.406064194983269,189517.5972277971,189520.00329199206,1,0.9999873044314417
2018-12-12,84.638992,50.509369,0.0018306760131120245,False,False,0.0001367255526673032,2.406200920535936,189000.603856632,189003.0100575525,1,0.9999872689809555
2018-12-13,84.688599,50.403885,0.00183266874016255,False,False,0.0001367333221510897,2.406337653858087,189111.37730435352,189113.7836420074,1,0.9999872757151408
2018-12-14,84.82093,49.690262,0.0018202660058943348,False,False,0.00013674109207638017,2.4064743949501635,189406.87513954693,189409.2816139419,1,0.9999872948444002
2018-12-17,85.069038,49.046314,0.0018687067067278778,False,False,0.00013674886244319977,2.4066111438126065,189960.90538865083,189963.31199979465,1,0.9999873311792763
2018-12-18,85.278709,49.693058,0.0018397266931236,False,False,0.00013675663325157352,2.406747900445858,190429.1050289682,190431.51177686863,1,0.9999873616090216
2018-12-19,85.577072,47.578716,0.0019167171565064056,False,False,0.00013676440450152653,2.4068846648503595,191095.3557230747,191097.76260773954,1,0.9999874049563323
2018-12-20,85.469307,47.249134,0.001970598773380015,False,False,0.00013677217619308392,2.4070214370265526,190854.71426937438,190857.1212908114,1,0.9999873883593091
2018-12-21,85.543922,46.446926,0.0019474052861690122,False,False,0.00013677994832627077,2.407158216974879,191021.331093648,191023.738251865,1,0.9999873986435455
2018-12-24,85.759384,45.085041,0.0019647188452418863,False,False,0.00013678772090111217,2.40729500469578,191502.46215565497,191504.86945065967,1,0.9999874295885447
2018-12-26,85.353325,47.790157,0.0023450891871450315,False,False,0.00013679549391763321,2.407431800189698,190595.72408626231,190598.1315180625,1,0.9999873690692506
2018-12-27,85.568787,48.104187,0.0023672277015813893,False,False,0.000136803267375859,2.4075686034570736,191076.85514826927,191079.26271687273,1,0.9999874001575617
2018-12-28,86.032837,48.449322,0.0025295157913757947,False,False,0.00013681104127581466,2.4077054144983494,192113.08830921794,192115.49601463243,1,0.999987467406511
2018-12-31,86.356102,48.788242,0.0025713138072277837,False,False,0.00013681881561752524,2.407842233313967,192834.94567970405,192837.35352193736,1,0.9999875136108781
2019-01-02,86.538399,49.102276,0.0025729145123548265,False,False,0.00014599932271840244,2.407988232636685,193242.0186169769,193244.42660520953,1,0.9999875391581794
2019-01-03,87.226295,46.238594,0.0029467847959550202,False,False,0.0001460081753757482,2.408134240812061,194778.10448376698,194780.51261800778,1,0.9999876366777742
2019-01-04,86.521873,48.324955,0.0036023888781145886,False,False,0.0001460170285698742,2.408280257840631,193205.11572026782,193207.52400052565,1,0.999987535266702
2019-01-07,86.281509,49.217331,0.0036890129137759323,False,False,0.00014602588230081285,2.4084262837229318,192668.3779818813,192670.786408165,1,0.9999874997848475
2019-01-08,86.066017,49.002785,0.0037295493652166178,False,False,0.00014603473656859682,2.4085723184595005,192187.1799292595,192189.58850157796,1,0.9999874677273767
2019-01-09,86.115715,50.262051,0.003729551148386415,False,False,0.0001460435913732586,2.4087183620508736,192298.1565818461,192300.56530020814,1,0.9999874742003058
2019-01-10,86.074341,50.70668,0.0036665692628028417,False,False,0.00014605244671483074,2.4088644144975886,192205.76759186425,192208.17645627874,1,0.9999874674196545
2019-01-11,86.33123,51.250813,0.0036068183684063956,False,False,0.00014606130259334584,2.409010475800182,192779.40599393935,192781.81500441514,1,0.9999875039537535
2019-01-14,86.281509,50.417515,0.003622990108218207,False,False,0.00014607015900883644,2.4091565459591906,192668.3779818813,192670.78713842726,1,0.9999874959946874
2019-01-15,86.198616,50.563663,0.003643766090186685,False,False,0.00014607901596133506,2.409302624975152,192483.2762139457,192485.68551657067,1,0.9999874832114477
2019-01-16,86.148888,50.100357,0.0036207691727116313,False,False,0.00014608787345087428,2.4094487128486026,192372.23257074418,192374.64201945704,1,0.9999874752270488
2019-01-17,85.99147,50.563663,0.0036336604982243484,False,False,0.0001460967314774867,2.40959480958008,192020.71495037954,192023.12454518912,1,0.9999874515383744
2019-01-18,85.718002,51.878895,0.003642891091232939,False,False,0.00014610559004120486,2.4097409151701212,191410.05530150913,191412.4650424243,1,0.9999874107419564
2019-01-22,86.01635,50.386429,0.0037043869896852565,False,False,0.00014611444914206133,2.4098870296192634,192076.2725003082,192078.68238733782,1,0.9999874536466011
2019-01-23,85.974915,50.03196,0.003706113613451197,False,False,0.00014612330878008867,2.4100331529280434,191983.7472960761,191986.15732922903,1,0.9999874468389468
2019-01-24,86.248344,52.939175,0.003730185319074604,False,False,0.00014613216895531945,2.4101792850969987,192594.3198571472,192596.7300364323,1,0.9999874858763975
2019-01-25,86.049446,54.036766,0.0035945390142449653,False,False,0.00014614102966778626,2.4103254261266667,192150.17654662812,192152.58687205423,1,0.9999874561905965
2019-01-28,86.074341,52.970268,0.0035598987331832282,False,False,0.0001461498909175217,2.410471576017584,192205.76759186425,192208.17806344025,1,0.9999874590581925
2019-01-29,86.322945,52.205372,0.0034106607430294082,False,False,0.00014615875270455826,2.410617734770289,192760.9054191339,192763.31603686867,1,0.9999874944165501
2019-01-30,86.521873,53.719612,0.003345342045956772,False,False,0.00014616761502892864,2.410763902385318,193205.11572026782,193207.5264841702,1,0.9999875224120599
2019-01-31,86.919624,53.694729,0.0034674623732704555,False,False,0.0001461764778906653,2.4109100788632083,194093.30185538364,194095.71276546252,1,0.9999875787566632
2019-02-01,86.454544,54.338356,0.0031751928106449607,False,False,0.0001461853412898009,2.411056264204498,193054.76868332457,193057.17973958878,1,0.9999875111805349
2019-02-04,86.263542,54.61198,0.002657656574241361,True,False,0.00014619420522636798,2.4112024584097247,192628.2573026382,192630.6685050966,1,0.9999874827696071
2019-02-05,86.413033,54.86071,0.0026136227333002464,True,False,0.0001462030697003992,2.4113486614794253,192962.07376953482,192964.4851181963,1,0.9999875036659726
2019-02-06,86.479492,56.337639,0.002545322535490013,True,False,0.00014621193471192707,2.4114948734141373,193110.47807864693,193112.88957352034,1,0.9999875125120922
2019-02-07,86.761848,55.115692,0.0026332052344976388,True,False,0.0001462208002609842,2.4116410942143984,193740.9848136816,193743.39645477582,1,0.9999875523959095
2019-02-08,86.87812,55.019306,0.002633572076097623,True,False,0.0001462296663476032,2.411787323880746,194000.62257273734,194003.03436006123,1,0.9999875683010225
2019-02-11,86.745239,55.289806,0.0025997562140267793,True,False,0.00014623853297181667,2.411933562413718,193703.8965762714,193706.30850983382,1,0.9999875485027773
2019-02-12,86.62899,56.45892,0.0026179446298438013,True,False,0.0001462474001336572,2.412079809813852,193444.31017668705,193446.72225649687,1,0.9999875310380983
2019-02-13,86.413033,56.639256,0.002675663316728399,True,False,0.00014625626783315736,2.412226066081685,192962.07376953482,192964.4859956009,1,0.9999874991190548
2019-02-14,86.819984,56.791611,0.0028567868061597926,True,False,0.00014626513607034978,2.4123723312177554,193870.80369320948,193873.2160655407,1,0.9999875569592326
2019-02-15,86.736946,57.083878,0.0028276758369320965,True,False,0.00014627400484526707,2.412518605222601,193685.37813730203,193687.79065590724,1,0.999987544291785
2019-02-19,86.886406,57.006149,0.002707670959450274,True,False,0.00014628287415794183,2.4126648880967587,194019.12538056326,194021.53804545137,1,0.9999875649635993
2019-02-20,86.869843,57.491215,0.002631315822765309,True,False,0.00014629174400840664,2.412811179840767,193982.1398620959,193984.55267327576,1,0.9999875618385763
2019-02-21,86.61232,57.065228,0.0027365076444696127,True,False,0.00014630061439669414,2.412957480455164,193407.08572502664,193409.4986825071,1,0.999987524100435
2019-02-22,86.869843,57.677761,0.0027257359648054837,True,False,0.00014630948532283694,2.413103789940487,193982.1398620959,193984.55296588584,1,0.9999875603301756
2019-02-25,86.736946,58.153492,0.0026909984835258257,True,False,0.00014631835678686762,2.4132501082972735,193685.37813730203,193687.79138741034,1,0.9999875405151196
2019-02-26,86.994377,57.789696,0.002751088025568138,True,False,0.0001463272287888188,2.4133964355260624,194260.22683648567,194262.6402329212,1,0.999987576631139
2019-02-27,86.68708,57.096321,0.002835594628270386,True,False,0.00014633610132872314,2.413542771627391,193574.0263372721,193576.43988004373,1,0.9999875318361412
2019-02-28,86.462868,57.130527,0.002856596924861641,True,False,0.00014634497440661322,2.4136891166017977,193073.35634592932,193075.77003504592,1,0.9999874987466518
2019-03-01,86.179169,57.637348,0.0027258133578103114,True,False,0.0001463538480225217,2.41383547044982,192439.8506643692,192442.26449983966,1,0.9999874568329534
2019-03-04,86.445374,57.643562,0.0025706722630555955,True,False,0.00014636272217648117,2.4139818331719964,193034.2918853806,193036.70586721378,1,0.9999874947004388
2019-03-05,86.495316,57.422802,0.002519828873569214,True,False,0.00014637159686852424,2.414128204768865,193145.81339496817,193148.22752317294,1,0.9999875011630408
2019-03-06,86.736649,56.474457,0.002565641081186201,True,False,0.00014638047209868357,2.4142745852409635,193684.71493021483,193687.12920480006,1,0.9999875351831836
2019-03-07,87.027863,55.865032,0.002659761880314352,True,False,0.00014638934786699175,2.4144209745888303,194335.00176079886,194337.41618177344,1,0.9999875761393662
2019-03-08,87.152679,55.815273,0.00258363792197246,True,False,0.00014639822417348146,2.414567372813004,194613.71844696839,194616.1330143412,1,0.9999875931797872
2019-03-11,87.086105,57.11499,0.002578688906898998,True,False,0.0001464071010181853,2.414713779914022,194465.05734049928,194467.47205427918,1,0.9999875829425128
2019-03-12,87.327415,57.329521,0.002612780014436825,True,False,0.00014641597840113593,2.414860195892423,195003.90751627454,195006.32237647043,1,0.9999876165030628
2019-03-13,87.294106,57.559608,0.002589097917780942,True,False,0.000146424856322366,2.4150066207487457,194929.52783658908,194931.94284320984,1,0.9999876110267741
2019-03-14,87.169342,57.245571,0.0025371845165278726,True,False,0.00014643373478190807,2.4151530544835276,194650.92726748533,194653.34242053982,1,0.9999875925425967
2019-03-15,87.443901,58.905949,0.0024209319028880532,True,False,0.00014644261377979486,2.4152994970973074,195264.02314171634,195266.43844121345,1,0.9999876307494704
2019-03-18,87.327415,58.815769,0.002433113982630264,True,False,0.00014645149331605895,2.4154459485906234,195003.90751627454,195006.32296222314,1,0.9999876134993373
2019-03-19,87.26915,59.57756,0.002420283464022456,True,False,0.00014646037339073305,2.4155924089640144,194873.80057710275,194876.21616951172,1,0.9999876044780812
2019-03-20,87.876572,59.019466,0.002844202452587024,True,False,0.00014646925400384976,2.415738878218018,196230.18635253594,196232.60209141416,1,0.999987689411176
2019-03-21,87.834991,61.058483,0.002733064382756231,True,False,0.00014647813515544173,2.4158853563531735,196137.3351273115,196139.75101266784,1,0.9999876828366312
2019-03-22,88.484016,59.337486,0.0030795117890868987,True,False,0.00014648701684554164,2.416031843370019,197586.62125442002,197589.0372862634,1,0.9999877724398248
2019-03-25,88.708679,58.595448,0.003043166769218076,True,False,0.00014649589907418211,2.416178339269093,198088.2983380063,198090.7145163456,1,0.9999878026673528
2019-03-26,88.633797,59.156662,0.0030411347332337697,True,False,0.00014650478184139582,2.4163248440509344,197921.08529726035,197923.5016221044,1,0.9999877916223983
2019-03-27,88.891747,58.327332,0.002879473699590051,True,False,0.0001465136651472154,2.4164713577160817,198497.09293408119,198499.5094054389,1,0.9999878263106797
2019-03-28,88.90004,58.230679,0.002750495107624589,True,False,0.00014652254899167352,2.4166178802650733,198515.6113730506,198518.02799093086,1,0.9999878267082103
2019-03-29,88.758598,59.094299,0.00262197160280806,True,False,0.00014653143337480285,2.416764411698448,198199.76848812247,198202.18525253417,1,0.9999878065703028
2019-04-01,88.148285,60.569008,0.003188600283289117,True,False,0.00014654031829663605,2.4169109520167447,196836.9270504367,196839.34396138872,1,0.9999877214031333
2019-04-02,88.298317,60.659424,0.003191113177921261,True,False,0.0001465492037572058,2.417057501220502,197171.9515814214,197174.3686389226,1,0.999987741522806
2019-04-03,88.02317,62.000076,0.0032919396775127332,True,False,0.00014655808975654473,2.4172040593102584,196557.54269113898,196559.9598951983,1,0.9999877024595416
2019-04-04,88.114922,62.134125,0.0032353757078063586,True,False,0.0001465669762946855,2.417350626286553,196762.42678764448,196764.84413827077,1,0.9999877145196497
2019-04-05,88.156601,62.58308,0.003229803943949567,True,False,0.00014657586337166087,2.417497202149925,196855.4968488775,196857.91434607963,1,0.999987719583385
2019-04-08,88.014885,62.729626,0.0032536393103063514,True,False,0.0001465847509875034,2.4176437869009124,196539.04211633358,196541.4597601205,1,0.9999876990646663
2019-04-09,88.173302,62.077995,0.003225678110273409,True,False,0.0001465936391422458,2.4177903805400547,196892.79052417327,196895.2083145538,1,0.9999877204204143
2019-04-10,88.381691,62.55814,0.0032452609056111896,True,False,0.0001466025278359208,2.4179369830678907,197358.12743221538,197360.54536919846,1,0.9999877486304136
2019-04-11,88.181664,62.505138,0.0032782409139148158,True,False,0.000146611417068561,2.4180835944849592,196911.46304155685,196913.88112515133,1,0.999987720095807
2019-04-12,87.773033,63.37188,0.003416944216988626,True,False,0.00014662030684019914,2.4182302147917993,195998.9816434497,196001.3998736645,1,0.9999876621788601
2019-04-15,87.889786,62.901108,0.0034064192717978355,True,False,0.00014662919715086785,2.41837684398895,196259.69348536382,196262.11186220782,1,0.9999876778211492
2019-04-16,87.589607,64.915184,0.0035027671922564702,True,False,0.00014663808800059985,2.418523482076951,195589.3876260374,195591.80614951949,1,0.9999876348425342
2019-04-17,87.6063,65.990814,0.003122420541379994,True,False,0.0001466469793894278,2.4186701290563404,195626.66343716925,195629.0821072983,1,0.9999876364490238
2019-04-18,87.814735,66.000175,0.003171714779059816,True,False,0.00014665587131738444,2.4188167849276576,196092.1030641541,196094.52188093902,1,0.9999876650466228
2019-04-22,87.689682,65.950272,0.002664628108254732,True,False,0.00014666476378450243,2.418963449691442,195812.85715212717,195815.27611557685,1,0.9999876467071535
2019-04-23,87.848091,66.629967,0.0026262429510971403,True,False,0.00014667365679081444,2.419110123348233,196166.58769580285,196169.0068059262,1,0.9999876682348412
2019-04-24,88.181664,67.247284,0.0027922884997132807,True,False,0.00014668255033635318,2.419256805898569,196911.46304155685,196913.88229836276,1,0.9999877141378878
2019-04-25,88.073227,66.065643,0.0026973516748800613,True,False,0.00014669144442115134,2.4194034973429903,196669.32099808354,196671.74040158087,1,0.9999876982656868
2019-04-26,88.306656,65.520035,0.0027840897744599376,True,False,0.00014670033904524166,2.4195501976820357,197190.5727393336,197192.9922895313,1,0.9999877300396449
2019-04-29,88.12323,65.442101,0.00279776298474365,True,False,0.00014670923420865678,2.4196969069162444,196780.9787219213,196783.39841882823,1,0.9999877037548575
2019-04-30,88.298317,65.959641,0.002378520698162811,True,False,0.00014671812991142943,2.419843625046156,197171.9515814214,197174.37142504644,1,0.9999877273927258
2019-05-01,88.258255,65.432755,0.0023501185232846825,True,False,0.00014672702615359232,2.4199903520723094,197082.49231432966,197084.91230468173,1,0.9999877210775611
2019-05-02,88.007591,66.062538,0.002331653993952219,True,False,0.00014673592293517812,2.4201370879952444,196522.75446483924,196525.17460192723,1,0.9999876853584133
2019-05-03,88.124603,66.580086,0.002339327096217358,True,False,0.00014674482025621959,2.4202838328155005,196784.04465906165,196786.46494289447,1,0.9999877009639178
2019-05-06,88.350136,65.495064,0.002406637093799758,True,False,0.0001467537181167494,2.4204305865336173,197287.66447047907,197290.0849010656,1,0.9999877316156677
2019-05-07,88.65094,63.883202,0.0024778835427759585,True,False,0.0001467626165168003,2.420577349150134,197959.36596761516,197961.7865449643,1,0.9999877725019996
2019-05-08,88.483833,63.337597,0.002502197930858194,True,False,0.00014677151545640496,2.4207241206655903,197586.21261166935,197588.63333579001,1,0.9999877486671181
2019-05-09,88.717766,62.639217,0.002515796061455609,True,False,0.0001467804149355961,2.420870901080526,198108.58979524914,198111.01066615022,1,0.9999877802304226
2019-05-10,88.659264,62.729626,0.00245826363551249,True,False,0.0001467893149544065,2.4210176903954803,197977.95363021988,197980.37464791027,1,0.9999877714258563
2019-05-13,89.102028,59.795799,0.0023866696474503174,True,False,0.0001467982155128688,2.421164488610993,198966.65471690084,198969.07588138946,1,0.9999878314533156
2019-05-14,89.018494,61.173855,0.0024114914639760416,True,False,0.00014680711661101576,2.421311295727604,198780.1215828276,198782.54289412333,1,0.9999878192960987
2019-05-15,89.302559,61.644627,0.0022748299963322566,True,False,0.0001468160182488801,2.421458111745853,199414.44454988907,199416.86600800083,1,0.9999878573053512
2019-05-16,89.127136,60.671909,0.00236305956933371,True,False,0.00014682492042649459,2.4216049366662795,199022.72139550248,199025.14300043916,1,0.9999878326682741
2019-05-17,89.168892,59.490253,0.002337012452161188,True,False,0.00014683382314389188,2.4217517704894234,199115.96339931365,199118.38515108413,1,0.9999878376285111
2019-05-20,89.018494,57.117626,0.0023506860379249018,True,False,0.00014684272640110474,2.4218986132158244,198780.1215828276,198782.5434814408,1,0.999987816341562
2019-05-21,88.918243,58.286797,0.0023728783955104978,True,False,0.00014685163019816588,2.422045464846023,198556.25904513066,198558.68109059552,1,0.9999878018656674
2019-05-22,89.185585,57.055271,0.0023232480455629154,True,False,0.00014686053453510806,2.422192325380558,199153.23921044546,199155.66140277084,1,0.9999878376928463
2019-05-23,89.72863,56.16671,0.002584962891205831,True,False,0.000146869439411964,2.42233919481997,200365.8698254382,200368.29216463302,1,0.9999879105662445
2019-05-24,89.703629,55.677216,0.0025654596470182016,False,False,0.00014687834482876645,2.422486073164799,200310.04208002955,200312.46456610272,1,0.9999879064636421
2019-05-28,90.096245,55.200203,0.0025915170820219684,False,False,0.00014688725078554812,2.4226329604155845,201186.76165490085,201189.18428786128,1,0.9999879584334068
2019-05-29,90.062843,55.399738,0.0026030305186119846,False,False,0.00014689615728234178,2.4227798565728667,201112.1743043093,201114.59708416587,1,0.9999879532371508
2019-05-30,90.388664,55.867416,0.002642813415548669,True,False,0.00014690506431918018,2.4229267616371857,201839.739275182,201842.16220194363,1,0.9999879959333807
2019-05-31,90.990242,55.034958,0.002729188167547423,False,False,0.00014691397189609603,2.4230736756090816,203183.0752788393,203185.4983525149,1,0.9999880745737504
2019-06-03,91.427986,55.165905,0.002815554067107285,False,False,0.0001469228800131221,2.423220598489095,204160.5666026327,204162.98982323118,1,0.9999881309506655
2019-06-04,91.093147,57.57906,0.003065245713501806,True,False,0.00014693178867029118,2.423367530277765,203412.86425293138,203415.28762046166,1,0.9999880866007731
2019-06-05,91.093147,57.164398,0.0030502876278244236,True,False,0.0001469406978676359,2.4235144709756327,203412.86425293138,203415.28776740236,1,0.9999880858784137
2019-06-06,91.076424,57.95631,0.002977821689420225,True,False,0.00014694960760518918,2.4236614205832376,203375.5214511847,203377.9451126053,1,0.9999880829682921
2019-06-07,91.436371,58.611042,0.0030193823559104297,True,False,0.00014695851788298363,2.4238083791011205,204179.29047948765,204181.71428786675,1,0.9999881291604023
2019-06-10,90.984329,60.038986,0.0033197099340883792,True,False,0.00014696742870105208,2.4239553465298216,203169.87142864926,203172.29538399578,1,0.999988069459264
2019-06-11,90.984329,60.27906,0.00321368664389572,True,False,0.00014697634005942728,2.424102322869881,203169.87142864926,203172.29553097213,1,0.9999880687358651
2019-06-12,91.218758,58.879189,0.003195499546195968,True,False,0.00014698525195814202,2.4242493081218393,203693.35619039484,203695.78043970297,1,0.999988098676846
2019-06-13,91.444763,59.162891,0.003176374469598526,True,False,0.000146994164397229,2.4243963022862363,204198.0299874861,204200.4543837884,1,0.999988127370678
2019-06-14,91.511726,57.672588,0.003091643004515858,True,False,0.00014700307737672099,2.424543305363613,204347.559738928,204349.98428223334,1,0.9999881353389193
2019-06-17,91.494972,57.245892,0.00310449525497234,True,False,0.00014701199089665082,2.42469031735451,204310.14771354597,204312.57240386333,1,0.9999881324468248
2019-06-18,91.670761,59.722187,0.003026321384851279,True,False,0.00014702090495705123,2.424837338259467,204702.68815343393,204705.1129907722,1,0.9999881544857242
2019-06-19,91.921875,59.841156,0.002974822382204861,True,False,0.00014702981955795497,2.424984368079025,205263.43086214736,205265.85584651545,1,0.9999881861288713
2019-06-20,92.072556,60.345173,0.0029580485800676255,True,False,0.00014703873469939485,2.4251314068137244,205599.90462343366,205602.32975484047,1,0.9999882047474379
2019-06-21,91.6959,60.000816,0.003021251531307999,True,False,0.00014704765038140363,2.425278454464106,204758.82405567094,204761.2493341254,1,0.9999881555789372
2019-06-24,92.014,60.063427,0.0030481352048463343,True,False,0.00014705656660401404,2.42542551103071,205469.14787529764,205471.57330080867,1,0.9999881958099017
2019-06-25,92.156296,59.233826,0.002961368088223161,True,False,0.00014706548336725891,2.425572576514077,205786.89775972898,205789.3233323055,1,0.9999882133215793
2019-06-26,91.779564,61.146618,0.0031705504942181055,True,False,0.00014707440067117104,2.4257196509147483,204945.6474824086,204948.07320205952,1,0.9999881642231955
2019-06-27,92.05584,62.035694,0.0031465430704203704,True,False,0.00014708331851578317,2.425866734233264,205562.57745283045,205565.00331956468,1,0.9999881990285552
2019-06-28,92.09771,62.113976,0.002844220849468167,True,False,0.0001470922369011281,2.4260138264701654,205656.07402097812,205658.5000348046,1,0.9999882036783013
2019-07-01,91.981972,63.67923,0.002692512816051871,True,False,0.0001471011558272386,2.426160927625993,205397.62869486696,205400.0548557946,1,0.9999881881193784
2019-07-02,92.309021,62.88409,0.0026148615487477135,True,False,0.0001471100752941475,2.426308037701287,206127.93581490812,206130.36212294584,1,0.9999882292544741
2019-07-03,92.485085,62.596062,0.002624132727195505,True,False,0.00014711899530188758,2.426455156696589,206521.09033543235,206523.51679058906,1,0.9999882509498462
2019-07-05,91.898117,62.239182,0.003067688893604941,True,False,0.0001471279158504916,2.4266022846124393,205210.37876121464,205212.80536349924,1,0.9999881751907231
2019-07-08,91.805878,61.757072,0.0029689115478268822,True,False,0.00014713683693999235,2.4267494214493794,205004.4071837279,205006.83393314935,1,0.999988162592559
2019-07-09,91.747147,62.142128,0.0027207705081371968,True,False,0.0001471457585704227,2.4268965672079497,204873.25965700514,204875.68655357233,1,0.9999881542968421
2019-07-10,91.797462,62.643032,0.0027191045564196347,True,False,0.00014715468074181538,2.4270437218886913,204985.6140832375,204988.0411269594,1,0.9999881600716386
2019-07-11,91.344666,62.818333,0.002921508336088948,True,False,0.0001471636034542032,2.4271908854921453,203974.5113349455,203976.938525831,1,0.9999881006602852
2019-07-12,91.445335,63.961018,0.0028778095736840905,True,False,0.00014717252670761897,2.427338058018853,204199.30727520955,204201.73461326756,1,0.9999881130389876
2019-07-15,91.638123,64.52137,0.0029123888653653945,True,False,0.00014718145050209553,2.4274852394693553,204629.80683050095,204632.2343157404,1,0.9999881373272027
2019-07-16,91.43689,63.835789,0.002956104815423516,True,False,0.00014719037483766569,2.427632429844193,204180.44941712485,204182.8770495547,1,0.9999881104994458
2019-07-17,91.86454,64.026726,0.003111252034769893,True,False,0.0001471992997143622,2.4277796291439073,205135.4006320364,205137.82841166557,1,0.9999881651295232
2019-07-18,92.090981,64.9534,0.003099657586274506,True,False,0.0001472082251322179,2.4279268373690397,205641.0480260637,205643.4759529011,1,0.9999881935139147
2019-07-19,91.923271,64.878288,0.0031054012505594727,True,False,0.00014721715109126558,2.428074054520131,205266.5481587591,205268.9762328136,1,0.9999881712565675
2019-07-22,91.965225,66.117981,0.0029587759496654646,True,False,0.0001472260775915381,2.4282212805977226,205360.2323006284,205362.660521909,1,0.9999881759358082
2019-07-23,91.814285,66.966347,0.0028766949224645314,True,False,0.00014723500463306824,2.428368515602356,205023.18018703375,205025.60855554935,1,0.9999881557795014
2019-07-24,91.948441,69.007507,0.002874179784529476,True,False,0.00014724393221588887,2.4285157595345717,205322.7532846315,205325.18180039103,1,0.999988172343313
2019-07-25,91.789078,67.84919,0.0027476376069641203,True,False,0.00014725286034003278,2.4286630123949116,204966.89243940305,204969.32110241544,1,0.9999881510901274
2019-07-26,91.772339,67.830414,0.0026553290669829996,True,False,0.00014726178900553274,2.4288102741839173,204929.51390932844,204931.9427196026,1,0.9999881482103671
2019-07-29,91.856186,68.015129,0.00266283173758164,True,False,0.00014727071821242166,2.4289575449021297,205116.74597881676,205119.17493636167,1,0.9999881583106716
2019-07-30,91.898117,67.861732,0.0026522383685754635,True,False,0.00014727964796073232,2.4291048245500906,205210.37876121464,205212.8078660392,1,0.9999881629960147
2019-07-31,92.132912,65.610817,0.0025897170665664716,True,False,0.00014728857825049756,2.429252113128341,205734.68080846162,205737.11006057475,1,0.9999881924456292
2019-08-01,93.17791,64.314751,0.003615723837140998,True,False,0.00014729750908175018,2.429399410637423,208068.1827602449,208070.61215965555,1,0.9999883241588736
2019-08-02,93.371147,63.366165,0.003262970189982706,True,False,0.0001473064404545231,2.4295467170778773,208499.6849417388,208502.11448845587,1,0.9999883476159316
2019-08-05,94.177574,60.630062,0.0036660265152474,True,False,0.00014731537236884907,2.429694032450246,210300.45296088408,210302.88265491652,1,0.9999884466917345
2019-08-06,94.328743,61.403316,0.0036385610831367256,True,False,0.00014732430482476095,2.429841356755071,210638.0164361722,210640.44627752897,1,0.9999884645071747
2019-08-07,94.328743,61.791512,0.0036472714067483833,True,False,0.00014733323782229163,2.4299886899928933,210638.0164361722,210640.4464248622,1,0.9999884638077291
2019-08-08,94.337181,63.503952,0.003350928168672034,True,False,0.00014734217136147385,2.430136032164255,210656.85866311344,210659.2887991456,1,0.9999884641401477
2019-08-09,94.194382,62.395725,0.0034222093784125065,True,False,0.00014735110544234053,2.430283383269697,210337.9855693729,210340.41585275615,1,0.9999884459514192
2019-08-12,94.790825,61.578644,0.0035878693448298457,True,False,0.0001473600400649245,2.430430743309762,211669.85501278567,211672.285443529,1,0.9999885179548271
2019-08-13,94.454834,63.397514,0.003676685935784628,True,False,0.0001473689752292586,2.430578112284991,210919.58022347355,210922.01080158583,1,0.9999884764131394
2019-08-14,95.084831,61.447155,0.0037880037669304847,True,False,0.00014737791093537566,2.4307254901959268,212326.3764365932,212328.8071620834,1,0.9999885520692049
2019-08-15,95.689674,61.334446,0.003924683849456479,True,False,0.0001473868471833086,2.43087287704311,213677.00325216842,213679.43412504546,1,0.999988623739636
2019-08-16,95.437614,62.96859,0.003969518393134753,True,False,0.00014739578397309018,2.4310202728270833,213114.14810606622,213116.57912633906,1,0.9999885930025585
2019-08-19,94.984001,64.126923,0.004230833754250484,True,False,0.0001474047213047533,2.431167677548388,212101.22098002935,212103.6521477069,1,0.9999885378320792
2019-08-20,95.404022,63.889008,0.0042020039834588735,True,False,0.00014741365917833084,2.431315091207566,213039.13648158053,213041.56779667173,1,0.9999885876023334
2019-08-21,95.152023,64.411819,0.004324012825729715,True,False,0.0001474225975938556,2.43146251380516,212476.41754972856,212478.84901224237,1,0.9999885566844647
2019-08-22,94.942032,64.411819,0.004345179082266246,True,False,0.0001474315365513605,2.4316099453417115,212007.50334285264,212009.93495279798,1,0.9999885306792539
2019-08-23,95.580383,61.613056,0.004460266363189492,True,False,0.0001474404760508784,2.4317573858177624,213432.95420919193,213435.38596657774,1,0.9999886065875403
2019-08-26,95.488029,62.135868,0.0045046910089637906,True,False,0.0001474494160924421,2.431904835233855,213226.72583434815,213229.1577391834,1,0.9999885948766997
2019-08-27,95.899681,61.904194,0.004520124567724043,True,False,0.00014745835667608455,2.432052293590531,214145.95318737227,214148.38523966586,1,0.9999886431443745
2019-08-28,95.933228,62.295536,0.004536129222353928,True,False,0.00014746729780183856,2.432199760888333,214220.8643259357,214223.29652569658,1,0.9999886464273479
2019-08-29,95.748459,63.791931,0.0040531084948771876,True,False,0.00014747623946973702,2.4323472371278028,213808.2713619979,213810.70370923504,1,0.9999886238284851
2019-08-30,95.773682,64.092522,0.004056580812655247,True,False,0.0001474851816798128,2.4324947223094826,213864.59483795654,213867.02733267884,1,0.9999886261348809
2019-09-03,95.984024,63.037495,0.003683117765450771,True,False,0.00014749412443209881,2.4326422164339148,214334.29283502643,214336.72547724287,1,0.9999886503714609
2019-09-04,96.13549,64.73111,0.0036828697736233655,True,False,0.00014750306772662785,2.4327897195016415,214672.5195174017,214674.9523071212,1,0.9999886675660419
2019-09-05,95.361351,66.722168,0.004199927232867864,True,False,0.00014751201156343286,2.432937231513205,212943.85126401595,212946.28420124747,1,0.9999885748782109
2019-09-06,95.420296,66.900612,0.004198576693854624,True,False,0.00014752095594254672,2.4330847524691475,213075.4766571247,213077.90974187717,1,0.9999885812435676
2019-09-09,94.831253,67.144814,0.004443967745729645,True,False,0.0001475299008640023,2.4332322823700117,211760.1315653788,211762.56479766118,1,0.9999885096202689
2019-09-10,94.141228,67.445351,0.004522603071635621,True,False,0.00014753884632783248,2.4333798212163393,210219.2915979537,210221.72497777492,1,0.9999884246986296
2019-09-11,94.048729,68.456535,0.004462821585867729,True,False,0.00014754779233407011,2.4335273690086736,210012.73943513806,210015.1729625071,1,0.9999884126116475
2019-09-12,93.838356,68.609901,0.004176775994438382,True,False,0.00014755673888274814,2.4336749257475563,209542.97221443287,209545.4058893586,1,0.9999883859304125
2019-09-13,92.980072,68.472168,0.0042496695285795605,True,False,0.00014756568597389946,2.43382249143353,207626.40645145113,207628.84027394257,1,0.9999882780133615
2019-09-16,93.383934,68.030754,0.004428127700605395,True,False,0.00014757463360755692,2.4339700660671375,208528.2385748151,208530.67254488118,1,0.9999883279997308
2019-09-17,93.627953,68.18103,0.00441285114103739,True,False,0.00014758358178375343,2.4341176496489214,209073.13800311278,209075.57212076243,1,0.9999883577137924
2019-09-18,93.661644,68.306252,0.004255057323790278,True,False,0.0001475925305025219,2.434265242179424,209148.3706966275,209150.8049618697,1,0.9999883611959197
2019-09-19,93.703697,67.858589,0.004245336153656393,True,False,0.00014760147976389525,2.434412843659188,209242.27590752588,209244.71032036954,1,0.9999883657138098
2019-09-20,94.24221,66.609482,0.004468714133708788,True,False,0.00014761042956790632,2.4345604540887558,210444.78647363288,210447.22103408698,1,0.9999884314915534
2019-09-23,94.376869,67.395248,0.004175500157487226,True,False,0.00014761937991458805,2.4347080734686704,210745.48278053987,210747.91748861334,1,0.9999884472971193
2019-09-24,94.848053,66.282036,0.004358271233187519,True,False,0.00014762833080397334,2.4348557017994743,211797.64630970362,211800.08116540543,1,0.9999885039907047
2019-09-25,94.225418,67.392105,0.0044278993078243,True,False,0.00014763728223609511,2.4350033390817103,210407.28959347203,210409.7245968111,1,0.9999884273250975
2019-09-26,94.427345,67.477028,0.00447198265526073,True,False,0.00014764623421098625,2.4351509853159214,210858.19672307203,210860.63187405735,1,0.9999884513720572
2019-09-27,94.561935,65.898422,0.0044899173308924605,True,False,0.0001476551867286797,2.43529864050265,211158.73895156482,211161.17425020534,1,0.999988467109784
2019-09-30,94.63768,66.480194,0.004497104715700436,True,False,0.0001476641397892083,2.435446304642439,211327.87908899842,211330.31453530307,1,0.9999884756415094
2019-10-01,94.899803,65.857567,0.004517560902811412,True,False,0.00014767309339260503,2.4355939777358317,211913.2051203471,211915.64071432484,1,0.9999885067757645
2019-10-02,95.22847,64.895309,0.004583638364922964,True,False,0.00014768204753890283,2.4357416597833708,212647.12526755,212649.56100920978,1,0.9999885457479987
2019-10-03,95.725662,66.036812,0.004381172424857982,True,False,0.00014769100222813457,2.4358893507855988,213757.3651937614,213759.80108311216,1,0.999988604548945
2019-10-04,95.911087,67.134247,0.004397803225885066,True,False,0.00014769995746033315,2.436037050743059,214171.42301914425,214173.85905619498,1,0.9999886258899127
2019-10-07,95.590836,66.74118,0.00422055550100296,True,False,0.00014770891323553152,2.436184759656294,213456.29597243166,213458.73215719132,1,0.9999885870925258
2019-10-08,95.793098,64.675179,0.0038226273589404562,True,False,0.0001477178695537626,2.436332477525848,213907.95116389767,213910.3874963752,1,0.9999886104994431
2019-10-09,95.548698,65.731735,0.0038784618049973085,True,False,0.00014772682641505937,2.436480204352263,213362.20095479122,213364.63743499556,1,0.9999885806746909
2019-10-10,94.950356,66.373268,0.004141149285593123,True,False,0.0001477357838194547,2.4366279401360824,212026.0910054574,212028.52763339752,1,0.9999885080183911
2019-10-11,94.30146,67.939293,0.0038757859860889497,True,False,0.0001477447417669815,2.4367756848778495,210577.0929379928,210579.52971367768,1,0.9999884282404458
2019-10-14,94.562698,67.929848,0.0038138970220861377,True,False,0.0001477537002576728,2.4369234385781073,211160.4427462029,211162.87966964146,1,0.9999884595084023
2019-10-15,94.10762,69.423508,0.003969577259579855,True,False,0.00014776265929156143,2.4370712012373987,210144.2442451401,210146.68131634133,1,0.9999884029993432
2019-10-16,94.29303,68.439285,0.003988051968733328,True,False,0.00014777161886868036,2.437218972856267,210558.2685752155,210560.70579418837,1,0.9999884251006679
2019-10-17,94.259338,68.555618,0.003990924012643466,True,False,0.00014778057898906256,2.4373667534352563,210483.03364868023,210485.47101543366,1,0.9999884202613051
2019-10-18,94.34362,67.829216,0.003785511014905061,True,False,0.00014778953965274096,2.437514542974909,210671.23708208415,210673.67459662713,1,0.9999884299044594
2019-10-21,93.998062,69.16568,0.0038590101817897586,True,False,0.00014779850085974846,2.437662341475769,209899.5989856913,209902.03664803278,1,0.9999883866665592
2019-10-22,94.217209,68.56192,0.00371448191396926,True,False,0.00014780746261011806,2.437810148938379,210388.95872822424,210391.39653837317,1,0.9999884129760578
2019-10-23,94.250908,67.241173,0.0034114596349117034,True,False,0.0001478164249038827,2.437957965363283,210464.20928590294,210466.6472438683,1,0.9999884164165805
2019-10-24,94.234016,68.904648,0.0033745653281893446,True,False,0.00014782538774107525,2.438105790751024,210426.48910369253,210428.92720948328,1,0.9999884136376919
2019-10-25,94.031769,70.344894,0.0033840424592736567,True,False,0.00014783435112172876,2.4382536251021456,209974.86740753395,209977.30566115904,1,0.9999883880135645
2019-10-28,93.677803,71.624756,0.003460680460880684,True,False,0.00014784331504587615,2.4384014684171915,209184.4540748147,209186.89247628313,1,0.999988343430893
2019-10-29,93.762138,70.882637,0.0033921956385154603,True,False,0.00014785227951355035,2.4385493206967053,209372.77585830487,209375.21440762558,1,0.999988353209201
2019-10-30,94.217209,70.907784,0.003492065143278264,True,False,0.00014786124452478434,2.43869718194123,210388.95872822424,210391.39742540618,1,0.999988408759998
2019-10-31,94.815521,70.549294,0.0035966811935948515,True,False,0.00014787021007961107,2.4388450521513096,211725.0016869432,211727.44053199535,1,0.9999884812046751
2019-11-01,94.636589,72.16877,0.003563151521750479,True,False,0.00014787917617806352,2.438992931327488,211325.44286363779,211327.88185656912,1,0.9999884587262697
2019-11-04,94.155502,73.775665,0.003652796854807963,True,False,0.00014788814282017468,2.439140819470308,210251.16573250684,210253.60487332632,1,0.9999883990535099
2019-11-05,93.649132,73.816528,0.0037272384892820132,True,False,0.00014789711000597744,2.439288716580314,209120.4311441875,209122.87043290408,1,0.9999883356195736
2019-11-06,93.919205,73.322868,0.0038151015314500385,True,False,0.00014790607773550478,2.4394366226580497,209723.50968847563,209725.9491250983,1,0.9999883684559167
2019-11-07,93.168076,73.766228,0.0039629930272758,True,False,0.0001479150460087897,2.4395845377040586,208046.22323669193,208048.66282122963,1,0.9999882739715573
2019-11-08,93.041435,74.137291,0.0037143496033827258,True,False,0.00014792401482586516,2.4397324617188842,207763.43128811807,207765.8710205798,1,0.9999882572991909
2019-11-11,93.142731,73.832283,0.0036509841819859982,True,False,0.0001479329841867641,2.439880394703071,207989.62733223283,207992.06721262753,1,0.9999882693584068
2019-11-12,93.184929,73.983215,0.0035302405791496614,True,False,0.00014794195409151956,2.440028336657163,208083.85633110302,208086.29635943967,1,0.9999882739595094
2019-11-13,93.438103,74.061836,0.003561365419944916,True,False,0.00014795092454016447,2.440176287581703,208649.19906203722,208651.6392383248,1,0.9999883050222059
2019-11-14,93.910759,73.816528,0.0037681242700686227,True,False,0.00014795989553273184,2.4403242474772355,209704.6495973704,209707.08992161785,1,0.9999883631771898
2019-11-15,93.834793,74.492661,0.0037616945860031057,True,False,0.00014796886706925462,2.440472216344305,209535.0159624073,209537.45643462366,1,0.9999883530502953
2019-11-18,93.995171,74.322823,0.0036975804562364182,True,False,0.0001479778391497658,2.4406201941834547,209893.1433234387,209895.5839436329,1,0.9999883722175172
2019-11-19,94.172386,73.951759,0.0036841322253103456,True,False,0.00014798681177429838,2.440768180995229,210288.8680505533,210291.3088187343,1,0.999988393394883
2019-11-20,94.51844,73.080704,0.003775400734771362,True,False,0.00014799578494288532,2.440916176780172,211061.61372511194,211064.0546412887,1,0.9999884351876925
2019-11-21,94.282135,72.300842,0.003821284265693852,True,False,0.00014800475865555965,2.4410641815388274,210533.93981691674,210536.38088109827,1,0.9999884054994613
2019-11-22,94.265228,72.22538,0.003787539379249912,True,False,0.0001480137329123543,2.44121219527174,210496.18613939887,210498.62735159413,1,0.9999884027167969
2019-11-25,94.307442,73.958046,0.0036749805242111883,True,False,0.00014802270771330234,2.441360217979453,210590.450866597,210592.892226815,1,0.9999884072050478
2019-11-26,94.484711,73.681328,0.0036893730522567047,True,False,0.0001480316830584367,2.441508249662512,210986.29617681834,210988.73768506802,1,0.9999884282532022
2019-11-27,94.239944,74.212776,0.003589809487367408,True,False,0.0001480406589477904,2.4416562903214594,210439.72644919,210442.16810548032,1,0.9999883974950824
2019-11-29,94.16394,73.417183,0.003269088593348851,True,False,0.00014804963538139643,2.4418043399568408,210270.00795944806,210272.44976378803,1,0.9999883874262049
2019-12-02,93.825897,72.288269,0.0033332034168998804,True,False,0.0001480586123592878,2.4419523985692,209515.1510120791,209517.59296447766,1,0.999988344881382
2019-12-03,94.662605,71.168793,0.0037430643100832806,True,False,0.00014806758988149753,2.4421004661590815,211383.5371248494,211385.97922531556,1,0.9999884471975146
2019-12-04,94.299171,72.294556,0.0036343935988670784,True,False,0.00014807656794805862,2.4422485427270297,210571.98155407852,210574.42380262126,1,0.9999884019697234
2019-12-05,94.07943,72.656204,0.003630025150366751,True,False,0.00014808554655900403,2.4423966282735887,210081.29539737123,210083.7377939995,1,0.9999883741756791
2019-12-06,93.792107,73.706467,0.0031884692766304245,True,False,0.00014809452571436682,2.442544722799303,209439.6972495353,209442.1397942581,1,0.9999883378544298
2019-12-09,93.868149,73.37001,0.003164627173727027,True,False,0.00014810350541417995,2.442692826304717,209609.50059405607,209611.94328688236,1,0.9999883465951988
2019-12-10,93.758286,73.681328,0.003180642032992671,True,False,0.0001481124856584765,2.4428409387903756,209364.1742633561,209366.61710429488,1,0.9999883322328432
2019-12-11,94.147064,75.190742,0.003292934522696395,True,False,0.00014812146644728943,2.442989060256823,210232.32350556558,210234.76649462583,1,0.9999883797094982
2019-12-12,93.403275,77.228432,0.0037475850339322506,True,False,0.0001481304477806518,2.443137190704604,208571.42742421906,208573.87056140977,1,0.9999882864656817
2019-12-13,93.952652,76.88884,0.003809778631782735,True,False,0.0001481394296585966,2.4432853301342625,209798.19752498946,209800.6408103196,1,0.9999883542523001
2019-12-16,93.513168,77.624748,0.003950505156400923,True,False,0.00014814841208115687,2.4434334785463436,208816.82074553386,208819.2641790124,1,0.9999882988119504
2019-12-17,93.521599,77.975044,0.003926489270316444,True,False,0.0001481573950483656,2.443581635941392,208835.64734133164,208838.0909229676,1,0.9999882991573752
2019-12-18,93.268044,77.934006,0.00392945494015127,True,False,0.00014816637856025585,2.443729802319952,208269.45382958863,208271.89755939096,1,0.9999882666368772
2019-12-19,93.340843,78.561981,0.00382046538714142,True,False,0.0001481753626168606,2.4438779776825688,208432.0154886424,208434.45936662008,1,0.9999882750770429
2019-12-20,93.340843,79.309891,0.0037966886975766166,True,False,0.0001481843472182129,2.444026162029787,208432.0154886424,208434.45951480445,1,0.9999882743661114
2019-12-23,93.256195,79.562363,0.0037969249665063738,True,False,0.0001481933323643458,2.444174355362151,208242.99476973715,208245.43894409252,1,0.9999882630113401
2019-12-24,93.41703,79.691765,0.003824961643997591,True,False,0.00014820231805529234,2.4443225576802066,208602.14262113502,208604.5869436927,1,0.9999882825081007
2019-12-26,93.55249,79.783257,0.0038122600891566123,True,False,0.00014821130429108556,2.4444707689844978,208904.62757745894,208907.07204822794,1,0.9999882987648765
2019-12-27,93.687881,79.625488,0.0038022572888872378,True,False,0.00014822029107175845,2.4446189892755696,209206.95845536864,209209.40307435792,1,0.999988314965994
2019-12-30,93.628647,79.025902,0.003801218708441776,True,False,0.00014822927839734407,2.444767218553967,209074.68771933668,209077.13248655523,1,0.9999883068646032
2019-12-31,93.290054,79.240486,0.0038024378565524853,True,False,0.00014823826626787545,2.444915456820235,208318.60261069515,208321.04752615196,1,0.9999882637136965
2020-01-02,93.721756,80.878311,0.003354945799658211,True,False,1.707560001588736e-05,2.4449325324202507,209282.60202465457,209285.04695718698,1,0.9999883176912638
2020-01-03,94.348076,79.369888,0.00361574623522801,True,False,1.70757192740462e-05,2.4449496081395248,210681.1874214122,210683.63237102036,1,0.9999883951611208
2020-01-06,94.246513,78.543053,0.0035833833446662702,True,False,1.7075838533037953e-05,2.4449666839780577,210454.3951608251,210456.8401275091,1,0.9999883825743915
2020-01-07,94.111053,79.988403,0.0035263392493686675,True,False,1.707595779286263e-05,2.4449837599358504,210151.9102045012,210154.35518826114,1,0.9999883657716361
2020-01-08,93.891006,79.915802,0.003566382529028776,True,False,1.707607705352023e-05,2.445000836012904,209660.5407435223,209662.9857443583,1,0.9999883384240317
2020-01-09,93.958733,80.420753,0.003558429854928741,True,False,1.7076196315010764e-05,2.4450179122092193,209811.77652262273,209814.22154053496,1,0.9999883467484031
2020-01-10,94.161842,79.95369,0.0034667775865717294,True,False,1.7076315577334234e-05,2.4450349885247964,210265.32308244845,210267.76811743696,1,0.9999883718031993
2020-01-13,94.051834,80.887794,0.002941667818560182,True,False,1.7076434840490645e-05,2.445052064959637,210019.67296377668,210022.11801584164,1,0.9999883581210967
2020-01-14,94.238029,81.064499,0.0026741211911204535,True,False,1.7076554104480006e-05,2.4450691415137413,210435.45021494108,210437.8952840826,1,0.9999883810416456
2020-01-15,94.474976,80.206146,0.0024646368680979855,True,False,1.7076673369302324e-05,2.4450862181871105,210964.55772229438,210967.00280851257,1,0.999988410101174
2020-01-16,94.280357,81.474762,0.002530126656163289,True,False,1.70767926349576e-05,2.4451032949797455,210529.9695064757,210532.41460977067,1,0.9999883860957967
2020-01-17,94.204178,82.08696,0.002440770156444958,True,False,1.7076911901445845e-05,2.445120371891647,210359.86023814706,210362.30535851893,1,0.9999883766230471
2020-01-21,94.576576,82.039635,0.0025596527922657937,True,False,1.707703116876706e-05,2.4451374489228157,211191.43260463982,211193.87774208875,1,0.9999884223090411
2020-01-22,94.593491,82.591873,0.0025575461620888887,True,False,1.7077150436921258e-05,2.4451545260732526,211229.20414632163,211231.6493008477,1,0.9999884242984697
2020-01-23,94.830521,83.216721,0.002560764134281109,True,False,1.7077269705908434e-05,2.4451716033429585,211758.4969943761,211760.94216597945,1,0.9999884531510942
2020-01-24,95.16909,82.333099,0.0026265230103116057,True,False,1.7077388975728603e-05,2.4451886807319343,212514.52851052568,212516.9736992064,1,0.9999884941487818
2020-01-27,95.812309,79.190002,0.002930114031760436,True,False,1.7077508246381768e-05,2.4452057582401805,213950.8497206372,213953.29492639544,1,0.9999885713105794
2020-01-28,95.490685,81.026634,0.003100609868663059,True,False,1.7077627517867932e-05,2.4452228358676984,213232.65673678427,213235.10195962014,1,0.9999885327377462
2020-01-29,95.947769,79.537132,0.0031895869621568576,True,False,1.7077746790187102e-05,2.4452399136144884,214253.3346769611,214255.77991687472,1,0.9999885872861186
2020-01-30,96.04084,79.540276,0.002980810327115569,True,False,1.7077866063339286e-05,2.445256991480552,214461.1641275002,214463.6093844917,1,0.999988598266165
2020-01-31,96.523277,76.70327,0.0030040211121636407,True,False,1.7077985337324492e-05,2.4452740694658894,215538.45583630007,215540.90111036954,1,0.9999886551737658
2020-02-03,96.441109,77.56163,0.0027827092091050774,True,False,1.707810461214272e-05,2.4452911475705017,215354.97300822375,215357.41829937132,1,0.9999886454287626
2020-02-04,95.881683,79.985245,0.0031546803556914446,True,False,1.7078223887793983e-05,2.4453082257943897,214105.7632844938,214108.20859271957,1,0.9999885791009983
2020-02-05,95.466423,81.828194,0.003327943189928409,True,False,1.7078343164278282e-05,2.445325304137554,213178.47919352184,213180.92451882598,1,0.9999885293428121
2020-02-06,95.534203,81.875549,0.003249496849338403,True,False,1.7078462441595618e-05,2.4453423825999954,213329.83332270855,213332.27866509114,1,0.9999885374009133
2020-02-07,95.991905,79.944229,0.00336455595495265,True,False,1.7078581719746004e-05,2.4453594611817153,214351.89126955165,214354.33662901283,1,0.9999885919757928
2020-02-10,96.178375,81.064499,0.003361184620423755,True,False,1.7078700998729443e-05,2.445376539882714,214768.28260135232,214770.7279778922,1,0.9999886140138234
2020-02-11,95.949532,82.702324,0.0034140515808243313,True,False,1.7078820278545942e-05,2.4453936187029925,214257.27149209473,214259.71688571342,1,0.999988586778447
2020-02-12,95.703712,83.977219,0.0034956482575786243,True,False,1.7078939559195505e-05,2.4454106976425516,213708.3503938846,213710.79580458225,1,0.9999885573834095
2020-02-13,95.78849,84.06562,0.003471890285303256,True,False,1.707905884067814e-05,2.445427776701392,213897.66140545427,213900.10683323097,1,0.9999885674307839
2020-02-14,96.025833,83.784737,0.0034305504079952687,True,False,1.7079178122993853e-05,2.445444855879515,214427.65318892384,214430.0986337797,1,0.9999885956082124
2020-02-18,96.178375,82.708633,0.0034088844168461024,True,False,1.7079297406142648e-05,2.445461935176921,214768.28260135232,214770.7280632875,1,0.9999886136162165
2020-02-19,96.161407,84.794601,0.0033478519985572835,True,False,1.707941669012453e-05,2.4454790145936114,214730.3927095842,214732.8381885988,1,0.999988611527537
2020-02-20,96.441109,83.563843,0.0033752742140880786,True,False,1.707953597493951e-05,2.4454960941295862,215354.97300822375,215357.41850431787,1,0.9999886444771158
2020-02-21,96.830956,81.080292,0.003428891128197583,True,False,1.7079655260587588e-05,2.445513173784847,216225.50934934293,216227.95486251672,1,0.9999886901155989
2020-02-24,97.585258,77.195572,0.0037081775340217513,True,False,1.7079774547068776e-05,2.445530253559394,217909.88117515892,217912.32670541247,1,0.9999887774579321
2020-02-25,97.856499,74.895042,0.0034999021057332273,True,False,1.7079893834383072e-05,2.4455473334532285,218515.5678873858,218518.01343471927,1,0.9999888084863348
2020-02-26,97.805626,74.996017,0.0033662144487181965,True,False,1.708001312253049e-05,2.445564413466351,218401.96743571694,218404.41300013041,1,0.9999888025869996
2020-02-27,98.280251,71.534172,0.0033699214119446512,True,False,1.7080132411511025e-05,2.4455814935987625,219461.8147884058,219464.26036989942,1,0.999988856584259
2020-02-28,99.382042,73.146767,0.00403593970606989,True,False,1.7080251701324692e-05,2.445598573850464,221922.1366731915,221924.58227176536,1,0.9999889800465148
2020-03-02,99.314171,75.737617,0.003991424910374842,True,False,1.7080370991971497e-05,2.4456156542214558,221770.5793391397,221773.02495479392,1,0.9999889724385789
2020-03-03,100.468193,73.071014,0.004544464236643418,True,False,1.708049028345144e-05,2.4456327347117393,224347.5341174272,224349.9797501619,1,0.9999890990285025
2020-03-04,100.247581,76.804245,0.00427918906697986,True,False,1.708060957576453e-05,2.445649815321315,223854.90299986827,223857.34864968358,1,0.9999890749630063
2020-03-05,101.138542,74.491104,0.004229895725973112,True,False,1.7080728868910772e-05,2.445666896050184,225844.43717358232,225846.88284047839,1,0.9999891711283977
2020-03-06,102.165329,72.862755,0.004488951489630248,True,False,1.7080848162890177e-05,2.445683976898347,228137.2735891216,228139.7192730985,1,0.9999892798852182
2020-03-09,103.081718,66.639656,0.004651237772259363,False,False,1.7080967457702745e-05,2.4457010578658047,230183.58900799585,230186.03470905373,1,0.9999893751110446
2020-03-10,101.189445,71.013504,0.006787983425401787,True,False,1.708108675334848e-05,2.445718138952558,225958.10461586606,225960.550334005,1,0.9999891763489895
2020-03-11,100.179642,67.034096,0.007277540062371957,False,False,1.7081206049827392e-05,2.4457352201586082,223703.19382042278,223705.63955564293,1,0.999989067172267
2020-03-12,100.230583,59.684399,0.007204655955259697,False,False,1.708132534713949e-05,2.4457523014839553,223816.94611748532,223819.3918697868,1,0.9999890726523691
2020-03-13,99.577232,66.087395,0.0074684584350275815,False,False,1.708144464528477e-05,2.4457693829286007,222357.99994371313,222360.44571309607,1,0.9999890008792927
2020-03-16,102.207726,56.02375,0.00921699229356943,False,False,1.7081563944263244e-05,2.445786464492545,228231.9469590704,228234.3927455349,1,0.9999892838829632
2020-03-17,99.645081,60.953007,0.011211605636116609,False,False,1.708168324407492e-05,2.4458035461757888,222509.50815131408,222511.95395486025,1,0.9999890082150522
2020-03-18,98.261963,55.944855,0.011749564296639071,False,False,1.70818025447198e-05,2.4458206279783337,219420.9773095836,219423.42313021157,1,0.9999888534205097
2020-03-19,98.584435,57.383877,0.011752897073913854,False,False,1.708192184619789e-05,2.44583770990018,220141.06389481676,220143.50973252667,1,0.9999888898032339
2020-03-20,101.096115,55.749191,0.012921632295469937,False,False,1.7082041148509195e-05,2.4458547919413287,225749.69681301864,225752.14266781058,1,0.9999891657515936
2020-03-23,102.29258,57.740475,0.013043543792842189,False,False,1.7082160451653727e-05,2.44587187410178,228421.42768019775,228423.87355207186,1,0.9999892923982241
2020-03-24,101.596756,63.985672,0.01320297613537382,False,False,1.7082279755631482e-05,2.445888956381536,226867.6384269191,226870.08431587546,1,0.9999892189886395
2020-03-25,101.656143,63.151577,0.013194737063962344,False,False,1.7082399060442477e-05,2.4459060387805964,227000.25081508688,227002.69672112566,1,0.9999892252115322
2020-03-26,101.902245,67.398003,0.013177721772943636,False,False,1.708251836608671e-05,2.4459231212989625,227549.80162507674,227552.24754819804,1,0.999989251158151
2020-03-27,102.657425,64.05407,0.013063694222898704,False,False,1.7082637672564187e-05,2.445940203936635,229236.1340428878,229238.57998309174,1,0.9999893301546183
2020-03-30,102.89502,66.28334,0.01305304911473683,False,False,1.7082756979874915e-05,2.445957286693615,229766.68854752224,229769.13450480893,1,0.9999893547177606
2020-03-31,103.081718,64.981888,0.012848987224901002,False,False,1.7082876288018903e-05,2.445974369569903,230183.58900799585,230186.0349823654,1,0.9999893739237059
2020-04-01,103.50145,61.425797,0.012835952465959751,False,False,1.7082995596996152e-05,2.4459914525655004,231120.85916662385,231123.30515807643,1,0.9999894169415287
2020-04-02,103.518356,63.256062,0.012724150531328785,False,False,1.708311490680667e-05,2.446008535680407,231158.6106111212,231161.05661965688,1,0.9999894185959718
2020-04-03,103.59481,62.059101,0.012549023236662555,False,False,1.7083234217450467e-05,2.4460256189146246,231329.3339600861,231331.779985705,1,0.9999894263312241
2020-04-06,103.127594,68.389153,0.012444441810308455,False,False,1.708335352892754e-05,2.4460427022681537,230286.0310562486,230288.47709895088,1,0.9999893783539103
2020-04-07,102.668823,68.145302,0.011717063190434427,False,False,1.7083472841237904e-05,2.446059785740995,229261.5860104958,229264.03207028157,1,0.9999893308175571
2020-04-08,102.541374,70.425247,0.011454348414798782,True,False,1.7083592154381555e-05,2.446076869333149,228976.98978136157,228979.4358582309,1,0.9999893174823313
2020-04-09,102.762314,68.90213,0.01145528639758125,False,False,1.7083711468358507e-05,2.4460939530446177,229470.353329643,229472.79942359604,1,0.9999893403751591
2020-04-13,102.541374,69.681107,0.01133973957643774,False,False,1.7083830783168763e-05,2.446111036875401,228976.98978136157,228979.43589239844,1,0.9999893173331162
2020-04-14,102.677315,72.89521,0.009752436145989831,True,False,1.7083950098812327e-05,2.4461281208255,229280.5488205438,229282.99494866462,1,0.999989331401915
2020-04-15,103.59481,70.726105,0.00783696625800491,True,False,1.7084069415289212e-05,2.4461452048949153,231329.3339600861,231331.780105291,1,0.9999894258142838
2020-04-16,103.705276,72.711563,0.0068935903834552135,True,False,1.708418873259941e-05,2.446162289083648,231576.00680214487,231578.45296443396,1,0.9999894370039277
2020-04-17,103.433449,73.275215,0.006992998646751063,True,False,1.708430805074294e-05,2.4461793733916988,230969.0115399076,230971.457719281,1,0.9999894091703038
2020-04-20,103.705276,71.682411,0.004506683885380708,True,False,1.7084427369719804e-05,2.4461964578190685,231576.00680214487,231578.45299860268,1,0.9999894368563822
2020-04-21,103.994156,68.170654,0.0037979389391374525,False,False,1.7084546689530005e-05,2.446213542365758,232221.0817628923,232223.52797643468,1,0.999989466125316
2020-04-22,103.67131,72.296745,0.003481687739885238,True,False,1.708466601017355e-05,2.446230627031768,231500.16002799384,231502.6062586209,1,0.9999894332480028
2020-04-23,103.739258,71.574745,0.00348126722603343,True,False,1.7084785331650446e-05,2.4462477118171,231651.88930462382,231654.33555233563,1,0.9999894400952782
2020-04-24,103.764778,73.063065,0.003469028253773658,True,False,1.7084904653960702e-05,2.446264796721754,231708.87598766963,231711.32225246634,1,0.9999894426186302
2020-04-27,103.212578,74.038361,0.0033838103823245575,True,False,1.708502397710432e-05,2.446281881745731,230475.80207004034,230478.24835192208,1,0.9999893860618118
2020-04-28,103.662849,73.65522,0.0034781192216013,True,False,1.70851433010813e-05,2.446298966889032,231481.2664415812,231483.71274054807,1,0.9999894320903275
2020-04-29,103.611862,77.151138,0.0034660201960693736,True,False,1.7085262625891655e-05,2.446316052151658,231367.41142557582,231369.85774162796,1,0.9999894268161116
2020-04-30,103.365463,74.427841,0.003392236841782121,True,False,1.7085381951535392e-05,2.4463331375336095,230817.19740849882,230819.64374163636,1,0.9999894015383705
2020-05-01,103.508362,70.798927,0.0034074685452329433,False,False,1.7085501278012514e-05,2.4463502230348877,231136.29380428893,231138.74015451196,1,0.9999894160960582
2020-05-04,103.52536,71.387939,0.0034032946686180436,True,False,1.708562060532303e-05,2.446367308655493,231174.25068667188,231176.69705398052,1,0.9999894177599221
2020-05-05,103.448792,72.588074,0.00324215451919717,True,False,1.708573993346694e-05,2.4463843943954267,231003.27277337044,231005.71915776483,1,0.9999894098535599
2020-05-06,103.066132,73.477867,0.00318972654188062,True,False,1.708585926244425e-05,2.446401480254689,230148.7851505526,230151.23155203287,1,0.9999893704610496
2020-05-07,103.695412,74.139702,0.003428251061201078,True,False,1.7085978592254973e-05,2.4464185662332816,231553.980287977,231556.42670654322,1,0.9999894348923888
2020-05-08,103.355255,76.327827,0.0035099570524957232,True,False,1.708609792289911e-05,2.4464356523312043,230794.40273528048,230796.8491709328,1,0.9999894000474395
2020-05-11,103.066132,76.25499,0.003536599788459948,True,False,1.7086217254376668e-05,2.4464527385484587,230148.7851505526,230151.23160329115,1,0.9999893702383363
2020-05-12,103.406303,74.231537,0.0035949215690240875,True,False,1.708633658668765e-05,2.446469824885045,230908.39396553606,230910.84043536094,1,0.9999894051322136
2020-05-13,103.618904,72.800224,0.003018580445251413,True,False,1.7086455919832065e-05,2.446486911340965,231383.13635590533,231385.58284281666,1,0.9999894267962538
2020-05-14,103.780518,74.747673,0.0030296269796504507,True,False,1.7086575253809918e-05,2.446503997916219,231744.0237302692,231746.47023426712,1,0.9999894431876548
2020-05-15,103.712456,73.202393,0.0029700215822080493,True,False,1.7086694588621214e-05,2.4465210846108074,231592.03988930274,231594.48641038736,1,0.9999894361859709
2020-05-18,103.074608,76.565315,0.0032222241083821918,True,False,1.708681392426596e-05,2.4465381714247316,230167.7122322727,230170.1587704441,1,0.9999893707412617
2020-05-19,103.363762,76.31517,0.0032232175204348185,True,False,1.708693326074416e-05,2.4465552583579924,230813.3990406359,230815.84559589426,1,0.9999894004016404
2020-05-20,103.389275,79.127098,0.0031561479816267462,True,False,1.7087052598055825e-05,2.4465723454105905,230870.37009253824,230872.81666488366,1,0.9999894029432275
2020-05-21,103.457306,77.135315,0.0031561822028693754,True,False,1.7087171936200955e-05,2.4465894325825266,231022.28470986936,231024.73129930193,1,0.999989409837558
2020-05-22,103.652954,77.477287,0.003187883803225566,True,False,1.7087291275179555e-05,2.446606519873802,231459.17070377796,231461.61731029782,1,0.9999894297527673
2020-05-26,103.380791,78.291115,0.0030039981678286745,True,False,1.7087410614991635e-05,2.4466236072844167,230851.42514665422,230853.8717702615,1,0.9999894018515327
2020-05-27,103.465813,79.497581,0.002838960958046737,True,False,1.70875299556372e-05,2.446640694814372,231041.28101522478,231043.7276559196,1,0.9999894104864061
2020-05-28,103.372276,77.762314,0.0028434901644236485,True,False,1.7087649297116254e-05,2.4466577824636695,230832.4109771348,230834.85763491725,1,0.9999894008305006
2020-05-29,103.703926,79.754059,0.0028832401100044444,True,False,1.7087768639428806e-05,2.446674870232309,231572.9922244759,231575.43889934613,1,0.9999894346529932
2020-06-01,103.663139,79.323448,0.0028710651945686306,True,False,1.708788798257486e-05,2.4466919581202915,231481.9140175249,231484.360709483,1,0.9999894304222081
2020-06-02,103.492805,81.036552,0.0028964714941186525,True,False,1.7088007326554422e-05,2.446709046127618,231101.55470444003,231104.00141348617,1,0.9999894129524752
2020-06-03,102.879898,83.376694,0.0031840058333144133,True,False,1.7088126671367494e-05,2.4467261342542894,229732.92081158888,229735.36753772313,1,0.9999893498064296
2020-06-04,102.47126,84.13665,0.003200091456198696,True,False,1.7088246017014086e-05,2.4467432225003063,228820.42378233827,228822.87052556078,1,0.9999893072610404
2020-06-05,101.960464,86.198143,0.0029906206257537945,True,False,1.7088365363494206e-05,2.44676031086567,227679.80584530576,227682.25260561664,1,0.9999892536186599
2020-06-08,102.071129,86.020805,0.0029623273904788904,True,False,1.7088484710807857e-05,2.4467773993503807,227926.9230584431,227929.36983584243,1,0.9999892651947351
2020-06-09,102.43721,86.087303,0.0030577280285300676,True,False,1.7088604058955043e-05,2.4467944879544397,228744.38943446561,228746.83622895356,1,0.9999893034827135
2020-06-10,103.203407,86.391281,0.0034335576993279704,True,False,1.7088723407935774e-05,2.4468115766778475,230455.32303907588,230457.76985065255,1,0.9999893828202093
2020-06-11,103.569443,80.903564,0.0034980827642955075,True,False,1.708884275775005e-05,2.4468286655206053,231272.68892917613,231275.13575784166,1,0.9999894202692499
2020-06-12,103.3396,82.005539,0.003510189091418274,True,False,1.708896210839788e-05,2.446845754482714,230759.44479942304,230761.89164517753,1,0.999989396664514
2020-06-15,103.254494,83.110878,0.0035115048574842376,True,False,1.7089081459879273e-05,2.4468628435641735,230569.4013571308,230571.84821997434,1,0.999989387850848
2020-06-16,103.041649,84.732521,0.0032562198691605156,True,False,1.708920081219423e-05,2.4468799327649857,230094.11410976067,230096.56098969345,1,0.9999893658561334
2020-06-17,103.203407,85.392639,0.003211442233956032,True,False,1.708932016534276e-05,2.446897022085151,230455.32303907588,230457.76993609796,1,0.9999893824494493
2020-06-18,103.433235,85.233955,0.0032521465940101905,True,False,1.7089439519324868e-05,2.4469141115246704,230968.53367352157,230970.9805876331,1,0.9999894059673414
2020-06-19,103.467255,84.821396,0.003249588796824113,True,False,1.7089558874140558e-05,2.4469312010835447,231044.50103077933,231046.94796198042,1,0.999989409376654
2020-06-22,103.37368,85.446579,0.0032242697773807475,True,False,1.708967822978984e-05,2.4469482907617746,230835.5461379105,230837.99308620128,1,0.9999893997159737
2020-06-23,103.3396,85.751228,0.0031712076963562558,True,False,1.7089797586272715e-05,2.446965380559361,230759.44479942304,230761.89176480361,1,0.9999893961461234
2020-06-24,103.535431,83.869339,0.0031951314576902576,True,False,1.708991694358919e-05,2.4469824704763043,231196.7394360823,231199.1864185528,1,0.999989416128541
2020-06-25,103.552399,84.469154,0.003187544361423378,True,False,1.709003630173927e-05,2.446999560512606,231234.62932785036,231237.07632741088,1,0.9999894177888797
2020-06-26,103.833366,82.885559,0.0031639728765771834,True,False,1.7090155660722966e-05,2.447016650668267,231862.03439741675,231864.4814140674,1,0.9999894463497137
2020-06-29,103.935486,83.790016,0.0031685038929190773,True,False,1.709027502054028e-05,2.4470337409432874,232090.07045041982,232092.51748416075,1,0.9999894566452747
2020-06-30,103.748215,85.960678,0.003173387022731457,True,False,1.7090394381191218e-05,2.4470508313376684,231671.89046920225,231674.3375200336,1,0.999989437540396
2020-07-01,103.586304,84.859459,0.002869601812821549,True,False,1.7090513742675785e-05,2.4470679218514113,231310.33988775118,231312.78695567304,1,0.9999894209569904
2020-07-02,103.714149,85.897224,0.002687329666008279,True,False,1.7090633104993988e-05,2.4470850124845165,231595.82039300166,231598.26747801414,1,0.9999894339234955
2020-07-06,103.56073,88.166283,0.002401464876985638,True,False,1.709075246814583e-05,2.447102103236985,231253.2326215986,231255.67972370185,1,0.9999894181967502
2020-07-07,103.893044,87.125351,0.002461669104443358,True,False,1.7090871832131327e-05,2.447119194108817,231995.29659454874,231997.74371374285,1,0.9999894519698557
2020-07-08,103.731163,88.305908,0.002433569710367883,True,False,1.709099119695047e-05,2.447136285100014,231633.8130037125,231636.2601399976,1,0.9999894354351792
2020-07-09,104.063499,89.476913,0.0019420422696604376,True,False,1.7091110562603275e-05,2.4471533762105766,232375.92610311354,232378.37325648975,1,0.9999894691001494
2020-07-10,103.859001,89.175438,0.0018644560031841407,True,False,1.7091229929089744e-05,2.4471704674405057,231919.27787781955,231921.725048287,1,0.999989448291371
2020-07-13,103.969749,87.709274,0.001788700238527278,True,False,1.7091349296409884e-05,2.447187558789802,232166.580431658,232169.02761921677,1,0.9999894594572589
2020-07-14,103.961243,89.159554,0.0017716887962274366,True,False,1.70914686645637e-05,2.4472046502584663,232147.58635932306,232150.03356397332,1,0.99998945852123
2020-07-15,103.92717,89.004059,0.001688250207961161,True,False,1.7091588033551197e-05,2.4472217418465,232071.50065197903,232073.94787372087,1,0.9999894549915479
2020-07-16,104.003815,88.67083,0.0016688071794720785,True,False,1.7091707403372384e-05,2.4472388335539033,232242.6505078586,232245.09774669216,1,0.9999894626889553
2020-07-17,103.978271,89.118309,0.0016161809987261407,True,False,1.7091826774027265e-05,2.447255925380677,232185.6102323209,232188.0574882463,1,0.9999894600267047
2020-07-20,104.046448,90.879616,0.0016185322285753752,True,False,1.7091946145515843e-05,2.4472730173268227,232337.85087064432,232340.29814366164,1,0.9999894668594433
2020-07-21,104.157211,90.416283,0.0016025285644376043,True,False,1.7092065517838132e-05,2.4472901093923407,232585.18691979026,232587.63420989964,1,0.9999894779870061
2020-07-22,104.191292,90.7146,0.0015939783712131741,True,False,1.709218489099413e-05,2.4473072015772317,232661.29049129828,232663.73779849985,1,0.9999894813552609
2020-07-23,104.293549,89.327766,0.001562044850123375,True,False,1.7092304264983842e-05,2.4473242938814965,232889.63246810922,232892.0797924031,1,0.999989491595008
2020-07-24,104.242401,87.925095,0.0015732885731678493,True,False,1.709242363980728e-05,2.4473413863051365,232775.4179358041,232777.8652771904,1,0.9999894863655382
2020-07-27,104.080521,90.663803,0.0015222125976143222,True,False,1.709254301546445e-05,2.447358478848152,232413.93657798838,232416.38393646723,1,0.9999894699399526
2020-07-28,104.327637,88.912056,0.001593680288754069,True,False,1.709266239195535e-05,2.4473755715105443,232965.75167076068,232968.19904633219,1,0.9999894948083836
2020-07-29,104.463951,90.743164,0.001539906093509635,True,False,1.7092781769279996e-05,2.4473926642923134,233270.1436265878,233272.59101925208,1,0.9999895084430896
2020-07-30,104.608826,92.529823,0.0014881145702094172,True,False,1.7092901147438383e-05,2.4474097571934608,233593.65247087704,233596.09988063422,1,0.999989522899747
2020-07-31,104.634392,92.155365,0.0014785520993654034,True,False,1.709302052643052e-05,2.4474268502139873,233650.74187286568,233653.1892997159,1,0.9999895253865032
2020-08-03,104.583214,93.827797,0.0014264328534881738,True,False,1.7093139906256424e-05,2.4474439433538935,233536.46034994567,233538.90779388903,1,0.9999895201875932
2020-08-04,104.941338,95.205093,0.0014485576999123569,True,False,1.7093259286916082e-05,2.4474610366131806,234336.1585818853,234338.60604292192,1,0.9999895558778046
2020-08-05,104.591743,95.106728,0.0016254217875113016,True,False,1.709337866840952e-05,2.447478129991849,233555.505781752,233557.953259882,1,0.9999895208957955
2020-08-06,104.711128,95.055923,0.0015001078324546465,True,False,1.7093498050736727e-05,2.4474952234899,233822.09493361032,233824.5424288338,1,0.9999895327701785
2020-08-07,104.489388,93.999176,0.001512654661513479,True,False,1.7093617433897714e-05,2.447512317107334,233326.94496893248,233329.39248124958,1,0.9999895104843369
2020-08-10,104.378548,93.996002,0.0015308390861794316,True,False,1.7093736817892494e-05,2.447529410844152,233079.4369772084,233081.88450661924,1,0.9999894992722578
2020-08-11,104.02037,93.015373,0.0017334014344834792,True,False,1.7093856202721065e-05,2.4475465047003544,232279.61816216202,232282.06570866672,1,0.9999894630414223
2020-08-12,103.713394,96.020683,0.0018569994678536374,True,False,1.709397558838343e-05,2.4475635986759428,231594.13446252752,231596.5820261262,1,0.9999894317801357
2020-08-13,103.500214,95.06546,0.0018952107159465402,True,False,1.7094094974879604e-05,2.447580692770918,231118.09915329138,231120.54673398414,1,0.9999894099389806
2020-08-14,103.551399,95.008331,0.0019023613049899055,True,False,1.709421436220959e-05,2.44759778698528,231232.39630735485,231234.84390514184,1,0.9999894150996206
2020-08-17,103.721893,96.077797,0.001938467972459003,True,False,1.7094333750373386e-05,2.4476148813190304,231613.11290371898,231615.5605186003,1,0.9999894324246789
2020-08-18,103.900986,95.570053,0.001965818147700856,True,False,1.709445313937101e-05,2.4476319757721696,232013.0312433242,232015.47887529997,1,0.9999894505660241
2020-08-19,103.764542,95.02739,0.0019802342145730806,True,False,1.7094572529202456e-05,2.4476490703446987,231708.3489948327,231710.79664390304,1,0.9999894366205382
2020-08-20,104.063026,94.183235,0.002082397161439724,True,False,1.7094691919867738e-05,2.4476661650366185,232374.86988441914,232377.31755058418,1,0.9999894668455991
2020-08-21,104.139771,94.821091,0.00208869561122769,True,False,1.7094811311366863e-05,2.44768325984793,232546.24304234827,232548.69072560812,1,0.9999894745343343
2020-08-24,103.994804,95.80806,0.00208288875669089,True,False,1.709493070369983e-05,2.447700354778634,232222.52876017342,232224.97646052818,1,0.9999894597885547
2020-08-25,103.747475,96.737915,0.0020641685073273116,True,False,1.7095050096866652e-05,2.4477174498287306,231670.23803403554,231672.68575148538,1,0.9999894345876732
2020-08-26,103.704834,97.048897,0.0020302230709495807,True,False,1.7095169490867326e-05,2.4477345449982213,231575.01980708586,231577.46754163085,1,0.9999894301696491
2020-08-27,103.33815,95.944519,0.0021042786367952834,True,False,1.7095288885701867e-05,2.447751640287107,230756.2069197045,230758.6546713448,1,0.9999893925900905
2020-08-28,103.50872,97.715332,0.0021571218049282314,True,False,1.7095408281370275e-05,2.4477687356953886,231137.0932256263,231139.540994362,1,0.9999894099956884
2020-08-31,103.61956,97.496384,0.0021870626869707126,True,False,1.7095527677872556e-05,2.4477858312230665,231384.6012173504,231387.04900318163,1,0.9999894212496258
2020-09-01,103.959213,99.43222,0.002173635181054881,True,False,1.709564707520872e-05,2.447802926870142,232143.05332771718,232145.50113064406,1,0.9999894557382548
2020-09-02,104.104301,102.313751,0.0021014894966024955,True,False,1.709576647337877e-05,2.4478200226366154,232467.037805372,232469.48562539465,1,0.9999894703598795
2020-09-03,104.240829,96.607788,0.0021076683069719765,True,False,1.7095885872382715e-05,2.4478371185224876,232771.9076275851,232774.35546470364,1,0.9999894840773433
2020-09-04,103.660538,95.604942,0.0023942261235139236,True,False,1.709600527222055e-05,2.44785421452776,231476.10593121604,231478.55378543056,1,0.9999894251360462
2020-09-08,103.882423,91.13665,0.0024537384802015938,True,False,1.7096124672892294e-05,2.447871310652433,231971.57968386574,231974.0275551764,1,0.9999894476492198
2020-09-09,103.831184,93.618355,0.0023372567417688016,True,False,1.7096244074397947e-05,2.447888406896507,231857.1619466955,231859.6098351024,1,0.9999894423681268
2020-09-10,103.959213,92.348953,0.0022532056003261225,True,False,1.7096363476737512e-05,2.447905503259984,232143.05332771718,232145.50123322045,1,0.999989455296397
2020-09-11,104.121376,92.323563,0.002214159646039825,True,False,1.7096482879911e-05,2.447922599742864,232505.1666303331,232507.61455293282,1,0.9999894716454579
2020-09-14,104.027458,94.170532,0.002229653110769267,True,False,1.7096602283918417e-05,2.447939696345148,232295.4458114343,232297.89375113064,1,0.9999894620667591
2020-09-15,103.97628,95.795372,0.00220935052833678,True,False,1.7096721688759768e-05,2.4479567930668367,232181.1642885143,232183.61224530736,1,0.9999894568063207
2020-09-16,103.91658,94.89727,0.002181210297173835,True,False,1.709684109443505e-05,2.447973889907931,232047.8529649314,232050.3009388213,1,0.9999894506756509
2020-09-17,103.950668,94.849655,0.002159644296661003,True,False,1.7096960500944284e-05,2.447990986868432,232123.97216758286,232126.42015856973,1,0.9999894540613464
2020-09-18,103.856812,93.364471,0.0020666041410184934,True,False,1.7097079908287465e-05,2.4480080839483405,231914.38979595483,231916.83780403878,1,0.9999894444573015
2020-09-21,104.044563,93.196274,0.002102877912113338,True,False,1.7097199316464604e-05,2.4480251811476568,232333.64162701028,232336.08965219144,1,0.9999894634312524
2020-09-22,104.044563,94.157845,0.0020788372130350757,True,False,1.70973187254757e-05,2.4480422784663824,232333.64162701028,232336.08966928875,1,0.9999894633576645
2020-09-23,104.044563,91.985382,0.002000560739031426,True,False,1.7097438135320768e-05,2.448059375904518,232333.64162701028,232336.08968638617,1,0.9999894632840761
2020-09-24,104.095764,92.762512,0.00199758623772383,True,False,1.709755754599981e-05,2.448076473462064,232447.97450940168,232450.42258587515,1,0.9999894683931041
2020-09-25,104.181137,94.036491,0.0017969228191559254,True,False,1.7097676957512832e-05,2.4480935711390215,232638.6141681662,232641.06226173736,1,0.9999894769498241
2020-09-28,104.164001,96.625885,0.0017765408390009937,True,False,1.7097796369859837e-05,2.4481106689353913,232600.34912895487,232602.79723962382,1,0.9999894751451918
2020-09-29,104.240829,96.852005,0.0017706464461055584,True,False,1.709791578304083e-05,2.4481277668511745,232771.9076275851,232774.35575535195,1,0.9999894828287296
2020-09-30,103.959213,97.017639,0.0017466391034900628,True,False,1.7098035197055826e-05,2.4481448648863715,232143.05332771718,232145.50147258205,1,0.9999894542653235
2020-10-01,104.018127,99.094231,0.0017214719068617812,True,False,1.709815461190482e-05,2.448161963040983,232274.60949719057,232277.05765915362,1,0.999989460164565
2020-10-02,103.915665,96.122665,0.0017030266305968669,True,False,1.7098274027587823e-05,2.448179061315011,232045.80975117802,232048.25793023934,1,0.9999894496985965
2020-10-05,103.258141,99.126083,0.0018348402130572451,True,False,1.709839344410484e-05,2.448196159708455,230577.54518287798,230579.99337903768,1,0.9999893824432735
2020-10-06,103.497238,98.654701,0.00184690172193441,True,False,1.709851286145588e-05,2.4482132582213167,231111.4536842967,231113.90189755493,1,0.999989406897473
2020-10-07,103.198318,100.543404,0.0019433197246103457,True,False,1.7098632279640945e-05,2.4482303568535966,230443.95919777415,230446.407428131,1,0.9999893761400571
2020-10-08,103.386215,101.788727,0.001971979961492599,True,False,1.709875169866004e-05,2.448247455605295,230863.53704982196,230865.98529727757,1,0.9999893953738899
2020-10-09,103.335014,103.578674,0.0019242929454607826,True,False,1.7098871118513174e-05,2.4482645544764137,230749.20416743055,230751.652431985,1,0.9999893900454074
2020-10-12,103.445992,105.11705,0.0019465981651345169,True,False,1.7098990539200354e-05,2.4482816534669527,230997.02031598298,230999.46859763644,1,0.9999894013537419
2020-10-13,103.67659,104.929131,0.0020244031457069254,True,False,1.7099109960721576e-05,2.4482987525769135,231511.9503762102,231514.39867496278,1,0.9999894248531989
2020-10-14,103.710747,104.505524,0.0020243858427123223,True,False,1.709922938307686e-05,2.4483158518062966,231588.22365727587,231590.67197312767,1,0.9999894282622398
2020-10-15,103.599701,104.22525,0.0020330092184495793,True,False,1.7099348806266202e-05,2.448332951155103,231340.25566332974,231342.70399628088,1,0.9999894168568585
2020-10-16,103.53994,103.728401,0.0020281106802177264,True,False,1.709946823028961e-05,2.448350050623333,231206.80812549664,231209.25647554727,1,0.9999894106746072
2020-10-19,103.369156,103.206062,0.0019994806005292727,True,False,1.7099587655147092e-05,2.4483671502109883,230825.44395318878,230827.892320339,1,0.999989393105289
2020-10-20,103.147156,103.037247,0.0020384658238487862,True,False,1.7099707080838653e-05,2.4483842499180692,230329.71340318208,230332.161787432,1,0.9999893702024462
2020-10-21,103.010506,102.346092,0.0020451829354047857,True,False,1.7099826507364295e-05,2.4484013497445765,230024.5711524685,230027.01955381825,1,0.999989356027155
2020-10-22,102.651871,102.387527,0.002135258848145898,True,False,1.7099945934724027e-05,2.4484184496905113,229223.73184705566,229226.18026550536,1,0.9999893187660901
2020-10-23,102.797005,102.027596,0.002161409319368605,True,False,1.710006536291786e-05,2.448435549755874,229547.81904365326,229550.26747920303,1,0.9999893337717414
2020-10-26,103.070259,99.81723,0.002284449721243907,True,False,1.710018479194579e-05,2.448452649940666,230158.00082613764,230160.44927878756,1,0.9999893619748415
2020-10-27,103.300842,99.425476,0.00235163984976475,True,False,1.7100304221807826e-05,2.4484697502448878,230672.89739105746,230675.3458608077,1,0.9999893856461292
2020-10-28,103.292297,96.170441,0.0022917950970626237,True,False,1.710042365250398e-05,2.4484868506685404,230653.81623092317,230656.26471777383,1,0.9999893846939139
2020-10-29,102.856789,98.610138,0.002439730926930684,True,False,1.710054308403425e-05,2.4485039512116247,229681.3179409578,229683.766444909,1,0.99998933967346
2020-10-30,102.52375,97.294724,0.002511558301297644,True,False,1.7100662516398654e-05,2.448521051874141,228937.63502814842,228940.0835492003,1,0.9999893049700431
2020-11-02,102.699791,97.641891,0.0021779359034978987,True,False,1.7100781949597177e-05,2.4485381526560905,229330.73818920125,229333.1867273539,1,0.9999893232279742
2020-11-03,102.469048,99.482803,0.002131474762118286,True,False,1.710090138362984e-05,2.4485552535574744,228815.48434100216,228817.93289625572,1,0.9999892991112079
2020-11-04,103.332108,102.960823,0.0028395966245758544,True,False,1.7101020818496647e-05,2.448572354578293,230742.71500987056,230745.16358222513,1,0.9999893884131024
2020-11-05,103.315018,107.585388,0.002809582957370924,True,False,1.7101140254197604e-05,2.448589455718547,230704.552689602,230707.0012790577,1,0.9999893865836661
2020-11-06,102.96463,109.340317,0.0029078489584985637,True,False,1.710125969073271e-05,2.4486065569782376,229922.12910421577,229924.57771077275,1,0.9999893503922836
2020-11-09,102.204155,108.066322,0.0033071776827927513,True,False,1.710137912810198e-05,2.4486236583573655,228223.9728428809,228226.42146653926,1,0.9999892710771933
2020-11-10,101.913651,104.824043,0.0032730265148421638,True,False,1.7101498566305412e-05,2.4486407598559317,227575.2714568487,227577.72009760857,1,0.9999892404196737
2020-11-11,102.075996,108.60141,0.0033090909194837407,True,False,1.7101618005343018e-05,2.448657861473937,227937.79116919482,227940.2398270563,1,0.9999892574568522
2020-11-12,102.657059,107.260544,0.003609699093566402,True,False,1.7101737445214802e-05,2.4486749632113822,229235.31675738646,229237.76543234967,1,0.9999893181869114
2020-11-13,102.520348,108.57592,0.0036149712911282615,True,False,1.7101856885920768e-05,2.448692065068268,228930.03829242263,228932.4869844877,1,0.999989303868152
2020-11-16,102.443436,111.276787,0.003605411354369667,True,False,1.7101976327460922e-05,2.4487091670445955,228758.29222007078,228760.74092923783,1,0.9999892957630881
2020-11-17,102.708336,110.359512,0.0036430550442059454,True,False,1.7102095769835272e-05,2.4487262691403653,229349.8193493355,229352.26807560466,1,0.9999893232960384
2020-11-18,102.674133,109.537804,0.0036338508750134017,True,False,1.7102215213043824e-05,2.448743371355578,229273.44334932705,229275.8920926984,1,0.9999893196648414
2020-11-19,102.785233,111.155754,0.003556678962339995,True,False,1.710233465708658e-05,2.448760473690235,229521.53192637995,229523.98068685364,1,0.999989331134523
2020-11-20,102.96463,110.636612,0.0035640434935466487,True,False,1.7102454101963548e-05,2.448777576144337,229922.12910421577,229924.57788179192,1,0.999989349648486
2020-11-23,102.759567,112.213181,0.0035388806287712073,True,False,1.7102573547674737e-05,2.4487946787178845,229464.2192223418,229466.66801702054,1,0.999989328320754
2020-11-24,102.597237,112.824707,0.003506203428940746,True,False,1.710269299422015e-05,2.4488117814108787,229101.73300530313,229104.18181708455,1,0.9999893113614863
2020-11-25,102.631424,112.576279,0.0035090524148237803,True,False,1.710281244159979e-05,2.44882888422332,229178.07327698363,229180.52210586786,1,0.9999893148472578
2020-11-27,102.939011,113.917137,0.0034571557552809215,True,False,1.7102931889813668e-05,2.44884598715521,229864.92135214087,229867.37019812802,1,0.9999893467002948
2020-11-30,102.870667,115.23571,0.0033753835231738047,True,False,1.7103051338861787e-05,2.4488630902065487,229712.30779939468,229714.7566624849,1,0.999989339548204
2020-12-01,102.323425,117.137146,0.0035679490082221993,True,False,1.7103170788744152e-05,2.4488801933773376,228490.30519738223,228492.7540775756,1,0.999989282460167
2020-12-02,102.152405,117.481133,0.003552677193546583,True,False,1.7103290239460773e-05,2.4488972966675773,228108.41403223743,228110.8629295341,1,0.9999892644424504
2020-12-03,102.426071,117.633995,0.0030194070772041324,True,False,1.710340969101165e-05,2.4489144000772685,228719.51581916594,228721.964733566,1,0.9999892930510503
2020-12-04,102.0242,120.84127,0.003117195521028807,True,False,1.71035291433968e-05,2.4489315036064117,227822.12963960855,227824.57857111216,1,0.9999892508020032
2020-12-07,102.340538,121.452789,0.0031516061191322266,True,False,1.710364859661621e-05,2.448948607255008,228528.51887712214,228530.9678257294,1,0.999989283952934
2020-12-08,102.443153,121.844521,0.0026788056456312653,True,False,1.71037680506699e-05,2.448965711023059,228757.66027527052,228760.10924098155,1,0.9999892946120758
2020-12-09,102.297798,118.411125,0.00261395984839936,True,False,1.7103887505557874e-05,2.4489828149105644,228433.0795811434,228435.5285639583,1,0.9999892793260737
2020-12-10,102.528648,118.245529,0.0026367769868483686,True,False,1.7104006961280135e-05,2.4489999189175258,228948.57236253552,228951.02136245443,1,0.9999893033894134
2020-12-11,102.733849,117.095764,0.002348877145864875,True,False,1.710412641783669e-05,2.4490170230439436,229406.79040123787,229409.23941826093,1,0.9999893246800815
2020-12-14,102.674011,118.40329,0.0023317786934232876,True,False,1.7104245875227545e-05,2.449034127289819,229273.17092082658,229275.61995495387,1,0.9999893183840141
2020-12-15,102.571381,120.053253,0.0023370901058086297,True,False,1.7104365333452707e-05,2.4490512316551523,229043.9960273708,229046.44507860244,1,0.9999893076217323
2020-12-16,102.485893,120.123482,0.0022670022469859744,True,False,1.710448479251218e-05,2.449068336139945,228853.0995712493,228855.54863958544,1,0.9999892986281054
2020-12-17,102.411438,120.343681,0.002270761722852139,True,False,1.7104604252405965e-05,2.4490854407441973,228686.84003025494,228689.2891156957,1,0.9999892907733011
2020-12-18,102.325859,119.628815,0.002257444337944473,True,False,1.710472371313408e-05,2.4491025454679103,228495.74036926834,228498.18947181382,1,0.999989281742008
2020-12-21,102.394348,119.095833,0.002220628332282213,True,False,1.710484317469652e-05,2.449119650311085,228648.6777099864,228651.12682963672,1,0.9999892888362971
2020-12-22,102.565453,118.920311,0.0022227246692660824,True,False,1.7104962637093296e-05,2.449136755273722,229030.75868187333,229033.2078186286,1,0.9999893066303415
2020-12-23,102.351562,118.026718,0.0022433476572192223,True,False,1.7105082100324413e-05,2.4491538603558225,228553.13569506485,228555.5848489252,1,0.9999892842090821
2020-12-24,102.49704,119.079887,0.0022679401894393904,True,False,1.7105201564389873e-05,2.449170965557387,228877.9910507129,228880.44022167847,1,0.9999892993435211
2020-12-28,102.505562,118.949013,0.002151802040105451,True,False,1.710532102928969e-05,2.4491880708784164,228897.0208513758,228899.47003944666,1,0.9999893001584038
2020-12-29,102.48848,118.642639,0.002149161628719319,True,False,1.7105440495023862e-05,2.4492051763189115,228858.87639527122,228861.32560044754,1,0.999989298300314
2020-12-30,102.556908,120.630928,0.0017798120534600784,True,False,1.71055599615924e-05,2.449222281878873,229011.67752173907,229014.12674402093,1,0.9999893053659322
2020-12-31,102.625351,121.013878,0.0017324571914250923,True,False,1.7105679428995307e-05,2.449239387558302,229164.5121435143,229166.96138290185,1,0.9999893124236898
2021-01-04,102.651039,120.506447,0.001634459189764602,True,False,0.0,2.449239387558302,229221.87397400336,229224.32321339092,1,0.9999893150981832
2021-01-05,102.411438,122.970253,0.0014561492051431203,True,False,0.0,2.449239387558302,228686.84003025494,228689.2892696425,1,0.9999892901001382
2021-01-06,101.812553,122.57135,0.00184221002172035,True,False,0.0,2.449239387558302,227349.51755079205,227351.9667901796,1,0.9999892271027072
2021-01-07,101.453224,127.195793,0.001954753606998007,True,False,0.0,2.449239387558302,226547.12852915534,226549.5777685429,1,0.9999891889474627
2021-01-08,101.162346,127.262787,0.002017208267675453,True,False,0.0,2.449239387558302,225897.5919934578,225900.04123284537,1,0.9999891578621491
2021-01-11,100.965569,128.552124,0.0019256149361023143,True,False,0.0,2.449239387558302,225458.18491940974,225460.6341587973,1,0.9999891367315776
2021-01-12,100.948448,129.330856,0.0018197113998079265,True,False,0.0,2.449239387558302,225419.95337550587,225422.40261489342,1,0.9999891348891718
2021-01-13,101.299232,129.541534,0.0020633567569480387,True,False,0.0,2.449239387558302,226203.26123700832,226205.71047639588,1,0.9999891725130087
2021-01-14,101.068253,132.286179,0.002093736334195452,True,False,0.0,2.449239387558302,225687.4803959723,225689.92963535985,1,0.999989147768394
2021-01-15,101.34201,129.595764,0.002230301754489083,True,False,0.0,2.449239387558302,226298.78538776594,226301.2346271535,1,0.9999891770834057
2021-01-19,101.401886,134.041458,0.002244563908446568,True,False,0.0,2.449239387558302,226432.48972295603,226434.93896234359,1,0.9999891834740753
2021-01-20,101.444672,133.562729,0.0022521260501561897,True,False,0.0,2.449239387558302,226528.03173787758,226530.48097726514,1,0.9999891880360781
2021-01-21,101.299232,135.493591,0.002247094234703866,True,False,0.0,2.449239387558302,226203.26123700832,226205.71047639588,1,0.9999891725130087
2021-01-22,101.453224,133.195724,0.0022395465801722304,True,False,0.0,2.449239387558302,226547.12852915534,226549.5777685429,1,0.9999891889474627
2021-01-25,101.863907,133.387192,0.0024285764595137456,True,False,0.0,2.449239387558302,227464.1920853193,227466.64132470684,1,0.9999892325337321
2021-01-26,101.829689,131.2202,0.0023969734065631926,True,False,0.0,2.449239387558302,227387.7825900034,227390.23182939095,1,0.9999892289155614
2021-01-27,101.94944,124.409615,0.002419138104928822,True,False,0.0,2.449239387558302,227655.18902736306,227657.6382667506,1,0.9999892415672665
2021-01-28,101.684212,127.138313,0.0024743596072981417,True,False,0.0,2.449239387558302,227062.9294673758,227065.37870676335,1,0.9999892135058127
2021-01-29,101.50457,124.920212,0.00247930670665173,True,False,0.0,2.449239387558302,226661.78519951858,226664.23443890613,1,0.9999891944161653
2021-02-01,101.631264,129.854233,0.002497206659852943,True,False,0.0,2.449239387558302,226944.6954981787,226947.14473756627,1,0.9999892078863103
2021-02-02,101.374428,131.960571,0.002531190244265942,True,False,0.0,2.449239387558302,226371.17544618985,226373.6246855774,1,0.9999891805443724
2021-02-03,101.12616,129.279816,0.0025354152626676676,True,False,0.0,2.449239387558302,225816.7879138067,225819.23715319426,1,0.9999891539825463
2021-02-04,101.091919,130.339355,0.002216056992498941,True,False,0.0,2.449239387558302,225740.32705901942,225742.77629840697,1,0.9999891503089148
2021-02-05,100.877876,129.448929,0.002130049987073876,True,False,0.0,2.449239387558302,225262.36465309563,225264.8138924832,1,0.9999891272882558
2021-02-08,100.920662,133.332916,0.0020451757928031432,True,False,0.0,2.449239387558302,225357.90666801715,225360.3559074047,1,0.9999891318977657
2021-02-09,100.997719,132.94043,0.0020071538018593387,True,False,0.0,2.449239387558302,225529.97652834092,225532.42576772848,1,0.9999891401895793
2021-02-10,101.254555,133.202103,0.0020839360094060777,True,False,0.0,2.449239387558302,226103.49658032972,226105.94581971728,1,0.9999891677355999
2021-02-11,101.177513,137.813736,0.0019391460737195367,True,False,0.0,2.449239387558302,225931.46021531345,225933.909454701,1,0.9999891594874206
2021-02-12,100.843643,139.518005,0.0020129086272762794,True,False,0.0,2.449239387558302,225185.9216624723,225188.37090185986,1,0.9999891235973787
2021-02-16,100.115921,140.220154,0.0024597864481770626,True,False,0.0,2.449239387558302,223560.90352142736,223563.35276081492,1,0.9999890445399153
2021-02-17,100.184402,137.81694,0.002462263032242507,True,False,0.0,2.449239387558302,223713.82299798148,223716.27223736903,1,0.9999890520284329
2021-02-18,100.175819,136.399948,0.0024537349356330736,True,False,0.0,2.449239387558302,223694.6569830684,223697.10622245594,1,0.999989051090428
2021-02-19,99.773453,139.687164,0.0025643287548871344,True,False,0.0,2.449239387558302,222796.1654583657,222798.61469775325,1,0.9999890069361926
2021-02-22,99.610809,134.625488,0.0025132958556112533,True,False,0.0,2.449239387558302,222432.97807289142,222435.42731227897,1,0.9999889889869741
2021-02-23,99.687912,133.613846,0.002268499581119422,True,False,0.0,2.449239387558302,222605.15065215793,222607.59989154548,1,0.9999889975032804
2021-02-24,99.55088,137.947815,0.002262464446944937,True,False,0.0,2.449239387558302,222299.1553876151,222301.60462700264,1,0.999988982358487
2021-02-25,98.223869,130.090424,0.003496449189525833,True,False,0.0,2.449239387558302,219335.91262682705,219338.3618662146,1,0.9999888335110798
2021-02-26,99.105682,133.055237,0.0042406563452484025,True,False,0.0,2.449239387558302,221305.01912904804,221307.4683684356,1,0.9999889328660907
2021-03-01,98.994316,137.296722,0.0042392326935052705,True,False,0.0,2.449239387558302,221056.3365685433,221058.78580793086,1,0.9999889204159943
2021-03-02,99.174179,133.179794,0.0042587116378532035,True,False,0.0,2.449239387558302,221457.97433393003,221460.4235733176,1,0.9999889405097848
2021-03-03,98.643082,129.104279,0.004350886230941266,True,False,0.0,2.449239387558302,220272.02384781788,220274.47308720544,1,0.9999888809658549
2021-03-04,98.154823,122.890472,0.00441953143628047,True,False,0.0,2.449239387558302,219181.731493693,219184.18073308055,1,0.9999888256562158
2021-03-05,98.017754,126.576599,0.00441133356336566,True,False,0.0,2.449239387558302,218875.65360739178,218878.10284677934,1,0.9999888100300774
2021-03-08,97.632256,119.74688,0.004442522885006036,True,False,0.0,2.449239387558302,218014.82867240763,218017.2779117952,1,0.9999887658473172
2021-03-09,98.094841,127.186172,0.004646974374587986,True,False,0.0,2.449239387558302,219047.7904583304,219050.23969771795,1,0.9999888188235222
2021-03-10,98.300453,124.786179,0.004689210120926058,True,False,0.0,2.449239387558302,219506.92626845642,219509.37550784397,1,0.9999888422105804
2021-03-11,98.266167,130.039383,0.004606745563039541,True,False,0.0,2.449239387558302,219430.3649277468,219432.81416713435,1,0.999988838317565
2021-03-12,97.555176,128.667053,0.004778159689241105,True,False,0.0,2.449239387558302,217842.70745261252,217845.15669200008,1,0.9999887569711223
2021-03-15,97.675079,131.37973,0.004811555952971038,True,False,0.0,2.449239387558302,218110.45330908752,218112.90254847507,1,0.9999887707725726
2021-03-16,97.657951,133.077621,0.004631196749121541,True,False,0.0,2.449239387558302,218072.20613404017,218074.65537342773,1,0.9999887688031268
2021-03-17,97.495201,134.753143,0.0046095083378087185,True,False,0.0,2.449239387558302,217708.78204839336,217711.23128778092,1,0.9999887500549555
2021-03-18,96.886955,129.177658,0.004724862021068387,True,False,0.0,2.449239387558302,216350.55626407187,216353.00550345943,1,0.9999886794297964
2021-03-19,96.827019,130.773376,0.004696787294209774,True,False,0.0,2.449239387558302,216216.71794765207,216219.16718703962,1,0.999988672422434
2021-03-22,97.143951,133.540421,0.004815760681987067,True,False,0.0,2.449239387558302,216924.43359934,216926.88283872756,1,0.9999887093782223
2021-03-23,97.62368,130.029785,0.00499399031283206,True,False,0.0,2.449239387558302,217995.678288638,217998.12752802556,1,0.9999887648604356
2021-03-24,97.752159,128.245758,0.005020823256606897,True,False,0.0,2.449239387558302,218282.57452888266,218285.0237682702,1,0.9999887796269974
2021-03-25,97.62368,128.381958,0.004074006638925347,True,False,0.0,2.449239387558302,217995.678288638,217998.12752802556,1,0.9999887648604356
2021-03-26,97.298141,134.719376,0.003491103979811802,True,False,0.0,2.449239387558302,217268.7430295451,217271.19226893265,1,0.9999887272704587
2021-03-29,96.964043,132.653793,0.003536320217140406,True,False,0.0,2.449239387558302,216522.69534803097,216525.14458741853,1,0.9999886884297331
2021-03-30,96.878403,132.337234,0.003472708937634215,True,False,0.0,2.449239387558302,216331.45947279414,216333.9087121817,1,0.9999886784304776
2021-03-31,96.741356,135.569916,0.0033307570392624485,True,False,0.0,2.449239387558302,216025.43071294384,216027.8799523314,1,0.99998866239215
2021-04-01,97.169937,140.554749,0.0033994291519115595,True,False,0.0,2.449239387558302,216982.46086993674,216984.9101093243,1,0.999988712397621
2021-04-05,96.895607,143.39093,0.003434058258295879,True,False,0.0,2.449239387558302,216369.87635739916,216372.32559678672,1,0.9999886804406211
2021-04-06,97.367081,141.789017,0.00354188331485547,True,False,0.0,2.449239387558302,217422.6874625066,217425.13670189417,1,0.9999887352519368
2021-04-07,97.307076,141.696243,0.003352218242275434,True,False,0.0,2.449239387558302,217288.6950676726,217291.14430706017,1,0.9999887283055398
2021-04-08,97.641365,143.31102,0.0034172553806507636,True,False,0.0,2.449239387558302,218035.16925610136,218037.61849548892,1,0.9999887668953438
2021-04-09,97.384232,142.863342,0.0034557781338976257,True,False,0.0,2.449239387558302,217460.9859970254,217463.43523641294,1,0.9999887372358259
2021-04-12,97.324188,141.328506,0.003063686084783088,True,False,0.0,2.449239387558302,217326.90651439206,217329.35575377962,1,0.9999887302873601
2021-04-13,97.727081,141.104736,0.0031967233163094013,True,False,0.0,2.449239387558302,218226.57484089586,218229.02408028342,1,0.9999887767477407
2021-04-14,97.607086,139.55397,0.0032088781978836787,True,False,0.0,2.449239387558302,217958.62354653527,217961.07278592282,1,0.9999887629503917
2021-04-15,98.232796,141.891296,0.0034857981106394204,True,False,0.0,2.449239387558302,219355.8468007906,219358.29604017816,1,0.9999888345258339
2021-04-16,97.967102,141.226212,0.0032095981189615317,True,False,0.0,2.449239387558302,218762.54665325242,218764.99589263997,1,0.9999888042445841
2021-04-19,97.864227,137.513977,0.0032193434283959944,True,False,0.0,2.449239387558302,218532.82466977523,218535.2739091628,1,0.9999887924757237
2021-04-20,98.155663,135.553909,0.0032068324062211836,True,False,0.0,2.449239387558302,219183.60723090926,219186.0564702968,1,0.999988825751843
2021-04-21,98.207108,139.109528,0.003034807349471956,True,False,0.0,2.449239387558302,219298.48497030156,219300.93420968912,1,0.9999888316053173
2021-04-22,98.284256,136.081482,0.003027763301569913,True,False,0.0,2.449239387558302,219470.75803549038,219473.20727487793,1,0.999988840371825
2021-04-23,98.155663,138.562759,0.0030275991144865723,True,False,0.0,2.449239387558302,219183.60723090926,219186.0564702968,1,0.999988825751843
2021-04-26,98.052826,141.101547,0.002925337535473054,True,False,0.0,2.449239387558302,218953.97010221085,218956.4193415984,1,0.9999888140325143
2021-04-27,97.667068,140.043182,0.0029618406933749563,True,False,0.0,2.449239387558302,218092.5645818979,218095.01382128545,1,0.9999887698515219
2021-04-28,97.79567,137.916824,0.0029540109776205153,True,False,0.0,2.449239387558302,218379.73548366348,218382.18472305103,1,0.9999887846190811
2021-04-29,97.624283,138.812164,0.002966330852359678,True,False,0.0,2.449239387558302,217997.02479999684,217999.4740393844,1,0.9999887649298314
2021-04-30,97.709946,134.943237,0.0028191463931088994,True,False,0.0,2.449239387558302,218188.31203470504,218190.7612740926,1,0.9999887747795863
2021-05-03,97.87635,133.53952,0.0027373749477198326,True,False,0.0,2.449239387558302,218559.89557724248,218562.34481663004,1,0.9999887938638762
2021-05-04,98.004967,131.288513,0.00254923586737964,True,False,0.0,2.449239387558302,218847.0999743155,218849.54921370305,1,0.9999888085701051
2021-05-05,98.125061,132.110229,0.002546632978913535,True,False,0.0,2.449239387558302,219115.27233770516,219117.7215770927,1,0.9999888222669991
2021-05-06,98.167961,133.194153,0.0024463526301587435,True,False,0.0,2.449239387558302,219211.06891696324,219213.5181563508,1,0.9999888271516822
2021-05-07,98.202255,135.023102,0.002348849682687711,True,False,0.0,2.449239387558302,219287.64812183677,219290.09736122433,1,0.999988831053399
2021-05-10,98.004967,129.018295,0.002401290046623917,True,False,0.0,2.449239387558302,218847.0999743155,218849.54921370305,1,0.9999888085701051
2021-05-11,97.842033,129.190933,0.0022666941359421517,True,False,0.0,2.449239387558302,218483.26501289752,218485.71425228508,1,0.9999887899334932
2021-05-12,97.370285,123.927879,0.00250519937160414,True,False,0.0,2.449239387558302,217429.84206017427,217432.29129956182,1,0.9999887356226027
2021-05-13,97.696243,125.507416,0.0021567042836595643,True,False,0.0,2.449239387558302,218157.71295485483,218160.16219424238,1,0.9999887732051401
2021-05-14,97.910667,129.392365,0.002143908714313383,True,False,0.0,2.449239387558302,218636.52614158744,218638.975380975,1,0.9999887977915041
2021-05-17,97.816269,128.263718,0.0021418352140849563,True,False,0.0,2.449239387558302,218425.7334728508,218428.18271223837,1,0.9999887869808871
2021-05-18,97.816269,127.23085,0.0020226601988684316,True,False,0.0,2.449239387558302,218425.7334728508,218428.18271223837,1,0.9999887869808871
2021-05-19,97.524712,129.712112,0.0021093417808022512,True,False,0.0,2.449239387558302,217774.68071623682,217777.12995562438,1,0.9999887534591532
2021-05-20,97.927788,133.12384,0.002324959241469059,True,False,0.0,2.449239387558302,218674.75768549135,218677.2069248789,1,0.9999887997499968
2021-05-21,97.962112,132.388443,0.002312179472997552,True,False,0.0,2.449239387558302,218751.40388097978,218753.85312036733,1,0.9999888036743005
2021-05-24,98.056435,135.732925,0.0023124311195222074,True,False,0.0,2.449239387558302,218962.0290731792,218964.47831256676,1,0.999988814444213
2021-05-25,98.416725,136.135803,0.0022546836930394387,True,False,0.0,2.449239387558302,219766.56402751216,219769.0132668997,1,0.9999888553925271
2021-05-26,98.305206,136.500351,0.002267799014779323,True,False,0.0,2.449239387558302,219517.53981487162,219519.98905425917,1,0.999988842750047
2021-05-27,98.133659,137.075867,0.0022674505116428226,True,False,0.0,2.449239387558302,219134.47184792568,219136.92108731324,1,0.9999888232463274
2021-05-28,98.125061,138.348511,0.0022638952099375085,True,False,0.0,2.449239387558302,219115.27233770516,219117.7215770927,1,0.9999888222669991
2021-06-01,98.107079,137.961609,0.0022377011725268907,True,False,0.0,2.449239387558302,219075.1181631546,219077.56740254216,1,0.9999888202182606
2021-06-02,98.218643,138.802551,0.0022330768669480998,True,False,0.0,2.449239387558302,219324.24286171744,219326.692101105,1,0.9999888329169418
2021-06-03,97.969734,136.417236,0.002291823069324651,True,False,0.0,2.449239387558302,218768.42396319666,218770.87320258422,1,0.9999888045453598
2021-06-04,98.51046,139.729813,0.002609901155788334,True,False,0.0,2.449239387558302,219975.87620366024,219978.3254430478,1,0.999988865996763
2021-06-07,98.433235,138.64267,0.00261819208371617,True,False,0.0,2.449239387558302,219803.43119589327,219805.88043528082,1,0.999988857261768
2021-06-08,98.716461,137.849731,0.002636929654568554,True,False,0.0,2.449239387558302,220435.88065875904,220438.3298981466,1,0.9999888892308851
2021-06-09,99.025482,137.171844,0.0026606631268369586,True,False,0.0,2.449239387558302,221125.93088530685,221128.3801246944,1,0.9999889239030008
2021-06-10,99.37738,138.747543,0.002407659767251679,True,False,0.0,2.449239387558302,221911.72633164137,221914.17557102893,1,0.999988963123328
2021-06-11,99.231514,139.448608,0.0024037999161714715,True,False,0.0,2.449239387558302,221586.004564041,221588.45380342857,1,0.9999889468997797
2021-06-14,98.922462,141.430206,0.0025296341925397,True,False,0.0,2.449239387558302,220895.8851138578,220898.33435324536,1,0.9999889123682407
2021-06-15,98.939629,140.271347,0.002507323721677038,True,False,0.0,2.449239387558302,220934.2193767045,220936.66861609207,1,0.9999889142920326
2021-06-16,98.261574,138.952393,0.0030107296102665024,True,False,0.0,2.449239387558302,219420.10866461086,219422.55790399841,1,0.9999888377958449
2021-06-17,98.613441,140.450607,0.0029996560762583038,True,False,0.0,2.449239387558302,220205.83488730996,220208.28412669752,1,0.9999888776237584
2021-06-18,99.171379,137.089233,0.0031117783641112936,True,False,0.0,2.449239387558302,221451.72187654258,221454.17111593013,1,0.9999889401975351
2021-06-21,98.853836,137.595032,0.00322815979514954,True,False,0.0,2.449239387558302,220742.64184933188,220745.09108871943,1,0.9999889046711051
2021-06-22,99.034042,138.244919,0.0032409796308350805,True,False,0.0,2.449239387558302,221145.04554074857,221147.49478013613,1,0.9999889248603517
2021-06-23,98.836655,138.821167,0.003196368973909202,True,False,0.0,2.449239387558302,220704.27632419823,220706.7255635858,1,0.9999889027424004
2021-06-24,98.819481,141.180542,0.003182258795085239,True,False,0.0,2.449239387558302,220665.92643020808,220668.37566959564,1,0.9999889008138111
2021-06-25,98.613441,140.796371,0.0031944560342987024,True,False,0.0,2.449239387558302,220205.83488730996,220208.28412669752,1,0.9999888776237584
2021-06-28,98.922462,144.1577,0.0032572346157164127,True,False,0.0,2.449239387558302,220895.8851138578,220898.33435324536,1,0.9999889123682407
2021-06-29,98.973946,145.287781,0.003254348548739479,True,False,0.0,2.449239387558302,221010.84994104947,221013.29918043702,1,0.9999889181357111
2021-06-30,99.128464,145.409409,0.0032604914044212087,True,False,0.0,2.449239387558302,221355.8918019771,221358.34104136465,1,0.9999889354095444
2021-07-01,99.057175,143.325378,0.00319722404499245,True,False,0.0,2.449239387558302,221196.70200387156,221199.1512432591,1,0.9999889274467203
2021-07-02,99.417938,144.199356,0.0030696396709154953,True,False,0.0,2.449239387558302,222002.2931768989,222004.74241628646,1,0.9999889676258223
2021-07-06,99.941856,143.95282,0.003233693658236103,True,False,0.0,2.449239387558302,223172.2128088737,223174.66204826126,1,0.9999890254594089
2021-07-07,100.233902,141.772751,0.0032352453944534468,True,False,0.0,2.449239387558302,223824.35751250997,223826.80675189753,1,0.9999890574349735
2021-07-08,100.491524,139.951202,0.0032161290538752366,True,False,0.0,2.449239387558302,224399.63271860828,224402.08195799583,1,0.9999890854872371
2021-07-09,99.984818,142.233795,0.00339068612532085,True,False,0.0,2.449239387558302,223268.1478354025,223270.59707479004,1,0.9999890301749552
2021-07-12,99.933281,144.058517,0.0033710857102593706,True,False,0.0,2.449239387558302,223153.06465812455,223155.5138975121,1,0.9999890245177241
2021-07-13,99.624092,143.482239,0.0033699740685750844,True,False,0.0,2.449239387558302,222462.6392841335,222465.08852352106,1,0.9999889904550695
2021-07-14,100.05349,142.819565,0.0034828655527828867,True,False,0.0,2.449239387558302,223421.4938188712,223423.94305825877,1,0.9999890377040436
2021-07-15,100.47435,139.650314,0.0030973294572476905,True,False,0.0,2.449239387558302,224361.28282461813,224363.7320640057,1,0.9999890836216485
2021-07-16,100.457184,136.615417,0.0030536163066969663,True,False,0.0,2.449239387558302,224322.95079479195,224325.4000341795,1,0.9999890817562916
2021-07-19,101.316116,136.477783,0.003341050238403788,True,False,0.0,2.449239387558302,226240.96355505477,226243.41279444232,1,0.9999891743173545
2021-07-20,101.187248,138.337769,0.003237106360179721,True,False,0.0,2.449239387558302,225953.19866983738,225955.64790922494,1,0.9999891605303509
2021-07-21,100.603195,142.585861,0.0035846849610860995,True,False,0.0,2.449239387558302,224648.99635036415,224651.4455897517,1,0.9999890976023719
2021-07-22,100.835075,141.743912,0.0035376936739259547,True,False,0.0,2.449239387558302,225166.78914286665,225169.2383822542,1,0.9999891226732162
2021-07-23,100.68055,142.467422,0.003574336340546602,True,False,0.0,2.449239387558302,224821.73165079553,224824.18089018308,1,0.9999891059788237
2021-07-26,100.611786,142.512253,0.003525352543399054,True,False,0.0,2.449239387558302,224668.18022944118,224670.62946882873,1,0.9999890985332914
2021-07-27,101.04126,139.896774,0.003570022541308723,True,False,0.0,2.449239387558302,225627.20447373658,225629.65371312413,1,0.9999891448692703
2021-07-28,101.127144,142.18251,0.0035681631160241114,True,False,0.0,2.449239387558302,225818.9852059743,225821.43444536187,1,0.9999891540880804
2021-07-29,100.817917,145.082886,0.0036830290439077355,True,False,0.0,2.449239387558302,225128.47497720437,225130.92421659193,1,0.9999891208220457
2021-07-30,101.101379,146.270538,0.0036886185678329914,True,False,0.0,2.449239387558302,225761.45143290708,225763.90067229464,1,0.9999891513241034
2021-08-02,101.544861,147.19577,0.003719872544518208,True,False,0.0,2.449239387558302,226751.75582830378,226754.20506769133,1,0.9999891987035617
2021-08-03,101.570633,148.316162,0.0035886367937721696,True,False,0.0,2.449239387558302,226809.30523251448,226811.75447190204,1,0.9999892014441965
2021-08-04,101.544861,149.827225,0.0035604740673193247,True,False,0.0,2.449239387558302,226751.75582830378,226754.20506769133,1,0.9999891987035617
2021-08-05,101.175316,149.852844,0.0036541896120571783,True,False,0.0,2.449239387558302,225926.55426928477,225929.00350867232,1,0.9999891592520238
2021-08-06,100.582268,149.106949,0.003722202301977015,True,False,0.0,2.449239387558302,224602.26593045428,224604.71516984183,1,0.9999890953340597
2021-08-09,100.367416,148.60112,0.0037583795651267887,True,False,0.0,2.449239387558302,224122.49701094962,224124.94625033718,1,0.9999890719911882
2021-08-10,100.178299,146.87561,0.0037115645977995786,True,False,0.0,2.449239387558302,223700.19487389727,223702.64411328483,1,0.9999890513614746
2021-08-11,100.290054,146.373001,0.00359636965589892,True,False,0.0,2.449239387558302,223949.74607937475,223952.1953187623,1,0.9999890635616049
2021-08-12,100.186913,144.801208,0.00347208112869618,True,False,0.0,2.449239387558302,223719.43011244573,223721.87935183328,1,0.9999890523028205
2021-08-13,100.762749,145.710327,0.003712126668344982,True,False,0.0,2.449239387558302,225005.28370250724,225007.7329418948,1,0.9999891148657181
2021-08-16,100.986176,145.169327,0.0031967632138171706,True,False,0.0,2.449239387558302,225504.20077276105,225506.6500121486,1,0.9999891389482863
2021-08-17,100.934647,142.358536,0.0031873666932625113,True,False,0.0,2.449239387558302,225389.1354596471,225391.58469903466,1,0.9999891334035793
2021-08-18,100.883041,140.476242,0.0028992339609668683,True,False,0.0,2.449239387558302,225273.89820395503,225276.3474433426,1,0.9999891278449098
2021-08-19,101.106506,141.628708,0.0028957821249127147,True,False,0.0,2.449239387558302,225772.90012898765,225775.3493683752,1,0.9999891518742219
2021-08-20,101.012009,142.691528,0.0028806892376269408,True,False,0.0,2.449239387558302,225561.88639122198,225564.33563060954,1,0.9999891417258818
2021-08-23,101.03775,146.709122,0.002873791396017079,True,False,0.0,2.449239387558302,225619.3665717973,225621.81581118485,1,0.9999891444921727
2021-08-24,100.762749,146.709122,0.002778781480375773,True,False,0.0,2.449239387558302,225005.28370250724,225007.7329418948,1,0.9999891148657181
2021-08-25,100.367416,147.826431,0.0028926438485716017,True,False,0.0,2.449239387558302,224122.49701094962,224124.94625033718,1,0.9999890719911882
2021-08-26,100.367416,147.964066,0.002823230816187325,True,False,0.0,2.449239387558302,224122.49701094962,224124.94625033718,1,0.9999890719911882
2021-08-27,100.694,150.787628,0.002849747168130504,True,False,0.0,2.449239387558302,224851.76577646035,224854.2150158479,1,0.999989107433955
2021-08-30,100.891663,151.088547,0.0026923024794958533,True,False,0.0,2.449239387558302,225293.15130666742,225295.60054605498,1,0.9999891287740124
2021-08-31,100.702591,149.881653,0.0027103549236199963,True,False,0.0,2.449239387558302,224870.9496555374,224873.39889492496,1,0.9999891083631964
2021-09-01,100.745567,149.065308,0.002716934871120861,True,False,0.0,2.449239387558302,224966.9159443531,224969.36518374065,1,0.9999891130092955
2021-09-02,100.86602,149.62233,0.0026262056527716045,True,False,0.0,2.449239387558302,225235.8899621007,225238.33920148824,1,0.9999891260102688
2021-09-03,100.625168,150.742813,0.0023244299126122915,True,False,0.0,2.449239387558302,224698.06250971233,224700.51174909988,1,0.9999890999830464
2021-09-07,100.229576,150.188995,0.002444273568079092,True,False,0.0,2.449239387558302,223814.69746584632,223817.14670523387,1,0.9999890569626876
2021-09-08,100.504776,148.264984,0.002481947725205581,True,False,0.0,2.449239387558302,224429.22470621503,224431.67394560258,1,0.9999890869263482
2021-09-09,100.788597,148.786804,0.0025448635540733637,True,False,0.0,2.449239387558302,225063.00281627558,225065.45205566313,1,0.9999891176572628
2021-09-10,100.470352,149.968063,0.0026439961099848216,True,False,0.0,2.449239387558302,224352.35520867704,224354.8044480646,1,0.9999890831872597
2021-09-13,100.590775,151.405457,0.002313182380804017,True,False,0.0,2.449239387558302,224621.2622358097,224623.71147519725,1,0.9999890962562613
2021-09-14,100.969177,151.411835,0.0024170685420596204,True,False,0.0,2.449239387558302,225466.2416573576,225468.69089674516,1,0.9999891371197579
2021-09-15,100.797195,152.282654,0.0024447201743480217,True,False,0.0,2.449239387558302,225082.20232649613,225084.6515658837,1,0.9999891185855165
2021-09-16,100.478966,152.573898,0.002540010191728754,True,False,0.0,2.449239387558302,224371.5904472255,224374.03968661305,1,0.9999890841231411
2021-09-17,100.186539,150.140961,0.002542358654464125,True,False,0.0,2.449239387558302,223718.5949627804,223721.04420216795,1,0.9999890522619529
2021-09-20,100.69397,146.42421,0.0028203924026751833,True,False,0.0,2.449239387558302,224851.69878584545,224854.148025233,1,0.9999891074307098
2021-09-21,100.633774,146.8564,0.002820274658397539,True,False,0.0,2.449239387558302,224717.27988409682,224719.72912348437,1,0.999989100915184
2021-09-22,100.728378,149.904022,0.002766114848696698,True,False,0.0,2.449239387558302,224928.53255505554,224930.9817944431,1,0.9999891111514829
2021-09-23,99.816711,151.901657,0.0033330763120574787,True,False,0.0,2.449239387558302,222892.76145896115,222895.2106983487,1,0.999989011700252
2021-09-24,99.515709,151.727448,0.0033879186872205393,True,False,0.0,2.449239387558302,222220.61782376692,222223.06706315448,1,0.9999889784646575
2021-09-27,99.249123,151.358322,0.003307969085005255,True,False,0.0,2.449239387558302,221625.32582194672,221627.77506133428,1,0.9999889488608236
2021-09-28,98.870697,145.437546,0.0033137001316538117,True,False,0.0,2.449239387558302,220780.29280790695,220782.7420472945,1,0.9999889065632357
2021-09-29,98.973862,143.143021,0.0033378252692858467,True,False,0.0,2.449239387558302,221010.66236732784,221013.1116067154,1,0.999988918126306
2021-09-30,99.094322,143.085236,0.0033585251819532123,True,False,0.0,2.449239387558302,221279.65201621887,221282.10125560642,1,0.9999889315973879
2021-10-01,99.498787,143.178238,0.003508041920447881,True,False,0.0,2.449239387558302,222182.8306509416,222185.27989032917,1,0.9999889765902189
2021-10-04,99.378326,139.491013,0.003487668533654222,True,False,0.0,2.449239387558302,221913.83876903012,221916.28800841767,1,0.9999889632283888
2021-10-05,99.068497,141.602631,0.0034514024788973065,True,False,0.0,2.449239387558302,221221.9842619219,221224.43350130945,1,0.9999889287121283
2021-10-06,99.094299,142.154587,0.0033692236643141763,True,False,0.0,2.449239387558302,221279.60065674747,221282.04989613502,1,0.9999889315948189
2021-10-07,98.698441,143.816895,0.003338619614133079,True,False,0.0,2.449239387558302,220395.64162942968,220398.09086881723,1,0.9999888872023441
2021-10-08,98.483238,142.343918,0.0033130468038114896,True,False,0.0,2.449239387558302,219915.08891973106,219917.53815911862,1,0.9999888629192194
2021-10-11,98.242264,141.390808,0.003286047559262489,True,False,0.0,2.449239387558302,219376.98903884226,219379.43827822982,1,0.9999888356018833
2021-10-12,98.689781,139.625809,0.003352591528865424,True,False,0.0,2.449239387558302,220376.3036719384,220378.75291132595,1,0.9999888862272102
2021-10-13,98.879128,140.431274,0.0034177470961236486,True,False,0.0,2.449239387558302,220799.1194037047,220801.56864309227,1,0.9999889075091151
2021-10-14,99.111534,144.789261,0.003452832982475552,True,False,0.0,2.449239387558302,221318.08676498785,221320.5360043754,1,0.9999889335195379
2021-10-15,98.620949,145.755219,0.0035513648065838023,True,False,0.0,2.449239387558302,220222.60040519037,220225.04964457793,1,0.9999888784704941
2021-10-18,98.483238,146.929764,0.003275290557987241,True,False,0.0,2.449239387558302,219915.08891973106,219917.53815911862,1,0.9999888629192194
2021-10-19,98.130371,148.730103,0.0033186970087203675,True,False,0.0,2.449239387558302,219127.1296765364,219129.57891592395,1,0.9999888228718383
2021-10-20,98.087326,148.422012,0.003284761671389001,True,False,0.0,2.449239387558302,219031.0093093065,219033.45854869406,1,0.9999888179668814
2021-10-21,97.829147,149.917465,0.0027563919485559247,True,False,0.0,2.449239387558302,218454.4903107922,218456.93955017976,1,0.9999887884569261
2021-10-22,98.078758,148.235886,0.0028226352005708373,True,False,0.0,2.449239387558302,219011.87678970082,219014.32602908838,1,0.9999888169900483
2021-10-25,98.199249,149.253174,0.0028154915830289596,True,False,0.0,2.449239387558302,219280.93566222722,219283.38490161477,1,0.9999888307115076
2021-10-26,98.31974,149.365509,0.0027301061751890537,True,False,0.0,2.449239387558302,219549.99453475358,219552.44377414114,1,0.999988844399336
2021-10-27,98.870537,148.29364,0.0030196190790560814,True,False,0.0,2.449239387558302,220779.93552462765,220782.3847640152,1,0.9999889065452836
2021-10-28,98.612381,151.637589,0.0030561923784750856,True,False,0.0,2.449239387558302,220203.46788558472,220205.91712497227,1,0.9999888775042036
2021-10-29,98.65538,152.314697,0.002889447898803473,True,False,0.0,2.449239387558302,220299.48553387183,220301.9347732594,1,0.9999888823518954
2021-11-01,98.647606,154.798523,0.002884331357368442,True,False,0.0,2.449239387558302,220282.1260325396,220284.57527192717,1,0.9999888814757705
2021-11-02,98.888786,156.724014,0.0028730960680466142,True,False,0.0,2.449239387558302,220820.68591565048,220823.13515503804,1,0.9999889085924542
2021-11-03,98.578705,158.530746,0.0029508119225813974,True,False,0.0,2.449239387558302,220128.2686873774,220130.71792676495,1,0.9999888737046305
2021-11-04,99.112724,163.864304,0.0030701238700883847,True,False,0.0,2.449239387558302,221320.74405937752,221323.19329876508,1,0.9999889336524065
2021-11-05,99.655273,165.683884,0.0032281997301045577,True,False,0.0,2.449239387558302,222532.26709620445,222534.716335592,1,0.9999889938997929
2021-11-08,99.224663,167.923828,0.0033466586876769715,True,False,0.0,2.449239387558302,221570.7061406262,221573.15538001375,1,0.9999889461366231
2021-11-09,99.681137,167.923828,0.0033495345749499313,True,False,0.0,2.449239387558302,222590.02193830075,222592.4711776883,1,0.999988996755485
2021-11-10,98.828506,162.972168,0.00389514377738649,True,False,0.0,2.449239387558302,220686.0794401802,220688.52867956777,1,0.9999889018273754
2021-11-11,98.509789,166.418762,0.0039159056263103785,True,False,0.0,2.449239387558302,219974.37784690777,219976.82708629532,1,0.9999888659209245
2021-11-12,98.716568,168.045807,0.003790109378819235,True,False,0.0,2.449239387558302,220436.11959195204,220438.5688313396,1,0.9999888892429282
2021-11-15,98.328934,167.920654,0.003882383540028446,True,False,0.0,2.449239387558302,219570.52492518947,219572.97416457703,1,0.9999888454424007
2021-11-16,98.242844,170.43663,0.003799761333743302,True,False,0.0,2.449239387558302,219378.28419072967,219380.73343011722,1,0.9999888356677943
2021-11-17,98.59594,169.249252,0.0038779578915076754,True,False,0.0,2.449239387558302,220166.75479561777,220169.20403500533,1,0.9999888756495338
2021-11-18,98.656219,172.079681,0.003817917818761857,True,False,0.0,2.449239387558302,220301.35903806757,220303.80827745513,1,0.999988882446442
2021-11-19,98.92321,172.557846,0.0038225980723923486,True,False,0.0,2.449239387558302,220897.55541318847,220900.00465257603,1,0.999988912452078
2021-11-22,98.199768,170.057892,0.004190694851491073,True,False,0.0,2.449239387558302,219282.09459986442,219284.54383925197,1,0.9999888307705382
2021-11-23,97.794983,169.374374,0.004278480746436758,True,False,0.0,2.449239387558302,218378.20139858304,218380.6506379706,1,0.9999887845402952
2021-11-24,98.09642,171.235672,0.004132083604914708,True,False,0.0,2.449239387558302,219051.3163976928,219053.76563708036,1,0.999988819003497
2021-11-26,99.362442,166.470108,0.005037902828827393,True,False,0.0,2.449239387558302,221878.3694714792,221880.81871086676,1,0.9999889614640789
2021-11-29,99.138542,172.869125,0.005072139202864155,True,False,0.0,2.449239387558302,221378.396182531,221380.84542191855,1,0.9999889365343109
2021-11-30,99.732819,169.839706,0.005230105965053785,True,False,0.0,2.449239387558302,222705.42890355052,222707.87814293808,1,0.9999890024573537
2021-12-01,99.920692,168.482208,0.005220920275897779,True,False,0.0,2.449239387558302,223124.9531631064,223127.40240249396,1,0.9999890231349391
2021-12-02,99.705223,168.726151,0.005189217413384392,True,False,0.0,2.449239387558302,222643.80646995598,222646.25570934353,1,0.9999889994135327
2021-12-03,100.291328,168.299347,0.005212664449289507,True,False,0.0,2.449239387558302,223952.59094748602,223955.04018687358,1,0.9999890637005289
2021-12-06,99.791443,168.08429,0.00522305319070825,True,False,0.0,2.449239387558302,222836.3374970802,222838.78673646777,1,0.9999890089179563
2021-12-07,99.412163,176.56601,0.0052011590282303125,True,False,0.0,2.449239387558302,221989.39748353724,221991.8467229248,1,0.9999889669849424
2021-12-08,99.093269,175.41713,0.005138472953168463,True,False,0.0,2.449239387558302,221277.3006456371,221279.74988502465,1,0.9999889314797724
2021-12-09,99.343201,171.38327,0.00478278308544893,True,False,0.0,2.449239387558302,221835.40392412478,221837.85316351234,1,0.9999889593261356
2021-12-10,99.412163,173.000656,0.004712048351734986,True,False,0.0,2.449239387558302,221989.39748353724,221991.8467229248,1,0.9999889669849424
2021-12-13,99.88623,168.392319,0.004797589186542917,True,False,0.0,2.449239387558302,223047.99881078958,223050.44805017713,1,0.9999890193478248
2021-12-14,99.713867,167.582275,0.004712689775864053,True,False,0.0,2.449239387558302,222663.10869911927,222665.55793850683,1,0.9999890003671416
2021-12-15,99.567322,173.734528,0.00472501487325276,True,False,0.0,2.449239387558302,222335.8707106025,222338.31994999005,1,0.9999889841778596
2021-12-16,99.857178,166.155106,0.004705298478432726,True,False,0.0,2.449239387558302,222983.12509935358,222985.57433874113,1,0.9999890161531981
2021-12-17,100.081497,165.762939,0.004718996931752907,True,False,0.0,2.449239387558302,223484.0340238894,223486.48326327695,1,0.9999890407717201
2021-12-20,99.995209,164.464417,0.004707372371306501,True,False,0.0,2.449239387558302,223291.3511513715,223293.80039075905,1,0.9999890313148718
2021-12-21,99.598366,170.398041,0.004464911356514346,True,False,0.0,2.449239387558302,222405.1925988656,222407.64183825316,1,0.9999889876113639
2021-12-22,99.693298,172.169128,0.004317275650021499,True,False,0.0,2.449239387558302,222617.17770054683,222619.6269399344,1,0.9999889980976915
2021-12-23,99.486214,173.834152,0.004338174167162729,True,False,0.0,2.449239387558302,222154.7548842514,222157.20412363895,1,0.9999889751971033
2021-12-27,99.520714,178.597809,0.0032688886243211683,True,False,0.0,2.449239387558302,222231.79409134702,222234.24333073458,1,0.9999889790189358
2021-12-28,99.503471,176.627411,0.0032234305055112177,True,False,0.0,2.449239387558302,222193.2901189427,222195.73935833026,1,0.9999889771091263
2021-12-29,98.994507,176.89743,0.0031280846542017502,True,False,0.0,2.449239387558302,221056.76307545797,221059.21231484553,1,0.999988920437371
2021-12-30,99.322304,174.89595,0.003197501755226075,True,False,0.0,2.449239387558302,221788.7404948298,221791.18973421736,1,0.9999889570032494
2021-12-31,99.210144,174.368607,0.0031742212991262946,True,False,0.0,2.449239387558302,221538.28491605163,221540.7341554392,1,0.9999889445189531
2022-01-03,98.287086,177.834656,0.0034437333984619943,True,False,0.00014539929062647695,2.4493847868489285,219477.0774834927,219479.52686827956,1,0.9999888400306771
2022-01-04,98.235313,177.288055,0.0033139305448977585,True,False,0.00014540792226690462,2.4495301947711954,219361.46731337786,219363.91684357263,1,0.999988833486245
2022-01-05,97.821213,171.26593,0.003335152913399253,True,False,0.0001454165544197503,2.449675611325615,218436.77352618068,218439.22320179202,1,0.9999887855506194
2022-01-06,97.579651,172.597046,0.0033110574646627164,True,False,0.00014542518708504442,2.4498210365127,217897.36062924052,217899.81045027703,1,0.9999887571217642
2022-01-07,97.26046,167.590958,0.0032613246460915356,True,False,0.00014543382026281743,2.4499664703329627,217184.60058425317,217187.0505507235,1,0.9999887195554978
2022-01-10,97.234566,167.651993,0.0032411603800256497,True,False,0.00014544245395309966,2.450111912786916,217126.77875154204,217129.22886345483,1,0.9999887158816636
2022-01-11,97.467529,170.806168,0.003053687857491909,True,False,0.00014545108815592166,2.450257363875072,217646.98990524118,217649.44016260505,1,0.9999887421839356
2022-01-12,97.484764,172.060074,0.003066880121429804,True,False,0.0001454597228713138,2.450402823597943,217685.47601348156,217687.92641630516,1,0.9999887435060643
2022-01-13,97.795349,168.04425,0.003212634477415637,True,False,0.00014546835809930644,2.4505482919560424,218379.0186840844,218381.46923237637,1,0.9999887785886752
2022-01-14,97.122414,172.066528,0.0033473745899408477,True,False,0.0001454769938399301,2.4506937689498822,216876.34103692786,216878.7917306968,1,0.9999887001686546
2022-01-18,96.389122,164.375671,0.003503354476345389,True,False,0.0001454856300932152,2.4508392545799755,215238.88497172284,215241.3358109774,1,0.9999886135288776
2022-01-19,96.622063,159.539978,0.0036278020334633114,True,False,0.0001454942668591922,2.450984748846835,215759.04699897108,215761.49798371992,1,0.9999886403052827
2022-01-20,96.829102,154.537094,0.0036845814058967265,True,False,0.00014550290413789144,2.4511302517509725,216221.36932934425,216223.820459596,1,0.9999886639212713
2022-01-21,97.38987,151.964828,0.00399222635751413,True,False,0.00014551154192934344,2.451275763292902,217473.57576657916,217476.02704234247,1,0.9999887285242579
2022-01-24,97.303612,153.701096,0.00398681493615697,True,False,0.0001455201802335786,2.4514212834731355,217280.95988467612,217283.4113059596,1,0.9999887178626811
2022-01-25,97.174187,147.965134,0.00397219345592073,False,False,0.0001455288190506274,2.451566812292186,216991.9512070427,216994.402773855,1,0.9999887021656736
2022-01-26,96.484032,150.238297,0.004177313280690266,True,False,0.00014553745838052023,2.4517123497505664,215450.8209469532,215453.27265930295,1,0.999988620677145
2022-01-27,96.889526,143.550613,0.004274899809427783,False,False,0.00014554609822328758,2.4518578958487898,216356.2973597659,216358.74921766174,1,0.999988667627703
2022-01-28,97.113808,146.302841,0.004226815015868653,False,False,0.0001455547385789599,2.4520034505873687,216857.12366254337,216859.57566599397,1,0.9999886931280619
2022-01-31,97.113808,154.160889,0.004234281095322607,True,False,0.00014556337944756758,2.452149013966816,216857.12366254337,216859.57581155733,1,0.9999886924568363
2022-02-01,96.982544,155.443771,0.0037625841001404734,True,False,0.00014557202082914113,2.4522945859876453,216564.0084602187,216566.4607548047,1,0.9999886764802941
2022-02-02,97.18116,159.369583,0.0038113290100471003,True,False,0.00014558066272371098,2.452440166650369,217007.522058958,217009.97449912466,1,0.9999886989518694
2022-02-03,96.766663,152.434311,0.0038138899778952145,True,False,0.0001455893051313076,2.4525857559555,216081.9417626241,216084.39434838007,1,0.9999886498709758
2022-02-04,96.024025,153.308823,0.0041203648107785,True,False,0.00014559794805196142,2.452731353903552,214423.6158878679,214426.0686192218,1,0.9999885614124734
2022-02-07,96.049957,153.222061,0.004084495996193962,True,False,0.0001456065914857029,2.4528769604950376,214481.5225753579,214483.9754523184,1,0.9999885638218178
2022-02-08,95.739044,157.096375,0.0041247030209687575,True,False,0.00014561523543256253,2.4530225757304702,213787.24747403254,213789.70049660827,1,0.9999885260020944
2022-02-09,95.868599,162.250397,0.004089043052303022,True,False,0.00014562387989257078,2.4531681996103627,214076.54644433036,214078.99961252997,1,0.9999885408274327
2022-02-10,94.987831,157.192871,0.004488922753696394,True,False,0.00014563252486575804,2.4533138321352284,212109.7734485272,212112.22676235935,1,0.9999884338877132
2022-02-11,95.972237,149.193344,0.005104159764764141,False,False,0.0001456411703521548,2.4534594733055806,214307.97222244565,214310.42568191895,1,0.9999885518426577
2022-02-14,95.307289,149.334808,0.0051071110529211355,False,False,0.0001456498163517916,2.4536051231219322,212823.12970998685,212825.58331510998,1,0.9999884712867462
2022-02-15,95.022362,157.575455,0.004891955216059105,True,False,0.0001456584628646988,2.4537507815847968,212186.8818792582,212189.3356300398,1,0.999988436031555
2022-02-16,95.220963,157.626907,0.004881520024661714,True,False,0.00014566710989090696,2.4538964486946875,212630.36198269008,212632.81587913877,1,0.999988459465024
2022-02-17,95.730438,151.707672,0.005030465615088509,True,False,0.00014567575743044652,2.454042124452118,213768.03009964805,213770.4841417725,1,0.999988520201307
2022-02-18,96.041321,150.013275,0.004892322299475124,False,False,0.00014568440548334792,2.454187808857601,214462.23821035854,214464.6923981674,1,0.9999885566813753
2022-02-22,96.032684,149.100128,0.004893943116878343,False,False,0.0001456930540496417,2.4543335019116506,214442.9516123387,214445.4059458406,1,0.9999885549728095
2022-02-23,95.531815,145.547256,0.004998691537297023,False,False,0.0001457017031293583,2.45447920361478,213324.50086976524,213326.95534896886,1,0.999988494284749
2022-02-24,95.756348,150.871689,0.004818398573602751,False,False,0.0001457103527225282,2.4546249139675025,213825.88766068712,213828.34228560107,1,0.9999885205820346
2022-02-25,95.730438,153.386002,0.004697313187360719,True,False,0.00014571900282918187,2.4547706329703316,213768.03009964805,213770.484870281,1,0.9999885167934458
2022-02-28,96.818451,152.453568,0.005372353747104819,True,False,0.00014572765344934984,2.454916360623781,216197.58542804638,216200.040344407,1,0.9999886451623381
2022-03-01,97.761429,146.92659,0.005806446809999592,False,False,0.00014573630458306254,2.455062096928364,218303.27462887618,218305.72969097312,1,0.9999887540189604
2022-03-02,96.292137,151.598312,0.0067579699905234766,False,False,0.00014574495623035047,2.455207841884594,215022.3154789643,215024.77068680618,1,0.9999885817441682
2022-03-03,96.706993,148.418488,0.0068186478734336975,False,False,0.00014575360839124413,2.4553535954929853,215948.69742965608,215951.15278325157,1,0.9999886300509914
2022-03-04,97.666351,144.479843,0.007106236030324911,False,False,0.00014576226106577402,2.455499357754051,218090.9635062026,218093.41900556034,1,0.9999887410662415
2022-03-07,97.251472,137.232697,0.006937530114311213,False,False,0.0001457709142539706,2.455645128668305,217164.5301960394,217166.9858411681,1,0.9999886923644532
2022-03-08,96.620575,139.862747,0.0071194915066277835,False,False,0.00014577956795586446,2.455790908236261,215755.72426447377,215758.18005538202,1,0.9999886178549169
2022-03-09,96.024185,145.724075,0.0072263849268725654,False,False,0.00014578822217148593,2.455936696458432,214423.97317114723,214426.4291078437,1,0.9999885464832545
2022-03-10,95.583359,142.733917,0.007296481217649758,False,False,0.00014579687690086563,2.456082493335333,213439.5996781866,213442.05576067994,1,0.9999884929777096
2022-03-11,95.557457,139.669815,0.006977696429424725,False,False,0.00014580553214403404,2.456228298867477,213381.7599813115,213384.21620961037,1,0.999988489175336
2022-03-14,94.347473,135.149185,0.007139134052041973,False,False,0.00014581418790102162,2.456374113055378,210679.84091005338,210682.29728416645,1,0.9999883408613598
2022-03-15,94.304237,141.361023,0.006993335019835502,False,False,0.00014582284417185892,2.4565199358995495,210583.29403590885,210585.75055584474,1,0.9999883348235604
2022-03-16,94.174553,148.64035,0.006972646876176466,False,False,0.00014583150095657643,2.456665767400506,210293.7070059671,210296.1636717345,1,0.9999883180666517
2022-03-17,93.993095,149.556671,0.006953577542870235,False,False,0.00014584015825520462,2.456811607558761,209888.50757289,209890.96438449755,1,0.9999882948195757
2022-03-18,94.269638,152.476089,0.006865045855770641,False,False,0.00014584881606777406,2.456957456374829,210506.03375978416,210508.49071724052,1,0.9999883284638639
2022-03-21,93.04232,152.173874,0.007320382228190357,False,False,0.00014585747439431525,2.4571033138492235,207765.4075112566,207767.86461457046,1,0.9999881738048451
2022-03-22,92.53241,153.016296,0.007361902480649184,True,False,0.00014586613323485864,2.4572491799824583,206626.7680303831,206629.22527956308,1,0.9999881079301505
2022-03-23,93.154709,149.161194,0.007555129771362325,False,False,0.0001458747925894348,2.4573950547750476,208016.37445172822,208018.831846783,1,0.9999881866702501
2022-03-24,92.636116,156.69104,0.007563927665641582,True,False,0.00014588345245807423,2.4575409382275057,206858.3456538921,206860.8031948303,1,0.9999881198327558
2022-03-25,91.685349,156.336639,0.007797023789635857,True,False,0.00014589211284080748,2.4576868303403465,204735.26345642266,204737.721143253,1,0.9999879959256329
2022-03-28,91.892822,157.551117,0.0072160202449167606,True,False,0.000145900773737665,2.457832731114084,205198.55491769084,205201.01275042194,1,0.9999880223167608
2022-03-29,92.350891,161.16217,0.006860904790430888,True,False,0.00014590943514867735,2.457978640549233,206221.4323830558,206223.89036169634,1,0.9999880810189536
2022-03-30,92.71389,156.008087,0.006369381632673261,True,False,0.00014591809707387507,2.4581245586463067,207032.01658991113,207034.47471446978,1,0.9999881269795186
2022-03-31,92.886757,152.458221,0.006267195425988035,False,False,0.00014592675951328866,2.45827048540582,207418.03214391114,207420.49041439654,1,0.9999881483720316
2022-04-01,92.281944,149.504257,0.005675142845118007,False,False,0.0001459354224669487,2.458416420828287,206067.47231895078,206069.9307353716,1,0.9999880699895805
2022-04-04,92.221352,151.933136,0.005684768291776494,False,False,0.0001459440859348856,2.458562364914222,205932.16914108588,205934.6277034508,1,0.9999880614426416
2022-04-05,91.122421,144.939667,0.006003340286861412,False,False,0.00014595274991713,2.458708317664139,203478.2336949174,203480.69240323507,1,0.9999879167488147
2022-04-06,90.802315,141.335007,0.005956466126686109,False,False,0.00014596141441371237,2.458854279078553,202763.43043617663,202765.8892904557,1,0.999987873432323
2022-04-07,90.577332,141.644287,0.005941488885342832,False,False,0.00014597007942466326,2.4590002491579774,202261.0387860318,202263.49778628096,1,0.9999878425901061
2022-04-08,90.118721,138.129837,0.0059356836152338315,False,False,0.00014597874495001325,2.4591462279029273,201236.95102355827,201239.41016978616,1,0.9999877799968415
2022-04-11,89.686073,135.291824,0.005494081118587838,False,False,0.00014598741098979283,2.459292215313917,200270.83917221008,200273.2984644254,1,0.9999877203190132
2022-04-12,90.118721,134.879532,0.005720602263669812,False,False,0.00014599607754403252,2.459438211391461,201236.95102355827,201239.41046176967,1,0.9999877785459331
2022-04-13,90.317734,137.781906,0.005805501203686602,False,False,0.0001460047446127629,2.4595842161360735,201681.35113143435,201683.81071565047,1,0.999987804751371
2022-04-14,89.504372,133.971115,0.006009612271135017,False,False,0.0001460134121960145,2.4597302295482697,199865.0971151526,199867.55684538215,1,0.9999876931990946
2022-04-18,89.244797,136.290436,0.005874579575261334,False,False,0.0001460220802938179,2.4598762516285637,199285.46082002655,199287.9206962782,1,0.9999876566715983
2022-04-19,88.656403,139.276581,0.005434629073805014,False,False,0.0001460307489062036,2.46002228237747,197971.5649585822,197974.02498086457,1,0.9999875740149112
2022-04-20,89.348656,138.967346,0.005834326001517745,False,False,0.00014603941803320215,2.460168321795503,199517.38009567134,199519.84026399313,1,0.9999876695554761
2022-04-21,88.855431,135.259628,0.005535178332829259,False,False,0.00014604808767484413,2.4603143698831778,198415.99856176568,198418.45887613556,1,0.9999876003755709
2022-04-22,88.898697,132.250931,0.005515691815243628,False,False,0.00014605675783116006,2.460460426641009,198512.6124265251,198515.07288695173,1,0.999987605674517
2022-04-25,89.469765,134.486496,0.005465119725326457,False,False,0.00014606542850218053,2.460606492069511,199787.81897486394,199790.279581356,1,0.9999876840530119
2022-04-26,90.066803,128.52388,0.005695727397212556,False,False,0.00014607409968793604,2.4607525661691994,201121.01706547156,201123.47781803773,1,0.999987764966115
2022-04-27,89.564957,127.821632,0.00560126538131657,False,False,0.00014608277138845722,2.4608986489405877,200000.38466187404,200002.84556052298,1,0.9999876956818187
2022-04-28,89.435173,134.866638,0.005452767655589596,False,False,0.00014609144360377456,2.4610447403841915,199710.57432988274,199713.03537462314,1,0.999987677095109
2022-04-29,88.959274,129.103699,0.005435797191647517,False,False,0.00014610011633391865,2.4611908405005254,198647.88210908254,198650.34329992303,1,0.9999876104375175
2022-05-02,88.296509,133.413803,0.0054797602342639,False,False,0.00014610878957892006,2.4613369492901045,197167.91428036548,197170.37561731477,1,0.9999875167000033
2022-05-03,88.400497,134.518707,0.005522249219343657,False,False,0.00014611746333880935,2.461483066753443,197400.1216156542,197402.58309872096,1,0.9999875306440872
2022-05-04,88.972244,139.737274,0.0053226279186408595,False,False,0.0001461261376136171,2.4616291928910567,198676.84438490952,198679.30601410242,1,0.9999876100372893
2022-05-05,88.079964,132.969299,0.005664614195705119,False,False,0.00014613481240337384,2.46177532770346,196684.3648571619,196686.82663248962,1,0.9999874837813499
2022-05-06,87.577446,131.783813,0.00573934439200543,False,False,0.00014614348770811014,2.461921471191168,195562.23186379133,195564.69378526253,1,0.999987411217109
2022-05-09,88.227188,125.073845,0.006021678031070212,False,False,0.00014615216352785663,2.462067623354696,197013.11906659516,197015.58113421852,1,0.9999875031832042
2022-05-10,88.521744,127.918251,0.006030024074509048,False,False,0.00014616083986264384,2.462213784194559,197670.8686516752,197673.3308654594,1,0.9999875440264329
2022-05-11,89.067558,124.139664,0.006100659452059493,False,False,0.00014616951671250235,2.4623599537112715,198889.68250042005,198892.14486037375,1,0.999987619621904
2022-05-12,89.362068,124.89344,0.0061318811905266505,False,False,0.00014617819407746277,2.4625061319053487,199547.3293665573,199549.7918726892,1,0.9999876596908029
2022-05-13,88.894279,131.268417,0.005909085014269454,False,False,0.0001461868719575556,2.462652318777306,198502.74694197587,198505.20959429466,1,0.9999875940166819
2022-05-16,89.266792,129.27121,0.0059595846270875715,False,False,0.00014619555035281148,2.462798514327659,199334.5761058256,199337.03890433992,1,0.999987645053183
2022-05-17,88.591057,135.549561,0.006020906449131285,False,False,0.000146204229263261,2.462944718556922,197825.6460012816,197828.10894600014,1,0.9999875500770257
2022-05-18,89.223465,128.717133,0.005977168762714231,False,False,0.00014621290868893473,2.463090931465611,199237.82602681598,199240.28911774745,1,0.9999876375860406
2022-05-19,89.544052,127.937576,0.005885507306651588,False,False,0.00014622158862986323,2.4632371530542407,199953.70336841504,199956.16660556808,1,0.9999876811143419
2022-05-20,89.959877,127.869926,0.005961774988406325,False,False,0.00014623026908607714,2.4633833833233267,200882.24911596702,200884.71249935034,1,0.9999877373277803
2022-05-23,89.41407,128.420807,0.005975245306150329,False,False,0.000146238950057607,2.4635296222733842,199663.45089836564,199665.9144279879,1,0.9999876617417183
2022-05-24,90.185135,125.29287,0.006103473010826466,False,False,0.00014624763154448341,2.463675869904929,201385.25484674814,201387.71852261803,1,0.9999877665038962
2022-05-25,90.36705,127.547813,0.005968105671841585,False,False,0.00014625631354673704,2.4638221262184756,201791.47477019168,201793.9385923179,1,0.9999877904056812
2022-05-26,90.323753,132.531158,0.005955809169484382,False,False,0.00014626499606439837,2.46396839121454,201694.7916817969,201697.2556501881,1,0.9999877838278797
2022-05-27,90.453667,137.981659,0.005797331652245498,False,False,0.00014627367909749806,2.4641146648936374,201984.89230645262,201987.3564211175,1,0.9999878006489686
2022-05-31,89.509354,137.272964,0.006058301746169476,False,False,0.0001462823626460667,2.4642609472562835,199876.2220232613,199878.68628420855,1,0.9999876712170114
2022-06-01,89.005409,135.095306,0.006218943365575195,False,False,0.00014629104671013492,2.464407238302994,198750.90250964364,198753.36691688193,1,0.9999876006767758
2022-06-02,89.135513,139.801682,0.006059176052624591,False,False,0.00014629973128973327,2.4645535380342833,199041.4274081935,199043.89196173154,1,0.9999876180398517
2022-06-03,88.962051,135.620407,0.0055958754331526155,False,False,0.00014630841638489235,2.464699846450668,198654.08320699862,198656.54790684508,1,0.9999875931607972
2022-06-06,88.294136,135.85556,0.005715462979957586,False,False,0.0001463171019956428,2.464846163552664,197162.6153227296,197165.08016889315,1,0.9999874985663717
2022-06-07,88.649765,136.941162,0.005545812214183721,False,False,0.0001463257881220153,2.464992489340786,197956.74216853292,197959.20716102226,1,0.9999875479775622
2022-06-08,88.320152,134.025864,0.005563098801804847,False,False,0.0001463344747640403,2.46513882381555,197220.70958394118,197223.174722765,1,0.9999875007649214
2022-06-09,88.242073,130.221573,0.005365265968313023,False,False,0.0001463431619217485,2.465285166977472,197046.35757667106,197048.82286183804,1,0.9999874889627293
2022-06-10,87.374687,125.595207,0.0056784972129940115,False,False,0.00014635184959517052,2.4654315188270672,195109.46686113902,195111.93229265785,1,0.999987364014646
2022-06-13,85.822014,118.349205,0.006766944001578492,False,False,0.000146360537784337,2.4655778793648517,191642.31622928972,191644.78180716909,1,0.9999871346464217
2022-06-14,85.136734,119.007355,0.006753078813073488,False,False,0.00014636922648927848,2.465724248591341,190112.07194411592,190114.5376683645,1,0.9999870303224634
2022-06-15,86.325089,121.052765,0.007537682461459091,False,False,0.00014637791571002563,2.465870626507051,192765.6930150763,192768.1588857028,1,0.9999872081019979
2022-06-16,86.888916,113.758339,0.0075034091930629805,False,False,0.00014638660544660903,2.4660170131124977,194024.73026200704,194027.19627902017,1,0.9999872903538245
2022-06-17,86.914909,114.219711,0.007425739370894146,False,False,0.00014639529569905938,2.466163408408197,194082.77316374725,194085.23932715566,1,0.9999872934004823
2022-06-21,86.463882,117.21035,0.007323880594168041,False,False,0.00014640398646740722,2.4663098123946643,193075.6206287118,193078.08693852418,1,0.9999872263608394
2022-06-22,87.556839,115.987656,0.007935343470627085,False,False,0.00014641267775168323,2.466456225072416,195516.21601044002,195518.6824666651,1,0.9999873850611412
2022-06-23,88.05127,115.200462,0.007772298042542801,False,False,0.000146421369551918,2.466602646441968,196620.2905670633,196622.75716970974,1,0.9999874551517741
2022-06-24,87.738991,120.30426,0.007750868045448601,False,False,0.00014643006186814222,2.4667490765038362,195922.96515974103,195925.43190881753,1,0.9999874097555765
2022-06-27,87.24456,119.975197,0.007801982899536575,False,False,0.00014643875470038645,2.466895515258537,194818.8906031178,194821.35749863303,1,0.9999873376535976
2022-06-28,87.357338,117.049049,0.007798938168767362,False,False,0.00014644744804868137,2.4670419627065856,195070.72618856217,195073.19323052486,1,0.9999873532497119
2022-06-29,88.059921,114.287437,0.007803536332696786,False,False,0.0001464561419130576,2.4671884188484987,196639.60842737008,196642.07561578893,1,0.9999874534053248
2022-06-30,88.736557,112.790489,0.00793589585667848,False,False,0.0001464648362935458,2.467334883684792,198150.5504833806,198153.01781826428,1,0.9999875483355698
2022-07-01,89.687752,108.799706,0.008292961510826228,False,False,0.00014647353119017653,2.4674813572159824,200274.58841362208,200277.0558949793,1,0.9999876796603275
2022-07-05,90.01786,109.65789,0.008307705379622698,False,False,0.00014648222660298052,2.4676278394425855,201011.72634335907,201014.19397119852,1,0.9999877241114635
2022-07-06,89.253403,110.193436,0.008361581661245817,False,False,0.0001464909225319884,2.4677743303651174,199304.67819441104,199307.14596874142,1,0.9999876182345676
2022-07-07,88.7061,115.126244,0.008447667486717355,False,False,0.00014649961897723077,2.4679208299840947,198082.53937814836,198085.00729897834,1,0.9999875411023599
2022-07-08,88.16748,115.674713,0.008519287009176582,False,False,0.0001465083159387383,2.4680673383000333,196879.7898788483,196882.2579461866,1,0.9999874642470883
2022-07-11,88.862488,113.009865,0.008698312955912661,False,False,0.00014651701341654165,2.46821385531345,198431.7569874026,198434.2252012579,1,0.9999875615516788
2022-07-12,89.070953,113.326027,0.008364814234261456,False,False,0.00014652571141067147,2.4683603810248607,198897.26360500237,198899.7319653834,1,0.9999875899260565
2022-07-13,89.453209,113.964813,0.0071041302919036455,False,False,0.00014653440992115838,2.468506915434782,199750.84908754003,199753.31759445547,1,0.9999876422231923
2022-07-14,88.958023,116.381233,0.0069393047560397615,False,False,0.00014654310894803306,2.46865345854373,198645.08860044266,198647.5572539012,1,0.9999875726966257
2022-07-15,89.262093,119.158974,0.006386014248841202,False,False,0.00014655180849132616,2.468800010352221,199324.08314251713,199326.5519425275,1,0.9999876142943009
2022-07-18,89.001465,118.778282,0.006358266600190171,False,False,0.00014656050855106834,2.4689465708607723,198742.09547680928,198744.56442338013,1,0.99998757728757
2022-07-19,88.59317,124.014374,0.006487807581940229,False,False,0.00014656920912729029,2.4690931400698997,197830.36437358864,197832.8334667287,1,0.9999875192954738
2022-07-20,88.506302,127.176048,0.006343952992544334,False,False,0.0001465779102200226,2.4692397179801198,197636.3863491833,197638.8555889013,1,0.9999875063043113
2022-07-21,89.514023,129.253693,0.006231817576172342,False,False,0.00014658661182929598,2.469386304591949,199886.6479959549,199889.1173822595,1,0.9999876462193794
2022-07-22,90.539131,126.069443,0.006575256152847972,False,False,0.0001465953139551411,2.469532899905904,202175.73517008222,202178.20470298213,1,0.9999877853653734
2022-07-25,90.217682,125.272606,0.006575408329647346,False,False,0.00014660401659758859,2.4696795039225017,201457.932964816,201460.40264431993,1,0.9999877411170061
2022-07-26,90.252457,123.185249,0.006370397008614473,False,False,0.00014661271975666915,2.4698261166422584,201535.58625254792,201538.05607866455,1,0.9999877451129345
2022-07-27,90.434898,128.821411,0.006370052261755504,False,False,0.00014662142343241342,2.4699727380656906,201942.98074477213,201945.4507175102,1,0.9999877691092852
2022-07-28,91.329659,130.408691,0.006477556025579171,False,False,0.00014663012762485212,2.4701193681933153,203941.00039636914,203943.47051573734,1,0.9999878882154847
2022-07-29,91.364433,131.412033,0.006335545879667453,False,False,0.00014663883233401585,2.4702660070256495,204018.65145108054,204021.12171708758,1,0.9999878921065317
2022-08-01,91.898773,131.918518,0.006051953702385791,False,False,0.00014664753755993536,2.4704126545632095,205211.84362265974,205214.3140353143,1,0.9999879617917191
2022-08-02,90.628197,131.66687,0.006896226834988562,False,False,0.0001466562433026413,2.4705593108065123,202374.6213735367,202377.0919328475,1,0.9999877922976004
2022-08-03,91.002396,135.325424,0.0066145603861504755,False,False,0.00014666494956216438,2.4707059757560743,203210.21540994194,203212.6861159177,1,0.9999878417729573
2022-08-04,91.463631,136.302887,0.006452230833973664,False,False,0.0001466736563385352,2.470852649412413,204240.16261819573,204242.63347084515,1,0.9999879023658899
2022-08-05,90.140854,135.24147,0.007212866763001388,False,False,0.0001466823636317845,2.470999331776045,201286.37446618578,201288.84546551754,1,0.9999877241119544
2022-08-08,90.671707,133.196075,0.007128507601595629,False,False,0.00014669107144194297,2.4711460228474866,202471.78009529703,202474.25124131987,1,0.9999877952578775
2022-08-09,90.401901,127.092186,0.007175247787490228,False,False,0.00014669977976904125,2.471292722627256,201869.29776748124,201871.76906020386,1,0.9999877581063755
2022-08-10,90.454155,132.366959,0.00712668356223076,False,False,0.0001467084886131101,2.471439431115869,201985.98202045445,201988.45345988558,1,0.9999877644519338
2022-08-11,89.853661,132.195953,0.007180850515686887,False,False,0.00014671719797418014,2.4715861483138433,200645.06661101428,200647.5381971626,1,0.9999876819512937
2022-08-12,90.210442,136.064133,0.007193641986538875,False,False,0.00014672590785228212,2.4717328742216957,201441.7658964284,201444.23762930263,1,0.9999877299400404
2022-08-15,90.497627,136.570663,0.007168873300679119,False,False,0.00014673461824744668,2.4718796088399433,202083.0558874359,202085.52776704475,1,0.9999877681512568
2022-08-16,90.393219,135.173737,0.007072253737596983,False,False,0.00014674332915970455,2.472026352169103,201849.91068353908,201852.38270989124,1,0.9999877532961515
2022-08-17,89.784035,131.908829,0.007273018972385424,False,False,0.00014675204058908642,2.4721731042096917,200489.5903259928,200492.062499097,1,0.9999876694714325
2022-08-18,89.958122,134.915634,0.0068428299418841,False,False,0.00014676075253562297,2.4723198649622273,200878.33016499737,200880.80248486233,1,0.9999876926026062
2022-08-19,89.183571,131.273315,0.006587970533935139,False,False,0.00014676946499934493,2.4724666344272266,199148.74190716748,199151.21437380192,1,0.9999875849783683
2022-08-22,88.791954,126.334007,0.006609537385506054,False,False,0.00014677817798028296,2.472613412605207,198274.25311977122,198276.72573318382,1,0.999987529482326
2022-08-23,88.574379,126.963097,0.006613301612919518,False,False,0.00014678689147846783,2.4727601994966855,197788.4036854572,197790.8764456567,1,0.9999874981078807
2022-08-24,88.278496,127.282509,0.006595804978259808,False,False,0.0001467956054939302,2.4729069951021794,197127.6908821796,197130.1637891747,1,0.9999874554611655
2022-08-25,88.84417,131.94754,0.0063308467086474795,False,False,0.0001468043200267008,2.473053799422206,198390.85251796557,198393.325571765,1,0.9999875345917395
2022-08-26,88.739716,124.462807,0.006317620804374608,False,False,0.0001468130350768103,2.473200612457283,198157.60459512594,198160.0777957384,1,0.9999875191782321
2022-08-29,88.234993,121.949623,0.006141260070904281,False,False,0.00014682175064428948,2.4733474342079274,197030.54779156274,197033.02113899696,1,0.9999874470410091
2022-08-30,88.208878,120.53009,0.0054724062815983505,False,False,0.00014683046672916901,2.4734942646746565,196972.23246132207,196974.70595558675,1,0.9999874425792252
2022-08-31,87.843376,119.268669,0.005348164073858801,False,False,0.00014683918333147962,2.473641103857988,196156.05900416648,196158.53264527034,1,0.999987389581934
2022-09-01,87.145065,117.055511,0.00526676929065873,False,False,0.00014684790045125197,2.4737879517584394,194596.71622891547,194599.19001686721,1,0.999987287778785
2022-09-02,87.63327,115.771492,0.004719474260512216,False,False,0.00014685661808851687,2.473934808376528,195686.88799993353,195689.3619347419,1,0.9999873578472335
2022-09-06,86.656845,114.435837,0.004874766664366937,False,False,0.00014686533624330497,2.474081673712771,193506.51096258993,193508.98504426365,1,0.9999872146418775
2022-09-07,87.223557,116.371552,0.00524966091967778,False,False,0.00014687405491564703,2.4742285477676864,194771.99047365025,194774.46470219802,1,0.9999872969562434
2022-09-08,86.900978,118.333076,0.005235343799885945,False,False,0.00014688277410557376,2.474375430541792,194051.66495522406,194054.1393306546,1,0.9999872490458638
2022-09-09,86.909698,121.172112,0.005136148610943407,False,False,0.0001468914938131159,2.474522322035605,194071.13689394508,194073.61141626711,1,0.9999872495683263
2022-09-12,86.700462,121.762489,0.004963363700839974,False,False,0.00014690021403830416,2.4746692222496436,193603.90861754326,193606.38328676551,1,0.9999872180390944
2022-09-13,86.212234,114.200348,0.0048716819699504005,False,False,0.0001469089347811693,2.474816131184425,192513.68548705374,192516.1603031849,1,0.9999871448914872
2022-09-14,86.255821,115.497261,0.004908476208130449,False,False,0.00014691765604174202,2.4749630488404666,192611.01615139222,192613.49111444107,1,0.999987150624629
2022-09-15,85.959427,113.580902,0.00480622204135806,False,False,0.00014692637782005307,2.475109975218287,191949.16227464142,191951.63738461665,1,0.9999871055542482
2022-09-16,86.02916,114.261627,0.004761883172918098,False,False,0.0001469351001161332,2.475256910318403,192104.8774928559,192107.35274976623,1,0.9999871152411666
2022-09-19,85.785057,114.861694,0.004521143600952,False,False,0.0001469438229300131,2.475403854141333,191559.79049083657,191562.2658946907,1,0.9999870778107444
2022-09-20,85.253281,113.335724,0.004590878428055429,False,False,0.00014695254626172357,2.4755508066875946,190372.32378380795,190374.79933461462,1,0.9999869964364226
2022-09-21,85.593277,112.190437,0.004781349603431527,False,False,0.0001469612701112953,2.475697767957706,191131.54182020467,191134.01751797262,1,0.9999870473199899
2022-09-22,84.303001,109.138451,0.005649048878581426,False,False,0.00014696999447875905,2.475844737952185,188250.3290673198,188252.80491205776,1,0.9999868482982811
2022-09-23,84.407623,107.676994,0.005341104655297542,False,False,0.0001469787193641456,2.4759917166715493,188483.9521376027,188486.42812931936,1,0.9999868638196329
2022-09-26,83.004013,106.062271,0.006197614664280446,False,False,0.00014698744476748563,2.4761387041163165,185349.66223987794,185352.13837858205,1,0.9999866408948622
2022-09-27,82.437355,107.048355,0.00622585561919569,False,False,0.0001469961706888099,2.4762857002870056,184084.30331192436,184086.77959762464,1,0.999986548269758
2022-09-28,84.294281,108.566414,0.00846199163327041,False,False,0.0001470048971281492,2.4764327051841337,188230.85712859884,188233.33356130403,1,0.9999868438142261
2022-09-29,83.901993,105.189743,0.008468764950093034,False,False,0.00014701362408553426,2.4765797188082193,187354.86998445008,187357.3465641689,1,0.9999867815179696
2022-09-30,83.684029,103.386261,0.008363441008758089,False,False,0.00014702235156099585,2.4767267411597804,186868.1519051633,186870.62863190446,1,0.9999867463027268
2022-10-03,84.6772,106.9608,0.008766648397306322,False,False,0.00014703107955456473,2.476873772239335,189085.923103725,189088.39997749726,1,0.9999869009745043
2022-10-04,84.851883,111.97879,0.008508975934208697,False,False,0.00014703980806627162,2.4770208120474013,189475.99382294493,189478.47084375698,1,0.9999869271648594
2022-10-05,84.048271,112.893517,0.008513480517663484,False,False,0.0001470485370961473,2.4771678605844976,187681.51175649458,187683.98892435516,1,0.9999868013895337
2022-10-06,83.585335,112.442635,0.008543936251655006,False,False,0.00014705726664422254,2.477314917851142,186647.76618037792,186650.24349529578,1,0.9999867275023516
2022-10-07,83.174789,105.695763,0.00855448552016996,False,False,0.0001470659967105281,2.4774619838478524,185731.00854802184,185733.4860100057,1,0.9999866611991349
2022-10-10,82.685623,102.101746,0.008594544986161174,False,False,0.00014707472729509472,2.4776090585751476,184638.69084430754,184641.16845336612,1,0.9999865814916612
2022-10-11,82.895248,99.231071,0.008624976125247846,False,False,0.0001470834583979532,2.4777561420335457,185106.7877656821,185109.26552182413,1,0.9999866146292837
2022-10-12,83.166054,98.267693,0.008688254511951859,False,False,0.00014709219001913428,2.477903234223565,185711.5031139934,185713.98101722763,1,0.9999866574222326
2022-10-13,82.816658,101.096207,0.008697473937823394,False,False,0.00014710092215866876,2.4780503351457237,184931.29468493874,184933.77273527387,1,0.9999866003364422
2022-10-14,82.353676,96.882629,0.008712019000966152,False,False,0.0001471096548165874,2.47819744480054,183897.44638987925,183899.92458732406,1,0.9999865242063021
2022-10-17,82.44104,98.93589,0.00874014195675803,False,False,0.00014711838799292095,2.478344563188533,184092.5319924504,184095.01033701358,1,0.9999865376874764
2022-10-18,82.650658,99.276489,0.008736435077323468,False,False,0.00014712712168770022,2.4784916903102205,184560.6132826815,184563.0917743718,1,0.9999865710328838
2022-10-19,81.785904,99.912254,0.00885409787735175,False,False,0.00014713585590095594,2.4786388261661214,182629.5998770937,182632.07851591986,1,0.9999864282395168
2022-10-20,81.174469,100.531792,0.008420274770832552,False,False,0.00014714459063271893,2.4787859707567543,181264.25299041194,181266.7317763827,1,0.9999863252018368
2022-10-21,81.357895,104.268524,0.008443214283798814,False,False,0.00014715332588302002,2.4789331240826376,181673.84700782425,181676.32594094833,1,0.9999863552220619
2022-10-24,81.253082,104.719406,0.007677457848145708,False,False,0.00014716206165188992,2.4790802861442893,181439.79743062673,181442.27651091287,1,0.9999863368100653
2022-10-25,82.266335,107.109985,0.008108154502255435,False,False,0.0001471707979393594,2.479227456942229,183702.41214677956,183704.8913742365,1,0.9999865042926273
2022-10-26,82.685623,106.055801,0.006326248650012229,False,False,0.00014717953474545928,2.479374636476974,184638.69084430754,184641.17021894403,1,0.9999865719295781
2022-10-27,83.270851,104.174461,0.006505474868550756,False,False,0.00014718827207022036,2.4795218247490443,185945.516962863,185947.99648468776,1,0.9999866655093272
2022-10-28,82.842857,108.258263,0.006576024540908363,False,False,0.0001471970099136734,2.479669021758958,184989.797588901,184992.27725792277,1,0.9999865958241149
2022-10-31,82.467247,105.900108,0.005952558799145909,False,False,0.00014720574827584924,2.479816227507234,184151.05276057663,184153.53257680414,1,0.9999865339741638
2022-11-01,82.452362,106.753197,0.005906434805077825,False,False,0.00014721448715677865,2.4799634419943906,184117.8142505007,184120.2942139427,1,0.9999865307436501
2022-11-02,82.312309,103.382988,0.005593877800050141,False,False,0.00014722322655649238,2.480110665220947,183805.07303104087,183807.5531417061,1,0.9999865070252945
2022-11-03,81.953407,101.997955,0.0055510448028608175,False,False,0.00014723196647502127,2.480257897187422,183003.63750915573,183006.11776705293,1,0.9999864471312355
2022-11-04,81.778351,106.717514,0.005481551505204956,False,False,0.00014724070691239614,2.4804051378943344,182612.73387329097,182615.21427842887,1,0.9999864173138712
2022-11-07,81.489426,109.023781,0.005391761569528726,False,False,0.00014724944786864778,2.480552387342203,181967.55842662122,181970.03897900856,1,0.9999863683472221
2022-11-08,82.032196,111.424133,0.0055967610918092785,False,False,0.00014725818934380696,2.480699645531547,183179.57496097768,183182.0556606232,1,0.999986457736613
2022-11-09,82.312309,107.862549,0.005602099425753823,False,False,0.0001472669313379045,2.480846912462885,183805.07303104087,183807.55387795332,1,0.9999865030198155
2022-11-10,84.15937,119.024094,0.007481275611514419,False,False,0.00014727567385097124,2.480994188136736,187929.59810052696,187932.0790947151,1,0.9999867984529299
2022-11-11,83.984283,122.66674,0.007362926326913748,False,False,0.00014728441688303796,2.481141472553619,187538.6252410269,187541.10638249945,1,0.9999867701459141
2022-11-14,83.782936,121.323875,0.007401509717899614,False,False,0.00014729316043413546,2.481288765714053,187089.0132633143,187091.49455208,1,0.999986737565106
2022-11-15,84.404449,124.840027,0.007539473172893967,False,False,0.00014730190450429456,2.4814360676185574,188476.8645305499,188479.34596661752,1,0.999986834440374
2022-11-16,85.026009,119.685791,0.007144397280394554,False,False,0.00014731064909354608,2.481583378267651,189864.82074974885,189867.30233312713,1,0.9999869299065832
2022-11-17,84.448219,120.623238,0.007098187414027525,False,False,0.00014731939420192087,2.481730697661853,188574.60383763906,188577.0855683367,1,0.9999868397017052
2022-11-18,84.150604,120.892448,0.007203356514322114,False,False,0.00014732813982944968,2.4818780258016826,187910.0234428632,187912.505320889,1,0.999986792374347
2022-11-21,84.098083,118.887833,0.0071904200907589935,False,False,0.00014733688597616337,2.4820253626876587,187792.7429734177,187795.2249987804,1,0.9999867833414683
2022-11-22,84.579536,122.429977,0.006813715323357317,False,False,0.00014734563264209274,2.482172708320301,188867.83739005003,188870.31956275835,1,0.9999868577936752
2022-11-23,85.034737,123.909088,0.006822108464008805,False,False,0.00014735437982726864,2.4823200627001283,189884.3105526338,189886.7928726965,1,0.9999869273685381
2022-11-25,85.008476,122.258041,0.006698580630668376,False,False,0.0001473631275317219,2.48246742582766,189825.6692014008,189828.15166882664,1,0.9999869225538782
2022-11-28,85.043465,119.202499,0.006541864747765773,False,False,0.0001473718757554833,2.4826147977034156,189903.80035551873,189906.28297031645,1,0.9999869271581809
2022-11-29,84.684578,118.741898,0.00652737386072361,False,False,0.00014738062449858372,2.4827621783279143,189102.39832894102,189104.88109111934,1,0.9999868709778194
2022-11-30,85.446159,125.865028,0.006732654691891782,False,False,0.00014738937376105395,2.4829095677016753,190803.02431094393,190805.50722051164,1,0.999986987222728
2022-12-01,86.379425,124.96003,0.006972355758621036,False,False,0.00014739812354292483,2.4830569658252184,192887.02641672117,192889.509473687,1,0.9999871270502341
2022-12-02,86.554832,123.549026,0.006789216568722425,False,False,0.00014740687384422722,2.4832043726990625,193278.71384277986,193281.19704715256,1,0.9999871523748268
2022-12-05,85.677727,121.985573,0.007311354394610906,False,False,0.00014741562466499196,2.4833517883237275,191320.12040105183,191322.60375284016,1,0.9999870200815815
2022-12-06,86.204002,119.419838,0.007221882790247389,False,False,0.00014742437600524983,2.4834992126997326,192495.3032623346,192497.7867615473,1,0.9999870985570564
2022-12-07,86.958328,119.163559,0.007294240631692249,False,False,0.00014743312786503172,2.483646645827598,194179.72868064247,194182.2123272883,1,0.9999872097108378
2022-12-08,86.467125,122.608383,0.007539998603526692,False,False,0.0001474418802443685,2.4837940877078424,193082.86231417878,193085.3461082665,1,0.9999871362890153
2022-12-09,85.826851,121.473083,0.006261634024163685,False,False,0.00014745063314329095,2.4839415383409857,191653.1173494266,191655.60129096496,1,0.9999870395567799
2022-12-12,85.704048,123.623657,0.006246549600841069,False,False,0.00014745938656182992,2.4840889977275475,191378.89573351457,191381.3798225123,1,0.999987020215864
2022-12-13,86.475906,125.74836,0.0064338452511710385,True,False,0.00014746814050001632,2.4842364658680474,193102.47046714998,193104.95470361583,1,0.9999871353043754
2022-12-14,86.712753,123.86174,0.006295343472201286,False,False,0.0001474768949578809,2.4843839427630052,193631.35467245377,193633.83905639654,1,0.9999871696809046
2022-12-15,86.881508,118.621567,0.006138914390625906,False,False,0.00014748564993545456,2.4845314284129407,194008.1880461762,194010.6725776046,1,0.9999871938414758
2022-12-16,86.661766,117.723785,0.005919577979853451,False,False,0.00014749440543276822,2.4846789228183734,193517.4996564484,193519.98433537123,1,0.9999871606080821
2022-12-19,85.958702,116.266571,0.006200822590631525,False,False,0.00014750316144985262,2.4848264259798234,191947.54333478215,191950.02816120815,1,0.9999870548264577
2022-12-20,85.334732,115.557465,0.00646929463782275,False,False,0.00014751191798673873,2.48497393789781,190554.205536189,190556.69051012688,1,0.9999869593981128
2022-12-21,85.440201,118.15966,0.00636458599903363,False,False,0.00014752067504345727,2.485121458572854,190789.7199748316,190792.20509629016,1,0.999986974722278
2022-12-22,85.413826,113.384621,0.006262134720937073,False,False,0.00014752943262003924,2.485268988005474,190730.82405926212,190733.30932825012,1,0.9999869699267697
2022-12-23,85.027122,113.482208,0.0063517692306173,False,False,0.00014753819071651542,2.4854165261961905,189867.30610156036,189869.79151808657,1,0.9999869098896337
2022-12-27,84.315292,111.432976,0.006622801588955805,False,False,0.0001475469493329167,2.4855640731455235,188277.77512223032,188280.26068630346,1,0.9999867985944778
2022-12-28,84.113129,109.790344,0.006580082518557305,False,False,0.00014755570846927392,2.4857116288539927,187826.34099979338,187828.82671142224,1,0.9999867660801998
2022-12-29,84.526199,113.293541,0.006336731110748586,False,False,0.00014756446812561798,2.4858591933221184,188748.73477588018,188751.2206350735,1,0.9999868299702384
2022-12-30,84.17469,113.189453,0.005779835374901389,False,False,0.00014757322830197972,2.48600676655042,187963.80797451842,187966.29398128498,1,0.9999867741885319
2023-01-03,84.833794,112.086777,0.006090110639092475,False,False,0.00038829058068025617,2.4863950571311006,189435.60071520138,189438.08711025852,1,0.9999868748935599
2023-01-04,85.484146,114.971962,0.005978896305963544,False,False,0.00038835122797095293,2.4867834083590714,190887.85006050745,190890.3368439158,1,0.9999869727119273
2023-01-05,85.361115,113.033333,0.005800180432218099,False,False,0.00038841188473417884,2.487171820243806,190613.11931592246,190615.6064877427,1,0.9999869518982938
2023-01-06,86.459625,118.29303,0.0061983496872553305,False,False,0.0003884725509714135,2.487560292794777,193066.11466046236,193068.60222075516,1,0.999987115666327
2023-01-09,86.679314,120.472389,0.00609432733630987,False,False,0.0003885332266841367,2.4879488260214613,193556.68470010388,193559.1726489299,1,0.9999871463140084
2023-01-10,86.134468,122.030441,0.006025631510069581,False,False,0.00038859391187382825,2.4883374199333352,192340.03241519872,192342.52075261864,1,0.9999870629884116
2023-01-11,86.688126,123.604805,0.006168605052295582,True,False,0.00038865460654196856,2.488726074539877,193576.36207671044,193578.850802785,1,0.9999871436054909
2023-01-12,87.46151,125.107536,0.006162622506331753,True,False,0.00038871531069003797,2.489114789850567,195303.3443996221,195305.83351441193,1,0.9999872552972686
2023-01-13,86.995712,125.624748,0.006276547732755682,True,False,0.0003887760243195172,2.4895035658748865,194263.2079188472,194265.6974224131,1,0.9999871850584076
2023-01-17,86.723289,125.767876,0.00630341277158796,True,False,0.00038883674743188704,2.4898924026223184,193654.8817763946,193657.37166879725,1,0.9999871427956438
2023-01-18,87.900902,125.107536,0.006960480604206562,True,False,0.00038889748002862885,2.490281300102347,196284.51574119207,196287.00602249216,1,0.9999873130608563
2023-01-19,87.733963,121.597816,0.006676592742120102,True,False,0.00038895822211122374,2.490670258324458,195911.73753268953,195914.22820294785,1,0.9999872869353024
2023-01-20,87.153915,125.403549,0.006635356943893355,True,False,0.0003890189736811535,2.491059277298139,194616.47846030086,194618.96951957815,1,0.9999872003264458
2023-01-23,86.872696,131.700851,0.00670379332001189,True,False,0.00038907973473989985,2.491448357032879,193988.51066956963,193991.00211792666,1,0.9999871568870214
2023-01-24,87.373611,130.705536,0.006785935465641813,True,False,0.0003891405052889449,2.491837497538168,195107.06413108585,195109.5559685834,1,0.9999872285215085
2023-01-25,87.470299,131.06012,0.0066537150710299035,True,False,0.00038920128532977103,2.492226698823498,195322.97041675722,195325.46264345603,1,0.9999872406461242
2023-01-26,87.153915,133.268723,0.006361577391988576,True,False,0.00038926207486386064,2.4926159608983616,194616.47846030086,194618.97107626175,1,0.9999871923279262
2023-01-27,87.022079,132.419739,0.006334853308009625,True,False,0.00038932287389269654,2.4930052837722543,194322.08597025275,194324.5789755365,1,0.9999871709214712
2023-01-30,86.749634,128.903519,0.0063759398472971775,True,False,0.00038938368241776166,2.493394667454672,193713.71070134925,193716.2040960167,1,0.9999871286210718
2023-01-31,87.189079,131.307312,0.006292748095830889,True,False,0.0003894445004405393,2.4937841119551125,194695.00039300552,194697.49417711748,1,0.9999871914935398
2023-02-01,87.816124,138.154358,0.006262256488911303,True,False,0.00038950532796251284,2.494173617283075,196095.2047296224,196097.69890323968,1,0.9999872809643804
2023-02-02,87.780899,141.355057,0.006119345176012625,True,False,0.000389566164985166,2.49456318344806,196016.5465826675,196019.04114585096,1,0.9999872738731458
2023-02-03,86.838539,138.596725,0.006674099474049237,True,False,0.0003896270115099828,2.49495281045957,193912.23738850394,193914.7323413144,1,0.9999871337634828
2023-02-06,86.089943,136.34581,0.00637259330756946,True,False,0.0003896878675384472,2.4953424983271084,192240.60717763545,192243.10252013378,1,0.9999870198594092
2023-02-07,85.878563,140.681763,0.006356942464839019,True,False,0.00038974873307204364,2.4957322470601806,191768.59130529122,191771.0870375383,1,0.9999869858783947
2023-02-08,86.195625,137.656693,0.006265633977566552,True,False,0.0003898096081122568,2.496122056668293,192476.5972496436,192479.09337170026,1,0.9999870317237423
2023-02-09,85.808098,138.007996,0.006155768183735147,True,False,0.00038987049266057147,2.4965119271609533,191611.241516074,191613.73802800116,1,0.999986971122463
2023-02-10,85.394173,135.812408,0.00580863884597841,True,False,0.0003899313867184727,2.496901858547672,190686.93850746352,190689.43540932206,1,0.9999869059245302
2023-02-13,85.596741,137.80957,0.005774870972561536,True,False,0.0003899922902874459,2.4972918508379593,191139.27700320116,191141.774295052,1,0.9999869348714584
2023-02-14,85.209213,140.310898,0.005812948942082053,True,False,0.00039005320336897657,2.4976819040413285,190273.91903661113,190276.41671851516,1,0.999986873402668
2023-02-15,84.953819,140.883423,0.00473772519452939,True,False,0.0003901141259645504,2.498072018167293,189703.61900017684,189706.11707219502,1,0.9999868318847239
2023-02-16,84.671997,137.429001,0.004751467613880196,True,False,0.00039017505807565343,2.4984621932253686,189074.3046980868,189076.80316028005,1,0.9999867859930384
2023-02-17,84.90976,135.288696,0.004712168960835228,True,False,0.00039023599970377187,2.4988524292250722,189605.23435016448,189607.7332025937,1,0.9999868209361137
2023-02-21,83.985023,130.907211,0.005171996784013317,True,False,0.0003902969508503923,2.4992427261759227,187540.27767619357,187542.77691891976,1,0.9999866737457596
2023-02-22,84.13475,130.279465,0.0049425899135087615,True,False,0.0003903579115170013,2.49963308408744,187874.62113592713,187877.1207690112,1,0.9999866953832705
2023-02-23,84.460617,134.563293,0.005067535753464012,True,False,0.0003904188817050859,2.500023502969145,188602.28882574258,188604.78884924555,1,0.9999867446446179
2023-02-24,83.949791,132.153046,0.0051439188336886415,True,False,0.0003904798614161332,2.5004139828305614,187461.60389809523,187464.10431207807,1,0.9999866619052644
2023-02-27,84.2052,132.852356,0.0052600159551021404,True,False,0.00039054085065163055,2.500804523681213,188031.93742983692,188034.4382343606,1,0.9999867002845481
2023-02-28,84.337326,133.307739,0.00529490461894854,True,False,0.0003906018494130657,2.501195125530626,188326.97749582876,188329.4786909543,1,0.9999867190460945
2023-03-01,83.663078,133.343552,0.0052622850438581135,True,False,0.00039066285770192636,2.501585788388328,186821.36789276157,186823.86947854995,1,0.9999866099241207
2023-03-02,83.318901,134.410446,0.004805760461725357,True,False,0.0003907238755197008,2.5019765122638478,186052.81359767303,186055.31557418528,1,0.999986552512598
2023-03-03,83.989601,136.482407,0.005349103223655769,True,False,0.00039078490286787717,2.5023672971667157,187550.50044402207,187553.00281131922,1,0.9999866578126735
2023-03-06,83.839561,134.895081,0.004952667501122438,True,False,0.00039084593974794425,2.5027581431064636,187215.4580488734,187217.96080701653,1,0.9999866318480752
2023-03-07,83.848389,133.473633,0.004690752087681652,True,False,0.00039090698616139056,2.503149050092625,187235.1711538079,187237.67430285798,1,0.9999866311677956
2023-03-08,83.821938,137.022415,0.004687832553042901,True,False,0.0003909680421097052,2.5035400181347347,187176.10552868078,187178.60906869892,1,0.9999866248604443
2023-03-09,84.342598,134.299866,0.004856175627168088,True,False,0.0003910291075943776,2.5039310472423293,188338.74997988113,188341.25391092838,1,0.9999867053500215
2023-03-10,85.895851,131.704163,0.00642499821385757,True,False,0.00039109018261689716,2.5043221374249462,191807.19576361784,191809.70008575526,1,0.9999869437148575
2023-03-13,86.937225,131.743195,0.006844848658939895,True,False,0.0003911512671787535,2.504713288692125,194132.6052491254,194135.10996241408,1,0.9999870980922041
2023-03-14,86.11647,135.594467,0.007213852799732457,True,False,0.00039121236128143673,2.5051045010534065,192299.84251232026,192302.34761682132,1,0.9999869730945457
2023-03-15,87.360817,134.01358,0.007761969449677164,True,False,0.00039127346492643685,2.505495774518333,195078.4948668661,195081.00036264063,1,0.999987156638679
2023-03-16,86.575371,139.247284,0.008047526884528,True,False,0.0003913345781152444,2.5058871090964483,193324.57785073746,193327.08373784655,1,0.999987038095953
2023-03-17,87.599106,138.3853,0.008328019711444179,True,False,0.00039139570084935,2.5062785047972977,195610.59908772443,195613.10536622923,1,0.9999871875736541
2023-03-20,87.246124,139.849045,0.008420256921252717,True,False,0.0003914568331302446,2.506669961630428,194822.38304717277,194824.8897171344,1,0.9999871337283174
2023-03-21,86.487144,140.125549,0.008263069398072729,True,False,0.00039151797495941927,2.5070614796053876,193127.56515147872,193130.07221295833,1,0.9999870187928225
2023-03-22,87.625565,138.733368,0.008662023624144434,True,False,0.00039157912633836536,2.507453058731726,195669.6825770155,195672.19003007424,1,0.9999871854397994
2023-03-23,88.128609,142.513474,0.008692643086540598,True,False,0.00039164028726857434,2.5078446990189946,196792.99013916674,196795.49798386576,1,0.9999872565951726
2023-03-24,88.155083,140.041672,0.008491090555495866,True,False,0.0003917014577515383,2.508236400476746,196852.10712376528,196854.61536016574,1,0.9999872584323417
2023-03-27,87.069611,138.398132,0.009112327933105473,True,False,0.00039176263778874893,2.508628163114535,194428.22590044604,194430.73452860914,1,0.9999870975740065
2023-03-28,87.01664,137.36116,0.009126628492866173,True,False,0.00039182382738169887,2.509019986941917,194309.94057177755,194312.44959176448,1,0.9999870877033756
2023-03-29,86.866623,141.77652,0.008883654819204289,True,False,0.00039188502653188045,2.509411871968449,193974.9495361003,193977.45894797225,1,0.9999870633841398
2023-03-30,86.998993,144.111343,0.00877192598489589,True,False,0.0003919462352407864,2.50980381820369,194270.53445909303,194273.04426291122,1,0.9999870810496242
2023-03-31,87.475563,145.004807,0.00870046691082093,True,False,0.00039200745350990974,2.5101958256572,195334.7250366457,195337.23523247134,1,0.9999871494248259
2023-04-03,87.887619,143.752609,0.008671385881837523,True,False,0.00039206868134074367,2.5105878943385407,196254.85452995,196257.36511784434,1,0.9999872076755294
2023-04-04,88.45356,141.072128,0.008699943664254686,True,False,0.00039212991873478157,2.5109800242572753,197518.6123822083,197521.12336223255,1,0.9999872875367377
2023-04-05,88.824936,138.626404,0.008676776351643064,True,False,0.00039219116569351735,2.511372215422969,198347.9026017546,198350.41397397005,1,0.9999873387094833
2023-04-06,88.851471,137.912216,0.008659091128230061,True,False,0.0003922524222184447,2.5117644678451874,198407.15580060342,198409.66756507126,1,0.9999873405137024
2023-04-10,87.976036,140.34819,0.008260989120893687,True,False,0.00039231368831105787,2.5121567815334984,196452.2915031029,196454.80365988443,1,0.9999872125459152
2023-04-11,87.940674,139.611221,0.007859355332217995,True,False,0.0003923749639728512,2.5125491564974713,196373.32743234013,196375.83998149663,1,0.9999872054059362
2023-04-12,88.197128,137.057877,0.007505120086417147,True,False,0.0003924362492053193,2.5129415927466767,196945.99447049966,196948.5074120924,1,0.9999872406162109
2023-04-13,87.905319,138.186142,0.006889913779170126,True,False,0.00039249754400995715,2.513334090290687,196294.37899272083,196296.89232681112,1,0.999987196261436
2023-04-14,87.472008,137.970917,0.006654717615183991,True,False,0.0003925588483882597,2.513726649139075,195326.7866487841,195329.30037543323,1,0.999987130826536
2023-04-17,86.914932,137.970917,0.006267222284124393,True,False,0.00039262016234172225,2.5141192693014167,194082.82452321862,194085.3386424879,1,0.9999870463205162
2023-04-18,87.056389,138.567688,0.0062216191774001756,True,False,0.00039268148587184035,2.5145119507872886,194398.7009034542,194401.215415405,1,0.9999870653486121
2023-04-19,86.870697,137.051361,0.005906902061182201,True,False,0.00039274281898010987,2.514904693606269,193984.04686159908,193986.5617662927,1,0.9999870356757153
2023-04-20,87.374741,136.924164,0.0052614276948673554,True,False,0.0003928041616680268,2.515297497767937,195109.5874442458,195112.10274174355,1,0.9999871084496429
2023-04-21,87.162529,135.919769,0.005096179749964085,True,False,0.00039286551393708733,2.515690363281874,194635.71369884931,194638.2293892126,1,0.9999870750449633
2023-04-24,87.586983,135.310013,0.00523622812195686,True,False,0.000392926875788788,2.516083290157663,195583.52818025716,195586.04426354732,1,0.9999871356706475
2023-04-25,88.45356,130.764236,0.004888361497879107,True,False,0.00039298824722462547,2.5164762784048875,197518.6123822083,197521.12885848669,1,0.9999872597109335
2023-04-26,88.108711,131.462067,0.004992471650269269,True,False,0.00039304962824609677,2.516869328033134,196748.55749734677,196751.07436667482,1,0.9999872078496337
2023-04-27,87.533913,132.016418,0.005222831612116548,True,False,0.0003931110188546991,2.5172624390519887,195465.0217825596,195467.53904499864,1,0.9999871218389952
2023-04-28,88.188263,134.396942,0.005453826365296046,True,False,0.00039317241905192967,2.5176556114710404,196926.19874380683,196928.7163994183,1,0.999987215396223
2023-05-01,87.15033,135.613266,0.00599995453762681,True,False,0.0003932338288392863,2.5180488452998797,194608.4730818244,194610.9911306697,1,0.9999870611169972
2023-05-02,88.284897,134.64476,0.006604952032961082,True,False,0.000393295248218267,2.518442140548098,197141.98444637144,197144.50288851198,1,0.9999872254001322
2023-05-03,88.861038,133.099091,0.0066092228399220534,True,False,0.0003933566771903696,2.518835497225288,198428.5191076841,198431.03794318132,1,0.9999873062423936
2023-05-04,88.84333,132.352325,0.006543355257577217,True,False,0.0003934181157570927,2.519228915341045,198388.9767807493,198391.49600966464,1,0.9999873017293281
2023-05-05,88.364677,135.296967,0.006653379719473795,True,False,0.0003934795639199347,2.519622394904965,197320.1348215045,197322.6544438994,1,0.9999872309522594
2023-05-08,87.823959,135.86763,0.006415741732078188,True,False,0.0003935410216803946,2.5200159359266454,196112.70044520486,196115.2204611408,1,0.9999871503296378
2023-05-09,87.717606,133.555588,0.0064203904363177924,True,False,0.00039360248903997134,2.5204095384156853,195875.21201644422,195877.73242598263,1,0.9999871327408828
2023-05-10,88.373535,134.915421,0.006610802194621609,True,False,0.0003936639660001642,2.5208032023816855,197339.91491705386,197342.43572025624,1,0.9999872262486618
2023-05-11,88.701477,134.031723,0.006606308106480254,True,False,0.00039372545256247284,2.521196927834248,198072.21612439753,198074.73732132537,1,0.9999872714867027
2023-05-12,88.169678,133.907822,0.006656515971150457,True,False,0.00039378694872839687,2.521590714782976,196884.69805789748,196887.21964861226,1,0.9999871927151022
2023-05-15,87.974648,137.543762,0.0064960382324953025,True,False,0.0003938484544994363,2.5219845632374756,196449.19207065512,196451.71405521836,1,0.9999871623183572
2023-05-16,87.691002,137.286133,0.006546440184241082,True,False,0.0003939099698770914,2.5223784732073526,195815.80473918124,195818.32711765444,1,0.9999871187824433
2023-05-17,87.407372,140.677567,0.006573226615810454,True,False,0.0003939714948628628,2.5227724447022153,195182.4531360353,195184.97590848,1,0.9999870749660267
2023-05-18,86.866646,145.122208,0.006594141147813087,True,False,0.00039403302945825085,2.5231664777316736,193975.0008955717,193977.52406204943,1,0.9999869924802374
2023-05-19,86.538681,144.375458,0.006624068185113158,True,False,0.00039409457366475665,2.5235605723053385,193242.64832875662,193245.17188932892,1,0.999986941145553
2023-05-22,86.37915,144.874359,0.006514888793736295,True,False,0.00039415612748388147,2.5239547284328223,192886.4123360849,192888.93629081335,1,0.9999869149844621
2023-05-23,86.520973,143.084122,0.0060586366283457765,True,False,0.00039421769091712655,2.5243489461237396,193203.10600182184,193205.63035076795,1,0.9999869343924319
2023-05-24,86.299393,140.524246,0.006033353021686892,True,False,0.0003942792639659937,2.524743225387706,192708.31332042327,192710.83806364867,1,0.9999868988000324
2023-05-25,85.758667,149.883209,0.006021142717282324,True,False,0.00039434084663198454,2.5251375662343376,191500.86107995966,191503.3862175259,1,0.9999868141362087
2023-05-26,85.918221,159.679108,0.005729906676407717,True,False,0.0003944024389166013,2.525531968673254,191857.14843210278,191859.67396407147,1,0.9999868365669736
2023-05-30,86.591866,159.54541,0.005508688257220031,True,False,0.0003944640408213463,2.5259264327140754,193361.41152381114,193363.93745024386,1,0.9999869369311257
2023-05-31,86.919838,155.449646,0.004665003687805236,True,False,0.0003945256523477223,2.5263209583664232,194093.77972176968,194096.30604272804,1,0.9999869841883657
2023-06-01,87.161499,158.123657,0.004427041207548986,True,False,0.00039458727349723187,2.5267155456399206,194633.41368773894,194635.9404032846,1,0.9999870182478097
2023-06-02,86.468475,157.751862,0.004690420191842613,True,False,0.0003946489042713781,2.527110194544192,193085.87689184773,193088.40400204228,1,0.9999869121597041
2023-06-05,86.441841,155.309418,0.004596434509546133,True,False,0.00039471054467166426,2.5275049050888634,193026.40262396992,193028.930128875,1,0.9999869060824023
2023-06-06,86.495163,157.184494,0.004452686520305417,True,False,0.00039477219469959395,2.527899677283563,193145.47174283233,193147.99964250962,1,0.9999869121104957
2023-06-07,85.864326,156.952972,0.004688387165455809,True,False,0.00039483385435667084,2.52829451113792,191736.79979249643,191739.32808700757,1,0.9999868138970948
2023-06-08,86.441841,158.55954,0.0046194702450821894,True,False,0.0003948955236443989,2.5286894066615644,193026.40262396992,193028.93131337658,1,0.9999868999460886
2023-06-09,86.130859,158.977524,0.00450671213467942,True,False,0.0003949572025642825,2.5290843638641287,192331.97344423036,192334.50252859422,1,0.9999868505945079
2023-06-12,86.27301,164.09758,0.004425140161973429,True,False,0.0003950188911178258,2.5294793827552464,192649.39954068983,192651.9290200726,1,0.9999868702099396
2023-06-13,85.659958,166.295166,0.004623203822209463,True,False,0.0003950805893065338,2.529874463344553,191280.44185986684,191282.97173433017,1,0.9999867741783788
2023-06-14,85.775452,168.656067,0.004637652058729867,True,False,0.00039514229713191116,2.530269605641685,191538.34232897707,191540.8725985827,1,0.9999867899233656
2023-06-15,86.441841,167.261719,0.005006659348735631,True,False,0.0003952040145954632,2.5306648096562805,193026.40262396992,193028.93328877958,1,0.9999868897125082
2023-06-16,86.068665,165.717209,0.004911783016748579,True,False,0.0003952657416986953,2.531060075397979,192193.09296753161,192195.624027607,1,0.9999868308131978
2023-06-20,86.326355,164.375122,0.004904199453227617,True,False,0.00039532747844311293,2.5314554028764222,192768.52001902365,192771.05147442652,1,0.9999868680728589
2023-06-21,86.406273,160.368561,0.0048921026064350556,True,False,0.00039538922483022215,2.5318507921012525,192946.97855098505,192949.51040177714,1,0.9999868781693884
2023-06-22,85.917633,161.116302,0.005035392316117913,True,False,0.000395450980861529,2.532246243082114,191855.83541605138,191858.36766229448,1,0.9999868014813534
2023-06-23,86.27301,158.278687,0.005102396964208405,True,False,0.0003955127465385398,2.532641755828653,192649.39954068983,192651.93218244566,1,0.9999868537951988
2023-06-26,86.486259,158.791351,0.004907989477647454,True,False,0.000395574521862761,2.5330373303505156,193125.58892834018,193128.12196567052,1,0.9999868841611229
2023-06-27,86.184166,164.339233,0.004971278214379488,True,False,0.00039563630683569963,2.5334329666573514,192451.00906778534,192453.542500752,1,0.9999868361323272
2023-06-28,86.530685,163.072266,0.004730176202035515,True,False,0.00039569810145886257,2.5338286647588104,193224.7930968744,193227.32692553915,1,0.9999868867995793
2023-06-29,85.642204,163.117996,0.0051626548887427695,True,False,0.00039575990573375707,2.534224424664544,191240.7968139893,191243.33103841395,1,0.9999867486912568
2023-06-30,85.828773,165.63884,0.005142838959139495,True,False,0.0003958217196618907,2.534620246384206,191657.409214819,191659.94383506538,1,0.9999867754305064
2023-07-03,85.45649,167.111526,0.004934513281301839,True,False,0.00039588354324477125,2.5350161299274507,190826.09364568323,190828.62866181316,1,0.9999867157451808
2023-07-05,85.046799,163.418396,0.00502275019231989,True,False,0.00039594537648390664,2.5354120753039346,189911.2452458508,189913.7806579261,1,0.9999866496677253
2023-07-06,84.352104,161.357941,0.005271509203605628,True,False,0.00039600721938080506,2.5358080825233156,188359.97707271163,188362.51288079415,1,0.9999865376181081
2023-07-07,84.245224,161.426514,0.005075039470890856,True,False,0.00039606907193697507,2.5362041515952525,188121.31184214982,188123.84804630143,1,0.9999865184335854
2023-07-10,84.681633,164.786575,0.004963458107265488,True,False,0.0003961309341539252,2.5366002825294065,189095.8220835817,189098.35868386424,1,0.9999865858154445
2023-07-11,84.859749,164.793091,0.004971592142155803,True,False,0.00039619280603316444,2.5369964753354397,189493.55876216272,189496.09575863805,1,0.9999866118799695
2023-07-12,85.688057,167.862549,0.0054771796727684135,True,False,0.00039625468757620205,2.537392730023016,191343.1875027706,191345.7248955006,1,0.999986739224347
2023-07-13,86.400566,171.330383,0.005555057406839003,True,False,0.00039631657878454727,2.5377890466018003,192934.23470301708,192936.77249206367,1,0.9999868465248288
2023-07-14,85.973053,169.188278,0.005677956891090247,True,False,0.0003963784796597098,2.53818542508146,191979.58941191342,191982.1275973385,1,0.9999867790535669
2023-07-17,86.115532,173.237335,0.005404406150336378,True,False,0.0003964403902031995,2.5385818654716634,192297.74793909542,192300.2865209609,1,0.9999867988659227
2023-07-18,86.213547,173.557327,0.0053217246828049436,True,False,0.0003965023104165265,2.53897836778208,192516.6174429644,192519.15642133218,1,0.9999868118143931
2023-07-19,86.507423,171.496872,0.005334390373765117,True,False,0.0003965642403012011,2.539374932022381,193172.84857410748,193175.38794903952,1,0.999986854562794
2023-07-20,85.821655,165.260056,0.005624481078465099,True,False,0.00039662617985873383,2.53977155820224,191641.51457493185,191644.05434649004,1,0.9999867474544574
2023-07-21,85.892906,166.752319,0.005486286824398396,True,False,0.0003966881290906356,2.5401682463313304,191800.61951825852,191803.15968650486,1,0.9999867563795587
2023-07-24,85.688057,166.745804,0.005420433136390563,True,False,0.0003967500879984174,2.5405649964193286,191343.1875027706,191345.72806776702,1,0.9999867226458512
2023-07-25,85.527718,169.550751,0.005388866381108585,True,False,0.0003968120565835904,2.5409618084759122,190985.1472295385,190987.68819134697,1,0.9999866956774411
2023-07-26,85.821655,167.209473,0.005412496290099852,True,False,0.0003968740348476664,2.5413586825107597,191641.51457493185,191644.05593361435,1,0.9999867391729417
2023-07-27,84.886475,170.354004,0.005817574916315968,True,False,0.0003969360227921568,2.5417556185335517,189553.23846792616,189555.7802235447,1,0.999986590988597
2023-07-28,85.162582,174.073273,0.005447785509971602,True,False,0.00039699802041857386,2.5421526165539703,190169.79105788426,190172.3332105008,1,0.9999866323740492
2023-07-31,85.269455,174.794937,0.005429772477885878,True,False,0.00039706002772842966,2.542549676581699,190408.44065730256,190410.98320697914,1,0.9999866470429711
2023-08-01,84.771225,174.905945,0.005498840606773345,True,False,0.0003971220447232368,2.542946798626422,189295.88285581683,189298.42580261547,1,0.9999865664662141
2023-08-02,84.601562,168.21196,0.00541581712939844,True,False,0.0003971840714045078,2.5433439826978264,188917.02189948445,188919.56524346714,1,0.999986537424118
2023-08-03,83.97654,167.780899,0.005357664371420002,True,False,0.0003972461077737558,2.5437412288056,187521.33496333,187523.87870455883,1,0.999986435107644
2023-08-04,84.869446,167.516418,0.00586656888157692,True,False,0.00039730815383249375,2.5441385369594327,189515.21236190785,189517.7565004448,1,0.9999865757247028
2023-08-07,84.664062,169.279739,0.005784793893629806,True,False,0.00039737020958223527,2.544535907169015,189056.58568045482,189059.13021636198,1,0.9999865410577937
2023-08-08,85.092636,166.585785,0.005878238213608596,True,False,0.0003974322750244937,2.5449333394440394,190013.60020630423,190016.14513964366,1,0.9999866067520864
2023-08-09,85.146255,163.529388,0.005433459233333418,True,False,0.00039749435016078337,2.5453308337942,190133.33253225381,190135.8778630876,1,0.9999866130955273
2023-08-10,84.494408,162.869812,0.005274285630013937,True,False,0.00039755643499261796,2.545728390229193,188677.74482130693,188680.29054969715,1,0.9999865077142779
2023-08-11,84.047974,158.921951,0.005287748411341921,True,False,0.0003976185295215121,2.5461260087587143,187680.84854940738,187683.39467541614,1,0.9999864339303263
2023-08-14,83.914062,163.506561,0.005247339146201411,True,False,0.00039768063374898013,2.546523689392463,187381.82030881057,187384.36683249995,1,0.9999864101593295
2023-08-15,83.753334,160.776703,0.005217184189459607,True,False,0.0003977427476765372,2.54692143214014,187022.9113906057,187025.45831203784,1,0.999986381953264
2023-08-16,83.431885,157.664825,0.005113228337444787,True,False,0.00039780487130569803,2.5473192370114455,186305.10918533948,186307.65650457647,1,0.999986327350766
2023-08-17,83.324722,156.123581,0.0049043308836019045,True,False,0.00039786700463797814,2.5477171040160833,186065.81200997747,186068.3597270815,1,0.9999863076285094
2023-08-18,83.574722,156.962769,0.004981246964484747,True,False,0.0003979291476748931,2.548115033163758,186624.0671338589,186626.61524889205,1,0.9999863464542302
2023-08-21,83.056862,161.472244,0.005094737544155532,True,False,0.00039799130041795846,2.5485130244641763,185467.67514004596,185470.22365307042,1,0.9999862591796448
2023-08-22,83.092567,160.048523,0.005113265059418188,True,False,0.0003980534628686904,2.5489110779270447,185547.40513683873,185549.95404791666,1,0.999986262938781
2023-08-23,83.9944,163.320435,0.005712785723653269,True,False,0.0003981156350286051,2.5493091935620735,187561.2167093801,187563.76601857366,1,0.9999864083066379
2023-08-24,83.681885,157.922775,0.005265955453835247,True,False,0.0003981778168992191,2.5497073713789726,186863.3643092209,186865.9140165923,1,0.9999863554175473
2023-08-25,83.655106,158.601959,0.0051844777281343825,True,False,0.00039824000848204906,2.5501056113874547,186803.56625337125,186806.11635898263,1,0.9999863489180061
2023-08-28,83.887268,160.610184,0.005228463199540283,True,False,0.00039830220977861197,2.5505039135972334,187321.98875765348,187324.5392615671,1,0.9999863845712705
2023-08-29,84.485489,164.828995,0.005372133944262903,True,False,0.00039836442079042503,2.550902278018024,188657.8285115073,188660.37941378533,1,0.9999864788659604
2023-08-30,84.47657,165.606155,0.005354755659622134,True,False,0.00039842664151900573,2.551300704659543,188637.91220170772,188640.46350241237,1,0.9999864753263574
2023-08-31,84.64621,166.752319,0.005082415984898002,True,False,0.00039848887196587153,2.5516991935315088,189016.72179856867,189019.27349776222,1,0.9999865003227114
2023-09-01,84.128807,167.18663,0.00467821356814604,True,False,0.0003985511121325405,2.5520977446436413,187861.35029512222,187863.90239286688,1,0.9999864151776251
2023-09-05,83.618576,167.131149,0.0048291119499495865,True,False,0.00039861336202053066,2.5524963580056617,186721.99401466968,186724.54651102767,1,0.9999863301509861
2023-09-06,83.403694,165.922928,0.00465570072700256,True,False,0.00039867562163136056,2.552895033627293,186242.15810455012,186244.71099958374,1,0.9999862927917796
2023-09-07,83.690147,162.125305,0.004748481708123562,True,False,0.0003987378909665486,2.5532937715182595,186881.81352455492,186884.36681832644,1,0.9999863375743248
2023-09-08,83.708046,161.286133,0.0044715725167409175,True,False,0.0003988001700276139,2.5536925716882872,186921.78235840434,186924.33605097604,1,0.9999863383622184
2023-09-11,83.564819,161.194702,0.004337606950790483,True,False,0.00039886245881607535,2.5540914341471033,186601.9535318917,186604.50762332583,1,0.9999863128095529
2023-09-12,83.681213,159.826492,0.004341673197827451,True,False,0.0003989247573334524,2.5544903589044368,186861.86371944792,186864.41820980684,1,0.9999863297122942
2023-09-13,83.779678,160.646103,0.004330070386137513,True,False,0.00039898706558126444,2.554889345970018,187081.73808253987,187084.29297188585,1,0.9999863436459289
2023-09-14,83.591698,161.795517,0.004269357777483946,True,False,0.0003990493835610314,2.555288395353579,186661.97488979093,186664.53017818628,1,0.9999863107983455
2023-09-15,83.3321,157.126083,0.004319637997601909,True,False,0.0003991117112742734,2.5556875070648535,186082.28723519345,186084.8429227005,1,0.9999862660092734
2023-09-18,83.412643,157.66156,0.004269207404330305,True,False,0.0003991740487225105,2.556086681113576,186262.1414049646,186264.69749164573,1,0.9999862771275742
2023-09-19,83.108292,156.33255,0.004111559544567448,True,False,0.00039923639590726327,2.556485917509483,185582.51938413086,185585.07587004837,1,0.9999862247225133
2023-09-20,83.045639,153.765945,0.0041140372469939575,True,False,0.0003992987528300526,2.556885216262313,185442.6139510247,185445.17083624096,1,0.9999862121768675
2023-09-21,82.427979,150.928391,0.0035768259972507803,True,False,0.0003993611194923994,2.557284577381805,184063.3665117583,184065.92379633567,1,0.9999861066919686
2023-09-22,82.750214,152.185547,0.003669647698016388,True,False,0.0003994234958958248,2.557684000877701,184782.92387113403,184785.4815551349,1,0.9999861586311903
2023-09-25,82.141525,153.298996,0.003972692276674309,True,False,0.00039948588204185046,2.558083486759743,183423.708858733,183426.26694221978,1,0.9999860538867774
2023-09-26,82.114647,150.515579,0.003880803494721184,True,False,0.000399548277931998,2.5584830350376753,183363.6897338543,183366.24821688933,1,0.999986047143027
2023-09-27,81.747612,151.842712,0.0034356540692065283,True,False,0.00039961068356778935,2.5588826457212432,182544.09305627903,182546.65193892474,1,0.9999859823085303
2023-09-28,81.971397,154.654404,0.003559151524690844,True,False,0.0003996730989507466,2.559282318820194,183043.80954787022,183046.36883018905,1,0.9999860183933984
2023-09-29,81.989296,155.214752,0.0034880628574197182,True,False,0.0003997355240823922,2.559682054344276,183083.77838171963,183086.338063774,1,0.9999860192623795
2023-10-02,81.324234,155.997925,0.0036511282268078325,True,False,0.0003997979589642489,2.5600818523032403,181598.68130492436,181601.24138677667,1,0.9999859027293384
2023-10-03,80.651123,152.770126,0.003822047426066335,True,False,0.00039986040359783943,2.560481712706838,180095.61064616058,180098.1711278733,1,0.9999857828555577
2023-10-04,81.162712,154.798599,0.004224631344198284,True,False,0.0003999228579846872,2.5608816355648227,181237.99936844606,181240.56025008162,1,0.9999858702619766
2023-10-05,81.315269,154.048172,0.004145571123759921,True,False,0.00039998532212631526,2.561281620886949,181578.66227618197,181581.22355780285,1,0.9999858945678926
2023-10-06,80.839592,157.35791,0.004239855088867778,True,False,0.00040004779602424733,2.5616816686829735,180516.4657859318,180519.02746760048,1,0.999985809353703
2023-10-09,81.871742,156.964645,0.005328281803450306,True,False,0.00040011027968000736,2.5620817789626535,182821.27789038862,182823.8399721676,1,0.9999859860629808
2023-10-10,81.710205,158.976761,0.005301072550017218,True,False,0.00040017277309511924,2.5624819517357484,182460.5624586029,182463.1249405546,1,0.9999859561653756
2023-10-11,82.158981,160.172852,0.005486206685057798,True,False,0.0004002352762711074,2.5628821870120198,183462.6884645029,183465.2513466899,1,0.9999860306942693
2023-10-12,81.369148,160.582474,0.005816989483607548,True,False,0.00040029778920949645,2.5632824848012294,181698.9751874604,181701.5384699452,1,0.9999858928960845
2023-10-13,81.889709,156.210968,0.0060479219670232275,True,False,0.0004003603119118111,2.5636828451131413,182861.3985696317,182863.96225247683,1,0.9999859803822823
2023-10-16,81.405037,158.422943,0.006133776535849297,True,False,0.00040042284437957635,2.5640832679575207,181779.1160600243,181781.68014329227,1,0.9999858947102593
2023-10-17,80.606247,157.266159,0.006414105945231577,True,False,0.00040048538661431756,2.564483753344135,179995.40161840335,179997.9661021567,1,0.9999857527070506
2023-10-18,80.229286,154.431564,0.006449322152784588,True,False,0.0004005479386175602,2.5648843012827527,179153.63997938953,179156.2048636908,1,0.999985683530731
2023-10-19,79.834389,152.052475,0.00635489322515043,True,False,0.00040061050039082993,2.5652849117831433,178271.82688476794,178274.39216967972,1,0.9999856104688926
2023-10-20,80.301086,149.853577,0.006456477496039718,True,False,0.00040067307193565285,2.565685584855079,179313.97085096827,179316.53653655312,1,0.9999856918629235
2023-10-23,80.678055,149.001602,0.006441783182565515,True,False,0.00040073565325355524,2.566086320508332,180155.7503541461,180158.3164404666,1,0.9999857564925606
2023-10-24,80.821671,151.023514,0.006468770297149092,True,False,0.0004007982443460633,2.5664871187526783,180476.44782563148,180479.01431275022,1,0.9999857795814737
2023-10-25,80.112625,144.918457,0.006668142283030101,False,False,0.00040086084521470406,2.566887979597893,178893.133575361,178895.7004633406,1,0.9999856514831102
2023-10-26,80.722931,144.056595,0.00689611628899916,False,False,0.00040092345586100424,2.567288903053754,180255.9593819033,180258.52667080634,1,0.9999857577394509
2023-10-27,80.848564,145.606613,0.006912631834047941,False,False,0.00040098607628649116,2.5676898891300404,180536.50044581766,180539.0681357068,1,0.9999857776495932
2023-10-30,80.579323,143.656799,0.006721052609144059,False,False,0.0004010487064926921,2.568090937836533,179935.27977458184,179937.84786551967,1,0.999985727900115
2023-10-31,80.408783,144.970856,0.00647858848676274,False,False,0.0004011113464811347,2.568492049183014,179554.4604592749,179557.0289513241,1,0.9999856953968097
2023-11-01,81.334908,148.382202,0.006839748735493878,False,False,0.000401173996253347,2.5688932231792676,181622.5165656936,181625.0854589168,1,0.9999858560659906
2023-11-02,81.838943,151.754242,0.006964819012862537,True,False,0.0004012366558108571,2.5692944598350786,182748.03705115587,182750.6063456157,1,0.9999859409798347
2023-11-03,82.468941,155.742355,0.006989470242343195,True,False,0.0004012993251551933,2.5696957591602336,184154.83549729604,184157.4051930552,1,0.9999860461991389
2023-11-06,81.991913,155.453979,0.006572251345044491,True,False,0.0004013620042878841,2.5700971211645216,183089.62219635642,183092.1922934776,1,0.9999859628251266
2023-11-07,82.459938,156.443634,0.006669369745080146,True,False,0.00040142469321045865,2.570498545857732,184134.7316137748,184137.30211232067,1,0.999986040316023
2023-11-08,82.792915,156.600937,0.00661969314510561,True,False,0.0004014873919244458,2.5709000332496563,184878.27607931345,184880.8469793467,1,0.9999860942868055
2023-11-09,81.97393,155.850494,0.006642412734433775,True,False,0.00040155010043137494,2.571301583350088,183049.46578878537,183052.0370903687,1,0.9999859531659728
2023-11-10,82.063927,162.135757,0.006494383186461527,True,False,0.00040161281873277567,2.5717031961688206,183250.43093432122,183253.0026375174,1,0.9999859663789451
2023-11-13,82.018936,160.556259,0.006340468730869381,True,False,0.0004016755468301777,2.5721048717156507,183149.965109207,183152.5372140787,1,0.9999859564879043
2023-11-14,83.251961,166.494171,0.006648761244375691,True,False,0.0004017382847251112,2.5725066100003757,185903.33520570252,185905.90771231253,1,0.9999861623191987
2023-11-15,82.603943,167.703384,0.006838795463938832,True,False,0.0004018010324191064,2.572908411032795,184456.297730233,184458.87063864403,1,0.9999860515875321
2023-11-16,83.224945,167.785309,0.006791655780275106,True,False,0.0004018637899136937,2.573310274822709,185843.00792399544,185845.58123427027,1,0.9999861535030441
2023-11-17,83.278961,168.965027,0.006739727601179534,True,False,0.00040192655721040405,2.5737122013799194,185963.62675908173,185966.2004712831,1,0.9999861603227099
2023-11-20,83.395981,171.455536,0.006706221215188563,True,False,0.0004019893343107684,2.57411419071423,186224.93481746817,186227.50893165887,1,0.999986177583508
2023-11-21,83.50396,168.250626,0.006706633189686293,True,False,0.00040205212121631787,2.5745162428354464,186466.0541375545,186468.62865379735,1,0.9999861933009245
2023-11-22,83.476974,168.788101,0.00626494788270695,True,False,0.0004021149179285841,2.574918357753375,186405.79384646224,186408.36876481998,1,0.9999861866804864
2023-11-24,83.044952,168.909332,0.006322351467633494,True,False,0.0004021777244490987,2.5753205354778244,185441.07986594425,185443.65518647974,1,0.9999861126522075
2023-11-27,83.674965,168.67334,0.0064699600936646276,True,False,0.0004022405407793936,2.575722776018604,186847.91180739188,186850.48753016788,1,0.999986215059912
2023-11-28,84.043968,167.686996,0.0063825734030453826,True,False,0.00040230336692100103,2.576125079385525,187671.90306930235,187674.47919438174,1,0.9999862734395724
2023-11-29,84.485001,169.505722,0.006338092298790355,True,False,0.00040236620287545345,2.5765274455884004,188656.73879750547,188659.31532495105,1,0.9999863429619622
2023-11-30,84.070999,168.322723,0.006171987042080159,True,False,0.0004024290486442836,2.576929874637045,187732.26384631687,187734.8407761915,1,0.9999862735661427
2023-12-01,84.864197,169.112488,0.006335557960473215,True,False,0.00040249190422902417,2.577332366541274,189503.49123732685,189506.0685696934,1,0.9999863997370322
2023-12-04,84.512268,167.218384,0.00631222281372662,True,False,0.00040255476963120854,2.5777349213109053,188717.62656735702,188720.20430227832,1,0.9999863409700576
2023-12-05,85.107872,166.268051,0.006211605042390966,True,False,0.00040261764485237004,2.5781375389557577,190047.62250657406,190050.200644113,1,0.999986434439268
2023-12-06,85.459816,165.242355,0.006170575078788478,True,False,0.00040268052989404215,2.5785402194856517,190833.52067185135,190836.09921207084,1,0.9999864881946857
2023-12-07,85.333481,169.672897,0.0061881103739650205,True,False,0.00040274342475775897,2.5789429629104093,190551.41202754912,190553.99097051204,1,0.9999864660774105
2023-12-08,84.782982,171.013153,0.005891715449821839,True,False,0.0004028063294450544,2.5793457692398545,189322.13647778274,189324.715823552,1,0.9999863760747876
2023-12-11,84.792015,176.846207,0.005901071773916949,True,False,0.000402869243957463,2.579748638483812,189342.30735191883,189344.88710055733,1,0.9999863753984699
2023-12-12,84.972488,178.120911,0.00587924951488117,True,False,0.00040293216829651924,2.5801515706521085,189745.3072598078,189747.88741137844,1,0.9999864022118726
2023-12-13,86.235909,180.86377,0.005860209042358479,True,False,0.0004029951024637579,2.5805545657545723,192566.55224728535,192569.1328018511,1,0.9999865993343366
2023-12-14,86.952728,185.877594,0.0055741124753257276,True,False,0.00040305804646071416,2.580957623801033,194167.22376586753,194169.80472349134,1,0.9999867077292091
2023-12-15,86.880325,186.569031,0.005497273276115136,True,False,0.0004031210002889233,2.581360744801322,194005.54638292998,194008.1277436748,1,0.999986694574218
2023-12-18,86.690247,186.05127,0.005574173281370717,True,False,0.0004031839639499208,2.581763928765272,193581.09831318146,193583.6800771102,1,0.9999866633182729
2023-12-19,86.85318,187.044159,0.005572482142639834,True,False,0.00040324693744524253,2.582167175702717,193944.93104157894,193947.51320875465,1,0.9999866862578798
2023-12-20,87.278549,181.499451,0.005605258249984507,True,False,0.00040330992077642437,2.5825704856234935,194894.78873674019,194897.3713072258,1,0.9999867490748167
2023-12-21,87.142822,186.523117,0.005641260865706121,True,False,0.0004033729139450028,2.5829738585374384,194591.707563944,194594.29053780253,1,0.9999867263635978
2023-12-22,87.06134,187.120697,0.0054261555615140135,True,False,0.0004034359169525142,2.583377294454391,194409.75658792758,194412.33996522203,1,0.9999867118656413
2023-12-26,87.115662,190.427124,0.005296648147300273,True,False,0.00040349892980049546,2.5837807933841916,194531.0587272855,194533.6425080789,1,0.9999867180773461
2023-12-27,87.794449,190.916351,0.0054280224186760715,True,False,0.00040356195249048333,2.5841843553366823,196046.8040103819,196049.38819473723,1,0.999986818707372
2023-12-28,87.459587,190.558487,0.005536713725335452,True,False,0.00040362498502401515,2.5845879803217064,195299.05030120918,195301.6348891895,1,0.9999867661733514
2023-12-29,87.242363,189.159729,0.0054086408680284834,True,False,0.0004036880274026285,2.584991668349109,194813.9846570891,194816.56964875746,1,0.999986731150882
2024-01-02,86.916519,182.346527,0.005239712109486525,True,False,0.000395544756871197,2.5853872131059803,194086.36832674503,194088.95371395812,1,0.9999866793696208
2024-01-03,87.12471,178.429398,0.005090243680193871,True,False,0.00039560528149748655,2.585782818387478,194551.263096729,194553.84887954738,1,0.9999867091664685
2024-01-04,86.599762,176.928848,0.005184729196735362,True,False,0.0003956658153850046,2.586178484202863,193379.04345364383,193381.62963212802,1,0.9999866265555363
2024-01-05,86.282967,177.910629,0.005219661855273907,True,False,0.00039572635853516824,2.5865742105613982,192671.63372576376,192674.22029997432,1,0.9999865754006606
2024-01-08,86.572586,183.705902,0.005235989350949803,True,False,0.0003957869109493949,2.5869699974723477,193318.3588886574,193320.9458586549,1,0.9999866182632928
2024-01-09,86.536362,183.768295,0.004966332011283687,True,False,0.00039584747262910204,2.587365844944977,193237.46995422748,193240.05732007243,1,0.9999866106133436
2024-01-10,86.40062,183.151001,0.00499667623030452,True,False,0.0003959080435757076,2.5877617529885524,192934.35528612387,192936.94304787685,1,0.9999865875258926
2024-01-11,86.862221,183.827377,0.0050871803975049,True,False,0.00039596862379062925,2.588157721612343,193965.119779879,193967.70793760061,1,0.9999866567597816
2024-01-12,87.097565,183.016388,0.00397654720173276,True,False,0.00039602921327528556,2.5885537508256182,194490.64775537798,194493.2363091288,1,0.9999866907775307
2024-01-16,86.391563,185.610306,0.003980276644543003,True,False,0.0003960898120310946,2.588949840637649,192914.13081949588,192916.71976933652,1,0.9999865799613236
2024-01-17,86.110985,183.909485,0.004033008942397402,True,False,0.0003961504200594752,2.5893459910577086,192287.5943949023,192290.18374089335,1,0.9999865341748565
2024-01-18,85.920914,189.980576,0.004033455649954788,True,False,0.00039621103736184625,2.5897422020950702,191863.1619562972,191865.7516984993,1,0.9999865023216536
2024-01-19,85.929962,197.411041,0.003999044282176058,True,False,0.0003962716639396266,2.59013847375901,191883.36632574076,191885.9564642145,1,0.9999865016777596
2024-01-22,86.192459,198.057877,0.0038876244807351077,True,False,0.0003963322997942358,2.590534806058804,192469.52750675473,192472.11804156078,1,0.999986540726873
2024-01-23,85.975243,199.371262,0.0039057731049072426,True,False,0.0003963929449270932,2.590931199003731,191984.47972679866,191987.07065799765,1,0.9999865046578912
2024-01-24,85.73085,202.273834,0.003935759619909695,True,False,0.0003964535993396186,2.591327652603071,191438.74514883565,191441.33647648824,1,0.9999864641163696
2024-01-25,86.101936,201.712372,0.004088418343880829,True,False,0.00039651426303323185,2.591724166866104,192267.38779243827,192269.97951660515,1,0.9999865203908931
2024-01-26,85.948051,196.274948,0.0035895070877470796,True,False,0.0003965749360093531,2.5921207418021135,191923.75943348432,191926.35155422613,1,0.9999864941905016
2024-01-29,86.463982,198.317307,0.003852936715807174,True,False,0.00039663561826940274,2.592517377420383,193075.84393076136,193078.4364481388,1,0.999986572724406
2024-01-30,86.581642,195.253815,0.0038483528119262088,True,False,0.00039669630981480146,2.592914073730198,193338.5811222649,193341.17403633863,1,0.999986588919372
2024-01-31,87.30571,192.426773,0.004221703504093745,True,False,0.00039675701064697,2.593310830740845,194955.4398064192,194958.03311724993,1,0.9999866981073349
2024-02-01,87.846504,193.378937,0.004404758831602922,True,False,0.0003968177207673293,2.593707648461612,196163.04389227647,196165.63759992493,1,0.9999867779715134
2024-02-02,86.70327,195.848145,0.005165877420910409,True,False,0.0003968784401773007,2.5941045269017895,193610.1789390947,193612.77304362162,1,0.9999866015837379
2024-02-05,85.859451,198.524124,0.005563585166988227,True,False,0.0003969391688783056,2.594501466070668,191725.91381758073,191728.5083190468,1,0.9999864678367926
2024-02-06,86.322197,196.209305,0.005650196985257839,True,False,0.0003969999068717657,2.59489846597754,192759.23511980326,192761.83001826925,1,0.9999865383179557
2024-02-07,86.167946,199.210358,0.0056619821045761866,True,False,0.0003970606541591029,2.595295526631699,192414.7894753479,192417.38477087455,1,0.9999865121567382
2024-02-08,85.886665,202.634979,0.005696071825231624,True,False,0.00039712141074173935,2.5956926480424407,191786.68323734595,191789.27892999398,1,0.9999864659137231
2024-02-09,85.73243,206.670364,0.00554649551102514,True,False,0.0003971821766210973,2.5960898302190616,191442.27332121856,191444.86941104877,1,0.9999864394912321
2024-02-12,85.814095,206.296066,0.005504278459811217,True,False,0.00039724295179859926,2.5964870731708602,191624.63293998566,191627.22942705883,1,0.9999864503229476
2024-02-13,84.870483,202.057144,0.005744105473666126,True,False,0.00039730373627566815,2.596884376907136,189517.5280041617,189520.1248885386,1,0.9999862975798564
2024-02-14,85.188042,206.621094,0.005804886200697513,True,False,0.00039736453005372686,2.5972817414371896,190226.64375970032,190229.24104144177,1,0.9999863465693958
2024-02-15,85.42395,206.424103,0.005836030186612985,True,False,0.0003974253331341986,2.5976791667703236,190753.43115875882,190756.02883792558,1,0.9999863821909977
2024-02-16,85.051941,205.255203,0.005905263831712404,True,False,0.00039748614551850665,2.598076652915842,189922.72743723882,189925.32551389173,1,0.9999863205360008
2024-02-20,85.197113,201.80101,0.0058701042592337665,True,False,0.00039754696720807484,2.59847419988305,190246.89948861525,190249.49796281513,1,0.999986341755286
2024-02-21,84.924911,201.338043,0.0058838262395341755,True,False,0.00039760779820432703,2.5988718076812543,189639.06684369218,189641.66571549987,1,0.9999862958817732
2024-02-22,84.934006,211.260635,0.005861881188005802,True,False,0.00039766863850868717,2.599269476319763,189659.37616509898,189661.9754345753,1,0.9999862952525389
2024-02-23,85.324135,208.981918,0.005873495455645229,True,False,0.00039772948812257956,2.5996672058078856,190530.54221799792,190533.14188520372,1,0.9999863558267078
2024-02-26,85.197113,211.043945,0.005870297640061552,True,False,0.00039779034704742885,2.600064996154933,190246.89948861525,190249.49955361141,1,0.9999863333937684
2024-02-27,85.006592,210.833786,0.0056816539763983945,True,False,0.0003978512152846596,2.6004628473702174,189821.46219078722,189824.06265363458,1,0.9999863006680448
2024-02-28,85.315048,208.46312,0.00575006740469372,True,False,0.0003979120928356968,2.6008607594630533,190510.2507607551,190512.85162151456,1,0.9999863481086061
2024-02-29,85.48745,214.110672,0.005388254741137899,True,False,0.0003979729797019657,2.6012587324427554,190895.22796022467,190897.8292189571,1,0.9999863735551993
2024-03-01,85.877716,223.22226,0.005285056592556364,True,False,0.0003980338758848914,2.6016567663186403,191766.69993693152,191769.30159369783,1,0.9999864334033409
2024-03-04,85.686684,225.415619,0.004488598671223174,True,False,0.00039809478138589987,2.6020548611000263,191340.12156563025,191342.72362049136,1,0.9999864010775436
2024-03-05,86.21434,220.996063,0.0041735292495042155,True,False,0.0003981556962064167,2.6024530167962325,192518.38822821734,192520.99068123414,1,0.9999864822375597
2024-03-06,86.423584,226.426926,0.004030899293559357,True,False,0.000398216620347868,2.6028512334165805,192985.63436878312,192988.23722001654,1,0.9999865129021804
2024-03-07,86.56913,234.192291,0.004021897507277605,True,False,0.00039827755381167994,2.603249510970392,193310.6415698249,193313.24481933587,1,0.9999865335170727
2024-03-08,86.632805,224.716217,0.003937171678893381,True,False,0.0003983384965992791,2.6036478494669915,193452.82914987748,193455.43279772694,1,0.9999865413557437
2024-03-11,86.523636,221.731567,0.003922981581017806,True,False,0.000398399448712092,2.6040462489157035,193209.05253540142,193211.65658165034,1,0.9999865223129133
2024-03-12,86.168816,226.331696,0.004050693853036967,True,False,0.00039846041015154576,2.604444709325855,192416.73220317904,192419.33664788835,1,0.9999864647454113
2024-03-13,85.977783,220.815491,0.0031361591566845316,True,False,0.00039852138091906733,2.604843230706774,191990.15159885728,191992.756442088,1,0.9999864325963178
2024-03-14,85.340988,217.042786,0.0035275776664342885,True,False,0.0003985823610160842,2.60524181306779,190568.175312409,190570.78055422206,1,0.9999863292693377
2024-03-15,85.195435,215.486435,0.003490593614112093,True,False,0.00039864335044402375,2.605640456418234,190243.15248022377,190245.7581206802,1,0.9999863038183759
2024-03-18,85.095367,215.319,0.003357473277654292,True,False,0.0003987043492043139,2.6060391607674385,190019.69858527748,190022.30462443826,1,0.9999862856143865
2024-03-19,85.340988,213.516388,0.0033985260687731888,True,False,0.00039876535729838265,2.606437926124737,190568.175312409,190570.78175033513,1,0.9999863229929469
2024-03-20,85.54113,217.151154,0.003342115690571675,True,False,0.00039882637472765816,2.606836752499465,191015.0965004245,191017.703337177,1,0.9999863529049562
2024-03-21,85.550217,222.036987,0.0033421191613120286,True,False,0.0003988874014935689,2.6072356399009586,191035.38795766735,191037.99519330726,1,0.999986352266536
2024-03-22,85.968704,222.303207,0.0033624598465836217,True,False,0.0003989484375975436,2.607634588338556,191969.8780057784,191972.48564036674,1,0.9999864166233007
2024-03-25,85.741272,221.435516,0.003406028966941561,True,False,0.00039900948304101086,2.608033597821597,191462.01768843998,191464.6257220378,1,0.9999863785094089
2024-03-26,85.868599,219.769089,0.0033603464450545173,True,False,0.00039907053782539995,2.6084326683594226,191746.3414890738,191748.94992174214,1,0.9999863966260603
2024-03-27,86.196136,222.529984,0.003369626617485436,True,False,0.0003991316019521402,2.608831799961375,192477.73832311676,192480.34715491673,1,0.9999864462432735
2024-03-28,86.114258,222.766663,0.0033652324829093363,True,False,0.0003991926754226612,2.6092309926367974,192294.90307098415,192297.5123019768,1,0.9999864312805641
2024-04-01,85.335075,225.113434,0.0038230740260753278,True,False,0.0003992537582383925,2.6096302463950356,190554.97146221896,190557.58109246535,1,0.9999863052929648
2024-04-02,85.152603,221.642563,0.0038208515045808776,True,False,0.00039931485040076414,2.6100295612454363,190147.50774635942,190150.11777592066,1,0.9999862738472541
2024-04-03,85.252953,222.263779,0.0035299114894238176,True,False,0.0003993759519112065,2.6104289371973475,190371.59135308542,190374.2017820226,1,0.9999862879060674
2024-04-04,85.544937,215.972824,0.0035808356567164626,True,False,0.0003994370627711497,2.6108283742601186,191023.59760945098,191026.20843782523,1,0.9999863326168927
2024-04-05,84.979225,218.53653,0.0037895858862098163,True,False,0.0003994981829820245,2.611227872443101,189760.35111888617,189762.9623467586,1,0.9999862395283035
2024-04-08,84.787628,219.098572,0.0037795698683569974,True,False,0.00039955931254526177,2.6116274317556463,189332.51109100494,189335.1227184367,1,0.9999862063235059
2024-04-09,85.125237,221.455231,0.003943814135800894,True,False,0.00039962045146229257,2.6120270522071087,190086.39890747884,190089.01093453105,1,0.9999862589265978
2024-04-10,83.993866,217.412476,0.00480268267874809,True,False,0.0003996815997345481,2.6124267338068434,187560.0242764355,187562.6367031693,1,0.9999860717103378
2024-04-11,83.875267,222.322937,0.004797747583625203,True,False,0.0003997427573634599,2.612826476564207,187295.19027868664,187297.8031051632,1,0.9999860498818819
2024-04-12,84.221947,215.02623,0.004707411321256186,True,False,0.0003998039243504596,2.6132262804885573,188069.3338240755,188071.947050356,1,0.999986105177718
2024-04-15,83.683685,212.304733,0.004876970583859403,True,False,0.0003998651006969793,2.6136261455892544,186867.38374611284,186869.99737225843,1,0.9999860136662796
2024-04-16,83.355209,213.912003,0.004924061238338218,True,False,0.000399926286404451,2.6140260718756587,186133.89010582457,186136.50413189645,1,0.9999859564028879
2024-04-17,83.884392,207.423843,0.005124501252808386,True,False,0.0003999874814743071,2.614426059357133,187315.56659070833,187318.1810167677,1,0.9999860428600942
2024-04-18,83.592445,203.745926,0.00509842282284604,True,False,0.00040004868590798033,2.614826108043041,186663.6429561011,186666.25778220914,1,0.9999859919723088
2024-04-19,83.701912,195.620941,0.005121083322490784,True,False,0.00040010989970690343,2.615226217942748,186908.0850106848,186910.70023690275,1,0.9999860081514079
2024-04-22,83.71106,198.845276,0.0049360465263512164,True,False,0.0004001711228725094,2.615626389065621,186928.51268217788,186931.12830856696,1,0.999986007539714
2024-04-23,83.820526,202.996506,0.004959636498081165,True,False,0.0004002323554062315,2.6160266214210273,187172.95250374108,187175.5685303625,1,0.9999860236747671
2024-04-24,83.565033,205.629227,0.004937353213751022,True,False,0.00040029359730950326,2.616426915018337,186602.43139827775,186605.04782519277,1,0.9999859787988293
2024-04-25,83.24572,209.445221,0.004810382282211365,True,False,0.00040035484858375823,2.6168272698669206,185889.39892478997,185892.01575205984,1,0.9999859228635545
2024-04-26,83.473831,213.872559,0.004911864820339407,True,False,0.00040041610923043043,2.617227685976151,186398.77546304482,186401.3926907308,1,0.999985959183844
2024-04-29,83.811386,215.499542,0.004725805436827303,True,False,0.000400477379250954,2.617628163355402,187152.54269641198,187155.16032457535,1,0.9999860135934332
2024-04-30,83.419067,211.003159,0.004794962840932236,True,False,0.00040053865864676314,2.618028702014049,186276.48632862786,186279.10435732987,1,0.9999859456662569
2024-05-01,83.74942,203.874084,0.004901113572982785,True,False,0.0004005999474192926,2.618429301961468,187014.17134838624,187016.78977768822,1,0.9999859989613494
2024-05-02,84.142921,208.459183,0.004967563861402442,True,False,0.000400661245569977,2.618829963207038,187892.86714639608,187895.48597635928,1,0.999986062305065
2024-05-03,84.609612,213.15274,0.004963713391074467,True,False,0.00040072255310025153,2.6192306857601384,188934.99771447343,188937.61694515918,1,0.9999861370608558
2024-05-06,84.682808,217.580078,0.004945263367107759,True,False,0.00040078387001155134,2.61963146963015,189098.44588266392,189101.06551413354,1,0.9999861469238023
2024-05-07,84.902466,215.657288,0.004895266400927769,True,False,0.0004008451963053118,2.6200323148264553,189588.94669867013,189591.56673098495,1,0.9999861806494877
2024-05-08,84.664497,215.864349,0.003848101518766362,True,False,0.0004009065319829687,2.620433221358438,189057.55704437036,189060.17747759173,1,0.9999861396870757
2024-05-09,84.920738,215.055832,0.003866013940183209,True,False,0.00040096787704595784,2.620834189235484,189629.74844916436,189632.3692833536,1,0.999986179394377
2024-05-10,84.64624,217.165955,0.0038651874925593652,True,False,0.0004010292314957154,2.6212352184669796,189016.78878918357,189019.41002440205,1,0.9999861324547668
2024-05-13,84.746887,217.619507,0.0035351739554864026,True,False,0.00040109059533367753,2.621636309062313,189241.53560299674,189244.1572393058,1,0.9999861468044916
2024-05-14,84.993958,221.238281,0.003398728767799446,True,False,0.00040115196856128096,2.6220374610308745,189793.25020984677,189795.8722473078,1,0.999986184960558
2024-05-15,85.634537,227.450378,0.00350516065088769,True,False,0.00040121335117996237,2.6224386743820545,191223.67624585007,191226.29868452446,1,0.9999862862028266
2024-05-16,85.46981,226.336136,0.0034154760398887167,True,False,0.0004012747431911588,2.6228399491252454,190855.83747868362,190858.46031863274,1,0.9999862576699784
2024-05-17,85.204407,225.05426,0.003542535874814406,True,False,0.0004013361445963074,2.6232412852698417,190263.18714010963,190265.8103813949,1,0.9999862127553026
2024-05-20,85.076317,230.004181,0.0035794291900773404,True,False,0.0004013975553968456,2.6236426828252384,189977.15954483775,189979.78318752057,1,0.9999861898848457
2024-05-21,85.295944,229.264664,0.003599968571523806,True,False,0.0004014589755942111,2.6240441418008325,190467.59113720857,190470.21518135036,1,0.9999862233360776
2024-05-22,85.186134,231.956573,0.0035194299832718465,True,False,0.0004015204051898417,2.624445662206022,190222.38315659488,190225.00760225707,1,0.9999862034666458
2024-05-23,84.884148,230.654999,0.0035000738336020197,True,False,0.0004015818441851755,2.6248472440502075,189548.04222923308,189550.66707647714,1,0.9999861522658583
2024-05-24,84.993958,235.230225,0.0034766325581481964,True,False,0.00040164329258165083,2.625248887342789,189793.25020984677,189795.8754587341,1,0.9999861680403697
2024-05-28,84.518105,239.203964,0.0036824370380004203,True,False,0.00040170475038070615,2.62565059209317,188730.6607079894,188733.28635858148,1,0.9999860880364945
2024-05-29,84.106308,234.263901,0.00369670528674135,True,False,0.0004017662175837803,2.6260523583107536,187811.1095669934,187813.7356193517,1,0.9999860177832594
2024-05-30,84.527267,232.636932,0.003756008573624737,True,False,0.00040182769419231214,2.626454186004946,188751.11964176936,188753.74609595537,1,0.9999860852870984
2024-05-31,84.920738,230.743713,0.0037534512407347777,True,False,0.00040188918020774093,2.6268560751851537,189629.74844916436,189632.37530523955,1,0.9999861476392363
2024-06-03,85.476959,231.118439,0.00383021752718996,True,False,0.00040195067563150613,2.6272580258607854,190871.8013422061,190874.42860023197,1,0.9999862356731327
2024-06-04,85.945045,229.313965,0.003987306492741415,True,False,0.0004020121804650472,2.6276600380412503,191917.04697387473,191919.67463391277,1,0.9999863085426596
2024-06-05,86.257088,239.34201,0.004019128979673976,True,False,0.00040207369470980403,2.62806211173596,192613.84538836006,192616.4734504718,1,0.9999863559846951
2024-06-06,86.220367,237.379807,0.00394144968518468,True,False,0.00040213521836721675,2.6284642469543273,192531.84664274385,192534.4751069908,1,0.999986348085217
2024-06-07,85.311745,236.66983,0.0046667768979131745,True,False,0.00040219675143872565,2.6288664437057663,190502.87509405837,190505.50396050207,1,0.999986200574844
2024-06-10,85.128189,240.081528,0.004630549493218881,True,False,0.0004022582939257712,2.629268701999692,190092.99078398166,190095.62005268366,1,0.999986168704459
2024-06-11,85.577919,240.279022,0.004760579712285874,True,False,0.0004023198458297941,2.6296710218455215,191097.2470914344,191099.87676245626,1,0.9999862392845751
2024-06-12,86.055161,247.05188,0.004867260565949488,True,False,0.00040238140715223537,2.630073403252674,192162.93825876006,192165.5683321633,1,0.9999863135033707
2024-06-13,86.624237,249.737366,0.004802829179766326,True,False,0.0004024429778945361,2.6304758462305684,193433.6966302718,193436.32710611803,1,0.9999864013348186
2024-06-14,86.826134,248.838898,0.004780421640766576,True,False,0.0004025045580581378,2.6308783507886266,193884.53676925696,193887.16764760774,1,0.9999864308794506
2024-06-17,86.42231,252.768341,0.004858951856453472,True,False,0.00040256614764448196,2.631280916936271,192982.7895006718,192985.42078158873,1,0.9999863653901612
2024-06-18,86.798637,255.986923,0.004894584054434981,True,False,0.0004026277466550104,2.631683544682926,193823.13540469148,193825.76708823617,1,0.9999864224267794
2024-06-20,86.578323,249.036362,0.004941469523394066,True,False,0.00040268935509116515,2.632086234038017,193331.16972724025,193333.8018134743,1,0.9999863857938479
2024-06-21,86.59668,246.60759,0.004920304015221895,True,False,0.00040275097295438866,2.6324889850109714,193372.16128447664,193374.79377346166,1,0.9999863865970655
2024-06-24,86.670113,239.568146,0.004811681344027892,True,False,0.00040281260024612326,2.6328917976112174,193536.13867852456,193538.77157032216,1,0.9999863960498652
2024-06-25,86.743546,243.250809,0.00481148663243096,True,False,0.00040287423696781164,2.6332946718481853,193700.11607257248,193702.74936724434,1,0.999986405486342
2024-06-26,86.220367,242.302994,0.00484393828878641,True,False,0.00040293588312089693,2.6336976077313063,192531.84664274385,192534.48034035158,1,0.9999863209041671
2024-06-27,86.413139,241.058975,0.004646546767296141,True,False,0.00040299753870682214,2.6341006052700133,192962.31046970733,192964.9445703126,1,0.999986349330905
2024-06-28,85.954216,243.49762,0.004791667330533624,True,False,0.0004030592037270306,2.6345036644737405,191937.52600483922,191940.1605085037,1,0.9999862743489559
2024-07-01,85.314392,243.487747,0.005044232185152961,True,False,0.000403120878182966,2.6349067853519235,190508.78589931,190511.42080609535,1,0.999986169297493
2024-07-02,85.636589,246.913666,0.004898570869136248,True,False,0.0004031825620760721,2.6353099679139995,191228.2584039069,191230.8937138748,1,0.999986219224746
2024-07-03,86.207375,251.030701,0.004973293600125624,True,False,0.00040324425540779293,2.6357132121694073,192502.835240466,192505.47095367816,1,0.9999863083724368
2024-07-05,86.686119,251.524384,0.00506124736031365,True,False,0.00040330595817957286,2.636116518127587,193571.88040457593,193574.51652109405,1,0.999986381903127
2024-07-08,86.71373,256.29303,0.005058767330238308,True,False,0.00040336767039285615,2.6365198857979797,193633.53633347788,193636.17285336368,1,0.9999863841561887
2024-07-09,86.594032,256.174561,0.004391378194056654,True,False,0.0004034293920490877,2.6369233151900286,193366.24824620446,193368.88516951964,1,0.999986363249119
2024-07-10,86.676918,262.118073,0.004338028658290144,True,False,0.00040349112314971234,2.6373268063131783,193551.3343829966,193553.97170980292,1,0.9999863742046571
2024-07-11,87.229279,253.498993,0.00440173204013798,True,False,0.0004035528636961753,2.6377303591768744,194784.76781692565,194787.40554728484,1,0.9999864584142297
2024-07-12,87.413391,256.589233,0.004277550331670814,True,False,0.0004036146136899217,2.6381339737905645,195195.89368639787,195198.53182037166,1,0.9999864848677437
2024-07-15,87.137222,256.875519,0.004134194456827678,True,False,0.00040367637313239754,2.638537650163697,194579.20264916902,194581.8411868192,1,0.999986439959484
2024-07-16,87.523872,258.465088,0.00421440080417822,True,False,0.00040373814202504825,2.6389413883057222,195442.60002376404,195445.23896515236,1,0.9999864977965066
2024-07-17,87.597527,240.081558,0.004042659648170394,True,False,0.00040379992036932,2.6393451882260917,195607.073148362,195609.7124935502,1,0.9999865070851821
2024-07-18,87.348961,240.802277,0.004018632311345307,True,False,0.0004038617081666591,2.639749049934258,195052.02017587115,195054.65992492108,1,0.9999864666188906
2024-07-19,87.072807,233.437027,0.004044372764012722,True,False,0.0004039235054185119,2.6401529734396765,194435.36263394976,194438.0027869232,1,0.9999864216205906
2024-07-22,86.989929,243.112579,0.004053843243298296,True,False,0.0004039853121263251,2.640556958751803,194250.29436132158,194252.93491828034,1,0.999986406604565
2024-07-23,87.054352,239.489182,0.0040530487820280795,True,False,0.0004040471282915457,2.6409610058800945,194394.15224070483,194396.7932017107,1,0.9999864145855373
2024-07-24,86.861053,226.753036,0.00408609781630331,True,False,0.0004041089539156208,2.6413651148340103,193962.51161194022,193965.15297705506,1,0.999986382269834
2024-07-25,87.054352,221.698044,0.0038459129295165626,True,False,0.0004041707889999978,2.64176928562301,194394.15224070483,194396.79400999047,1,0.9999864104277075
2024-07-26,87.468636,226.456818,0.003945988728958787,True,False,0.0004042326335461241,2.6421735182565564,195319.2569036732,195321.89907719145,1,0.9999864727225635
2024-07-29,87.615936,225.98291,0.003694654065901672,True,False,0.0004042944875554477,2.6425778127441117,195648.18082266412,195650.82340047686,1,0.9999864933979483
2024-07-30,87.800079,217.778473,0.0031206822147429613,True,False,0.0004043563510294165,2.642982169095141,196059.37591577167,196062.01889794075,1,0.9999865196625847
2024-07-31,88.444496,232.390503,0.0033521288767013424,True,False,0.00040441822396947874,2.6433865873191102,197498.37228443686,197501.0156710242,1,0.9999866158329447
2024-08-01,88.822189,215.645905,0.0032030181927153725,True,False,0.0004044801063770829,2.643791067425487,198341.7684944534,198344.4122855208,1,0.9999866707055826
2024-08-02,90.198044,204.18338,0.004390873196321399,False,False,0.00040454199825367776,2.6441956094237407,201414.08090832486,201416.7251039343,1,0.9999868720156776
2024-08-05,90.290382,200.579727,0.004379602754389287,False,False,0.0004046038996007121,2.6446002133233413,201620.2735548407,201622.91815505404,1,0.9999868834344948
2024-08-06,89.48703,202.396332,0.004974086340108863,False,False,0.0004046658104196351,2.645004879133761,199826.3720737192,199829.01707859832,1,0.9999867636596637
2024-08-07,89.163826,196.75885,0.005110639031862438,False,False,0.00040472773071189617,2.645409606864473,199104.65091748332,199107.29632709018,1,0.9999867136480899
2024-08-08,88.896057,210.334229,0.005062990396268848,True,False,0.0004047896604789448,2.6458143965249517,198506.71725241691,198509.36306681344,1,0.9999866715889082
2024-08-09,89.256187,209.090225,0.005104666527195432,True,False,0.00040485159972223077,2.646219248124674,199310.89492347057,199313.5411427187,1,0.9999867233343357
2024-08-12,89.505508,210.294754,0.00501927504977336,True,False,0.0004049135484432041,2.646624161673117,199867.6338264355,199870.2804505972,1,0.9999867582906488
2024-08-13,89.902565,218.834869,0.005019238447370227,True,False,0.0004049755066433151,2.6470291371797607,200754.27024532744,200756.91727446462,1,0.9999868147550126
2024-08-14,90.022606,218.281982,0.005017866296022926,True,False,0.0004050374743240142,2.6474341746540846,201022.32425863083,201024.9716928055,1,0.9999868303218632
2024-08-15,89.45932,228.776962,0.0052240089088152215,True,False,0.000405099451486752,2.6478392741055714,199764.49507578817,199767.1429150623,1,0.9999867453714586
2024-08-16,89.634773,228.293198,0.005123612753297016,True,False,0.00040516143813297957,2.6482444355437043,200156.28522078964,200158.9334652252,1,0.9999867692918337
2024-08-19,89.754814,232.173294,0.005092596443386065,True,False,0.0004052234342641478,2.6486496589779684,200424.33923409303,200426.987883752,1,0.9999867849650043
2024-08-20,90.114944,229.102798,0.0051170371638393775,True,False,0.0004052854398817082,2.64905494441785,201228.51690514668,201231.1659600911,1,0.9999868357620859
2024-08-21,90.299629,232.350998,0.005031901907770411,True,False,0.00040534745498711235,2.6494602918728374,201640.92229536283,201643.5717556547,1,0.9999868606756526
2024-08-22,89.884071,224.413132,0.005239612780832537,True,False,0.00040540947958181195,2.6498657013524194,200712.97276428321,200715.62262998457,1,0.9999867979100648
2024-08-23,90.299629,230.425751,0.005235428498967053,True,False,0.00040547151366725914,2.650271172866087,201640.92229536283,201643.5725665357,1,0.9999868566543474
2024-08-26,90.188805,224.640213,0.005273115388312054,True,False,0.000405533557244906,2.6506767064233316,201393.4500319667,201396.10070867313,1,0.999986838490432
2024-08-27,90.151878,227.128189,0.005286606424719079,True,False,0.00040559561031620504,2.651082302033648,201310.99128412842,201313.64236643046,1,0.999986831084715
2024-08-28,90.105713,223.030884,0.005106363339054367,True,False,0.00040565767288260903,2.6514879597065306,201207.90389295248,201210.55538091218,1,0.9999868223217481
2024-08-29,89.948738,222.389145,0.005076658736648661,True,False,0.00040571974494557075,2.6518936794514762,200857.37550066737,200860.02739434683,1,0.9999867973049996
2024-08-30,89.634773,228.20433,0.0037808934307157743,True,False,0.00040578182650654335,2.6522994612779827,200156.28522078964,200158.9375202509,1,0.9999867490330727
2024-09-03,90.225639,210.788376,0.0040760288705800505,False,False,0.0004058439175669802,2.65270530519555,201475.7011088989,201478.3538142041,1,0.9999868337950207
2024-09-04,90.753563,211.479492,0.0036990649208603183,False,False,0.0004059060181283349,2.653111211213678,202654.5662209788,202657.21933219003,1,0.9999869083804664
2024-09-05,90.966568,210.344116,0.0035705295802861713,False,False,0.0004059681281920612,2.65351717934187,203130.2107516282,203132.86426880755,1,0.9999869370365604
2024-09-06,91.09626,201.339935,0.0034439463281791104,False,False,0.0004060302477596131,2.65392320958963,203419.81564573394,203422.46956894352,1,0.9999869536378395
2024-09-09,91.225906,205.318756,0.003380250513862064,False,False,0.00040609237683244496,2.654329301966462,203709.31782089686,203711.97215019882,1,0.9999869701850415
2024-09-10,91.614883,207.480927,0.0034344411789347593,False,False,0.00040615451541201107,2.654735456481874,204577.91143418496,204580.56616964145,1,0.9999870235208251
2024-09-11,91.550041,217.11702,0.0033690779726490267,True,False,0.00040621666349976613,2.655141673145374,204433.11791921404,204435.77306088718,1,0.9999870123431267
2024-09-12,91.401871,216.159302,0.0034138597740091636,True,False,0.00040627882109716524,2.6555479519664713,204102.25127239202,204104.90682034398,1,0.9999869892988202
2024-09-13,91.577843,220.019638,0.002990375956203707,True,False,0.00040634098820566323,2.655954292954677,204495.20035503068,204497.85630932363,1,0.9999870123123006
2024-09-16,91.818657,217.087387,0.0030033259643586743,True,False,0.00040640316482671565,2.6563606961195037,205032.94295264018,205035.5993133363,1,0.9999870443927541
2024-09-17,91.651932,217.353897,0.003077850553077304,True,False,0.00040646535096177804,2.6567671614704653,204660.64261052368,204663.29937768515,1,0.9999870188393838
2024-09-18,91.253677,214.954803,0.0032192662039348596,False,False,0.00040652754661230615,2.657173689017078,203771.33103307808,203773.9882067671,1,0.9999869601919636
2024-09-19,91.179588,224.10704,0.0032164046959001244,True,False,0.0004065897517797561,2.6575802787688576,203605.8887775851,203608.54635786384,1,0.9999869475995664
2024-09-20,91.151817,220.829224,0.002993596927313474,True,False,0.00040665196646558395,2.657986930735323,203543.87556540384,203546.5335523346,1,0.9999869416251687
2024-09-23,91.09626,221.688202,0.0028591213936855677,True,False,0.0004067141906712463,2.6583936449259946,203419.81564573394,203422.47403937887,1,0.9999869316620128
2024-09-24,91.198128,224.373627,0.002835141400619146,True,False,0.0004067764243981999,2.6588004213503926,203647.28897757214,203649.94777799348,1,0.9999869442617081
2024-09-25,90.827667,225.919571,0.0030133677636044695,True,False,0.0004068386676479014,2.6592072600180403,202820.04197177922,202822.70117903926,1,0.9999868890057939
2024-09-26,90.762825,233.995514,0.003016827853486355,True,False,0.00040690092042180813,2.659614160938462,202675.24845680836,202677.9080709693,1,0.9999868776316755
2024-09-27,91.124031,230.284134,0.0030768422393484623,True,False,0.0004069631827213774,2.6600211241211835,203481.82885791518,203484.4888790393,1,0.9999869276467275
2024-09-30,90.87397,228.215652,0.003027917587119553,True,False,0.0004070254545480668,2.6604281495757314,202923.43751978353,202926.0979479331,1,0.9999868896698035
2024-10-01,91.204636,221.822174,0.002789298242722712,True,False,0.00040708773590333413,2.660835237311635,203661.82147495702,203664.48231019432,1,0.9999869352024118
2024-10-02,90.944542,224.81105,0.0025909263704204624,True,False,0.00040715002678863745,2.6612423873384237,203081.02624219377,203083.6874845811,1,0.9999868958338294
2024-10-03,90.480133,225.612717,0.00278192466404347,True,False,0.000407212327205435,2.6616495996656293,202043.9914268872,202046.65307648687,1,0.9999868265593161
2024-10-04,89.607025,228.700623,0.0034556576247218693,True,False,0.0004072746371551852,2.6620568743027846,200094.3233680798,200096.9854249541,1,0.999986696167018
2024-10-07,89.281914,228.077087,0.003467631606083274,True,False,0.00040733695663934674,2.662464211259424,199368.34384175896,199371.00630597022,1,0.9999866456800285
2024-10-08,89.356216,230.32373,0.003269432142720002,True,False,0.0004073992856593786,2.6628716105450834,199534.2617306175,199536.92460222804,1,0.9999866547426455
2024-10-09,89.021812,232.728714,0.0033134218838452053,True,False,0.00040746162421673973,2.6632790721693,198787.53074483172,198790.1940239039,1,0.9999866025631432
2024-10-10,89.012543,231.095703,0.003325446630089082,True,False,0.0004075239723128898,2.6636865961416127,198766.8328778587,198769.49656445484,1,0.9999865991178617
2024-10-11,89.040398,233.035522,0.0032615461193169376,True,False,0.00040758632994928804,2.664094182471562,198829.03366376157,198831.69775794403,1,0.999986601260199
2024-10-14,88.8825,237.330856,0.0031206819728984334,True,False,0.0004076486971273946,2.6645018311686894,198476.44419355906,198479.10869539023,1,0.9999865754040882
2024-10-15,89.337616,225.018921,0.0034635286451078157,True,False,0.0004077110738486693,2.664909542242538,199492.7275494007,199495.39245894295,1,0.9999866417489176
2024-10-16,89.476952,225.018921,0.0034394331591379706,True,False,0.0004077734601145725,2.665317315702653,199803.8676931653,199806.53301048098,1,0.9999866605096663
2024-10-17,89.012543,226.790482,0.0035658089377553215,True,False,0.0004078358559265647,2.6657251515585796,198766.8328778587,198769.49860301026,1,0.9999865888621227
2024-10-18,89.114731,226.998322,0.0035996758745145737,True,False,0.00040789826128610654,2.666133049819866,198995.0207762555,198997.6869093053,1,0.999986602190753
2024-10-21,88.427345,226.572754,0.003887335690097605,True,False,0.0004079606761946589,2.6665410104960605,197460.07374991808,197462.74029092857,1,0.9999864959789043
2024-10-22,88.343758,225.731506,0.0038416910026934058,True,False,0.00040802310065368296,2.666949033596714,197273.42226575856,197276.08921479215,1,0.9999864811339063
2024-10-23,88.139397,223.712494,0.0038018937775343652,True,False,0.00040808553466464007,2.6673571191313785,196817.07996427247,196819.7473213916,1,0.9999864477159665
2024-10-24,88.33445,224.959549,0.003889050116781179,True,False,0.0004081479782289919,2.6677652671096075,197252.63731098623,197255.30507625334,1,0.9999864755715134
2024-10-25,88.139397,227.216064,0.003683561040816733,True,False,0.0004082104313482002,2.6681734775409556,196817.07996427247,196819.74813775002,1,0.999986443568276
2024-10-28,87.935036,227.35463,0.0036781913510878666,True,False,0.00040827289402372717,2.668581750434979,196360.73766278633,196363.40624453677,1,0.9999864099844188
2024-10-29,87.972198,232.946426,0.0035016698933995325,True,False,0.0004083353662570349,2.6689900858012363,196443.72117044107,196446.39016052688,1,0.9999864136465749
2024-10-30,87.842186,224.731903,0.003493432325232329,True,False,0.00040839784804958597,2.669398483649286,196153.40170977678,196156.07110826042,1,0.9999863914562085
2024-10-31,87.795731,216.012619,0.0034091698275969594,False,False,0.00040846033940284315,2.669806943988689,196049.66674265717,196052.33654960117,1,0.9999863821722761
2024-11-01,87.275795,218.308731,0.0030148046004539477,False,False,0.0004085228403182692,2.6702154668290072,194888.63899829553,194891.30921376235,1,0.9999862989505403
2024-11-04,87.741676,217.051819,0.0033041125356186255,False,False,0.00040858535079732743,2.6706240521798046,195928.9608197715,195931.6314438237,1,0.9999863696125404
2024-11-05,87.788269,219.585449,0.003296629485237292,False,False,0.0004086478708414812,2.671032700050646,196033.00394371952,196035.67497641957,1,0.9999863747621428
2024-11-06,86.884491,225.988815,0.003877453630946783,True,False,0.00040871040045219415,2.671441410451098,194014.84914631434,194017.5205877248,1,0.9999862309269679
2024-11-07,87.583282,230.699799,0.004390449032433838,True,False,0.00040877293963093,2.671850183390729,195575.2637714032,195577.9356215866,1,0.999986338693192
2024-11-08,87.769615,228.977722,0.004433324693899703,True,False,0.0004088354883791528,2.672259018879108,195991.349179396,195994.02143841487,1,0.9999863656095259
2024-11-11,87.527397,223.24736,0.004451195887297218,True,False,0.000408898046698327,2.6726679169258065,195450.47142101076,195453.1440889277,1,0.9999863257870352
2024-11-12,86.977669,220.812683,0.004389143716220982,False,False,0.00040896061458991703,2.6730768775403964,194222.91753004646,194225.590606924,1,0.9999862372570515
2024-11-13,86.921738,216.12146,0.00433999465133697,False,False,0.0004090231920553876,2.6734859007324516,194098.0224607112,194100.69594661193,1,0.999986226294101
2024-11-14,86.912437,215.992844,0.0042567322529826175,False,False,0.00040908577909620373,2.6738949865115478,194077.2531370823,194079.9270320688,1,0.9999862227123258
2024-11-15,86.949684,209.035202,0.004238920466311503,False,False,0.0004091483757138305,2.6743041348872616,194160.42645147917,194163.10075561405,1,0.9999862265068673
2024-11-18,87.14537,211.737091,0.004013637900936556,False,False,0.00040921098190973334,2.674713345869171,194597.39730016657,194600.07201351243,1,0.9999862553321889
2024-11-19,87.331711,212.142899,0.004063769047507345,False,False,0.00040927359768537795,2.6751226194668565,195013.50057232333,195016.1756949428,1,0.9999862825603573
2024-11-20,87.201279,210.519775,0.0040493868418505505,False,False,0.0004093362230422301,2.6755319556898987,194722.24324305094,194724.91877500663,1,0.999986259940574
2024-11-21,87.154701,213.855057,0.003997618761198394,False,False,0.00040939885798175595,2.6759413545478803,194618.23361441033,194620.90955576487,1,0.9999862504940469
2024-11-22,87.210602,213.944153,0.0039907155585585646,False,False,0.0004094615025054217,2.6763508160503857,194743.0616931307,194745.73804394674,1,0.9999862572046869
2024-11-25,88.151642,216.032394,0.004688732295337137,False,False,0.00040952415661469396,2.6767603402070006,196844.42330024016,196847.10006058036,1,0.9999864018299514
2024-11-26,87.965286,213.231552,0.004714492946883177,False,False,0.0004095868203110395,2.6771699270273115,196428.28653277602,196430.96370270304,1,0.9999863709372669
2024-11-27,88.319351,210.371307,0.00478365683641495,False,False,0.00040964949359592514,2.6775795765209076,197218.92093452427,197221.5985141008,1,0.9999864234972402
2024-11-29,88.69207,213.182068,0.0048587816240914005,False,False,0.0004097121764708183,2.6779892886973786,198051.21010059613,198053.88808988483,1,0.9999864784816167
2024-12-02,88.68457,218.783783,0.004620394041285958,False,False,0.0004097748689371862,2.678399063566316,198034.46244687965,198037.1408459432,1,0.9999864752689717
2024-12-03,88.432236,217.546677,0.0045603315188051325,False,False,0.0004098375709964966,2.6788089011373124,197470.9954531617,197473.67426206285,1,0.9999864346024292
2024-12-04,88.768692,220.426712,0.004623625311826768,False,False,0.00040990028265021735,2.6792188014199625,198222.30859700427,198224.98781580568,1,0.9999864839502278
2024-12-05,88.759346,216.26004,0.003855831579117173,False,False,0.0004099630038998165,2.679628764423862,198201.43878745308,198204.1184162175,1,0.9999864804587016
2024-12-06,89.039719,217.566452,0.0035351450758156497,False,False,0.0004100257347467624,2.680038790158609,198827.51744284513,198830.1974816353,1,0.9999865209670156
2024-12-09,88.731323,216.517365,0.0036464207994307265,False,False,0.00041008847519252364,2.6804488786338014,198138.862854107,198141.54330298564,1,0.999986472050061
2024-12-10,88.572441,211.370926,0.0036062854098511394,False,False,0.000410151225238569,2.68085902985904,197784.07609173688,197786.75695076672,1,0.9999864457101619
2024-12-11,88.310745,216.685623,0.003337476683770115,False,False,0.00041021398488636743,2.6812692438439263,197199.70356013978,197202.38482938363,1,0.9999864034644096
2024-12-12,87.974289,215.003143,0.003480149491823948,False,False,0.0004102767541373881,2.6816795205980637,196448.39041629722,196451.07209581783,1,0.9999863493770128
2024-12-13,87.563057,221.000732,0.003674390230656163,False,False,0.00041033953299310057,2.682089860131057,195530.1009318812,195532.78302174134,1,0.9999862831704296
2024-12-16,87.59108,225.098099,0.003674383963067882,True,False,0.00041040232145497443,2.682500262452512,195592.67686522735,195595.3593654898,1,0.9999862854606001
2024-12-17,87.59108,221.914139,0.0036481192418188996,False,False,0.0004104651195244796,2.6829107275720365,195592.67686522735,195595.35977595492,1,0.9999862833620867
2024-12-18,86.914093,213.706497,0.004030530221182671,False,False,0.0004105279272030862,2.68332125549924,194080.95101902288,194083.63434027837,1,0.9999861744074167
2024-12-19,86.520256,210.118134,0.004136652764960239,False,False,0.00041059074449226467,2.6837318462437323,193201.50492612657,193204.18865797282,1,0.9999861093495701
2024-12-20,86.839058,212.943222,0.004235086619223328,False,False,0.0004106535713934854,2.6841424998151258,193913.3963261411,193916.08046864092,1,0.9999861582263145
2024-12-23,86.454613,219.386459,0.0043342369217973025,False,False,0.00041071640790821924,2.684553216223034,193054.92276173877,193057.60731495498,1,0.9999860945483913
2024-12-24,86.501503,221.646545,0.0034638501717373827,False,False,0.00041077925403793723,2.6849639954770717,193159.62909277398,193162.31405676945,1,0.9999860999594637
2024-12-26,86.567139,221.577118,0.0034723173145423613,False,False,0.00041084210978411064,2.685374837586856,193306.19562601828,193308.88100085585,1,0.9999861083731711
2024-12-27,86.342133,219.703629,0.0033001066595069613,False,False,0.00041090497514821095,2.685785742562004,192803.75261640205,192806.43840214462,1,0.9999860700412039
2024-12-30,86.848457,215.381699,0.0034560885769092044,False,False,0.00041096785013170986,2.6861967104121356,193934.38448577857,193937.070682489,1,0.9999861491322883
2024-12-31,86.689034,213.607361,0.0034525324623776717,False,False,0.0004110307347360792,2.686607741146872,193578.3896593204,193581.07626706155,1,0.9999861215373271
2025-01-02,86.735931,214.925766,0.003447304136223968,False,False,0.0003454209952903121,2.6869531621421623,193683.11162149903,193685.79857466117,1,0.9999861272577447
2025-01-03,86.595268,220.526367,0.003260933962917848,False,False,0.0003454654065611351,2.6872986275487234,193369.00825953693,193371.69555816447,1,0.9999861029370416
2025-01-06,86.51088,226.910141,0.0032507969388609792,True,False,0.0003455098235419787,2.6876441373722653,193180.5681259605,193183.25577009787,1,0.9999860875927024
2025-01-07,86.117058,223.817383,0.0031529496142111823,False,False,0.00034555424623357696,2.687989691618499,192301.1555283716,192303.84351806322,1,0.9999860221738555
2025-01-08,86.26709,221.587036,0.0032110380439924918,False,False,0.00034559867463666415,2.6883352902931357,192636.1800593563,192638.8683946466,1,0.9999860446891498
2025-01-10,85.638832,216.293671,0.003472132264929109,False,False,0.00034564310875197457,2.6886809334018875,191233.26706887834,191235.95574981175,1,0.9999859405051583
2025-01-13,85.4888,215.629547,0.0034592757552584495,False,False,0.0003456875485802427,2.6890266209504676,190898.24253789365,190900.93156451458,1,0.9999859140204351
2025-01-14,85.51693,217.047073,0.003445120740091778,False,False,0.00034573199412220296,2.6893723529445897,190961.0574044328,190963.74677678573,1,0.9999859168433887
2025-01-15,86.417122,221.259933,0.004259107012683985,False,False,0.0003457764453785901,2.689718129389968,192971.20459034102,192973.89430847042,1,0.9999860617513108
2025-01-16,86.623398,221.587036,0.00430878982581284,False,False,0.0003458209023501388,2.6900639502923185,193431.82312607605,193434.51319002634,1,0.9999860931541847
2025-01-17,86.689034,227.732864,0.004317249274008521,True,False,0.0003458653650375838,2.690409815657356,193578.3896593204,193581.08006913608,1,0.9999861018968657
2025-01-21,86.979713,230.419189,0.004042327780594482,True,False,0.00034590983344166007,2.690755725490798,194227.4818239393,194230.1725796648,1,0.9999861465616297
2025-01-22,86.754662,233.749832,0.00394845654891816,True,False,0.0003459543075631026,2.691101679798361,193724.93832840075,193727.62943008056,1,0.9999861088390555
2025-01-23,86.529633,233.313675,0.0039011681717975285,True,False,0.0003459987874026464,2.6914476785857637,193222.44395931312,193225.1354069917,1,0.9999860709235736
2025-01-24,86.707802,228.625015,0.0037969331676016454,True,False,0.00034604327296102675,2.691793721858725,193620.2989879804,193622.99078170228,1,0.9999860977577559
2025-01-27,87.270416,210.693069,0.004052066609501806,False,False,0.0003460877642389789,2.692139809622964,194876.62758105007,194879.3197208597,1,0.9999861856054635
2025-01-28,87.279793,211.634735,0.004052009454002144,False,False,0.0003461322612372382,2.692485941884201,194897.56661423662,194900.25910017852,1,0.9999861853136864
2025-01-29,87.176628,212.50708,0.004008656460874968,False,False,0.0003461767639565401,2.692832118648157,194667.1970548157,194669.88988693437,1,0.9999861671873332
2025-01-30,87.364166,216.828979,0.003829391718496875,False,False,0.0003462212723976202,2.693178339920555,195085.97325250562,195088.66643084554,1,0.9999861951061064
2025-01-31,87.223518,216.224304,0.003823089977627629,False,False,0.0003462657865612142,2.693524605707116,194771.90338585092,194774.59691045663,1,0.9999861710682582
2025-02-03,87.285606,212.328613,0.0038238293951519302,False,False,0.00034631030644805775,2.693870916013564,194910.54716237713,194913.24103329313,1,0.9999861791282023
2025-02-04,87.501953,214.509415,0.003824275725676337,False,False,0.0003463548320588868,2.694217270845623,195393.6544475226,195396.34866479345,1,0.9999862115270359
2025-02-05,88.009911,218.662796,0.003980868252116264,False,False,0.0003463993633944372,2.694563670209017,196527.93507238885,196530.62963605905,1,0.9999862893449475
2025-02-06,87.906448,218.375351,0.003806321411533901,False,False,0.0003464439004554451,2.6949101141094727,196296.90007286024,196299.59498297435,1,0.9999862714433295
2025-02-07,87.614853,214.975311,0.003923039753361656,False,False,0.00034648844324264646,2.6952566025527154,195645.76246146744,195648.45771806999,1,0.9999862239823714
2025-02-10,87.596046,217.780579,0.003445201336201345,False,False,0.0003465329917567777,2.6956031355444723,195603.76604500812,195606.46164814365,1,0.9999862192531227
2025-02-11,87.370277,217.978821,0.003486360502213212,False,False,0.000346577545998575,2.695949713090471,195099.6192407538,195102.31519046688,1,0.9999861818671375
2025-02-12,86.768234,218.216736,0.003918834071356271,False,False,0.0003466221059687748,2.6962963351964397,193755.24488256604,193757.94117890124,1,0.9999860842021814
2025-02-13,87.41729,220.893143,0.0035659646529636784,False,False,0.0003466666716681137,2.696643001868108,195204.6002333099,195207.29687631177,1,0.9999861857469212
2025-02-14,87.784157,221.12117,0.0036362387842579207,False,False,0.00034671124309732816,2.696989713111205,196023.82176344193,196026.51875315505,1,0.9999862417098958
2025-02-18,87.31382,224.7789,0.0038783529153042233,False,False,0.000346755820257155,2.697336468931462,194973.54960263788,194976.24693910682,1,0.9999861658201382
2025-02-19,87.454926,228.515961,0.003827096436014471,True,False,0.0003468004031483309,2.6976832693346102,195288.64219267952,195291.33987594885,1,0.9999861863650941
2025-02-20,87.633652,229.051254,0.003784634757249361,True,False,0.00034684499177159276,2.698030114326382,195687.74101376283,195690.43904387715,1,0.9999862127647753
2025-02-21,88.151031,222.023193,0.003892639791551267,False,False,0.00034688958612767766,2.6983770039125097,196843.05892471742,196845.75730172134,1,0.999986291921955
2025-02-24,88.339172,216.809174,0.003893821826939207,False,False,0.00034693418621732267,2.698723938098727,197263.1816337661,197265.8803577042,1,0.999986319357746
2025-02-25,89.035263,212.338547,0.004007751353296992,False,False,0.0003469787920412649,2.699070916890768,198817.56710351707,198820.26617443396,1,0.9999864245684364
2025-02-26,89.279846,216.03598,0.004020138552541461,False,False,0.0003470234036002416,2.699417940294368,199363.72595537422,199366.4253733145,1,0.9999864600173514
2025-02-27,89.176369,203.456802,0.004019444187381862,False,False,0.0003470680208949902,2.699765008315263,199132.65969355867,199135.359458567,1,0.9999864425634118
2025-02-28,89.665543,206.698273,0.004130668797388821,False,False,0.0003471126439262481,2.700112120959189,200224.99526143697,200227.69537355792,1,0.9999865147919926
2025-03-03,89.991005,199.392639,0.004102229245172979,False,False,0.0003471572726947529,2.700459278231884,200951.75857795172,200954.45903722994,1,0.9999865618345014
2025-03-04,89.70797,200.502869,0.004233145097518139,False,False,0.00034720190720124224,2.7008064801390854,200319.73562200065,200322.43642848078,1,0.999986517703517
2025-03-05,89.207985,204.824783,0.004497978157807416,False,False,0.00034724654744645384,2.701153726686532,199203.2588695452,199205.9600232719,1,0.9999864403970324
2025-03-06,89.160812,196.309814,0.00436120669707132,False,False,0.0003472911934311255,2.701501017879963,199097.92059370983,199100.6220947277,1,0.9999864314787696
2025-03-07,89.047585,202.069077,0.004363338538821863,False,False,0.00034733584515599526,2.701848353725119,198845.08238206292,198847.78423041664,1,0.9999864124794542
2025-03-10,89.67025,192.721451,0.004476155839846651,False,False,0.000347380502621801,2.702195734227741,200235.5060889094,200238.20828464362,1,0.9999865050943205
2025-03-11,89.349495,190.441528,0.0045924586323351614,False,False,0.00034742516582928097,2.7025431593935703,199519.25359986708,199521.95614302647,1,0.999986454908464
2025-03-12,89.085342,194.366943,0.004608773306063796,False,False,0.0003474698347791733,2.7028906292283494,198929.39453691247,198932.0974275417,1,0.9999864129988866
2025-03-13,89.44384,193.395508,0.004259171872556672,False,False,0.00034751450947221636,2.7032381437378215,199729.92791851744,199732.63115666117,1,0.9999864657160521
2025-03-14,89.132507,199.362885,0.004158240417728099,False,False,0.00034755918990914846,2.7035857029277306,199034.71494858395,199037.41853428687,1,0.9999864166963035
2025-03-17,89.207985,202.653915,0.004088755070787262,False,False,0.0003476038760907082,2.703933306803821,199203.2588695452,199205.962802852,1,0.9999864264439239
2025-03-18,89.311745,199.965134,0.003821552974899263,False,False,0.0003476485680176341,2.7042809553718388,199434.957076161,199437.66135711636,1,0.9999864404699846
2025-03-19,89.58535,201.59288,0.0038447406116103077,False,False,0.000347693265690665,2.7046286486375295,200045.92264883927,200048.62727748792,1,0.9999864801439258
2025-03-20,89.717407,199.985001,0.0038403167500932495,False,False,0.0003477379691105395,2.70497638660664,200340.80863641688,200343.51361280348,1,0.9999864983081418
2025-03-21,89.641945,197.890747,0.00369791403321743,False,False,0.0003477826782779965,2.7053241692849177,200172.30044378358,200175.00576795285,1,0.999986485204989
2025-03-24,89.12307,203.766525,0.0039678495512075205,False,False,0.0003478273931937751,2.7056719966781113,199013.64193416768,199016.34760616435,1,0.9999864047751393
2025-03-25,89.27401,202.664841,0.00358311393889755,False,False,0.0003478721138586143,2.70601986879197,199350.6940477623,199353.4000676311,1,0.9999864260159703
2025-03-26,89.066475,196.987549,0.0035681262509548958,False,False,0.0003479168402732533,2.706367785632243,198887.26413922338,198889.970507009,1,0.9999863926382073
2025-03-27,88.990997,193.10675,0.0035640205811472802,False,False,0.0003479615724384312,2.706715747204681,198718.7202182621,198721.4269340093,1,0.999986379346259
2025-03-28,89.70797,187.270676,0.0038114299143047147,False,False,0.0003480063103548876,2.707063753515036,200319.73562200065,200322.44268575415,1,0.9999864864679303
2025-03-31,89.972145,186.764481,0.0037804290154400343,False,False,0.0003480510540233618,2.7074118045690594,200909.6438114061,200912.35122321066,1,0.9999865244133171
2025-04-01,90.288231,186.863739,0.0037825136699617505,False,False,0.00034809580344459333,2.707759900372504,201615.47032775483,201618.1780876552,1,0.9999865698622711
2025-04-02,90.203056,188.064697,0.0035349383491133203,False,False,0.00034814055861932195,2.708108040931123,201425.27280704846,201427.9809150894,1,0.999986555452581
2025-04-03,91.130539,169.087524,0.004129895243664542,False,False,0.0003481853195482873,2.7084562262506715,203496.36135530006,203499.0698115263,1,0.9999866905719581
2025-04-04,91.386093,156.452606,0.004107549558460407,False,False,0.0003482300862322292,2.7088044563369036,204067.01867501362,204069.72747946996,1,0.9999867260838253
2025-04-07,90.297699,160.06543,0.004848938370129513,False,False,0.0003482748586718876,2.7091527311955756,201636.61256580646,201639.32171853766,1,0.9999865643630017
2025-04-08,89.84343,153.703293,0.0049216969882897145,False,False,0.0003483196368680026,2.7095010508324435,200622.22057832454,200624.93007937536,1,0.9999864946941053
2025-04-09,89.559479,182.248459,0.0049289902625187345,False,False,0.00034836442082131414,2.709849415253265,199988.15217559953,199990.8620250148,1,0.999986450133832
2025-04-10,89.001114,167.350586,0.0050511383603383765,False,False,0.0003484092105325626,2.710197824463797,198741.31168661534,198744.0218844398,1,0.9999863633743609
2025-04-11,88.499527,170.973328,0.0051464903033421215,False,False,0.0003484540060024882,2.7105462784697996,197621.25763532612,197623.9681816046,1,0.999986284324197
2025-04-14,89.20932,172.104782,0.0054718280779643734,False,False,0.0003484988072318314,2.7108947772770313,199206.23995190678,199208.95084668405,1,0.9999863917019505
2025-04-15,89.474319,172.809509,0.005506734675787755,False,False,0.00034854361422133264,2.7112433208912528,199797.98815020054,199800.69939352144,1,0.9999864302611096
2025-04-16,89.862358,166.139709,0.005549860997563601,False,False,0.0003485884269717325,2.7115919093182246,200664.48719026384,200667.19878217316,1,0.999986487119341
2025-04-17,89.606819,165.305984,0.005579843806156753,False,False,0.0003486332454837717,2.7119405425637084,200093.86336585772,200096.57530640028,1,0.9999864468417893
2025-04-21,89.124146,162.417709,0.005705125439218677,False,False,0.0003486780697581911,2.712289220633467,199016.04466422086,199018.75695344148,1,0.9999863716904771
2025-04-22,89.190399,165.573975,0.005557938247436868,False,False,0.00034872289979573145,2.7126379435332626,199163.98897111093,199166.70160905446,1,0.9999863800629241
2025-04-23,89.285027,171.777283,0.0055498298122774545,False,False,0.00034876773559713376,2.7129867112688597,199375.29523456152,199378.0082212728,1,0.9999863927484507
2025-04-24,89.767715,181.662872,0.0056465621402488645,False,False,0.0003488125771631391,2.713335523846023,200453.1474315058,200455.86076702963,1,0.9999864641746394
2025-04-25,90.108414,183.42955,0.005687986849388732,False,False,0.00034885742449448866,2.713684381270517,201213.9352813109,201216.64896569218,1,0.9999865136190508
2025-04-28,90.468048,183.102066,0.0054792022560628244,False,False,0.0003489022775919236,2.714033283548109,202017.00537419878,202019.71940748233,1,0.9999865655031522
2025-04-29,90.780365,181.146774,0.00549258977173412,False,False,0.00034894713645618544,2.7143822306845653,202714.41563629988,202717.13001853056,1,0.9999866100006919
2025-04-30,90.92234,182.466827,0.005452643493893899,False,False,0.00034899200108801554,2.7147312226856535,203031.44872115212,203034.1634523748,1,0.9999866291900017
2025-05-01,90.526382,182.218674,0.0055481687091109315,False,False,0.00034903687148815545,2.7150802595571415,202147.26639178477,202149.98147204434,1,0.9999865689809131
2025-05-02,89.918686,188.61058,0.0052176933007101,False,False,0.0003490817476573468,2.715429341304799,200790.2687687358,200792.98419807712,1,0.9999864764730095
2025-05-05,89.757271,187.161484,0.005157710923492667,False,False,0.0003491266295963313,2.7157784679343955,200429.82576545054,200432.5415439185,1,0.9999864504114601
2025-05-06,89.985184,185.374939,0.004494952206976215,False,False,0.00034917151730585083,2.7161276394517015,200938.76016564728,200941.47629328675,1,0.9999864829915179
2025-05-07,90.222557,188.620514,0.004383612765898674,False,False,0.0003492164107866474,2.716476855862488,201468.8189397317,201471.53541658755,1,0.9999865168206008
2025-05-08,89.519905,190.307846,0.004685307446464084,False,False,0.00034926131003946276,2.7168261171725274,199899.78262250958,199902.49944862674,1,0.9999864092438832
2025-05-09,89.586365,192.491379,0.004450836777534319,False,False,0.00034930621506503926,2.7171754233875927,200048.18916464224,200050.90634006565,1,0.9999864175800395
2025-05-12,89.016655,206.317337,0.004504956543151446,False,False,0.00034935112586411906,2.717524774513457,198776.0150581363,198778.73258291083,1,0.9999863288957566
2025-05-13,88.950195,212.163345,0.004127041383449522,True,False,0.0003493960424374445,2.7178741705558944,198627.60851600367,198630.32639017422,1,0.9999863169223958
2025-05-14,88.617882,213.185638,0.004133473417388105,True,False,0.00034944096478575786,2.7182236115206804,197885.54677607404,197888.26499968558,1,0.9999862638463602
2025-05-15,89.197083,211.815964,0.0042932295630448165,True,False,0.0003494858929098017,2.71857309741359,199178.91448010303,199181.63305320044,1,0.9999863512862319
2025-05-16,89.225571,211.53804,0.004255330390860432,True,False,0.00034953082681031875,2.7189226282404007,199242.52876797956,199245.2476906078,1,0.9999863538896925
2025-05-19,89.178085,210.267609,0.004078511137338102,False,False,0.0003495757664880515,2.719272204006889,199136.49155672902,199139.21082893302,1,0.9999863448680313
2025-05-20,89.064163,209.959915,0.004084957091770454,False,False,0.0003496207119437428,2.7196218247188324,198882.10139583773,198884.82101766244,1,0.999986325644105
2025-05-21,88.446968,206.118835,0.004352472632192568,False,False,0.0003496656631781356,2.7199714903820107,197503.89231110178,197506.61228259216,1,0.9999862284535239
2025-05-22,88.779305,204.213181,0.004250389928392908,False,False,0.0003497106201919728,2.7203212010022026,198246.00764352328,198248.72796472427,1,0.9999862782413339
2025-05-23,89.03566,201.046982,0.004206333801926931,False,False,0.0003497555829859975,2.7206709565851885,198818.45361265377,198821.17428361037,1,0.999986315989902
2025-05-27,89.405983,207.726715,0.004216089896122936,False,False,0.0003498005515609528,2.7210207571367495,199645.39246161835,199648.11348237548,1,0.9999863709167611
2025-05-28,89.159096,206.684586,0.0041309999688006055,False,False,0.0003498455259175821,2.721370602662667,199094.0887305395,199096.81010114215,1,0.9999863314203714
2025-05-29,89.529411,207.528214,0.00425066693071597,False,False,0.0003498905060566286,2.721720493168724,199921.00971534004,199923.7314358332,1,0.9999863862060115
2025-05-30,89.795273,203.409241,0.004240586338918943,False,False,0.00034993549197883593,2.722070428660703,200514.6850103215,200517.40708075016,1,0.9999864247674639
2025-06-02,89.490425,206.47612,0.004039373138208595,False,False,0.0003499804836849475,2.7224204091443878,199833.9531783015,199836.67559871066,1,0.9999863767729272
2025-06-03,89.404686,212.024399,0.004026685656228137,True,False,0.00035002548117570704,2.7227704346255637,199642.4962340356,199645.21900447024,1,0.9999863619552314
2025-06-04,90.062012,215.180649,0.004328835459075588,True,False,0.0003500704844518582,2.7231205051100154,201110.31866427753,201113.04178478263,1,0.9999864597517847
2025-06-05,89.795273,214.277435,0.004333497222536279,True,False,0.0003501154935141448,2.7234706206035293,200514.6850103215,200517.4084809421,1,0.999986417784664
2025-06-06,89.080811,215.716599,0.0043492801747135835,True,False,0.0003501605083633109,2.7238207811118924,198919.27672104724,198922.00054182834,1,0.9999863070913539
2025-06-09,89.242737,220.79837,0.004368706682284927,True,False,0.0003502055290001005,2.7241709866408925,199280.86079780574,199283.5849687924,1,0.9999863301787396
2025-06-10,89.395172,225.62207,0.00413379740341262,True,False,0.00035025055542525763,2.724521237196318,199621.2512770412,199623.9757982784,1,0.9999863517334213
2025-06-11,89.766708,224.867722,0.004218048333961846,True,False,0.0003502955876395266,2.724871532783957,200450.8987798668,200453.6236513996,1,0.9999864064740605
2025-06-12,90.157272,225.17543,0.004181602475475456,True,False,0.00035034062564365167,2.725221873409601,201323.03619668132,201325.76141855473,1,0.9999864636206802
2025-06-13,89.823853,219.309555,0.004077504630721835,True,False,0.0003503856694383773,2.725572259079039,200578.50473608362,200581.2303083427,1,0.9999864116285712
2025-06-16,89.566628,226.235703,0.004140561609618971,True,False,0.00035043071902444794,2.7259226897980637,200004.11603912202,200006.84196181182,1,0.9999863708528015
2025-06-17,90.004852,224.445221,0.004265832146348375,True,False,0.0003504757744026082,2.7262731655724664,200982.67921275328,200985.40548591886,1,0.9999864354669983
2025-06-18,90.062012,225.360352,0.004246172849776133,True,False,0.0003505208355736028,2.7266236864080398,201110.31866427753,201113.04528796393,1,0.9999864423330544
2025-06-20,90.119171,223.918045,0.0038612911193415802,True,False,0.0003505659025381765,2.726974252310578,201237.95588278127,201240.6828570336,1,0.9999864491900265
2025-06-23,90.433525,225.310608,0.0038514539666077915,True,False,0.00035061097529707434,2.727324863285875,201939.91480763175,201942.64213249504,1,0.9999864945568975
2025-06-24,90.747917,233.855148,0.003869376369677527,True,False,0.00035065605385104106,2.727675519339726,202641.95858726106,202644.6862627804,1,0.9999865396148814
2025-06-25,90.786018,235.953964,0.003796318092641054,True,False,0.0003507011382008219,2.728026220477927,202727.03890116108,202729.76692738157,1,0.9999865435339771
2025-06-26,91.109909,237.804138,0.003749896838554689,True,False,0.000350746228347162,2.728376966706274,203450.2941424774,203453.0225194441,1,0.9999865896464308
2025-06-27,90.871735,237.595215,0.0037640618268861776,True,False,0.0003507913242908067,2.7287277580305647,202918.44671897605,202921.17544673407,1,0.9999865527698033
2025-06-30,91.233749,237.436081,0.0038020446672770766,True,False,0.00035083642603250115,2.729078594456597,203726.83140064328,203729.56047923773,1,0.9999866044054283
2025-07-01,91.06459,236.361801,0.003727283934412245,True,False,0.00035088153357299106,2.72942947599017,203349.09588664063,203351.82531611662,1,0.9999865777970188
2025-07-02,90.873459,240.857849,0.003765374739440614,True,False,0.0003509266469130219,2.729780402637083,202922.29644631033,202925.02622671297,1,0.9999865478376255
2025-07-03,90.558105,242.051498,0.0035509374752393697,True,False,0.00035097176605333925,2.7301313744031366,202218.1045009643,202220.83463233872,1,0.9999864992577082
2025-07-07,90.271393,237.515656,0.003561063823669672,True,False,0.000351016890994689,2.730482391294131,201577.87072865118,201580.60121104246,1,0.9999864546371283
2025-07-08,90.137627,242.051498,0.003024206830689025,True,False,0.00035106202173781686,2.730833453315869,201279.1685090467,201281.89934250002,1,0.9999864327917103
2025-07-09,90.605873,242.827377,0.0031853587778371767,True,False,0.0003511071582834688,2.7311845604741523,202324.77142399462,202327.5026085551,1,0.9999865011700076
2025-07-10,90.558105,245.244537,0.003189506995924414,True,False,0.000351152300632391,2.7315357127747846,202218.1045009643,202220.8360366771,1,0.9999864923132239
2025-07-11,90.137627,244.866531,0.003286709650873426,True,False,0.00035119744878532946,2.73188691022357,201279.1685090467,201281.9003959569,1,0.9999864275580426
2025-07-14,90.099365,242.538925,0.0031406371796950084,True,False,0.00035124260274303044,2.732238152826313,201193.7286788469,201196.46091699973,1,0.9999864200486411
2025-07-15,89.745781,244.956055,0.0031549901137945314,True,False,0.00035128776250624026,2.732589440588819,200404.16835995694,200406.90094939753,1,0.999986364793689
2025-07-16,89.994255,244.289612,0.0031409760937565795,True,False,0.0003513329280757053,2.7329407735168947,200959.01589456218,200961.7488353357,1,0.999986400691727
2025-07-17,89.965591,245.224625,0.0029455864898017574,True,False,0.0003513780994521722,2.7332921516163466,200895.00859507846,200897.74188723008,1,0.9999863946098849
2025-07-18,90.214066,245.423553,0.0030080969932034505,True,False,0.0003514232766363874,2.733643574892983,201449.8583627042,201452.5920062791,1,0.9999864303380379
2025-07-21,90.529434,245.64241,0.0031018700209776316,True,False,0.00035146845962909777,2.733995043352612,202154.08157033712,202156.81556538047,1,0.9999864758700531
2025-07-22,90.787445,242.250443,0.003069830795934757,True,False,0.0003515136484310501,2.734346557001043,202730.2254214082,202732.9597679652,1,0.9999865125702296
2025-07-23,90.462524,240.778305,0.003079051540059429,True,False,0.00035155884304299124,2.734698115844086,202004.6701689815,202007.40486709736,1,0.9999864623867741
2025-07-24,90.32872,240.28093,0.0030895958908574808,True,False,0.00035160404346566823,2.735049719887552,201705.8830945982,201708.61814431808,1,0.9999864405906647
2025-07-25,90.538986,240.261032,0.0030208839675143298,True,False,0.0003516492496998281,2.735401369137252,202175.41138211035,202178.1467834795,1,0.9999864703410697
2025-07-28,90.33828,244.448761,0.0030061774237001675,True,False,0.00035169446174621814,2.735753063598998,201727.2307705354,201729.966523599,1,0.9999864385390492
2025-07-29,90.930794,244.886414,0.0032429300899542318,True,False,0.00035173967960558546,2.7361048032786037,203050.3266764213,203053.06278122458,1,0.9999865251734409
2025-07-30,90.61544,246.6371,0.0033068611084502678,True,False,0.0003517849032786776,2.7364565881818823,202346.13473107532,202348.8711876635,1,0.9999864765413709
2025-07-31,90.691887,238.759048,0.0032854569395482196,True,False,0.00035183013276624204,2.7368084183146486,202516.84244889673,202519.57925731505,1,0.9999864862033174
2025-08-01,91.735992,235.983826,0.004077452855488731,True,False,0.00035187536806902624,2.7371602936827175,204848.35031337754,204851.0874736712,1,0.9999866382925888
2025-08-04,91.860649,239.12706,0.00397886906505242,True,False,0.000351920609187778,2.7375122142919053,205126.7119492883,205129.44946150258,1,0.9999866547089096
2025-08-05,91.79351,237.465912,0.0039589461834907535,True,False,0.000351965856123245,2.7378641801480286,204976.7891862392,204979.52705041936,1,0.9999866432310605
2025-08-06,91.726395,235.67543,0.003842258107284457,True,False,0.0003520111088761751,2.738216191256905,204826.920015682,204829.65823187327,1,0.999986631739686
2025-08-07,91.659286,239.564758,0.0038457282131854832,True,False,0.0003520563674473164,2.7385682476243525,204677.06424324776,204679.80281149538,1,0.9999866202321382
2025-08-08,91.448357,241.583984,0.003710117120281837,True,False,0.00035210163183741676,2.73892034925619,204206.05546314703,204208.79438349628,1,0.9999865876474247
2025-08-11,91.477142,241.126434,0.0037017675192410854,True,False,0.00035214690204722447,2.7392724961582373,204270.33295811075,204273.07223060692,1,0.999986590143937
2025-08-12,91.457962,248.835403,0.0035437060331292474,True,False,0.0003521921780774877,2.7396246883363147,204227.50362500656,204230.2432496949,1,0.9999865856072796
2025-08-13,91.783943,252.535706,0.003569487377967945,True,False,0.00035223745992895477,2.7399769257962436,204955.4258791585,204958.1658560843,1,0.9999866315308085
2025-08-14,91.486725,252.794342,0.003683777968850172,True,False,0.0003522827476023742,2.740329208543846,204291.73199351938,204294.47232272793,1,0.9999865863761394
2025-08-15,91.304558,247.005157,0.003706590210539092,True,False,0.0003523280410984945,2.740681536584945,203884.94934891094,203887.69003044753,1,0.9999865578861766
2025-08-18,91.218254,247.731293,0.0036570010913589586,True,False,0.00035237334041806435,2.741033909925363,203692.2307480651,203694.97178197504,1,0.999986543438525
2025-08-19,91.448357,243.851929,0.0036461185404498475,True,False,0.00035241864556183236,2.7413863285709246,204206.05546314703,204208.7968494756,1,0.9999865755718125
2025-08-20,91.582596,242.449402,0.003531405118463007,True,False,0.00035246395653054744,2.741738792527455,204505.8139014459,204508.55564023842,1,0.9999865935252247
2025-08-21,91.314133,241.076691,0.0035913489855031824,True,False,0.0003525092733249585,2.7420913018007798,203906.3305201556,203909.0726114574,1,0.9999865523820658
2025-08-22,91.822281,247.771057,0.0037446779035025524,True,False,0.00035255459594581455,2.7424438563967257,205041.03541891597,205043.77786277237,1,0.999986625081312
2025-08-25,91.640121,247.194153,0.003735439680318021,True,False,0.0003525999243938647,2.74279645632112,204634.268405451,204637.01120190733,1,0.9999865967723033
2025-08-26,91.879814,249.521744,0.003509746513979748,True,False,0.0003526452586698583,2.7431491015797898,205169.50778708505,205172.25093618664,1,0.9999866300189764
2025-08-27,92.052391,250.00914,0.003391268252053421,True,False,0.0003526905987745444,2.7435017921785643,205554.8757651414,205557.61926693356,1,0.9999866533685204
2025-08-28,92.263344,251.212753,0.003407906657077808,True,False,0.0003527359447086725,2.743854528123273,206025.93813773402,206028.68199226214,1,0.9999866821721054
2025-08-29,92.186638,244.021027,0.0023382216437258145,True,False,0.00035278129647299224,2.744207309419746,205854.6520676042,205857.39627491363,1,0.9999866693771559
2025-09-02,91.911522,241.544205,0.00242956139769047,True,False,0.00035282665406825305,2.7445601360738143,205240.3124009572,205243.05696109327,1,0.9999866277564916
2025-09-03,92.228958,240.400284,0.0025381361180540703,True,False,0.00035287201749520467,2.7449130080913093,205949.15349497486,205951.89840798295,1,0.9999866720674618
2025-09-04,92.642578,242.877106,0.002695702006956089,True,False,0.00035291738675459694,2.745265925478064,206872.7754323342,206875.52069825967,1,0.999986729865785
2025-09-05,93.094688,245.741852,0.0028478984387222068,True,False,0.0003529627618471796,2.745618888239911,207882.3463285663,207885.09194745452,1,0.9999867926128684
2025-09-08,93.383247,247.532333,0.00279589774068798,True,False,0.00035300814277370283,2.7459718963826845,208526.70448973466,208529.45046163106,1,0.9999868317310082
2025-09-09,93.162025,247.741211,0.0028956785719477253,True,False,0.0003530535295349166,2.7463249499122195,208032.7112296735,208035.4575546234,1,0.9999867987650655
2025-09-10,93.412125,252.107956,0.002908826986613955,True,False,0.00035309892213157107,2.746678048834351,208591.18965560448,208593.9363336533,1,0.9999868324166219
2025-09-11,93.556404,253.838776,0.0028519937397777895,True,False,0.00035314432056441654,2.7470311931549154,208913.3676196784,208916.11465087158,1,0.9999868510325411
2025-09-12,93.287071,254.286392,0.0028250646111151133,True,False,0.0003531897248342034,2.7473843828797495,208311.941510557,208314.68889493987,1,0.9999868113746685
2025-09-15,93.440971,256.434967,0.002739800991031254,True,False,0.0003532351349416821,2.7477376180146913,208655.6033648184,208658.35110243643,1,0.9999868314035671
2025-09-16,93.498703,257.751678,0.002698662460980264,True,False,0.0003532805508876032,2.7480908985655788,208784.5201040661,208787.26819496465,1,0.999986837842545
2025-09-17,93.296692,257.701843,0.002783119218092232,True,False,0.00035332597267271725,2.7484442245382517,208333.42540074443,208336.17384496896,1,0.9999868076475927
2025-09-18,92.988876,266.712952,0.0029410787641917712,True,False,0.00035337140029777524,2.7487975959385493,207646.06596389375,207648.8147614897,1,0.9999867622764951
2025-09-19,92.950394,265.008392,0.0028260188844636265,True,False,0.0003534168337635278,2.749151012772313,207560.13486918493,207562.8840201977,1,0.9999867550933985
2025-09-22,92.796478,268.965668,0.0026546324853563333,True,False,0.00035346227307072594,2.7495044750453834,207216.43728659555,207219.1867910706,1,0.9999867314194326
2025-09-23,93.056198,268.646698,0.0026315324660011533,True,False,0.0003535077182201207,2.7498579827636034,207796.3973696935,207799.14722767627,1,0.999986766750396
2025-09-24,92.806107,268.238007,0.002702037886119607,True,False,0.00035355316921246326,2.7502115359328156,207237.93904094698,207240.6892524829,1,0.9999867293843413
2025-09-25,92.604088,267.380768,0.0027452581450125996,True,False,0.00035359862604850486,2.750565134558864,206786.8264734614,206789.57703859598,1,0.9999866987245007
2025-09-26,92.556015,267.968842,0.00270969091179073,True,False,0.00035364408872899677,2.750918778647593,206679.47847918,206682.22939795864,1,0.9999866901049661
2025-09-29,92.825348,268.068542,0.0027661049736302356,True,False,0.00035368955725469055,2.751272468204848,207280.9045883014,207283.65586076962,1,0.9999867270168659
2025-09-30,92.786865,270.251526,0.0026606863342713153,True,False,0.0003537350316263376,2.751626203236474,207194.9712605721,207197.72288677536,1,0.9999867198048081
2025-10-01,93.09948,275.454803,0.002655792309232103,True,False,0.00035378051184468956,2.7519799837483188,207893.04696278085,207895.7989427646,1,0.9999867626955534
2025-10-02,93.195961,280.787689,0.002488931738874197,True,False,0.0003538259979104981,2.7523338097462293,208108.49101320966,208111.2433470194,1,0.9999867746991202
2025-10-03,93.01265,279.063232,0.0022896988553375596,True,False,0.0003538714898245152,2.7526876812360537,207699.15379315434,207701.90648083558,1,0.9999867469310808
2025-10-06,92.742485,287.43631,0.002249719235909674,True,False,0.0003539169875874926,2.7530415982236414,207095.86981098066,207098.62285257888,1,0.9999867066156196
2025-10-07,92.974037,281.006989,0.0022817652468431655,True,False,0.00035396249120018245,2.7533955607148415,207612.93017276062,207615.68356832134,1,0.9999867380175071
2025-10-08,92.993347,290.606171,0.002188157919238763,True,False,0.0003540080006633368,2.753749568715505,207656.04979852922,207658.80354809793,1,0.9999867390665762
2025-10-09,92.925804,289.260468,0.0021501664728542165,True,False,0.0003540535159777078,2.7541036222314825,207505.22489519994,207507.97899882216,1,0.9999867277218182
2025-10-10,93.504723,271.118744,0.0025143407517348357,True,False,0.00035409903714404774,2.7544577212686265,208797.96288744913,208800.71734517041,1,0.9999868081979971
2025-10-13,93.552979,283.957489,0.0024906677070377554,True,False,0.0003541445641631091,2.7548118658327896,208905.71952448122,208908.47433634705,1,0.9999868133072409
2025-10-14,93.794182,278.1362,0.0025514478987966127,True,False,0.0003541900970356444,2.755166055929825,209444.3307670635,209447.08593311944,1,0.9999868455269089
2025-10-15,93.688042,286.718628,0.002512216169790287,True,False,0.0003542356357624061,2.7555202915655874,209207.3179716684,209210.07349195998,1,0.9999868289311046
2025-10-16,94.122231,288.054352,0.002553724159127113,True,False,0.00035428118034414697,2.7558745727459315,210176.8709076002,210179.62678217297,1,0.9999868880033
2025-10-17,93.967857,287.246948,0.0025939562949003785,True,False,0.00035432673078161976,2.7562288994767132,209832.15060162393,209834.9068305234,1,0.9999868647741165
2025-10-20,94.093285,292.031555,0.0025461276829902265,True,False,0.00035437228707557744,2.756583271763789,210112.2338963367,210114.99047960844,1,0.9999868805968319
2025-10-21,94.266945,290.39682,0.002513496767311291,True,False,0.0003544178492267728,2.7569376896130158,210500.0202355897,210502.77717327932,1,0.9999869030816285
2025-10-22,94.28627,283.219879,0.002391566446018164,True,False,0.00035446341723595917,2.7572921530302517,210543.17335666573,210545.93064881876,1,0.9999869040824274
2025-10-23,93.977524,290.127625,0.002474742124142276,True,False,0.0003545089911038895,2.7576466620213553,209853.7372107542,209856.4948574162,1,0.9999868593694758
2025-10-24,94.064346,294.912323,0.002457187857547932,True,False,0.0003545545708313171,2.7580012165921866,210047.6125162167,210050.3705174333,1,0.9999868698102755
2025-10-27,94.064346,303.105957,0.0024121339339775957,True,False,0.00035460015641899543,2.7583558167486055,210047.6125162167,210050.37087203344,1,0.9999868681221304
2025-10-28,94.151184,303.474792,0.002399190512066728,True,False,0.00035464574786767784,2.7587104624964733,210241.52355000717,210244.28226046966,1,0.9999868785470272
2025-10-29,93.543312,308.608307,0.002805355048804312,True,False,0.000354691345178118,2.7590651538416515,208884.132915351,208886.89198050482,1,0.9999867915831019
2025-10-30,93.408234,304.431702,0.0028230052833414375,True,False,0.00035473694835106947,2.7594198907900025,208582.50097285636,208585.26039274715,1,0.9999867707819546
2025-10-31,93.446838,305.568024,0.0027804430106449355,True,False,0.00035478255738728606,2.7597746733473896,208668.70449606565,208671.464270739,1,0.9999867745468553
2025-11-03,93.402313,307.392212,0.0026874337755899195,True,False,0.0003548281722875215,2.760129501519677,208569.27925850239,208572.0393880039,1,0.9999867665411452
2025-11-04,93.518456,295.311005,0.002649314784392113,True,False,0.0003548737930525299,2.7604843753127293,208828.6289579142,208831.3894422895,1,0.999986781276595
2025-11-05,93.073219,304.491516,0.002881501889175781,True,False,0.0003549194196830652,2.7608392947324125,207834.40561154785,207837.16645084257,1,0.9999867163349949
2025-11-06,93.547478,296.547028,0.0030854234958075286,True,False,0.0003549650521798816,2.761194259784592,208893.43567873535,208896.19687299512,1,0.9999867819792744
2025-11-07,93.586212,293.437042,0.0027593093885205085,True,False,0.0003550106905437333,2.761549270475136,208979.92949460904,208982.69104387952,1,0.9999867857512185
2025-11-10,93.460381,301.032623,0.0027738907072988738,True,False,0.00035505633477537466,2.7619043268099115,208698.94629263654,208701.70819696336,1,0.9999867662591232
2025-11-11,93.750755,294.20459,0.0028024989522090656,True,False,0.00035510198487556004,2.762259428794787,209347.35738600433,209350.11964543312,1,0.9999868055512293
2025-11-12,93.770111,298.710083,0.002790576109196804,True,False,0.000355147640845044,2.7626145764356322,209390.57973071572,209393.34234529216,1,0.9999868065787312
2025-11-13,93.4991,288.453033,0.002643659754353585,True,False,0.0003551933026845813,2.7629697697383166,208785.4066132028,208788.16958297254,1,0.99998676663637
2025-11-14,93.344246,287.595795,0.002644081627125766,True,False,0.00035523897039492643,2.7633250087087116,208439.61445738867,208442.37778239738,1,0.9999867429788601
2025-11-17,93.450691,282.651672,0.002637987591249773,True,False,0.00035528464397683435,2.7636802933526883,208677.3083240349,208680.07200432825,1,0.9999867563765586
2025-11-18,93.60556,276.092773,0.0026301069482751694,True,False,0.00035533032343105993,2.7640356236761194,209023.13397515647,209025.89801078013,1,0.999986776587734
2025-11-19,93.537827,280.707947,0.0026279532557500363,True,False,0.0003553760087583582,2.7643909996848777,208871.88479793302,208874.6491889327,1,0.9999867653111069
2025-11-20,93.760429,267.241211,0.002605833913469968,True,False,0.0003554216999594843,2.764746421384837,209368.95962627803,209371.72437269942,1,0.9999867950343836
2025-11-21,94.070152,269.962463,0.0027077637508558694,True,False,0.0003554673970351933,2.765101888781872,210060.5774332137,210063.34253510248,1,0.9999868368185738
2025-11-24,94.21534,281.794464,0.00272954288507387,True,False,0.0003555130999862407,2.7654574018818585,210384.7852129181,210387.55067032,1,0.9999868554132928
2025-11-25,94.457321,282.6716,0.0027804544707713064,True,False,0.00035555880881338184,2.765812960690672,210925.13374544587,210927.89955840656,1,0.9999868874010196
2025-11-26,94.534752,290.456635,0.0023007232092821625,True,False,0.00035560452351737206,2.766168565214189,211098.03875543494,211100.80492400017,1,0.9999868964565709
2025-11-28,94.370186,295.78949,0.0023150499092857275,True,False,0.00035565024409896717,2.766524215458288,210730.5595045683,210733.32602878375,1,0.9999868719188009
2025-12-01,93.863464,295.968903,0.0026646362215342052,True,False,0.0003556959705589228,2.766879911428847,209599.0388930345,209601.80577294593,1,0.9999867993507918
2025-12-02,93.941124,301.869934,0.0026625807886357707,True,False,0.0003557417028979946,2.767235653131745,209772.45526471705,209775.22250037018,1,0.9999868085676652
2025-12-03,94.135284,308.369049,0.0026843547408627023,True,False,0.00035578744111693864,2.767591440572862,210206.0185241283,210208.7861155689,1,0.9999868340829529
2025-12-04,93.844063,305.29895,0.0025391065240650034,True,False,0.0003558331852165108,2.767947273758079,209555.71606240084,209558.4840096746,1,0.9999867915284516
2025-12-05,93.649895,308.408936,0.0023428808748081507,True,False,0.0003558789351974673,2.768303152693276,209122.1349388256,209124.9032419783,1,0.9999867624414416
2025-12-08,93.455742,311.758179,0.0023884690471371157,True,False,0.0003559246910605641,2.7686590773843367,208688.5873105578,208691.3559696352,1,0.9999867332354783
2025-12-09,93.319824,311.180023,0.0023916846451584443,True,False,0.0003559704528065576,2.769015047837143,208385.07963084694,208387.8486458948,1,0.9999867122048343
2025-12-10,93.620781,315.316711,0.0024000454699883095,True,False,0.00035601622043620414,2.7693710640575793,209057.12278011887,209059.89215118292,1,0.9999867532168147
2025-12-11,93.630478,313.512482,0.0023995334596278606,True,False,0.00035606199395026017,2.7697271260515297,209078.77637986396,209081.54610699002,1,0.9999867528857633
2025-12-12,93.378067,298.520721,0.002387846813856913,True,False,0.00035610777334948236,2.770083233824879,208515.13744356786,208517.9075268017,1,0.9999867153700769
2025-12-15,93.455742,297.05542,0.0023652180531185873,True,False,0.00035615355863462733,2.770439387383514,208688.5873105578,208691.3577499452,1,0.9999867247047637
2025-12-16,93.717857,295.683807,0.002433321610545495,True,False,0.0003561993498064518,2.7707955867333203,209273.8954777425,209276.66627332923,1,0.9999867601312843
2025-12-17,93.698433,284.732941,0.0024078759405409098,True,False,0.0003562451468657126,2.7711518318801858,209230.5212876374,209233.29243946928,1,0.9999867556840522
2025-12-18,93.941124,291.531067,0.0024650247272460886,True,False,0.00035629094981316675,2.771508122829999,209772.45526471705,209775.22677283987,1,0.9999867882010404
2025-12-19,93.729782,299.287506,0.0024686817321629578,True,False,0.0003563367586495713,2.7718644595886484,209300.52424715165,209303.29611161124,1,0.9999867567089908
2025-12-22,93.632401,303.310486,0.002349863994138998,True,False,0.0003563825733756834,2.772220842162024,209083.07047827687,209085.84269911904,1,0.9999867412312264
2025-12-23,93.593437,304.428528,0.002312493890497486,True,False,0.00035642839399226025,2.7725772705560163,208996.0630676892,208998.83564495973,1,0.9999867340061394
2025-12-24,93.836922,305.606506,0.0023146832426894242,True,False,0.00035647422050005925,2.7729337447765166,209539.7700630423,209542.54299678706,1,0.9999867667266746
2025-12-26,93.924576,305.506653,0.0023178071476321715,True,False,0.00035652005289983787,2.7732902648294164,209735.50324155707,209738.2765318219,1,0.9999867773764967
2025-12-29,94.060921,304.787903,0.002324907832717512,True,False,0.0003565658911923535,2.7736468307206086,210039.9644210195,210042.73806785024,1,0.9999867948453908
2025-12-30,93.963531,304.388641,0.0019903267364816683,True,False,0.00035661173537836395,2.774003442455987,209822.4905549603,209825.26455840276,1,0.9999867794593358
2025-12-31,93.651871,300.625153,0.002117617610234393,True,False,0.0003566575854586269,2.7743601000414455,209126.54738732477,209129.3217474248,1,0.9999867337584378
2026-01-02,93.573975,313.143311,0.0020560351040947453,True,False,0.00032147347190956434,2.774681573513355,208952.6040228053,208955.3787043788,1,0.9999867211765943
2026-01-05,93.856392,317.505707,0.0020722114427171342,True,False,0.0003215107220102777,2.7750030842353657,209583.24697209016,209586.0219751744,1,0.9999867595984785
2026-01-06,93.788216,327.777771,0.0020224694793984158,True,False,0.0003215479764272725,2.775324632211793,209431.0085667872,209433.7838914194,1,0.9999867484386681
2026-01-07,93.963531,324.323792,0.0019939206386843126,True,False,0.00032158523516104905,2.7756462174469543,209822.4905549603,209825.26620117776,1,0.9999867716301868
2026-01-08,93.681076,319.023041,0.00209266277309415,True,False,0.0003216224982121074,2.7759678399451664,209191.7627508966,209194.53871873653,1,0.9999867302088432
2026-01-09,93.788216,328.207031,0.001983239235354465,True,False,0.0003216597655809479,2.7762894997107472,209431.0085667872,209433.78485628692,1,0.9999867438317003
2026-01-12,93.671356,329.774292,0.0020055889738630037,True,False,0.0003216970372680707,2.776611196748015,209170.05779168007,209172.83440287682,1,0.9999867257562165
2026-01-13,93.788216,332.719116,0.0019158868297567296,True,False,0.0003217343132739764,2.776932931061289,209431.0085667872,209433.78549971827,1,0.9999867407594986
2026-01-14,93.982994,331.321564,0.0019565334989887183,True,False,0.00032177159359916526,2.777254702654888,209865.95183286472,209868.7290875674,1,0.9999867667054795
2026-01-15,93.788216,336.632294,0.001929638453758516,True,False,0.0003218088782441378,2.777576511533132,209431.0085667872,209433.78614329873,1,0.999986737686585
2026-01-16,93.427864,341.873169,0.0021167624025948675,True,False,0.0003218461672093947,2.7778983577003413,208626.33516518355,208629.11306354124,1,0.9999866849917689
2026-01-20,93.057785,336.762085,0.0021782377672858798,True,False,0.0003218834604954364,2.7782202411608368,207799.94117321988,207802.71939346104,1,0.9999866304914138
2026-01-21,93.301262,347.533295,0.0022398034015128922,True,False,0.0003219207581027636,2.7785421619189394,208343.630304409,208346.4088465709,1,0.9999866638346334
2026-01-22,93.291519,348.062347,0.0022317421132794276,True,False,0.00032195806003187716,2.778864119978971,208321.8739857211,208324.65284984108,1,0.9999866608964327
2026-01-23,93.44735,344.109253,0.002268643690443702,True,False,0.00032199536628327763,2.7791861153452544,208669.84780255935,208672.6269886747,1,0.9999866815971244
2026-01-26,93.583687,342.472107,0.0022114556351930034,True,False,0.000322032676857466,2.7795081480221118,208974.29111785782,208977.07062600585,1,0.9999866994587506
2026-01-27,93.476578,350.46817,0.002207427936203652,True,False,0.0003220699917549431,2.7798302180138665,208735.11452560258,208737.89435582058,1,0.9999866826757711
2026-01-28,93.398651,359.831818,0.0021742523890285236,True,False,0.0003221073109762099,2.780152325324843,208561.10193744776,208563.88208977308,1,0.9999866700202478
2026-01-29,93.49604,360.500641,0.002189514527137769,True,False,0.0003221446345217675,2.7804744699593646,208778.57357048648,208781.35404495645,1,0.9999866823621166
2026-01-30,93.437614,345.696472,0.0020700864294564397,True,False,0.0003221819623921169,2.7807966519217566,208648.10711501492,208650.88791166685,1,0.9999866724906864
2026-02-02,93.253914,352.075348,0.002106077300353322,True,False,0.00032221929458775913,2.7811188712163446,208237.90124998684,208240.68236885805,1,0.9999866446899829
2026-02-03,93.341858,345.037628,0.0019888979453454607,True,False,0.0003222566311091955,2.781441127847454,208434.28200444535,208437.0634455732,1,0.9999866557267605
2026-02-04,93.322319,329.80426,0.0019860749986047167,True,False,0.00032229397195692724,2.7817634218194107,208390.65101698326,208393.43278040507,1,0.999986651386348
2026-02-05,93.869476,330.253448,0.002371130327968343,True,False,0.00032233131713145556,2.7820857531365424,209612.46381225364,209615.24589800677,1,0.9999867276555138
2026-02-06,93.869476,347.902649,0.002266552444546847,True,False,0.00032236866663328196,2.7824081218031758,209612.46381225364,209615.24622037544,1,0.9999867261176275
2026-02-09,93.889023,352.155212,0.00225352269443851,True,False,0.0003224060204629077,2.7827305278236385,209656.11266387964,209658.89539440747,1,0.9999867273433708
2026-02-10,94.299416,350.817535,0.0024255459876706856,True,False,0.00032244337862083434,2.783052971202259,210572.5286440999,210575.3116970711,1,0.999986783574253
2026-02-11,94.035599,359.572296,0.002512730020480525,True,False,0.0003224807411075634,2.7833754519433667,209983.41987603184,209986.2032514838,1,0.9999867449603409
2026-02-12,94.612076,350.887421,0.002820347527594799,True,False,0.0003225181079235965,2.78369797005129,211270.704832231,211273.48853020102,1,0.9999868241964981
2026-02-13,94.983368,354.041931,0.002868865357702882,True,False,0.0003225554790694352,2.7840205255303596,212099.80747805568,212102.5914985812,1,0.9999868741795852
2026-02-17,94.973602,353.48291,0.002676627248380298,True,False,0.0003225928545455814,2.7843431183849052,212077.99979989638,212080.78414301475,1,0.9999868713088288
2026-02-18,94.778175,357.296265,0.0025266710693496583,True,False,0.0003226302343525367,2.7846657486192576,211641.6073035173,211644.3919692659,1,0.9999868427142212
2026-02-19,94.866127,355.219879,0.0024949985815693803,True,False,0.0003226676184908029,2.7849884162377485,211838.00592213977,211840.790910556,1,0.9999868533892634
2026-02-20,94.866127,358.803589,0.0024930449491229498,True,False,0.00032270500696088197,2.7853111212447095,211838.00592213977,211840.791233261,1,0.999986851865946
2026-02-23,95.208115,356.198151,0.0025632839602543604,True,False,0.00032274239976327586,2.7856338636444726,212601.6721353636,212604.45776922724,1,0.9999868975754653
2026-02-24,95.18856,361.409058,0.0025723362094638796,True,False,0.0003227797968984865,2.785956643441371,212558.00541957357,212560.791376217,1,0.9999868933653032
2026-02-25,95.11039,367.358704,0.0025601123425653106,True,False,0.00032281719836701605,2.786279460639738,212383.45020743832,212386.23648689897,1,0.9999868810733372
2026-02-26,95.364449,356.178162,0.002557441142799566,True,False,0.00032285460416936647,2.7866023152439072,212950.76916151107,212953.5557638263,1,0.999986914506756
2026-02-27,95.745506,351.676056,0.0026409423485458704,True,False,0.00032289201430604005,2.7869252072582134,213801.67725247462,213804.4641776819,1,0.9999869650747566
2026-03-02,95.170288,351.436462,0.003076390886507587,True,False,0.00032292942877753904,2.787248136686991,212517.20366907935,212519.99091721603,1,0.9999868847719942
2026-03-03,95.0625,334.196564,0.003040621771482356,True,False,0.00032296684758436565,2.7875711035345754,212276.5108559076,212279.29842701115,1,0.9999868683798929
2026-03-04,94.866501,340.944794,0.0031149607177504974,True,False,0.00032300427072702223,2.7878941078053026,211838.84107180507,211841.62896591288,1,0.9999868397249331
2026-03-05,94.57254,337.171387,0.003229915641705222,True,False,0.0003230416982060113,2.7882171495035086,211182.42013391986,211185.20835106936,1,0.9999867972895864
2026-03-06,94.513733,322.946228,0.0029994918139923756,True,False,0.00032307913002183514,2.7885402286335306,211051.1028976395,211053.89143786812,1,0.9999867875441214
2026-03-09,94.807709,335.783813,0.003060618065412806,True,False,0.00032311656617499645,2.7888633451997054,211707.55733083215,211710.34619417734,1,0.9999868269860432
2026-03-10,94.503937,338.219543,0.003171011260421482,True,False,0.0003231540066659976,2.7891864992063713,211029.2282288653,211032.0174153645,1,0.9999867831121867
2026-03-11,94.072777,341.493835,0.0032018064920334086,True,False,0.00032319145149534146,2.7895096906578667,210066.4391120145,210069.22862170514,1,0.9999867209980778
2026-03-12,93.769005,329.614594,0.00322227758987463,True,False,0.0003232289006635306,2.7898329195585303,209388.11001004768,209390.89984296722,1,0.9999866764366473
2026-03-13,93.671005,330.742615,0.0028693071118968427,True,False,0.0003232663541710678,2.7901561859127013,209169.27400148613,209172.06415767205,1,0.9999866609520868
2026-03-16,94.092369,337.241241,0.002918043605360621,True,False,0.0003233038120184559,2.79047948972472,210110.18844956282,210112.97892905254,1,0.9999867191474608
2026-03-17,94.258965,339.866302,0.002960194935641798,True,False,0.0003233412742061977,2.790802830998926,210482.20073203542,210484.99153486642,1,0.9999867410839574
2026-03-18,93.827797,337.908539,0.0030868468529002308,True,False,0.00032337874073479623,2.7911262097396605,209519.3937510206,209522.18487723035,1,0.9999866786125231
2026-03-19,93.817993,339.816376,0.0030702397828137077,True,False,0.0003234162116047543,2.791449625951265,209497.50121808247,209500.29266770842,1,0.9999866756767238
2026-03-20,92.975258,332.13504,0.0036013464088532586,True,False,0.0003234536868165752,2.7917730796380815,207615.65669078566,207618.4484638653,1,0.9999865533477382
2026-03-23,93.269234,336.210419,0.003572868096049267,True,False,0.00032349116637076186,2.7920965708044525,208272.1111239783,208274.9032205491,1,0.9999865941766021
2026-03-24,92.955666,340.635406,0.0036043458892927966,True,False,0.0003235286502678175,2.7924200994547204,207571.9073532373,207574.69977333676,1,0.99998654739666
2026-03-25,93.445625,344.860657,0.0038823339874864585,True,False,0.0003235661385082454,2.7927436655932287,208665.99584220457,208668.78858587018,1,0.9999866163805113
2026-03-26,92.691078,328.479156,0.004104942721272159,True,False,0.00032360363109254877,2.7930672692243212,206981.07692636718,206983.8699936364,1,0.9999865058699051
2026-03-27,92.700882,323.115234,0.003923460051492771,True,False,0.00032364112802123093,2.7933909103523424,207002.96945930528,207005.76285021563,1,0.9999865057335995
2026-03-30,93.35743,309.440643,0.0042283180411960344,True,False,0.0003236786292947953,2.7937145889816373,208469.0545996017,208471.84831419066,1,0.9999865990798683
2026-03-31,93.524025,328.289368,0.0042721405112813495,True,False,0.00032371613491374526,2.794038305116551,208841.06464905376,208843.85868735888,1,0.9999866214006834
2026-04-01,93.442421,338.158234,0.0042621162917445676,True,False,0.00032375364487858454,2.79436205876143,208658.8412445369,208661.63560659566,1,0.9999866081656522
2026-04-02,93.658707,339.22699,0.004277144031986494,True,False,0.0003237911591898165,2.79468584992062,209141.81231543218,209144.6070012821,1,0.9999866375428466
2026-04-06,93.412926,343.711945,0.004303942053274573,True,False,0.00032382867784794484,2.795009678598468,208592.9783050214,208595.7733147,1,0.9999866008326334
2026-04-07,93.64888,347.367828,0.004279536526334887,True,False,0.0003238662008534733,2.7953335447993215,209119.86842302265,209122.66375656746,1,0.9999866330435229
2026-04-08,93.855362,369.982269,0.004277953524581234,True,False,0.00032390372820690553,2.7956574485275283,209580.94696097978,209583.7426184283,1,0.9999866609050225
2026-04-09,93.825867,378.203003,0.004160789051489982,True,False,0.00032394125990874536,2.795981389787437,209515.08402146425,209517.88000285404,1,0.9999866551657083
2026-04-10,93.668549,386.164032,0.0041139949324339896,True,False,0.00032397879595949666,2.7963053685833965,209163.78970314914,209166.58600851774,1,0.9999866312042379
2026-04-13,93.875015,392.896423,0.0041368014291937065,True,False,0.0003240163363596634,2.7966293849197563,209624.83251277835,209627.62914216326,1,0.9999866590611345
2026-04-14,94.17981,400.787506,0.00407628698458554,True,False,0.00032405388110974954,2.796953438800866,210305.4459947121,210308.2429481509,1,0.999986700695134
2026-04-15,93.973335,401.406799,0.004084479178414103,True,False,0.0003240914302102591,2.797277530231076,209844.38308789843,209847.18036542865,1,0.9999866699303496
2026-04-16,93.806198,405.492218,0.00397083410730678,True,False,0.0003241289836616962,2.7976016592147377,209471.16274133773,209473.96034299696,1,0.9999866446328
2026-04-17,94.317451,415.241211,0.004153043207215272,True,False,0.0003241665414645649,2.7979258257562023,210612.80116873674,210615.5990945625,1,0.9999867154862329
2026-04-20,94.228966,417.079102,0.0035511964227018587,True,False,0.0003242041036193695,2.7982500298598216,210415.21235019012,210418.01060021998,1,0.9999867014709346
2026-04-21,93.816017,420.225586,0.0036720480911037502,True,False,0.00032424167012661426,2.798574271529948,209493.08876958332,209495.88734385485,1,0.9999866413880147
2026-04-22,93.914337,431.283081,0.0035717874253365788,True,False,0.00032427924098680355,2.798898550770935,209712.6393447034,209715.43824325418,1,0.9999866538268513
2026-04-23,93.766869,440.502686,0.003417474649448046,True,False,0.0003243168162004417,2.7992228675871353,209383.34027826923,209386.13950113681,1,0.9999866312886122
2026-04-24,93.953667,461.079468,0.002824417190534032,True,False,0.00032435439576803315,2.799547221982903,209800.4640407924,209803.26358801438,1,0.9999866563218603
2026-04-27,93.737366,454.896423,0.0029004667276789613,True,False,0.00032439197969008247,2.799871613962593,209317.4594745897,209320.25934620367,1,0.9999866239817268
2026-04-28,93.64888,438.215271,0.0024774899161016436,True,False,0.00032442956796709414,2.80019604353056,209119.86842302265,209122.6686190662,1,0.9999866097919369
2026-04-29,93.206444,449.482513,0.002673217263141439,True,False,0.00032446716059957286,2.8005205106911597,208131.89976706426,208134.70028757496,1,0.99998654467272
2026-04-30,93.38343,460.919617,0.002706436014755374,True,False,0.00032450475758802333,2.800845015448748,208527.11313248536,208529.9139775008,1,0.9999865686176049
2026-05-01,93.454445,465.224762,0.002657515533085363,True,False,0.0003245423589329502,2.8011695578076807,208685.69108297513,208688.49225253295,1,0.9999865772686957
2026-05-04,93.1092,461.53894,0.0027211347638410248,True,False,0.0003245799646348583,2.8014941377723157,207914.75192199735,207917.5534161351,1,0.9999865259373645
2026-05-05,93.247292,482.185638,0.0026766632000495257,True,False,0.0003246175746942525,2.8018187553470097,208223.1141882655,208225.91600702083,1,0.9999865443321895
2026-05-06,93.710922,506.298401,0.0028716309020995747,True,False,0.0003246551891116377,2.8021434105361216,209258.40948060603,209261.21162401658,1,0.9999866093511129
2026-05-07,93.424858,491.804718,0.0029480465817941833,True,False,0.0003246928078875189,2.802468103344009,208619.622705574,208622.42517367736,1,0.9999865667935697
2026-05-08,93.671455,519.713257,0.002992785089759498,True,False,0.00032473043102240106,2.8027928337750314,209170.2788607091,209173.08165354287,1,0.999986600604573
2026-05-11,93.355804,532.15918,0.0030365001179974696,True,False,0.00032476805851678936,2.803117601833548,208465.42370827598,208468.22682587782,1,0.9999865537418122
2026-05-12,93.040154,515.408081,0.0029936467102809673,True,False,0.00032480569037118893,2.8034424075239195,207760.5707888633,207763.3742312708,1,0.9999865065610438
2026-05-13,93.040154,527.694214,0.002972600610411443,True,False,0.00032484332658610495,2.8037672508505054,207760.5707888633,207763.37455611414,1,0.9999865049975394
2026-05-14,92.980957,529.432312,0.0029576207801986125,True,False,0.0003248809671620427,2.8040921318176673,207628.38267458967,207631.18676672148,1,0.9999864948412833
2026-05-15,92.241142,507.946533,0.003074550797141463,True,False,0.0003249186120995075,2.804417050429767,205976.36061669234,205979.1650337428,1,0.9999863849479631
2026-05-18,92.201675,495.310791,0.0030781933913807,True,False,0.00032495626139900476,2.804742006691166,205888.22999679542,205891.03473880212,1,0.9999863775418378
2026-05-19,91.846565,496.17981,0.003050251217891089,True,False,0.0003249939150610399,2.805067000606227,205095.2620886293,205098.06715562992,1,0.9999863232889538
2026-05-20,92.468018,519.723267,0.0034914604101783666,True,False,0.00032503157308611837,2.805392032179313,206482.97937463524,206485.7847666674,1,0.9999864136311595
2026-05-21,92.527206,524.118347,0.0034999482802188136,True,False,0.0003250692354747458,2.8057171014147877,206615.1473917244,206617.9531088258,1,0.9999864207487337
2026-05-22,92.606117,536.724121,0.003463571294917988,True,False,0.00032510690222742783,2.8060422083170153,206791.35727204682,206794.16331425513,1,0.9999864307475447
2026-05-26,93.000687,569.447144,0.0036129674509381717,True,False,0.00032514457334467006,2.80636735289036,207672.44016896636,207675.24653631926,1,0.9999864867508299
2026-05-27,93.040154,563.343933,0.0036149649913818638,True,False,0.0003251822488269782,2.8066925351391867,207760.5707888633,207763.37748139843,1,0.9999864909178452
2026-05-28,93.257156,568.82782,0.0035049156646555454,True,False,0.00032521992867485817,2.8070177550678617,208245.14070243333,208247.9477201884,1,0.9999865207903089
2026-05-29,93.365669,568.438293,0.0034881057843241187,True,False,0.00032525761288881573,2.8073430126807506,208487.4524554643,208490.259798477,1,0.9999865348960887
2026-06-01,93.204338,571.284973,0.0035035815651179103,True,False,0.0003252953014693568,2.80766830798222,208127.19702590068,208130.00469420865,1,0.9999865100262113
2026-06-02,93.273613,604.337708,0.003404980235596481,True,False,0.0003253329944169874,2.807993640976637,208281.8895207282,208284.69751436918,1,0.9999865184832372
2026-06-03,93.036079,614.985657,0.0034373181364410776,True,False,0.0003253706917322135,2.808319011668369,207751.47123034403,207754.2795493557,1,0.9999864824974111
2026-06-04,93.154854,602.040283,0.0032444519618444116,True,False,0.00032540839341554115,2.8086444200617846,208016.69823970008,208019.50688412014,1,0.9999864981680703
2026-06-05,92.659988,539.161316,0.0033827662220428357,True,False,0.00032544609946747664,2.808969866161252,206911.65231916128,206914.46128902744,1,0.9999864244874492
2026-06-08,92.561005,570.805542,0.003307731862129875,True,False,0.00032548380988852604,2.8092953499711406,206690.62125145266,206693.4305468026,1,0.9999864083955522
2026-06-09,92.818336,561.506104,0.003321688998336254,True,False,0.0003255215246791957,2.8096208714958197,207265.2466485868,207268.0562694583,1,0.9999864445061045
2026-06-10,92.729263,540.899353,0.0032460203483212443,True,False,0.0003255592438399918,2.8099464307396596,207066.34481398884,207069.15476041957,1,0.9999864299130695
2026-06-11,93.372589,586.268127,0.003612259858719569,True,False,0.00032559696737142086,2.8102720277070308,208502.90495729336,208505.71522932107,1,0.9999865218465374
2026-06-12,93.214233,595.577576,0.003632587969181517,True,False,0.0003256346952739893,2.8105976624023046,208149.29276370388,208152.1033613663,1,0.9999864973852437
2026-06-15,93.31321,628.039368,0.0030921517938760973,True,False,0.0003256724275482036,2.8109233348298526,208370.31043328953,208373.12135662435,1,0.9999865101443194
2026-06-16,93.550751,590.853699,0.0031125700869130825,True,False,0.00032571016419457026,2.8112490449940473,208900.7443548172,208903.5556038622,1,0.9999865428377375
2026-06-17,93.05587,599.338135,0.0032388276808748132,True,False,0.000325747905213596,2.8115747928992607,207795.66493897096,207798.47651376386,1,0.9999864697044941
2026-06-18,93.392395,639.032227,0.002995394323297011,True,False,0.0003257856506057874,2.8119005785498663,208547.13216122772,208549.94406180628,1,0.9999865168960308
2026-06-22,93.036079,654.582031,0.003146601982879392,True,False,0.00032582340037165124,2.812226401950238,207751.47123034403,207754.283456746,1,0.999986463689917
2026-06-23,93.154854,602.995789,0.003152115976234961,True,False,0.0003258611545116942,2.8125522631047497,208016.69823970008,208019.5107919632,1,0.9999864793823791
2026-06-24,93.758598,601.106995,0.0033315808049028807,True,False,0.0003258989130264234,2.812878162017776,209364.87096575074,209367.68384391276,1,0.9999865648885713
2026-06-25,93.817986,624.791504,0.003331969268140696,True,False,0.0003259366759163455,2.8132040986936926,209497.485586939,209500.2987910377,1,0.999986571837296
2026-06-26,94.055519,589.554565,0.003338275451327869,True,False,0.0003259744431819676,2.8135300731368744,210027.9016443027,210030.71517437583,1,0.9999866041970538
2026-06-29,94.085205,613.948547,0.003333807748035498,True,False,0.0003260122148237966,2.813856085351698,210094.19109073287,210097.00494681823,1,0.9999866068719729
2026-06-30,93.600243,640.34137,0.0035313277948742536,True,False,0.0003260499908423397,2.8141821353425405,209011.26100518176,209014.0751873171,1,0.9999865359204503
2026-07-01,93.372841,599.308167,0.0035772812399166316,True,False,0.0003260877712381039,2.8145082231137786,208503.46767845823,208506.28218668135,1,0.9999865015663144
2026-07-02,93.462212,565.950012,0.00352858676200191,True,False,0.0003261255560115966,2.81483434866979,208703.03495316385,208705.84978751253,1,0.9999865129111065
2026-07-06,93.52179,581.130066,0.0035214928170074003,True,False,0.0003261633451633249,2.8151605120149537,208836.07384824628,208838.8890087583,1,0.9999865199411595
2026-07-07,93.045135,551.329529,0.0035038948650785817,True,False,0.0003262011386937962,2.8154867131536476,207771.6934639515,207774.50895066466,1,0.9999864493160042
2026-07-08,92.856476,561.662781,0.003528812903061168,True,False,0.00032623893660351796,2.8158129520902513,207350.41405028614,207353.22986323823,1,0.9999864202117617
2026-07-09,93.055077,581.319946,0.0035066729610760336,True,False,0.0003262767388929974,2.8161392288291442,207793.89415371802,207796.71029294684,1,0.9999864476236181
2026-07-10,92.975632,580.960205,0.003505022507939668,True,False,0.00032631454556274214,2.816465543374707,207616.491840451,207619.30830599437,1,0.9999864344719845
2026-07-13,92.638008,553.248291,0.003212526670151047,True,False,0.0003263523566132597,2.81679189573132,206862.57052866963,206865.38732056535,1,0.9999863834548051
2026-07-14,92.896194,567.548889,0.0032725829929609184,True,False,0.00032639017204505775,2.817118285903365,207439.1051583274,207441.9222766133,1,0.9999864197253141
2026-07-15,93.124588,554.907227,0.0033147922800653537,True,False,0.00032642799185864395,2.817444713895224,207949.11364138252,207951.93108609642,1,0.999986451461647
2026-07-16,93.065002,530.153381,0.0032570947264786913,True,False,0.000326465816054526,2.8177711797112783,207816.05688213612,207818.87465331584,1,0.9999864412162542
2026-07-17,93.184166,521.469055,0.003046392670763754,True,False,0.0003265036446332116,2.8180976833559117,208082.15253646494,208084.9706341483,1,0.9999864569859381
2026-07-20,92.886269,523.797546,0.003010243628039971,True,False,0.00032654147759520884,2.8184242248335067,207416.9424299093,207419.76085413413,1,0.9999864119782358
2026-07-21,92.657867,552.328857,0.002940336027428715,True,False,0.0003265793149410254,2.818750804148448,206906.91608269027,206909.7348334944,1,0.9999863769058213
2026-07-22,92.449333,555.157043,0.0029527374383538337,True,False,0.0003266171566711694,2.8190774213051193,206441.25538667632,206444.07446409762,1,0.9999863445951228
2026-07-23,92.20108,550.879822,0.0025132293058657304,True,False,0.0003266550027861488,2.8194040763079053,205886.9013496006,205889.72075367693,1,0.9999863062416813
2026-07-24,92.379829,526.665649,0.002569652212362484,True,False,0.0003266928532864716,2.819730769161192,206286.05153015532,206288.8712609245,1,0.9999863311542114
2026-07-27,92.628082,515.8927,0.0025803473299706716,True,False,0.0003267307081726461,2.8200574998693644,206840.40556723106,206843.22562473093,1,0.9999863662080721
2026-07-28,92.90612,491.138885,0.0027060404073422253,True,False,0.0003267685674451803,2.8203842684368094,207461.270119766,207464.09050403445,1,0.9999864054340123
2026-07-29,92.518845,464.696167,0.0026265145850748895,True,False,0.0003268064311045827,2.820711074867914,206596.4771073613,206599.29781843617,1,0.999986346947426
2026-07-30,92.558563,504.200348,0.002598140395995915,True,False,0.00032684429915136147,2.821037919167065,206685.1682154026,206687.98925332178,1,0.9999863512247162
2026-07-31,92.300377,504.56012,0.0026273464706034052,True,False,0.00032688217158602503,2.821364801338651,206108.6335857448,206111.45495054615,1,0.999986311460457
2026-08-03,92.487709,507.348267,0.0026803701605818426,True,False,0.0003269200484090818,2.8216917213870603,206526.9497812126,206529.771472934,1,0.9999863376030426
2026-08-04,92.916176,541.855774,0.0026934772406078137,True,False,0.00032695792962104036,2.8220186793166815,207483.725373869,207486.54739254832,1,0.9999863990282031
2026-08-05,92.975952,530.353271,0.0026571566878437164,True,False,0.0003269958152224092,2.822345675131904,207617.20640700957,207620.0287526847,1,0.9999864061974555
2026-08-06,92.617241,532.172058,0.0027481822303769094,True,False,0.00032703370521369686,2.8226727088371177,206816.19739203906,206819.0200647479,1,0.9999863519674934
2026-08-07,92.836456,542.915039,0.002803728643589113,True,False,0.0003270715995954121,2.8229997804367133,207305.7089799657,207308.53197974616,1,0.9999863826165113
2026-08-10,92.427933,529.044128,0.0028601304270557287,True,False,0.00032710949836806363,2.8233268899350814,206393.46874807207,206396.29207496202,1,0.9999863208449068
2026-08-11,92.537537,533.850952,0.002796563820332843,True,False,0.00032714740153216024,2.8236540373366137,206638.21672646367,206641.040380501,1,0.9999863354635065
2026-08-12,92.627213,546.252808,0.002741659136464605,True,False,0.00032718530908821083,2.8239812226457017,206838.46507242043,206841.28905364306,1,0.9999863471106974
2026-08-13,92.965996,550.380127,0.0028756078665024784,True,False,0.0003272232210367242,2.8243084458667385,207594.9744549561,207597.79876340198,1,0.999986395287124
2026-08-14,92.706924,550.060364,0.0029200026510646897,True,False,0.0003272611373782094,2.824635707004117,207016.4613691393,207019.2860048463,1,0.9999863556881027
2026-08-17,92.507637,558.7547,0.002873326933073771,True,False,0.0003272990581131755,2.82496300606223,206571.44941364747,206574.27437665354,1,0.9999863247104965
2026-08-18,92.597321,531.042786,0.002833583064613044,True,False,0.0003273369832421315,2.8252903430454723,206771.71562376816,206774.54091411122,1,0.9999863363723088
2026-08-19,93.045708,519.330444,0.002980350702060172,True,False,0.0003273749127655865,2.825617717958238,207772.97298469546,207775.79860241342,1,0.9999864006408015
2026-08-20,92.667068,522.008667,0.0030690419809921293,True,False,0.0003274128466840498,2.825945130804922,206927.4621042696,206930.2880494004,1,0.9999863434920163
2026-08-21,92.487709,519.710205,0.0030793562227138453,True,False,0.0003274507849980307,2.82627258158992,206526.9497812126,206529.7760537942,1,0.9999863154232015
2026-08-24,92.677032,505.849274,0.0030539002300971835,True,False,0.0003274887277080384,2.826600070317628,206949.71192048703,206952.53852055734,1,0.9999863417956092
2026-08-25,93.175247,513.724121,0.0032163830616904004,True,False,0.00032752667481458233,2.8269275969924426,208062.23622666532,208065.06315426232,1,0.9999864132519216
2026-08-26,92.985924,515.063293,0.0030983525567302712,True,False,0.00032756462631817194,2.8272551616187607,207639.47408739093,207642.30134255256,1,0.9999863840116231
2026-08-27,92.896248,525.08667,0.0031098112246005514,True,False,0.0003276025822193168,2.82758276420098,207439.22574143417,207442.05332419838,1,0.999986369288585
2026-08-28,92.517601,508.287659,0.0031872576713745018,True,False,0.0003276405425185263,2.8279104047434984,206593.69922986487,206596.5271402696,1,0.9999863119170304
2026-08-31,92.407997,510.706116,0.003166826185593714,True,False,0.00032767850721631016,2.8282380832507146,206348.95125147328,206351.77948955653,1,0.9999862940940454
2026-09-01,92.099998,499.983093,0.003047651918883012,True,False,0.00032771647631317806,2.828565799727028,205661.18317187187,205664.0117376716,1,0.9999862466662212
2026-09-02,92.18,501.112366,0.003052279905250634,True,False,0.00032775444980963976,2.8288935541768376,205839.82927755493,205842.6581711091,1,0.9999862570101878
2026-09-03,92.279999,501.871887,0.002958266374287271,True,False,0.000327792427706205,2.8292213466045437,206063.129094087,206065.95831543359,1,0.9999862703118472
2026-09-04,92.25,519.520325,0.0028969096588573624,True,False,0.00032783041000338366,2.829549177014547,205996.1407122417,205998.97026141873,1,0.9999862642557221
2026-09-08,92.160004,528.054749,0.0027389902010292186,True,False,0.00032786839670168565,2.8298770454112487,205795.1777997264,205798.0076767718,1,0.9999862492495561
2026-09-09,91.900002,531.652405,0.0027829188957800236,True,False,0.0003279063878016209,2.8302049517990504,205214.58800484872,205217.41820980053,1,0.999986208748865
2026-09-10,91.18,517.091919,0.0032287059250431017,True,False,0.0003279443833036995,2.830532896182354,203606.8087820293,203609.63931492547,1,0.9999860982372656
2026-09-11,91.010002,526.725647,0.003060879965717605,True,False,0.0003279823832084315,2.8308608785655625,203227.1997638309,203230.03062470947,1,0.9999860706566354
2026-09-14,90.93,497.075012,0.003033826258058662,True,False,0.0003280203875163271,2.8311888989530787,203048.55365814787,203051.3848470468,1,0.9999860567860639
2026-09-15,90.82,498.850006,0.0030217631222837597,True,False,0.0003280583962278964,2.8315169573493066,202802.92140364,202805.75292059736,1,0.9999860382808842
2026-09-16,90.730003,502.059998,0.002988859089882461,True,False,0.00032809640934364985,2.8318450537586504,202601.95625810418,202604.78810315795,1,0.999986022812786
2026-09-17,91.25,519.099976,0.0030849337017412755,True,False,0.0003281344268640976,2.8321731881855143,203763.12021671605,203765.95238990424,1,0.9999861008517126
2026-09-18,90.800003,533.070007,0.0031364300932682876,True,False,0.0003281724487897501,2.832501360634304,202758.267692791,202761.10019415163,1,0.999986030351197
