date,close,ref_close,vol,bull,halted,exposure_cap,size_mult,cash,invested,equity,n_active,exposure
2002-05-22,27.720038,17.407581,0.11674857459705504,False,False,1.0,1.0,100004.60317460318,0.0,100004.60317460318,0,0.0
2002-05-23,29.484142,17.776846,0.11758444070103607,False,False,1.0,1.0,100009.20656109853,0.0,100009.20656109853,1,0.0
2002-05-24,26.367347,17.150461,0.11610983139931846,False,False,1.0,1.0,100013.8101594958,0.0,100013.8101594958,1,0.0
2002-05-28,26.051965,17.082079,0.11608334331569696,False,False,1.0,1.0,100018.41396980474,0.0,100018.41396980474,1,0.0
2002-05-29,23.686615,16.565107,0.11655250343817626,False,False,1.0,1.0,100023.0179920351,0.0,100023.0179920351,1,0.0
2002-05-30,22.900502,16.381836,0.11647852751675289,False,False,1.0,1.0,100027.62222619663,0.0,100027.62222619663,1,0.0
2002-05-31,22.797223,16.357214,0.11333053090276762,False,False,1.0,1.0,100032.22667229912,0.0,100032.22667229912,1,0.0
2002-06-03,19.480567,15.563982,0.11489066551207586,False,False,1.0,1.0,100036.83133035229,0.0,100036.83133035229,1,0.0
2002-06-04,20.754164,15.903157,0.11538722633371223,False,False,1.0,1.0,100041.43620036592,0.0,100041.43620036592,1,0.0
2002-06-05,21.129032,15.998888,0.11544922480911318,False,False,1.0,1.0,100046.04128234975,0.0,100046.04128234975,1,0.0
2002-06-06,18.853169,15.42447,0.09298667952484523,False,False,1.0,1.0,100050.64657631353,0.0,100050.64657631353,1,0.0
2002-06-07,17.097897,14.945794,0.09431328556565613,False,False,1.0,1.0,100055.25208226705,0.0,100055.25208226705,1,0.0
2002-06-10,16.572189,14.792614,0.08664393368869144,False,False,1.0,1.0,100059.85780022005,0.0,100059.85780022005,1,0.0
2002-06-11,14.430195,14.155287,0.08111687557408975,False,False,1.0,1.0,99121.27368514898,942.2044259212367,100063.47811107022,1,0.009416067117668967
2002-06-12,15.760298,14.590202,0.07093170522204392,False,False,1.0,1.0,100153.90678428393,0.0,100153.90678428393,1,0.0
2002-06-13,15.113203,14.390525,0.07087631838094481,False,False,1.0,1.0,98866.79803379516,1290.36918316233,100157.16721695749,1,0.012883443282368106
2002-06-14,15.01841,14.36043,0.06873158046818996,False,False,1.0,1.0,98871.34904513323,1282.275732291624,100153.62477742486,1,0.012803088606540934
2002-06-17,17.292627,15.085297,0.0794508533563735,False,False,1.0,1.0,100350.9406808321,0.0,100350.9406808321,1,0.0
2002-06-18,16.6812,14.907497,0.07944555510346787,False,False,1.0,1.0,99192.96777800522,1161.3773408145114,100354.34511881972,1,0.01157276587714701
2002-06-19,13.329664,13.909103,0.08962282679557393,False,False,1.0,1.0,98234.41506347478,1890.1492313474453,100124.56429482222,1,0.018877977094430076
2002-06-20,11.56023,13.293661,0.09218598212984097,False,False,1.0,1.0,97309.93757740127,2567.2717059820643,99877.20928338333,1,0.025704279528855276
2002-06-21,10.618287,12.932596,0.08914180291058753,False,False,1.0,1.0,97314.4169237342,2358.0869741430038,99672.5038978772,1,0.023658349915228985
2002-06-24,12.04663,13.512486,0.09621615423069452,False,False,1.0,1.0,97586.17028982524,2407.7613608285687,99993.93165065382,1,0.024079074810664527
2002-06-25,10.071368,12.773949,0.10087506042037221,False,False,1.0,1.0,97590.66235163224,2012.9655116065903,99603.62786323883,1,0.020209760977486693
2002-06-26,9.948451,12.721979,0.10051609270917551,False,False,1.0,1.0,97595.1546202167,1988.3980762998726,99583.55269651656,1,0.019967133351423673
2002-06-27,11.353758,13.321015,0.10792304901078076,False,False,1.0,1.0,97826.35829856094,2042.3492571232305,99868.70755568417,1,0.020450342325542464
2002-06-28,10.801232,13.104923,0.10772350865198219,False,False,1.0,1.0,97830.86141664136,1942.959163936352,99773.82058057771,1,0.019473636998467058
2002-07-01,9.34033,12.514096,0.10705721797958559,False,False,1.0,1.0,97835.36474200817,1680.1675741887245,99515.5323161969,1,0.016883470701339602
2002-07-02,8.323619,12.060032,0.10570898395115176,False,False,1.0,1.0,97839.8682746709,1497.2784413078743,99337.14671597877,1,0.015072694261984789
2002-07-03,9.178815,12.473063,0.10967387695127796,False,False,1.0,1.0,98009.32587145582,1486.0023788484316,99495.32825030424,1,0.01493539852554723
2002-07-05,11.443315,13.498807,0.12278931613352553,False,False,1.0,1.0,98198.92198427519,1667.3518292634444,99866.27381353863,1,0.0166958450094631
2002-07-08,10.156389,12.992771,0.12355467490876194,False,False,1.0,1.0,98203.44225211257,1479.8398696410197,99683.28212175358,1,0.014845416785469976
2002-07-09,9.06591,12.527771,0.1250992226087001,False,False,1.0,1.0,98207.96272802577,1320.951282249746,99528.91401027552,1,0.01327203552239472
2002-07-10,8.228595,12.142089,0.12354391462594899,False,False,1.0,1.0,98212.48341202436,1198.9500355026523,99411.43344752702,1,0.012060484331870156
2002-07-11,9.468724,12.752063,0.12664231218996377,False,False,1.0,1.0,98354.8370265092,1241.6790811029507,99596.51610761214,1,0.012467093525252831
2002-07-12,10.023203,13.000979,0.12788877975997467,False,False,1.0,1.0,98490.6781331776,1182.951508743259,99673.62964192085,1,0.011868249535940767
2002-07-15,10.099123,13.033801,0.1280072592585179,False,False,1.0,1.0,98614.28928961209,1072.7205176678926,99687.00980727999,1,0.010760885693549547
2002-07-16,10.722234,13.301865,0.12386010314080376,False,False,1.0,1.0,98732.61070962004,1025.0161688626476,99757.6268784827,1,0.010275065686067753
2002-07-17,10.867761,13.362042,0.12409961353683657,False,False,1.0,1.0,98840.94924395267,935.0353359105395,99775.9845798632,1,0.009371346620610031
2002-07-18,10.13362,13.061155,0.11530774562417363,False,False,1.0,1.0,98845.4990654258,871.8716560559035,99717.3707214817,1,0.008743428048169343
2002-07-19,9.274107,12.691888,0.11274643440003186,False,False,1.0,1.0,98850.04909633516,797.9212787266197,99647.97037506178,1,0.00800740121171911
2002-07-22,8.644505,12.404679,0.11228603893115502,False,False,1.0,1.0,98854.5993366904,743.7518764403578,99598.35121313077,1,0.007467511935501837
2002-07-23,7.300647,11.761878,0.11279884038323829,False,False,1.0,1.0,98859.14978650115,628.129650625301,99487.27943712645,1,0.0063136679802593635
2002-07-24,8.222573,12.256973,0.11104807313428995,False,False,1.0,1.0,98934.37794289162,636.7048996010807,99571.0828424927,1,0.006394476000710541
2002-07-25,5.893967,11.099936,0.13245933254619713,False,False,1.0,1.0,98938.9320650509,456.39213747169924,99395.3242025226,1,0.004591686189802842
2002-07-26,5.488745,10.845545,0.12737539103104425,False,False,1.0,1.0,98943.48639684438,425.01426672173454,99368.50066356611,1,0.004277152859141085
2002-07-29,6.630785,11.597758,0.1368859900093669,False,False,1.0,1.0,98999.33662868594,462.10206561026786,99461.4386942962,1,0.004646042442946967
2002-07-30,7.170325,11.91232,0.1356133828641199,False,False,1.0,1.0,99053.81635110032,449.7325421103609,99503.54889321068,1,0.004519763838705124
2002-07-31,6.108352,11.324226,0.1377543839632688,False,False,1.0,1.0,99058.37597121808,383.12415030907346,99441.50012152715,1,0.003852759158307735
2002-08-01,5.099148,10.700577,0.13975642187093099,False,False,1.0,1.0,99062.93580122311,319.825502001229,99382.76130322434,1,0.003218118492657063
2002-08-02,4.469573,10.260188,0.12833633737441538,False,False,1.0,1.0,99067.49584112507,280.33770121128845,99347.83354233636,1,0.0028217797129096384
2002-08-05,3.711737,9.6803,0.13113835261397502,False,False,1.0,1.0,99072.05609093363,232.8051959506835,99304.86128688432,1,0.0023443484330351832
2002-08-06,4.375632,10.257453,0.1386121698878546,False,False,1.0,1.0,99104.03492754142,247.00103446210576,99351.03596200353,1,0.0024861445285439244
2002-08-07,4.652174,10.473541,0.13948980551414342,False,False,1.0,1.0,99134.8329673836,236.35045439103223,99371.18342177464,1,0.0023784606990927925
2002-08-08,5.169758,10.861953,0.13747008353091314,False,False,1.0,1.0,99165.63585487983,236.38135356770977,99402.01720844753,1,0.002378033768389373
2002-08-09,5.087742,10.804518,0.1359957794890188,False,False,1.0,1.0,99170.20062224458,232.6312644737504,99402.83188671833,1,0.0023402880990238
2002-08-12,4.720647,10.544661,0.13592260365165526,False,False,1.0,1.0,99174.76559973354,215.84625964607014,99390.61185937961,1,0.0021716966583469168
2002-08-13,4.21001,10.164453,0.13490075016700506,False,False,1.0,1.0,99179.33078735639,192.49795876975165,99371.82874612614,1,0.0019371481958085218
2002-08-14,4.981542,10.785367,0.14274995790920494,False,False,1.0,1.0,99206.65199395097,204.99785033128367,99411.64984428226,1,0.0020621109362171427
2002-08-15,5.292341,11.009668,0.14423487432460377,False,False,1.0,1.0,99232.9766411717,196.0089216146536,99428.98556278636,1,0.001971345885761652
2002-08-16,6.278484,11.693499,0.15045553406130946,False,False,1.0,1.0,99260.77552901112,209.27884095022804,99470.05436996135,1,0.002103938137721854
2002-08-19,7.16409,12.243299,0.15362532674129403,False,False,1.0,1.0,99289.20174235581,214.91863425897196,99504.12037661478,1,0.002159896830860098
2002-08-20,6.246971,11.72085,0.1520354078907088,False,False,1.0,1.0,99293.77219767412,187.40558473936042,99481.17778241348,1,0.001883829573763756
2002-08-21,7.034213,12.213206,0.15202527924810474,False,False,1.0,1.0,99319.42497133688,189.92015816970968,99509.34512950659,1,0.00190856605399762
2002-08-22,7.152366,12.28159,0.13136672999633575,False,False,1.0,1.0,99343.2894177736,173.799205939156,99517.08862371276,1,0.0017464257480070957
2002-08-23,5.881194,11.553993,0.1381721631476054,False,False,1.0,1.0,99347.86236284205,142.9103106823852,99490.77267352444,1,0.0014364177384704859
2002-08-26,5.902078,11.567671,0.1311051892786593,False,False,1.0,1.0,99366.76361437804,129.07600405402437,99495.83961843206,1,0.0012973005157706358
2002-08-27,5.110764,11.050695,0.13300802613378412,False,False,1.0,1.0,99371.33764000474,111.77029425621987,99483.10793426096,1,0.0011235102780471871
2002-08-28,4.317585,10.479011,0.13349445418427205,False,False,1.0,1.0,99375.91187618182,94.42379768000266,99470.33567386183,1,0.0009492658996305643
2002-08-29,4.361541,10.514573,0.1279155184240958,False,False,1.0,1.0,99390.01573276591,85.84658749308532,99475.862320259,1,0.0008629891261128785
2002-08-30,4.211764,10.394219,0.12477017927482516,False,False,1.0,1.0,99394.59082872822,82.8985825712121,99477.48941129944,1,0.0008333401160584158
2002-09-03,3.579996,9.874506,0.123072345991679,False,False,1.0,1.0,99399.16613529019,70.46372826459627,99469.62986355479,1,0.0007083943949651094
2002-09-04,3.639496,9.929213,0.11683380653476456,False,False,1.0,1.0,99410.89830285597,64.47136014891541,99475.3696630049,1,0.0006481138031185668
2002-09-05,3.176296,9.507976,0.11888586132568944,False,False,1.0,1.0,99415.47436007945,56.26606633323939,99471.74042641268,1,0.0005656487570443584
2002-09-06,3.738267,10.068714,0.12268475871339654,False,False,1.0,1.0,99426.66641293469,59.59892311485574,99486.26533604955,1,0.0005990668451925459
2002-09-09,3.704749,10.03863,0.12269535537558289,False,False,1.0,1.0,99431.2431959918,59.064548040800375,99490.3077440326,1,0.0005936713774447346
2002-09-10,3.959141,10.26839,0.12318473772052524,False,False,1.0,1.0,99442.1261981075,56.80827133371847,99498.93446944121,1,0.0005709435144872412
2002-09-11,4.15214,10.435253,0.12118113772350231,False,False,1.0,1.0,99452.65576338752,53.61978928308622,99506.2755526706,1,0.0005388583683317966
2002-09-12,3.358713,9.770568,0.12309790941097208,False,False,1.0,1.0,99457.2337427798,43.37365390433906,99500.60739668415,1,0.00043591345861256
2002-09-13,3.212035,9.628331,0.12172899973021707,False,False,1.0,1.0,99461.81193290447,41.47948765453425,99503.291420559,1,0.000416865483164951
2002-09-16,2.787716,9.204358,0.11514916569881183,False,False,1.0,1.0,99466.39033377123,35.9999288321415,99502.39026260337,1,0.00036179963855271916
2002-09-17,2.611255,9.010146,0.10780639570900513,False,False,1.0,1.0,99470.96894538977,33.72115171078174,99504.69009710055,1,0.0003388900732003218
2002-09-18,2.470943,8.848763,0.1058859097514281,False,False,1.0,1.0,99475.5477677698,31.909194533545815,99507.45696230335,1,0.00032067138994049517
2002-09-19,2.289919,8.632675,0.09861257692873567,False,False,1.0,1.0,99480.12680092103,29.571491870537965,99509.69829279157,1,0.0002971719578882505
2002-09-20,2.18761,8.504113,0.0971657837315773,False,False,1.0,1.0,99484.70604485314,28.250296770718773,99512.95634162387,1,0.0002838856145900909
2002-09-23,1.892084,8.121165,0.0940364989551131,False,False,1.0,1.0,99489.28549957584,24.433941385863413,99513.71944096171,1,0.0002455333950245854
2002-09-24,1.911202,8.148523,0.0942669615238934,False,False,1.0,1.0,99496.3308932006,22.21274419110908,99518.54363739172,1,0.00022320206244219164
2002-09-25,2.307683,8.711996,0.1065274160442863,False,False,1.0,1.0,99503.59040458294,24.138722614278375,99527.72912719722,1,0.00024253263714506032
2002-09-26,2.166398,8.534201,0.10233884719609514,False,False,1.0,1.0,99508.1707285857,22.660859569588823,99530.83158815528,1,0.0002276767832439731
2002-09-27,2.012249,8.331785,0.10213409088874385,False,False,1.0,1.0,99512.75126342877,21.048437086835172,99533.7997005156,1,0.0002114702457875336
2002-09-30,1.827938,8.077401,0.10292779181311255,False,False,1.0,1.0,99517.33200912185,19.120515399254916,99536.4525245211,1,0.00019209560833549418
2002-10-01,2.138061,8.534201,0.10784603687683553,False,False,1.0,1.0,99524.14727708898,20.128005133402628,99544.27528222238,1,0.00020220153370283553
2002-10-02,2.016769,8.372818,0.10760142077708156,False,False,1.0,1.0,99528.72854736047,18.98614529000215,99547.71469265048,1,0.00019072406984551178
2002-10-03,1.836896,8.123901,0.10578264541296926,False,False,1.0,1.0,99533.31002851583,17.292795723567643,99550.6028242394,1,0.00017370859877261389
2002-10-04,1.549306,7.699926,0.10033272236811017,False,False,1.0,1.0,99537.89172056476,14.585383261380986,99552.47710382614,1,0.00014650949615416874
2002-10-07,1.341263,7.355278,0.10238117837384662,False,False,1.0,1.0,99542.47362351698,12.626837377064083,99555.10046089404,1,0.00012683265165328215
2002-10-08,1.297867,7.275953,0.09874085319100466,False,False,1.0,1.0,99547.0557373822,12.218301366740178,99559.27403874893,1,0.00012272388971001092
2002-10-09,1.202722,7.098157,0.09575492320833645,False,False,1.0,1.0,99551.63806217011,11.32259303642706,99562.96065520654,1,0.00011372294437524801
2002-10-10,1.491933,7.667105,0.1074851707224056,False,False,1.0,1.0,99557.62378453393,12.640739237291877,99570.26452377123,1,0.00012695295425547504
2002-10-11,1.894323,8.356407,0.12429132980094179,False,False,1.0,1.0,99563.81007252465,14.445071438720111,99578.25514396337,1,0.00014506250805295217
2002-10-14,1.912923,8.383762,0.12148001608428026,False,False,1.0,1.0,99569.85046741918,13.12821438191571,99582.97868180109,1,0.00013183191099218352
2002-10-15,2.482121,9.215299,0.13590382940873164,False,False,1.0,1.0,99576.13567314988,15.33111105301651,99591.4667842029,1,0.0001539400065894834
2002-10-16,1.666538,8.205963,0.16205003194486153,False,False,1.0,1.0,99580.71933653802,10.29356713555545,99591.01290367357,1,0.00010335839384936867
2002-10-17,2.044842,8.826881,0.16891610906786134,False,False,1.0,1.0,99586.56502659018,11.367185487365504,99597.93221207755,1,0.00011413073780649318
2002-10-18,2.151296,8.980059,0.16908943186812903,False,False,1.0,1.0,99592.34392501053,10.763062673402008,99603.10698768393,1,0.00010805950736790647
2002-10-21,2.5484,9.532594,0.1695885827832827,False,False,1.0,1.0,99598.20209791965,11.474817981908538,99609.67691590157,1,0.00011519782351664984
2002-10-22,2.032869,8.889793,0.17795205728753302,False,False,1.0,1.0,99602.78677706385,9.15350877258846,99611.94028583645,1,9.189168232565762e-05
2002-10-23,2.501991,9.573619,0.17904904160120394,False,False,1.0,1.0,99608.4971774384,10.139264709478887,99618.63644214788,1,0.00010178080198243953
2002-10-24,2.287532,9.300087,0.17966789049065773,False,False,1.0,1.0,99613.08233048308,9.270174225008667,99622.35250470809,1,9.305315515983789e-05
2002-10-25,2.618552,9.748681,0.18105349094584436,False,False,1.0,1.0,99618.72784479159,9.550463089268437,99628.27830788086,1,9.586096690093027e-05
2002-10-28,2.673662,9.817067,0.17921915727276247,False,False,1.0,1.0,99624.28768466534,8.776315772901079,99633.06400043824,1,8.808637836193088e-05
2002-10-29,2.405475,9.488827,0.1782105037100771,False,False,1.0,1.0,99628.87356457463,7.895989913391903,99636.76955448803,1,7.924775109327335e-05
2002-10-30,2.806962,10.016743,0.1805058381141615,False,False,1.0,1.0,99634.38016396653,8.2924866296041,99642.67265059614,1,8.322224212795127e-05
2002-10-31,2.779368,9.983919,0.17878601437264902,False,False,1.0,1.0,99638.96650845028,8.210966866936385,99647.17747531722,1,8.240039582626669e-05
2002-11-01,3.185997,10.470809,0.17465196906556954,False,False,1.0,1.0,99644.49339144536,8.471028026746675,99652.9644194721,1,8.500527883033495e-05
2002-11-04,3.702846,11.037018,0.17103395649338513,False,False,1.0,1.0,99650.06378643257,8.860718017077271,99658.92450444965,1,8.891043186685856e-05
2002-11-05,3.496368,10.831873,0.1717505475470241,False,False,1.0,1.0,99654.65085286084,8.366626895078117,99663.01747975592,1,8.394916295583355e-05
2002-11-06,3.79038,11.135489,0.16927281758903004,False,False,1.0,1.0,99660.14428336437,8.163164096430803,99668.3074474608,1,8.190330813768397e-05
2002-11-07,2.99152,10.353189,0.17706361120872327,False,False,1.0,1.0,99664.73181381551,6.442696684172741,99671.17451049968,1,6.463951805337708e-05
2002-11-08,2.837403,10.175392,0.17129460894425538,False,False,1.0,1.0,99669.31955543869,6.110782110686804,99675.43033754938,1,6.1306804394952e-05
2002-11-11,2.37976,9.628331,0.1768309316151368,False,False,1.0,1.0,99673.90750824363,5.125177789594227,99679.03268603323,1,5.141680904686743e-05
2002-11-12,2.643422,9.983919,0.1685059313024967,False,False,1.0,1.0,99684.18325532826,0.0,99684.18325532826,0,0.0
2002-11-13,2.604313,9.934689,0.13978401640592394,False,False,1.0,1.0,99141.79787031225,546.4024425701066,99688.20031288236,1,0.005481114523636324
2002-11-14,3.245354,10.749808,0.1408850484788329,False,False,1.0,1.0,99826.60912517166,0.0,99826.60912517166,1,0.0
2002-11-15,3.245354,10.749808,0.14081775586688486,False,False,1.0,1.0,99831.20431829013,0.0,99831.20431829013,1,0.0
2002-11-18,3.282513,10.790836,0.13639075523105784,False,False,1.0,1.0,99835.79972293336,0.0,99835.79972293336,1,0.0
2002-11-19,3.032893,10.51731,0.12645350481116793,False,False,1.0,1.0,99840.39533911108,0.0,99840.39533911108,1,0.0
2002-11-20,3.61975,11.195666,0.1242191992747392,False,False,1.0,1.0,99844.99116683305,0.0,99844.99116683305,1,0.0
2002-11-21,4.566922,12.172178,0.13020095383587102,False,False,1.0,1.0,99849.58720610899,0.0,99849.58720610899,1,0.0
2002-11-22,4.440694,12.060032,0.1286701754940536,False,False,1.0,1.0,99854.18345694864,0.0,99854.18345694864,1,0.0
2002-11-25,4.884859,12.462121,0.12957533627794537,False,False,1.0,1.0,99858.77991936174,0.0,99858.77991936174,1,0.0
2002-11-26,4.273717,11.94241,0.1312575884034549,False,False,1.0,1.0,99863.37659335803,0.0,99863.37659335803,1,0.0
2002-11-27,5.06072,12.675475,0.1320351787449605,False,False,1.0,1.0,99867.97347894726,0.0,99867.97347894726,1,0.0
2002-11-29,4.687233,12.363648,0.13391396623453058,False,False,1.0,1.0,99872.57057613914,0.0,99872.57057613914,1,0.0
2002-12-02,4.873888,12.527771,0.13143482963596764,False,False,1.0,1.0,99877.16788494345,0.0,99877.16788494345,1,0.0
2002-12-03,4.094919,11.860351,0.13465018724144823,False,False,1.0,1.0,99881.76540536991,0.0,99881.76540536991,1,0.0
2002-12-04,3.375283,11.165583,0.14123281544584676,False,False,1.0,1.0,99886.36313742826,0.0,99886.36313742826,1,0.0
2002-12-05,3.320712,11.105401,0.13990994523349948,False,False,1.0,1.0,99890.96108112823,0.0,99890.96108112823,1,0.0
2002-12-06,3.212748,10.985044,0.12929248672842555,False,False,1.0,1.0,99895.55923647959,0.0,99895.55923647959,1,0.0
2002-12-09,2.634359,10.325833,0.13653467602792277,False,False,1.0,1.0,99900.15760349207,0.0,99900.15760349207,1,0.0
2002-12-10,2.990255,10.790836,0.13317606207343086,False,False,1.0,1.0,99904.7561821754,0.0,99904.7561821754,1,0.0
2002-12-11,2.922037,10.708781,0.13150517864822753,False,False,1.0,1.0,99909.35497253935,0.0,99909.35497253935,1,0.0
2002-12-12,2.832475,10.599369,0.13168442358275698,False,False,1.0,1.0,99913.95397459365,0.0,99913.95397459365,1,0.0
2002-12-13,2.560555,10.260188,0.12328421356925509,False,False,1.0,1.0,99918.55318834804,0.0,99918.55318834804,1,0.0
2002-12-16,2.916893,10.736131,0.12731992177452847,False,False,1.0,1.0,99923.15261381227,0.0,99923.15261381227,1,0.0
2002-12-17,2.729616,10.506368,0.12796769911249697,False,False,1.0,1.0,99927.75225099608,0.0,99927.75225099608,1,0.0
2002-12-18,2.209416,9.838947,0.13499910473380228,False,False,1.0,1.0,99932.35209990923,0.0,99932.35209990923,1,0.0
2002-12-19,2.157823,9.762359,0.1271503180063459,False,False,1.0,1.0,99936.95216056146,0.0,99936.95216056146,1,0.0
2002-12-20,2.172333,9.784245,0.11214909254209648,False,False,1.0,1.0,99941.5524329625,0.0,99941.5524329625,1,0.0
2002-12-23,2.296224,9.970243,0.11404452912136946,False,False,1.0,1.0,99946.15291712212,0.0,99946.15291712212,1,0.0
2002-12-24,2.201729,9.833476,0.10997434950133426,False,False,1.0,1.0,99950.75361305005,0.0,99950.75361305005,1,0.0
2002-12-26,2.174168,9.79245,0.10785025111944224,False,False,1.0,1.0,99955.35452075605,0.0,99955.35452075605,1,0.0
2002-12-27,2.128619,9.724064,0.0968497823344137,False,False,1.0,1.0,99959.95564024987,0.0,99959.95564024987,1,0.0
2002-12-30,1.993897,9.518917,0.0966779025130654,False,False,1.0,1.0,99964.55697154126,0.0,99964.55697154126,1,0.0
2002-12-31,1.973272,9.486092,0.09509557148860076,False,False,1.0,1.0,99969.15851463994,0.0,99969.15851463994,1,0.0
2003-01-02,2.365876,10.115217,0.10266205967385754,False,False,1.0,1.0,99971.88783134859,0.0,99971.88783134859,1,0.0
2003-01-03,2.473359,10.26839,0.0959953334602023,False,False,1.0,1.0,99974.61722257192,0.0,99974.61722257192,1,0.0
2003-01-06,2.850882,10.790836,0.10225594027024112,False,False,1.0,1.0,99977.34668831197,0.0,99977.34668831197,1,0.0
2003-01-07,2.807527,10.736131,0.10210066343429464,False,False,1.0,1.0,99980.07622857076,0.0,99980.07622857076,1,0.0
2003-01-08,2.49208,10.33404,0.09559494366305704,False,False,1.0,1.0,99982.80584335033,0.0,99982.80584335033,1,0.0
2003-01-09,2.721631,10.651342,0.09320237528706689,False,False,1.0,1.0,99985.53553265272,0.0,99985.53553265272,1,0.0
2003-01-10,2.904052,10.889313,0.09435775621215024,False,False,1.0,1.0,99988.26529647996,0.0,99988.26529647996,1,0.0
2003-01-13,2.768367,10.719717,0.09471856353673791,False,False,1.0,1.0,99990.99513483408,0.0,99990.99513483408,1,0.0
2003-01-14,2.791679,10.749808,0.09176554754171654,False,False,1.0,1.0,99993.72504771713,0.0,99993.72504771713,1,0.0
2003-01-15,2.621198,10.530985,0.08789744728827553,False,False,1.0,1.0,99996.45503513113,0.0,99996.45503513113,1,0.0
2003-01-16,2.345461,10.161714,0.09007745269003933,False,False,1.0,1.0,99025.44028671544,972.7454808286885,99998.18576754413,1,0.009727631290130939
2003-01-17,1.93824,9.573619,0.08769602958665852,False,False,1.0,1.0,99028.1438384185,803.8565556030978,99832.0003940216,1,0.008052093040612222
2003-01-21,1.900031,9.51071,0.08766184733079488,False,False,1.0,1.0,99030.84746393282,788.0099343729928,99818.85739830582,1,0.007894399464307707
2003-01-22,1.860685,9.445063,0.08766283682152547,False,False,1.0,1.0,99033.5511632604,771.6917591022526,99805.24292236265,1,0.00773197616183894
2003-01-23,2.062756,9.786979,0.09008412423947748,False,False,1.0,1.0,99121.72149361002,769.9479630431015,99891.66945665312,1,0.007707829564078032
2003-01-24,1.806785,9.382154,0.09419946276020814,False,False,1.0,1.0,99124.42767394286,674.4037735955345,99798.8314475384,1,0.00675763196636276
2003-01-27,1.704069,9.204358,0.09482692360458404,False,False,1.0,1.0,99127.13392815871,636.0638172594796,99763.19774541819,1,0.0063757360593294735
2003-01-28,1.758758,9.302826,0.09529637180475022,False,False,1.0,1.0,99195.42411208058,590.8294173558013,99786.25352943638,1,0.005920949995196582
2003-01-29,1.896833,9.546269,0.09615794810109883,False,False,1.0,1.0,99261.79169367488,573.49235232484,99835.28404599972,1,0.005744385442531519
2003-01-30,1.622908,9.086735,0.1021124236170633,False,False,1.0,1.0,99264.50169814652,490.67330994705463,99755.17500809357,1,0.004918775491168695
2003-01-31,1.590664,9.026562,0.09165693309590048,False,False,1.0,1.0,99267.21177660557,480.9245933186735,99748.13636992425,1,0.004821389259195025
2003-02-03,1.590664,9.026562,0.09054875166639356,False,False,1.0,1.0,99269.92192905408,480.9245933186735,99750.84652237275,1,0.00482125826582142
2003-02-04,1.515469,8.88432,0.08199061251869423,False,False,1.0,1.0,99272.63215549405,458.1899838759516,99730.82213937001,1,0.00459426658727077
2003-02-05,1.546265,8.944498,0.08274036582270114,False,False,1.0,1.0,99322.04707183545,420.7508183117923,99742.79789014724,1,0.004218357888608564
2003-02-06,1.463985,8.785851,0.08029466431910487,False,False,1.0,1.0,98231.68177862553,1490.3169314994075,99721.99871012493,1,0.014944715817735543
2003-02-07,1.420229,8.698318,0.0756206411400226,False,False,1.0,1.0,97080.95202296505,2598.0018347107007,99678.95385767575,1,0.026063694833918467
2003-02-10,1.491241,8.843295,0.07460904218562431,False,False,1.0,1.0,97356.1274301744,2455.11263929707,99811.24006947147,1,0.024597556723954552
2003-02-11,1.492625,8.84603,0.07490590337759304,False,False,1.0,1.0,97604.28548974014,2211.652075625409,99815.93756536554,1,0.022157304029500145
2003-02-12,1.49124,8.843295,0.07467750261045066,False,False,1.0,1.0,97606.95024166144,2209.599893647523,99816.55013530896,1,0.022136608514842893
2003-02-13,1.441426,8.744823,0.07431095039186716,False,False,1.0,1.0,96375.7064962706,3368.431742636448,99744.13823890705,1,0.0337707237950002
2003-02-14,1.709239,9.286416,0.08413053981170493,False,False,1.0,1.0,100368.72949785729,0.0,100368.72949785729,1,0.0
2003-02-18,1.902568,9.636534,0.0776583725366435,False,False,1.0,1.0,100371.46972348803,0.0,100371.46972348803,1,0.0
2003-02-19,1.821563,9.499765,0.07813976108310747,False,False,1.0,1.0,99212.96449129848,1160.0537758761604,100373.01826717464,1,0.011557426446899397
2003-02-20,1.94272,9.710389,0.07937758405304116,False,False,1.0,1.0,99339.27401970788,1113.4908341479932,100452.76485385587,1,0.0110847206223538
2003-02-21,1.901676,9.642003,0.07584765328750415,False,False,1.0,1.0,98156.92235707655,2273.8136063799893,100430.73596345654,1,0.022640614793536473
2003-02-24,1.836941,9.532594,0.07006244393700929,False,False,1.0,1.0,96936.81702513064,3417.940919276011,100354.75794440665,1,0.03405858366146866
2003-02-25,1.791082,9.453273,0.06896576694556475,False,False,1.0,1.0,95605.2764394559,4665.4303283662575,100270.70676782216,1,0.04652834789694969
2003-02-26,1.652707,9.209828,0.07099556278690514,False,False,1.0,1.0,94325.50903386487,5586.05109814536,99911.56013201023,1,0.05590995767421381
2003-02-27,1.816162,9.513446,0.07220167006694814,False,False,1.0,1.0,96347.7299795884,4116.907066482778,100464.63704607118,1,0.040978668589573886
2003-02-28,1.983785,9.806125,0.06512957223511198,False,False,1.0,1.0,100218.4427284605,625.0291986191239,100843.47192707963,1,0.006198013482430329
2003-03-03,1.762994,9.44233,0.07093427569748963,False,False,1.0,1.0,98914.6479365185,1860.6548493714154,100775.30278588991,1,0.018463401229610946
2003-03-04,1.698643,9.327444,0.07156069975883603,False,False,1.0,1.0,97614.81480190321,3093.93603748692,100708.75083939012,1,0.03072162063077434
2003-03-05,1.759913,9.439592,0.07082439497918312,False,False,1.0,1.0,97937.72145211625,2884.980792425216,100822.70224454146,1,0.028614396640826087
2003-03-06,1.743085,9.409505,0.07085705958324619,False,False,1.0,1.0,97940.3953073686,2857.3950783729124,100797.79038574151,1,0.028347794802227225
2003-03-07,1.65948,9.259063,0.07061831977169995,False,False,1.0,1.0,96654.6712377698,4007.4192678106283,100662.09050558043,1,0.039810610406391944
2003-03-10,1.563879,9.081264,0.071698650950906,False,False,1.0,1.0,95377.75047295993,5054.802222220723,100432.55269518065,1,0.05033031707918823
2003-03-11,1.542682,9.040235,0.0710395085414921,False,False,1.0,1.0,95380.3544369411,4986.288838062222,100366.64327500331,1,0.04968073729834577
2003-03-12,1.674313,9.297358,0.07326482789570628,False,False,1.0,1.0,95923.60698657724,4870.574363990911,100794.18135056815,1,0.048321979490569635
2003-03-13,2.037846,9.970243,0.08472189916820186,False,False,1.0,1.0,101848.5508398942,0.0,101848.5508398942,1,0.0
2003-03-14,1.9305,9.795184,0.0854587920739135,False,False,1.0,1.0,100775.33171037011,1074.8954854416609,101850.22719581178,1,0.010553687655257995
2003-03-17,2.2766,10.380543,0.08493723723365725,False,False,1.0,1.0,102044.45273291954,0.0,102044.45273291954,1,0.0
2003-03-18,2.382781,10.541928,0.082475890793549,False,False,1.0,1.0,102047.23870845448,0.0,102047.23870845448,1,0.0
2003-03-19,2.319718,10.448927,0.08197562556825153,False,False,1.0,1.0,100914.80801465308,1134.0517013236176,102048.85971597671,1,0.011112830701684668
2003-03-20,2.347044,10.489953,0.08104756469542711,False,False,1.0,1.0,101032.19260694923,1032.6696249946115,102064.86223194384,1,0.010117778071829021
2003-03-21,2.530645,10.763488,0.0819907602670933,True,False,1.0,1.0,102147.31960196757,0.0,102147.31960196757,1,0.0
2003-03-24,2.119697,10.180861,0.09204842586344353,False,False,1.0,1.0,98226.67027638262,3919.411584800164,102146.08186118279,2,0.038370650282275834
2003-03-25,2.264922,10.413365,0.09262480346813505,False,False,1.0,1.0,100527.54411965939,1887.5091149241944,102415.05323458358,1,0.01842999691266888
2003-03-26,2.23101,10.361393,0.09032799354588376,False,False,1.0,1.0,100530.28868118138,1859.2480052235912,102389.53668640497,1,0.018158574258598608
2003-03-27,2.12853,10.202748,0.0893197058271898,False,False,1.0,1.0,100533.03331763427,1773.8446517759091,102306.87796941018,1,0.017338469191741826
2003-03-28,1.974456,9.956566,0.08905726056825428,False,False,1.0,1.0,99535.21665507263,2644.979133276735,102180.19578834936,1,0.025885438101483037
2003-03-31,1.73687,9.557213,0.08979440449800918,False,False,1.0,1.0,98586.35739409563,3277.3093346830246,101863.66672877865,1,0.03217348677825589
2003-04-01,1.769679,9.617382,0.08946991563810396,False,False,1.0,1.0,98922.6458252384,3005.295131750372,101927.94095698878,1,0.029484507422930645
2003-04-02,2.123008,10.257453,0.09795236795178729,False,False,1.0,1.0,100330.25339097634,2199.048941250434,102529.30233222678,1,0.0214480045336194
2003-04-03,2.1315,10.271129,0.0978607891992743,False,False,1.0,1.0,100553.56231376463,1987.0605934823468,102540.62290724697,1,0.019378276990571246
2003-04-04,1.961208,9.997598,0.09923475349976847,False,False,1.0,1.0,100556.30758562463,1828.3082957646384,102384.61588138927,1,0.017857255995204404
2003-04-07,2.049745,10.14804,0.09821239596851151,False,False,1.0,1.0,100749.95162518419,1719.7610905788067,102469.71271576299,1,0.016783116152078902
2003-04-08,1.794491,9.726799,0.10343716287518062,False,False,1.0,1.0,100752.7022587841,1505.5998669072753,102258.30212569138,1,0.0147234976095795
2003-04-09,1.739995,9.628331,0.10223846045451353,False,False,1.0,1.0,100755.4529674807,1459.8770572933074,102215.33002477401,1,0.014282368965002372
2003-04-10,1.734061,9.617382,0.09141450596000598,False,False,1.0,1.0,100758.203751276,1454.8983588154506,102213.10211009145,1,0.014233971269636372
2003-04-11,1.674879,9.507976,0.09100239953073563,False,False,1.0,1.0,100760.95461017206,1405.243937966694,102166.19854813875,1,0.013754489820863502
2003-04-14,1.836776,9.814332,0.0850301577998127,False,False,1.0,1.0,100917.66338943751,1386.969748538516,102304.63313797602,1,0.013557252550507073
2003-04-15,1.830635,9.803388,0.08402237478434874,False,False,1.0,1.0,100920.41860183481,1382.3326119329772,102302.75121376778,1,0.01351217436024286
2003-04-16,2.074276,10.238306,0.08940662581600402,True,False,1.0,1.0,101079.65239151574,1409.6777483522924,102489.33013986803,1,0.013754385421667735
2003-04-17,2.335294,10.667751,0.09358716733410487,True,False,1.0,1.0,102667.9338003074,0.0,102667.9338003074,1,0.0
2003-04-21,2.367624,10.716984,0.09196923731176156,True,False,1.0,1.0,102670.73679786512,0.0,102670.73679786512,1,0.0
2003-04-22,2.594237,11.058901,0.08455590825385968,True,False,1.0,1.0,102673.53987194912,0.0,102673.53987194912,1,0.0
2003-04-23,2.648136,11.135489,0.08356992443292906,True,False,1.0,1.0,102676.3430225615,0.0,102676.3430225615,2,0.0
2003-04-24,2.544709,10.990517,0.08410852390985316,True,False,1.0,1.0,98250.7931896595,4423.808353923947,102674.60154358344,2,0.04308571241005618
2003-04-25,2.189413,10.479011,0.09050738374306377,True,False,1.0,1.0,94271.37019066223,7784.168416305668,102055.5386069679,2,0.07627384581530394
2003-04-28,2.372865,10.771692,0.09026843782080679,True,False,1.0,1.0,95116.76409208281,7592.766970069802,102709.53106215262,3,0.07392465812617907
2003-04-29,2.521092,10.995988,0.08485315610660063,True,False,1.0,1.0,100043.86464108017,3137.769752896209,103181.63439397639,3,0.030410157498720412
2003-04-30,2.370582,10.777165,0.08672670028956746,True,False,1.0,1.0,93609.28161694655,9381.151821910613,102990.43343885716,3,0.09108760404897187
2003-05-01,2.365164,10.768959,0.07727831193455685,True,False,1.0,1.0,91507.67191494927,11461.716994105009,102969.38890905428,4,0.11131188711072519
2003-05-02,2.590447,11.110872,0.07960785636218842,True,False,1.0,1.0,101623.09267084685,2430.681879955019,104053.77455080187,4,0.02335986263303014
2003-05-05,2.735846,11.31876,0.07705802578590802,True,False,1.0,1.0,101882.32877644282,2310.4020922615587,104192.73086870438,4,0.022174311710602426
2003-05-06,2.813202,11.425431,0.07683785792827345,True,False,1.0,1.0,104258.5280662353,0.0,104258.5280662353,4,0.0
2003-05-07,2.677826,11.242167,0.07030857405283471,True,False,1.0,1.0,94718.29026489519,9533.290400011978,104251.58066490716,4,0.09144504418263506
2003-05-08,2.48823,10.976844,0.07253976661643464,True,False,1.0,1.0,84557.00316908401,19011.754497890088,103568.7576669741,4,0.18356650138666805
2003-05-09,2.836074,11.488349,0.07656585268967217,True,False,1.0,1.0,98285.74863893953,7929.715148866131,106215.46378780567,4,0.07465688013854459
2003-05-12,3.012318,11.726315,0.07563331115376438,True,False,1.0,1.0,106702.73583639917,0.0,106702.73583639917,4,0.0
2003-05-13,2.86265,11.532113,0.07614125327891436,True,False,1.0,1.0,97029.47423869115,9666.244339708534,106695.71857839968,4,0.09059636570708136
2003-05-14,2.860612,11.529377,0.07609698081165638,True,False,1.0,1.0,99438.18420579871,7250.959047453636,106689.14325325235,3,0.06796341995400357
2003-05-15,2.956305,11.657937,0.07224944433586197,True,False,1.0,1.0,100189.5218764613,6744.165877128453,106933.68775358975,4,0.06306867385579389
2003-05-16,2.841856,11.507495,0.06922145284670134,True,False,1.0,1.0,89842.87601676554,16821.835300349194,106664.71131711474,4,0.15770759694213948
2003-05-19,2.45479,10.985044,0.07751093003677934,True,False,1.0,1.0,80100.36860932391,24265.629731935685,104365.99834125959,4,0.23250512731733836
2003-05-20,2.462125,10.995988,0.07459844578069602,True,False,1.0,1.0,82534.00167326041,21904.32266848404,104438.32434174445,4,0.20973452807236193
2003-05-21,2.493362,11.042491,0.07448947823378649,True,False,1.0,1.0,84752.31955956444,19964.000690299246,104716.32024986368,4,0.19064841700570773
2003-05-22,2.576739,11.165583,0.07437218402762437,True,False,1.0,1.0,86815.78541114483,18568.4297976984,105384.21520884323,4,0.17619744817476465
2003-05-23,2.629762,11.242167,0.06538216221514608,True,False,1.0,1.0,88711.36453041449,17055.470489440126,105766.83501985461,4,0.16125537354160652
2003-05-27,3.042465,11.830261,0.07055691277405055,True,False,1.0,1.0,105455.44901665734,2974.115758237279,108429.56477489462,4,0.027429011307125477
2003-05-28,3.078341,11.876762,0.06964135110321373,True,False,1.0,1.0,108464.58680616374,0.0,108464.58680616374,4,0.0
2003-05-29,3.363348,12.243299,0.06961380460410525,True,False,1.0,1.0,108467.54806154956,0.0,108467.54806154956,4,0.0
2003-05-30,3.507619,12.418355,0.06965594627827232,True,False,1.0,1.0,108470.50939778236,0.0,108470.50939778236,4,0.0
2003-06-02,3.294381,12.166705,0.06985657238166001,True,False,1.0,1.0,97942.50828769122,10520.154868161448,108462.66315585267,4,0.09699332988942727
2003-06-03,3.425474,12.328091,0.06944208418827691,True,False,1.0,1.0,99037.99647241886,9844.904180534802,108882.90065295366,4,0.0904173577439291
2003-06-04,3.803971,12.782154,0.07247633501885072,True,False,1.0,1.0,109962.78054770322,0.0,109962.78054770322,4,0.0
2003-06-05,3.930959,12.924391,0.07094598084611252,True,False,1.0,1.0,109965.78270615627,0.0,109965.78270615627,4,0.0
2003-06-06,3.733791,12.7083,0.06959324855984289,True,False,1.0,1.0,99508.81029907333,10449.239841543535,109958.05014061686,4,0.095029330077978
2003-06-09,3.430009,12.363648,0.06826004084838266,True,False,1.0,1.0,89202.09275701045,19897.941529581807,109100.03428659226,4,0.18238254148768077
2003-06-10,3.521069,12.473063,0.06734476302053005,True,False,1.0,1.0,91245.16048580086,18383.57350527674,109628.7339910776,4,0.16768937153623367
2003-06-11,3.521069,12.473063,0.06595402833976702,True,False,1.0,1.0,91247.65162351572,18383.57350527674,109631.22512879246,4,0.16768556114993793
2003-06-12,3.382079,12.308944,0.06688992264792126,True,False,1.0,1.0,79886.41948814962,29009.964903883665,108896.38439203329,4,0.26639970707793303
2003-06-13,3.055146,11.91232,0.07093794686830829,True,False,1.0,1.0,69348.49288779449,36734.97005793673,106083.46294573121,4,0.3462836622964422
2003-06-16,3.215087,12.120207,0.07106307650977595,True,False,1.0,1.0,73212.43535157765,34792.28560952422,108004.72096110186,4,0.32213671124667537
2003-06-17,3.273863,12.194059,0.06132567974531998,True,False,1.0,1.0,86898.71501641117,21730.72928376455,108629.44430017572,4,0.20004455903977592
2003-06-18,3.483162,12.453918,0.06216063483541623,True,False,1.0,1.0,89210.83665282934,20807.982932134397,110018.81958496374,4,0.18913112329900167
2003-06-19,3.384471,12.336295,0.0630084229321918,True,False,1.0,1.0,77027.90583283464,32391.275878348126,109419.18171118277,4,0.2960292278902841
2003-06-20,3.238139,12.158501,0.06422053796125626,True,False,1.0,1.0,65190.68519131939,42817.97021943931,108008.6554107587,4,0.39643091617613296
2003-06-23,2.978072,11.832997,0.06758711414361328,True,False,1.0,1.0,54023.34535920659,50536.75666024635,104560.10201945294,4,0.4833273465135316
2003-06-24,2.90372,11.734528,0.05931448601622416,True,False,1.0,1.0,42763.73756789966,60524.55706362926,103288.29463152893,4,0.5859769229373455
2003-06-25,2.954486,11.80291,0.05939765211012551,True,False,1.0,1.0,48917.186115097466,55424.44204352499,104341.62815862245,4,0.5311824534620787
2003-06-26,3.16606,12.084651,0.05798289149660787,True,False,1.0,1.0,76546.03219231115,31739.03673101688,108285.06892332803,4,0.2931063076987088
2003-06-27,3.103709,12.005322,0.05709835541481666,True,False,1.0,1.0,63382.86275193665,44265.73013015914,107648.59288209579,4,0.4112058406433797
2003-06-30,3.042188,11.926001,0.05565049496696812,True,False,1.0,1.0,50019.96414723394,56739.2183719843,106759.18251921824,4,0.5314692097962664
2003-07-01,3.211743,12.147559,0.05636867433586977,True,False,1.0,1.0,70086.96827447126,39816.37769345697,109903.34596792824,4,0.3622854003469203
2003-07-02,3.532842,12.552388,0.05544130161344841,True,False,1.0,1.0,95959.21941121282,17901.55506317572,113860.77447438854,4,0.15722319776774782
2003-07-03,3.417366,12.415621,0.055117237453502055,True,False,1.0,1.0,82384.23587993119,30880.08612115716,113264.32200108835,4,0.27263736343082895
2003-07-07,4.036238,13.1651,0.0662738912064763,True,False,1.0,1.0,118823.35990930694,0.0,118823.35990930694,4,0.0
2003-07-08,4.179641,13.321015,0.06317044757665624,True,False,1.0,1.0,118826.60397564096,0.0,118826.60397564096,4,0.0
2003-07-09,4.305807,13.455042,0.06322347362094506,True,False,1.0,1.0,118829.84813054315,0.0,118829.84813054315,4,0.0
2003-07-10,3.875138,13.006449,0.06829410638655617,True,False,1.0,1.0,107733.4411189114,11088.259965314643,118821.70108422605,4,0.09331847519549309
2003-07-11,3.985155,13.129539,0.06762597233411517,True,False,1.0,1.0,108875.57929863285,10262.754817471307,119138.33411610415,4,0.08614150007729604
2003-07-14,4.296496,13.471461,0.0639689246737026,True,False,1.0,1.0,119932.32352679136,0.0,119932.32352679136,4,0.0
2003-07-15,4.317431,13.493338,0.06350958839244873,True,False,1.0,1.0,119935.5978695924,0.0,119935.5978695924,4,0.0
2003-07-16,4.296428,13.471461,0.06365320523730487,True,False,1.0,1.0,119938.8723017882,0.0,119938.8723017882,4,0.0
2003-07-17,3.738985,12.88883,0.07104416361386943,True,False,1.0,1.0,109280.63194339676,10650.573238413395,119931.20518181016,4,0.08880568841335013
2003-07-18,3.76993,12.924391,0.07063972693899913,True,False,1.0,1.0,112781.08382913737,7237.846946278887,120018.93077541626,3,0.060305877577118285
2003-07-21,3.56408,12.689151,0.07113018291661373,True,False,1.0,1.0,101939.65454184663,17676.016752825504,119615.67129467212,4,0.14777341933132487
2003-07-22,3.919027,13.110393,0.07064542264958742,True,False,1.0,1.0,115454.02545569734,5911.628948772861,121365.6544044702,4,0.048709241323508415
2003-07-23,4.142249,13.359307,0.07060397765908925,True,False,1.0,1.0,121699.44622445734,0.0,121699.44622445734,3,0.0
2003-07-24,3.803846,12.995512,0.07426625412268771,True,False,1.0,1.0,110676.16473561314,11015.287753571178,121691.45248918432,4,0.09051817139375663
2003-07-25,4.03683,13.260837,0.07390792707338475,True,False,1.0,1.0,111847.04621611154,10520.972630338838,122368.01884645037,4,0.08597812344695019
2003-07-28,4.181715,13.419486,0.07367814332610662,True,False,1.0,1.0,122738.07709358181,0.0,122738.07709358181,3,0.0
2003-07-29,3.885098,13.102188,0.07595227883128143,True,False,1.0,1.0,111441.1606471147,11288.670213766392,122729.83086088109,4,0.09197984006482114
2003-07-30,3.812096,13.020125,0.07558434433927634,True,False,1.0,1.0,111444.20316769108,11076.553169886065,122520.75633757716,4,0.09040552393724395
2003-07-31,3.980281,13.211599,0.07330114887903509,True,False,1.0,1.0,112602.6445020197,10408.713399355249,123011.35790137495,4,0.08461587268795531
2003-08-01,4.12861,13.375718,0.07299821702080682,True,False,1.0,1.0,113684.32893111082,9716.943704462292,123401.27263557311,4,0.07874265392025763
2003-08-04,4.174206,13.424954,0.06299303246037861,True,False,1.0,1.0,123502.13314921138,0.0,123502.13314921138,4,0.0
2003-08-05,3.771073,12.992771,0.06649821303277052,True,False,1.0,1.0,110626.52758205305,12865.760004498305,123492.28758655136,4,0.10418270044176767
2003-08-06,3.675801,12.883356,0.06612046189263246,True,False,1.0,1.0,97454.63681056717,25702.110743558354,123156.74755412553,4,0.20869429612261128
2003-08-07,3.58215,12.773949,0.062225828141059786,True,False,1.0,1.0,84211.08140793306,38279.9015772223,122490.98298515537,4,0.3125119959390107
2003-08-08,3.303713,12.442976,0.06402442531165224,True,False,1.0,1.0,70906.0083720686,48598.15755250771,119504.16592457631,4,0.40666496583206885
2003-08-11,3.484546,12.670006,0.06267265565886711,True,False,1.0,1.0,86470.18229080772,35680.84990246209,122151.03219326981,3,0.2921043667155193
2003-08-12,3.683149,12.910715,0.06432223359343053,True,False,1.0,1.0,100546.84699377799,23626.48556470225,124173.33255848024,4,0.1902702059927014
2003-08-13,3.886814,13.148687,0.06579195160229624,True,False,1.0,1.0,111650.91493523821,13820.814019132114,125471.72895437032,4,0.11015082149826963
2003-08-14,4.020229,13.299128,0.05817776057878336,True,False,1.0,1.0,125935.27170986036,0.0,125935.27170986036,4,0.0
2003-08-15,4.052472,13.334682,0.05817672739949923,True,False,1.0,1.0,125938.7099426753,0.0,125938.7099426753,4,0.0
2003-08-18,4.613592,13.950134,0.06278635096642016,True,False,1.0,1.0,125942.14826935944,0.0,125942.14826935944,4,0.0
2003-08-19,4.884981,14.223668,0.06072288058406856,True,False,1.0,1.0,125945.58668991536,0.0,125945.58668991536,4,0.0
2003-08-20,4.744062,14.086904,0.06041664362678322,True,False,1.0,1.0,111180.28712992168,14753.581294145897,125933.86842406758,4,0.11715340343921571
2003-08-21,5.213861,14.551906,0.05936299452568673,True,False,1.0,1.0,127382.16162877312,0.0,127382.16162877312,4,0.0
2003-08-22,5.507877,14.825437,0.05919391593587514,True,False,1.0,1.0,127385.63936397948,0.0,127385.63936397948,4,0.0
2003-08-25,5.306667,14.644908,0.06013380683026829,True,False,1.0,1.0,112307.23534085862,15066.403701500723,127373.63904235934,4,0.11828510054965333
2003-08-26,5.369107,14.702352,0.05667737028668286,True,False,1.0,1.0,113833.18671401938,13719.311993893361,127552.49870791275,4,0.10755815944703466
2003-08-27,5.857567,15.148211,0.05815730093501791,True,False,1.0,1.0,128789.17575900276,0.0,128789.17575900276,4,0.0
2003-08-28,6.009887,15.279503,0.05794495576657963,True,False,1.0,1.0,128792.69190792824,0.0,128792.69190792824,4,0.0
2003-08-29,6.119623,15.3725,0.05782386474876699,True,False,1.0,1.0,128796.20815285017,0.0,128796.20815285017,4,0.0
2003-09-02,6.152298,15.399852,0.057882455025003374,True,False,1.0,1.0,128799.72449377117,0.0,128799.72449377117,4,0.0
2003-09-03,5.791678,15.098969,0.05395371953725379,True,False,1.0,1.0,113738.17688106967,15049.60315753414,128787.78003860381,4,0.11685583176465236
2003-09-04,6.046639,15.320529,0.052978709982261125,True,False,1.0,1.0,115310.96536998868,14140.904526836983,129451.86989682566,4,0.1092367730037999
2003-09-05,6.286305,15.522948,0.05167947535865704,True,False,1.0,1.0,130001.2098473089,0.0,130001.2098473089,4,0.0
2003-09-08,6.924357,16.048128,0.047003912989551914,True,False,1.0,1.0,130004.75908668885,0.0,130004.75908668885,4,0.0
2003-09-09,6.687118,15.864861,0.049464614177587685,True,False,1.0,1.0,111028.97274797909,18959.857665480602,129988.83041345968,4,0.14585759103435555
2003-09-10,5.528402,14.948525,0.06981998081299229,True,False,1.0,1.0,95583.22380280832,31107.49789210868,126690.72169491701,4,0.24553887984803194
2003-09-11,5.762081,15.159147,0.06956092087563293,True,False,1.0,1.0,98824.91706453734,29180.137462053874,128005.05452659121,4,0.2279608220938816
2003-09-12,5.852538,15.238471,0.06948619589707762,True,False,1.0,1.0,101788.55483205192,26674.404092497913,128462.95892454984,4,0.20764276578873286
2003-09-15,5.576438,14.998838,0.07106928553660839,True,False,1.0,1.0,89052.0474746725,38142.22170450061,127194.2691791731,4,0.2998737439245105
2003-09-16,6.22328,15.57878,0.06951335364976159,True,False,1.0,1.0,121553.79495111172,10035.589822824313,131589.38477393604,4,0.07626443303207894
2003-09-17,6.108535,15.483024,0.06915652933736716,True,False,1.0,1.0,108438.50312898321,22955.7004916644,131394.2036206476,4,0.17470862381373028
2003-09-18,6.225097,15.581504,0.06850951556674739,True,False,1.0,1.0,110778.56181994322,21054.3634500257,131832.92526996892,4,0.15970489471359556
2003-09-19,6.15297,15.52133,0.0659810212660777,True,False,1.0,1.0,110781.58625051989,20810.41736009971,131592.0036106196,4,0.15814347976399598
2003-09-22,5.723532,15.160242,0.0673712965890209,True,False,1.0,1.0,97698.68000059963,32430.48417324614,130129.16417384577,4,0.24921764755147974
2003-09-23,5.977591,15.384545,0.0673190857417458,True,False,1.0,1.0,101085.05517713605,30483.022247045137,131568.0774241812,4,0.23169010936267276
2003-09-24,5.180439,14.700666,0.07507847791711447,True,False,1.0,1.0,89134.31076892931,38359.14263708138,127493.4534060107,4,0.3008714691798672
2003-09-25,5.183329,14.703407,0.07212332558242456,True,False,1.0,1.0,92971.06509976588,34542.4877701153,127513.55286988118,4,0.27089267762277425
2003-09-26,4.89692,14.432588,0.07256798819143852,True,False,1.0,1.0,80796.03463038678,44798.88610941818,125594.92073980496,4,0.3566934542060665
2003-09-29,5.144744,14.676058,0.07354112556250089,True,False,1.0,1.0,85500.26968142754,42359.46686208908,127859.73654351663,4,0.33129637215912905
2003-09-30,4.785137,14.334108,0.07480766963887382,True,False,1.0,1.0,73740.68725624174,51148.4732123555,124889.16046859724,4,0.40955094117408636
2003-10-01,4.998827,14.547476,0.07492517472428847,True,False,1.0,1.0,79080.76417097086,48089.35084041053,127170.1150113814,4,0.3781497786339712
2003-10-02,5.196221,14.738968,0.074777138556778,True,False,1.0,1.0,95549.05297459762,33506.14380286621,129055.19677746383,4,0.25962645937181816
2003-10-03,5.838511,15.346246,0.07920261525199809,True,False,1.0,1.0,118055.00256828737,15122.490459043533,133177.4930273309,4,0.11355139757691693
2003-10-06,5.969643,15.461144,0.07591840721046265,True,False,1.0,1.0,119602.93552679935,13915.925204261226,133518.8607310606,4,0.10422441539769635
2003-10-07,6.343541,15.78394,0.0771004387683211,True,False,1.0,1.0,127038.46427519794,7348.024503185059,134386.488778383,4,0.05467829816807476
2003-10-08,6.237997,15.696395,0.06342357980382553,True,False,1.0,1.0,127041.93262692101,7225.767880556756,134267.70050747777,4,0.05381612892189459
2003-10-09,6.368453,15.805818,0.06298348416096426,True,False,1.0,1.0,127782.37163059779,6639.193129238725,134421.5647598365,4,0.04939083353999487
2003-10-10,6.606525,16.002769,0.06334622148353214,True,False,1.0,1.0,132402.0343692577,2266.71749228869,134668.75186154636,4,0.01683179996068512
2003-10-13,6.742045,16.1122,0.06209158307841214,True,False,1.0,1.0,132636.7456215283,2081.8933102906217,134718.63893181892,4,0.015453639724969813
2003-10-14,6.91373,16.248972,0.057623023081314714,True,False,1.0,1.0,133327.31736431015,1447.2889461426294,134774.60631045277,3,0.010738587822759467
2003-10-15,6.955644,16.281796,0.0573485434578618,True,False,1.0,1.0,133476.42208002915,1310.4567298770671,134786.87880990622,4,0.009722435458463592
2003-10-16,7.148466,16.432249,0.05747561468404036,True,False,1.0,1.0,134825.54091220064,0.0,134825.54091220064,4,0.0
2003-10-17,6.598685,16.010986,0.06058745857747104,True,False,1.0,1.0,123283.87063648333,11533.502526657281,134817.3731631406,3,0.0855490821105137
2003-10-20,6.818524,16.188789,0.058173046140904926,True,False,1.0,1.0,124477.85199399233,10725.973039153407,135203.82503314572,4,0.07933187568120868
2003-10-21,7.361189,16.618263,0.059666055783088943,True,False,1.0,1.0,136049.60633060712,0.0,136049.60633060712,4,0.0
2003-10-22,6.845,16.22982,0.05167032114340169,True,False,1.0,1.0,124480.54301555586,11560.900837843552,136041.4438533994,3,0.0849807272723581
2003-10-23,6.384657,15.865994,0.05490780317165045,True,False,1.0,1.0,106427.8439835971,28820.969001164158,135248.81298476126,4,0.21309591090024185
2003-10-24,6.358237,15.844111,0.052731446831580174,True,False,1.0,1.0,106430.74963267092,28701.706525355235,135132.45615802615,4,0.21239683893402322
2003-10-27,6.539378,15.994572,0.052171942747962455,True,False,1.0,1.0,109382.72341331067,26567.45531708366,135950.17873039434,4,0.19542052511582303
2003-10-28,7.660029,16.908228,0.05771658773483293,True,False,1.0,1.0,140475.74937330154,0.0,140475.74937330154,4,0.0
2003-10-29,7.916558,17.096981,0.05756881244724758,True,False,1.0,1.0,140479.5845842368,0.0,140479.5845842368,4,0.0
2003-10-30,8.106559,17.233757,0.0574505237264057,True,False,1.0,1.0,140483.41989987943,0.0,140483.41989987943,4,0.0
2003-10-31,7.836341,17.042274,0.05421046230948546,True,False,1.0,1.0,123576.1918056847,16893.70812015528,140469.89992583997,4,0.12026568061253112
2003-11-03,8.628779,17.616734,0.057200951336710854,True,False,1.0,1.0,142163.5294505306,0.0,142163.5294505306,4,0.0
2003-11-04,8.741328,17.693325,0.05633120917764766,True,False,1.0,1.0,142167.41074054097,0.0,142167.41074054097,4,0.0
2003-11-05,8.907569,17.805483,0.05579988044277582,True,False,1.0,1.0,142171.29213651674,0.0,142171.29213651674,4,0.0
2003-11-06,9.186743,17.991488,0.05587376157260445,True,False,1.0,1.0,142175.17363846078,0.0,142175.17363846078,4,0.0
2003-11-07,9.24121,18.027056,0.05576472519604029,True,False,1.0,1.0,142179.055246376,0.0,142179.055246376,4,0.0
2003-11-10,8.433481,17.501844,0.06076880551386311,True,False,1.0,1.0,125180.51953443528,16984.968277241896,142165.4878116772,4,0.11947321771751966
2003-11-11,8.354391,17.447128,0.06084259993080548,True,False,1.0,1.0,125183.93716131781,16825.68160296741,142009.61876428523,4,0.11848268975987837
2003-11-12,9.273925,18.087238,0.06442277725730478,True,False,1.0,1.0,143846.8029529538,0.0,143846.8029529538,4,0.0
2003-11-13,8.907845,17.849253,0.06547251696357953,True,False,1.0,1.0,128269.94757263601,15564.792465417377,143834.7400380534,4,0.10821302601373982
2003-11-14,8.162467,17.351391,0.06602928940494227,True,False,1.0,1.0,113643.96419939313,28876.855349506186,142520.8195488993,4,0.20261499646792624
2003-11-17,7.799565,17.094242,0.06696022913396206,True,False,1.0,1.0,98517.98685695864,42706.54831198681,141224.53516894544,4,0.3024017622780447
2003-11-18,7.447597,16.837101,0.06583651264525293,True,False,1.0,1.0,83608.8654055225,55675.853703536224,139284.71910905873,4,0.3997269338637393
2003-11-19,7.850527,17.140755,0.0644459856297245,True,False,1.0,1.0,89474.24227884453,52819.226587165635,142293.46886601017,4,0.3711992335846599
2003-11-20,7.395726,16.809753,0.06386073379643191,True,False,1.0,1.0,74200.58223894303,65019.699777498754,139220.28201644178,4,0.4670274965383276
2003-11-21,7.659295,17.009453,0.06408969503234249,True,False,1.0,1.0,80929.74528835376,60603.18557861225,141532.93086696602,4,0.42819141246764864
2003-11-24,8.405767,17.562023,0.06668181230877467,True,False,1.0,1.0,129957.27431056878,17436.495039469428,147393.7693500382,4,0.11829872535561768
2003-11-25,8.551111,17.663229,0.05726404200444923,True,False,1.0,1.0,131732.89585382323,15964.190308880465,147697.0861627037,4,0.10808737479962367
2003-11-26,8.678244,17.750767,0.056948964891430885,True,False,1.0,1.0,141546.6329833247,6381.844228533065,147928.47721185777,4,0.043141417723060994
2003-11-28,8.959092,17.942255,0.057121476484390275,True,False,1.0,1.0,142208.6941061845,5929.537889898818,148138.2319960833,4,0.04002705992910454
2003-12-01,9.221353,18.117332,0.05659326619294531,True,False,1.0,1.0,142822.29438816948,5492.80282071765,148315.09720888713,4,0.03703468442583145
2003-12-02,9.008325,17.977819,0.05299031800804693,True,False,1.0,1.0,124823.30060061572,23350.327443719656,148173.62804433538,4,0.15758760686303064
2003-12-03,8.547763,17.67144,0.05429221273717844,True,False,1.0,1.0,106168.37135730653,40795.70098460738,146964.0723419139,4,0.27758961992898257
2003-12-04,8.254017,17.469013,0.05458356172478471,True,False,1.0,1.0,87632.42949010807,57913.56107251132,145545.9905626194,4,0.3979055750601025
2003-12-05,7.536662,16.962944,0.057240323476079526,True,False,1.0,1.0,70197.17144352259,70300.05956226513,140497.23100578773,4,0.5003661571050404
2003-12-08,7.481977,16.921906,0.0571244306872217,True,False,1.0,1.0,70199.08793772708,69789.97183945596,139989.05977718305,4,0.49853875688956584
2003-12-09,6.553067,16.221617,0.06080861422969838,True,False,1.0,1.0,54208.19714016137,77101.73077676201,131309.92791692336,4,0.587173658533591
2003-12-10,6.672422,16.320091,0.06119356508861418,True,False,1.0,1.0,62052.64378175704,70655.42839797755,132708.0721797346,4,0.5324124391038144
2003-12-11,7.356883,16.878145,0.06053566942509162,True,False,1.0,1.0,85963.87809795006,53970.48383321028,139934.36193116033,4,0.38568428146162315
2003-12-12,7.371205,16.88908,0.060217625505445085,True,False,1.0,1.0,91368.52005886898,48667.99570625234,140036.51576512132,4,0.34753789352972464
2003-12-15,6.68709,16.366594,0.060937127582393835,True,False,1.0,1.0,75644.4141323829,59861.62280074183,135506.03693312473,4,0.44176351220635934
2003-12-16,6.613318,16.306414,0.060364906854584136,True,False,1.0,1.0,75646.47934495921,59201.22917103797,134847.7085159972,4,0.43902287864250095
2003-12-17,6.416946,16.145023,0.05993967406693877,True,False,1.0,1.0,58868.25980423616,74206.40609820788,133074.66590244405,4,0.5576298508433453
2003-12-18,7.062784,16.686663,0.06292553518313497,True,False,1.0,1.0,85461.66528841548,55057.27153090136,140518.93681931682,4,0.39181389197169586
2003-12-19,6.930792,16.582699,0.06171901529959807,True,False,1.0,1.0,69173.48326532308,70302.13697126338,139475.62023658646,4,0.5040460608958963
2003-12-22,6.913632,16.569025,0.061061508622566964,True,False,1.0,1.0,69175.3718112154,70128.07538199234,139303.44719320774,4,0.5034195261853628
2003-12-23,7.273188,16.856255,0.05814716192150525,True,False,1.0,1.0,91413.16810340734,51517.65522954842,142930.82333295577,4,0.3604376860653675
2003-12-24,7.273188,16.856255,0.05789467324494433,True,False,1.0,1.0,91415.66382799683,51517.65522954842,142933.31905754525,4,0.3604313925489081
2003-12-26,7.390052,16.946527,0.05791982748992827,True,False,1.0,1.0,111811.38194478526,31932.351037816166,143743.73298260142,4,0.2221477790734795
2003-12-29,7.737181,17.211872,0.05851136055029633,True,False,1.0,1.0,115154.41177361691,30089.063211139703,145243.4749847566,4,0.20716292566187616
2003-12-30,7.77776,17.241968,0.05797849385756515,True,False,1.0,1.0,118179.30053793166,27222.183512698815,145401.48405063048,4,0.18722080926780457
2003-12-31,7.674098,17.165371,0.057886865354270706,True,False,1.0,1.0,118182.52702042254,26859.36619932152,145041.89321974406,4,0.18518350528304636
2004-01-02,7.765821,17.233757,0.05706807557169247,True,False,1.0,1.0,120902.53107125497,24462.357278945765,145364.88835020072,4,0.16828243433870452
2004-01-05,8.523929,17.794538,0.06058492278322895,True,False,1.0,1.0,130236.57640614703,17512.059754824026,147748.63616097104,4,0.118526033199689
2004-01-06,8.79911,17.986021,0.05681716634592404,True,False,1.0,1.0,137822.92712621574,10488.80611887712,148311.73324509285,4,0.07072135082895852
2004-01-07,9.035963,18.147423,0.05685007969095656,True,False,1.0,1.0,143820.85082738422,4772.790017330749,148593.64084471497,4,0.03211974610890963
2004-01-08,9.845029,18.689051,0.04849533694999733,True,False,1.0,1.0,149021.56026796595,0.0,149021.56026796595,4,0.0
2004-01-09,9.858012,18.697258,0.048681102713295565,True,False,1.0,1.0,149027.33189664935,0.0,149027.33189664935,4,0.0
2004-01-12,10.593567,19.162291,0.046813889606066986,True,False,1.0,1.0,149033.10374886883,0.0,149033.10374886883,4,0.0
2004-01-13,9.85859,18.719151,0.05090008448433702,True,False,1.0,1.0,127885.00307989545,21131.921562056523,149016.92464195198,4,0.1418088691122227
2004-01-14,9.72461,18.634344,0.044212934364152474,True,False,1.0,1.0,107182.2316636212,41530.97117553513,148713.20283915632,4,0.27926889060720295
2004-01-15,10.058674,18.84771,0.04375632298859866,True,False,1.0,1.0,120757.24406688707,29373.741465991057,150130.98553287814,3,0.1956540907377066
2004-01-16,10.610508,19.192392,0.042592826535701296,True,False,1.0,1.0,151717.3637957301,0.0,151717.3637957301,4,0.0
2004-01-20,10.615051,19.19512,0.03948231940603363,True,False,1.0,1.0,151723.23983331202,0.0,151723.23983331202,4,0.0
2004-01-21,9.807218,18.708206,0.04460490683431482,True,False,1.0,1.0,134610.50301179817,17100.849256494403,151711.35226829257,3,0.11271964161424493
2004-01-22,9.36412,18.426449,0.04665489894010783,True,False,1.0,1.0,110799.60848313436,40119.61338260236,150919.2218657367,4,0.2658350135034107
2004-01-23,8.922036,18.136482,0.04792539381729457,True,False,1.0,1.0,87803.83779307897,61201.744767845346,149005.58256092432,4,0.4107345759533648
2004-01-26,9.559908,18.568699,0.04960850523514041,True,False,1.0,1.0,118953.8533322953,34400.716820432135,153354.57015272742,4,0.2243214322610151
2004-01-27,8.698,18.010647,0.05517510528778203,True,False,1.0,1.0,98287.27024475746,51948.93595190624,150236.2061966637,4,0.3457817344236151
2004-01-28,8.487941,17.865664,0.05488317218129124,True,False,1.0,1.0,78328.93411760849,70635.78368531933,148964.71780292783,4,0.4741779444631084
2004-01-29,8.195525,17.660501,0.05559475318381924,True,False,1.0,1.0,58477.04004852592,88036.6518882619,146513.69193678783,4,0.6008766192735394
2004-01-30,8.3631,17.780863,0.05559329322884788,True,False,1.0,1.0,67454.34370278793,80853.07421624003,148307.41791902797,4,0.545172152214151
2004-02-02,7.977088,17.507311,0.05672983028912948,True,False,1.0,1.0,48089.8260437362,96468.20681905709,144558.03286279328,4,0.6673320389647217
2004-02-03,8.074321,17.578432,0.05256932987315053,True,False,1.0,1.0,79760.03051361426,65945.24682479235,145705.2773384066,3,0.4525933996998047
2004-02-04,7.343029,17.047743,0.055734952751485545,True,False,1.0,1.0,60197.04522133943,79518.35059089265,139715.39581223208,4,0.569145226469958
2004-02-05,7.636432,17.274796,0.05622841554066044,True,False,1.0,1.0,68460.99098277593,74426.0753070103,142887.06628978622,4,0.5208734229035703
2004-02-06,8.488947,17.917639,0.05814499932943211,True,False,1.0,1.0,109221.35549220181,41937.91235441338,151159.2678466152,4,0.27744188597796565
2004-02-09,8.41119,17.862926,0.05810946042361984,True,False,1.0,1.0,109225.58565263674,41553.76974509539,150779.35539773214,4,0.27559323115212364
2004-02-10,8.469154,17.90395,0.05514621485593299,True,False,1.0,1.0,113409.80675666714,37656.11616508226,151065.9229217494,4,0.24926942778873923
2004-02-11,9.0165,18.289665,0.05555409355441859,True,False,1.0,1.0,135483.88847534833,17998.83684304212,153482.72531839044,4,0.11726946342465998
2004-02-12,8.567456,17.986021,0.05650220067537333,True,False,1.0,1.0,116067.41377134765,36504.01852374356,152571.43229509122,4,0.23925854253724552
2004-02-13,8.274263,17.780863,0.05601920286750595,True,False,1.0,1.0,96658.15634479253,54648.39582532722,151306.55217011974,4,0.361176664470445
2004-02-17,8.598865,18.013374,0.055226970980064856,True,False,1.0,1.0,102335.66743878144,51113.04298058898,153448.7104193704,4,0.3330952918463679
2004-02-18,8.77514,18.136482,0.055611339434445295,True,False,1.0,1.0,126043.73476054503,28433.937333730617,154477.67209427565,4,0.18406502990527826
2004-02-19,8.457493,17.917639,0.05359167294422065,True,False,1.0,1.0,106368.67737421804,47064.18853141932,153432.86590563736,4,0.30674124643128436
2004-02-20,8.240567,17.764441,0.05300756638252357,True,False,1.0,1.0,85738.37751936824,66470.04786379394,152208.42538316216,4,0.4367041291995856
2004-02-23,7.483004,17.220076,0.05601555218469864,True,False,1.0,1.0,66301.97989654218,79778.94031375449,146080.92021029667,4,0.5461284074532492
2004-02-24,7.507957,17.239229,0.053057920433855814,True,False,1.0,1.0,74301.35029411869,72040.47572914723,146341.82602326592,4,0.4922753643766478
2004-02-25,7.94757,17.575697,0.05145773594833222,True,False,1.0,1.0,100467.56798680883,50070.14257297079,150537.71055977963,4,0.33260863598086654
2004-02-26,8.19992,17.761717,0.05182813878068767,True,False,1.0,1.0,105632.4891863702,46493.96572012064,152126.45490649086,4,0.3056270899673536
2004-02-27,8.010495,17.624941,0.051497391724449976,True,False,1.0,1.0,84253.81753208605,66780.49040099101,151034.30793307704,4,0.4421544436816388
2004-03-01,8.428246,17.931309,0.05260844768140464,True,False,1.0,1.0,113729.57153187583,40762.27344583819,154491.844977714,4,0.2638474118275841
2004-03-02,8.254648,17.80821,0.05167198650914185,True,False,1.0,1.0,92610.14627812029,61024.59605634233,153634.74233446261,4,0.39720570444601566
2004-03-03,7.957942,17.594851,0.05230027736581115,True,False,1.0,1.0,71449.04989612207,79973.84187059924,151422.89176672132,4,0.5281489538173999
2004-03-04,8.247452,17.80821,0.047887387316700766,True,False,1.0,1.0,79732.17858153692,74594.96184755073,154327.14042908765,4,0.48335608137459557
2004-03-05,8.118231,17.715204,0.04744672335382724,True,False,1.0,1.0,56439.9234084928,96697.3785359565,153137.3019444493,4,0.6314423547244783
2004-03-08,7.155491,17.014923,0.04932884126511969,True,False,1.0,1.0,35391.08897912353,106259.22439960139,141650.3133787249,4,0.7501517071515419
2004-03-09,7.051946,16.932848,0.04934724829213834,True,False,1.0,1.0,12741.956047259784,127348.57791206475,140090.53395932453,4,0.9090448463066075
2004-03-10,6.628145,16.593639,0.05058166010737356,True,False,1.0,1.0,755.9655535866088,131669.35251667778,132425.3180702644,4,0.9942913820060791
2004-03-11,6.379019,16.38575,0.047668764024694936,True,False,1.0,1.0,755.9948322524938,126720.4174654576,127476.41229771009,4,0.9940695316205878
2004-03-12,6.90936,16.839846,0.05161406609951425,True,False,1.0,1.0,14468.403761431144,123530.16745321195,137998.5712146431,4,0.8951554089721191
2004-03-15,6.259506,16.311884,0.055050327950962374,True,False,1.0,1.0,1323.3767547021475,125043.58854246003,126366.96529716217,4,0.9895275102033976
2004-03-16,6.470505,16.495169,0.05479556633954861,True,False,1.0,1.0,14236.865184125729,116332.76625882894,130569.63144295466,4,0.8909634267418014
2004-03-17,6.901862,16.861727,0.05710659750100958,True,False,1.0,1.0,39653.373268528136,98647.69144488689,138301.06471341502,4,0.7132822270696387
2004-03-18,6.596179,16.612797,0.0573304657601663,True,False,1.0,1.0,20643.96401168476,113269.80943191759,133913.77344360235,4,0.8458413688090199
2004-03-19,5.960786,16.07937,0.060644644874206184,True,False,1.0,1.0,2778.6380830883995,120206.40524843971,122985.04333152811,4,0.9774066991577335
2004-03-22,5.696116,15.841379,0.05811192525074778,True,False,1.0,1.0,2778.745700182411,114869.01697831819,117647.7626785006,4,0.9763808028566088
2004-03-23,5.722662,15.865994,0.05813296849660736,True,False,1.0,1.0,14308.194295979798,103863.9140416485,118172.1083376283,4,0.8789207157487618
2004-03-24,6.018674,16.139555,0.05773677641272429,True,False,1.0,1.0,25221.888228468382,98312.7668701444,123534.65509861278,4,0.7958314757236765
2004-03-25,6.698071,16.746836,0.06308589589282704,True,False,1.0,1.0,52382.44067309655,82224.75084211194,134607.19151520848,4,0.6108496129853644
2004-03-26,6.556941,16.629208,0.06306463588261986,True,False,1.0,1.0,34730.48941872921,98127.9158189268,132858.40523765603,4,0.7385901979133077
2004-03-29,6.932297,16.946527,0.06331869513988729,True,False,1.0,1.0,45096.392102002756,93370.77622065211,138467.16832265488,4,0.6743170771217074
2004-03-30,6.88193,16.905491,0.06326675006011866,True,False,1.0,1.0,45098.13869242702,92692.38551034272,137790.52420276974,4,0.67270507929804
2004-03-31,6.835157,16.867199,0.06293473812111007,True,False,1.0,1.0,45099.88535049701,92062.40221387282,137162.28756436982,4,0.671193254710543
2004-04-01,7.24754,17.206408,0.0639618586836727,True,False,1.0,1.0,91848.07385112633,50825.346316125855,142673.4201672522,4,0.3562355641053861
2004-04-02,7.973444,17.780863,0.06782811512221144,True,False,1.0,1.0,116449.77663069742,31294.13098509559,147743.90761579302,4,0.21181334303459576
2004-04-05,8.157437,17.917639,0.061196738816290105,True,False,1.0,1.0,119652.83557213342,28814.639167541496,148467.47473967492,4,0.19408048273243358
2004-04-06,7.634367,17.534668,0.06319512368089485,True,False,1.0,1.0,102267.22098786595,44339.19407993823,146606.41506780416,4,0.30243692992173465
2004-04-07,7.605788,17.512785,0.06131023847446392,True,False,1.0,1.0,102271.1818135677,44173.21177549694,146444.39358906465,4,0.3016381214254654
2004-04-08,7.70913,17.592106,0.06038796491901884,True,False,1.0,1.0,106748.17926078103,40296.065165812266,147044.2444265933,4,0.2740404109181483
2004-04-12,7.748707,17.622204,0.058070655719692055,True,False,1.0,1.0,110798.71369444448,36452.64277558001,147251.3564700245,4,0.24755386741038654
2004-04-13,7.427539,17.378742,0.05394963238038514,True,False,1.0,1.0,92047.52866481534,53677.76944901502,145725.29811383036,4,0.36834901107620804
2004-04-14,7.206583,17.206408,0.05428814063301881,True,False,1.0,1.0,71638.03030518295,72472.8327420607,144110.86304724365,4,0.5028963896934129
2004-04-15,6.636013,16.752304,0.055790306526708223,True,False,1.0,1.0,52386.70828477425,85969.02570359179,138355.73398836603,4,0.6213622177077294
2004-04-16,6.190643,16.377537,0.05702663566076821,True,False,1.0,1.0,33400.524589200475,99167.80117924308,132568.32576844355,4,0.7480504909782069
2004-04-19,6.417099,16.57723,0.05269046749646624,True,False,1.0,1.0,43671.475972765824,92515.85626914163,136187.33224190745,4,0.679327913588961
2004-04-20,5.819857,16.062954,0.05641902941109785,False,False,1.0,1.0,24142.576340721407,103415.6924157408,127558.26875646222,4,0.810732956976587
2004-04-21,6.289655,16.495169,0.05896509037294879,True,False,1.0,1.0,116743.96556588181,19074.189822122535,135818.15538800435,1,0.1404391759528137
2004-04-22,6.533725,16.70854,0.0585238707734638,True,False,1.0,1.0,118728.0186633766,17832.927212381728,136560.94587575833,1,0.13058585013467855
2004-04-23,6.774405,16.913706,0.05393769842174464,True,False,1.0,1.0,124174.98737852275,13042.223842309979,137217.21122083275,1,0.09504801712753266
2004-04-26,6.320812,16.536207,0.05599103522661837,True,False,1.0,1.0,119384.34021113568,16959.437551664145,136343.77776279981,1,0.12438732320567529
2004-04-27,6.025943,16.279072,0.055171526147568574,False,False,1.0,1.0,114666.31548509734,20886.019268828975,135552.33475392632,1,0.15408085229032917
2004-04-28,5.646214,15.937122,0.05668034368531694,False,False,1.0,1.0,112315.98553290193,21922.19967310452,134238.18520600646,1,0.1633082244032275
2004-04-29,5.061823,15.38728,0.06086196314125584,False,False,1.0,1.0,110126.45423741157,21844.8262649714,131971.28050238296,1,0.1655271221269764
2004-04-30,4.805363,15.127413,0.058812049902179586,False,False,1.0,1.0,107964.86154573626,22901.656742945503,130866.51828868176,1,0.17500012258617714
2004-05-03,4.766258,15.086378,0.0522535910973592,False,False,1.0,1.0,107969.04304196121,22715.2880363706,130684.3310783318,1,0.1738179921719546
2004-05-04,5.051452,15.38728,0.054526301031007925,False,False,1.0,1.0,110378.3584895771,21667.032809325538,132045.39129890263,1,0.16408776252008125
2004-05-05,5.293923,15.633482,0.055761885719142014,False,False,1.0,1.0,114794.31969483732,18291.12467084766,133085.444365685,1,0.13743895704017262
2004-05-06,5.210556,15.551417,0.05566114713289199,False,False,1.0,1.0,112351.02590115512,20448.281709598792,132799.30761075392,1,0.1539788277325545
2004-05-07,5.342539,15.682721,0.05607218820090931,False,False,1.0,1.0,114449.9852901004,18869.611662338222,133319.59695243862,1,0.1415366689795042
2004-05-10,5.292214,15.633482,0.0558454608629262,False,False,1.0,1.0,114454.41795619736,18691.865986189267,133146.28394238662,1,0.14038593817817233
2004-05-11,5.556136,15.893358,0.05753152949230759,False,False,1.0,1.0,120495.45258980618,13581.616410772504,134077.0690005787,1,0.1012970861610488
2004-05-12,5.498747,15.838646,0.05741771054189987,False,False,1.0,1.0,120500.11939781124,13441.332698459157,133941.4520962704,1,0.10035229936732507
2004-05-13,5.42468,15.767518,0.055081806626084036,False,False,1.0,1.0,120504.78638656253,13260.28068988761,133765.06707645013,1,0.09913111830840725
2004-05-14,5.114109,15.466616,0.05453241677343778,False,False,1.0,1.0,118136.41126719616,14871.689698118073,133008.10096531422,1,0.11181040545790744
2004-05-17,4.834612,15.184854,0.05437948870028081,False,False,1.0,1.0,115737.75957324586,16459.653362551737,132197.4129357976,1,0.12450813519736169
2004-05-18,5.158604,15.524067,0.05337617234288057,False,False,1.0,1.0,120055.97986697144,13244.81008077416,133300.7899477456,1,0.09936032701656287
2004-05-19,5.363135,15.729227,0.05082180331503594,False,False,1.0,1.0,121436.30065356029,12392.95244630087,133829.25309986115,1,0.09260271696393206
2004-05-20,5.2708,15.638948,0.04967756476888502,False,False,1.0,1.0,118762.71169499974,14855.100791899724,133617.81248689946,1,0.11117605142170839
2004-05-21,5.3344,15.70187,0.04876151423784714,False,False,1.0,1.0,120269.30108483073,13530.914604591124,133800.21568942186,1,0.10112774882216327
2004-05-24,5.507257,15.871469,0.0477362597837014,False,False,1.0,1.0,123493.49327905365,10746.741068767873,134240.23434782153,1,0.08005603626199474
2004-05-25,5.905928,16.254446,0.049644779314810025,False,False,1.0,1.0,127035.08656378473,7984.4853540926,135019.57191787733,1,0.05913576262076276
2004-05-26,5.97153,16.314629,0.047337697676191635,False,False,1.0,1.0,128711.99489614232,6399.5785137504035,135111.57340989274,1,0.04736513943432349
2004-05-27,6.259893,16.57723,0.040238345140971826,False,False,1.0,1.0,129387.19620952547,6037.7506379535735,135424.94684747903,1,0.044583740134330856
2004-05-28,6.390045,16.692127,0.03747167501004463,True,False,1.0,1.0,131398.7716753906,4154.788922356212,135553.5605977468,1,0.030650533294993905
2004-06-01,6.226679,16.549889,0.03823189443039133,False,False,1.0,1.0,119916.46319600088,15524.046023912364,135440.50921991325,2,0.11461892836437984
2004-06-02,5.970408,16.32283,0.038618340203869526,False,False,1.0,1.0,126783.04490775603,8011.110501546687,134794.1554093027,1,0.05943217995781001
2004-06-03,5.469112,15.865994,0.04302566776546105,False,False,1.0,1.0,124173.12066683186,9950.591275573435,134123.7119424053,1,0.07418965022267178
2004-06-04,5.760499,16.147758,0.04422730850052119,False,False,1.0,1.0,127973.64361433517,6681.379453999645,134655.02306833482,1,0.049618493998615815
2004-06-07,6.366499,16.714014,0.04894167540758189,True,False,1.0,1.0,131233.88810173413,4125.834963892302,135359.72306562643,1,0.0304805216090164
2004-06-08,6.366499,16.714014,0.04880166974982313,True,False,1.0,1.0,131238.97081105108,4125.834963892302,135364.80577494338,1,0.030479377119277867
2004-06-09,5.738181,16.164177,0.05396618709777775,False,False,1.0,1.0,126487.03481147467,8470.733578586713,134957.7683900614,1,0.06276580947977885
2004-06-10,5.781884,16.205202,0.05390553409369433,False,False,1.0,1.0,127344.63799185272,7681.723363495145,135026.36135534788,1,0.056890545567463015
2004-06-14,5.348538,15.800353,0.05675982164544861,False,False,1.0,1.0,125136.70303546202,9316.557204631912,134453.26024009392,1,0.0692921628526916
2004-06-15,5.48466,15.93439,0.05531395084768126,False,False,1.0,1.0,126095.99785372436,8598.299904415153,134694.29775813952,1,0.06383566377735216
2004-06-16,5.422516,15.874205,0.053651096053187186,False,False,1.0,1.0,126100.88157173646,8500.876773489996,134601.75834522647,1,0.06315576317871684
2004-06-17,4.9039,15.368139,0.0567168707067268,False,False,1.0,1.0,123932.27088687915,9859.08179577246,133791.3526826516,1,0.07368997770100924
2004-06-18,4.841056,15.302477,0.055902878210321645,False,False,1.0,1.0,123937.07080340238,9732.736614106127,133669.8074175085,1,0.07281178002827961
2004-06-21,4.713845,15.168444,0.05604784481078303,False,False,1.0,1.0,121694.6466994643,11721.87660633161,133416.5233057959,1,0.08785925697872227
2004-06-22,5.144842,15.630746,0.059716333519859346,False,False,1.0,1.0,125425.28566249138,9064.122107607374,134489.40777009877,1,0.06739655009189961
2004-06-23,5.498703,15.989102,0.06122766183503915,False,False,1.0,1.0,128529.3794845118,6585.331984495396,135114.7114690072,1,0.04873882283355909
2004-06-24,5.368876,15.86327,0.059142853861580344,False,False,1.0,1.0,126474.152412879,8487.916334735193,134962.0687476142,1,0.06289112499163022
2004-06-25,5.466086,15.959002,0.0592599168146865,False,False,1.0,1.0,127342.38008604704,7777.440302555063,135119.8203886021,1,0.057559581415866964
2004-06-28,5.274959,15.772994,0.05835079502641398,False,False,1.0,1.0,125244.51491564138,9606.109664347585,134850.62457998897,1,0.07123518852261271
2004-06-29,5.579594,16.076639,0.0598093143012012,False,False,1.0,1.0,126264.47624592808,9144.78627452502,135409.2625204531,1,0.06753442197607222
2004-06-30,5.716308,16.207937,0.06001544722207785,False,False,1.0,1.0,132339.78741420872,3292.5943090621977,135632.38172327093,1,0.02427587178834651
2004-07-01,5.082443,15.608857,0.06470650348058912,False,False,1.0,1.0,130431.55771236632,4838.857740507611,135270.41545287395,1,0.03577173711123399
2004-07-02,4.796532,15.316164,0.06309905147972769,False,False,1.0,1.0,128550.6812044263,6450.620673801917,135001.30187822823,1,0.047781914574575035
2004-07-06,4.195145,14.676058,0.06756441602284576,False,False,1.0,1.0,126764.09549451056,7431.55019630625,134195.6456908168,1,0.05537847489797354
2004-07-07,4.371076,14.881218,0.06340088973261192,False,False,1.0,1.0,127542.58129775291,6968.885136337978,134511.4664340909,1,0.05180885556513246
2004-07-08,4.240915,14.7335,0.06328930084880825,False,False,1.0,1.0,125569.42623061857,8737.409271866156,134306.83550248473,1,0.06505558141681114
2004-07-09,4.429881,14.952337,0.06160721742346766,False,False,1.0,1.0,126486.08512725905,8214.056398300212,134700.14152555927,1,0.06098031008186877
2004-07-12,4.113812,14.596725,0.06286597758306563,False,False,1.0,1.0,124543.42703392146,9573.525011601572,134116.95204552304,1,0.07138191604855477
2004-07-13,4.13463,14.621341,0.06135577575441999,False,False,1.0,1.0,125509.52284835323,8659.774765314112,134169.29761366732,1,0.06454363941182303
2004-07-14,3.624086,14.019526,0.06609147118341056,False,False,1.0,1.0,123668.7153138266,9434.219317406258,133102.93463123287,1,0.07087912331568157
2004-07-15,3.628327,14.025002,0.06624429110302778,False,False,1.0,1.0,124617.12299061197,8500.733538315599,133117.85652892757,1,0.06385870205525974
2004-07-16,3.375684,13.699468,0.06471794753771833,False,False,1.0,1.0,122805.19075502767,9723.694834133816,132528.88558916148,1,0.07337038103736264
2004-07-19,3.442413,13.78974,0.0652753543699484,False,False,1.0,1.0,123800.58463992561,8924.317606313145,132724.90224623875,1,0.06723921024071464
2004-07-20,3.696447,14.128942,0.06812289934110893,False,False,1.0,1.0,126549.62102050315,6836.008394805486,133385.62941530865,1,0.05124996166956587
2004-07-21,3.206926,13.505249,0.0697681528349397,False,False,1.0,1.0,124906.34566828051,7577.181175532855,132483.52684381336,1,0.05719338363074903
2004-07-22,3.475855,13.882752,0.07078389505598318,False,False,1.0,1.0,127514.47484416554,5606.798068704753,133121.27291287028,1,0.042117972176952366
2004-07-23,3.13888,13.434122,0.07295944834722783,False,False,1.0,1.0,125867.17901924183,6713.753715012152,132580.932734254,1,0.050638908450502756
2004-07-26,3.054512,13.313768,0.07219534283442208,False,False,1.0,1.0,124143.76182529176,8259.797528292751,132403.5593535845,1,0.06238350062957833
2004-07-27,3.103464,13.384883,0.07286653057554329,False,False,1.0,1.0,124986.98019638285,7552.95308995708,132539.93328633992,1,0.05698624484471139
2004-07-28,3.059698,13.32197,0.07031937821145309,False,False,1.0,1.0,124991.82096196506,7446.4390318159,132438.25999378096,1,0.05622573893801965
2004-07-29,3.323575,13.70494,0.07382533245181479,False,False,1.0,1.0,127493.84587081829,5589.054142105475,133082.90001292375,1,0.04199678652601287
2004-07-30,3.440996,13.866337,0.07183409812805461,False,False,1.0,1.0,129498.07718159173,3785.2966623099746,133283.3738439017,1,0.02840036647589086
2004-08-02,3.447105,13.874535,0.07139322475183231,False,False,1.0,1.0,129881.92982476622,3412.8152273408114,133294.74505210703,1,0.02560352417499045
2004-08-03,3.08622,13.390358,0.06953635238889222,False,False,1.0,1.0,128262.6560749247,4678.1386709263015,132940.794745851,1,0.03518963971796403
2004-08-04,3.175118,13.518923,0.06905075825366362,False,False,1.0,1.0,128748.45020013156,4331.6024361512655,133080.0526362828,1,0.032548848233400096
2004-08-05,3.03634,13.32197,0.06928313236044625,False,False,1.0,1.0,126960.69089889797,5933.16226845008,132893.85316734805,1,0.04464587433535154
2004-08-06,2.710885,12.845985,0.0709633574242209,False,False,1.0,1.0,125297.35658575209,6963.727092846311,132261.0836785984,1,0.05265136878636611
2004-08-09,2.709153,12.843256,0.07016364798568235,False,False,1.0,1.0,125302.20937226112,6959.277927601452,132261.48729986258,1,0.05261756895129579
2004-08-10,2.825137,13.026534,0.07135528100867089,False,False,1.0,1.0,126032.08649123301,6531.496083792671,132563.58257502568,1,0.049270666625927266
2004-08-11,2.431802,12.421982,0.07296007900551167,False,False,1.0,1.0,124474.47085003207,7183.011780636277,131657.48263066835,1,0.05455832541463969
2004-08-12,2.243832,12.101927,0.07399195369208451,False,False,1.0,1.0,122840.54081863162,8264.839900786921,131105.38071941855,1,0.0630396697331186
2004-08-13,2.268178,12.145698,0.07347460691789882,False,False,1.0,1.0,123679.94682269433,7519.063473931368,131199.0102966257,1,0.05731036733380565
2004-08-16,2.3586,12.307092,0.07415268120380099,False,False,1.0,1.0,124465.86679061408,7036.933079614154,131502.79987022822,1,0.05351165972556065
2004-08-17,2.476556,12.512253,0.0728783916853167,False,False,1.0,1.0,126670.99688955302,5186.430577292724,131857.42746684575,1,0.03933362478648994
2004-08-18,2.762438,12.993705,0.07239316787796575,False,False,1.0,1.0,128509.7649838411,3949.5010685250986,132459.2660523662,1,0.029816721670220564
2004-08-19,2.690906,12.881551,0.06943964917025583,False,False,1.0,1.0,126771.40933871781,5588.7544507198,132360.16378943762,1,0.042223840547753876
2004-08-20,2.745763,12.969086,0.06649279565553433,False,False,1.0,1.0,127346.03973073134,5132.418474738461,132478.4582054698,1,0.03874153235372234
2004-08-23,2.829159,13.100389,0.06679070028754609,False,False,1.0,1.0,127879.29383796664,4759.473096409024,132638.76693437566,1,0.03588297152041394
2004-08-24,2.644843,12.815897,0.06807881088816181,False,False,1.0,1.0,126073.42576171918,6258.341452692416,132331.76721441158,1,0.04729281248509505
2004-08-25,2.72783,12.949939,0.06860718988208228,False,False,1.0,1.0,126723.15899555142,5809.237980631804,132532.39697618323,1,0.04383258820615577
2004-08-26,2.650038,12.826841,0.06550226075515547,False,False,1.0,1.0,124895.2514575999,7474.484326831253,132369.73578443113,1,0.05646671637241703
2004-08-27,2.711075,12.925322,0.06511354246950254,False,False,1.0,1.0,125664.01763106149,6881.976347783556,132545.99397884504,1,0.05192142094375143
2004-08-30,2.535502,12.646295,0.06615794119126332,False,False,1.0,1.0,123811.42660297584,8291.820504507228,132103.24710748307,1,0.06276772665368899
2004-08-31,2.45488,12.512253,0.06243856708354069,False,False,1.0,1.0,121923.20446343735,9919.21639414871,131842.42085758605,1,0.07523539335540023
2004-09-01,2.549874,12.673651,0.06279554109016841,False,False,1.0,1.0,122957.24115188145,9272.745219901662,132229.9863717831,1,0.07012588804047852
2004-09-02,2.601063,12.758451,0.0626298854032136,False,False,1.0,1.0,123906.98367315336,8513.006936782669,132419.99060993604,1,0.06428792886611111
2004-09-03,2.234659,12.159374,0.0665135241626292,False,False,1.0,1.0,122138.93302046414,9084.814917378566,131223.7479378427,1,0.0692314848504541
2004-09-07,2.175839,12.052688,0.0665824312051573,False,False,1.0,1.0,120249.92058120285,10737.465020948022,130987.38560215087,1,0.08197327530118831
2004-09-08,2.146211,11.99798,0.06540863618824261,False,False,1.0,1.0,120254.57787971424,10591.254932039494,130845.83281175373,1,0.08094453376499197
2004-09-09,2.504401,12.665445,0.0674211872547077,False,False,1.0,1.0,125652.1642073914,6960.7550164796885,132612.91922387108,1,0.052489267691399354
2004-09-10,2.785132,13.138689,0.06839943000954483,False,False,1.0,1.0,129305.43596059669,4089.105479344778,133394.54143994147,1,0.030654218944827102
2004-09-13,2.952132,13.401299,0.06921664438607192,False,False,1.0,1.0,132856.40603004402,784.9192678158909,133641.3252978599,1,0.005873327476111615
2004-09-14,2.975635,13.436859,0.06895284187678584,False,False,1.0,1.0,132940.59235370153,712.0514668512805,133652.64382055282,1,0.00532762724699489
2004-09-15,2.712116,13.040208,0.07212558084587181,False,False,1.0,1.0,131234.67316160377,2358.285405736437,133592.95856734022,1,0.017652767264284337
2004-09-16,2.720651,13.053888,0.06779089804035428,False,False,1.0,1.0,131476.0991743584,2129.1362141818486,133605.23538854023,1,0.015936023824141787
2004-09-17,2.859191,13.275467,0.06841156166310977,False,False,1.0,1.0,131704.73169779335,2013.799782194237,133718.53147998758,1,0.015059990263919581
2004-09-20,3.108408,13.661176,0.07067875424762478,False,False,1.0,1.0,133513.86242609072,383.5638716293959,133897.4262977201,1,0.002864609740717077
2004-09-21,3.214839,13.817095,0.07074984461092383,False,False,1.0,1.0,133558.66500323178,357.0272899035964,133915.6922931354,1,0.0026660601441844457
2004-09-22,2.937969,13.420448,0.07216270769267687,False,False,1.0,1.0,131891.04284835522,1997.3382630045119,133888.38111135975,1,0.014917935719480052
2004-09-23,2.972108,13.472424,0.0719302470137975,False,False,1.0,1.0,132098.0114922261,1818.492478022618,133916.5039702487,1,0.013579300714321361
2004-09-24,2.754858,13.144161,0.0738142614360841,False,False,1.0,1.0,130433.83951431273,3353.123415888604,133786.96293020132,1,0.025063155201736503
2004-09-27,2.636181,12.955405,0.07433171662945927,False,False,1.0,1.0,128758.68975660177,4887.131588605361,133645.82134520714,1,0.036567784457561904
2004-09-28,2.547676,12.810425,0.07316182103105888,False,False,1.0,1.0,127078.39245878653,6406.590339759146,133484.98279854568,1,0.04799483960999504
2004-09-29,2.66029,12.999172,0.07334323187137784,False,False,1.0,1.0,127751.64898429702,6020.800680095143,133772.44966439216,1,0.04500777772403889
2004-09-30,2.744262,13.135952,0.0731914251472927,False,False,1.0,1.0,130007.61312136913,3957.664832802548,133965.27795417167,1,0.02954246722166642
2004-10-01,3.128299,13.748709,0.07850888841239785,False,False,1.0,1.0,133482.98420602237,1037.832482439067,134520.81668846143,1,0.007715032572561592
2004-10-04,3.231,13.899162,0.06882704177744528,False,False,1.0,1.0,134491.18040799827,67.91264197289397,134559.09304997115,1,0.0005047049622107164
2004-10-05,3.198566,13.852656,0.06835321896529137,False,False,1.0,1.0,134496.38927276328,67.23090918745639,134563.62018195074,1,0.00049962173354544
2004-10-06,3.242152,13.915574,0.06793164763689145,False,False,1.0,1.0,134508.40649290784,61.33234206064127,134569.73883496848,1,0.00045576622643116714
2004-10-07,3.171403,13.814363,0.060725928948319643,False,False,1.0,1.0,132650.17051552492,1921.505799910286,134571.6763154352,1,0.014278679232666226
2004-10-08,2.860545,13.362999,0.06163193546293742,False,False,1.0,1.0,130736.66575839279,3649.8129333222846,134386.47869171508,1,0.027159078568425168
2004-10-11,2.876358,13.387619,0.060180727813785896,False,False,1.0,1.0,131108.3753091094,3302.990082777414,134411.36539188682,1,0.024573741016224997
2004-10-12,2.751169,13.193401,0.060895160180688634,False,False,1.0,1.0,129060.72692170567,5209.828726270237,134270.5556479759,1,0.038800976886765225
2004-10-13,2.879516,13.398562,0.05806751465288399,False,False,1.0,1.0,129610.48893850388,4907.588976576609,134518.0779150805,1,0.03648274679983686
2004-10-14,2.627307,13.007385,0.06180423811648447,False,False,1.0,1.0,127587.15264703144,6503.997882165306,134091.15052919675,1,0.048504303650889605
2004-10-15,2.642226,13.032006,0.06065010073097168,False,False,1.0,1.0,128245.55837556881,5886.837388010574,134132.39576357938,1,0.043888259465570595
2004-10-18,2.697134,13.122273,0.05741508241006104,False,False,1.0,1.0,128850.86483322074,5408.2543826709225,134259.11921589167,1,0.04028221259201268
2004-10-19,2.786533,13.267259,0.05737601773107053,False,False,1.0,1.0,131153.1274676065,3288.033241856565,134441.16070946306,1,0.02445704295102182
2004-10-20,2.857201,13.379416,0.054312970542317596,False,False,1.0,1.0,131495.02490781,3034.277605899244,134529.30251370923,1,0.02255477096218525
2004-10-21,3.128841,13.803424,0.058069700076963895,False,False,1.0,1.0,134195.74422721972,624.532325992828,134820.27655321255,1,0.004632332331304259
2004-10-22,2.810748,13.335645,0.06066055415986051,False,False,1.0,1.0,132203.95315461053,2555.955609038671,134759.9087636492,1,0.018966735971315284
2004-10-25,2.879939,13.445065,0.05991037231733559,False,False,1.0,1.0,132470.70912925483,2356.9870428317654,134827.69617208658,1,0.017481475318123347
2004-10-26,2.818414,13.349325,0.05954963435017708,False,False,1.0,1.0,130366.20555599306,4414.079058740503,134780.28461473357,1,0.03275018354025627
2004-10-27,3.133755,13.847186,0.06321345661906447,False,False,1.0,1.0,135202.39197141305,72.16660643736654,135274.5585778504,1,0.00053348247590721
2004-10-28,3.195044,13.93746,0.06304433437299256,False,False,1.0,1.0,135214.97911023194,66.2202165160526,135281.199326748,1,0.0004895005133426507
2004-10-29,3.179991,13.915574,0.05597347206898262,False,False,1.0,1.0,135220.21600783558,65.90822928857901,135286.12423712417,1,0.00048717656493032255
2004-11-01,3.215623,13.967553,0.05554541882846512,False,False,1.0,1.0,135232.73886767036,59.35396515286918,135292.09283282323,1,0.000438709786433796
2004-11-02,3.174054,13.907368,0.05557653094458351,False,False,1.0,1.0,135237.9764531122,58.5866846049195,135296.56313771714,1,0.00043302418957445835
2004-11-03,3.102882,13.803424,0.055688963795828814,False,False,1.0,1.0,132974.06745089244,2324.0651093064803,135298.13256019892,1,0.01717736280116373
2004-11-04,3.161913,13.890953,0.0556720998037697,False,False,1.0,1.0,133215.81783807822,2131.451506620723,135347.26934469893,1,0.015748020015035526
2004-11-05,3.313227,14.112537,0.0509655920771442,False,False,1.0,1.0,135452.2828296778,0.0,135452.2828296778,1,0.0
2004-11-08,3.317079,14.118001,0.050983109237099956,False,False,1.0,1.0,135457.52891809217,0.0,135457.52891809217,1,0.0
2004-11-09,3.243806,14.014056,0.05003397181966299,False,False,1.0,1.0,132991.18266260496,2469.027797821216,135460.21046042617,1,0.01822695970594647
2004-11-10,3.099443,13.806156,0.05059845553855752,False,False,1.0,1.0,130536.14868242847,4816.7775223365425,135352.926204765,1,0.035586800059642675
2004-11-11,3.289201,14.087913,0.04674650053925027,False,False,1.0,1.0,133657.46949466196,1992.412636323585,135649.88213098556,1,0.014687905400460884
2004-11-12,3.467392,14.342317,0.04762891061764291,False,False,1.0,1.0,135760.97768851792,0.0,135760.97768851792,0,0.0
2004-11-15,3.630083,14.566633,0.048156557497723435,False,False,1.0,1.0,135766.23573273316,0.0,135766.23573273316,1,0.0
2004-11-16,3.56055,14.473623,0.048547893213278584,False,False,1.0,1.0,133176.47704097268,2592.324113981086,135768.80115495378,1,0.01909366579014313
2004-11-17,3.845208,14.859324,0.05060866631919419,False,False,1.0,1.0,135978.51835435492,0.0,135978.51835435492,1,0.0
2004-11-18,3.995983,15.053553,0.047745164063577906,False,False,1.0,1.0,135983.78482395466,0.0,135983.78482395466,1,0.0
2004-11-19,3.63872,14.604931,0.04602572990295775,False,False,1.0,1.0,133529.78136854628,2456.7181665791327,135986.49953512542,1,0.018065897533780996
2004-11-22,3.677565,14.656898,0.04594887027365315,False,False,1.0,1.0,133783.00878621358,2234.6502808262326,136017.6590670398,1,0.016429118808204364
2004-11-23,3.599321,14.552949,0.045945420402078545,False,False,1.0,1.0,131042.80926873194,4929.637881871664,135972.4471506036,1,0.036254682365255794
2004-11-24,3.688629,14.673314,0.040472909327824186,False,False,1.0,1.0,131552.5943601578,4546.758881887265,136099.35324204506,1,0.033407645029738746
2004-11-26,3.624676,14.58851,0.04077329490535517,False,False,1.0,1.0,128747.04249224707,7275.658068439709,136022.7005606868,1,0.05348855770727519
2004-11-29,3.600207,14.555688,0.04080506672107127,False,False,1.0,1.0,128752.02888563884,7226.542484791225,135978.57137043006,1,0.053144715464797945
2004-11-30,3.45609,14.361466,0.04210951862884843,False,False,1.0,1.0,126011.06375109835,9680.364828121814,135691.42857922017,1,0.07134101932216129
2004-12-01,3.890568,14.963283,0.049061118260739486,True,False,1.0,1.0,136902.78818890496,0.0,136902.78818890496,1,0.0
2004-12-02,3.79242,14.837441,0.049166457509629745,False,False,1.0,1.0,126676.96391511874,10220.509792901921,136897.47370802067,2,0.07465813295211388
2004-12-03,4.014763,15.127413,0.050253317305395756,True,False,1.0,1.0,137491.18958061686,0.0,137491.18958061686,1,0.0
2004-12-06,4.090989,15.223155,0.04961921311174469,True,False,1.0,1.0,137496.5146362133,0.0,137496.5146362133,1,0.0
2004-12-07,3.848397,14.922238,0.05213055118405422,True,False,1.0,1.0,132610.20249801554,4886.561392086731,137496.76389010227,1,0.0355394647396388
2004-12-08,3.651562,14.667844,0.05345653977321202,False,False,1.0,1.0,127916.01158899245,9331.07759184739,137247.08918083983,1,0.06798743527123227
2004-12-09,3.516728,14.4873,0.053084245631985896,False,False,1.0,1.0,125594.50942570264,11310.56959280331,136905.07901850593,1,0.08261614305247522
2004-12-10,3.401183,14.328637,0.05224815636754613,False,False,1.0,1.0,123246.92865799901,13288.955448772776,136535.8841067718,1,0.0973293983168611
2004-12-13,3.492741,14.457209,0.05121837822655234,False,False,1.0,1.0,124615.05885494217,12282.01822389206,136897.07707883423,1,0.08971716917534533
2004-12-14,3.665237,14.695202,0.051330964333110546,False,False,1.0,1.0,128184.51805400844,9320.52741127943,137505.04546528787,1,0.06778316664483652
2004-12-15,3.712308,14.75812,0.05118018286037573,False,False,1.0,1.0,131070.46621104925,6556.471048042695,137626.93725909194,1,0.0476394460170228
2004-12-16,3.561613,14.558415,0.048862948320390294,False,False,1.0,1.0,128656.23133178978,8707.122717508777,137363.35404929856,1,0.0633875226604023
2004-12-17,3.461228,14.421646,0.04810281191398429,False,False,1.0,1.0,126095.90635238068,11024.356030443569,137120.26238282426,1,0.08039917543086968
2004-12-20,3.343056,14.257514,0.0441716808359071,False,False,1.0,1.0,123511.41471561311,13234.654816505512,136746.06953211862,1,0.09678270726016724
2004-12-21,3.481601,14.454469,0.04519952448638008,False,False,1.0,1.0,124893.18670677273,12404.820230178726,137298.00693695145,1,0.09034960162149432
2004-12-22,3.532999,14.525599,0.04513246357512534,False,False,1.0,1.0,128613.53463474014,8868.863487380615,137482.39812212077,1,0.06450908340646427
2004-12-23,3.556946,14.558415,0.04477897563544612,False,False,1.0,1.0,129510.55525503971,8036.0797315216005,137546.63498656132,1,0.058424400802729544
2004-12-27,3.496795,14.476355,0.04477107723380902,False,False,1.0,1.0,126700.62518802832,10712.207735307236,137412.83292333555,1,0.07795638520372926
2004-12-28,3.514638,14.500978,0.04478024433075593,False,False,1.0,1.0,127781.18415745335,9690.181761688713,137471.36591914206,1,0.07048872830279643
2004-12-29,3.61409,14.637753,0.0442116661182283,False,False,1.0,1.0,128781.61327022442,8967.942104646738,137749.55537487115,1,0.06510323812110617
2004-12-30,3.658665,14.697935,0.0349265685283828,True,False,1.0,1.0,133629.33491957237,4231.156001302819,137860.4909208752,1,0.03069157793534396
2004-12-31,3.672965,14.717079,0.03454778679188922,True,False,1.0,1.0,134058.87143042393,3822.924239331201,137881.7956697551,1,0.027726098436428863
2005-01-03,3.488636,14.470881,0.033361752740643194,False,False,1.0,1.0,123183.32646903992,14507.468674179292,137690.7951432192,2,0.10536266174575676
2005-01-04,3.17209,14.033201,0.03810780982942246,False,False,1.0,1.0,125555.93270706509,10822.909692559186,136378.84239962426,1,0.07935915499887689
2005-01-05,3.021828,13.81162,0.03736215763270877,False,False,1.0,1.0,122844.64651687769,13030.492432389148,135875.13894926684,1,0.09590049020854716
2005-01-06,2.978737,13.745976,0.03614444481811019,False,False,1.0,1.0,120038.95226087335,15658.989900197075,135697.94216107042,1,0.115395927534481
2005-01-07,3.023193,13.814363,0.03595050364723532,False,False,1.0,1.0,121638.2156456831,14303.422486782767,135941.63813246586,1,0.10521737624527562
2005-01-10,3.023193,13.814363,0.035459124098489836,False,False,1.0,1.0,121649.80023764937,14303.422486782767,135953.22272443213,1,0.1052084106588251
2005-01-11,2.814865,13.49704,0.03745027729129914,False,False,1.0,1.0,119001.4759519961,15974.774410248196,134976.2503622443,1,0.11835248325076216
2005-01-12,2.931246,13.683054,0.03684711056312088,False,False,1.0,1.0,123439.17965845462,12204.874672887088,135644.0543313417,1,0.0899772181910302
2005-01-13,2.846859,13.55175,0.03660667930743924,False,False,1.0,1.0,120675.38872437291,14626.021428827695,135301.41015320062,1,0.10809954909018892
2005-01-14,2.943404,13.70494,0.037389438372307966,False,False,1.0,1.0,122197.71638820115,13609.82787694348,135807.54426514462,1,0.10021407831638761
2005-01-18,3.015664,13.817095,0.037836269465469585,False,False,1.0,1.0,126243.31148742333,9906.335841719902,136149.64732914322,1,0.07276064269025412
2005-01-19,2.773862,13.447804,0.04115858307933762,False,False,1.0,1.0,123626.00981207126,11738.473937315028,135364.4837493863,1,0.08671753189741874
2005-01-20,2.695997,13.32197,0.03961683933560387,False,False,1.0,1.0,120857.18222900717,14186.522710474675,135043.70493948186,1,0.10505134405807504
2005-01-21,2.612959,13.18519,0.03927236136142626,False,False,1.0,1.0,118097.00428582533,16518.226560594274,134615.2308464196,1,0.12270696604487243
2005-01-24,2.438942,12.892488,0.04067787018212898,False,False,1.0,1.0,115439.15779495255,18084.32451624806,133523.4823112006,1,0.13543928156471588
2005-01-25,2.561586,13.108599,0.04342665008426974,False,False,1.0,1.0,120145.51431224728,14294.093340771149,134439.60765301844,1,0.1063235276442003
2005-01-26,2.763649,13.453271,0.04786165143948498,False,False,1.0,1.0,124280.24065699682,11294.62158505757,135574.8622420544,1,0.08330911349105584
2005-01-27,2.854683,13.600995,0.04806959319740339,False,False,1.0,1.0,127739.8202996398,8215.79800591823,135955.61830555805,1,0.06042999993904891
2005-01-28,2.770284,13.46695,0.04788530519126979,False,False,1.0,1.0,125148.44265955458,10573.591792454272,135722.03445200884,1,0.07790622823439242
2005-01-31,2.873261,13.633819,0.04906358205362792,False,False,1.0,1.0,126256.03257106213,9869.970022734513,136126.00259379664,1,0.0725061328083419
2005-02-01,2.978762,13.800684,0.049286101818302515,False,False,1.0,1.0,131529.6426812757,4966.026630536171,136495.66931181186,1,0.036382301765133206
2005-02-02,2.978762,13.800684,0.044813043632311325,False,False,1.0,1.0,131542.16931391202,4966.026630536171,136508.19594444818,1,0.036378963154396156
2005-02-03,2.852998,13.606464,0.04454106076658628,False,False,1.0,1.0,128812.07270343031,7495.983506984646,136308.05621041497,1,0.054992960177007465
2005-02-04,3.214357,14.180915,0.052105988888623896,False,False,1.0,1.0,134631.0060156196,2633.495784190176,137264.50179980978,1,0.019185555986142265
2005-02-07,3.188314,14.142618,0.05210351135340265,False,False,1.0,1.0,134643.82801619254,2612.1589722841977,137255.98698847674,1,0.019031293494712914
2005-02-08,3.380722,14.427114,0.053572903432248034,True,False,1.0,1.0,135596.47674337673,1829.120552640444,137425.59729601716,1,0.013309897054334689
2005-02-09,3.134574,14.07697,0.053897562092978385,False,False,1.0,1.0,126674.60467640494,10620.953722852995,137295.55839925795,2,0.07735831986616108
2005-02-10,3.193048,14.164508,0.05336419812707257,False,False,1.0,1.0,137495.96180700447,0.0,137495.96180700447,0,0.0
2005-02-11,3.496444,14.613133,0.056076448245732276,True,False,1.0,1.0,137509.0566605099,0.0,137509.0566605099,0,0.0
2005-02-14,3.527857,14.656898,0.05581283467324193,True,False,1.0,1.0,137522.15276114424,0.0,137522.15276114424,0,0.0
2005-02-15,3.587121,14.738968,0.055729775575637665,True,False,1.0,1.0,137535.25010902627,0.0,137535.25010902627,0,0.0
2005-02-16,3.507233,14.629544,0.0519545190477849,True,False,1.0,1.0,137548.34870427474,0.0,137548.34870427474,0,0.0
2005-02-17,3.349835,14.410698,0.0528044002471099,True,False,1.0,1.0,137561.4485470085,0.0,137561.4485470085,0,0.0
2005-02-18,3.342202,14.399761,0.05197793193476189,True,False,1.0,1.0,137574.54963734632,0.0,137574.54963734632,0,0.0
2005-02-22,3.323158,14.372407,0.04859051913382904,True,False,1.0,1.0,137587.65197540703,0.0,137587.65197540703,0,0.0
2005-02-23,3.283309,14.31496,0.048287670691594335,True,False,1.0,1.0,137600.75556130946,0.0,137600.75556130946,0,0.0
2005-02-24,3.496008,14.624078,0.04745945511194057,True,False,1.0,1.0,137613.86039517244,0.0,137613.86039517244,0,0.0
2005-02-25,3.682377,14.883952,0.048103275489267974,True,False,1.0,1.0,137626.96647711485,0.0,137626.96647711485,0,0.0
2005-02-28,3.55041,14.706136,0.04842727660187334,True,False,1.0,1.0,137640.07380725554,0.0,137640.07380725554,0,0.0
2005-03-01,3.786178,15.031664,0.04954113492028047,True,False,1.0,1.0,137653.1823857134,0.0,137653.1823857134,0,0.0
2005-03-02,3.62288,14.815564,0.050869144201562945,True,False,1.0,1.0,137666.29221260728,0.0,137666.29221260728,0,0.0
2005-03-03,3.476387,14.615869,0.052109323661466075,True,False,1.0,1.0,137679.4032880561,0.0,137679.4032880561,0,0.0
2005-03-04,3.474435,14.613133,0.05077471442841993,True,False,1.0,1.0,137692.5156121788,0.0,137692.5156121788,0,0.0
2005-03-07,3.648087,14.856598,0.044886022062179336,True,False,1.0,1.0,137705.62918509427,0.0,137705.62918509427,0,0.0
2005-03-08,3.482849,14.632282,0.046324602870231324,True,False,1.0,1.0,137718.74400692142,0.0,137718.74400692142,0,0.0
2005-03-09,3.418388,14.542012,0.04476430448539925,True,False,1.0,1.0,137731.86007777922,0.0,137731.86007777922,0,0.0
2005-03-10,3.553428,14.7335,0.04172527100970332,True,False,1.0,1.0,137744.97739778663,0.0,137744.97739778663,0,0.0
2005-03-11,3.315915,14.405231,0.04486138608021619,True,False,1.0,1.0,132396.4361139945,5355.793473949617,137752.22958794414,1,0.03887990408554772
2005-03-14,3.331027,14.427114,0.03971845770149203,True,False,1.0,1.0,132946.57867158495,4842.181841613846,137788.7605131988,1,0.03514206691154619
2005-03-15,3.156702,14.175447,0.0412198990153231,True,False,1.0,1.0,127459.74411253768,10082.25145019192,137541.9955627296,1,0.07330307669989888
2005-03-16,3.063502,14.035934,0.04121579305814794,False,False,1.0,1.0,116270.04157664799,20974.16340464059,137244.20498128858,2,0.15282367228182886
2005-03-17,3.083206,14.066029,0.041182918043097975,False,False,1.0,1.0,132337.89800963082,5037.74082868559,137375.6388383164,1,0.03667128226871967
2005-03-18,2.964485,13.885484,0.0408731401115814,False,False,1.0,1.0,129563.7041749172,7627.507412006564,137191.21158692378,1,0.055597638680913664
2005-03-21,2.992518,13.929254,0.041014181758670734,False,False,1.0,1.0,130345.31039404297,6929.671731517196,137274.98212556017,1,0.050480223156604685
2005-03-22,2.907888,13.797949,0.04134016154335501,False,False,1.0,1.0,127541.3428355654,9546.996827227673,137088.33966279306,1,0.06964120253196712
2005-03-23,3.008202,13.956608,0.0422921937073151,False,False,1.0,1.0,128540.2301129213,8888.707355542561,137428.93746846388,1,0.06467857148049531
2005-03-24,3.020582,13.975756,0.03932010058719767,False,False,1.0,1.0,129444.19323615255,8032.759268585527,137476.9525047381,1,0.05842986131299849
2005-03-28,2.999302,13.942936,0.036771910181990164,False,False,1.0,1.0,129456.521254556,7976.168480043617,137432.6897345996,1,0.0580369087983844
2005-03-29,2.851009,13.713149,0.037436866799041346,False,False,1.0,1.0,126716.75720017003,10330.888826717246,137047.6460268873,1,0.07538173128993719
2005-03-30,3.067695,14.060555,0.03842543692799508,True,False,1.0,1.0,133196.60209709223,4642.435786303596,137839.03788339582,1,0.03368012326254655
2005-03-31,2.990706,13.942936,0.03778855407764905,False,False,1.0,1.0,127561.77917421788,10167.255177704246,137729.03435192214,1,0.0738207105389638
2005-04-01,2.874525,13.762387,0.037717310301753036,False,False,1.0,1.0,124790.51747599171,12552.649279177307,137343.16675516902,1,0.09139624180614635
2005-04-04,2.841956,13.710414,0.03765985455749199,False,False,1.0,1.0,121939.28994108076,15270.404719064865,137209.69466014561,1,0.11129246192762178
2005-04-05,2.835154,13.699468,0.03510517869244805,False,False,1.0,1.0,121950.90320678944,15233.856196533525,137184.75940332297,1,0.11104627265297023
2005-04-06,2.841946,13.710414,0.03432229621178271,False,False,1.0,1.0,123488.17092861109,13743.315888337036,137231.48681694813,1,0.10014695757591786
2005-04-07,2.986542,13.942936,0.036743827974501396,True,False,1.0,1.0,130242.85715325564,7693.532744847011,137936.38989810264,1,0.05577594680077123
2005-04-08,2.960173,13.901898,0.03514876999894842,False,False,1.0,1.0,130255.26123488929,7625.604430110814,137880.8656650001,1,0.05530574814230013
2005-04-11,2.886777,13.787008,0.03246521833502632,False,False,1.0,1.0,127445.43233703001,10255.677661376736,137701.10999840676,1,0.07447781402412368
2005-04-12,2.866159,13.754179,0.03235274133997266,False,False,1.0,1.0,127457.56999725259,10182.4293425692,137639.99933982178,1,0.07397870816193208
2005-04-13,2.664364,13.431389,0.03404336576440588,False,False,1.0,1.0,124781.35628497097,12150.935586361524,136932.2918713325,1,0.08873681598624719
2005-04-14,2.545527,13.231695,0.03473662707589525,False,False,1.0,1.0,122029.07669568261,14370.113988865587,136399.1906845482,1,0.10535336695728273
2005-04-15,2.305552,12.815897,0.039855582927504934,False,False,1.0,1.0,119419.75087942989,15633.477185979727,135053.2280654096,1,0.1157578934611474
2005-04-18,2.339508,12.878815,0.039916894726878635,False,False,1.0,1.0,121016.06133709101,14277.353297594396,135293.4146346854,1,0.10552881185049258
2005-04-19,2.494547,13.16331,0.043194206484114685,False,False,1.0,1.0,125095.67820976368,11151.736400606806,136247.41461037047,1,0.0818491597253251
2005-04-20,2.388795,12.97729,0.043664703129942396,False,False,1.0,1.0,122330.60640273114,13452.92513274065,135783.5315354718,1,0.09907626485047075
2005-04-21,2.648617,13.447804,0.04966123172268621,False,False,1.0,1.0,126905.40124256758,10348.882031140522,137254.2832737081,1,0.07539933752379233
2005-04-22,2.52578,13.239903,0.05042284799957517,False,False,1.0,1.0,124407.4966395941,12376.16832846999,136783.66496806408,1,0.09047987076058787
2005-04-25,2.553959,13.289143,0.050621602777116435,False,False,1.0,1.0,125669.63698372872,11262.819342622794,136932.4563263515,1,0.08225091146966709
2005-04-26,2.528723,13.245376,0.04962391061946585,False,False,1.0,1.0,125681.60552058431,11151.529964472858,136833.13548505717,1,0.08149729175569947
2005-04-27,2.475456,13.152367,0.04605160094389949,False,False,1.0,1.0,123115.12853235682,13492.250907702346,136607.37944005916,1,0.09876663298136468
2005-04-28,2.38587,12.993705,0.046314101333833034,False,False,1.0,1.0,120393.78785002146,15734.046039425086,136127.83388944654,1,0.11558287228902189
2005-04-29,2.465735,13.138689,0.04681721334504324,False,False,1.0,1.0,122029.85556655898,14634.657047500335,136664.51261405932,1,0.10708454424323466
2005-05-02,2.461113,13.130484,0.046825733995174444,False,False,1.0,1.0,122041.47745756533,14607.22450309733,136648.70196066267,1,0.10689618191398803
2005-05-03,2.442655,13.097659,0.04681211906959265,False,False,1.0,1.0,122053.10045541843,14497.672381809858,136550.7728372283,1,0.10617056264552543
2005-05-04,2.607945,13.393091,0.04955521530890669,False,False,1.0,1.0,128734.45247732184,8802.934844055993,137537.38732137784,1,0.06400394115010012
2005-05-05,2.627124,13.425917,0.04801127376609802,False,False,1.0,1.0,129632.67772461938,7980.904988153578,137613.58271277297,1,0.05799503821371558
2005-05-06,2.684934,13.524395,0.04841573761665237,False,False,1.0,1.0,133359.44589527766,4438.738949914582,137798.18484519224,1,0.03221188257959444
2005-05-09,2.71589,13.576368,0.04830204644043245,False,False,1.0,1.0,133820.73206957718,4040.923931096691,137861.65600067386,1,0.029311441979754972
2005-05-10,2.628877,13.431389,0.04874769892760204,False,False,1.0,1.0,131214.9929840251,6527.077794434306,137742.0707784594,1,0.047386232525371864
2005-05-11,2.641727,13.453271,0.046005642422835565,False,False,1.0,1.0,131882.7943831185,5903.084045617881,137785.87842873638,1,0.04284244592359288
2005-05-12,2.672345,13.505249,0.0448096681763289,False,False,1.0,1.0,132491.96447845147,5374.3514831388875,137866.31596159036,1,0.03898233912797224
2005-05-13,2.927296,13.934723,0.04225050296659098,True,False,1.0,1.0,136228.75853892407,2159.534614523454,138388.29315344754,1,0.015604893776158663
2005-05-16,2.960048,13.986696,0.04224605060556566,True,False,1.0,1.0,136459.9047660353,1965.3268767442137,138425.23164277952,2,0.014197750319218832
2005-05-17,3.029521,14.096118,0.04052978531501368,True,False,1.0,1.0,137226.285192457,1257.3869781373332,138483.67217059433,2,0.009079676747655795
2005-05-18,3.138872,14.265722,0.038899722006680376,True,False,1.0,1.0,138303.1657068952,237.9977300120469,138541.16343690726,2,0.0017178845918991647
2005-05-19,3.15693,14.293077,0.032695240103596125,True,False,1.0,1.0,138340.2524712957,215.4302425923192,138555.68271388803,3,0.0015548279101419034
2005-05-20,3.227617,14.399761,0.02998330537416032,True,False,1.0,1.0,138573.48238853554,0.0,138573.48238853554,3,0.0
2005-05-23,3.249692,14.432588,0.030007309266754486,True,False,1.0,1.0,138586.67986304875,0.0,138586.67986304875,3,0.0
2005-05-24,3.366106,14.604931,0.02996446664334177,True,False,1.0,1.0,138599.87859446427,0.0,138599.87859446427,4,0.0
2005-05-25,3.28099,14.481822,0.030248866049825785,True,False,1.0,1.0,116142.84540843735,22445.647708341297,138588.49311677864,4,0.16195895635742247
2005-05-26,3.448329,14.728031,0.02873271820721865,True,False,1.0,1.0,139722.99461853987,0.0,139722.99461853987,4,0.0
2005-05-27,3.404137,14.665108,0.029335526444673653,True,False,1.0,1.0,116857.26767761639,22854.001143539354,139711.26882115574,4,0.16358022753908805
2005-05-31,3.383176,14.635014,0.029489765358686127,True,False,1.0,1.0,116868.39694120473,22713.277454108018,139581.67439531276,4,0.16272392169319574
2005-06-01,3.459065,14.744439,0.02899105718751184,True,False,1.0,1.0,119199.70249161993,20900.488998832672,140100.1914904526,4,0.14918244419570958
2005-06-02,3.611159,14.960548,0.02742384789436083,True,False,1.0,1.0,141010.78826054424,0.0,141010.78826054424,4,0.0
2005-06-03,3.518051,14.831971,0.02897425130898326,True,False,1.0,1.0,118452.89180125632,22546.629982795414,140999.52178405173,4,0.1599057195195795
2005-06-06,3.446038,14.730762,0.02995969073590427,True,False,1.0,1.0,95761.08767777264,44763.355219212404,140524.44289698504,4,0.3185449754960232
2005-06-07,3.363485,14.613133,0.03106705958821835,True,False,1.0,1.0,73141.92163795009,66294.53574694505,139436.45738489513,4,0.4754462139263057
2005-06-08,3.440928,14.725294,0.029432941880972487,True,False,1.0,1.0,79924.84500379695,61038.84865512936,140963.6936589263,4,0.4330111326595774
2005-06-09,3.636528,15.004309,0.03078669073445092,True,False,1.0,1.0,144382.69576850065,0.0,144382.69576850065,4,0.0
2005-06-10,3.471443,14.777264,0.033810025341014356,True,False,1.0,1.0,122030.66284943554,22341.312467739117,144371.97531717466,4,0.15474826342617318
2005-06-13,3.454092,14.752648,0.028556400390196628,True,False,1.0,1.0,122042.28481732597,22229.645903538654,144271.93072086462,4,0.15408157215659832
2005-06-14,3.384923,14.654166,0.029243975064135227,True,False,1.0,1.0,99060.84558137714,44752.39684514146,143813.2424265186,4,0.31118411691473896
2005-06-15,3.407672,14.686995,0.028985810281969466,True,False,1.0,1.0,103571.5196390387,40547.847231936794,144119.3668709755,4,0.28134905191637233
2005-06-16,3.485734,14.79915,0.028434122287881187,True,False,1.0,1.0,107725.30114493986,37329.03540917412,145054.33655411398,4,0.25734518729985123
2005-06-17,3.485734,14.79915,0.028457781507956394,True,False,1.0,1.0,111465.08649391467,33596.1318682567,145061.21836217138,4,0.2315996807939247
2005-06-20,3.437416,14.730762,0.02845501980279105,True,False,1.0,1.0,88338.58700346321,56242.234372963765,144580.82137642696,4,0.38900203939589545
2005-06-21,3.504438,14.826501,0.028676057806082414,True,False,1.0,1.0,111394.79609652684,34270.16365249306,145664.9597490199,4,0.23526703821935213
2005-06-22,3.585906,14.94139,0.028095776272683958,True,False,1.0,1.0,146440.52001141256,0.0,146440.52001141256,4,0.0
2005-06-23,3.589843,14.946863,0.0272789963002938,True,False,1.0,1.0,146454.46672760413,0.0,146454.46672760413,4,0.0
2005-06-24,3.38486,14.66237,0.028569934681030484,True,False,1.0,1.0,124352.82036704248,22091.396961540024,146444.2173285825,4,0.15085195827140588
2005-06-27,3.225721,14.432588,0.030377941232718843,True,False,1.0,1.0,102005.10511880428,43387.86519338624,145392.97031219053,4,0.29841790218758857
2005-06-28,3.339442,14.602191,0.03148290585427843,True,False,1.0,1.0,129604.08628084011,17303.22690785966,146907.31318869977,4,0.11778329160260373
2005-06-29,3.296273,14.539278,0.03112095092000059,True,False,1.0,1.0,106440.25853603786,40230.361055050394,146670.61959108827,4,0.2742905236727779
2005-06-30,3.216269,14.421646,0.029557682137113378,True,False,1.0,1.0,83542.18872689435,62137.070341398656,145679.259068293,4,0.42653340454092653
2005-07-01,3.241894,14.459942,0.029304682026892518,True,False,1.0,1.0,89807.6913531361,56368.92186742539,146176.6132205615,4,0.38562202684482794
2005-07-05,3.379891,14.665108,0.03072958919530459,True,False,1.0,1.0,117310.73345629235,31248.97545379967,148559.708910092,4,0.21034623507987268
2005-07-06,3.468779,14.793674,0.030778543672382596,True,False,1.0,1.0,138964.72346522773,10408.37558647947,149373.0990517072,4,0.06968038858775027
2005-07-07,3.511114,14.853856,0.03048308712222558,True,False,1.0,1.0,149503.83063048316,0.0,149503.83063048316,4,0.0
2005-07-08,3.736138,15.171176,0.031154138165934025,True,False,1.0,1.0,149518.06909054323,0.0,149518.06909054323,4,0.0
2005-07-11,3.990777,15.515853,0.03219552733973089,True,False,1.0,1.0,149532.3089066471,0.0,149532.3089066471,4,0.0
2005-07-12,4.092097,15.647167,0.0323088086594067,True,False,1.0,1.0,149546.55007892393,0.0,149546.55007892393,4,0.0
2005-07-13,4.126437,15.690929,0.03159663450177624,True,False,1.0,1.0,149560.7926075029,0.0,149560.7926075029,4,0.0
2005-07-14,4.253769,15.852324,0.031912683108351415,True,False,1.0,1.0,149575.03649251314,0.0,149575.03649251314,4,0.0
2005-07-15,4.216335,15.805818,0.03208858627439307,True,False,1.0,1.0,126313.2249693255,23250.589618929116,149563.8145882546,4,0.15545598166867702
2005-07-18,4.150667,15.723757,0.03252258439503405,True,False,1.0,1.0,103207.36929645375,45981.06092166358,149188.4302181173,4,0.3082079545608067
2005-07-19,4.40412,16.043806,0.033925810697602164,True,False,1.0,1.0,151961.86320462998,0.0,151961.86320462998,4,0.0
2005-07-20,4.532517,16.199734,0.03409207646462015,True,False,1.0,1.0,151976.33576303042,0.0,151976.33576303042,4,0.0
2005-07-21,4.312096,15.937122,0.036741452116935296,True,False,1.0,1.0,129638.04827699279,22328.304486596,151966.3527635888,4,0.14692926480463556
2005-07-22,4.396477,16.041075,0.03675613261681481,True,False,1.0,1.0,131924.85829081037,20488.711153899287,152413.56944470966,4,0.1344283926198046
2005-07-25,4.369483,16.008244,0.0332809116437818,True,False,1.0,1.0,131937.42256302855,20362.91218602379,152300.33474905233,4,0.13370234687649296
2005-07-26,4.5554,16.235296,0.030577852061457387,True,False,1.0,1.0,153160.1116388265,0.0,153160.1116388265,4,0.0
2005-07-27,4.451786,16.1122,0.03155432645990369,True,False,1.0,1.0,130234.11986046318,22915.478368356118,153149.5982288193,4,0.14962806715377946
2005-07-28,4.519808,16.19425,0.03088923444862898,True,False,1.0,1.0,132570.97992742463,20939.05821344751,153510.03814087214,4,0.13640188268491138
2005-07-29,4.437355,16.095789,0.030493895468130177,True,False,1.0,1.0,109535.3758636331,43580.08757796369,153115.4634415968,4,0.28462237972839727
2005-08-01,4.459981,16.123142,0.030540633224004174,True,False,1.0,1.0,113922.07449424782,39422.07155353779,153344.14604778562,4,0.2570823377975769
2005-08-02,4.746012,16.467815,0.031767241485159366,True,False,1.0,1.0,155845.28394000055,0.0,155845.28394000055,4,0.0
2005-08-03,4.67742,16.388487,0.03244864008470347,True,False,1.0,1.0,132717.7257437167,23117.079696317425,155834.80544003414,4,0.1483434950943162
2005-08-04,4.375276,16.035603,0.03725090809983101,True,False,1.0,1.0,110761.86367273047,43568.267357395816,154330.1310301263,4,0.2823056461274629
2005-08-05,4.308101,15.953534,0.03565319691554186,True,False,1.0,1.0,87619.10516746339,66027.32434432897,153646.42951179238,4,0.42973549436930697
2005-08-08,4.223889,15.849589,0.03328324984418041,True,False,1.0,1.0,64582.20634593924,87756.69337658935,152338.8997225286,4,0.5760622765191961
2005-08-09,4.394477,16.062954,0.033945548146080654,True,False,1.0,1.0,97638.2390225053,58221.062642723555,155859.30166522885,4,0.37354884835668606
2005-08-10,4.210371,15.838646,0.03545891865348988,True,False,1.0,1.0,94525.44986676957,58872.95376491278,153398.40363168236,3,0.3837911762515459
2005-08-11,4.349993,16.013714,0.03555965428603407,True,False,1.0,1.0,100611.47509031961,54742.7395566863,155354.2146470059,4,0.35237370084276204
2005-08-12,4.118159,15.729227,0.03765771106527589,True,False,1.0,1.0,77825.78577975329,74595.54137281071,152421.32715256402,4,0.489403568164351
2005-08-15,4.2793,15.93439,0.038492657623151925,True,False,1.0,1.0,123986.78376131355,31319.032277973427,155305.81603928696,3,0.20166039544874997
2005-08-16,4.021439,15.614336,0.038480968850970264,True,False,1.0,1.0,100695.84831173369,52709.06515417529,153404.91346590896,4,0.34359437363059936
2005-08-17,4.190522,15.83317,0.039142626026513326,True,False,1.0,1.0,129162.47050921628,26442.433747466934,155604.90425668322,4,0.169933164213436
2005-08-18,4.075416,15.688188,0.03807856495048876,True,False,1.0,1.0,123129.77900669201,31729.455539955572,154859.23454664758,3,0.20489224057476432
2005-08-19,4.07754,15.690929,0.037731763624806625,True,False,1.0,1.0,126313.2323035942,28571.39289048073,154884.62519407494,4,0.18446887710565166
2005-08-22,4.256677,15.920708,0.03914214203911464,True,False,1.0,1.0,145532.59785407977,10601.8775752945,156134.47542937426,4,0.06790222048102468
2005-08-23,4.217182,15.871469,0.03783432410617553,True,False,1.0,1.0,139166.11708212426,16876.869558316284,156042.98664044053,4,0.10815525850709672
2005-08-24,4.125603,15.75658,0.037806993402535426,True,False,1.0,1.0,114153.53488119076,41508.83123516884,155662.3661163596,4,0.26665938769130915
2005-08-25,4.202952,15.855057,0.03790462787788268,True,False,1.0,1.0,118389.28636023056,38058.35479850189,156447.64115873244,4,0.24326576301580488
2005-08-26,4.089837,15.712807,0.03813782944524647,True,False,1.0,1.0,93507.06024876797,61900.34610112979,155407.40634989776,4,0.39831014206467075
2005-08-29,4.232954,15.896091,0.03906041686589376,True,False,1.0,1.0,99916.81309507262,57659.80059037697,157576.61368544959,4,0.36591597726218433
2005-08-30,4.28321,15.959002,0.03618238675411437,True,False,1.0,1.0,129172.05621904075,29072.155618510216,158244.21183755097,4,0.18371702371240514
2005-08-31,4.41756,16.125874,0.036977283621042224,True,False,1.0,1.0,154896.4443691437,4248.6792095754445,159145.12357871913,4,0.026696885924210483
2005-09-01,4.289427,15.969946,0.034435292551732825,True,False,1.0,1.0,130077.04468446913,28932.424475933563,159009.4691604027,4,0.18195409763142872
2005-09-02,4.243133,15.912495,0.034348402405384885,True,False,1.0,1.0,104805.81902330418,53876.11912955317,158681.93815285736,4,0.33952269399214563
2005-09-06,4.446646,16.166901,0.035615615534749866,True,False,1.0,1.0,161224.8866415191,0.0,161224.8866415191,3,0.0
2005-09-07,4.455679,16.177849,0.03453453065679522,True,False,1.0,1.0,161240.24139262782,0.0,161240.24139262782,4,0.0
2005-09-08,4.645538,16.407633,0.03410159966884489,True,False,1.0,1.0,161255.5976060938,0.0,161255.5976060938,4,0.0
2005-09-09,4.698982,16.470549,0.03351978374567237,True,False,1.0,1.0,161270.9552820563,0.0,161270.9552820563,4,0.0
2005-09-12,4.673229,16.440456,0.030673987477728468,True,False,1.0,1.0,154598.13533454522,6680.861316014574,161278.9966505598,4,0.04142424900180817
2005-09-13,4.799194,16.588175,0.030134103001024818,True,False,1.0,1.0,155298.33227272698,6174.8471107203,161473.17938344728,4,0.038240698141311806
2005-09-14,4.718471,16.495169,0.026215903017719425,True,False,1.0,1.0,129514.63143343099,31841.249593108863,161355.88102653984,4,0.1973355380078871
2005-09-15,4.577618,16.331043,0.02632550465975558,True,False,1.0,1.0,104095.47266172373,56294.411494376356,160389.8841561001,4,0.3509848005101593
2005-09-16,4.623623,16.38575,0.025220886688695366,True,False,1.0,1.0,109786.25844130018,51174.15262286557,160960.41106416576,4,0.31793005674212244
2005-09-19,4.424477,16.150496,0.02761275807706456,True,False,1.0,1.0,84718.46101259803,74020.82356329894,158739.28457589698,4,0.4663043792912387
2005-09-20,4.336796,16.043806,0.02651208919924143,True,False,1.0,1.0,59023.02005245392,98229.32012114619,157252.3401736001,4,0.6246604661826022
2005-09-21,4.157107,15.822223,0.02815913951980545,True,False,1.0,1.0,33899.42031681584,119261.05358356913,153160.47390038497,4,0.7786673059077638
2005-09-22,4.098887,15.74837,0.027901036966474904,True,False,1.0,1.0,11358.962489657322,140109.83117189858,151468.79366155592,4,0.9250079028487018
2005-09-23,4.199284,15.876935,0.028128935707441915,True,False,1.0,1.0,25701.22007465572,129187.47822386157,154888.6982985173,4,0.8340665241751745
2005-09-26,4.23381,15.920452,0.027430709234165983,True,False,1.0,1.0,59632.15464375466,96290.42681414573,155922.58145790038,4,0.6175528003308774
2005-09-27,4.091885,15.742558,0.02741340397771025,True,False,1.0,1.0,34295.204415542474,118377.49806524083,152672.7024807833,4,0.7753678040784064
2005-09-28,4.083355,15.731615,0.027228786096251647,True,False,1.0,1.0,34298.470625486814,118130.72669740018,152429.197322887,4,0.7749875271413179
2005-09-29,4.275161,15.977933,0.028377541175475536,True,False,1.0,1.0,73083.33610512465,84862.91727790376,157946.2533830284,4,0.5372898404377247
2005-09-30,4.468482,16.218781,0.029343801484546274,True,False,1.0,1.0,118871.26255898543,42877.95416724995,161749.21672623538,4,0.26508909925555907
2005-10-03,4.595164,16.37204,0.029726723768562092,True,False,1.0,1.0,138165.90717155967,24792.761308608337,162958.668480168,4,0.1521414082468746
2005-10-04,4.4108,16.153093,0.029545904229191948,True,False,1.0,1.0,112994.70740224367,48954.846584736195,161949.55398697988,4,0.3022845409544751
2005-10-05,4.191085,15.884872,0.031630147005815464,True,False,1.0,1.0,88076.49103572783,71417.9629168957,159494.45395262353,4,0.4477770928518292
2005-10-06,4.019953,15.668669,0.030904832242788175,True,False,1.0,1.0,62906.91961186374,93652.20867285677,156559.1282847205,4,0.5981906625242549
2005-10-07,4.087348,15.756245,0.031090981185733703,True,False,1.0,1.0,72426.52442120182,85700.06938716084,158126.59380836267,4,0.541971260640843
2005-10-10,3.716746,15.756245,0.036792758161905886,True,False,1.0,1.0,48567.327113731015,101769.58121739645,150336.90833112746,4,0.6769434222582381
2005-10-11,3.519022,15.009082,0.036856892978822296,True,False,1.0,1.0,23686.758553536023,121213.59433844809,144900.3528919841,4,0.8365307048548509
2005-10-12,3.495928,14.976231,0.03690843519874259,True,False,1.0,1.0,23689.014435303026,120418.11572318166,144107.13015848468,4,0.835615250895285
2005-10-13,3.676091,15.233503,0.03945714456374641,True,False,1.0,1.0,62286.18714959357,87994.00425822547,150280.19140781905,4,0.5855329530385943
2005-10-14,3.660239,15.211607,0.03918564100667013,True,False,1.0,1.0,62292.119167417346,87614.55746120619,149906.67662862354,4,0.5844606753457762
2005-10-17,3.67999,15.238974,0.038592176136970004,True,False,1.0,1.0,71098.81450482697,79278.60059971434,150377.4151045413,4,0.5271975219457019
2005-10-18,3.600683,15.129496,0.03862027955854983,True,False,1.0,1.0,45376.72653856259,103270.78592405833,148647.5124626209,4,0.6947360518395956
2005-10-19,3.643672,15.189705,0.038079057560932314,True,False,1.0,1.0,55821.96689714855,94053.37375729464,149875.3406544432,4,0.6275440198941515
2005-10-20,3.663362,15.217085,0.03812609100606966,True,False,1.0,1.0,65274.88957590757,85105.4649965319,150380.35457243945,4,0.5659347275679942
2005-10-21,3.770109,15.364866,0.03832519614450054,True,False,1.0,1.0,95809.11457170075,57029.70314298336,152838.81771468412,4,0.3731362489956253
2005-10-24,3.899046,15.54003,0.03921150069839656,True,False,1.0,1.0,115513.5131345281,39266.996546245864,154780.50968077395,4,0.2536947101882002
2005-10-25,3.721871,15.304663,0.03980449649889712,True,False,1.0,1.0,90419.66563460095,62560.06125483314,152979.7268894341,4,0.40894347588977165
2005-10-26,3.713892,15.29371,0.03980429066261688,True,False,1.0,1.0,90428.27703132806,62425.94410548746,152854.22113681553,4,0.4084018330747422
2005-10-27,3.474626,14.965281,0.04021731112946341,True,False,1.0,1.0,65827.55616145313,82986.58489361487,148814.141055068,4,0.5576525477031518
2005-10-28,3.465095,14.951598,0.038181333843320696,True,False,1.0,1.0,65833.82545251613,82758.95028182614,148592.77573434229,4,0.5569513717799078
2005-10-31,3.687732,15.271821,0.04078732031357852,True,False,1.0,1.0,100706.24729908357,53178.59438845718,153884.84168754076,4,0.34557396170595517
2005-11-01,3.568773,15.107608,0.04051189622953612,True,False,1.0,1.0,75254.11709073304,76897.01997720764,152151.13706794067,4,0.5053989175438794
2005-11-02,3.945041,15.638562,0.04627176408685561,True,False,1.0,1.0,134626.49523758478,25585.560244522083,160212.05548210687,4,0.15969809617341552
2005-11-03,4.164594,15.928669,0.04701411949988844,True,False,1.0,1.0,137337.8199422898,24308.523945094024,161646.34388738382,4,0.15038090785418165
2005-11-04,4.211821,15.98888,0.04694029110303774,True,False,1.0,1.0,150017.3149477904,11906.298659053715,161923.61360684413,3,0.07353034183119579
2005-11-07,4.229128,16.010771,0.041076440754757755,True,False,1.0,1.0,151226.04287560272,10759.701072725995,161985.74394832872,4,0.06642375316779849
2005-11-08,4.213949,15.991615,0.03858883396539658,True,False,1.0,1.0,144510.43545398407,17443.72919065119,161954.16464463525,4,0.10770781491742895
2005-11-09,4.406508,16.235199,0.03919633278833568,True,False,1.0,1.0,158372.10081281787,4380.386978473451,162752.48779129132,3,0.026914408731439615
2005-11-10,4.504556,16.355621,0.03822629723962003,True,False,1.0,1.0,158834.56406492094,4030.0683901138973,162864.63245503482,4,0.02474489598732589
2005-11-11,4.468384,16.311831,0.03830995934656118,True,False,1.0,1.0,152115.48998588443,10724.539625271162,162840.0296111556,4,0.06585935688466898
2005-11-14,4.513356,16.366571,0.03829472722761085,True,False,1.0,1.0,154740.79166592628,8219.297588238642,162960.08925416492,3,0.05043748825774881
2005-11-15,4.413736,16.246151,0.038318342633817934,True,False,1.0,1.0,128095.699261181,34668.53922817038,162764.23848935138,4,0.21299850354068114
2005-11-16,4.407043,16.237932,0.038404106356725226,True,False,1.0,1.0,128107.89885158683,34615.967771007075,162723.8666225939,4,0.212728276985281
2005-11-17,4.556349,16.421303,0.038752538817056495,True,False,1.0,1.0,131695.73328544403,32209.848445707084,163905.58173115112,4,0.19651465255490705
2005-11-18,4.797824,16.71142,0.03963585069846209,True,False,1.0,1.0,165594.47493530216,0.0,165594.47493530216,4,0.0
2005-11-21,4.731828,16.634789,0.039697424292819056,True,False,1.0,1.0,138650.00109434486,26930.746598890764,165580.74769323564,4,0.16264419006480274
2005-11-22,4.92802,16.864681,0.0379495824635355,True,False,1.0,1.0,166685.18161397442,0.0,166685.18161397442,4,0.0
2005-11-23,4.963999,16.905731,0.03779632075737152,True,False,1.0,1.0,166701.05639317576,0.0,166701.05639317576,4,0.0
2005-11-25,5.060442,17.015205,0.03262182566631946,True,False,1.0,1.0,166716.93268426083,0.0,166716.93268426083,4,0.0
2005-11-28,4.88707,16.820896,0.034475804984110694,True,False,1.0,1.0,140379.8156597772,26324.161096475418,166703.9767562526,4,0.15790961684714622
2005-11-29,4.813115,16.73605,0.03348439371675467,True,False,1.0,1.0,113505.25699137872,52784.31227065,166289.56926202873,4,0.3174240723871007
2005-11-30,4.978405,16.927628,0.031932284474043844,True,False,1.0,1.0,146726.56291036878,21356.435375119516,168082.99828548828,4,0.127058867303436
2005-12-01,5.485506,17.502375,0.03149135270464173,True,False,1.0,1.0,170251.0486895844,0.0,170251.0486895844,3,0.0
2005-12-02,5.472633,17.488691,0.030450848398364736,True,False,1.0,1.0,163182.35701246612,7077.154219785694,170259.51123225183,4,0.04156686559573
2005-12-05,5.251671,17.253323,0.032835462387528706,True,False,1.0,1.0,136662.02602931712,33298.24670941988,169960.272738737,4,0.19591782345869707
2005-12-06,5.404125,17.420269,0.03302014469905189,True,False,1.0,1.0,140098.42918528782,30838.39386524581,170936.82305053363,4,0.1804081374329107
2005-12-07,5.195258,17.195848,0.034846301526874485,True,False,1.0,1.0,113510.7388638253,56218.4317268043,169729.1705906296,4,0.33122433539958634
2005-12-08,4.979454,16.957735,0.035776112680934294,True,False,1.0,1.0,86988.31746024787,80387.39502331907,167375.71248356695,4,0.4802811222160536
2005-12-09,5.184375,17.190376,0.03643310777176876,True,False,1.0,1.0,122928.55608942188,47731.105424002555,170659.66151342442,4,0.2796859257818693
2005-12-12,5.303236,17.321743,0.03641119040115732,True,False,1.0,1.0,127818.38814207743,43942.88317182477,171761.2713139022,4,0.25583696974108316
2005-12-13,5.318325,17.338161,0.03643148088091784,True,False,1.0,1.0,132233.36494477282,39661.120253806446,171894.48519857926,4,0.23072945131420802
2005-12-14,5.275504,17.291645,0.03593945078928523,True,False,1.0,1.0,132245.9585985771,39341.78496865778,171587.7435672349,4,0.22928085742465695
2005-12-15,5.210383,17.22048,0.036187910335095844,True,False,1.0,1.0,104909.55540824904,66175.22319346279,171084.77860171185,4,0.3867978421827917
2005-12-16,5.130885,17.132902,0.03605906698580157,True,False,1.0,1.0,77649.30487701495,92405.9519360173,170055.25681303226,4,0.5433878003407638
2005-12-19,4.821057,16.788042,0.037431691373762975,True,False,1.0,1.0,51637.06918490818,112817.18924421782,164454.258429126,4,0.6860095343340596
2005-12-20,4.846993,16.818157,0.037297306617436646,True,False,1.0,1.0,62974.1353002344,102081.70405198679,165055.83935222117,4,0.6184676922223235
2005-12-21,4.884861,16.861952,0.036176362124330425,True,False,1.0,1.0,73258.74729866693,92591.31206572466,165850.0593643916,4,0.5582832615229334
2005-12-22,5.065632,17.06995,0.03707511891581623,True,False,1.0,1.0,104959.66183911996,64295.13894380811,169254.80078292807,4,0.37987187746755635
2005-12-23,5.111925,17.121944,0.03688148622091739,True,False,1.0,1.0,111452.05796255734,58394.43831111176,169846.4962736691,4,0.34380714110830035
2005-12-27,4.950135,16.941313,0.03674993759517712,True,False,1.0,1.0,84641.95440321005,83337.65461170487,167979.60901491492,4,0.49611768416668545
2005-12-28,4.95973,16.952263,0.03655927726782386,True,False,1.0,1.0,92992.37911472443,75149.27151210624,168141.65062683067,4,0.4469402508655671
2005-12-29,4.827606,16.801727,0.036260535397933676,True,False,1.0,1.0,66043.89939576581,100075.18468814224,166119.08408390806,4,0.6024303904637078
2005-12-30,4.728535,16.686783,0.028048340570172046,True,False,1.0,1.0,38925.22023622074,125116.75585916771,164041.97609538844,4,0.7627118304549917
2006-01-03,5.114748,17.141109,0.03401239916429147,True,False,1.0,1.0,135134.08443428422,39050.42445788362,174184.50889216783,4,0.224189996609047
2006-01-04,5.337701,17.390169,0.034272463093339776,True,False,1.0,1.0,151210.84598414256,24681.791104060303,175892.63708820287,4,0.14032304883622507
2006-01-05,5.672878,17.754175,0.03634843392917936,True,False,1.0,1.0,177442.07606615496,0.0,177442.07606615496,4,0.0
2006-01-06,6.061153,18.159239,0.03760027351021415,True,False,1.0,1.0,177467.8755807068,0.0,177467.8755807068,4,0.0
2006-01-09,6.258474,18.356283,0.03602856403133817,True,False,1.0,1.0,177493.67884642616,0.0,177493.67884642616,4,0.0
2006-01-10,6.28087,18.378181,0.03540902957437891,True,False,1.0,1.0,177519.48586385843,0.0,177519.48586385843,4,0.0
2006-01-11,6.505359,18.597122,0.03575869494248686,True,False,1.0,1.0,177545.29663354912,0.0,177545.29663354912,4,0.0
2006-01-12,6.298571,18.400078,0.03698273195812858,True,False,1.0,1.0,150760.40051819253,26780.0329793609,177540.43349755343,4,0.15083906494871738
2006-01-13,6.149607,18.255022,0.03752178941588939,True,False,1.0,1.0,123737.7971855465,53160.25153395712,176898.04871950363,4,0.30051349870031674
2006-01-17,5.861949,17.970388,0.03931759815806841,True,False,1.0,1.0,97348.32350643269,77050.8416875866,174399.16519401927,4,0.44180739971930166
2006-01-18,5.698576,17.803432,0.03978741992836268,True,False,1.0,1.0,70418.9824904825,101816.09396094861,172235.07645143112,4,0.5911461013556081
2006-01-19,6.176884,18.301538,0.03985113194233576,True,False,1.0,1.0,138373.2407486855,42359.84819509591,180733.0889437814,4,0.23437793512328178
2006-01-20,5.484104,17.617321,0.04952675484808167,True,False,1.0,1.0,113782.58115875487,62191.51823463531,175974.09939339018,4,0.35341290820080373
2006-01-23,5.553101,17.691227,0.04954606308493521,True,False,1.0,1.0,120091.13875355634,56676.56993562565,176767.708689182,4,0.3206273948783395
2006-01-24,5.723205,17.871861,0.04936891641605842,True,False,1.0,1.0,125944.87690846252,52571.430916632016,178516.30782509455,4,0.29449091546381345
2006-01-25,5.738979,17.888273,0.04936904585318407,True,False,1.0,1.0,131230.31552941145,47444.693004610475,178675.00853402194,4,0.2655362571065803
2006-01-26,6.105131,18.268711,0.0500368213683478,True,False,1.0,1.0,156225.2953710457,25474.44116197928,181699.736533025,4,0.14020076004540136
2006-01-27,6.272508,18.435658,0.05012596541165146,True,False,1.0,1.0,158863.05722655094,23555.558821856546,182418.61604840748,4,0.12912913896685704
2006-01-30,6.261334,18.424707,0.04941223658444147,True,False,1.0,1.0,158886.1554107445,23513.596370110703,182399.7517808552,4,0.12891243623160842
2006-01-31,6.012994,18.181129,0.050310324533054764,True,False,1.0,1.0,134607.5527637701,46854.886369278334,181462.43913304844,4,0.2582070790689873
2006-02-01,6.194933,18.364502,0.048050170014793996,True,False,1.0,1.0,139450.25863990514,43445.34413343224,182895.6027733374,4,0.23754176412471806
2006-02-02,5.917958,18.090809,0.048905055335449095,True,False,1.0,1.0,114619.75565102829,66325.24955533314,180945.0052063614,4,0.3665492146616124
2006-02-03,5.729953,17.899225,0.0477400396858624,True,False,1.0,1.0,111768.51250961794,67051.23882384753,178819.75133346545,3,0.37496550757868735
2006-02-06,5.940222,18.118179,0.045999852052200016,True,False,1.0,1.0,118729.999990061,62560.60382865373,181290.60381871474,4,0.34508464592689253
2006-02-07,5.980594,18.159239,0.04538749450966266,True,False,1.0,1.0,125040.45819400283,56687.210461935785,181727.6686559386,4,0.3119349457415896
2006-02-08,6.294279,18.476709,0.04692883427463599,True,False,1.0,1.0,179952.8462411445,4719.313167508197,184672.1594086527,3,0.025555087364658155
2006-02-09,6.224348,18.408289,0.04624778272072952,True,False,1.0,1.0,165600.96373291063,19028.47569537231,184629.43942828296,4,0.10306306380117505
2006-02-10,6.096645,18.282387,0.04592265693919467,True,False,1.0,1.0,137602.88027467008,46628.171888700264,184231.05216337036,4,0.25309616018124814
2006-02-13,5.869384,18.055229,0.04638712421670277,True,False,1.0,1.0,124822.84174305653,57658.54734398912,182481.38908704565,3,0.3159694675301126
2006-02-14,6.045552,18.235867,0.04560951029892725,True,False,1.0,1.0,130774.82963960989,53450.237979197365,184225.06761880725,4,0.2901355318799227
2006-02-15,6.094542,18.285131,0.04508029117651204,True,False,1.0,1.0,136177.57529402862,48495.03374494043,184672.60903896904,4,0.26260003580015034
2006-02-16,6.283381,18.47397,0.04183841951599384,True,False,1.0,1.0,159580.84097391044,26594.179335754117,186175.02030966454,4,0.14284504597620062
2006-02-17,5.96782,18.164709,0.03357585653102491,True,False,1.0,1.0,131004.27692322753,53825.62083746482,184829.89776069234,4,0.29121706763672667
2006-02-21,5.625221,17.817118,0.036351628042809565,True,False,1.0,1.0,102623.10467851232,79103.33754832887,181726.44222684117,4,0.4352879887979518
2006-02-22,5.780767,17.981333,0.036233384568324756,True,False,1.0,1.0,110760.14407608945,73161.5996883174,183921.74376440683,4,0.3977865704776766
2006-02-23,5.593356,17.787014,0.036988522723616336,True,False,1.0,1.0,81603.71235181068,99928.87494630384,181532.58729811452,4,0.550473479354975
2006-02-24,5.626914,17.822596,0.033954923418982805,True,False,1.0,1.0,91659.82562453851,90475.56903148053,182135.39465601905,4,0.4967489663519422
2006-02-27,5.699502,17.899225,0.033413186562197564,True,False,1.0,1.0,100829.59121270565,82478.44519775052,183308.03641045617,4,0.44994451314217354
2006-02-28,5.584467,17.778809,0.033583662864259914,True,False,1.0,1.0,71323.84613592732,110300.3817059334,181624.22784186073,4,0.6072999346869701
2006-03-01,6.23179,18.465761,0.04130158355384263,True,False,1.0,1.0,184761.84443492725,9561.17764593408,194323.02208086132,4,0.049202495636134665
2006-03-02,6.262283,18.495865,0.04078433310022652,True,False,1.0,1.0,187224.9638495556,7169.621998172149,194394.58584772775,3,0.03688179877493205
2006-03-03,6.03711,18.274181,0.040287560417475395,True,False,1.0,1.0,157252.4161471632,36877.266734428835,194129.68288159202,4,0.1899620201662919
2006-03-06,5.866218,18.101748,0.04014002778627636,True,False,1.0,1.0,126960.15561519186,66113.82184781719,193073.97746300907,4,0.34242740899914337
2006-03-07,5.395263,17.617321,0.04345769902082896,True,False,1.0,1.0,98286.37697634121,89465.44264310633,187751.81961944755,4,0.47650905767221335
2006-03-08,5.332391,17.548903,0.04339494649899784,True,False,1.0,1.0,67441.02550315703,119247.21668069201,186688.24218384904,4,0.6387505462891355
2006-03-09,5.115347,17.310791,0.0419273086191729,True,False,1.0,1.0,37498.72608046763,144311.33716493828,181810.0632454059,4,0.7937477969530645
2006-03-10,5.064382,17.253323,0.0419269419407198,True,False,1.0,1.0,37504.17827619616,142873.5408045719,180377.71908076806,4,0.792079762027577
2006-03-13,5.001724,17.182163,0.041859477886585617,True,False,1.0,1.0,6684.646578813684,171895.5817714022,178580.22835021588,4,0.9625678237699175
2006-03-14,5.34829,17.579012,0.044641437562479964,True,False,1.0,1.0,89198.98572636064,101222.15212109766,190421.1378474583,4,0.5315699363280995
2006-03-15,5.533144,17.781534,0.044829689695509496,True,False,1.0,1.0,99675.0753165965,94248.64196001805,193923.71727661457,4,0.48600884555848795
2006-03-16,5.096251,17.313526,0.047945451822188054,True,False,1.0,1.0,70921.56540612478,115541.92327725276,186463.48868337754,4,0.6196490481493006
2006-03-17,5.101084,17.319008,0.04711335438999333,True,False,1.0,1.0,82487.1415602497,104086.34710946135,186573.48866971105,4,0.5578839086496594
2006-03-20,5.127685,17.349112,0.046207417726340384,True,False,1.0,1.0,92953.10515667063,94166.22049356184,187119.32565023247,4,0.5032415554424314
2006-03-21,5.130119,17.351845,0.0446028745555722,True,False,1.0,1.0,102379.65949225187,84789.82722631945,187169.48671857134,4,0.4530109512658424
2006-03-22,5.132536,17.354586,0.04399297870755844,True,False,1.0,1.0,110870.27186032635,76346.79753151503,187217.06939184136,4,0.4077982727724618
2006-03-23,5.268523,17.507849,0.04406827934759206,True,False,1.0,1.0,118716.65468993179,70532.65147950588,189249.30616943765,4,0.3726970148908074
2006-03-24,5.45136,17.710382,0.0448125066934061,True,False,1.0,1.0,144160.30593655293,47532.250236836946,191692.5561733899,4,0.24796085557877917
2006-03-27,5.428617,17.685755,0.04468598945344522,True,False,1.0,1.0,144181.26638738436,47333.94633338232,191515.21272076666,4,0.24715502053821825
2006-03-28,5.138791,17.371006,0.04605899906685105,True,False,1.0,1.0,114636.94988731662,74338.30596193149,188975.2558492481,4,0.39337587150157716
2006-03-29,5.56628,17.852697,0.04253313359143346,True,False,1.0,1.0,154659.76556728716,40482.035752840806,195141.80132012797,4,0.2074493290467811
2006-03-30,5.650756,17.943012,0.04272625870759339,True,False,1.0,1.0,179145.0200104414,16612.711845278052,195757.73185571944,4,0.08486363061011672
2006-03-31,5.555081,17.841743,0.042188468599110664,True,False,1.0,1.0,148482.18555624902,46985.202381449075,195467.3879376981,4,0.24037361360977927
2006-04-03,5.672679,17.967644,0.04212867629191837,True,False,1.0,1.0,153297.65864294532,43181.86787447321,196479.52651741853,4,0.21977795162614563
2006-04-04,5.727117,18.025122,0.037477861120971886,True,False,1.0,1.0,157675.84762190247,39236.63733415631,196912.4849560588,4,0.1992592665869409
2006-04-05,6.076692,18.391869,0.039326369830070006,True,False,1.0,1.0,188996.1533999827,10307.430863382702,199303.5842633654,4,0.05171723780823817
2006-04-06,6.272013,18.588923,0.03799906348324664,True,False,1.0,1.0,194926.08094077627,4731.241507822811,199657.3224485991,4,0.023696809362155243
2006-04-07,5.95343,18.274181,0.040276525536596615,True,False,1.0,1.0,165357.85213577084,34053.62614907164,199411.47828484248,4,0.17077064190070798
2006-04-10,5.731419,18.047024,0.04135327660484934,True,False,1.0,1.0,135347.25539758903,62783.99565076824,198131.25104835728,4,0.3168808318655634
2006-04-11,5.561916,17.86912,0.03957360736321827,True,False,1.0,1.0,105083.40854667082,91176.07424511932,196259.48279179016,4,0.4645690131663455
2006-04-12,5.707591,18.025122,0.03926811684720108,True,False,1.0,1.0,114447.10132716436,84207.70229163789,198654.80361880225,4,0.4238895851379645
2006-04-13,5.782982,18.104475,0.03399212842133004,True,False,1.0,1.0,151270.2955510811,48481.952186900286,199752.24773798138,4,0.24271042121385755
2006-04-17,5.552181,17.863646,0.035579236467378685,True,False,1.0,1.0,121386.54490181887,76418.54490470889,197805.08980652777,4,0.3863325507925681
2006-04-18,6.077885,18.427446,0.04047271779932507,True,False,1.0,1.0,186760.7536126996,18241.70551489198,205002.45912759157,4,0.08898286192527337
2006-04-19,6.283709,18.635443,0.04079453918849545,True,False,1.0,1.0,205631.23808616062,0.0,205631.23808616062,4,0.0
2006-04-20,6.372306,18.723028,0.0407378762999791,True,False,1.0,1.0,205661.13621538077,0.0,205661.13621538077,4,0.0
2006-04-21,5.939151,18.298811,0.04438254301004496,True,False,1.0,1.0,176610.15884416443,29047.604590017254,205657.7634341817,4,0.14124244134996436
2006-04-24,5.89119,18.249544,0.04397670434601751,True,False,1.0,1.0,176635.83740059318,28813.033661656988,205448.87106225017,4,0.1402443026952762
2006-04-25,5.952154,18.312496,0.04395618144039972,True,False,1.0,1.0,179570.1514697791,26200.080493962963,205770.2319637421,4,0.12732687446539678
2006-04-26,5.861421,18.219439,0.04198661388882693,True,False,1.0,1.0,148844.88387243752,56516.88350130051,205361.76737373802,4,0.27520645261318477
2006-04-27,6.07537,18.441124,0.03898521245338107,True,False,1.0,1.0,154719.50019756844,52721.836678437954,207441.3368760064,4,0.25415299319031726
2006-04-28,5.896845,18.260489,0.03962446362257223,True,False,1.0,1.0,124470.70124541869,81409.26062472197,205879.96187014066,4,0.39542100107863376
2006-05-01,5.732452,18.090809,0.03998759815659191,True,False,1.0,1.0,94165.24285392433,109428.58170219629,203593.8245561206,4,0.53748477853282
2006-05-02,5.880751,18.246799,0.04011770312993631,True,False,1.0,1.0,105395.28961798306,101033.55721886468,206428.84683684772,4,0.48943526433937384
2006-05-03,6.039521,18.411013,0.0404718828895186,True,False,1.0,1.0,160078.5899939141,49046.54311664966,209125.13311056374,3,0.2345320353757715
2006-05-04,6.241528,18.616297,0.03893233225864584,True,False,1.0,1.0,210745.5686006778,0.0,210745.5686006778,4,0.0
2006-05-05,6.379179,18.753139,0.038590456591812594,True,False,1.0,1.0,210776.21033731877,0.0,210776.21033731877,4,0.0
2006-05-08,6.337282,18.712072,0.036591840923403986,True,False,1.0,1.0,202140.65026724097,8656.290116114218,210796.9403833552,3,0.04106459088244779
2006-05-09,6.156526,18.534193,0.03610843678508692,True,False,1.0,1.0,169660.86855923518,40881.36418648153,210542.2327457167,4,0.1941717994216209
2006-05-10,5.769239,18.145548,0.03858125752732094,True,False,1.0,1.0,138255.00387333205,69704.21974171847,207959.22361505052,4,0.33518215027935794
2006-05-11,5.31763,17.672058,0.042348269174284615,True,False,1.0,1.0,127480.08952795535,75004.4165341394,202484.50606209476,3,0.37042052250229074
2006-05-12,5.176793,17.516062,0.04246345315803938,True,False,1.0,1.0,94061.51753701855,106416.77803646302,200478.29557348156,4,0.5308144591515541
2006-05-15,5.033627,17.354586,0.04200241643630482,True,False,1.0,1.0,60589.38910959586,136921.27441465098,197510.66352424683,4,0.6932348460155024
2006-05-16,4.959807,17.269737,0.03551751908340404,True,False,1.0,1.0,35356.19889910938,160126.3903548994,195482.58925400878,4,0.8191337702552743
2006-05-17,4.712209,16.982365,0.03509874639613105,False,False,1.0,1.0,21659.409377730553,165818.9898003912,187478.39917812176,4,0.8844698404046424
2006-05-18,4.486651,16.71142,0.035245758620774774,False,False,1.0,1.0,134713.72211399348,44733.90173755871,179447.6238515522,1,0.24928667639848365
2006-05-19,4.744567,17.031633,0.03656650724197305,False,False,1.0,1.0,139459.809508505,42574.894853363294,182034.70436186827,1,0.23388339604039632
2006-05-22,4.39233,16.610142,0.03940442724584572,False,False,1.0,1.0,135691.94339305654,43197.9401718617,178889.88356491824,1,0.24147782597323555
2006-05-23,4.214295,16.385725,0.03937470076974738,False,False,1.0,1.0,135711.67257085783,41446.99129541175,177158.66386626958,1,0.2339540747874376
2006-05-24,4.294536,16.489725,0.040196748730975215,False,False,1.0,1.0,139951.4094988955,38012.53509515806,177963.94459405355,1,0.21359683379612054
2006-05-25,4.333033,16.538996,0.038811524516963916,False,False,1.0,1.0,143803.80838363303,34517.957721830775,178321.76610546382,1,0.19357119703164008
2006-05-26,4.421233,16.651209,0.039537489095331876,False,False,1.0,1.0,147343.7644888353,31698.521657953388,179042.28614678868,1,0.17704488889270104
2006-05-30,4.118188,16.270771,0.04143570187259663,False,False,1.0,1.0,143550.84115260642,33335.78898665083,176886.63013925723,1,0.18845850000311848
2006-05-31,4.315609,16.530787,0.04282335702641668,False,False,1.0,1.0,151051.32914429184,27447.85196586372,178499.18111015556,1,0.15377018423924912
2006-06-01,4.615708,16.91394,0.04578339959964764,False,False,1.0,1.0,156575.64297403587,23849.46325284455,180425.10622688042,1,0.13218483697526218
2006-06-02,4.588821,16.881102,0.044521607365421885,False,False,1.0,1.0,156598.40857545877,23710.53754123558,180308.94611669437,1,0.1314995071064878
2006-06-05,4.180379,16.380264,0.04683422532997756,False,False,1.0,1.0,152885.92448930754,25331.087880429794,178217.01236973732,1,0.14213619420281123
2006-06-06,4.119614,16.30089,0.04673713514883176,False,False,1.0,1.0,149023.53311032127,28843.05678281023,177866.5898931315,1,0.16216118384087846
2006-06-07,3.847787,15.942359,0.0478781935540954,False,False,1.0,1.0,145355.87361485042,30624.99339757243,175980.86701242285,1,0.17402456254185036
2006-06-08,3.780409,15.849301,0.04687966111547506,False,False,1.0,1.0,141587.56079620984,33873.83499563005,175461.3957918399,1,0.1930557707167482
2006-06-09,3.719695,15.764458,0.04467547511511759,False,False,1.0,1.0,137733.2780876795,37200.2508907714,174933.5289784509,1,0.21265363540087215
2006-06-12,3.40004,15.31287,0.047475695568138576,False,False,1.0,1.0,135033.0164264198,36720.59223000464,171753.60865642445,1,0.21379808271429354
2006-06-13,3.372691,15.271821,0.04753012449549206,False,False,1.0,1.0,135052.64979833196,36425.22174115792,171477.8715394899,1,0.21241937174832207
2006-06-14,3.535885,15.518132,0.049857193147668996,False,False,1.0,1.0,138887.79439774904,34368.952168642405,173256.74656639143,1,0.19837006552280106
2006-06-15,3.945597,16.117514,0.056557517734748736,False,False,1.0,1.0,149267.05205789156,27983.44440038638,177250.49645827795,1,0.15787512565288217
2006-06-16,3.810928,15.934146,0.056110994429062276,False,False,1.0,1.0,146128.18226778368,30185.284808024444,176313.46707580812,1,0.17120237783677586
2006-06-19,3.710782,15.794565,0.05415276622797192,False,False,1.0,1.0,142938.20081272293,32599.610255423588,175537.81106814652,1,0.18571275360593342
2006-06-20,3.643262,15.698776,0.05200012665289473,False,False,1.0,1.0,139605.60947024712,35355.97701908341,174961.5864893305,1,0.20207851179515615
2006-06-21,3.885256,16.046358,0.05390904024756649,False,False,1.0,1.0,146962.09327963725,30361.942313694446,177324.0355933317,1,0.1712229377822496
2006-06-22,3.698379,15.789085,0.054534088589591405,False,False,1.0,1.0,143717.77088568703,32163.516200674803,175881.28708636184,1,0.18287059830806082
2006-06-23,3.632374,15.695152,0.05444033541139042,False,False,1.0,1.0,140407.3164895721,34917.03233396972,175324.34882354183,1,0.19915677752844563
2006-06-26,3.687515,15.774575,0.05430964670417426,False,False,1.0,1.0,143969.41022351934,31902.379115778967,175871.78933929832,1,0.1813956589378398
2006-06-27,3.418636,15.39116,0.054601490700160064,False,False,1.0,1.0,140832.88565577482,32730.028289317674,173562.9139450925,1,0.18857731496529254
2006-06-28,3.400386,15.363775,0.05300131842384182,False,False,1.0,1.0,140853.36231026065,32555.30275074614,173408.6650610068,1,0.18773746248085632
2006-06-29,3.740424,15.87591,0.055520569127211754,False,False,1.0,1.0,147899.6224603365,28779.036349816633,176678.65881015314,1,0.1628891488288952
2006-06-30,3.73655,15.87043,0.055552241141527035,False,False,1.0,1.0,147921.12659591963,28749.229572077213,176670.35616799686,1,0.16272808973532268
2006-07-03,3.829404,16.001881,0.052452238753146994,False,False,1.0,1.0,150886.48081284063,26517.288206556233,177403.76901939686,1,0.14947420989492566
2006-07-05,3.51875,15.569174,0.05542116489213748,False,False,1.0,1.0,147669.67116490484,27601.159700933447,175270.83086583827,1,0.15747720008277283
2006-07-06,3.509461,15.555476,0.05357001975802528,False,False,1.0,1.0,147691.14186629961,27528.29656133502,175219.43842763462,1,0.15710754930141022
2006-07-07,3.340785,15.306262,0.05443425737121992,False,False,1.0,1.0,144426.4489339493,29487.604577225255,173914.05351117454,1,0.16955274160940983
2006-07-10,3.086153,14.91738,0.05682056924358465,False,False,1.0,1.0,141308.3647003212,30375.574136862997,171683.9388371842,1,0.1769272905933825
2006-07-11,3.312222,15.281624,0.056183759051147725,False,False,1.0,1.0,147948.48895245173,25975.425183978237,173923.91413642996,1,0.14934935953432207
2006-07-12,3.057567,14.889991,0.05887701647746122,False,False,1.0,1.0,144929.5243118213,27015.34218132485,171944.86649314614,1,0.15711630554786993
2006-07-13,2.924284,14.673635,0.0581716805578445,False,False,1.0,1.0,141942.5473642987,28842.318462021027,170784.86582631973,1,0.1688809972855108
2006-07-14,2.876803,14.594213,0.05096737834242376,False,False,1.0,1.0,138832.15459656395,31501.45978776809,170333.61438433203,1,0.18493977188019867
2006-07-17,2.878422,14.596949,0.0508882847924121,False,False,1.0,1.0,142001.56506306017,28367.269290495147,170368.8343535553,1,0.16650503830780697
2006-07-18,2.8525,14.553139,0.05081100227846104,False,False,1.0,1.0,142022.21163982173,28111.8041938039,170134.01583362563,1,0.16523329597588812
2006-07-19,3.058629,14.903687,0.05405364908247778,False,False,1.0,1.0,148044.65473159763,24136.307674040665,172180.9624056383,1,0.14017988595730074
2006-07-20,2.837744,14.544927,0.05310928891110771,False,False,1.0,1.0,144891.62855716245,25564.175001227242,170455.80355838969,1,0.14997538639082023
2006-07-21,2.486703,13.94516,0.05878441362508461,False,False,1.0,1.0,141861.76318953585,25449.219022587487,167310.98221212334,1,0.1521072836110781
2006-07-24,2.704997,14.353218,0.06322279540405495,False,False,1.0,1.0,147960.47568266705,21599.980276568895,169560.45595923596,1,0.1273880761547477
2006-07-25,2.8428,14.596949,0.06454209798018402,False,False,1.0,1.0,150250.08502949766,20430.330065876984,170680.41509537463,1,0.11969932258754296
2006-07-26,2.870005,14.643515,0.0629790104111665,False,False,1.0,1.0,152332.75232793755,18563.25963720471,170896.01196514224,1,0.10862312949111455
2006-07-27,2.907036,14.7065,0.06316138422799082,False,False,1.0,1.0,154233.57156320335,16922.49931217226,171156.07087537562,1,0.09887174451728381
2006-07-28,3.166884,15.144688,0.06236013422941738,False,False,1.0,1.0,160063.43634814618,12622.724112921425,172686.1604610676,1,0.07309632734446743
2006-07-31,3.194376,15.188501,0.06245715002895247,False,False,1.0,1.0,161358.85108156176,11459.072787270941,172817.9238688327,1,0.0663072008431734
2006-08-01,2.997393,14.876299,0.06315982130025077,False,False,1.0,1.0,158597.7136393266,13533.854874287515,172131.56851361413,1,0.07862505983739469
2006-08-02,3.096711,15.040621,0.06150875082432193,False,False,1.0,1.0,160017.80774556176,12584.066732473448,172601.8744780352,1,0.07290805369599192
2006-08-03,3.252338,15.292565,0.06274729140796383,False,False,1.0,1.0,165254.86750143804,7998.232305062858,173253.0998065009,1,0.04616501704151757
2006-08-04,3.166721,15.158378,0.062086106545029184,False,False,1.0,1.0,162402.54918981888,10660.735441064213,173063.28463088308,1,0.06160021441752879
2006-08-07,3.115225,15.07622,0.05954263622898862,False,False,1.0,1.0,159489.68056504132,13420.496083440728,172910.17664848204,1,0.07761542058177376
2006-08-08,3.062598,14.991325,0.05728564378592895,False,False,1.0,1.0,156454.90945315847,16248.238554127958,172703.14800728642,1,0.09408188988797377
2006-08-09,3.102881,15.057049,0.0544920132081332,False,False,1.0,1.0,158122.44592469223,14815.759568759597,172938.20549345182,1,0.0856708298000732
2006-08-10,3.223094,15.251493,0.054004916827099035,False,False,1.0,1.0,159683.09672712066,13850.781642725095,173533.87836984574,1,0.07981600925904211
2006-08-11,2.971337,14.854383,0.05720768137981478,False,False,1.0,1.0,156549.13823167112,15922.455613447099,172471.59384511822,1,0.09231929304106551
2006-08-14,3.092946,15.057049,0.0578492751616378,False,False,1.0,1.0,158227.89528871904,14916.707818672157,173144.6031073912,1,0.08615173416303493
2006-08-15,3.437235,15.615731,0.06205327048634447,False,False,1.0,1.0,170313.25703665827,4504.475118247083,174817.73215490536,1,0.025766694618001816
2006-08-16,3.77541,16.127857,0.06350383355606269,False,False,1.0,1.0,171897.54471510582,3386.792541892096,175284.3372569979,1,0.0193217066332998
2006-08-17,3.800414,16.16346,0.06026137079543668,False,False,1.0,1.0,172263.16894798,3068.300505686026,175331.46945366604,1,0.01749999880367666
2006-08-18,3.806213,16.171673,0.049613245351524914,False,False,1.0,1.0,172595.25104151448,2765.6841453020256,175360.9351868165,1,0.015771381136600756
2006-08-21,3.616702,15.903296,0.049809089591931435,False,False,1.0,1.0,169082.03956077914,6162.2386235521535,175244.27818433128,1,0.0351637079817829
2006-08-22,3.598021,15.87591,0.0492784671371971,False,False,1.0,1.0,169106.6235525629,6130.409410162005,175237.03296272492,1,0.034983526635411696
2006-08-23,3.525405,15.769096,0.049801689469166854,False,False,1.0,1.0,175132.76114032956,0.0,175132.76114032956,0,0.0
2006-08-24,3.597037,15.87591,0.049847933965569476,False,False,1.0,1.0,175158.22488782235,0.0,175158.22488782235,1,0.0
2006-08-25,3.602622,15.884117,0.04663472350135202,False,False,1.0,1.0,175183.69233766317,0.0,175183.69233766317,1,0.0
2006-08-28,3.757286,16.111423,0.047310379698648465,False,False,1.0,1.0,175209.16349039038,0.0,175209.16349039038,1,0.0
2006-08-29,3.962297,16.404463,0.04514381101532841,False,False,1.0,1.0,175234.6383465423,0.0,175234.6383465423,1,0.0
2006-08-30,4.194478,16.724886,0.04599330993836807,False,False,1.0,1.0,175260.11690665747,0.0,175260.11690665747,1,0.0
2006-08-31,4.066733,16.555088,0.0463687761239337,False,False,1.0,1.0,171820.57167458022,3461.0627032338434,175281.63437781407,1,0.019745723592316758
2006-09-01,3.955726,16.404463,0.04641218624842757,False,False,1.0,1.0,168356.93420920247,6851.216139219953,175208.15034842244,1,0.039103295854647675
2006-09-05,4.098371,16.601629,0.04624122871007159,False,False,1.0,1.0,169090.63341170218,6388.446263907033,175479.07967560922,1,0.03640574292797022
2006-09-06,3.704893,16.070353,0.052552564616141495,False,False,1.0,1.0,165864.19634040238,9022.404216190587,174886.60055659298,1,0.05159002569365487
2006-09-07,3.667011,16.015577,0.052728577207377426,False,False,1.0,1.0,165888.31246799728,8930.15142602425,174818.46389402152,1,0.05108242703378224
2006-09-08,3.774241,16.171673,0.05249608294039659,False,False,1.0,1.0,166830.7749904668,8272.156610241496,175102.9316007083,1,0.04724167970588126
2006-09-11,3.975575,16.45923,0.0489116374630681,False,False,1.0,1.0,170859.04640849735,4705.98837225942,175565.03478075677,1,0.02680481553822032
2006-09-12,4.378426,17.015171,0.0519920470600424,True,False,1.0,1.0,176062.3119939283,0.0,176062.3119939283,1,0.0
2006-09-13,4.314997,16.933016,0.048061207690449914,False,False,1.0,1.0,163509.74610975018,12563.772453598074,176073.51856334825,2,0.07135526430158685
2006-09-14,4.356872,16.987783,0.04397067102772288,True,False,1.0,1.0,170482.4824781948,5730.7906408636245,176213.27311905843,1,0.03252190109987695
2006-09-15,4.342119,16.968618,0.0440341139774878,True,False,1.0,1.0,170507.27008993292,5711.385353234184,176218.6554431671,1,0.03241078726239732
2006-09-18,4.504004,17.179502,0.044514715418183616,True,False,1.0,1.0,171123.9869262817,5331.888008794175,176455.87493507587,1,0.030216551365920566
2006-09-19,4.282136,16.897419,0.04447567150793481,False,False,1.0,1.0,164125.04793911258,12085.021298254409,176210.069237367,1,0.06858303472984316
2006-09-20,4.386245,17.034348,0.04448420612238225,True,False,1.0,1.0,165385.73683679226,11140.953444712104,176526.69028150436,1,0.06311200548169685
2006-09-21,4.13238,16.705711,0.046700090834675106,False,False,1.0,1.0,158449.7049569019,17448.257145285148,175897.96210218704,1,0.09919533425377987
2006-09-22,3.98605,16.508526,0.0476095880104022,False,False,1.0,1.0,155037.4440756543,20261.772312200796,175299.2163878551,1,0.11558392974998234
2006-09-25,4.277665,16.91111,0.049790139241294794,False,False,1.0,1.0,160911.79331830304,15887.28772376994,176799.08104207297,1,0.08986069175319544
2006-09-26,4.269354,16.900152,0.04920289109678241,False,False,1.0,1.0,160935.18938222044,15856.420592222179,176791.60997444263,1,0.08968989305835506
2006-09-27,4.227808,16.845345,0.048055108222656316,False,False,1.0,1.0,160958.58884785126,15702.11836056735,176660.7072084186,1,0.08888291351648728
2006-09-28,4.364013,17.026243,0.04688794305191517,True,False,1.0,1.0,169053.8231963176,8129.248232120453,177183.07142843804,1,0.04588050182550172
2006-09-29,4.229132,16.850824,0.04690528353024627,False,False,1.0,1.0,162203.18377908316,14745.345457026411,176948.52923610958,1,0.08333126881970915
2006-10-02,4.109442,16.691845,0.04694021178864261,False,False,1.0,1.0,158781.10579775693,17769.751954370033,176550.85775212696,1,0.10064947959255074
2006-10-03,4.034538,16.590427,0.046457714525296075,False,False,1.0,1.0,155325.3855319664,20920.683468302333,176246.06900026873,1,0.1187015607608839
2006-10-04,4.298487,16.952225,0.04214271903041049,True,False,1.0,1.0,161273.99344540862,16358.270277392045,177632.26372280065,1,0.0920906480306951
2006-10-05,4.269296,16.913857,0.04207318477716625,False,False,1.0,1.0,161297.44217207466,16247.181359903787,177544.62353197846,1,0.09151041037847832
2006-10-06,4.169673,16.782293,0.04231434600936149,False,False,1.0,1.0,157715.43715461137,19469.38894879883,177184.8261034102,1,0.10988180747168458
2006-10-09,4.292249,16.946743,0.04126985982966657,True,False,1.0,1.0,162901.8639656482,14873.818396001969,177775.68236165016,1,0.08366621462739808
2006-10-10,4.254761,16.897413,0.03507461031678617,False,False,1.0,1.0,162925.54937952003,14743.912208353182,177669.4615878732,1,0.08298506719491025
2006-10-11,4.383131,17.067352,0.035595476682548054,True,False,1.0,1.0,173315.5153961412,4813.604118230988,178129.1195143722,1,0.027023117451847094
2006-10-12,4.545725,17.278397,0.03643985400436706,True,False,1.0,1.0,178328.61456549156,0.0,178328.61456549156,2,0.0
2006-10-13,4.729608,17.511364,0.03735681780658344,True,False,1.0,1.0,178354.5429799268,0.0,178354.5429799268,2,0.0
2006-10-16,4.825096,17.629229,0.036780280153847,True,False,1.0,1.0,178380.4751642712,0.0,178380.4751642712,2,0.0
2006-10-17,4.458269,17.182463,0.039442956417015014,True,False,1.0,1.0,157852.609426398,20530.28338622176,178382.89281261977,3,0.11509110017510231
2006-10-18,4.123311,16.752157,0.04290293542922972,False,False,1.0,1.0,137160.3288762228,39679.334002696036,176839.66287891884,3,0.22438028526363038
2006-10-19,4.058547,16.664444,0.04093864629557355,False,False,1.0,1.0,159675.62002264624,16534.23835914976,176209.858381796,1,0.093832652219292
2006-10-20,3.918369,16.472582,0.040898307186368624,False,False,1.0,1.0,156135.7456683024,19522.176613388012,175657.9222816904,1,0.11113746741283695
2006-10-23,3.930098,16.489027,0.03731798294920253,False,False,1.0,1.0,158114.83496718932,17622.551765168286,175737.3867323576,1,0.10027776156707545
2006-10-24,3.82427,16.341017,0.03766497737942688,False,False,1.0,1.0,154549.90315243555,20731.835017110905,175281.73816954647,1,0.11827721035637735
2006-10-25,4.045571,16.656216,0.04008697548164699,False,False,1.0,1.0,160551.6148868137,15947.178993670996,176498.7938804847,1,0.09035290634603174
2006-10-26,4.173394,16.831629,0.04006041229221509,False,False,1.0,1.0,165215.22014493443,11806.81145294717,177022.0315978816,1,0.06669684754136818
2006-10-27,3.894075,16.456133,0.04234204837555065,False,False,1.0,1.0,161796.46074793866,14455.441100553064,176251.90184849172,1,0.0820158020931833
2006-10-30,3.993305,16.595922,0.04240942615597982,False,False,1.0,1.0,163301.09828100557,13341.419130766522,176642.5174117721,1,0.07552779096589914
2006-10-31,4.058596,16.686365,0.04238705229737283,False,False,1.0,1.0,164679.63802955882,12203.597593123299,176883.2356226821,1,0.06899239235512043
2006-11-01,3.844604,16.393097,0.04131636095286774,False,False,1.0,1.0,161206.3491233964,15053.386473973194,176259.73559736958,1,0.08540456742973716
2006-11-02,3.784823,16.308126,0.041377715154099784,False,False,1.0,1.0,157596.2835147139,18448.663393885305,176044.9469085992,1,0.1047951884893559
2006-11-03,3.834432,16.379389,0.041368957967563756,False,False,1.0,1.0,159486.6475965484,16821.428834919934,176308.07643146833,1,0.09540929250316274
2006-11-06,4.021155,16.645254,0.042349553704381135,False,False,1.0,1.0,168025.26431249332,9117.85907078434,177143.12338327768,1,0.05147170771656986
2006-11-07,4.100609,16.754889,0.04262864729954177,False,False,1.0,1.0,171188.7406123057,6156.287494255706,177345.0281065614,1,0.034713617629903756
2006-11-08,4.092558,16.743929,0.04197742160666923,False,False,1.0,1.0,171213.63091173442,6144.200443133238,177357.83135486767,1,0.03464296104771134
2006-11-09,3.873497,16.445169,0.042385712923845194,False,False,1.0,1.0,167744.5926439973,9305.25617490571,177049.84881890303,1,0.05255726698995192
2006-11-10,3.970331,16.582211,0.041625477981725965,False,False,1.0,1.0,168721.95486151436,8584.09141629711,177306.04627781146,1,0.048413980213890456
2006-11-13,4.175081,16.867254,0.043246035032698894,True,False,1.0,1.0,173030.98779446236,4738.606475598471,177769.59427006083,1,0.026655888455253823
2006-11-14,4.506837,17.314026,0.04363092603661714,True,False,1.0,1.0,176763.13036184665,1404.985097071905,178168.11545891856,1,0.007885726879093932
2006-11-15,4.620275,17.459293,0.03976614080155877,True,False,1.0,1.0,176932.74293188556,1296.3139708484036,178229.05690273395,1,0.007273303205300857
2006-11-16,4.65727,17.50588,0.03944302343787667,True,False,1.0,1.0,178264.0451817912,0.0,178264.0451817912,2,0.0
2006-11-17,4.578519,17.407217,0.038627272281681134,True,False,1.0,1.0,170981.00913916843,7300.59193256866,178281.6010717371,1,0.04094977770381949
2006-11-20,4.760195,17.637447,0.03922316855026647,True,False,1.0,1.0,178589.6614582891,0.0,178589.6614582891,1,0.0
2006-11-21,4.504979,17.322252,0.041049642246869265,True,False,1.0,1.0,164459.47855963666,14139.951357177377,178599.42991681403,2,0.07917131294183481
2006-11-22,4.699575,17.571665,0.040300931075705274,True,False,1.0,1.0,179221.51960256623,0.0,179221.51960256623,2,0.0
2006-11-24,4.655588,17.516848,0.04006896935258121,True,False,1.0,1.0,179247.57784255923,0.0,179247.57784255923,2,0.0
2006-11-27,4.295008,17.064602,0.04124537162603408,True,False,1.0,1.0,158505.10967562502,20744.766190151648,179249.87586577667,3,0.11573099334074545
2006-11-28,4.311563,17.086536,0.04096868273910392,True,False,1.0,1.0,160608.84846168687,18742.253731354613,179351.10219304147,3,0.10450035434508627
2006-11-29,4.301185,17.072826,0.04088398519933111,True,False,1.0,1.0,160632.20047838383,18697.14083164191,179329.34131002575,3,0.10426147051596074
2006-11-30,4.423406,17.234541,0.03892958528142104,True,False,1.0,1.0,162576.75558113836,17305.58914433507,179882.34472547343,4,0.09620504541869249
2006-12-01,4.235581,16.990601,0.04025059143906812,True,False,1.0,1.0,133877.054108508,45261.23920230917,179138.29331081716,4,0.25266088208051546
2006-12-04,4.47131,17.305799,0.041674428377076925,True,False,1.0,1.0,181635.90863833894,0.0,181635.90863833894,4,0.0
2006-12-05,4.515929,17.363358,0.0406159708192012,True,False,1.0,1.0,181662.31792283303,0.0,181662.31792283303,4,0.0
2006-12-06,4.575802,17.440094,0.04052698073736676,True,False,1.0,1.0,181688.73104715324,0.0,181688.73104715324,4,0.0
2006-12-07,4.379484,17.190683,0.04198802050683022,True,False,1.0,1.0,152923.22617336907,28758.97721582016,181682.20338918924,4,0.1582927588907226
2006-12-08,4.316635,17.108461,0.03994890216707986,True,False,1.0,1.0,123283.8375524644,57973.946945842225,181257.78449830663,4,0.3198425221090785
2006-12-11,4.289665,17.072826,0.03976205704186072,True,False,1.0,1.0,123301.76263106728,57611.730230940615,180913.4928620079,4,0.31844905164085285
2006-12-12,4.211165,16.968681,0.03848959328339639,True,False,1.0,1.0,93793.43413834852,86049.91855186131,179843.3526902098,4,0.4784714990277516
2006-12-13,4.11525,16.839855,0.03435307852131082,True,False,1.0,1.0,64424.75229908163,113438.71376754335,177863.46606662497,4,0.6377853545542114
2006-12-14,4.302127,17.094765,0.03549309761901915,True,False,1.0,1.0,106938.2125724932,76049.60765821309,182987.8202307063,4,0.4155992872221316
2006-12-15,4.300059,17.092018,0.03539860414933135,True,False,1.0,1.0,106953.76104911485,76013.05118541786,182966.81223453273,4,0.4154472073765044
2006-12-18,4.266957,17.048164,0.03527868088370984,True,False,1.0,1.0,106969.31178643565,75427.90013973691,182397.21192617255,4,0.4135364753835561
2006-12-19,4.120842,16.853565,0.034454517927102246,True,False,1.0,1.0,77970.98165858092,101825.67895131891,179796.66060989985,4,0.5663379876239607
2006-12-20,4.177125,16.930305,0.03281306699278382,True,False,1.0,1.0,88295.13872408927,92894.78467521328,181189.92339930253,4,0.5126928856330145
2006-12-21,4.002636,16.69455,0.0320253083671639,True,False,1.0,1.0,59538.62767090915,117750.76635282932,177289.39402373845,4,0.6641726483483997
2006-12-22,3.929681,16.593117,0.03210866548921375,False,False,1.0,1.0,30076.645899946365,145041.4711838003,175118.11708374668,4,0.828249375902307
2006-12-26,4.021219,16.72197,0.027946942614348245,True,False,1.0,1.0,145051.5493623933,33351.182232650564,178402.73159504385,1,0.18694322634226462
2006-12-27,4.088458,16.815166,0.028261530155044415,True,False,1.0,1.0,155336.7199855902,23635.987683555748,178972.70766914595,1,0.13206475999262363
2006-12-28,4.092457,16.820654,0.02827323537346412,True,False,1.0,1.0,157723.1938429104,21293.195851035613,179016.38969394602,1,0.11894551044984965
2006-12-29,4.022426,16.724707,0.027504271995182364,True,False,1.0,1.0,150386.55893913927,28279.968433702605,178666.52737284187,1,0.15828352881504143
2007-01-03,3.986823,16.675364,0.02599385137773563,True,False,1.0,1.0,142986.87360692027,35441.04057114744,178427.9141780677,1,0.19862946184405847
2007-01-04,4.2208,17.001577,0.026331786207490944,True,False,1.0,1.0,167656.1802469026,12849.41570381277,180505.59595071536,1,0.0711856917018857
2007-01-05,3.979888,16.678102,0.0289257123809987,True,False,1.0,1.0,160621.8272137867,19164.773976966473,179786.60119075316,1,0.10659734290561894
2007-01-08,4.026988,16.7439,0.028877521528223843,True,False,1.0,1.0,162580.7721582507,17452.42161215608,180033.1937704068,1,0.09694002115194851
2007-01-09,4.070495,16.804209,0.02770652505374376,True,False,1.0,1.0,164365.0701541094,15876.877561878988,180241.94771598838,1,0.0880864735599538
2007-01-10,4.279668,17.092039,0.030045142076340892,True,False,1.0,1.0,175190.0588927606,5880.362349602951,181070.42124236355,1,0.03247555458951554
2007-01-11,4.318794,17.144125,0.03008448745251716,True,False,1.0,1.0,175806.3712390684,5340.710136852208,181147.0813759206,1,0.02948272804776271
2007-01-12,4.351939,17.187983,0.029790509469219257,True,False,1.0,1.0,178210.4789216733,2999.0223614531283,181209.50128312642,1,0.01655002822819637
2007-01-16,4.245747,17.04818,0.02986530413377621,True,False,1.0,1.0,170926.60854328956,10225.255375055205,181151.86391834478,1,0.056445764089208025
2007-01-17,4.155629,16.927557,0.02849148698171605,True,False,1.0,1.0,163617.80475143692,17331.564638929245,180949.36939036616,1,0.09578129339339929
2007-01-18,3.70137,16.310768,0.03822371055902768,False,False,1.0,1.0,156970.18184792114,22098.958656776154,179069.14050469728,1,0.12341020119095542
2007-01-19,3.805881,16.464285,0.03903145539564362,False,False,1.0,1.0,159261.48609150003,20450.645621607382,179712.1317131074,1,0.11379668933121782
2007-01-22,3.682311,16.286093,0.038961427113903886,False,False,1.0,1.0,155650.66742122674,23414.64127107584,179065.30869230258,1,0.13076034348624424
2007-01-23,3.671152,16.269646,0.03870705147268388,False,False,1.0,1.0,155671.47025645984,23343.684748950487,179015.1550054103,1,0.13040060629640535
2007-01-24,3.840021,16.51911,0.03934718296266125,False,False,1.0,1.0,161912.00304534973,18192.34772945968,180104.35077480943,1,0.101010040297173
2007-01-25,3.792229,16.450579,0.039240766424537776,False,False,1.0,1.0,158226.0758954925,21669.29803643779,179895.3739319303,1,0.12045500427730357
2007-01-26,3.945785,16.672619,0.039965606170036416,True,False,1.0,1.0,169980.35049048098,10803.434403509315,180783.7848939903,1,0.05975886836225016
2007-01-29,3.879613,16.57942,0.03989411024774063,True,False,1.0,1.0,155204.71711641448,25403.849806028888,180608.56692244337,2,0.14065694800035575
2007-01-30,3.93157,16.653425,0.04004754872352674,True,False,1.0,1.0,157797.6362877288,23169.659552048128,180967.29583977693,2,0.12803230243635766
2007-01-31,3.943222,16.669878,0.039897110115566646,True,False,1.0,1.0,160140.54525655037,20914.494756632008,181055.04001318238,2,0.11551456813966211
2007-02-01,4.042431,16.809685,0.04025731440832045,True,False,1.0,1.0,174144.37509978024,7446.137395307843,181590.51249508807,3,0.04100510149454673
2007-02-02,4.119567,16.916599,0.03830443019941407,True,False,1.0,1.0,174925.81427893692,6829.399364406848,181755.21364334377,3,0.03757470956408492
2007-02-05,4.165628,16.979647,0.035889008417161875,True,False,1.0,1.0,175639.17078865063,6215.183171920697,181854.35396057134,3,0.034176708099429055
2007-02-06,4.119225,16.916599,0.03593697176708701,True,False,1.0,1.0,146055.61855455654,35719.44573680931,181775.06429136585,4,0.19650355166182137
2007-02-07,4.285434,17.144125,0.03690697307519876,True,False,1.0,1.0,178224.31364301124,4983.654875500508,183207.96851851174,4,0.02720217311397647
2007-02-08,4.236096,17.078346,0.035266295656394865,True,False,1.0,1.0,148511.9164159906,34628.81906071635,183140.73547670693,4,0.18908310579063212
2007-02-09,4.046387,16.823389,0.03659159888993138,True,False,1.0,1.0,119807.94112656951,61769.29895225687,181577.24007882638,4,0.3401819464016611
2007-02-12,3.907931,16.6315,0.03715322985341675,True,False,1.0,1.0,90773.21440595223,88673.566176186,179446.78058213822,4,0.4941496631398044
2007-02-13,3.969767,16.719219,0.037145696850538694,True,False,1.0,1.0,99785.2079636802,81068.99970871682,180854.20767239702,4,0.44825608843763726
2007-02-14,4.204087,17.04818,0.03924559289512078,True,False,1.0,1.0,163252.683493515,22345.020607820672,185597.7041013357,4,0.12039491930148215
2007-02-15,4.271013,17.138639,0.028186555334433896,True,False,1.0,1.0,173349.7695235179,12616.732248416223,185966.50177193413,3,0.067844112397668
2007-02-16,4.262812,17.127678,0.0278202256931791,True,False,1.0,1.0,165630.42018142273,20326.2554592362,185956.67564065894,4,0.10930640370509999
2007-02-20,4.262812,17.127678,0.026345042497529524,True,False,1.0,1.0,167683.42112926577,18293.62991331258,185977.05104257836,4,0.09836498541491745
2007-02-21,4.252579,17.113976,0.026332352354934883,True,False,1.0,1.0,167705.83215158177,18249.715540616122,185955.5476921979,4,0.09814020483445798
2007-02-22,4.522322,17.475821,0.027793931382039304,True,False,1.0,1.0,187118.73328492758,0.0,187118.73328492758,4,0.0
2007-02-23,4.596807,17.571775,0.027409114120430036,True,False,1.0,1.0,187143.74185213802,0.0,187143.74185213802,4,0.0
2007-02-26,4.577452,17.5471,0.0266207617715724,True,False,1.0,1.0,187168.7537617633,0.0,187168.7537617633,4,0.0
2007-02-27,4.0926,16.927557,0.03746845296117641,True,False,1.0,1.0,160076.76353674568,27086.295457057622,187163.0589938033,4,0.14472030753651238
2007-02-28,4.118446,16.963196,0.03739649881302795,True,False,1.0,1.0,162821.5314762852,24531.618204061826,187353.149680347,4,0.13093784783397824
2007-03-01,4.030592,16.842579,0.037774581323147066,True,False,1.0,1.0,133079.6074557607,53738.29169595978,186817.89915172048,4,0.2876506584217462
2007-03-02,3.788517,16.5054,0.039831237872420745,True,False,1.0,1.0,104508.87195533859,79066.94648429473,183575.81843963332,4,0.43070458384089916
2007-03-05,3.665824,16.327223,0.04000006631005453,False,False,1.0,1.0,75077.60049598747,105918.21665699322,180995.8171529807,4,0.5851970411419474
2007-03-06,3.928024,16.716476,0.04326016834358274,True,False,1.0,1.0,170819.73558111975,17678.950044570553,188498.6856256903,1,0.0937881873599712
2007-03-07,3.87971,16.647947,0.04327276976518412,True,False,1.0,1.0,163312.6052197132,24982.93495897435,188295.54017868754,1,0.1326793769797532
2007-03-08,3.996618,16.815166,0.04281586957166171,True,False,1.0,1.0,172396.65024382708,16665.6730052053,189062.32324903237,1,0.08814909665133713
2007-03-09,4.070896,16.919334,0.04304225611556468,True,False,1.0,1.0,180946.21585424864,8441.488945152445,189387.70479940108,1,0.04457252889829171
2007-03-12,4.16785,17.053659,0.04210900590458747,True,False,1.0,1.0,181833.90406289833,7778.281176932118,189612.18523983046,1,0.04102205334057925
2007-03-13,3.912598,16.705515,0.043839279877957965,True,False,1.0,1.0,174703.5805425769,14448.438375521942,189152.01891809885,1,0.07638532466194817
2007-03-14,3.983863,16.806942,0.043886549937829505,True,False,1.0,1.0,176196.81564969858,13240.445133085426,189437.260782784,1,0.06989356306343253
2007-03-15,3.978015,16.798725,0.041773567036198056,True,False,1.0,1.0,176220.36449394887,13221.009192858997,189441.37368680787,1,0.06978944955665548
2007-03-16,3.900115,16.689064,0.04169903926999398,True,False,1.0,1.0,168772.4215325008,20425.14052966404,189197.56206216483,1,0.10795667928825073
2007-03-19,3.838616,16.601345,0.041769811955406015,True,False,1.0,1.0,161294.58588922393,27594.964523361232,188889.55041258517,1,0.14609047701731762
2007-03-20,3.954611,16.768562,0.04249063756593679,True,False,1.0,1.0,164156.56243121385,25585.944315301316,189742.50674651517,1,0.1348456113183043
2007-03-21,4.169897,17.072851,0.04434917963526236,True,False,1.0,1.0,187531.45338982332,3605.6197821957026,191137.073172019,1,0.018864052495722414
2007-03-22,3.997146,16.837103,0.04269564275709593,True,False,1.0,1.0,180246.7540704388,10757.730464542536,191004.48453498134,1,0.05632187375460455
2007-03-23,4.069393,16.938524,0.04274082829258066,True,False,1.0,1.0,181365.11246891448,9856.955373525643,191222.06784244013,1,0.05154716442898948
2007-03-26,4.06049,16.92617,0.0427479190135515,True,False,1.0,1.0,181389.3520601365,9835.390370172441,191224.74243030895,1,0.051433670377445576
2007-03-27,4.01309,16.860321,0.03480888223571196,True,False,1.0,1.0,173879.9246464202,17245.715615375193,191125.6402617954,1,0.09023234973472308
2007-03-28,3.864169,16.651766,0.03570936268856488,True,False,1.0,1.0,166578.12638846913,23922.489446691623,190500.61583516074,1,0.12557696646708816
2007-03-29,3.755275,16.495348,0.03593338557943103,True,False,1.0,1.0,159205.7444806634,30634.613828507758,189840.35830917113,1,0.16137039616527002
2007-03-30,3.790885,16.547478,0.03327391136851826,True,False,1.0,1.0,162316.8539956759,27832.600339243963,190149.45433491986,1,0.14637223354962142
2007-04-02,3.775795,16.52553,0.03238284904379672,True,False,1.0,1.0,162338.5477720353,27721.809867066837,190060.35763910212,1,0.14585792751009474
2007-04-03,3.852915,16.638039,0.028640856602042526,True,False,1.0,1.0,165186.5956724456,25459.221000497335,190645.81667294295,2,0.13354198610176263
2007-04-04,3.950145,16.777996,0.029069860351973127,True,False,1.0,1.0,174104.4727288224,17198.181130001187,191302.65385882359,2,0.0899003792320257
2007-04-05,4.045116,16.912464,0.028789660711543437,True,False,1.0,1.0,181269.2791888511,10463.936182244479,191733.21537109558,2,0.054575500452499856
2007-04-09,4.017554,16.874041,0.028519862218216646,True,False,1.0,1.0,165475.85641329805,26192.374659067922,191668.23107236598,3,0.13665475239440578
2007-04-10,4.121431,17.01948,0.02861204400242826,True,False,1.0,1.0,172257.69237689025,20104.016740638905,192361.70911752916,3,0.10451153107792234
2007-04-11,3.995838,16.846594,0.02565160503668697,True,False,1.0,1.0,149364.89633017287,42381.2501998355,191746.14653000835,3,0.22102791094788868
2007-04-12,4.118854,17.01948,0.02622003746243438,True,False,1.0,1.0,177323.78397366512,15722.846260880026,193046.63023454515,4,0.08144584674582145
2007-04-13,4.094949,16.986549,0.02626544048739656,True,False,1.0,1.0,169608.30280117164,23362.010035778403,192970.31283695003,4,0.12106530632780856
2007-04-16,4.182275,17.107298,0.026116887406934047,True,False,1.0,1.0,186238.5804310978,7238.199783502486,193476.7802146003,4,0.03741120653069598
2007-04-17,4.170203,17.090826,0.025768394320140223,True,False,1.0,1.0,186263.4713651808,7217.306956563453,193480.77832174426,4,0.03730244946896794
2007-04-18,4.431342,17.447573,0.028204582659922855,True,False,1.0,1.0,193950.9766021585,0.0,193950.9766021585,4,0.0
2007-04-19,4.51079,17.551859,0.026116417237962382,True,False,1.0,1.0,193976.8983041107,0.0,193976.8983041107,4,0.0
2007-04-20,4.561563,17.617714,0.02376507111112525,True,False,1.0,1.0,194002.82347051895,0.0,194002.82347051895,4,0.0
2007-04-23,4.457123,17.483244,0.02449979688642676,True,False,1.0,1.0,163310.28751119226,30683.67591620186,193993.96342739413,4,0.15816819953619743
2007-04-24,4.788734,17.916826,0.028656899923767628,True,False,1.0,1.0,196270.09773599159,0.0,196270.09773599159,4,0.0
2007-04-25,4.922955,18.084223,0.02856398886865558,True,False,1.0,1.0,196296.3293903239,0.0,196296.3293903239,4,0.0
2007-04-26,4.918469,18.078733,0.026408526151849507,True,False,1.0,1.0,188142.90708954656,8170.393995374135,196313.30108492068,4,0.04161915647192855
2007-04-27,4.69898,17.809813,0.028017801767404114,True,False,1.0,1.0,157491.252060325,38447.84529621889,195939.09735654388,4,0.1962234480760959
2007-04-30,4.496971,17.554605,0.030617273131826092,True,False,1.0,1.0,126770.73590786397,67501.72380353123,194272.4597113952,4,0.3474590474831563
2007-05-01,4.530714,17.598503,0.030477362790525608,True,False,1.0,1.0,133582.6083873602,61207.400393445496,194790.00878080569,4,0.31422248387657953
2007-05-02,4.643045,17.743952,0.03057410440020931,True,False,1.0,1.0,168376.56663276732,27918.665231455394,196295.23186422273,4,0.142227933742001
2007-05-03,4.724904,17.848227,0.030419156878531087,True,False,1.0,1.0,171237.6969428253,25569.795624226794,196807.4925670521,4,0.12992287687174914
2007-05-04,4.857849,18.015623,0.030534235775036885,True,False,1.0,1.0,193103.6566201671,4427.238313406618,197530.89493357373,4,0.02241289047414797
2007-05-07,4.797915,17.941526,0.03071291494523541,True,False,1.0,1.0,161383.147008662,36082.98234778641,197466.12935644842,4,0.18272998242981
2007-05-08,4.76489,17.900366,0.03064360848157252,True,False,1.0,1.0,161404.71599434156,35834.61602782542,197239.332022167,4,0.18168088312019887
2007-05-09,5.023475,18.224174,0.030873253016059542,True,False,1.0,1.0,195907.51217487667,3268.191060103433,199175.70323498012,4,0.01640858300998562
2007-05-10,4.746621,17.889387,0.03404106376718479,True,False,1.0,1.0,165559.45270356664,33427.91817730667,198987.3708808733,4,0.16799014947194202
2007-05-11,4.945397,18.139114,0.03471078930610026,True,False,1.0,1.0,198296.68834006807,2084.3112994327284,200380.9996395008,4,0.010401741198928779
2007-05-14,4.925196,18.114412,0.034722298839818706,True,False,1.0,1.0,198323.19084984303,2075.7972867943417,200398.98813663737,4,0.01035832219561412
2007-05-15,4.728225,17.872925,0.036355510341264316,True,False,1.0,1.0,167459.21341566116,32848.28092220246,200307.4943378636,4,0.16398927574220687
2007-05-16,4.730398,17.875662,0.034027239596569725,True,False,1.0,1.0,170765.08465227857,29577.03961635544,200342.124268634,4,0.1476326545120201
2007-05-17,4.665043,17.793343,0.03405391294912907,True,False,1.0,1.0,139061.257612028,60859.12383932868,199920.3814513567,4,0.30441680531775356
2007-05-18,4.686626,17.820789,0.03398891908734541,True,False,1.0,1.0,145188.61461394283,55026.62181470908,200215.2364286519,4,0.27483733404234795
2007-05-21,4.699619,17.837259,0.033495581203213366,True,False,1.0,1.0,150721.15553159412,49661.25772519487,200382.41325678898,4,0.2478324166180903
2007-05-22,4.764694,17.919579,0.029464909910488595,True,False,1.0,1.0,155771.82794325895,45314.01950756448,201085.84745082344,4,0.22534663718015388
2007-05-23,4.558926,17.661627,0.03025017251398394,True,False,1.0,1.0,125045.97898413918,74068.93634792914,199114.9153320683,4,0.37199089894598175
2007-05-24,4.318799,17.351519,0.03225167212800753,True,False,1.0,1.0,94614.47026591616,100581.32811113865,195195.7983770548,4,0.5152842886343703
2007-05-25,4.386409,17.442085,0.031228181209016624,True,False,1.0,1.0,104833.8549514538,91940.31918891949,196774.1741403733,4,0.4672377337654675
2007-05-29,4.469226,17.551859,0.030072532404394933,True,False,1.0,1.0,142508.5886704561,55982.80264988498,198491.3913203411,4,0.2820414642544145
2007-05-30,4.379095,17.433849,0.030336669847891337,True,False,1.0,1.0,111036.23857182781,86309.5284394343,197345.76701126213,4,0.4373518102088746
2007-05-31,4.581744,17.702785,0.03160753868770251,True,False,1.0,1.0,152956.49190539098,48361.87252813439,201318.36443352536,4,0.24022583664543584
2007-06-01,4.705324,17.86195,0.031947800765119536,True,False,1.0,1.0,178512.94474236414,24108.14584487188,202621.09058723602,4,0.11898142377479907
2007-06-04,4.670624,17.818037,0.031288986270978314,True,False,1.0,1.0,178536.80313910588,23930.35730983857,202467.16044894446,4,0.11819377155671139
2007-06-05,4.603726,17.732973,0.031327569613395806,True,False,1.0,1.0,146871.99600526775,55240.38074743992,202112.37675270767,4,0.27331518056921705
2007-06-06,4.426336,17.505207,0.032409355819752905,True,False,1.0,1.0,115981.0755211837,83987.41147014413,199968.48699132784,4,0.42000323517868327
2007-06-07,4.180697,17.181387,0.03163042870008444,True,False,1.0,1.0,85623.09049772321,109665.62786772962,195288.71836545283,4,0.561556390894569
2007-06-08,4.531258,17.661627,0.035435446089165434,True,False,1.0,1.0,130364.96635160614,74092.11742130769,204457.08377291384,4,0.36238469244528715
2007-06-11,4.478453,17.593006,0.03397222881300558,True,False,1.0,1.0,98574.47318672508,105000.57924472736,203575.05243145244,4,0.5157831374258545
2007-06-12,4.371569,17.45307,0.03424046021051565,True,False,1.0,1.0,67184.35618214756,133862.3336511741,201046.68983332167,4,0.6658270959952289
2007-06-13,4.583959,17.73572,0.03518638491779415,True,False,1.0,1.0,141611.42953692266,65883.32103508728,207494.75057200994,4,0.31751801360498916
2007-06-14,4.762694,17.966225,0.036297115557193664,True,False,1.0,1.0,176299.00372145636,33753.490716362474,210052.49443781882,4,0.1606907397443662
2007-06-15,5.002766,18.268095,0.03770736451832001,True,False,1.0,1.0,211746.74017499425,0.0,211746.74017499425,4,0.0
2007-06-18,4.998251,18.2626,0.03771891922485678,True,False,1.0,1.0,211775.04029487158,0.0,211775.04029487158,4,0.0
2007-06-19,4.874335,18.111668,0.038247650198002574,True,False,1.0,1.0,180400.16601166135,31367.614072526278,211767.78008418763,4,0.14812269392471403
2007-06-20,4.776844,17.990923,0.038443492530626046,True,False,1.0,1.0,148862.55307440058,62266.21401647671,211128.76709087729,4,0.29492055902393977
2007-06-21,5.200903,18.523306,0.04135698762105087,True,False,1.0,1.0,216617.53422322444,0.0,216617.53422322444,4,0.0
2007-06-22,5.01598,18.303762,0.04015004639941292,True,False,1.0,1.0,185561.32455033774,31049.956820210875,216611.28137054862,4,0.1433441352811856
2007-06-25,4.826469,18.073246,0.04137967950680444,True,False,1.0,1.0,154582.125806038,60845.73153418816,215427.85734022618,4,0.2824413345860569
2007-06-26,4.749527,17.977207,0.04149424251516557,True,False,1.0,1.0,122885.17204325346,91557.44223463189,214442.61427788535,4,0.4269554469989217
2007-06-27,5.069251,18.38061,0.04332068625883164,True,False,1.0,1.0,198948.82757352444,21607.633729203062,220556.4613027275,4,0.09796871785835029
2007-06-28,4.926214,18.207718,0.043065392937960655,True,False,1.0,1.0,180641.87909152493,39300.287682879876,219942.16677440482,3,0.17868464360083472
2007-06-29,4.830741,18.090105,0.04300596493125213,True,False,1.0,1.0,147908.41969419617,71259.12872119012,219167.5484153863,4,0.32513540091315585
2007-07-02,5.022271,18.32918,0.04375104920080779,True,False,1.0,1.0,155330.21070118842,66675.97995742894,222006.19065861736,4,0.3003338769951587
2007-07-03,5.062929,18.378637,0.04355110277751584,True,False,1.0,1.0,202217.71112408736,20308.3732145365,222526.08433862386,3,0.09126288846044991
2007-07-05,5.15832,18.494059,0.04237839464754278,True,False,1.0,1.0,216684.9594444901,6238.259878640433,222923.21932313053,4,0.02798389462336798
2007-07-06,5.287086,18.647945,0.039660115343264135,True,False,1.0,1.0,223102.36346232198,0.0,223102.36346232198,4,0.0
2007-07-09,5.401611,18.782597,0.036327385469735324,True,False,1.0,1.0,223132.18127026406,0.0,223132.18127026406,3,0.0
2007-07-10,5.273585,18.634211,0.03679232979656049,True,False,1.0,1.0,187906.88700401335,35215.18962516134,223122.0766291747,4,0.15782924826254832
2007-07-11,5.259583,18.617722,0.03610581526618865,True,False,1.0,1.0,187932.00090859385,35121.689077596166,223053.68998619,4,0.1574584535219779
2007-07-12,5.678805,19.112366,0.038262166154401346,True,False,1.0,1.0,225845.36980658042,0.0,225845.36980658042,4,0.0
2007-07-13,5.646964,19.076632,0.03785555438248576,True,False,1.0,1.0,225875.5542194974,0.0,225875.5542194974,4,0.0
2007-07-16,5.739692,19.181059,0.036692691400282924,True,False,1.0,1.0,225905.7426665851,0.0,225905.7426665851,4,0.0
2007-07-17,6.006119,19.477852,0.037623940917665306,True,False,1.0,1.0,225935.93514838273,0.0,225935.93514838273,4,0.0
2007-07-18,5.690889,19.137102,0.0395099226191441,True,False,1.0,1.0,191577.4716713688,34349.71482172474,225927.18649309356,4,0.15203887303210756
2007-07-19,5.808569,19.268997,0.039039623462665034,True,False,1.0,1.0,195106.04037624694,31554.019030256917,226660.05940650386,4,0.13921296549943238
2007-07-20,5.597337,19.035414,0.036083489018478306,True,False,1.0,1.0,175031.75857399343,50470.29806946018,225502.0566434536,3,0.22381302778652662
2007-07-23,5.594909,19.032663,0.03486901222654582,True,False,1.0,1.0,165652.59794143037,59840.31054917326,225492.90849060362,4,0.26537557633067127
2007-07-24,5.253208,18.645203,0.03686870720884275,True,False,1.0,1.0,130466.4069475935,91354.10701017252,221820.513957766,4,0.4118379557427501
2007-07-25,5.290376,18.689165,0.03655966706443065,True,False,1.0,1.0,139675.9186370214,82800.41789802416,222476.33653504553,4,0.37217629158946997
2007-07-26,5.014998,18.364904,0.035971198300305186,True,False,1.0,1.0,104132.90558963807,114011.84536437184,218144.7509540099,4,0.522643083850357
2007-07-27,4.771871,18.068113,0.03712712852852642,True,False,1.0,1.0,68456.57412626898,144134.3831301372,212590.9572564062,4,0.6779892474744189
2007-07-30,5.028784,18.392384,0.03874811120384679,True,False,1.0,1.0,121178.63573027395,99135.8145748353,220314.45030510926,4,0.4499741820726875
2007-07-31,4.787604,18.098349,0.0393344841347536,True,False,1.0,1.0,85460.25068635902,130075.38161968243,215535.63230604146,4,0.6034982718541264
2007-08-01,4.866108,18.197281,0.03949165927332379,True,False,1.0,1.0,98681.04416422696,118987.4454095056,217668.48957373254,4,0.546645247745885
2007-08-02,4.87272,18.205517,0.03920396004784016,True,False,1.0,1.0,110598.82128662428,107234.21150870997,217833.03279533423,4,0.4922770900842309
2007-08-03,4.438043,17.664162,0.043501335368554044,True,False,1.0,1.0,76423.31794090071,131819.81580929947,208243.13375020018,4,0.6330091822735681
2007-08-06,4.614103,17.897745,0.04430745022329057,True,False,1.0,1.0,90126.57610886873,123344.27287581988,213470.8489846886,4,0.5778038240934099
2007-08-07,4.60348,17.883997,0.04415758527795569,True,False,1.0,1.0,90138.6215972947,123060.29867525268,213198.92027254737,4,0.5772088269393482
2007-08-08,4.913297,18.28521,0.047002035923329674,True,False,1.0,1.0,137271.89566193425,84180.23940816717,221452.13507010142,4,0.3801283712235135
2007-08-09,4.806967,18.153311,0.0431734644701968,True,False,1.0,1.0,102058.62208305877,117550.19214685935,219608.81422991812,4,0.5352708294476327
2007-08-10,4.724011,18.04888,0.0432149236480887,True,False,1.0,1.0,65143.92295185782,152408.09339049633,217552.01634235415,4,0.7005593234799393
2007-08-13,4.674383,17.98567,0.04280564110476098,True,False,1.0,1.0,65152.62948886186,150806.97331292168,215959.60280178353,4,0.6983110329728585
2007-08-14,4.496555,17.757595,0.041152951161918055,True,False,1.0,1.0,29017.600491841997,181172.61308893544,210190.21358077743,4,0.8619459964500662
2007-08-15,4.124973,17.268442,0.04336030345082122,False,False,1.0,1.0,3460.790066081522,191732.7855888763,195193.57565495782,4,0.982269959170177
2007-08-16,4.11513,17.254707,0.04264128866967799,False,False,1.0,1.0,146214.10259801152,48398.623144685975,194612.72574269748,1,0.24869197510071897
2007-08-17,4.329435,17.554241,0.04495220620264311,True,False,1.0,1.0,160453.95806132286,36686.44823726291,197140.40629858576,1,0.1860929929387393
2007-08-20,4.48192,17.760344,0.04612916704955026,True,False,1.0,1.0,164269.96852544247,34180.70798503686,198450.67651047933,1,0.1722378002739231
2007-08-21,4.585949,17.897745,0.045027796779978674,True,False,1.0,1.0,167786.29988919233,31476.662957604025,199262.96284679635,1,0.15796544680410532
2007-08-22,4.681008,18.021404,0.04534523741536363,True,False,1.0,1.0,171018.8528454446,28916.209056416305,199935.0619018609,1,0.14462800461986985
2007-08-23,4.552517,17.856525,0.0442870241547399,True,False,1.0,1.0,161858.81025053893,37294.97537163229,199153.7856221712,1,0.1872672179196595
2007-08-24,4.747987,18.112089,0.04414695459756155,True,False,1.0,1.0,171936.89540581312,28831.12417892827,200768.01958474139,1,0.14360416683175506
2007-08-27,4.622647,17.952703,0.04270006525903268,True,False,1.0,1.0,162699.447760746,37319.96384688046,200019.41160762648,1,0.1865817099796803
2007-08-28,4.263901,17.488287,0.04497750026887758,True,False,1.0,1.0,153951.00666861798,43183.95757743494,197134.96424605293,1,0.21905783046956157
2007-08-29,4.631733,17.991175,0.04897270088262427,True,False,1.0,1.0,168166.1717132405,32702.388916003172,200868.56062924367,1,0.16280491488344023
2007-08-30,4.646583,18.010416,0.04898201305316973,True,False,1.0,1.0,171466.5283109759,29526.513716753514,200993.04202772942,1,0.14690316350692367
2007-08-31,4.90607,18.345661,0.04554810682630219,True,False,1.0,1.0,189174.08416141107,13475.436864855326,202649.5210262664,1,0.06649626802280331
2007-09-04,5.159604,18.661686,0.046067196856375094,True,False,1.0,1.0,199930.60189851755,3431.2743471465583,203361.8762456641,1,0.01687275122797121
2007-09-05,5.004615,18.474819,0.04674778231351478,True,False,1.0,1.0,190940.87283235378,12334.441342481254,203275.31417483505,1,0.06067850094120393
2007-09-06,5.134137,18.634211,0.04482991946972964,True,False,1.0,1.0,192230.662113661,11388.296702880523,203618.95881654153,1,0.055929451604461125
2007-09-07,4.738908,18.156055,0.04823698609543621,True,False,1.0,1.0,183475.50072901155,19282.527516773473,202758.028245785,1,0.09510117889585624
2007-09-10,4.76688,18.191778,0.04809366446466238,True,False,1.0,1.0,185437.97622111512,17456.710552777433,202894.68677389255,1,0.08603828335944218
2007-09-11,4.946185,18.419861,0.04868981145001888,True,False,1.0,1.0,187272.52469971415,16302.006322152123,203574.53102186628,1,0.08007881064651008
2007-09-12,4.715958,18.134068,0.049127694730576425,True,False,1.0,1.0,178906.3886493507,23924.869136468114,202831.25778581883,1,0.11795454703402647
2007-09-13,4.664505,18.068113,0.04466011584877672,True,False,1.0,1.0,178930.29963018285,23663.839184191464,202594.1388143743,1,0.11680416483259329
2007-09-14,4.577241,17.955454,0.044977251284827824,True,False,1.0,1.0,161326.4453140639,40828.938883424664,202155.38419748854,2,0.2019681001597181
2007-09-17,4.535208,17.900492,0.043771228205505656,True,False,1.0,1.0,161348.00672151695,40454.004990259105,201802.01171177605,2,0.2004638340674105
2007-09-18,4.938324,18.430861,0.04706843398728418,True,False,1.0,1.0,192627.44379181624,12764.814552507036,205392.2583443233,2,0.062148469739827635
2007-09-19,5.00459,18.513296,0.046922734571448695,True,False,1.0,1.0,199824.7339453186,5758.337305505057,205583.07125082368,3,0.028009783444083
2007-09-20,5.015726,18.527039,0.04676943040318107,True,False,1.0,1.0,200428.05567048586,5194.035460645625,205622.09113113148,3,0.02526010426249984
2007-09-21,5.082696,18.609476,0.0462221000788572,True,False,1.0,1.0,200980.72560075097,4737.047624553956,205717.77322530493,3,0.023026924462019507
2007-09-24,5.03766,18.55452,0.04550095537261615,True,False,1.0,1.0,185725.18930657534,19960.164500332867,205685.3538069082,4,0.09704222556882161
2007-09-25,5.12495,18.661686,0.04504916150930493,True,False,1.0,1.0,187778.85454716862,18275.421634326816,206054.27618149543,4,0.08869227066284989
2007-09-26,5.068509,18.593178,0.040518880753463445,True,False,1.0,1.0,187803.95134010966,18074.154680997897,205878.10602110755,4,0.08779056224242152
2007-09-27,5.124759,18.661961,0.036599610323247864,True,False,1.0,1.0,189654.94206570982,16447.266480527607,206102.20854623744,4,0.07980150526547021
2007-09-28,5.045437,18.565668,0.03689008140711874,True,False,1.0,1.0,156200.3597488158,49634.70635948654,205835.06610830233,4,0.24113824382756388
2007-10-01,5.361707,18.953596,0.03737778737495484,True,False,1.0,1.0,208921.55879034373,0.0,208921.55879034373,4,0.0
2007-10-02,5.392057,18.989359,0.03578825772936469,True,False,1.0,1.0,208949.4813224868,0.0,208949.4813224868,4,0.0
2007-10-03,5.042846,18.579428,0.03837647962346034,True,False,1.0,1.0,177179.72968857537,31761.667013933064,208941.39670250844,4,0.15201232266651038
2007-10-04,5.015964,18.546402,0.037929168011867985,True,False,1.0,1.0,177203.40990006705,31592.35446053196,208795.76436059902,4,0.15130744896707118
2007-10-05,5.26822,18.857307,0.03463424020503199,True,False,1.0,1.0,210379.49631030223,0.0,210379.49631030223,4,0.0
2007-10-08,5.291274,18.884821,0.034634541240359924,True,False,1.0,1.0,210407.61369695194,0.0,210407.61369695194,4,0.0
2007-10-09,5.17564,18.747248,0.034303673244784394,True,False,1.0,1.0,177189.14811504356,33208.93495260332,210398.0830676469,4,0.15783858136162784
2007-10-10,5.139185,18.703226,0.03233839769406796,True,False,1.0,1.0,177212.82958531543,32975.02538321728,210187.85496853272,4,0.15688359057736226
2007-10-11,4.808063,18.301544,0.03591530132081121,True,False,1.0,1.0,145455.02152211065,62595.91698451906,208050.93850662973,4,0.30086822695358517
2007-10-12,4.9837,18.524401,0.03636287154968608,True,False,1.0,1.0,184833.73365439178,25489.120100782453,210322.85375517423,4,0.12119044433684319
2007-10-15,4.9837,18.524401,0.03624119397801886,True,False,1.0,1.0,187405.14025110524,22940.208090704207,210345.34834180944,4,0.10905973567538352
2007-10-16,4.959286,18.494133,0.030925661544380482,True,False,1.0,1.0,193797.4038070221,16455.0907088215,210252.4945158436,3,0.078263474336955
2007-10-17,5.235941,18.838045,0.03311819663258594,True,False,1.0,1.0,195559.10384222146,15635.737824141177,211194.84166636263,4,0.07403465776328906
2007-10-18,5.242822,18.846292,0.03311887414103552,True,False,1.0,1.0,197149.5124903869,14090.657481735481,211240.16997212238,4,0.06670444112781694
2007-10-19,4.781297,18.293301,0.03911311257989526,True,False,1.0,1.0,166841.81488008867,43149.95204968358,209991.76692977225,4,0.2054840181620752
2007-10-22,4.906423,18.452858,0.039607966015617405,True,False,1.0,1.0,171288.19484579985,39851.26325909438,211139.45810489423,4,0.18874379813599904
2007-10-23,4.939352,18.494133,0.03941910963311173,True,False,1.0,1.0,175319.4835598338,36106.849163474275,211426.3327233081,4,0.17077744620736063
2007-10-24,4.485232,17.92737,0.04473486368229758,True,False,1.0,1.0,145024.49548718167,63071.2988961653,208095.79438334698,4,0.30308781147194885
2007-10-25,4.041251,17.335846,0.049573228941172894,False,False,1.0,1.0,114920.40241091553,86917.40225492936,201837.8046658449,4,0.4306299426850513
2007-10-26,4.081662,17.393618,0.049800914764006124,False,False,1.0,1.0,181718.66139376102,20945.72759982784,202664.38899358886,1,0.10335179112542776
2007-10-29,4.195937,17.555943,0.047809924998731636,False,False,1.0,1.0,183894.29739067043,19378.933896347844,203273.23128701828,1,0.09533441158804194
2007-10-30,4.243283,17.621971,0.047935911663396294,False,False,1.0,1.0,192413.0983763546,11096.011535752707,203509.10991210732,1,0.054523414409040044
2007-10-31,4.36253,17.787052,0.046884089092934775,True,False,1.0,1.0,193578.60982656304,10267.053808233044,203845.66363479607,1,0.05036680018186306
2007-11-01,4.145919,17.49267,0.04788408826136073,False,False,1.0,1.0,185804.43369064803,17548.48230423305,203352.91599488107,1,0.08629570035118056
2007-11-02,4.232,17.613724,0.046450695252379284,False,False,1.0,1.0,187618.99832502005,16121.554569774,203740.55289479403,1,0.07912786306268013
2007-11-05,4.170523,17.528442,0.04631503238382036,False,False,1.0,1.0,183562.65561274134,19964.157494169744,203526.81310691108,1,0.09809104358000596
2007-11-06,4.351185,17.781551,0.04779006254818079,True,False,1.0,1.0,193021.16990585157,11386.818121768942,204407.9880276205,1,0.05570632650731
2007-11-07,4.001778,17.30558,0.05064203350495552,False,False,1.0,1.0,185639.87070441188,17871.14680874416,203511.01751315605,1,0.08781414896905458
2007-11-08,3.831908,17.060722,0.049591796041184535,False,False,1.0,1.0,182023.2162323183,20749.882508906787,202773.09874122508,1,0.10233054896195755
2007-11-09,3.731799,16.912151,0.04841259191762887,False,False,1.0,1.0,178266.58760412902,23984.46388439387,202251.05148852288,1,0.11858758561635915
2007-11-12,3.442213,16.474689,0.050468124990496244,False,False,1.0,1.0,174623.13655641503,25786.403112055184,200409.5396684702,1,0.12866854120174437
2007-11-13,3.676756,16.848869,0.05384413552231637,False,False,1.0,1.0,181307.7585617239,20876.357870817865,202184.11643254175,1,0.10325419345086494
2007-11-14,3.592107,16.719549,0.05132869237402481,False,False,1.0,1.0,177834.81318739502,23888.94364217571,201723.75682957072,1,0.11842404691262336
2007-11-15,3.528256,16.620504,0.05111091172134437,False,False,1.0,1.0,174172.61408010594,27146.101548352148,201318.71562845807,1,0.134841420300194
2007-11-16,3.456428,16.507704,0.048201739817035356,False,False,1.0,1.0,170504.1979649612,30280.976603802133,200785.17456876335,1,0.1508128110994158
2007-11-19,3.26805,16.207811,0.0479178409433751,False,False,1.0,1.0,166751.69026268562,32401.660152203764,199153.35041488937,1,0.16269703765817894
2007-11-20,3.148227,16.009722,0.047622510559053324,False,False,1.0,1.0,162904.92559127376,35078.32327571545,197983.24886698922,1,0.17717823844421335
2007-11-21,2.961569,15.693331,0.04533674685216797,False,False,1.0,1.0,159125.3142469695,36795.61235790926,195920.92660487877,1,0.18780848475730405
2007-11-23,3.090853,15.921686,0.04294038856594816,False,False,1.0,1.0,162983.4424021923,34561.695492812374,197545.13789500468,1,0.17495594101223555
2007-11-26,2.85371,15.921686,0.045012896214840524,False,False,1.0,1.0,159061.6265152503,35849.1121834313,194910.7386986816,1,0.1839257930208326
2007-11-27,3.035894,15.844649,0.04742437618257184,False,False,1.0,1.0,167080.33668182808,30133.372003462242,197213.70868529033,1,0.15279552422772227
2007-11-28,3.423352,16.518711,0.05617871473169887,False,False,1.0,1.0,180508.44918034156,20561.755704244006,201070.20488458558,1,0.10226157433940283
2007-11-29,3.414805,16.504955,0.05549235953746615,False,False,1.0,1.0,180532.57427783517,20510.419666931986,201042.99394476716,1,0.10202006677520353
2007-11-30,3.269649,16.271095,0.055242286247055135,False,False,1.0,1.0,177229.62059891588,22961.880015671446,200191.50061458733,1,0.11469957488294229
2007-12-03,3.259698,16.254578,0.05476327357619323,False,False,1.0,1.0,177253.30747836732,22891.99677498233,200145.30425334966,1,0.11437688663434734
2007-12-04,3.183556,16.128023,0.054813928984185356,False,False,1.0,1.0,173838.8945669753,25791.48095414425,199630.37552111954,1,0.1291961751152228
2007-12-05,3.45564,16.587498,0.05758513075419785,False,False,1.0,1.0,183893.07846501854,17956.111730360284,201849.19019537882,1,0.08895805681944903
2007-12-06,3.631034,16.868124,0.05649004845885758,False,False,1.0,1.0,185802.77005797692,16980.74075443719,202783.5108124141,1,0.0837382718466952
2007-12-07,3.615043,16.843365,0.05575901628853125,False,False,1.0,1.0,185827.60274565767,16905.95791698532,202733.560662643,1,0.08339003104235677
2007-12-10,3.708929,16.989172,0.05581769969441432,False,False,1.0,1.0,189695.82501473368,13498.301853528246,203194.12686826193,1,0.06643057091054448
2007-12-11,3.489094,16.653521,0.05448227023819295,False,False,1.0,1.0,186471.1859919861,15944.544237093383,202415.7302290795,1,0.07877127048895113
2007-12-12,3.618795,16.859869,0.05300535520844529,False,False,1.0,1.0,188148.4005824757,14883.529439512122,203031.93002198782,1,0.0733063486019183
2007-12-13,3.517808,16.703047,0.053128997194747236,False,False,1.0,1.0,184639.46065278418,17998.26969643681,202637.730349221,1,0.08881993331359873
2007-12-14,3.406557,16.526962,0.05346046256865262,False,False,1.0,1.0,181151.71183771142,20937.52097136163,202089.23280907306,1,0.10360532661897272
2007-12-17,3.180282,16.161051,0.05540208193329239,False,False,1.0,1.0,177810.3835237079,22908.50815389299,200718.89167760088,1,0.11413229697725286
2007-12-18,3.224145,16.235329,0.05414543745745238,False,False,1.0,1.0,180154.58228888558,20902.01963839999,201056.60192728558,1,0.1039608719039201
2007-12-19,3.247091,16.273848,0.05346870821170585,False,False,1.0,1.0,182281.91385363092,18945.69998083358,201227.6138344645,1,0.09415059702700071
2007-12-20,3.378839,16.493948,0.05198400619320501,False,False,1.0,1.0,187166.50834813208,14849.958570595649,202016.46691872773,1,0.07350865400774415
2007-12-21,3.509035,16.705807,0.0518153958067988,False,False,1.0,1.0,188732.40384547546,13879.9516447789,202612.35549025435,1,0.06850496166037873
2007-12-24,3.618261,16.879133,0.04788519842690965,False,False,1.0,1.0,192583.73450039933,10482.569407849265,203066.30390824858,1,0.0516214123471002
2007-12-26,3.637726,16.909393,0.04642349711890486,False,False,1.0,1.0,193662.45648903804,9485.065824042016,203147.52231308006,1,0.046690531669021006
2007-12-27,3.412823,16.560934,0.04118508961655401,False,False,1.0,1.0,189800.51300755885,12782.073748120309,202582.58675567916,1,0.06309561918831594
2007-12-28,3.378764,16.505833,0.04124204211972355,False,False,1.0,1.0,189825.87999675763,12654.512298321351,202480.392295079,1,0.06249747027297172
2007-12-31,3.292491,16.365341,0.04045960200464489,False,False,1.0,1.0,185690.71640913497,16487.21549013713,202177.9318992721,1,0.08154804698641042
2008-01-02,3.028135,15.927354,0.04462092945402633,False,False,1.0,1.0,181772.35602777824,19084.926158317106,200857.28218609534,1,0.09501734739512616
2008-01-03,2.91973,15.737297,0.04501298593872439,False,False,1.0,1.0,177659.65983057054,22517.16113170247,200176.82096227302,1,0.11248635593002168
2008-01-04,2.498097,14.979766,0.05191376266916778,False,False,1.0,1.0,174011.528803071,22916.717108735575,196928.2459118066,1,0.11637089947471893
2008-01-07,2.318941,14.621662,0.05104359760175015,False,False,1.0,1.0,170573.84905073664,24714.0441184299,195287.89316916655,1,0.12655184977095105
2008-01-08,2.155114,14.277332,0.0520766805725506,False,False,1.0,1.0,167073.94352612703,26470.935983367675,193544.8795094947,1,0.13676898118128253
2008-01-09,2.196278,14.368232,0.051747584847782656,False,False,1.0,1.0,169775.47575847778,24278.892395349347,194054.36815382712,1,0.12511386693497897
2008-01-10,2.222803,14.426079,0.05173443938481029,False,False,1.0,1.0,172236.90051769617,22114.903198845383,194351.80371654156,1,0.11378800081063077
2008-01-11,2.01525,13.977071,0.0523948871979244,False,False,1.0,1.0,168868.0424956194,23421.96238013924,192290.00487575863,1,0.12180540738595598
2008-01-14,2.198743,14.401295,0.058509469966859594,False,False,1.0,1.0,175103.10441758676,19320.069281677952,194423.1736992647,1,0.09937122676313466
2008-01-15,1.95145,13.861379,0.062310684274878916,False,False,1.0,1.0,172183.02870369545,20070.95810767999,192253.98681137545,1,0.10439813727957717
2008-01-16,1.876989,13.685081,0.061634121928707424,False,False,1.0,1.0,169208.44814070215,22283.271095485205,191491.71923618735,1,0.11636676084150066
2008-01-17,1.772712,13.431655,0.061245273884116935,False,False,1.0,1.0,166256.0316586882,24001.21302449242,190257.24468318064,1,0.12615137502101229
2008-01-18,1.912322,13.784248,0.06522809807299655,False,False,1.0,1.0,172034.75087314742,20113.59508211397,192148.34595526138,1,0.10467743025379513
2008-01-22,1.804549,13.525313,0.06364683236749308,False,False,1.0,1.0,169245.1951377414,21773.367432032697,191018.5625697741,1,0.11398561029417993
2008-01-23,1.93245,13.844849,0.06573622578871575,False,False,1.0,1.0,174569.59180188933,17993.639383781727,192563.23118567106,1,0.09344275785667572
2008-01-24,2.097395,14.238765,0.06912966987439274,False,False,1.0,1.0,181597.37673679923,12501.713581202212,194099.09031800143,1,0.06440892412591982
2008-01-25,1.970798,13.952282,0.0691034450043855,False,False,1.0,1.0,178974.58038354726,14374.221351199038,193348.8017347463,1,0.074343472637182
2008-01-28,2.047839,14.134085,0.07028815747699062,False,False,1.0,1.0,180473.68906896294,13442.515148613036,193916.20421757599,1,0.06932125761666826
2008-01-29,2.058615,14.158876,0.07054811458679007,False,False,1.0,1.0,181830.70494748614,12161.926299086903,193992.63124657306,1,0.06269272302218823
2008-01-30,2.053809,14.147864,0.07072490054362544,False,False,1.0,1.0,181837.74727955076,12133.533317498112,193971.28059704887,1,0.06255324644014705
2008-01-31,2.035815,14.106541,0.06934455666504137,False,False,1.0,1.0,181844.78988436604,12027.228009402244,193872.0178937683,1,0.062036946538579565
2008-02-01,2.361403,14.858559,0.07869880451689082,False,False,1.0,1.0,187300.05689855493,8497.2766165783,195797.33351513324,1,0.04339832654524655
2008-02-04,2.235319,14.594118,0.07181770768663362,False,False,1.0,1.0,184974.4536730022,10374.012335573836,195348.46600857604,1,0.05310516405651429
2008-02-05,1.942931,13.957791,0.07649034942938698,False,False,1.0,1.0,182638.4639658563,11357.77544668207,193996.23941253836,1,0.058546369151669206
2008-02-06,1.795687,13.605193,0.07674566992630986,False,False,1.0,1.0,180303.48995995932,12836.649732102811,193140.13969206213,1,0.06646287898812359
2008-02-07,1.845861,13.731912,0.07693585685236796,False,False,1.0,1.0,181628.73702841738,11875.791270992175,193504.52829940955,1,0.06137216206442861
2008-02-08,1.910289,13.891676,0.0774118081130716,False,False,1.0,1.0,182863.62049322276,11061.273892316447,193924.8943855392,1,0.057038957929381115
2008-02-11,2.043248,14.213976,0.07605948660577579,False,False,1.0,1.0,186206.96322828924,8491.684604115846,194698.64783240508,1,0.0436145021994473
2008-02-12,2.01355,14.145107,0.07332653816649404,False,False,1.0,1.0,186214.17505353174,8368.260502208963,194582.4355557407,1,0.04300624811437189
2008-02-13,2.237061,14.668492,0.07198606626010486,False,False,1.0,1.0,189064.41980861544,6451.39798997349,195515.81779858892,1,0.03299680845577115
2008-02-14,2.010202,14.172653,0.07576823907668954,False,False,1.0,1.0,186654.89178845374,8211.508201570818,194866.39999002457,1,0.0421391692051127
2008-02-15,1.900023,13.913715,0.07573522753998888,False,False,1.0,1.0,184244.48013119918,10176.568204883915,194421.0483360831,1,0.05234293453295417
2008-02-19,1.85827,13.811792,0.07395838302407134,False,False,1.0,1.0,181748.88580949977,12453.071226837288,194201.95703633706,1,0.06412433436243486
2008-02-20,1.96723,14.081753,0.07379826628013604,False,False,1.0,1.0,183072.98358737645,11864.933394293621,194937.91698167007,1,0.06086519020006393
2008-02-21,1.951065,14.043183,0.07226569286027369,False,False,1.0,1.0,183080.07403309,11767.437601570473,194847.51163466048,1,0.06039306072142427
2008-02-22,1.970585,14.090009,0.0697456538246322,False,False,1.0,1.0,184274.53905900908,10696.651533127639,194971.19059213673,1,0.0548627286966931
2008-02-25,2.02722,14.224991,0.06863563953116479,False,False,1.0,1.0,187588.12833718173,7694.441523992932,195282.56986117465,1,0.03940157859179583
2008-02-26,2.124963,14.453625,0.06891053916559374,False,False,1.0,1.0,190313.43244215212,5344.777077562243,195658.20951971435,1,0.02731690681767027
2008-02-27,2.180855,14.580344,0.06911967677179114,False,False,1.0,1.0,192480.0631609355,3324.0209191636977,195804.08408009922,1,0.016976259380799802
2008-02-28,2.026346,14.236012,0.07120195020683355,False,False,1.0,1.0,189886.77005380348,5686.57013077808,195573.34018458155,1,0.029076407476658687
2008-02-29,1.851079,13.825569,0.07398001036203986,False,False,1.0,1.0,187410.62778311738,7675.63480445123,195086.2625875686,1,0.03934482470802299
2008-03-03,1.817885,13.742928,0.06461864774431776,False,False,1.0,1.0,187417.88622647914,7537.993449490716,194955.87967596986,1,0.03866512496068024
2008-03-04,1.847399,13.817296,0.06414990767639536,False,False,1.0,1.0,188190.44609396832,6894.337873152664,195084.78396712098,1,0.035340213280368474
2008-03-05,1.902645,13.955037,0.05675415030162208,False,False,1.0,1.0,188907.10329198823,6390.460173680993,195297.56346566923,1,0.03272165847990394
2008-03-06,1.738146,13.552854,0.05764428149138913,False,False,1.0,1.0,185809.8783068916,8939.273202309527,194749.15150920113,1,0.04590147445077408
2008-03-07,1.744506,13.569386,0.05725375484417168,False,False,1.0,1.0,194780.43254874524,0.0,194780.43254874524,0,0.0
2008-03-10,1.662696,13.357276,0.05740335102446542,False,False,1.0,1.0,191744.9522413742,3039.866465730183,194784.8187071044,1,0.015606280232245378
2008-03-11,1.837574,13.825569,0.060036023114078865,False,False,1.0,1.0,195108.74058923146,0.0,195108.74058923146,1,0.0
2008-03-12,1.796934,13.723643,0.06012400908921625,False,False,1.0,1.0,192093.49912131438,3019.6613301649872,195113.16045147937,1,0.015476461573261813
2008-03-13,1.892156,13.966052,0.05596737448740306,False,False,1.0,1.0,192418.60100094887,2861.709597267176,195280.31059821605,1,0.01465436832059872
2008-03-14,1.729811,13.566633,0.05448397041253769,False,False,1.0,1.0,189397.81956080368,5641.269387843917,195039.0889486476,1,0.028923788653100316
2008-03-17,1.709788,13.514294,0.05327757207495756,False,False,1.0,1.0,189405.1549684184,5575.970267331446,194981.12523574987,1,0.028597487375198967
2008-03-18,1.914712,14.054202,0.059277769748454966,False,False,1.0,1.0,195650.75756199931,0.0,195650.75756199931,1,0.0
2008-03-19,1.679408,13.478481,0.06468713284563464,False,False,1.0,1.0,192912.83736486983,2742.6488037750155,195655.48616864486,1,0.01401774546414198
2008-03-20,1.778258,13.742928,0.06630396666852217,False,False,1.0,1.0,193210.43785647352,2613.6730674458004,195824.11092391933,1,0.013347044217967891
2008-03-24,1.947208,14.178163,0.06961916096678436,False,False,1.0,1.0,196077.16444325383,0.0,196077.16444325383,1,0.0
2008-03-25,1.964232,14.219479,0.06932757271002407,False,False,1.0,1.0,196084.75854295606,0.0,196084.75854295606,1,0.0
2008-03-26,1.901447,14.067975,0.06866782342800132,False,False,1.0,1.0,193494.92553341095,2594.7320764120623,196089.657609823,1,0.013232375985759692
2008-03-27,1.754009,13.704362,0.0702161451337894,False,False,1.0,1.0,191003.89743723028,4889.46631610295,195893.36375333322,1,0.024959836425391686
2008-03-28,1.677855,13.506028,0.06914431433860105,False,False,1.0,1.0,188476.4626038173,7209.381895883672,195685.84449970096,1,0.036841611687935295
2008-03-31,1.732266,13.652024,0.06697721096945287,False,False,1.0,1.0,189227.3642338879,6698.856829302498,195926.2210631904,1,0.03419071114091449
2008-04-01,1.949323,14.222234,0.07211765088472699,False,False,1.0,1.0,195127.02880335582,1640.2337629894557,196767.26256634528,1,0.008335907821233259
2008-04-02,1.991232,14.324155,0.07217444438626686,False,False,1.0,1.0,195301.97479447976,1507.94781609334,196809.9226105731,1,0.007661950150130944
2008-04-03,2.076245,14.527997,0.07245808694150102,False,False,1.0,1.0,196880.35502001626,0.0,196880.35502001626,1,0.0
2008-04-04,2.08451,14.547283,0.06894789271192436,False,False,1.0,1.0,196887.98022741702,0.0,196887.98022741702,1,0.0
2008-04-07,2.037144,14.4371,0.06931467495626642,False,False,1.0,1.0,194259.20718452844,2633.662778656538,196892.869963185,1,0.013376120624118996
2008-04-08,1.907711,14.131328,0.07016741100682622,False,False,1.0,1.0,191753.48945927087,4976.962510475163,196730.45196974603,1,0.025298383959594314
2008-04-09,1.965721,14.274571,0.06694835735104765,False,False,1.0,1.0,192273.25339736146,4615.47254838305,196888.72594574452,1,0.023442035729638013
2008-04-10,2.103418,14.607883,0.0681447797245037,False,False,1.0,1.0,195263.08204322265,1953.5306570200426,197216.6127002427,1,0.009905507605433274
2008-04-11,1.87257,14.073485,0.07266122895977155,False,False,1.0,1.0,192841.20311479215,4166.053130543493,197007.25624533565,1,0.02114669890816333
2008-04-14,1.771412,13.820057,0.07083255989107459,False,False,1.0,1.0,190424.8701763699,6362.285557376197,196787.1557337461,1,0.03233079686351277
2008-04-15,1.785179,13.855868,0.07078035137891404,False,False,1.0,1.0,191072.80217190445,5770.55857820098,196843.36075010544,1,0.029315484943008875
2008-04-16,2.002386,14.417816,0.07091515758205963,False,False,1.0,1.0,194187.77765275873,3362.110832474884,197549.88848523362,1,0.01701904697722061
2008-04-17,1.961066,14.318645,0.06394457510793096,False,False,1.0,1.0,191625.26760306832,5860.096466371001,197485.36406943933,1,0.02967357350244187
2008-04-18,2.087831,14.627167,0.06417730334952343,False,False,1.0,1.0,197026.87190643002,839.5250733221328,197866.39697975217,1,0.004242888565904609
2008-04-21,2.156243,14.786936,0.06148405737167045,False,False,1.0,1.0,197121.12282056359,780.3304273228064,197901.45324788638,1,0.003943025250781681
2008-04-22,1.986329,14.398537,0.06448188425372621,False,False,1.0,1.0,194347.2147662336,3497.4958522760967,197844.7106185097,1,0.0176779851295599
2008-04-23,2.15962,14.817245,0.06654523971193078,False,False,1.0,1.0,197752.80580625628,401.2901586861942,198154.09596494248,1,0.002025141881282084
2008-04-24,2.275246,15.081685,0.06397727810470247,False,False,1.0,1.0,198182.83360996784,0.0,198182.83360996784,1,0.0
2008-04-25,2.250311,15.026589,0.06282643141377264,False,False,1.0,1.0,198190.50926257114,0.0,198190.50926257114,1,0.0
2008-04-28,2.20205,14.919167,0.06319443160741732,False,False,1.0,1.0,195305.6506769075,2889.532978584625,198195.18365549212,1,0.014579229047297559
2008-04-29,2.233758,14.990785,0.05808197428710892,False,False,1.0,1.0,195606.04714862665,2638.026233037175,198244.07338166382,1,0.013306961403877075
2008-04-30,2.106927,14.707058,0.05974920526312972,False,False,1.0,1.0,192601.33574493727,5497.402638439427,198098.7383833767,1,0.027750821046625795
2008-05-01,2.343706,15.257984,0.0635981396507484,False,False,1.0,1.0,198718.1240080521,0.0,198718.1240080521,1,0.0
2008-05-02,2.347511,15.266247,0.06360436894607596,False,False,1.0,1.0,198725.82039253748,0.0,198725.82039253748,1,0.0
2008-05-05,2.29668,15.156062,0.0635786489698418,False,False,1.0,1.0,195876.3774744854,2854.174772662362,198730.55224714777,1,0.014362033116643372
2008-05-06,2.413145,15.412246,0.06194116013382116,False,False,1.0,1.0,196183.56655177643,2699.019377361533,198882.58592913797,1,0.013570918563595083
2008-05-07,2.325158,15.224926,0.06271556684148845,False,False,1.0,1.0,193302.9415464806,5485.835098109796,198788.7766445904,1,0.027596301917576494
2008-05-08,2.354185,15.288283,0.06116300140195468,False,False,1.0,1.0,193865.32622064583,4998.887658558795,198864.21387920462,1,0.025137190654097533
2008-05-09,2.352913,15.285528,0.054090773626304225,False,False,1.0,1.0,193872.83465550264,4996.186687691302,198869.02134319395,1,0.025123001329951936
2008-05-12,2.439414,15.472848,0.05196020997558447,False,False,1.0,1.0,196851.0315299727,2206.3166790171103,199057.34820898983,1,0.011083824329362129
2008-05-13,2.470684,15.538957,0.051930425918951584,False,False,1.0,1.0,199091.10614829606,0.0,199091.10614829606,1,0.0
2008-05-14,2.565289,15.737297,0.046836051256860516,False,False,1.0,1.0,199098.81697843893,0.0,199098.81697843893,1,0.0
2008-05-15,2.744451,16.103664,0.0476953821038564,True,False,1.0,1.0,199106.52810722348,0.0,199106.52810722348,1,0.0
2008-05-16,2.789515,16.191809,0.04646126579700043,True,False,1.0,1.0,199114.2395346613,0.0,199114.2395346613,2,0.0
2008-05-19,2.749657,16.114677,0.04669292563398337,True,False,1.0,1.0,183345.78909308487,15759.791386691155,199105.58047977602,2,0.07915293659130736
2008-05-20,2.546601,15.718012,0.046135390079205654,False,False,1.0,1.0,168515.82307729026,29417.636890149355,197933.45996743962,2,0.1486238703400052
2008-05-21,2.424765,15.467342,0.04487673942688619,False,False,1.0,1.0,178810.44323192057,17704.59468366514,196515.0379155857,1,0.09009282379331326
2008-05-22,2.466216,15.55549,0.04363563695629807,False,False,1.0,1.0,180616.3627480079,16206.526906373576,196822.8896543815,1,0.08234066136734418
2008-05-23,2.409878,15.437032,0.04393776667099823,False,False,1.0,1.0,176610.21327401634,19845.286942023893,196455.50021604024,1,0.1010167031220822
2008-05-27,2.541467,15.718012,0.0448645506043627,False,False,1.0,1.0,186524.89452613972,11011.544400905952,197536.43892704567,1,0.05574437030816752
2008-05-28,2.570867,15.778615,0.04484552514262432,False,False,1.0,1.0,187644.94059914188,10025.03455972141,197669.9751588633,1,0.05071602073943954
2008-05-29,2.54394,15.723518,0.04237471517786806,False,False,1.0,1.0,187652.2081174762,9920.033365342386,197572.2414828186,1,0.05020965137050924
2008-05-30,2.656245,15.954918,0.03673004286500397,True,False,1.0,1.0,193892.74399577337,4118.698096418398,198011.44209219178,1,0.02080030352236302
2008-06-02,2.576447,15.795136,0.03763474646986441,False,False,1.0,1.0,185947.14676361138,11939.819444671808,197886.96620828318,1,0.06033656320803219
2008-06-03,2.467263,15.572013,0.03871846007604247,False,False,1.0,1.0,182027.39530726918,15356.71514061445,197384.11044788364,1,0.07780117206885892
2008-06-04,2.583794,15.817168,0.03851816674481221,False,False,1.0,1.0,198101.01176138557,0.0,198101.01176138557,0,0.0
2008-06-05,2.683687,16.021019,0.03801235176619251,True,False,1.0,1.0,198108.6842450157,0.0,198108.6842450157,0,0.0
2008-06-06,2.572949,15.800652,0.03954280957044987,False,False,1.0,1.0,198116.3570258023,0.0,198116.3570258023,0,0.0
2008-06-09,2.412812,15.472848,0.04242719293716669,False,False,1.0,1.0,198124.03010375696,0.0,198124.03010375696,0,0.0
2008-06-10,2.267193,15.161571,0.043851706649298244,False,False,1.0,1.0,198131.70347889114,0.0,198131.70347889114,0,0.0
2008-06-11,2.049702,14.676748,0.04870311377203242,False,False,1.0,1.0,198139.37715121635,0.0,198139.37715121635,0,0.0
2008-06-12,2.075087,14.737352,0.047740246888477514,False,False,1.0,1.0,198147.05112074412,0.0,198147.05112074412,0,0.0
2008-06-13,2.235666,15.117497,0.048367054443190186,False,False,1.0,1.0,198154.72538748593,0.0,198154.72538748593,0,0.0
2008-06-16,2.370102,15.420505,0.05045444601693954,False,False,1.0,1.0,198162.39995145332,0.0,198162.39995145332,0,0.0
2008-06-17,2.273572,15.211164,0.05099496832678615,False,False,1.0,1.0,198170.07481265778,0.0,198170.07481265778,0,0.0
2008-06-18,2.122876,14.875081,0.050460226545037415,False,False,1.0,1.0,198177.74997111084,0.0,198177.74997111084,0,0.0
2008-06-19,2.289164,15.263493,0.052891552572688606,False,False,1.0,1.0,198185.425426824,0.0,198185.425426824,1,0.0
2008-06-20,2.134246,14.919167,0.054722408752031784,False,False,1.0,1.0,194914.78006709772,3274.919228502843,198189.69929560056,1,0.016524164677288757
2008-06-23,2.048906,14.720313,0.055134282065223916,False,False,1.0,1.0,191614.20503015624,6448.659554502044,198062.8645846583,1,0.03255865034581323
2008-06-24,2.080045,14.794882,0.053541172285411505,False,False,1.0,1.0,192275.66348436946,5891.998879763045,198167.6623641325,1,0.029732393315194457
2008-06-25,2.189539,15.054488,0.055100020953896864,False,False,1.0,1.0,196078.0413471466,2403.5723163953453,198481.61366354194,1,0.01210979834368832
2008-06-26,1.894309,14.377851,0.06303417089428602,False,False,1.0,1.0,193124.60397250025,5037.4416638310395,198162.04563633128,1,0.02542081985303985
2008-06-27,1.857192,14.28395,0.06154270567039724,False,False,1.0,1.0,190193.11178422312,7874.660462866675,198067.7722470898,1,0.03975740411238142
2008-06-30,1.801177,14.140341,0.061544040141760195,False,False,1.0,1.0,187223.75680623302,10610.784115281307,197834.54092151433,1,0.05363463865236181
2008-07-01,1.782177,14.090626,0.06126737113960959,False,False,1.0,1.0,187231.0080120522,10498.85458354159,197729.8625955938,1,0.053096959891254916
2008-07-02,1.65433,13.753687,0.060733271290365605,False,False,1.0,1.0,184376.60240098997,12604.391910575474,196980.99431156545,1,0.06398785809071036
2008-07-03,1.511819,13.358757,0.06079773424020254,False,False,1.0,1.0,181542.05927999705,14357.3314192291,195899.39069922615,1,0.07328931125300235
2008-07-07,1.53901,13.438842,0.06157342704674432,False,False,1.0,1.0,183009.24111745105,13154.001216254721,196163.24233370577,1,0.06705640190162443
2008-07-08,1.565579,13.516178,0.06157965420024435,False,False,1.0,1.0,184353.15154773652,12042.97909898478,196396.13064672129,1,0.0613198389363779
2008-07-09,1.375559,12.969344,0.06560945685451164,False,False,1.0,1.0,181665.18765891893,13273.58628869734,194938.77394761628,1,0.06809105248740407
2008-07-10,1.436195,13.159904,0.06474077148281628,False,False,1.0,1.0,183056.76124073076,12472.829179923296,195529.59042065404,1,0.06378998264707547
2008-07-11,1.420824,13.112951,0.06438089711023891,False,False,1.0,1.0,183063.85105815023,12339.33765730652,195403.18871545675,1,0.06314808749244559
2008-07-14,1.368753,12.95277,0.060579814850663966,False,False,1.0,1.0,180242.55985960487,14712.566339725015,194955.12619932988,1,0.07546642464113666
2008-07-15,1.409028,13.079812,0.05879229774953022,False,False,1.0,1.0,181762.63249650048,13630.929855187205,195393.5623516877,1,0.06976140713711426
2008-07-16,1.545588,13.502362,0.06430853321495458,False,False,1.0,1.0,188580.07756455604,8135.052041977376,196715.12960653342,1,0.041354480757270586
2008-07-17,1.645172,13.792359,0.06568269347841205,False,False,1.0,1.0,191162.9230969324,6081.1826669614375,197244.10576389384,1,0.03083074469277559
2008-07-18,1.62145,13.726074,0.06232191913541726,False,False,1.0,1.0,191170.32686728728,5993.497114796885,197163.82398208417,1,0.030398563964459835
2008-07-21,1.580343,13.610075,0.06112025304764929,False,False,1.0,1.0,188223.11999977776,8793.094928964847,197016.21492874261,1,0.04463132606696946
2008-07-22,1.434111,13.190284,0.06361512499545033,False,False,1.0,1.0,185426.2080092372,10780.745936600288,196206.95394583748,1,0.054945789228124355
2008-07-23,1.474648,13.314566,0.06402647259249056,False,False,1.0,1.0,186540.87170394495,9976.929882362081,196517.80158630703,1,0.05076858076890503
2008-07-24,1.263592,12.679355,0.0687941970202774,False,False,1.0,1.0,184018.46679154053,11076.006752140109,195094.47354368065,1,0.056772529487670226
2008-07-25,1.300747,12.803633,0.06400123108857103,False,False,1.0,1.0,185164.66666609063,10261.519778016473,195426.1864441071,1,0.05250841744768591
2008-07-28,1.237617,12.596502,0.06437527503600206,False,False,1.0,1.0,182361.88570154778,12570.527325001221,194932.413026549,1,0.0644865937369234
2008-07-29,1.33286,12.91963,0.06766848167519611,False,False,1.0,1.0,186741.58955861576,9161.065981665271,195902.65554028103,1,0.04676335783402178
2008-07-30,1.365342,13.02458,0.06823061835947358,False,False,1.0,1.0,189825.3388606389,6304.84544830998,196130.1843089489,1,0.032146227111980064
2008-07-31,1.350576,12.977624,0.06669706723541184,False,False,1.0,1.0,189832.69082614398,6236.659347032978,196069.35017317696,1,0.031808435849481266
2008-08-01,1.314362,12.861632,0.06416409620549779,False,False,1.0,1.0,187080.3896309263,8826.220933817773,195906.61056474407,1,0.045053206261770555
2008-08-04,1.321983,12.886488,0.06397509090909265,False,False,1.0,1.0,187974.5216495671,7989.657815636863,195964.17946520395,1,0.04077101150547533
2008-08-05,1.41973,13.204089,0.06618798664136712,False,False,1.0,1.0,191516.4549709016,5042.356357820025,196558.8113287216,1,0.02565316875765632
2008-08-06,1.473179,13.369801,0.0598690563295339,False,False,1.0,1.0,192046.58820453365,4708.9687103683455,196755.556914902,1,0.02393309131495078
2008-08-07,1.516086,13.499599,0.059450867638650415,False,False,1.0,1.0,192538.17229164537,4361.507585028536,196899.6798766739,1,0.022150912524389686
2008-08-08,1.610999,13.781303,0.060733535046363855,False,False,1.0,1.0,194211.7343910855,2966.847020256557,197178.58141134208,1,0.015046497439127525
2008-08-11,1.712696,14.071295,0.06100570926623031,False,False,1.0,1.0,195592.08498518396,1779.9844642063863,197372.06944939034,1,0.009018421244566246
2008-08-12,1.702612,14.043677,0.060969212427238094,False,False,1.0,1.0,195599.66029768178,1769.50428363899,197369.16458132077,1,0.008965454595669185
2008-08-13,1.727722,14.11272,0.05779067586332816,False,False,1.0,1.0,195786.62337155343,1616.040725628382,197402.6640971818,1,0.008186519331029906
2008-08-14,1.780467,14.256332,0.05655420390750986,False,False,1.0,1.0,196337.92950674548,1121.1297714046207,197459.0592781501,1,0.005677783412435611
2008-08-15,1.805301,14.322617,0.05642208617708549,False,False,1.0,1.0,196459.10115936334,1023.0905867403776,197482.19174610372,1,0.005180672635311498
2008-08-18,1.736377,14.140341,0.0568816734464885,False,False,1.0,1.0,193250.82327918304,4196.58001951723,197447.40329870026,1,0.0212541666763204
2008-08-19,1.638705,13.87521,0.053779761381681036,False,False,1.0,1.0,190128.06651779573,7087.513648260328,197215.58016605605,1,0.03593789923845075
2008-08-20,1.625007,13.836541,0.05363835714093836,False,False,1.0,1.0,190135.430207991,7028.26884095586,197163.69904894687,1,0.035646870467829155
2008-08-21,1.59776,13.759211,0.03894032087466985,False,False,1.0,1.0,186687.17847355557,10362.453510377349,197049.63198393292,1,0.05258803787678368
2008-08-22,1.657411,13.930445,0.039156423302711185,False,False,1.0,1.0,187768.30823855803,9674.394146542178,197442.70238510022,1,0.04899848933222586
2008-08-25,1.579535,13.712257,0.03902277356506488,False,False,1.0,1.0,183797.87803108786,13193.402765035482,196991.28079612335,1,0.06697455192796085
2008-08-26,1.538497,13.593504,0.037045636932626594,False,False,1.0,1.0,179739.65825655483,16911.743853488028,196651.40211004287,1,0.08599859279937651
2008-08-27,1.584444,13.728831,0.03719313317243718,False,False,1.0,1.0,181486.62638343772,15675.129669005782,197161.7560524435,1,0.07950390574141732
2008-08-28,1.629386,13.858636,0.03720057731940899,False,False,1.0,1.0,186971.29213011253,10636.839755234147,197608.13188534667,1,0.05382794550887056
2008-08-29,1.520283,13.549318,0.04043209564683183,False,False,1.0,1.0,183086.0064152674,13813.089349584448,196899.09576485184,1,0.07015313755468348
2008-09-02,1.448702,13.336658,0.04229789869658054,False,False,1.0,1.0,179114.445215036,17137.237432927122,196251.6826479631,1,0.08732275413744071
2008-09-03,1.251601,12.73183,0.05125614015115472,False,False,1.0,1.0,175512.58034651302,18410.713212537383,193923.2935590504,1,0.09493812153582906
2008-09-04,1.135944,12.339655,0.05398219533749789,False,False,1.0,1.0,172183.49973241388,20041.84656321947,192225.34629563335,1,0.10426224714609734
2008-09-05,1.180943,12.502604,0.05444019492761003,False,False,1.0,1.0,174271.7433887477,18752.201310379107,193023.94469912682,1,0.0971496118764375
2008-09-08,1.159814,12.428029,0.051642199476605914,False,False,1.0,1.0,170877.0977407714,21814.5594099036,192691.657150675,1,0.11320967255393799
2008-09-09,1.024502,11.944719,0.05356225977131159,False,False,1.0,1.0,167660.7513070894,22489.14067185333,190149.89197894273,1,0.11827059399194287
2008-09-10,1.04369,12.01929,0.054311911523306916,False,False,1.0,1.0,169956.0766465288,20619.307824705018,190575.38447123382,1,0.1081950215234506
2008-09-11,1.044409,12.02205,0.05387094963609999,False,False,1.0,1.0,172024.0268055683,18570.161254111004,190594.18805967932,1,0.09743298808406618
2008-09-12,1.048729,12.038622,0.052771934444210584,False,False,1.0,1.0,173893.5940947782,16782.27588777607,190675.8699825543,1,0.08801468108844371
2008-09-15,0.926027,11.569115,0.05616164694102919,False,False,1.0,1.0,170746.7819674689,17969.012941661953,188715.79490913087,1,0.09521732375562028
2008-09-16,0.955207,11.690636,0.057947741908810725,False,False,1.0,1.0,172605.1365889694,16681.710414998135,189286.84700396756,1,0.08812926349102575
2008-09-17,0.859078,11.298459,0.06013343000449536,False,False,1.0,1.0,169682.95931644805,17928.73908089295,187611.698397341,1,0.09556301250960292
2008-09-18,0.988852,11.867386,0.07143001023468573,False,False,1.0,1.0,178140.51241311416,12177.976345078278,190318.48875819246,1,0.06398735311812455
2008-09-19,1.060652,12.154616,0.07452063480278402,False,False,1.0,1.0,179452.37739289502,11755.991260293724,191208.36865318875,1,0.061482618899471854
2008-09-22,0.91605,11.602258,0.07829310425606295,False,False,1.0,1.0,177262.93137032285,12347.37731421129,189610.30868453413,1,0.06511975746400134
2008-09-23,0.874184,11.425506,0.07827695847445539,False,False,1.0,1.0,174957.56317281054,14092.902506472716,189050.46567928325,1,0.07454571696417175
2008-09-24,0.900808,11.541502,0.07940536643823976,False,False,1.0,1.0,176415.154639861,13069.902204736769,189485.05684459777,1,0.06897589932622379
2008-09-25,0.939609,11.707204,0.07992942034664335,False,False,1.0,1.0,177783.96361875517,12269.582382285083,190053.54600104026,1,0.0645585554200495
2008-09-26,0.954904,11.770727,0.07955110833983506,False,False,1.0,1.0,181078.3427092767,9178.650401975032,190256.99311125174,1,0.04824343248506963
2008-09-29,0.711584,10.770962,0.0993137212585833,False,False,1.0,1.0,179307.78243389737,8615.558625505,187923.3410594024,1,0.04584613373163492
2008-09-30,0.795879,11.196279,0.10475188164799408,False,False,1.0,1.0,182261.59180641765,6686.466568441151,188948.0583748588,1,0.03538785540296848
2008-10-01,0.782922,11.135512,0.1011257405043934,False,False,1.0,1.0,182268.65082679872,6577.610137592628,188846.26096439135,1,0.0348305023567975
2008-10-02,0.640785,10.461641,0.10752040692859527,False,False,1.0,1.0,182275.71012057678,5383.465928939655,187659.17604951645,1,0.02868746438233936
2008-10-03,0.618963,10.342885,0.1063423831165502,False,False,1.0,1.0,182282.7696877624,5200.131435308685,187482.9011230711,1,0.027736563730124463
2008-10-06,0.555993,9.992136,0.10757800007240143,False,False,1.0,1.0,182289.82952836616,4671.097750772794,186960.92727913894,1,0.024984352713434545
2008-10-07,0.447192,9.340355,0.11346029381320243,False,False,1.0,1.0,182296.8896423987,3757.021303080412,186053.9109454791,1,0.020193186394138002
2008-10-08,0.444018,9.318262,0.11288938869088004,False,False,1.0,1.0,182303.95002987055,3730.355384155259,186034.30541402582,1,0.02005197576787369
2008-10-09,0.421119,9.158077,0.11243978323583398,False,False,1.0,1.0,182311.01069079235,3537.972625028892,185848.98331582124,1,0.019036814524923503
2008-10-10,0.405118,9.042082,0.11185273889249932,False,False,1.0,1.0,182318.07162517466,3403.5424521488094,185721.61407732347,1,0.018326043896709707
2008-10-13,0.516482,9.87062,0.12760933134153524,False,False,1.0,1.0,182758.63086540336,3905.236428629804,186663.86729403317,1,0.02092122318712207
2008-10-14,0.45232,9.461874,0.1287871468613176,False,False,1.0,1.0,182765.70913618608,3420.09313276713,186185.8022689532,1,0.01836924776802617
2008-10-15,0.326763,8.586393,0.14342320291905833,False,False,1.0,1.0,182772.78768111134,2470.7284496426996,185243.51613075403,1,0.013337732414335828
2008-10-16,0.374375,9.003418,0.14310325739323762,False,False,1.0,1.0,183062.6677271124,2547.660129823411,185610.3278569358,1,0.013725853292964867
2008-10-17,0.356804,8.862571,0.1403594050286919,False,False,1.0,1.0,183069.75777329103,2428.087679362971,185497.845452654,1,0.013089573485006918
2008-10-20,0.388826,9.127703,0.14195013591038358,False,False,1.0,1.0,183341.19379790392,2381.400595325131,185722.59439322905,1,0.012822352622767099
2008-10-21,0.333414,8.694098,0.14410490187577335,False,False,1.0,1.0,183348.29463144147,2042.0247053688106,185390.3193368103,1,0.011014732121254592
2008-10-22,0.292743,8.340594,0.1439789446981186,False,False,1.0,1.0,183355.39573999544,1792.931425566358,185148.3271655618,1,0.009683757088245782
2008-10-23,0.274423,8.166595,0.14210680480897256,False,False,1.0,1.0,183362.49712357647,1680.7289007702889,185043.22602434675,1,0.009082898827915754
2008-10-24,0.273587,8.158307,0.14161842947974232,False,False,1.0,1.0,183369.59878219521,1675.6087418876737,185045.20752408289,1,0.00905513179350835
2008-10-27,0.271921,8.141744,0.13107762774581544,False,False,1.0,1.0,183376.70071586233,1665.405171674232,185042.10588753657,1,0.00900014169038056
2008-10-28,0.34525,8.873616,0.1418507801960444,False,False,1.0,1.0,183595.05119199943,1903.0638382783075,185498.11503027775,1,0.01025920849906039
2008-10-29,0.328165,8.727239,0.14173563185074783,False,False,1.0,1.0,183602.16185747416,1808.889049930777,185411.05090740495,1,0.009756101597386144
2008-10-30,0.370847,9.105606,0.14130099922379555,False,False,1.0,1.0,183813.49208176997,1839.7421106751515,185653.23419244512,1,0.0099095613317897
2008-10-31,0.38502,9.221598,0.14202399136000543,False,False,1.0,1.0,184011.43291470443,1719.047900365736,185730.48081507016,1,0.009255604641853986
2008-11-03,0.382253,9.199504,0.14068194535196615,False,False,1.0,1.0,184018.55970670938,1706.693722555981,185725.25342926534,1,0.009189346580732954
2008-11-04,0.424942,9.541968,0.13508501132252032,False,False,1.0,1.0,184215.23366090946,1707.5634709612357,185922.7971318707,1,0.009184260872270015
2008-11-05,0.358894,9.04761,0.1401243056584437,False,False,1.0,1.0,184222.36834614965,1442.1598343942508,185664.52818054392,1,0.007767557155515811
2008-11-06,0.277059,8.359924,0.1505662575985901,False,False,1.0,1.0,184229.50330771733,1113.3185886569202,185342.82189637425,1,0.006006807154794374
2008-11-07,0.295456,8.544961,0.15168339170251616,False,False,1.0,1.0,184355.24882260483,1068.5196699518772,185423.7684925567,1,0.005762581996033425
2008-11-10,0.269673,8.296399,0.13961841218943652,False,False,1.0,1.0,184362.38893065447,975.2751846465551,185337.66411530104,1,0.005262153212634769
2008-11-11,0.252437,8.119648,0.13788728440813164,False,False,1.0,1.0,184369.5293152416,912.9410129550324,185282.47032819665,1,0.004927292966992028
2008-11-12,0.214314,7.710903,0.12363697009200515,False,False,1.0,1.0,184376.669976377,775.0687904326418,185151.73876680963,1,0.0041861275275886355
2008-11-13,0.256685,8.219073,0.12695920307457204,False,False,1.0,1.0,184476.55207029192,835.4735538741397,185312.02562416607,1,0.004508469167395404
2008-11-14,0.203123,7.647379,0.13571823323650253,False,False,1.0,1.0,184483.6968764356,661.1367812048888,185144.8336576405,1,0.0035709167150050005
2008-11-17,0.187278,7.448533,0.1334490481806398,False,False,1.0,1.0,184490.84195929873,609.5635359387621,185100.4054952375,1,0.0032931507324787885
2008-11-18,0.17457,7.280065,0.13087032992459047,False,False,1.0,1.0,184497.98731889206,568.2007842289521,185066.188103121,1,0.003070257133692861
2008-11-19,0.135431,6.735993,0.1384428918888266,False,False,1.0,1.0,184505.13295522632,440.808846931954,184945.94180215828,1,0.0023834469825972137
2008-11-20,0.118606,6.457053,0.13994508265188998,False,False,1.0,1.0,184512.2788683122,386.0458395730028,184898.3247078852,1,0.002087881759788273
2008-11-21,0.134891,6.752563,0.1448835002263627,False,False,1.0,1.0,184563.2879740822,395.14610062946,184958.43407471167,1,0.0021364048771619986
2008-11-24,0.159883,7.169592,0.15193300712798372,False,False,1.0,1.0,184617.22681590205,421.521299465835,185038.74811536787,1,0.0022780163817527834
2008-11-25,0.154525,7.089502,0.13851352665189837,False,False,1.0,1.0,184624.37707040095,407.3952752947978,185031.77234569576,1,0.0022017584879080077
2008-11-26,0.185766,7.567289,0.1472532423350388,False,False,1.0,1.0,184680.4565380506,440.7841555694681,185121.2406936201,1,0.0023810566195317157
2008-11-28,0.179055,7.476152,0.14291577256967136,False,False,1.0,1.0,184687.60924144668,424.86034567946297,185112.46958712614,1,0.002295147088832369
2008-12-01,0.138376,6.909985,0.14995306486182666,False,False,1.0,1.0,184694.7622218681,328.3375230724714,185023.09974494055,1,0.0017745758422872265
2008-12-02,0.145344,7.02598,0.15134500987865826,False,False,1.0,1.0,184736.3694406285,310.3840265515752,185046.75346718007,1,0.0016773275982203328
2008-12-03,0.166426,7.365683,0.15306600061296005,False,False,1.0,1.0,184779.03063568656,319.86442372980787,185098.89505941636,1,0.0017280731126305862
2008-12-04,0.138345,6.951414,0.15377176796073988,False,False,1.0,1.0,184786.1871568731,265.8938128711876,185052.08096974427,1,0.0014368593505017695
2008-12-05,0.15335,7.202734,0.1488269463948645,False,False,1.0,1.0,184822.78890736224,265.2595654589393,185088.0484728212,1,0.0014331533972486111
2008-12-08,0.160406,7.313208,0.14824762055670937,False,False,1.0,1.0,184857.66692958775,249.71831282234078,185107.3852424101,1,0.001349045649882194
2008-12-09,0.182214,7.64462,0.1515624060304344,False,False,1.0,1.0,185148.22257272678,0.0,185148.22257272678,0,0.0
2008-12-10,0.192483,7.788234,0.1520221044125044,False,False,1.0,1.0,185155.39339277562,0.0,185155.39339277562,1,0.0
2008-12-11,0.179173,7.608716,0.14859105884317347,False,False,1.0,1.0,185162.56449055145,0.0,185162.56449055145,1,0.0
2008-12-12,0.206098,7.989846,0.1461352307022402,False,False,1.0,1.0,185169.73586606505,0.0,185169.73586606505,1,0.0
2008-12-15,0.196694,7.868326,0.13679012377796693,False,False,1.0,1.0,185176.90751932716,0.0,185176.90751932716,1,0.0
2008-12-16,0.227969,8.285356,0.13932465843715092,False,False,1.0,1.0,185184.07945034854,0.0,185184.07945034854,1,0.0
2008-12-17,0.234808,8.368212,0.13808671839171868,False,False,1.0,1.0,185191.25165913993,0.0,185191.25165913993,1,0.0
2008-12-18,0.191334,7.851756,0.1334145002833449,False,False,1.0,1.0,185198.4241457121,0.0,185198.4241457121,1,0.0
2008-12-19,0.204457,8.031269,0.12899125078323623,False,False,1.0,1.0,185205.59691007584,0.0,185205.59691007584,1,0.0
2008-12-22,0.181034,7.724571,0.13076406308822952,False,False,1.0,1.0,185212.76995224188,0.0,185212.76995224188,1,0.0
2008-12-23,0.164973,7.49615,0.12750728540890513,False,False,1.0,1.0,185219.943272221,0.0,185219.943272221,1,0.0
2008-12-24,0.170675,7.582507,0.12741391302664154,False,False,1.0,1.0,185227.11687002392,0.0,185227.11687002392,1,0.0
2008-12-26,0.167289,7.532362,0.12028344903840928,False,False,1.0,1.0,185234.29074566142,0.0,185234.29074566142,1,0.0
2008-12-29,0.164876,7.49615,0.12007887143719641,False,False,1.0,1.0,185241.46489914425,0.0,185241.46489914425,1,0.0
2008-12-30,0.186933,7.830425,0.10739069370501741,False,False,1.0,1.0,185248.6393304832,0.0,185248.6393304832,1,0.0
2008-12-31,0.192121,7.90285,0.10713711346369398,False,False,1.0,1.0,185255.814039689,0.0,185255.814039689,1,0.0
2009-01-02,0.218937,8.270552,0.10685627510161394,False,False,1.0,1.0,185255.814039689,0.0,185255.814039689,1,0.0
2009-01-05,0.218716,8.267771,0.09626384503888098,False,False,1.0,1.0,185255.814039689,0.0,185255.814039689,1,0.0
2009-01-06,0.254088,8.713472,0.09885573530558378,False,False,1.0,1.0,185255.814039689,0.0,185255.814039689,1,0.0
2009-01-07,0.218266,8.303984,0.10631443856845252,False,False,1.0,1.0,185255.814039689,0.0,185255.814039689,1,0.0
2009-01-08,0.217607,8.295629,0.10302783446607089,False,False,1.0,1.0,185255.814039689,0.0,185255.814039689,1,0.0
2009-01-09,0.194589,8.003135,0.10581589987560892,False,False,1.0,1.0,185255.814039689,0.0,185255.814039689,1,0.0
2009-01-12,0.176708,7.758001,0.10684372543377442,False,False,1.0,1.0,185255.814039689,0.0,185255.814039689,1,0.0
2009-01-13,0.17747,7.769139,0.10162001179921534,False,False,1.0,1.0,185255.814039689,0.0,185255.814039689,1,0.0
2009-01-14,0.15609,7.457153,0.10486797302655117,False,False,1.0,1.0,185255.814039689,0.0,185255.814039689,1,0.0
2009-01-15,0.164486,7.59086,0.09927796626743433,False,False,1.0,1.0,185255.814039689,0.0,185255.814039689,1,0.0
2009-01-16,0.184767,7.90285,0.10320276299459967,False,False,1.0,1.0,185255.814039689,0.0,185255.814039689,1,0.0
2009-01-20,0.147449,7.370795,0.10533737590174544,False,False,1.0,1.0,185255.814039689,0.0,185255.814039689,1,0.0
2009-01-21,0.158316,7.551863,0.10553189657668835,False,False,1.0,1.0,185255.814039689,0.0,185255.814039689,1,0.0
2009-01-22,0.146577,7.365225,0.10356176872885614,False,False,1.0,1.0,185255.814039689,0.0,185255.814039689,1,0.0
2009-01-23,0.165371,7.680002,0.10561287650801826,False,False,1.0,1.0,185255.814039689,0.0,185255.814039689,1,0.0
2009-01-26,0.16951,7.744072,0.10547685346416266,False,False,1.0,1.0,185255.814039689,0.0,185255.814039689,1,0.0
2009-01-27,0.18579,7.991992,0.10732205845939154,False,False,1.0,1.0,185255.814039689,0.0,185255.814039689,1,0.0
2009-01-28,0.205217,8.270552,0.10922615284811858,False,False,1.0,1.0,185255.814039689,0.0,185255.814039689,1,0.0
2009-01-29,0.17432,7.855496,0.11231761843787416,False,False,1.0,1.0,185255.814039689,0.0,185255.814039689,1,0.0
2009-01-30,0.16375,7.696716,0.11281575175171547,False,False,1.0,1.0,185255.814039689,0.0,185255.814039689,1,0.0
2009-02-02,0.169439,7.785855,0.10855691449288835,False,False,1.0,1.0,185255.814039689,0.0,185255.814039689,1,0.0
2009-02-03,0.177624,7.91121,0.10936440544005653,False,False,1.0,1.0,185255.814039689,0.0,185255.814039689,1,0.0
2009-02-04,0.184378,8.01149,0.10341404177701966,False,False,1.0,1.0,185255.814039689,0.0,185255.814039689,1,0.0
2009-02-05,0.207073,8.340199,0.10223298478074962,False,False,1.0,1.0,185255.814039689,0.0,185255.814039689,1,0.0
2009-02-06,0.230104,8.649406,0.10505021421191822,False,False,1.0,1.0,185255.814039689,0.0,185255.814039689,1,0.0
2009-02-09,0.226547,8.604836,0.10167502101063025,False,False,1.0,1.0,185255.814039689,0.0,185255.814039689,1,0.0
2009-02-10,0.195304,8.209272,0.10508238413045409,False,False,1.0,1.0,185255.814039689,0.0,185255.814039689,1,0.0
2009-02-11,0.184568,8.058847,0.1059805633278892,False,False,1.0,1.0,185255.814039689,0.0,185255.814039689,1,0.0
2009-02-12,0.19165,8.161918,0.10164842992226741,False,False,1.0,1.0,185255.814039689,0.0,185255.814039689,1,0.0
2009-02-13,0.201069,8.295629,0.10155686468893779,False,False,1.0,1.0,185255.814039689,0.0,185255.814039689,1,0.0
2009-02-17,0.15995,7.730141,0.111393834384747,False,False,1.0,1.0,185255.814039689,0.0,185255.814039689,1,0.0
2009-02-18,0.160642,7.741285,0.0988229250545439,False,False,1.0,1.0,185255.814039689,0.0,185255.814039689,1,0.0
2009-02-19,0.137924,7.376368,0.10340568698272433,False,False,1.0,1.0,185255.814039689,0.0,185255.814039689,1,0.0
2009-02-20,0.140424,7.420935,0.10218865844982737,False,False,1.0,1.0,185255.814039689,0.0,185255.814039689,1,0.0
2009-02-23,0.122713,7.10895,0.10199876758108972,False,False,1.0,1.0,185255.814039689,0.0,185255.814039689,1,0.0
2009-02-24,0.141466,7.471078,0.10762976751758944,False,False,1.0,1.0,185255.814039689,0.0,185255.814039689,1,0.0
2009-02-25,0.153493,7.682788,0.10715439916570174,False,False,1.0,1.0,185255.814039689,0.0,185255.814039689,1,0.0
2009-02-26,0.149319,7.613145,0.104073991634772,False,False,1.0,1.0,185255.814039689,0.0,185255.814039689,1,0.0
2009-02-27,0.14686,7.571363,0.0981493556329129,False,False,1.0,1.0,185255.814039689,0.0,185255.814039689,1,0.0
2009-03-02,0.12368,7.173016,0.10416588350689322,False,False,1.0,1.0,185255.814039689,0.0,185255.814039689,1,0.0
2009-03-03,0.129012,7.276085,0.10437736792418559,False,False,1.0,1.0,185255.814039689,0.0,185255.814039689,1,0.0
2009-03-04,0.1462,7.599217,0.10815071101017402,False,False,1.0,1.0,185255.814039689,0.0,185255.814039689,1,0.0
2009-03-05,0.140251,7.49615,0.10778185660742082,False,False,1.0,1.0,185255.814039689,0.0,185255.814039689,1,0.0
2009-03-06,0.134935,7.401437,0.10344331405763219,False,False,1.0,1.0,185255.814039689,0.0,185255.814039689,1,0.0
2009-03-09,0.127165,7.259371,0.0992846516918249,False,False,1.0,1.0,185255.814039689,0.0,185255.814039689,1,0.0
2009-03-10,0.156736,7.822071,0.11275536787407983,False,False,1.0,1.0,185255.814039689,0.0,185255.814039689,1,0.0
2009-03-11,0.168625,8.019849,0.1101657025166147,False,False,1.0,1.0,185255.814039689,0.0,185255.814039689,1,0.0
2009-03-12,0.190589,8.368055,0.11318723548472934,False,False,1.0,1.0,185255.814039689,0.0,185255.814039689,1,0.0
2009-03-13,0.196299,8.451623,0.11306545260363879,False,False,1.0,1.0,185255.814039689,0.0,185255.814039689,1,0.0
2009-03-16,0.178442,8.195348,0.11447887992700898,False,False,1.0,1.0,185255.814039689,0.0,185255.814039689,1,0.0
2009-03-17,0.199367,8.515693,0.10443859223246968,False,False,1.0,1.0,185255.814039689,0.0,185255.814039689,1,0.0
2009-03-18,0.218737,8.791473,0.10599940637909695,False,False,1.0,1.0,185255.814039689,0.0,185255.814039689,1,0.0
2009-03-19,0.217281,8.77197,0.09859912923593649,False,False,1.0,1.0,185255.814039689,0.0,185255.814039689,1,0.0
2009-03-20,0.191406,8.423766,0.10412530702679625,False,False,1.0,1.0,185255.814039689,0.0,185255.814039689,1,0.0
2009-03-23,0.228244,8.964177,0.1037069619342052,False,False,1.0,1.0,185255.814039689,0.0,185255.814039689,1,0.0
2009-03-24,0.20803,8.699547,0.10375651084696765,False,False,1.0,1.0,185255.814039689,0.0,185255.814039689,1,0.0
2009-03-25,0.212626,8.763617,0.10272290805382786,False,False,1.0,1.0,185255.814039689,0.0,185255.814039689,1,0.0
2009-03-26,0.243648,9.189819,0.10553074234453763,False,False,1.0,1.0,185255.814039689,0.0,185255.814039689,1,0.0
2009-03-27,0.231241,9.033816,0.1065576791725686,False,False,1.0,1.0,185255.814039689,0.0,185255.814039689,1,0.0
2009-03-30,0.201934,8.65219,0.10333407067719377,False,False,1.0,1.0,185255.814039689,0.0,185255.814039689,1,0.0
2009-03-31,0.203495,8.674475,0.10331113708838184,False,False,1.0,1.0,185255.814039689,0.0,185255.814039689,1,0.0
2009-04-01,0.214081,8.824898,0.10074255255256201,False,False,1.0,1.0,185255.814039689,0.0,185255.814039689,1,0.0
2009-04-02,0.240233,9.184247,0.10187220329414538,False,False,1.0,1.0,185255.814039689,0.0,185255.814039689,1,0.0
2009-04-03,0.261874,9.460026,0.1014697792916752,False,False,1.0,1.0,185255.814039689,0.0,185255.814039689,1,0.0
2009-04-06,0.247762,9.2901,0.10128572795527359,False,False,1.0,1.0,185255.814039689,0.0,185255.814039689,1,0.0
2009-04-07,0.220795,8.953038,0.09756369095619256,False,False,1.0,1.0,185255.814039689,0.0,185255.814039689,1,0.0
2009-04-08,0.235839,9.156386,0.09735933168595703,False,False,1.0,1.0,185255.814039689,0.0,185255.814039689,1,0.0
2009-04-09,0.265759,9.54359,0.09719004494148249,False,False,1.0,1.0,185255.814039689,0.0,185255.814039689,1,0.0
2009-04-13,0.257148,9.440522,0.09775565268645224,False,False,1.0,1.0,185255.814039689,0.0,185255.814039689,1,0.0
2009-04-14,0.259652,9.471169,0.09436094504748309,False,False,1.0,1.0,185255.814039689,0.0,185255.814039689,1,0.0
2009-04-15,0.245219,9.295676,0.09320125157709593,False,False,1.0,1.0,185255.814039689,0.0,185255.814039689,1,0.0
2009-04-16,0.275421,9.677302,0.09443007233441082,False,False,1.0,1.0,185255.814039689,0.0,185255.814039689,1,0.0
2009-04-17,0.276372,9.688446,0.09435447121247492,False,False,1.0,1.0,185255.814039689,0.0,185255.814039689,1,0.0
2009-04-20,0.237753,9.237172,0.09631993670339102,False,False,1.0,1.0,185255.814039689,0.0,185255.814039689,1,0.0
2009-04-21,0.236248,9.217669,0.0881453355400267,False,False,1.0,1.0,185255.814039689,0.0,185255.814039689,1,0.0
2009-04-22,0.257666,9.496236,0.08715507076387585,False,False,1.0,1.0,185255.814039689,0.0,185255.814039689,1,0.0
2009-04-23,0.252224,9.429379,0.08739906702689786,False,False,1.0,1.0,183303.46919031625,1950.3944549178434,185253.8636452341,1,0.010528225520051225
2009-04-24,0.262954,9.563094,0.08255427621568767,False,False,1.0,1.0,183506.60257947625,1830.030532973151,185336.6331124494,1,0.009874089661825331
2009-04-27,0.258129,9.504589,0.08168815917517767,False,False,1.0,1.0,183506.60257947625,1796.4509056558425,185303.05348513208,1,0.009694664345075037
2009-04-28,0.245419,9.348599,0.07597552542251369,False,False,1.0,1.0,181441.32969092947,3771.205234637113,185212.53492556658,1,0.02036150110548775
2009-04-29,0.258362,9.512951,0.07653958056118779,False,False,1.0,1.0,181837.94192987776,3573.0832337683,185411.02516364606,1,0.019271147606323046
2009-04-30,0.277881,9.752516,0.07728551140930826,True,False,1.0,1.0,185677.12513073813,0.0,185677.12513073813,1,0.0
2009-05-01,0.280263,9.780374,0.07344576690690025,True,False,1.0,1.0,185677.12513073813,0.0,185677.12513073813,2,0.0
2009-05-04,0.319776,10.239999,0.07665356619019933,True,False,1.0,1.0,185677.12513073813,0.0,185677.12513073813,2,0.0
2009-05-05,0.310642,10.142504,0.075689216004564,True,False,1.0,1.0,176767.74927053266,8900.475384820666,185668.22465535332,2,0.047937526204832166
2009-05-06,0.317041,10.212145,0.06958449954252945,True,False,1.0,1.0,177675.22276119475,8175.436852811391,185850.65961400614,3,0.043989280800998946
2009-05-07,0.26593,9.663374,0.08090997633815566,True,False,1.0,1.0,164932.69997442118,19587.246516409763,184519.94649083095,3,0.10615246150303366
2009-05-08,0.241322,9.365315,0.0794058278951928,False,False,1.0,1.0,152976.31500171724,29719.168858547248,182695.4838602645,3,0.16267051724868084
2009-05-11,0.244337,9.404311,0.07920801990503973,False,False,1.0,1.0,175942.51089107746,7101.285588790662,183043.79647986812,1,0.03879555453588775
2009-05-12,0.226099,9.170319,0.08088380862298267,False,False,1.0,1.0,173865.84368013704,8645.818303912,182511.66198404905,1,0.04737131978266472
2009-05-13,0.207555,8.91961,0.08205298226142686,False,False,1.0,1.0,171847.28762090777,9953.252278582682,181800.53989949045,1,0.054748199780294375
2009-05-14,0.223112,9.14246,0.07908248301339103,False,False,1.0,1.0,172916.14615592585,9629.356171333986,182545.50232725983,1,0.052750443306298966
2009-05-15,0.215158,9.033816,0.07921205458117472,False,False,1.0,1.0,170748.58501037196,11451.46290491846,182200.04791529043,1,0.06285104222498639
2009-05-18,0.23745,9.345813,0.07588590183458972,True,False,1.0,1.0,176472.68547216515,6908.090987964223,183380.77646012936,1,0.03767074783580808
2009-05-19,0.253374,9.554736,0.0772360871268025,True,False,1.0,1.0,178976.09943510673,4865.445229765356,183841.54466487208,1,0.026465428359159295
2009-05-20,0.261352,9.655018,0.07504651861765661,True,False,1.0,1.0,182040.81836079457,1950.8570382988669,183991.67539909342,1,0.010602963607278937
2009-05-21,0.245744,9.46281,0.076199180204327,True,False,1.0,1.0,177590.3339285562,6280.389812696157,183870.72374125235,1,0.03415655132534358
2009-05-22,0.24596,9.465596,0.07553171720469709,True,False,1.0,1.0,178218.29634214615,5657.319041350643,183875.6153834968,1,0.030767097798974373
2009-05-26,0.270933,9.785942,0.07864315868098051,True,False,1.0,1.0,183248.0193197964,1196.9645764953461,184444.98389629176,1,0.006489548000765181
2009-05-27,0.28227,9.922439,0.07806195256535695,True,False,1.0,1.0,183372.59968609226,1122.3456423049508,184494.9453283972,1,0.006083340875855426
2009-05-28,0.297723,10.103507,0.07812011171857905,True,False,1.0,1.0,184555.2048639443,0.0,184555.2048639443,1,0.0
2009-05-29,0.301417,10.145292,0.07659697651473335,True,False,1.0,1.0,184555.2048639443,0.0,184555.2048639443,1,0.0
2009-06-01,0.349335,10.682917,0.08305764671153387,True,False,1.0,1.0,184555.2048639443,0.0,184555.2048639443,1,0.0
2009-06-02,0.321462,10.398779,0.08046471710550321,True,False,1.0,1.0,180612.7213995888,3938.5449194360485,184551.26631902484,1,0.021341196936723678
2009-06-03,0.30467,10.217717,0.08112300637694593,True,False,1.0,1.0,176423.95072582492,7917.3958151232555,184341.34654094817,1,0.04294964729122528
2009-06-04,0.324106,10.434996,0.08221955925920131,True,False,1.0,1.0,177265.35598809828,7580.227588048394,184845.5835761467,1,0.04100843223514582
2009-06-05,0.308532,10.267856,0.07214076418157082,True,False,1.0,1.0,173145.41418030357,11331.807105876456,184477.22128618002,1,0.06142659254552296
2009-06-08,0.309034,10.273431,0.06786255395988817,True,False,1.0,1.0,174279.30361915604,10215.22016984197,184494.52378899802,1,0.055368690409070755
2009-06-09,0.351015,10.73863,0.07257231610259947,True,False,1.0,1.0,185870.6165892796,0.0,185870.6165892796,2,0.0
2009-06-10,0.35484,10.777633,0.06904372931314237,True,False,1.0,1.0,185870.6165892796,0.0,185870.6165892796,2,0.0
2009-06-11,0.348512,10.713558,0.06501007062864207,True,False,1.0,1.0,175899.7697885543,9960.88591481052,185860.6557033648,2,0.05359330019102149
2009-06-12,0.334104,10.565924,0.0657495479886422,True,False,1.0,1.0,160339.83586129817,25093.477740368115,185433.31360166628,3,0.13532346077939378
2009-06-15,0.323269,10.45171,0.06560286081435017,True,False,1.0,1.0,144725.18956520903,39878.74295931085,184603.93252451989,3,0.2160232580853281
2009-06-16,0.303366,10.237216,0.06544431378726294,True,False,1.0,1.0,129549.60501957765,52583.915816025285,182133.52083560295,3,0.2887108071857266
2009-06-17,0.315501,10.373708,0.06460308707270618,True,False,1.0,1.0,135012.8697710158,49218.60136430784,184231.47113532363,4,0.26715631732732176
2009-06-18,0.29771,10.17872,0.06619812453335129,True,False,1.0,1.0,114657.50441256148,66778.21057848385,181435.71499104533,4,0.368054385443239
2009-06-19,0.307731,10.292927,0.06443450590036282,True,False,1.0,1.0,121553.20015472932,62123.38506457516,183676.58521930448,4,0.3382215811035557
2009-06-22,0.274562,9.923116,0.07026843406737329,True,False,1.0,1.0,102183.29208871038,74777.93027920913,176961.22236791952,4,0.422566759421104
2009-06-23,0.267601,9.839258,0.06716864147006613,True,False,1.0,1.0,82747.24183357888,92298.71096887285,175045.95280245173,4,0.5272827477081784
2009-06-24,0.285391,10.05729,0.06812710113066721,True,False,1.0,1.0,92580.86734345944,88591.22080973479,181172.08815319423,4,0.48898934550461465
2009-06-25,0.302762,10.261344,0.06837478777434376,True,False,1.0,1.0,140906.14418287532,45609.88506236082,186516.02924523613,4,0.24453600715674553
2009-06-26,0.301277,10.244573,0.06833097177089685,True,False,1.0,1.0,140906.14418287532,45386.17574838614,186292.31993126145,4,0.2436288074845642
2009-06-29,0.30103,10.241776,0.05886627991464986,True,False,1.0,1.0,140906.14418287532,45348.966185725025,186255.11036860035,4,0.24347770161032928
2009-06-30,0.301523,10.247365,0.0561156419054981,True,False,1.0,1.0,145443.92532591327,40880.9111985401,186324.83652445336,4,0.21940666612727644
2009-07-01,0.316081,10.412288,0.05587238680539769,True,False,1.0,1.0,162042.5474823531,26239.467860975274,188282.01534332838,4,0.13936258231105156
2009-07-02,0.307172,10.314452,0.0544007691595203,True,False,1.0,1.0,137764.76019516718,49753.42087664301,187518.1810718102,4,0.2653258504976107
2009-07-06,0.293186,10.157919,0.05428473386588192,True,False,1.0,1.0,113282.18692665445,71946.1884580208,185228.37538467525,4,0.38841882788533716
2009-07-07,0.269709,9.88678,0.057196441436569885,True,False,1.0,1.0,89634.92072575592,89808.70781665517,179443.62854241108,4,0.5004842386779371
2009-07-08,0.262389,9.797333,0.047783200482114756,True,False,1.0,1.0,65887.31767895099,111095.14610831902,176982.46378727,4,0.6277183836803941
2009-07-09,0.278783,10.001385,0.050399154982235475,True,False,1.0,1.0,102860.08353317979,81026.5678049481,183886.6513381279,4,0.44063322277786066
2009-07-10,0.283458,10.05729,0.05077790070073651,True,False,1.0,1.0,132722.44082429868,52493.07831955781,185215.51914385648,4,0.28341619839526816
2009-07-13,0.304493,10.306067,0.05332865646296132,True,False,1.0,1.0,138355.65319504158,50749.66099768363,189105.31419272523,4,0.26836718584207797
2009-07-14,0.319111,10.470985,0.054080406571946266,True,False,1.0,1.0,161673.6799144966,29844.66597771293,191518.34589220953,4,0.15583189087540536
2009-07-15,0.362301,10.943381,0.0589720956408349,True,False,1.0,1.0,194723.5574144849,801.0245115245827,195524.5819260095,4,0.004096796953273665
2009-07-16,0.383956,11.16141,0.059628747047903885,True,False,1.0,1.0,195571.61085397194,0.0,195571.61085397194,4,0.0
2009-07-17,0.397802,11.295579,0.05766057699669659,True,False,1.0,1.0,195571.61085397194,0.0,195571.61085397194,4,0.0
2009-07-20,0.410501,11.415777,0.05763321533661312,True,False,1.0,1.0,195571.61085397194,0.0,195571.61085397194,4,0.0
2009-07-21,0.406279,11.376645,0.0495684759935606,True,False,1.0,1.0,195571.61085397194,0.0,195571.61085397194,4,0.0
2009-07-22,0.435627,11.650575,0.04957397780555454,True,False,1.0,1.0,195571.61085397194,0.0,195571.61085397194,4,0.0
2009-07-23,0.461965,11.88538,0.04934925555501952,True,False,1.0,1.0,195571.61085397194,0.0,195571.61085397194,4,0.0
2009-07-24,0.445995,11.748411,0.050322126694997006,True,False,1.0,1.0,168309.4410388059,27234.93488028578,195544.3759190917,4,0.13927751566506053
2009-07-27,0.450451,11.787549,0.05005369396783186,True,False,1.0,1.0,171057.39463651614,24756.3387181104,195813.73335462654,4,0.12642800019177244
2009-07-28,0.453015,11.809904,0.049931648383249636,True,False,1.0,1.0,173544.63027182393,22407.528246016336,195952.15851784026,4,0.11435203580049498
2009-07-29,0.450441,11.787549,0.05010362653500225,True,False,1.0,1.0,173544.63027182393,22280.210215255225,195824.84048707917,4,0.11377622042146031
2009-07-30,0.446596,11.754006,0.05006768225525374,True,False,1.0,1.0,173544.63027182393,22090.02457878417,195634.6548506081,4,0.11291468066152549
2009-07-31,0.455517,11.832272,0.04888954225856436,True,False,1.0,1.0,180924.1831105938,15144.345154711249,196068.52826530504,3,0.07724006136374457
2009-08-03,0.474565,11.997188,0.046502064069301255,True,False,1.0,1.0,196686.02993999247,0.0,196686.02993999247,4,0.0
2009-08-04,0.472574,11.980415,0.03974042861335102,True,False,1.0,1.0,188806.26797349934,7871.890076416702,196678.15804991603,4,0.040024221064846724
2009-08-05,0.459674,11.871405,0.039752314723069004,True,False,1.0,1.0,158330.01736899573,38102.81343536049,196432.83080435623,4,0.19397375316201723
2009-08-06,0.437269,11.678535,0.0425731623720568,True,False,1.0,1.0,128523.82533783655,66022.05737049745,194545.88270833401,4,0.33936496856877035
2009-08-07,0.439781,11.700891,0.04272188353226838,True,False,1.0,1.0,135157.31894612854,59761.20367830618,194918.52262443473,4,0.3065958169273267
2009-08-10,0.429065,11.605855,0.04225647349955837,True,False,1.0,1.0,104565.96862520653,88865.81147693271,193431.78010213922,4,0.45941681056757183
2009-08-11,0.414804,11.477271,0.04311081640220744,True,False,1.0,1.0,74252.90141438166,116194.9284229435,190447.82983732515,4,0.6101142161724485
2009-08-12,0.439354,11.703686,0.03560431215322188,True,False,1.0,1.0,118590.76506560526,78689.63041635245,197280.3954819577,4,0.39887202285920503
2009-08-13,0.46737,11.952465,0.03588247263719578,True,False,1.0,1.0,180427.33295651252,21808.914405606974,202236.2473621195,4,0.10783880085826772
2009-08-14,0.439171,11.712075,0.038746385878903146,True,False,1.0,1.0,151014.9816236052,49876.03113798739,200891.0127615926,4,0.24827407882689986
2009-08-17,0.401437,11.376645,0.04357225459738183,True,False,1.0,1.0,122380.28197691524,74196.72752473385,196577.0095016491,4,0.37744356632972087
2009-08-18,0.427181,11.619832,0.04572688423562643,True,False,1.0,1.0,160678.03069793666,40618.85024187223,201296.88093980888,4,0.2017857904813634
2009-08-19,0.433346,11.675734,0.043038075714889115,True,False,1.0,1.0,164794.4156168908,37084.54881940659,201878.9644362974,4,0.1836969439731229
2009-08-20,0.443617,11.76798,0.041176908677835286,True,False,1.0,1.0,168586.97051697643,34167.16126203271,202754.13177900913,4,0.1685152404157812
2009-08-21,0.46859,11.9888,0.042262883224893175,True,False,1.0,1.0,193391.04703494383,11261.663909560652,204652.71094450448,4,0.0550281687331983
2009-08-24,0.455153,11.874199,0.04279772541925304,True,False,1.0,1.0,162934.64310984724,41364.709276090005,204299.35238593724,4,0.20247107390702285
2009-08-25,0.461582,11.930103,0.042891305985638,True,False,1.0,1.0,167125.34646275034,37754.084260388394,204879.43072313874,4,0.18427464449277442
2009-08-26,0.474559,12.041915,0.04326869260020504,True,False,1.0,1.0,171003.01585454924,34933.958484674644,205936.97433922387,4,0.1696342222991519
2009-08-27,0.477533,12.06707,0.04319397593109148,True,False,1.0,1.0,200345.77796481838,5780.750848935507,206126.5288137539,4,0.028044671795539322
2009-08-28,0.507732,12.321437,0.04498721993386233,True,False,1.0,1.0,206485.95491142038,0.0,206485.95491142038,4,0.0
2009-08-31,0.485616,12.142542,0.04549189093245393,True,False,1.0,1.0,176476.78990221705,29979.185823379947,206455.975725597,4,0.14520861272248
2009-09-01,0.44839,11.832272,0.04896422050249493,True,False,1.0,1.0,147817.37114030632,56311.85105947211,204129.22219977842,4,0.2758637418623017
2009-09-02,0.445212,11.804317,0.048625242631267294,True,False,1.0,1.0,161672.73416424228,42043.504053470635,203716.2382177129,3,0.20638268417532069
2009-09-03,0.465771,11.986009,0.04829549167655953,True,False,1.0,1.0,166066.8345661997,39586.49010772433,205653.324673924,4,0.1924913694951985
2009-09-04,0.501941,12.296279,0.05088821099741457,True,False,1.0,1.0,191996.9994388157,16704.50500320269,208701.50444201837,4,0.0800401753109717
2009-09-08,0.532407,12.545054,0.05161177430549152,True,False,1.0,1.0,209697.68896177734,0.0,209697.68896177734,3,0.0
2009-09-09,0.550201,12.68482,0.05072564374021835,True,False,1.0,1.0,209697.68896177734,0.0,209697.68896177734,4,0.0
2009-09-10,0.575663,12.880485,0.050245667957683156,True,False,1.0,1.0,209697.68896177734,0.0,209697.68896177734,4,0.0
2009-09-11,0.543806,12.642891,0.051243185306276605,True,False,1.0,1.0,188103.5285793315,21572.587794651197,209676.1163739827,3,0.10288528883363082
2009-09-14,0.544167,12.645687,0.04859526680706895,True,False,1.0,1.0,190260.06074191694,19428.21768095012,209688.27842286706,4,0.0926528551193991
2009-09-15,0.557518,12.74911,0.04248156666631064,True,False,1.0,1.0,192248.558663324,17914.395688351473,210162.95435167546,4,0.08524050179830685
2009-09-16,0.551284,12.70159,0.041481360655283434,True,False,1.0,1.0,158194.89024386514,51733.73102930072,209928.62127316586,4,0.2464348630289108
2009-09-17,0.518891,12.452816,0.04459443384806009,True,False,1.0,1.0,125701.68211671863,81154.64640009904,206856.32851681765,4,0.3923237301076872
2009-09-18,0.530772,12.547852,0.04458139782637734,True,False,1.0,1.0,133994.66452826443,74711.55325716968,208706.2177854341,4,0.3579747362102017
2009-09-21,0.528998,12.533876,0.04331517750975036,True,False,1.0,1.0,133994.66452826443,74461.84472793636,208456.5092562008,4,0.3572056588380264
2009-09-22,0.542802,12.642891,0.04270422893780257,True,False,1.0,1.0,172157.86598859006,38203.49515535437,210361.36114394444,4,0.18160889883771375
2009-09-23,0.548921,12.690409,0.04269075001058269,True,False,1.0,1.0,176017.41883906,34770.74640063052,210788.1652396905,4,0.1649558757774288
2009-09-24,0.509385,12.385731,0.046281278219165466,True,False,1.0,1.0,143972.6483705295,64279.143320561685,208251.79169109117,4,0.30866069769958904
2009-09-25,0.505246,12.352184,0.046348994518253896,True,False,1.0,1.0,143972.6483705295,63756.844127998476,207729.49249852798,4,0.30692244688582326
2009-09-28,0.534745,12.592579,0.04605538245092491,True,False,1.0,1.0,184286.75501755698,27124.85315308873,211411.60817064572,4,0.12830351837253082
2009-09-29,0.51231,12.416477,0.04596658527547476,True,False,1.0,1.0,151932.70810053768,58308.56661878589,210241.27471932356,4,0.2773411961881844
2009-09-30,0.525112,12.519898,0.041858007228639575,True,False,1.0,1.0,157903.29417269898,53789.0637131649,211692.35788586386,4,0.2540907203752997
2009-10-01,0.449845,11.921716,0.0554483692283719,True,False,1.0,1.0,128324.22035569564,75628.72523660192,203952.94559229756,4,0.3708145769455271
2009-10-02,0.433708,11.779162,0.054994517991264744,True,False,1.0,1.0,101214.78653480338,99998.0961479591,201212.8826827625,4,0.49697660912506647
2009-10-05,0.459026,12.008368,0.053775395896347424,True,False,1.0,1.0,140422.39718014715,66588.69563985096,207011.0928199981,4,0.3216672823313468
2009-10-06,0.485952,12.243169,0.05365769275081765,True,False,1.0,1.0,174975.0391353819,35907.491863139876,210882.53099852178,4,0.170272481523809
2009-10-07,0.482956,12.218016,0.052929133975246574,True,False,1.0,1.0,174975.0391353819,35686.11434926615,210661.15348464804,4,0.16940054565810958
2009-10-08,0.472681,12.131362,0.051581050962390455,True,False,1.0,1.0,146166.40625790568,63706.73708164431,209873.14333954998,4,0.3035487822211455
2009-10-09,0.521365,12.547852,0.05561803328806105,True,False,1.0,1.0,184898.50700995728,31497.37054931557,216395.87755927283,4,0.145554392738781
2009-10-12,0.54471,12.735134,0.05655969029850505,True,False,1.0,1.0,206354.85684134398,11429.890948681443,217784.74779002543,4,0.052482513420551546
2009-10-13,0.538612,12.687617,0.056317122189891766,True,False,1.0,1.0,206354.85684134398,11301.93391648989,217656.79075783386,4,0.05192548266993647
2009-10-14,0.563887,12.886076,0.05724888499885944,True,False,1.0,1.0,207536.90265479733,10649.06138246263,218185.96403725995,4,0.048807270575132296
2009-10-15,0.534164,12.659663,0.05690250145112588,True,False,1.0,1.0,181726.6432143404,35872.21457343022,217598.85778777063,4,0.1648547926130074
2009-10-16,0.499842,12.388519,0.05861548343975131,True,False,1.0,1.0,156080.3937740788,59187.92177168803,215268.31554576685,4,0.27494952808837514
2009-10-19,0.522511,12.575808,0.05956350962690044,True,False,1.0,1.0,162261.42975197858,55685.008809907595,217946.43856188617,4,0.25549859487194954
2009-10-20,0.516588,12.528286,0.05927630207876121,True,False,1.0,1.0,162261.42975197858,55053.78323344876,217315.21298542735,4,0.25333607563470734
2009-10-21,0.489964,12.313051,0.06022375951122504,True,False,1.0,1.0,137289.39401649957,77163.50065832582,214452.8946748254,4,0.35981561720269023
2009-10-22,0.505647,12.444433,0.05847130379587574,True,False,1.0,1.0,145244.76933484196,71670.04791299449,216914.81724783644,4,0.3304064186224205
2009-10-23,0.465781,12.117382,0.06126242946107499,True,False,1.0,1.0,120666.49238350063,90573.19251590189,211239.68489940252,4,0.4287697766593197
2009-10-26,0.460624,12.072662,0.059573133652597775,True,False,1.0,1.0,120666.49238350063,89570.39086919557,210236.8832526962,4,0.4260450853503931
2009-10-27,0.428629,11.793135,0.060827086656569114,True,False,1.0,1.0,122343.0008416488,81633.55008601847,203976.55092766727,3,0.4002104639712571
2009-10-28,0.39175,11.454913,0.06286239036969829,True,False,1.0,1.0,98746.63887110945,98182.634166643,196929.27303775243,4,0.4985680018623785
2009-10-29,0.420715,11.737229,0.05633705711988095,True,False,1.0,1.0,133954.10631977077,70199.29860549181,204153.40492526258,4,0.34385563459590934
2009-10-30,0.378934,11.348694,0.0603591882748686,True,False,1.0,1.0,108782.75686824032,88374.04399028906,197156.8008585294,4,0.4482424324469648
2009-11-02,0.379214,11.351484,0.0585303588795054,True,False,1.0,1.0,117617.84742306404,79595.41040381737,197213.25782688142,4,0.4036007075837069
2009-11-03,0.368008,11.239678,0.05652223495806991,True,False,1.0,1.0,91500.51575197426,103334.55895763339,194835.07470960764,4,0.530369386064848
2009-11-04,0.376795,11.329128,0.05712526902962609,True,False,1.0,1.0,102070.12543363853,95221.70884382223,197291.83427746076,4,0.48264394313404513
2009-11-05,0.410821,11.670145,0.06117788861053371,True,False,1.0,1.0,159499.95057139327,46333.273409288646,205833.2239806819,4,0.22510104303490464
2009-11-06,0.413478,11.695301,0.05612005760339339,True,False,1.0,1.0,164158.58083457436,41969.642010640324,206128.22284521468,4,0.20360939143280768
2009-11-09,0.451425,12.053095,0.05918485829742807,True,False,1.0,1.0,168736.13985803115,41239.27048159268,209975.41033962384,4,0.19640047572661196
2009-11-10,0.453938,12.075455,0.05927625032880759,True,False,1.0,1.0,172878.87716586952,37321.95772827357,210200.8348941431,4,0.17755380347118443
2009-11-11,0.473483,12.248757,0.059102883033297776,True,False,1.0,1.0,185591.942529938,26203.12096726033,211795.06349719834,4,0.12371922430386083
2009-11-12,0.466676,12.190062,0.05815665445712622,True,False,1.0,1.0,185591.942529938,25826.413367570072,211418.3558975081,4,0.12215785738155235
2009-11-13,0.477591,12.285103,0.05675168571879319,True,False,1.0,1.0,188232.34574845462,23787.416383032432,212019.76213148705,4,0.11219433577272071
2009-11-16,0.511495,12.575808,0.05804339010000095,True,False,1.0,1.0,197707.8920250623,15991.044545354645,213698.93657041693,4,0.07482978063433349
2009-11-17,0.514906,12.603756,0.058014537935738804,True,False,1.0,1.0,199316.0506381255,14487.915433001966,213803.96607112748,4,0.0677626131041095
2009-11-18,0.502572,12.503129,0.05698766267222492,True,False,1.0,1.0,172813.55218518642,40616.89597829142,213430.44816347782,4,0.19030506812777134
2009-11-19,0.453023,12.092228,0.06109252267236554,True,False,1.0,1.0,147904.38348430285,61496.7261497382,209401.10963404103,4,0.2936790844003296
2009-11-20,0.442342,11.997188,0.05858383322337971,True,False,1.0,1.0,122709.42049542541,85216.60061721996,207926.02111264537,4,0.4098409624789255
2009-11-23,0.456255,12.122976,0.05901520462884689,True,False,1.0,1.0,131490.32296783253,79107.22948114519,210597.55244897772,4,0.37563223580345645
2009-11-24,0.467301,12.220811,0.056751620367217384,True,False,1.0,1.0,139584.46342795348,72920.184325414,212504.6477533675,4,0.34314630336953866
2009-11-25,0.472752,12.268329,0.05223497043591609,True,False,1.0,1.0,168721.50469654516,44604.580474756505,213326.08517130167,4,0.20909107500350393
2009-11-27,0.45304,12.097818,0.05132933069519016,True,False,1.0,1.0,139867.4872313598,71569.9276485083,211437.4148798681,4,0.3384922563926163
2009-11-30,0.455552,12.120178,0.044561323881663804,True,False,1.0,1.0,163750.39581957954,48059.950621745775,211810.34644132532,3,0.22690086404754128
2009-12-01,0.49968,12.511518,0.04821380338515678,True,False,1.0,1.0,203459.59807997977,12966.427332822037,216426.0254128018,4,0.05991159015229534
2009-12-02,0.522118,12.698797,0.04750848946373847,True,False,1.0,1.0,206295.63361564055,10709.806958321662,217005.4405739622,4,0.049352711756880704
2009-12-03,0.541426,12.855328,0.0476793072834869,True,False,1.0,1.0,217130.58877337168,260.05622726481374,217390.6450006365,3,0.0011962622736781169
2009-12-04,0.567208,13.059385,0.045451172344275544,True,False,1.0,1.0,217386.7124770889,16.05968184454933,217402.77215893345,4,7.38706396660334e-05
2009-12-07,0.581048,13.1656,0.04542472329198955,True,False,1.0,1.0,217403.14756716238,0.0,217403.14756716238,4,0.0
2009-12-08,0.571426,13.092922,0.04278667549893599,True,False,1.0,1.0,191580.17008853244,25797.18029833158,217377.350386864,3,0.11867464688671855
2009-12-09,0.579478,13.154423,0.042763562827645436,True,False,1.0,1.0,194193.62301970314,23544.621001538137,217738.24402124126,4,0.10813268522199188
2009-12-10,0.574306,13.115288,0.04240565885637277,True,False,1.0,1.0,185208.4376797643,32310.68793571411,217519.1256154784,4,0.14854182520405884
2009-12-11,0.561454,13.017448,0.04268806012329339,True,False,1.0,1.0,150157.45108487745,66603.5998398,216761.05092467746,4,0.307267378321321
2009-12-14,0.586771,13.213121,0.04330056143996299,True,False,1.0,1.0,193669.48898137792,26051.28593663983,219720.77491801773,4,0.1185654198896763
2009-12-15,0.578206,13.148831,0.041361242439983875,True,False,1.0,1.0,158331.44669339136,60973.75913918266,219305.20583257402,4,0.2780315173445192
2009-12-16,0.60365,13.341703,0.042178748478535595,True,False,1.0,1.0,221924.70393157852,0.0,221924.70393157852,4,0.0
2009-12-17,0.576712,13.143241,0.04329554489041973,True,False,1.0,1.0,187675.2407166921,34215.24796691952,221890.48868361162,4,0.15419880396814228
2009-12-18,0.597317,13.299775,0.03494229560481317,True,False,1.0,1.0,191215.46736718432,31893.933788218073,223109.4011554024,4,0.14295199405785233
2009-12-21,0.639772,13.614865,0.035804600767190845,True,False,1.0,1.0,225342.1387355671,0.0,225342.1387355671,4,0.0
2009-12-22,0.650462,13.690692,0.03568422402873819,True,False,1.0,1.0,225342.1387355671,0.0,225342.1387355671,4,0.0
2009-12-23,0.653263,13.710352,0.035774753893299115,True,False,1.0,1.0,225342.1387355671,0.0,225342.1387355671,4,0.0
2009-12-24,0.676547,13.87324,0.03598003624604127,True,False,1.0,1.0,225342.1387355671,0.0,225342.1387355671,4,0.0
2009-12-28,0.656826,13.738436,0.03493090025015571,True,False,1.0,1.0,190593.41571177458,34714.00901477776,225307.42472655233,4,0.15407396829868758
2009-12-29,0.654006,13.718776,0.035192323699386116,True,False,1.0,1.0,190593.41571177458,34564.9687736459,225158.38448542048,4,0.15351402015359575
2009-12-30,0.681719,13.912552,0.031134809136472003,True,False,1.0,1.0,226587.01875433643,0.0,226587.01875433643,4,0.0
2009-12-31,0.668921,13.825497,0.0312910340445406,True,False,1.0,1.0,191507.1041654226,35044.86971919463,226551.97388461724,4,0.1546879910966609
2010-01-04,0.693379,13.993999,0.03127498224760346,True,False,1.0,1.0,227797.00587923403,0.0,227797.00587923403,4,0.0
2010-01-05,0.690041,13.971531,0.03041977239731925,True,False,1.0,1.0,227797.00587923403,0.0,227797.00587923403,4,0.0
2010-01-06,0.683798,13.929403,0.030503622639518946,True,False,1.0,1.0,192376.77640995555,35384.84462465383,227761.6210346094,4,0.15535911829182558
2010-01-07,0.667668,13.819882,0.030851246455794394,True,False,1.0,1.0,157476.08727624457,69415.98058031563,226892.0678565602,4,0.3059427384839209
2010-01-08,0.697789,14.027695,0.03188881474322378,True,False,1.0,1.0,201125.90423693106,28854.084550856067,229979.98878778712,4,0.1254634575075183
2010-01-11,0.691502,13.98557,0.03189139272300461,True,False,1.0,1.0,165689.5412666842,63995.07451945056,229684.61578613473,4,0.27862151019743536
2010-01-12,0.619019,13.496922,0.041244471622709014,True,False,1.0,1.0,133680.9058722428,89263.79172151884,222944.6975937616,4,0.40038535423780625
2010-01-13,0.640658,13.654186,0.04081199251957848,True,False,1.0,1.0,142910.08538279872,83145.76135635955,226055.84673915827,4,0.3678107094142092
2010-01-14,0.637099,13.628914,0.04063777596874745,True,False,1.0,1.0,142910.08538279872,82683.8678583196,225593.95324111832,4,0.3665163302047631
2010-01-15,0.574874,13.185194,0.04613267758478363,True,False,1.0,1.0,110572.61852736634,106913.35579101963,217485.97431838597,4,0.4915873592588785
2010-01-19,0.59471,13.336843,0.045638757134089956,True,False,1.0,1.0,121621.79789200188,99542.15643815785,221163.95433015973,4,0.4500830921550559
2010-01-20,0.59471,13.336843,0.04494963963453727,True,False,1.0,1.0,131566.05932017387,89587.94079434207,221154.00011451595,4,0.4050930154912525
2010-01-21,0.583439,13.252591,0.04206291221538018,True,False,1.0,1.0,96369.0773262764,123051.88186616232,219420.95919243872,4,0.5608027707063397
2010-01-22,0.501097,12.629142,0.053069125511047095,True,False,1.0,1.0,65579.22959998652,136444.39395232667,202023.6235523132,4,0.6753883112931838
2010-01-25,0.521823,12.803262,0.054296465042836695,True,False,1.0,1.0,79773.81132017235,127879.11459626872,207652.92591644108,4,0.6158310268535628
2010-01-26,0.507745,12.688114,0.053281652103448936,True,False,1.0,1.0,87540.81295790873,116610.26021315872,204151.07317106746,3,0.5711959207554382
2010-01-27,0.528986,12.865042,0.054541437990910484,True,False,1.0,1.0,121870.2453634068,87124.73664277524,208994.98200618202,4,0.41687477759728275
2010-01-28,0.482218,12.485913,0.057477893417157,True,False,1.0,1.0,94906.46637508058,106358.82354910145,201265.28992418203,4,0.5284508997511073
2010-01-29,0.434061,12.070278,0.059192228637029096,True,False,1.0,1.0,69539.35421247635,121079.00398479159,190618.35819726792,4,0.6351906769624406
2010-02-01,0.478296,12.480293,0.06496674630026128,True,False,1.0,1.0,110764.24129692747,92151.96838556202,202916.2096824895,4,0.45413803327864055
2010-02-02,0.493148,12.609482,0.06474978506182148,True,False,1.0,1.0,120256.08616840825,85512.11595928637,205768.20212769462,4,0.4155749774506932
2010-02-03,0.492819,12.60667,0.06479772384840993,True,False,1.0,1.0,120256.08616840825,85455.0671906599,205711.15335906815,4,0.41541290200001146
2010-02-04,0.428925,12.061856,0.07024969337541599,True,False,1.0,1.0,98456.51664338552,96153.60657556175,194610.12321894726,4,0.4940832726742769
2010-02-05,0.458285,12.33707,0.07304455631936116,True,False,1.0,1.0,108719.77708143221,92461.80574816851,201181.58282960072,4,0.45959378809780493
2010-02-08,0.452652,12.286522,0.07155972744491035,True,False,1.0,1.0,108719.77708143221,91325.31349601226,200045.09057744447,4,0.4565236429066827
2010-02-09,0.468792,12.432556,0.07263880202656517,True,False,1.0,1.0,139568.8244748514,63701.73003286192,203270.5545077133,4,0.31338395365298566
2010-02-10,0.47737,12.508382,0.06977326602915268,True,False,1.0,1.0,146049.07276640105,58380.61523918618,204429.68800558723,4,0.2855779696615816
2010-02-11,0.506951,12.766746,0.07092183349695083,True,False,1.0,1.0,152242.69933800053,55798.437581977516,208041.13691997805,4,0.268208674534595
2010-02-12,0.520667,12.881893,0.071433862486585,True,False,1.0,1.0,171658.51911454514,37872.857785038184,209531.37689958332,4,0.18075029308468932
2010-02-16,0.554719,13.162725,0.06972756075523343,True,False,1.0,1.0,185006.19880056812,26988.72946736394,211994.92826793206,4,0.12730837330812908
2010-02-17,0.553299,13.151492,0.06921961356698351,True,False,1.0,1.0,185006.19880056812,26919.642243303373,211925.84104387148,4,0.12702387830906683
2010-02-18,0.558971,13.196424,0.06928513729811835,True,False,1.0,1.0,187723.03943195133,24476.041724173323,212199.08115612465,4,0.11534471115907034
2010-02-19,0.56361,13.232935,0.06922223846632414,True,False,1.0,1.0,190188.48879055583,22211.255482923436,212399.74427347927,4,0.10457289183138054
2010-02-22,0.560381,13.207659,0.05954372195611792,True,False,1.0,1.0,190188.48879055583,22084.004114150062,212272.4929047059,4,0.10403610855064528
2010-02-23,0.517128,12.867848,0.061897400600710334,True,False,1.0,1.0,165068.9351948174,45473.90968817691,210542.8448829943,4,0.21598411341619458
2010-02-24,0.546246,13.109369,0.0627376398722455,True,False,1.0,1.0,169867.5733134759,43230.97404196851,213098.5473554444,4,0.20286845958578992
2010-02-25,0.539575,13.056009,0.06219794191806111,True,False,1.0,1.0,169867.5733134759,42703.018088361576,212570.59140183748,4,0.20088864506961357
2010-02-26,0.53679,13.033543,0.05822208197648097,True,False,1.0,1.0,169867.5733134759,42482.607755458666,212350.18106893456,4,0.20005920193525842
2010-03-01,0.574958,13.342463,0.053645443113471976,True,False,1.0,1.0,198896.8834402361,16444.92923730848,215341.81267754457,4,0.07636663327401871
2010-03-02,0.574958,13.342463,0.05000964149682919,True,False,1.0,1.0,198896.8834402361,16444.92923730848,215341.81267754457,4,0.07636663327401871
2010-03-03,0.566608,13.277868,0.05001430457545129,True,False,1.0,1.0,167038.5911675373,48032.568627085544,215071.15979462283,4,0.22333337799895217
2010-03-04,0.56517,13.266637,0.05003106292939242,True,False,1.0,1.0,167038.5911675373,47910.66630010507,214949.25746764237,4,0.22289291372554454
2010-03-05,0.584193,13.415477,0.036662510794798625,True,False,1.0,1.0,171985.96749713362,44570.95792429102,216556.92542142465,4,0.20581635908228255
2010-03-08,0.583459,13.409859,0.034802724703307295,True,False,1.0,1.0,196809.96023787055,19666.115871037622,216476.07610890816,2,0.09084660173322656
2010-03-09,0.578693,13.373351,0.03466092872602029,True,False,1.0,1.0,200327.54525937646,15966.457597754183,216294.00285713066,2,0.07381830927739848
2010-03-10,0.612599,13.634528,0.03574668803629651,True,False,1.0,1.0,217212.5860702532,0.0,217212.5860702532,2,0.0
2010-03-11,0.600864,13.547471,0.03645936901321753,True,False,1.0,1.0,199849.13337599716,17346.10658766837,217195.23996366555,2,0.0798641194464952
2010-03-12,0.586006,13.522195,0.03544111677286412,True,False,1.0,1.0,173747.9559543622,42992.27914637335,216740.23510073556,3,0.19835855177693054
2010-03-15,0.567508,13.376162,0.03617246153776851,True,False,1.0,1.0,147754.2635054874,67602.89971177881,215357.1632172662,3,0.3139106157503414
2010-03-16,0.6136,13.746861,0.037561968972374044,True,False,1.0,1.0,208502.31966993955,12284.623103104143,220786.9427730437,3,0.05564017033259086
2010-03-17,0.635736,13.968722,0.03811407166157617,True,False,1.0,1.0,221217.39036081624,0.0,221217.39036081624,4,0.0
2010-03-18,0.620271,13.839535,0.03874781339005524,True,False,1.0,1.0,186087.2057083926,35095.089562860776,221182.2952712534,4,0.15867042847991467
2010-03-19,0.59207,13.648571,0.04042108812997303,True,False,1.0,1.0,151630.373651141,67921.87952042247,219552.2531715635,4,0.3093654405238404
2010-03-22,0.634826,13.918169,0.04305171082384882,True,False,1.0,1.0,195777.06920683075,28635.933171143075,224413.00237797384,4,0.12760371666394005
2010-03-23,0.675763,14.199005,0.03964786615031304,True,False,1.0,1.0,226229.11906525434,0.0,226229.11906525434,4,0.0
2010-03-24,0.638314,13.864808,0.04134761739907454,True,False,1.0,1.0,192123.48363957286,34071.563861819675,226195.04750139255,4,0.15062913285760562
2010-03-25,0.63513,13.856385,0.0411932199702229,True,False,1.0,1.0,192123.48363957286,33901.61010969135,226025.0937492642,4,0.14999047029397244
2010-03-26,0.625123,13.803028,0.041444329648899304,True,False,1.0,1.0,156570.67569534888,68884.75277408211,225455.428469431,4,0.30553601322321694
2010-03-29,0.641953,13.892897,0.03918611308429274,True,False,1.0,1.0,163637.53340557276,63665.3847767916,227302.91818236437,4,0.2800904857970766
2010-03-30,0.654234,13.977144,0.03927484907542374,True,False,1.0,1.0,203540.07341257588,24940.864646605332,228480.9380591812,4,0.10915949863679718
2010-03-31,0.644075,13.878856,0.039304342997742304,True,False,1.0,1.0,167995.09098158983,60063.05378272119,228058.14476431103,4,0.2633672822551194
2010-04-01,0.646198,13.87324,0.039256064210584606,True,False,1.0,1.0,174015.16824014805,54234.93025728088,228250.09849742893,4,0.2376118591593589
2010-04-05,0.700932,14.272023,0.04232229010442328,True,False,1.0,1.0,232785.0547717704,0.0,232785.0547717704,4,0.0
2010-04-06,0.690319,14.182158,0.04261751228934354,True,False,1.0,1.0,197198.48180948265,35551.02194034742,232749.50374983007,4,0.15274370672153742
2010-04-07,0.697141,14.235515,0.04243796290298524,True,False,1.0,1.0,200785.12666664715,32312.115830310577,233097.2424969577,4,0.13862075537308127
2010-04-08,0.672428,14.04174,0.042039436178867254,True,False,1.0,1.0,165929.86329903454,65987.12430412779,231916.98760316233,4,0.2845290678621596
2010-04-09,0.690319,14.196197,0.04190558480161685,True,False,1.0,1.0,172697.37052610403,60968.53357720243,233665.90410330647,4,0.26092182259610935
2010-04-12,0.707603,14.316957,0.041381120797491226,True,False,1.0,1.0,211885.37168211435,23267.817043630792,235153.18872574513,4,0.09894748682641774
2010-04-13,0.721249,14.451764,0.04024640351347628,True,False,1.0,1.0,235578.18797193613,0.0,235578.18797193613,4,0.0
2010-04-14,0.814039,15.03871,0.044840769170971316,True,False,1.0,1.0,235578.18797193613,0.0,235578.18797193613,4,0.0
2010-04-15,0.821014,15.103295,0.04457069277360566,True,False,1.0,1.0,235578.18797193613,0.0,235578.18797193613,4,0.0
2010-04-16,0.790691,14.884242,0.04523524364776805,True,False,1.0,1.0,200761.53173695804,34781.87436061743,235543.40609757547,4,0.1476665169145461
2010-04-19,0.764005,14.75225,0.04447844645359658,True,False,1.0,1.0,166001.95542549965,68332.82969787328,234334.78512337292,4,0.29160344104225633
2010-04-20,0.801001,14.94602,0.04323108990577327,True,False,1.0,1.0,209528.92073221417,28071.226869501363,237600.14760171552,4,0.1181448208380603
2010-04-21,0.775983,14.75225,0.04252443078852792,True,False,1.0,1.0,174514.62814919924,62173.77974341535,236688.4078926146,4,0.26268198048644426
2010-04-22,0.819801,14.957263,0.04100747695156093,True,False,1.0,1.0,217994.08013450683,22161.617108671337,240155.69724317818,4,0.09228020556277207
2010-04-23,0.82344,14.965684,0.04084943752524766,True,False,1.0,1.0,240231.81005917434,0.0,240231.81005917434,3,0.0
2010-04-26,0.830718,15.03309,0.04030067795598169,True,False,1.0,1.0,240231.81005917434,0.0,240231.81005917434,4,0.0
2010-04-27,0.74475,14.547242,0.04868055809017989,True,False,1.0,1.0,206680.5027014935,33517.78956811269,240198.2922696062,4,0.13954216431518696
2010-04-28,0.759608,14.617449,0.04869090466854655,True,False,1.0,1.0,210095.7320693561,30767.832142906278,240863.5642122624,4,0.12773966973183187
2010-04-29,0.785687,14.617449,0.04870964708030367,True,False,1.0,1.0,241888.06686194747,0.0,241888.06686194747,4,0.0
2010-04-30,0.679706,14.159685,0.05978547837941868,True,False,1.0,1.0,211833.99493548783,30024.04787858107,241858.0428140689,4,0.12413913355638288
2010-05-03,0.72974,14.454566,0.059113147178030914,True,False,1.0,1.0,244035.9159869672,0.0,244035.9159869672,4,0.0
2010-05-04,0.633159,13.901321,0.06728661427918257,True,False,1.0,1.0,219135.03591765123,24876.004065250745,244011.03998290197,4,0.10194622369132898
2010-05-05,0.612842,13.760905,0.06748578529048,True,False,1.0,1.0,194678.47572523824,48509.90328882845,243188.37901406668,4,0.1994745944913038
2010-05-06,0.560685,13.261017,0.06970632320644936,True,False,1.0,1.0,171628.81885164752,67408.0125988269,239036.83145047442,4,0.2819984359305442
2010-05-07,0.526571,13.092516,0.07017160688561543,True,False,1.0,1.0,148708.17180133786,86204.42702946028,234912.59883079812,4,0.36696383020116874
2010-05-10,0.618603,13.774945,0.08001769171277558,True,False,1.0,1.0,211077.80678897788,38838.82931769426,249916.63610667214,4,0.15540713864729136
2010-05-11,0.606777,13.696313,0.07982597920247884,True,False,1.0,1.0,211077.80678897788,38096.33696717049,249174.14375614838,4,0.1528904098671372
2010-05-12,0.656053,14.07263,0.07666980872610715,True,False,1.0,1.0,215192.69956509938,37071.10609118473,252263.8056562841,4,0.14695372566326484
2010-05-13,0.604655,13.738436,0.0781090941842351,True,False,1.0,1.0,194707.05648901546,54631.97486971901,249339.03135873447,4,0.21910719140926518
2010-05-14,0.549465,13.322803,0.08003916408766705,True,False,1.0,1.0,174871.4665447797,69461.2051543297,244332.67169910937,4,0.2842894675987898
2010-05-17,0.572208,13.494114,0.08099075552419567,True,False,1.0,1.0,182097.86149653635,65102.65722303299,247200.51871956934,4,0.2633597112184345
2010-05-18,0.52551,13.123412,0.08109039764134748,True,False,1.0,1.0,162751.14243597147,79117.00907598584,241868.15151195732,4,0.3271080073230498
2010-05-19,0.533848,13.202044,0.08145602721785673,True,False,1.0,1.0,170780.3370477078,72335.08659221936,243115.42363992718,4,0.29753392651612776
2010-05-20,0.490334,12.808875,0.08080657542467061,False,False,1.0,1.0,151541.35988855775,85658.8043759981,237200.16426455585,4,0.3611245575718088
2010-05-21,0.522326,13.00265,0.08299899536754039,True,False,1.0,1.0,222756.15231979222,19961.562189243774,242717.71450903598,1,0.0822418842795285
2010-05-24,0.491547,12.808875,0.08306374456733437,False,False,1.0,1.0,218051.8867287998,23484.857221339473,241536.74395013927,1,0.09723099201083658
2010-05-25,0.502615,12.848191,0.08133431313246837,False,False,1.0,1.0,220450.8511555568,21612.292132945957,242063.14328850276,1,0.08928369614364366
2010-05-26,0.500038,12.870656,0.0808886354448762,False,False,1.0,1.0,220450.8511555568,21501.48191672359,241952.3330722804,1,0.0888666029531539
2010-05-27,0.57615,13.449181,0.08801362779662805,True,False,1.0,1.0,236071.4079100768,9138.081820290774,245209.48973036758,1,0.03726642810740731
2010-05-28,0.548404,13.232935,0.08307552479273829,True,False,1.0,1.0,231578.76368607045,13186.169818827488,244764.93350489793,1,0.053872789823316836
2010-06-01,0.511106,12.952103,0.08175972287251386,False,False,1.0,1.0,226923.87974928657,16939.587010900665,243863.46676018724,1,0.06946340604416518
2010-06-02,0.565688,13.370543,0.08041178959270306,True,False,1.0,1.0,233938.5590510711,11726.897325196265,245665.45637626736,1,0.04773523106657313
2010-06-03,0.58737,13.530619,0.08070438602214386,True,False,1.0,1.0,246102.75495803505,0.0,246102.75495803505,0,0.0
2010-06-04,0.510954,12.926823,0.08426877576967642,False,False,1.0,1.0,246102.75495803505,0.0,246102.75495803505,0,0.0
2010-06-07,0.453946,12.452217,0.08715024350572076,False,False,1.0,1.0,246102.75495803505,0.0,246102.75495803505,0,0.0
2010-06-08,0.448942,12.449406,0.07761172526817534,False,False,1.0,1.0,246102.75495803505,0.0,246102.75495803505,0,0.0
2010-06-09,0.439997,12.306178,0.07761377177052217,False,False,1.0,1.0,246102.75495803505,0.0,246102.75495803505,0,0.0
2010-06-10,0.488363,12.741469,0.07948591642388171,False,False,1.0,1.0,246102.75495803505,0.0,246102.75495803505,0,0.0
2010-06-11,0.509286,12.924014,0.07881680376572969,False,False,1.0,1.0,246102.75495803505,0.0,246102.75495803505,0,0.0
2010-06-14,0.51899,12.954912,0.07627351504780205,False,False,1.0,1.0,246102.75495803505,0.0,246102.75495803505,0,0.0
2010-06-15,0.605412,13.600827,0.08354567326197054,True,False,1.0,1.0,246102.75495803505,0.0,246102.75495803505,0,0.0
2010-06-16,0.613752,13.651381,0.08095210113451351,True,False,1.0,1.0,246102.75495803505,0.0,246102.75495803505,0,0.0
2010-06-17,0.609809,13.668234,0.08098899229713216,True,False,1.0,1.0,246102.75495803505,0.0,246102.75495803505,0,0.0
2010-06-18,0.605716,13.637339,0.07816761429053765,True,False,1.0,1.0,246102.75495803505,0.0,246102.75495803505,0,0.0
2010-06-21,0.589644,13.534377,0.07756822122568635,True,False,1.0,1.0,240350.2463446202,5746.761851563309,246097.0081961835,1,0.02335161200733537
2010-06-22,0.558562,13.269219,0.07728339082069569,True,False,1.0,1.0,234597.68456239856,11190.646827381692,245788.33138978024,1,0.045529609823645976
2010-06-23,0.563414,13.322817,0.07719609117659823,True,False,1.0,1.0,235725.3413175145,10159.069865909578,245884.4111834241,1,0.04131644546726122
2010-06-24,0.51429,12.970209,0.08017546172122451,False,False,1.0,1.0,224698.5302723785,20289.097016151503,244987.62728853,2,0.08281682320330555
2010-06-25,0.515958,13.006886,0.07309001181591152,False,False,1.0,1.0,240115.5977196535,4922.400825220358,245037.99854487387,1,0.020088316320127454
2010-06-28,0.522022,13.097149,0.07243458551261091,False,False,1.0,1.0,240613.1250226626,4482.227955036773,245095.35297769937,1,0.01828769048691266
2010-06-29,0.450914,12.541443,0.07796985650341075,False,False,1.0,1.0,237810.8839904248,6671.116225274523,244482.0002156993,1,0.027286737753244788
2010-06-30,0.429081,12.329878,0.07421159645518997,False,False,1.0,1.0,234938.59334417107,9217.525788331273,244156.11913250235,1,0.037752589699908225
2010-07-01,0.430748,12.307315,0.07335956645240296,False,False,1.0,1.0,235863.00164178244,8328.002681183525,244191.00432296595,1,0.034104461400097055
2010-07-02,0.425442,12.242435,0.06732126221425792,False,False,1.0,1.0,235863.00164178244,8225.41745217176,244088.4190939542,1,0.0336985158194074
2010-07-06,0.424683,12.208584,0.062227968681864504,False,False,1.0,1.0,235863.00164178244,8210.743085639544,244073.744727422,1,0.03364041918891843
2010-07-07,0.491396,12.860196,0.07054448204390447,False,False,1.0,1.0,242509.62628772354,2847.282045125823,245356.90833284936,1,0.01160465407097167
2010-07-08,0.487757,12.843271,0.0703679851839295,False,False,1.0,1.0,242509.62628772354,2826.19668960357,245335.8229773271,1,0.011519706561013535
2010-07-09,0.504586,13.026627,0.06681985969894857,False,False,1.0,1.0,242801.70476605138,2631.337642593087,245433.04240864445,1,0.010721203700893404
2010-07-12,0.523842,13.105609,0.0666844264722474,False,False,1.0,1.0,243074.60705985222,2458.579223430938,245533.18628328317,1,0.010013225750242818
2010-07-13,0.557501,13.398975,0.06797630370144815,True,False,1.0,1.0,245688.5435431169,0.0,245688.5435431169,1,0.0
2010-07-14,0.552346,13.37641,0.058034889498274136,True,False,1.0,1.0,245688.5435431169,0.0,245688.5435431169,1,0.0
2010-07-15,0.54522,13.356666,0.0578992603442744,True,False,1.0,1.0,245688.5435431169,0.0,245688.5435431169,1,0.0
2010-07-16,0.493366,12.961744,0.06159982363127105,False,False,1.0,1.0,238369.64534971476,7311.586606795347,245681.2319565101,1,0.0297604605307809
2010-07-19,0.530664,13.311526,0.06437230364151361,True,False,1.0,1.0,246226.11660900977,0.0,246226.11660900977,1,0.0
2010-07-20,0.532181,13.2946,0.06422259201367475,True,False,1.0,1.0,246226.11660900977,0.0,246226.11660900977,1,0.0
2010-07-21,0.499886,13.026627,0.06458885942652008,False,False,1.0,1.0,239365.71007775894,6853.552978272553,246219.2630560315,1,0.027835161608427476
2010-07-22,0.545675,13.463854,0.06783648562065706,True,False,1.0,1.0,246839.5595332297,0.0,246839.5595332297,1,0.0
2010-07-23,0.556136,13.568226,0.06457038294593792,True,False,1.0,1.0,246839.5595332297,0.0,246839.5595332297,1,0.0
2010-07-26,0.57615,13.78543,0.06495101096578032,True,False,1.0,1.0,246839.5595332297,0.0,246839.5595332297,2,0.0
2010-07-27,0.564324,13.666959,0.0651931756398257,True,False,1.0,1.0,232779.47727831287,14046.03621869815,246825.513497011,2,0.05690674363316272
2010-07-28,0.535062,13.441286,0.05665455491374472,True,False,1.0,1.0,219106.28927975133,26977.232893878252,246083.52217362958,2,0.10962632790522187
2010-07-29,0.502615,13.111249,0.05742187606865403,False,False,1.0,1.0,195895.74219159305,48528.65085162046,244424.39304321352,3,0.19854258508086278
2010-07-30,0.486847,12.970209,0.05810640389482699,False,False,1.0,1.0,219116.0277851296,23754.78638272474,242870.81416785435,1,0.09780832029618507
2010-08-02,0.512622,13.170485,0.05879065816559186,False,False,1.0,1.0,221614.76945940923,22511.186254771237,244125.95571418048,1,0.09221135945547324
2010-08-03,0.497157,13.052014,0.059427888835549975,False,False,1.0,1.0,217751.59592049962,25691.37337326478,243442.96929376438,1,0.10553343745270712
2010-08-04,0.511712,13.17331,0.05016015360006024,False,False,1.0,1.0,220393.30416709546,23799.17339275532,244192.47755985078,1,0.09746071472214872
2010-08-05,0.499431,13.139458,0.05046819985656594,False,False,1.0,1.0,215846.5267999963,27770.2324560815,243616.75925607778,1,0.11399146980233334
2010-08-06,0.500038,13.142282,0.049877988386763,False,False,1.0,1.0,218624.14479434933,25023.585534711852,243647.7303290612,1,0.10270395501290312
2010-08-09,0.508225,13.226909,0.04925116229541658,True,False,1.0,1.0,221164.930523958,22889.961528005948,244054.89205196395,1,0.09379021799379558
2010-08-10,0.469259,12.90815,0.04980711268557472,False,False,1.0,1.0,212405.84523952508,29885.30559569434,242291.15083521942,1,0.12334460211474721
2010-08-11,0.412706,12.400399,0.056557910704766165,False,False,1.0,1.0,208279.8403665831,30405.544957387105,238685.38532397023,1,0.12738754371624947
2010-08-12,0.396179,12.208584,0.05685961795167287,False,False,1.0,1.0,204307.4972577798,33156.31577605232,237463.81303383212,1,0.13962681451311676
2010-08-13,0.384201,12.126777,0.05348557235606568,False,False,1.0,1.0,200314.76797339937,36142.61461963333,236457.3825930327,1,0.15285043851575766
2010-08-16,0.388144,12.16063,0.049938349018117334,False,False,1.0,1.0,203962.47073052754,32862.187001154765,236824.6577316823,1,0.13876167843293996
2010-08-17,0.403002,12.329878,0.05120200673841395,False,False,1.0,1.0,207371.07257900477,30708.1247610563,238079.19734006107,1,0.12898281371973153
2010-08-18,0.416496,12.476559,0.05087486813059274,False,False,1.0,1.0,214040.49086740648,25060.25216259468,239100.74303000115,1,0.10481043197532115
2010-08-19,0.395572,12.296028,0.04625064631889639,False,False,1.0,1.0,209677.2871536136,28160.115633737783,237837.4027873514,1,0.11840070276463424
2010-08-20,0.400121,12.298853,0.04597915702264927,False,False,1.0,1.0,212522.83389955602,25635.556269751447,238158.39016930747,1,0.10764078582966176
2010-08-23,0.38602,12.166272,0.044488780615358374,False,False,1.0,1.0,207624.60965555915,29625.443027292877,237250.05268285202,1,0.12487012201803463
2010-08-24,0.366462,11.980096,0.04506050432726948,False,False,1.0,1.0,202701.60072707085,33042.53802346434,235744.1387505352,1,0.14016271284025433
2010-08-25,0.37753,12.078822,0.04580723608229763,False,False,1.0,1.0,206102.24658683763,30636.449187087997,236738.69577392563,1,0.12941039945723268
2010-08-26,0.356,11.89547,0.045615858700721164,False,False,1.0,1.0,201297.05592441486,33689.68625022741,234986.74217464228,1,0.14336845533689394
2010-08-27,0.377227,12.157809,0.04843191596066004,False,False,1.0,1.0,209944.8678512556,27042.01271463628,236986.8805658919,1,0.11410763604324296
2010-08-30,0.349936,11.833411,0.04785462581050032,False,False,1.0,1.0,205471.5070263004,29554.51348532085,235026.02051162123,1,0.12574996343377
2010-08-31,0.327648,11.613387,0.04893549275345603,False,False,1.0,1.0,200901.46107635848,32237.618330219568,233139.07940657804,1,0.13827633879431875
2010-09-01,0.358123,11.946244,0.053754162379739075,False,False,1.0,1.0,209406.67799901665,26722.35377043968,236129.03176945634,1,0.11316843833302949
2010-09-02,0.381927,12.188835,0.056764795490721616,False,False,1.0,1.0,216558.59679489775,21339.478232618407,237898.07502751617,1,0.08970008786388962
2010-09-03,0.398453,12.422968,0.0580537565934228,False,False,1.0,1.0,222092.96821516257,16722.92716953468,238815.89538469724,1,0.07002434717587164
2010-09-07,0.376923,12.132421,0.05847557987679784,False,False,1.0,1.0,218277.9399513069,19630.53796426342,237908.4779155703,1,0.08251298203517558
2010-09-08,0.370707,12.078822,0.056461288992499664,False,False,1.0,1.0,214339.25993224353,23241.547557328147,237580.80748957169,1,0.09782586313647539
2010-09-09,0.372224,12.10139,0.04938603045067759,False,False,1.0,1.0,216670.59188340197,21002.990550976974,237673.58243437894,1,0.08836905783071555
2010-09-10,0.357668,11.951887,0.0493492580664909,False,False,1.0,1.0,212124.51461178885,24723.1941576524,236847.70876944126,1,0.10438435012144924
2010-09-13,0.393147,12.3327,0.053690427615665115,False,False,1.0,1.0,223578.2807240297,15710.388542730712,239288.6692667604,1,0.06565454432452328
2010-09-14,0.412402,12.561189,0.054673835176278426,False,False,1.0,1.0,230612.29083447205,9438.778662353052,240051.0694968251,1,0.03931987756662708
2010-09-15,0.409218,12.541443,0.05410336508803159,False,False,1.0,1.0,230612.29083447205,9365.905419107548,239978.1962535796,1,0.03902815157928267
2010-09-16,0.41786,12.642992,0.053792729002483906,False,False,1.0,1.0,234013.07200536854,6159.512326714001,240172.58433208254,1,0.02564619248214171
2010-09-17,0.418164,12.651455,0.05240004627745117,False,False,1.0,1.0,234628.85495331173,5547.594125614392,240176.44907892612,1,0.023097993774532647
2010-09-20,0.423167,12.758642,0.052404137976856995,False,False,1.0,1.0,235189.6902247819,5052.570013244755,240242.26023802665,1,0.02103114584519302
2010-09-21,0.420286,12.786854,0.05167320748852349,False,False,1.0,1.0,235189.6902247819,5018.171172578639,240207.86139736054,1,0.020890953124458315
2010-09-22,0.402966,12.586576,0.05115028019636594,False,False,1.0,1.0,230852.62554391203,9144.104121035462,239996.7296649475,1,0.03810095301632352
2010-09-23,0.410701,12.662739,0.05092979552943095,False,False,1.0,1.0,231783.65625466846,8387.664060868776,240171.32031553725,1,0.03492367052755948
2010-09-24,0.459536,13.226909,0.05407308149152914,False,False,1.0,1.0,237832.41361584244,3330.19928724175,241162.6129030842,1,0.01380893682960739
2010-09-27,0.45165,13.159204,0.05337891182243985,False,False,1.0,1.0,233580.62636323864,7520.59015525611,241101.21651849474,1,0.031192667809202903
2010-09-28,0.472731,13.390512,0.050092640981225116,True,False,1.0,1.0,234367.000964939,7084.455871174448,241451.45683611347,1,0.029341118765678277
2010-09-29,0.483196,13.424365,0.04634083244012597,True,False,1.0,1.0,239176.10821383062,2427.365606409533,241603.47382024015,2,0.010046898614609995
2010-09-30,0.472731,13.34538,0.04416663472660059,True,False,1.0,1.0,219751.65700678952,21779.84017921558,241531.49718600512,2,0.09017391285594015
2010-10-01,0.467726,13.331277,0.042819195665488044,True,False,1.0,1.0,219751.65700678952,21549.247939449255,241300.9049462388,2,0.08930446383634728
2010-10-04,0.448617,13.147923,0.043608396660262685,False,False,1.0,1.0,190390.7240975449,50000.45222247194,240391.17632001685,3,0.20799620430289692
2010-10-05,0.476674,13.483598,0.04271893327885015,True,False,1.0,1.0,243465.13199366094,0.0,243465.13199366094,1,0.0
2010-10-06,0.460294,13.277685,0.043548637949601135,True,False,1.0,1.0,233642.1509981081,9813.167827725123,243455.3188258332,1,0.040307880210024974
2010-10-07,0.460446,13.328453,0.04358728061797088,True,False,1.0,1.0,234622.8101941287,8834.767531717229,243457.5777258459,1,0.03628873504059066
2010-10-08,0.475461,13.455395,0.04214358996515777,True,False,1.0,1.0,235534.1845611538,8210.57988310904,243744.76444426284,1,0.03368515381993591
2010-10-11,0.484106,13.559766,0.037704945138752416,True,False,1.0,1.0,243885.6922429773,0.0,243885.6922429773,1,0.0
2010-10-12,0.494418,13.655671,0.03677119557794237,True,False,1.0,1.0,243885.6922429773,0.0,243885.6922429773,1,0.0
2010-10-13,0.496693,13.630286,0.03657712303443163,True,False,1.0,1.0,243885.6922429773,0.0,243885.6922429773,1,0.0
2010-10-14,0.492598,13.596438,0.03668808171031914,True,False,1.0,1.0,243885.6922429773,0.0,243885.6922429773,1,0.0
2010-10-15,0.503822,13.652849,0.036777300930382076,True,False,1.0,1.0,243885.6922429773,0.0,243885.6922429773,1,0.0
2010-10-18,0.492143,13.559766,0.03748941787190971,True,False,1.0,1.0,233963.70825073807,9912.071920318911,243875.78017105698,1,0.040643937308438266
2010-10-19,0.471518,13.370769,0.03904684123131431,True,False,1.0,1.0,224229.3921978715,19221.26281043368,243450.65500830518,1,0.07895342409236056
2010-10-20,0.479404,13.461033,0.037434598650736485,True,False,1.0,1.0,226181.71120289288,17588.45950469724,243770.17070759012,1,0.07215181190398862
2010-10-21,0.472276,13.38205,0.03771164280798182,True,False,1.0,1.0,216173.06141604527,27325.59730437213,243498.6587204174,1,0.11222073028232608
2010-10-22,0.500333,13.641567,0.031071044258490915,True,False,1.0,1.0,238924.81931519107,6174.425542337108,245099.2448575282,1,0.02519153229511658
2010-10-25,0.516713,13.799531,0.031235122102147482,True,False,1.0,1.0,245295.0078482528,0.0,245295.0078482528,1,0.0
2010-10-26,0.510192,13.740297,0.030115602640672614,True,False,1.0,1.0,235279.98110359805,10005.02172293182,245285.00282652988,1,0.040789374024662886
2010-10-27,0.557055,14.174709,0.03535839370455134,True,False,1.0,1.0,246193.07662154408,0.0,246193.07662154408,1,0.0
2010-10-28,0.55842,14.180346,0.03472051844871365,True,False,1.0,1.0,246193.07662154408,0.0,246193.07662154408,1,0.0
2010-10-29,0.568885,14.267795,0.0344940435622662,True,False,1.0,1.0,246193.07662154408,0.0,246193.07662154408,1,0.0
2010-11-01,0.563121,14.222657,0.03268963234601449,True,False,1.0,1.0,236144.5032984704,10038.534788285382,246183.03808675578,1,0.04077671177633191
2010-11-02,0.574041,14.318568,0.03064994381994426,True,False,1.0,1.0,237166.8001081887,9209.881168633236,246376.68127682194,2,0.03738130216262338
2010-11-03,0.592999,14.465254,0.029200374432080733,True,False,1.0,1.0,246671.32830877928,0.0,246671.32830877928,2,0.0
2010-11-04,0.647446,14.91659,0.033495443601037844,True,False,1.0,1.0,246671.32830877928,0.0,246671.32830877928,2,0.0
2010-11-05,0.660943,15.012489,0.03332207723899783,True,False,1.0,1.0,246671.32830877928,0.0,246671.32830877928,3,0.0
2010-11-08,0.661853,15.009675,0.033488733764066,True,False,1.0,1.0,246671.32830877928,0.0,246671.32830877928,3,0.0
2010-11-09,0.636678,14.848886,0.03558593523087114,True,False,1.0,1.0,217135.13668198657,29506.684941850865,246641.82162383743,3,0.11963374559750294
2010-11-10,0.637436,14.834781,0.03563453631441309,True,False,1.0,1.0,220086.36392705722,26587.63283847453,246673.99676553175,4,0.10778449770587928
2010-11-11,0.615142,14.671169,0.036970663920455095,True,False,1.0,1.0,180718.62782191872,64986.15159569107,245704.7794176098,4,0.2644887565871805
2010-11-12,0.613625,14.66553,0.03698677428561477,True,False,1.0,1.0,180718.62782191872,64825.88942537809,245544.5172472968,4,0.2640087025852407
2010-11-15,0.599975,14.555521,0.0369419700360302,True,False,1.0,1.0,140732.6689417855,103329.85969226695,244062.52863405243,4,0.42337453549536824
2010-11-16,0.574496,14.346779,0.036985946983772965,True,False,1.0,1.0,101568.74951887825,138066.5689918251,239635.31851070334,4,0.5761528386128039
2010-11-17,0.572828,14.335496,0.03705661908965577,True,False,1.0,1.0,101568.74951887825,137665.7045174365,239234.45403631474,4,0.5754426345986915
2010-11-18,0.604829,14.595013,0.037937864821488226,True,False,1.0,1.0,157239.21966837815,89630.19404983426,246869.4137182124,4,0.36306722934961116
2010-11-19,0.634251,14.820676,0.03735985808421397,True,False,1.0,1.0,202888.3474453827,48295.44606526049,251183.79351064318,4,0.19227134597445322
2010-11-22,0.657758,15.009675,0.03749113602479703,True,False,1.0,1.0,237264.44519500804,15674.893283452335,252939.33847846038,4,0.0619709586406907
2010-11-23,0.640166,14.899663,0.038125228970684884,True,False,1.0,1.0,197454.69349879763,55025.643726504226,252480.33722530186,4,0.2179403130208982
2010-11-24,0.691427,15.274833,0.0370410102710161,True,False,1.0,1.0,256827.0587120716,0.0,256827.0587120716,4,0.0
2010-11-26,0.679902,15.178923,0.0375168860691899,True,False,1.0,1.0,216607.83469689003,40179.04497021137,256786.8796671014,4,0.15646844972102741
2010-11-29,0.6752,15.15636,0.037638015158031016,True,False,1.0,1.0,216607.83469689003,39901.178646167704,256509.01334305774,4,0.15555468451630378
2010-11-30,0.650175,14.964542,0.038847203044618965,True,False,1.0,1.0,177215.47999288244,77775.31927676035,254990.7992696428,4,0.30501225730311937
2010-12-01,0.712509,15.415875,0.043154604921207075,True,False,1.0,1.0,262362.0933625178,0.0,262362.0933625178,4,0.0
2010-12-02,0.752547,15.720529,0.04401757921190506,True,False,1.0,1.0,262362.0933625178,0.0,262362.0933625178,4,0.0
2010-12-03,0.763467,15.79951,0.04025231879772232,True,False,1.0,1.0,262362.0933625178,0.0,262362.0933625178,4,0.0
2010-12-06,0.759524,15.79105,0.04024790958040129,True,False,1.0,1.0,262362.0933625178,0.0,262362.0933625178,4,0.0
2010-12-07,0.758008,15.774124,0.0402795656937049,True,False,1.0,1.0,262362.0933625178,0.0,262362.0933625178,4,0.0
2010-12-08,0.778785,15.909519,0.03903057091321845,True,False,1.0,1.0,262362.0933625178,0.0,262362.0933625178,4,0.0
2010-12-09,0.784397,15.957478,0.03898176400286388,True,False,1.0,1.0,262362.0933625178,0.0,262362.0933625178,4,0.0
2010-12-10,0.78652,15.960293,0.03751761860095808,True,False,1.0,1.0,262362.0933625178,0.0,262362.0933625178,4,0.0
2010-12-13,0.771809,15.853102,0.03803332262891458,True,False,1.0,1.0,222220.50305807733,40101.488815624834,262321.99187370215,4,0.15287124243449685
2010-12-14,0.752092,15.748736,0.038199454769554136,True,False,1.0,1.0,182357.37091495984,78900.34593325578,261257.7168482156,4,0.3020019729373007
2010-12-15,0.728736,15.57948,0.03738993286379412,True,False,1.0,1.0,142715.86081483614,116052.02665352568,258767.88746836182,4,0.44847924442600995
2010-12-16,0.741628,15.664106,0.037243232719107844,True,False,1.0,1.0,154514.5595192473,106294.58292262332,260809.14244187062,4,0.4075569664752621
2010-12-17,0.756795,15.765661,0.036005700906694846,True,False,1.0,1.0,202327.5932628795,60607.51389394077,262935.10715682025,4,0.23050369556695646
2010-12-20,0.74815,15.633079,0.03528519534288279,True,False,1.0,1.0,161906.75118825445,100295.64540750302,262202.39659575745,4,0.38251231380669176
2010-12-21,0.763922,15.731815,0.034801028812480636,True,False,1.0,1.0,172137.51132739225,92169.0102625028,264306.521589895,4,0.34872015154251346
2010-12-22,0.76468,15.748736,0.03388619905240934,True,False,1.0,1.0,181354.33175785022,83034.4182924141,264388.7500502643,4,0.3140618436927744
2010-12-23,0.75831,15.703606,0.030005852714216175,True,False,1.0,1.0,181354.33175785022,82342.71817664978,263697.0499345,4,0.31226256872082175
2010-12-27,0.760585,15.723343,0.029585408683857596,True,False,1.0,1.0,189605.048175685,74330.77853905191,263935.8267147369,4,0.2816244367589739
2010-12-28,0.75088,15.658466,0.0297461500965998,True,False,1.0,1.0,149305.37490170478,113641.7379782703,262947.1128799751,4,0.4321847718105322
2010-12-29,0.753912,15.661293,0.027975843631996563,True,False,1.0,1.0,186184.05021983513,77185.0243193243,263369.0745391594,3,0.29306791032463425
2010-12-30,0.760585,15.709242,0.019800201414398283,True,False,1.0,1.0,193963.08357521234,70081.38157997477,264044.4651551871,4,0.26541507521767504
2010-12-31,0.758159,15.712061,0.015695496537139964,True,False,1.0,1.0,183013.65166741377,80796.33991055765,263809.99157797144,4,0.3062671714110478
2011-01-03,0.775145,15.796691,0.01614938127874639,True,False,1.0,1.0,248985.74130151034,16568.395276144423,265554.13657765475,4,0.06239178003276709
2011-01-04,0.777724,15.836175,0.01609667282905757,True,False,1.0,1.0,250646.43098009904,14961.168275573902,265607.59925567295,4,0.05632808819288462
2011-01-05,0.785307,15.886958,0.01618732106451381,True,False,1.0,1.0,260407.06373594364,5336.640181546668,265743.7039174903,4,0.020081906373983632
2011-01-06,0.828833,16.171862,0.019229796799962773,True,False,1.0,1.0,266033.85721683747,0.0,266033.85721683747,4,0.0
2011-01-07,0.834293,16.216995,0.01922345009968646,True,False,1.0,1.0,266033.85721683747,0.0,266033.85721683747,4,0.0
2011-01-10,0.860531,16.391886,0.02020757565409567,True,False,1.0,1.0,266033.85721683747,0.0,266033.85721683747,4,0.0
2011-01-11,0.870086,16.4342,0.019480274277800805,True,False,1.0,1.0,266033.85721683747,0.0,266033.85721683747,4,0.0
2011-01-12,0.91892,16.755775,0.020817273012683435,True,False,1.0,1.0,266033.85721683747,0.0,266033.85721683747,4,0.0
2011-01-13,0.918618,16.767063,0.018587692654864676,True,False,1.0,1.0,266033.85721683747,0.0,266033.85721683747,4,0.0
2011-01-14,0.993691,17.212742,0.023873485621973656,True,False,1.0,1.0,266033.85721683747,0.0,266033.85721683747,4,0.0
2011-01-18,0.982012,17.164797,0.02454390564008679,True,False,1.0,1.0,224835.46151516505,41157.23846320919,265992.69997837424,4,0.15473070676960443
2011-01-19,0.913613,16.750128,0.030713639214868513,True,False,1.0,1.0,186043.2102123496,77044.05647851744,263087.266690867,4,0.2928460105560555
2011-01-20,0.880399,16.578058,0.03232117588946883,True,False,1.0,1.0,145799.65341495813,114446.50703264456,260246.16044760268,4,0.43976251882373857
2011-01-21,0.865232,16.459587,0.03276174849812735,True,False,1.0,1.0,104741.28903878735,153492.2364518569,258233.52549064427,4,0.5943931414800666
2011-01-24,0.927717,16.840397,0.03547850515819671,True,False,1.0,1.0,207439.8445311486,61775.72435491433,269215.56888606295,4,0.22946564572964565
2011-01-25,0.908305,16.721924,0.036136881006833745,True,False,1.0,1.0,166503.17538909853,101378.87253598185,267882.0479250804,4,0.37844593663975146
2011-01-26,0.93348,16.857327,0.03598260892837157,True,False,1.0,1.0,176911.6301245622,93769.86248165484,270681.49260621704,4,0.34642140317317405
2011-01-27,0.985045,17.187361,0.03718275769604598,True,False,1.0,1.0,256337.20589630277,19444.585115870716,275781.79101217346,4,0.07050713915703158
2011-01-28,0.905271,16.716282,0.04315354642572563,True,False,1.0,1.0,231843.16938635407,42330.583374240436,274173.7527605945,3,0.15439327414832096
2011-01-31,0.915585,16.781164,0.04306482824120496,True,False,1.0,1.0,236120.17482798704,38531.580555252,274651.755383239,4,0.14029249695304677
2011-02-01,0.981861,17.198643,0.045082256361262785,True,False,1.0,1.0,268419.0931553345,8989.497503423414,277408.59065875795,4,0.03240525998879916
2011-02-02,0.998543,17.288914,0.045049500563705526,True,False,1.0,1.0,272045.2059407815,5512.48820077474,277557.6941415563,3,0.019860693171645006
2011-02-03,0.999605,17.303017,0.04511906929812056,True,False,1.0,1.0,272596.489206216,4966.515904815207,277563.00511103123,4,0.01789329202149434
2011-02-04,1.058753,17.666904,0.0452987480356503,True,False,1.0,1.0,277851.6202831485,0.0,277851.6202831485,4,0.0
2011-02-07,1.047834,17.596378,0.045567839649183275,True,False,1.0,1.0,255228.34698129032,22600.67262922893,277829.01961051923,3,0.08134741525889623
2011-02-08,1.045407,17.596378,0.04542304892455806,True,False,1.0,1.0,243811.0965740295,33954.169365390466,277765.26593942,4,0.12224051574827142
2011-02-09,1.025539,17.472263,0.04587780226119633,True,False,1.0,1.0,198999.24053417565,78075.95802946584,277075.1985636415,4,0.2817861664783127
2011-02-10,1.034336,17.494827,0.04456387690207773,True,False,1.0,1.0,206865.9347652328,70871.11919871309,277737.0539639459,4,0.2551734390036165
2011-02-11,1.057996,17.635876,0.044689838040661276,True,False,1.0,1.0,214107.9121562483,65243.039558698045,279350.9517149463,4,0.23355223656181767
2011-02-14,1.08211,17.779734,0.041623458162105095,True,False,1.0,1.0,258076.49412747237,22717.473919216456,280793.9680466888,4,0.08090442283090328
2011-02-15,1.05117,17.599203,0.042147115967496235,True,False,1.0,1.0,213327.87936852584,66771.84022650062,280099.71959502646,4,0.2383859588400896
2011-02-16,1.084385,17.782553,0.038573242085960024,True,False,1.0,1.0,220209.1617093508,61993.53460202676,282202.6963113776,4,0.21967732914083912
2011-02-17,1.132158,18.050541,0.03774067864471161,True,False,1.0,1.0,284869.1207384903,0.0,284869.1207384903,4,0.0
2011-02-18,1.119114,18.00823,0.03752041318476394,True,False,1.0,1.0,239381.83201969552,45441.84687192291,284823.67889161845,4,0.15954378178372774
2011-02-22,0.985804,17.303017,0.0465088855184709,True,False,1.0,1.0,198846.78302395222,80523.32221092073,279370.10523487296,4,0.288231706621662
2011-02-23,0.932874,16.970152,0.048038209393687276,True,False,1.0,1.0,156616.70652837236,118387.73531503094,275004.44184340327,4,0.430493902285567
2011-02-24,0.978979,17.235312,0.04885411149396921,True,False,1.0,1.0,213256.8065911776,67541.96071206895,280798.76730324654,4,0.2405351040559502
2011-02-25,1.052991,17.681013,0.05008362889561789,True,False,1.0,1.0,257012.05305233033,28849.169370434196,285861.2224227645,4,0.10092019171375655
2011-02-28,1.021141,17.511755,0.04643457706737865,True,False,1.0,1.0,216789.68586922178,68158.74857756603,284948.4344467878,4,0.23919678207705408
2011-03-01,0.960173,17.170437,0.04879661122181039,True,False,1.0,1.0,174763.95874927525,106073.0220344314,280836.98078370665,4,0.37770318473878656
2011-03-02,1.001122,17.387642,0.047125415376801004,True,False,1.0,1.0,185812.5764389196,99537.09630310228,285349.6727420219,4,0.34882498846631405
2011-03-03,1.059208,17.723314,0.048632545174777504,True,False,1.0,1.0,237974.25586070822,53098.43495359519,291072.6908143034,4,0.1824232799203776
2011-03-04,1.025842,17.576641,0.0492582318162803,True,False,1.0,1.0,196619.566200281,92739.16301315755,289358.7292134386,4,0.3204989297031047
2011-03-07,0.940912,17.094275,0.051094370597920886,True,False,1.0,1.0,157947.04178503828,123695.12934028229,281642.1711253206,4,0.43919250034911295
2011-03-08,0.945917,17.111198,0.05114241268301672,True,False,1.0,1.0,170369.91664841672,111917.79156196819,282287.70821038494,4,0.39646710893468123
2011-03-09,0.861592,16.580883,0.054802160619194386,True,False,1.0,1.0,133362.04661989215,138911.63374718858,272273.6803670807,4,0.5101911927730481
2011-03-10,0.796378,16.160578,0.05692140848796895,True,False,1.0,1.0,98284.24558213883,163440.1541006033,261724.39968274214,4,0.6244742725505252
2011-03-11,0.817611,16.343931,0.05740618871368289,True,False,1.0,1.0,115047.24473160227,151018.01035552655,266065.25508712884,4,0.5675976380533881
2011-03-14,0.814274,16.307259,0.05687267950900462,True,False,1.0,1.0,115047.24473160227,150401.64499283404,265448.88972443633,4,0.5665936111051987
2011-03-15,0.784699,16.092867,0.0564662981793555,True,False,1.0,1.0,79787.94681833012,180163.02611376776,259950.97293209788,4,0.6930654041476828
2011-03-16,0.734045,15.754377,0.057541013344732515,True,False,1.0,1.0,45317.6977981993,202968.93036863895,248286.62816683826,4,0.8174782986389919
2011-03-17,0.760889,15.943367,0.05776638533686406,True,False,1.0,1.0,66335.80835447366,189352.347353823,255688.15570829663,4,0.7405597135670483
2011-03-18,0.768472,16.011068,0.05638711758036296,True,False,1.0,1.0,85440.62720434682,172115.48513399242,257556.11233833924,4,0.6682640282591797
2011-03-21,0.808208,16.298794,0.05850250675453857,True,False,1.0,1.0,134204.46629572872,132202.54726109863,266407.0135568273,4,0.49624274337243934
2011-03-22,0.789249,16.143654,0.05247995206572373,True,False,1.0,1.0,99455.9850312116,163815.09812388202,263271.0831550936,4,0.6222297419097037
2011-03-23,0.810634,16.298794,0.05205465228396419,True,False,1.0,1.0,116264.5326713483,151428.3571183486,267692.8897896969,4,0.5656794143367525
2011-03-24,0.870389,16.696541,0.05356291701405033,True,False,1.0,1.0,214034.2877476026,64723.110386363056,278757.3981339657,4,0.2321843682701412
2011-03-25,0.863109,16.662359,0.050254044335021245,True,False,1.0,1.0,214034.2877476026,64181.76135321498,278216.0491008176,4,0.23069036297743317
2011-03-28,0.867204,16.665165,0.050107779370072686,True,False,1.0,1.0,234448.1216530424,44052.00201074734,278500.12366378977,3,0.1581758795336396
2011-03-29,0.891015,16.831858,0.049045835503332434,True,False,1.0,1.0,238969.75019454295,40735.39226577073,279705.1424603137,4,0.14563690859402245
2011-03-30,0.893896,16.851635,0.047907992482032556,True,False,1.0,1.0,243052.3740561613,36780.39514971471,279832.769205876,4,0.13143705526015426
2011-03-31,0.871147,16.69343,0.04578166860969322,True,False,1.0,1.0,200363.49942292302,78490.58937466495,278854.08879758796,4,0.2814754831572112
2011-04-01,0.840663,16.509794,0.045881016415935394,True,False,1.0,1.0,156020.49111388787,120042.6820122133,276063.17312610114,4,0.43483772447033264
2011-04-04,0.818975,16.362888,0.04244471329496572,True,False,1.0,1.0,111348.48573552357,161573.11666252985,272921.6023980534,4,0.5920129269462411
2011-04-05,0.872361,16.730154,0.04520411508289862,True,False,1.0,1.0,176030.7611036329,107358.45778269376,283389.21888632665,4,0.3788374808491126
2011-04-06,0.91513,16.987238,0.041385930167921074,True,False,1.0,1.0,273938.31096077594,14616.335605814664,288554.6465665906,4,0.050653613725265764
2011-04-07,0.901783,16.930735,0.03697312222862675,True,False,1.0,1.0,227922.82416445404,60372.676362034734,288295.50052648876,4,0.20941248216424266
2011-04-08,0.879641,16.78948,0.03727849007264133,True,False,1.0,1.0,182419.21337379407,104348.46373035412,286767.6771041482,4,0.3638780520318435
2011-04-11,0.855981,16.648232,0.037887190794352356,True,False,1.0,1.0,137021.61129419628,146894.01781508504,283915.62910928135,4,0.5173861624875339
2011-04-12,0.803506,16.295094,0.03973833565726361,True,False,1.0,1.0,93225.97570907928,181640.7208117343,274866.69652081357,4,0.6608320437175262
2011-04-13,0.810331,16.334642,0.0363907848835816,True,False,1.0,1.0,111526.01551328205,164865.22346128605,276391.2389745681,4,0.5964922190477101
2011-04-14,0.811999,16.360069,0.03565414612057504,True,False,1.0,1.0,128029.95355696487,148684.12651966512,276714.08007663,4,0.5373204228656896
2011-04-15,0.828076,16.444822,0.035814954487662705,True,False,1.0,1.0,143177.58735887182,136465.16938654898,279642.7567454208,4,0.4879982266473763
2011-04-18,0.78379,16.151014,0.03633381527098868,True,False,1.0,1.0,99040.70741977605,173259.7176190546,272300.42503883067,4,0.6362814806269486
2011-04-19,0.793193,16.218811,0.036060866037908874,True,False,1.0,1.0,116557.00219289301,157804.45741546806,274361.45960836107,4,0.575169915048298
2011-04-20,0.894806,16.9053,0.044742439162774,True,False,1.0,1.0,242609.7128755548,51841.30894452712,294451.0218200819,4,0.17606088993708316
2011-04-21,0.89238,16.922255,0.04195328514780384,True,False,1.0,1.0,242609.7128755548,51700.756673420954,294310.46954897576,4,0.17566740575913325
2011-04-25,0.894958,16.933554,0.0418925548149603,True,False,1.0,1.0,247789.539382776,46665.10366865946,294454.6430514355,4,0.1584797685139846
2011-04-26,0.93803,17.210419,0.043096767047216614,True,False,1.0,1.0,273931.9727690749,22742.37170468226,296674.34447375714,4,0.0766576959831927
2011-04-27,0.937879,17.199112,0.04275536881899927,True,False,1.0,1.0,280092.2702552589,16572.24678621301,296664.5170414719,3,0.0558619107923052
2011-04-28,0.919224,17.11154,0.04305320185421352,True,False,1.0,1.0,233535.11110955224,62753.26292807939,296288.3740376316,4,0.21179792535534686
2011-04-29,0.932722,17.170868,0.04265637262730807,True,False,1.0,1.0,239896.21760327948,57307.265709254396,297203.4833125339,4,0.19282164889363393
2011-05-02,0.903603,17.015488,0.04247695282100301,True,False,1.0,1.0,220617.33518497102,74746.7247102427,295364.0598952137,3,0.2530664182255641
2011-05-03,0.870237,16.806435,0.042975098808307945,True,False,1.0,1.0,174146.25565225576,118411.3187907145,292557.5744429703,4,0.40474535317080645
2011-05-04,0.871754,16.800776,0.040581131516025,True,False,1.0,1.0,185996.1672579769,106755.96041190212,292752.127669879,4,0.36466331179763495
2011-05-05,0.877062,16.845984,0.039031363440509496,True,False,1.0,1.0,227043.32106843978,66317.74191863209,293361.06298707187,3,0.22606184080248798
2011-05-06,0.896323,16.978762,0.03926291457802742,True,False,1.0,1.0,233813.95704085042,60996.72047216806,294810.6775130185,4,0.2069013272746016
2011-05-09,0.888588,16.908138,0.038895118113678254,True,False,1.0,1.0,221683.63435509632,72588.54145903964,294272.17581413593,4,0.2466714403365373
2011-05-10,0.900115,16.990063,0.03841958352959052,True,False,1.0,1.0,229029.29927071615,66177.16140198059,295206.4606726967,4,0.22417246984087172
2011-05-11,0.879489,16.865757,0.03576126401162284,True,False,1.0,1.0,181164.25076109462,112477.95296864555,293642.20372974017,4,0.3830442339009518
2011-05-12,0.915585,17.086119,0.03664001071225932,True,False,1.0,1.0,264755.57039469737,33419.280079920354,298174.85047461774,4,0.11207947292243275
2011-05-13,0.880096,16.877056,0.038035499459172055,True,False,1.0,1.0,217686.4107646094,79146.05249908587,296832.46326369524,4,0.26663543343227714
2011-05-16,0.842787,16.639759,0.039261606401470334,True,False,1.0,1.0,170776.97373498938,122653.47016148223,293430.44389647164,4,0.41799844805727426
2011-05-17,0.812303,16.433523,0.03809675504685262,True,False,1.0,1.0,123548.7996855314,165398.02983150905,288946.82951704046,4,0.5724168356786029
2011-05-18,0.858104,16.732977,0.03986614763787571,True,False,1.0,1.0,190795.1238955361,107410.21641655035,298205.34031208645,4,0.3601887756407726
2011-05-19,0.83672,16.591724,0.029368685730069163,True,False,1.0,1.0,143011.93991009306,152468.99631206624,295480.9362221593,4,0.5160028198821984
2011-05-20,0.828985,16.557825,0.029397893650251056,True,False,1.0,1.0,94587.54703143076,199435.5241136389,294023.07114506967,4,0.6782988944947055
2011-05-23,0.778027,16.218811,0.0322230689576576,True,False,1.0,1.0,48714.55736129521,233003.31469320686,281717.8720545021,4,0.8270803445800885
2011-05-24,0.760434,16.077555,0.029752762374676334,True,False,1.0,1.0,7500.259122071653,268907.6929445499,276407.95206662157,4,0.9728652556267126
2011-05-25,0.780454,16.221634,0.030787226656172336,True,False,1.0,1.0,35071.384887720786,248388.52041125347,283459.90529897425,4,0.8762739130575457
2011-05-26,0.802444,16.374193,0.03174134669340682,True,False,1.0,1.0,142144.69620586568,148206.60066812573,290351.2968739914,4,0.510438914045717
2011-05-27,0.830957,16.56912,0.0327711588636016,True,False,1.0,1.0,157476.62702709585,138125.50289396563,295602.12992106145,4,0.46726829380712215
2011-05-31,0.868266,16.820557,0.033962679028481574,True,False,1.0,1.0,241015.26713945332,60704.91447765848,301720.1816171118,4,0.2011960689944635
2011-06-01,0.789553,16.331814,0.03916049412246028,True,False,1.0,1.0,196517.52047885454,99654.97964836968,296172.50012722425,4,0.336476140106059
2011-06-02,0.789856,16.312037,0.03914961188583895,True,False,1.0,1.0,206476.8734952496,89723.90104860398,296200.7745438536,4,0.30291582183327487
2011-06-03,0.747846,16.026707,0.040579915362142616,True,False,1.0,1.0,160083.13949603497,131299.15060957655,291382.29010561155,4,0.4506078614523455
2011-06-06,0.729646,15.910884,0.040116022662930746,True,False,1.0,1.0,112262.66341140006,175876.48416723774,288139.1475786378,4,0.6103873272521507
2011-06-07,0.740415,15.975862,0.04050258170094768,True,False,1.0,1.0,130092.04443146469,160625.05423481637,290717.0986662811,4,0.5525132679560775
2011-06-08,0.695977,15.6651,0.04179502406868798,True,False,1.0,1.0,84017.6532855713,197013.0718600263,281030.7251455976,4,0.7010374817840894
2011-06-09,0.698252,15.676403,0.04186955845574782,True,False,1.0,1.0,103763.59412570749,177891.3589201459,281654.9530458534,4,0.6315932206993186
2011-06-10,0.664432,15.424963,0.040831827754254424,False,False,1.0,1.0,57103.588506749154,215888.54129902984,272992.12980577897,4,0.7908233158685724
2011-06-13,0.645019,15.289359,0.04059161235803526,False,False,1.0,1.0,209176.31900188717,57344.482468814116,266520.8014707013,1,0.21515950031809436
2011-06-14,0.681115,15.557741,0.04289199468695125,False,False,1.0,1.0,221229.17026159464,48488.62903246916,269717.7992940638,1,0.1797754140044859
2011-06-15,0.641076,15.272408,0.04397005893513075,False,False,1.0,1.0,215703.35013002847,51158.5493866836,266861.89951671206,1,0.1917042091034049
2011-06-16,0.619388,15.097255,0.04129359378726572,False,False,1.0,1.0,210029.3183795532,55096.18721377828,265125.5055933315,1,0.20781171954949051
2011-06-17,0.592392,14.874074,0.04173749934451296,False,False,1.0,1.0,204416.68153538866,58301.85201940507,262718.53355479374,1,0.22191754510248657
2011-06-20,0.594212,14.893848,0.04195268250896741,False,False,1.0,1.0,210258.93065962777,52632.87499314517,262891.80565277295,1,0.20020736234990366
2011-06-21,0.638953,15.244159,0.04489169299273638,False,False,1.0,1.0,221350.3726492426,45493.30572719727,266843.6783764399,1,0.17048672842464443
2011-06-22,0.629549,15.18484,0.04480479802298477,False,False,1.0,1.0,215563.1772080835,50605.15713069565,266168.33433877915,1,0.19012463393292076
2011-06-23,0.65791,15.404777,0.04573000507926537,False,False,1.0,1.0,231696.65255785375,36735.279818775416,268431.93237662915,1,0.13685137790251123
2011-06-24,0.610895,15.050935,0.04712694992855859,False,False,1.0,1.0,226328.61513776658,39472.80951284924,265801.42465061584,1,0.14850488316507143
2011-06-27,0.621359,15.127372,0.04631824428793815,False,False,1.0,1.0,230339.49403850213,36134.044150770664,266473.5381892728,1,0.13560087202769494
2011-06-28,0.645019,15.331183,0.04590453678823979,False,False,1.0,1.0,239177.6477206441,28662.94932045183,267840.59704109596,1,0.1070149545554289
2011-06-29,0.647749,15.351,0.041978488755936655,False,False,1.0,1.0,242053.19562894045,25905.83701167875,267959.0326406192,1,0.09667834950883365
2011-06-30,0.694612,15.710499,0.04559228691000531,False,False,1.0,1.0,253015.61811422522,16806.66284274749,269822.2809569727,1,0.06228789847576587
2011-07-01,0.73996,16.047348,0.04663805844025444,True,False,1.0,1.0,258831.62981185215,12082.058479229618,270913.68829108175,1,0.04459744561244951
2011-07-05,0.719788,15.919964,0.04672447495145622,True,False,1.0,1.0,270572.5674138024,0.0,270572.5674138024,0,0.0
2011-07-06,0.703106,15.792597,0.04684304236551314,False,False,1.0,1.0,270572.5674138024,0.0,270572.5674138024,0,0.0
2011-07-07,0.744661,16.092644,0.04648856931734585,True,False,1.0,1.0,270572.5674138024,0.0,270572.5674138024,0,0.0
2011-07-08,0.711296,15.871848,0.04777397034335284,True,False,1.0,1.0,270572.5674138024,0.0,270572.5674138024,0,0.0
2011-07-11,0.674745,15.59727,0.047951756180147256,False,False,1.0,1.0,270572.5674138024,0.0,270572.5674138024,0,0.0
2011-07-12,0.617113,15.150016,0.05165381584514883,False,False,1.0,1.0,265729.29848744755,4838.430495858938,270567.7289833065,1,0.017882511392027317
2011-07-13,0.610592,15.101894,0.04991707392383432,False,False,1.0,1.0,265729.29848744755,4787.3030601000155,270516.60154754756,1,0.017696891919805415
2011-07-14,0.583141,14.878275,0.049170495246774346,False,False,1.0,1.0,260810.07830353308,9486.381329024614,270296.4596325577,1,0.03509621007215724
2011-07-15,0.592392,14.937712,0.048855085997299014,False,False,1.0,1.0,261772.80202761616,8673.186703451129,270445.9887310673,1,0.032069940264766825
2011-07-18,0.566913,14.756544,0.0488278714648534,False,False,1.0,1.0,256737.89526116548,13330.02661071464,270067.9218718801,1,0.04935805229411284
2011-07-19,0.623028,15.217952,0.053401558485644825,False,False,1.0,1.0,268444.27756997384,2931.3781160946255,271375.65568606847,1,0.0108019199757759
2011-07-20,0.61499,15.158508,0.05084574050069537,False,False,1.0,1.0,268444.27756997384,2893.558921295726,271337.8364912696,1,0.0106640450838445
2011-07-21,0.631824,15.27173,0.05114598324607846,False,False,1.0,1.0,268741.25666750665,2675.4873651602074,271416.74403266684,1,0.009857488250018188
2011-07-22,0.674593,15.64256,0.05232490467813715,False,False,1.0,1.0,271594.9947070199,0.0,271594.9947070199,1,0.0
2011-07-25,0.648811,15.458564,0.05020557249688054,False,False,1.0,1.0,266866.14965237596,4724.120933710188,271590.27058608615,1,0.017394293703952037
2011-07-26,0.665038,15.563296,0.05034810555974808,False,False,1.0,1.0,267349.89271739416,4358.045630794609,271707.93834818876,1,0.01603944903961493
2011-07-27,0.59224,15.008482,0.05622969152017118,False,False,1.0,1.0,262801.72257842525,8424.621199048494,271226.3437774737,1,0.031061220240318658
2011-07-28,0.587843,14.977344,0.05619748706387222,False,False,1.0,1.0,262801.72257842525,8362.0738206002,271163.7963990255,1,0.03083772218727593
2011-07-29,0.573738,14.852789,0.05348840644616813,False,False,1.0,1.0,258329.14936100526,12629.535136452772,270958.68449745805,1,0.04661055673442072
2011-08-01,0.572373,14.835805,0.050729037315152346,False,False,1.0,1.0,258329.14936100526,12599.487770823762,270928.63713182905,1,0.046504820989791036
2011-08-02,0.521566,14.405539,0.053744682719482635,False,False,1.0,1.0,253709.420774092,16096.200873924246,269805.62164801627,1,0.05965850813487893
2011-08-03,0.538097,14.575377,0.05473198451620106,False,False,1.0,1.0,255368.39702719406,14945.73200992859,270314.12903712265,1,0.05529023607891421
2011-08-04,0.44983,13.734653,0.06349212530275708,False,False,1.0,1.0,251436.0915391106,16422.478787856333,267858.57032696693,1,0.06131026073875443
2011-08-05,0.417071,13.457242,0.064344762889346,False,False,1.0,1.0,247668.44872738156,18990.385947735285,266658.8346751169,1,0.07121603891681359
2011-08-08,0.351856,12.738242,0.07176163804962218,False,False,1.0,1.0,244285.20316582278,19400.833919561865,263686.03708538465,1,0.0735755071979016
2011-08-09,0.399175,13.307214,0.07864046838217557,False,False,1.0,1.0,250314.5648548463,15974.538455251353,266289.10331009765,1,0.059989456033613074
2011-08-10,0.375212,13.052449,0.07909228554876112,False,False,1.0,1.0,247218.50108998784,18108.536705937066,265327.03779592493,1,0.06824987327475145
2011-08-11,0.431024,13.697857,0.08683241417928302,False,False,1.0,1.0,252846.12592613045,15168.885560922949,268015.0114870534,1,0.05659714908041891
2011-08-12,0.426777,13.641244,0.08654170842235413,False,False,1.0,1.0,252846.12592613045,15019.422289789,267865.54821591947,1,0.05607075038138997
2011-08-15,0.451953,13.904497,0.08779776086276105,False,False,1.0,1.0,254435.07867877994,14314.889663508826,268749.96834228875,1,0.0532647119990612
2011-08-16,0.426474,13.655393,0.08469865810616213,False,False,1.0,1.0,251644.61761790788,16295.556407080127,267940.174024988,1,0.0608178914057151
2011-08-17,0.417223,13.564811,0.08468911019588662,False,False,1.0,1.0,248648.02032070383,18935.679718851345,267583.7000395552,1,0.07076544541409736
2011-08-18,0.345032,12.780703,0.09201377604466408,False,False,1.0,1.0,246115.02032660367,18189.758309601133,264304.7786362048,1,0.06882114808312996
2011-08-19,0.32486,12.545752,0.08938553735454856,False,False,1.0,1.0,246115.02032660367,17126.309688542002,263241.33001514565,1,0.06505934948572337
2011-08-22,0.33396,12.62218,0.09052330271228487,False,False,1.0,1.0,247873.86502315046,15845.447716637746,263719.3127397882,1,0.06008451770944984
2011-08-23,0.385071,13.270415,0.09800336311138866,False,False,1.0,1.0,252238.25262924522,13901.762255621044,266140.01488486625,1,0.05223476921211953
2011-08-24,0.384464,13.281739,0.09587420745603958,False,False,1.0,1.0,252238.25262924522,13879.848453519193,266118.1010827644,1,0.05215672439058354
2011-08-25,0.353979,12.933561,0.09675929405524633,False,False,1.0,1.0,252238.25262924522,12779.284603313368,265017.5372325586,1,0.04822052433495853
2011-08-26,0.382037,13.293063,0.09939525308768295,False,False,1.0,1.0,253616.0963410033,12413.0064122347,266029.102753238,1,0.04666033258680234
2011-08-29,0.424654,13.757301,0.10328821945885483,False,False,1.0,1.0,254994.4868089831,12417.932143962504,267412.4189529456,1,0.046437380105923895
2011-08-30,0.424654,13.754474,0.10167100035771288,False,False,1.0,1.0,254994.4868089831,12417.932143962504,267412.4189529456,1,0.046437380105923895
2011-08-31,0.415555,13.683702,0.10122200558400836,False,False,1.0,1.0,254994.4868089831,12151.854903249088,267146.3417122322,1,0.04548763357702635
2011-09-01,0.394776,13.460073,0.09394531311820126,False,False,1.0,1.0,254994.4868089831,11544.225604998284,266538.7124139814,1,0.043311628170050125
2011-09-02,0.367629,13.140203,0.09378114920701612,False,False,1.0,1.0,254994.4868089831,10750.380253459973,265744.8670624431,1,0.040453764440665244
2011-09-06,0.360349,13.052449,0.08564281964756809,False,False,1.0,1.0,254994.4868089831,10537.495066912696,265531.9818758958,1,0.03968446660349074
2011-09-07,0.406758,13.607273,0.0852628254231894,False,False,1.0,1.0,256182.75823696234,10705.147999812812,266887.90623677516,1,0.040111026950451316
2011-09-08,0.400691,13.547829,0.0840802474679407,False,False,1.0,1.0,256182.75823696234,10545.475337161151,266728.2335741235,1,0.03953640451126287
2011-09-09,0.387648,13.403462,0.0780818214110473,False,False,1.0,1.0,253198.65135145836,13183.332506339104,266381.98385779746,1,0.04949033082273595
2011-09-12,0.422985,13.791271,0.08075621382220911,False,False,1.0,1.0,257885.34665966398,9693.704677153106,267579.0513368171,1,0.03622744242766256
2011-09-13,0.448617,14.063017,0.08081398507114032,False,False,1.0,1.0,258912.43082350885,9253.010485088964,268165.4413085978,1,0.03450485804560044
2011-09-14,0.482286,14.425355,0.0811767269889394,False,False,1.0,1.0,264283.0329665855,4571.476867827626,268854.5098344131,1,0.01700353425591852
2011-09-15,0.504125,14.657469,0.08132142994686761,False,False,1.0,1.0,265902.3087017885,3157.5870396663136,269059.8957414548,1,0.011735628719266672
2011-09-16,0.505793,14.677291,0.06650777127772498,False,False,1.0,1.0,266218.7953541331,2851.231102203916,269070.026456337,1,0.010596613601874366
2011-09-19,0.488807,14.521595,0.06511059795450497,False,False,1.0,1.0,262466.92038077884,6503.605315713538,268970.5256964924,1,0.02417962079254824
2011-09-20,0.472731,14.33477,0.06617842440435756,False,False,1.0,1.0,258633.40916396375,10119.394744179392,268752.80390814313,1,0.03765316899777572
2011-09-21,0.443157,14.046037,0.06162577455112158,False,False,1.0,1.0,254976.02347777158,13140.058462646102,268116.0819404177,1,0.049008841124144734
2011-09-22,0.39872,13.573305,0.06658599668963554,False,False,1.0,1.0,251210.6372193466,15584.080581065524,266794.7178004121,1,0.05841225309686942
2011-09-23,0.420559,13.819574,0.06441643555290721,False,False,1.0,1.0,252852.75984167485,14793.897498452803,267646.6573401276,1,0.055273985655096725
2011-09-26,0.4198,13.809926,0.062435495781316894,False,False,1.0,1.0,252852.75984167485,14767.198347557623,267619.95818923245,1,0.05517973490271539
2011-09-27,0.442702,14.062513,0.058964860187968426,False,False,1.0,1.0,258163.63095747083,10256.628901904396,268420.25985937525,1,0.03821108327395935
2011-09-28,0.404483,13.670863,0.06248377272948722,False,False,1.0,1.0,254170.5284836384,13360.275063217807,267530.8035468562,1,0.04993920283604966
2011-09-29,0.387951,13.494905,0.06296812139319553,False,False,1.0,1.0,250211.41917637395,16769.36901764313,266980.7881940171,1,0.06281114506807395
2011-09-30,0.348975,13.032305,0.06624895164288823,False,False,1.0,1.0,246525.66155950632,18766.68816748789,265292.34972699423,1,0.07073965075434788
2011-10-03,0.310149,12.549836,0.0694112134803819,False,False,1.0,1.0,243062.01784380645,20138.941519009757,263200.9593628162,1,0.07651545635610207
2011-10-04,0.349278,13.04933,0.07492246034583716,False,False,1.0,1.0,249220.55109856726,16515.01152846066,265735.5626270279,1,0.06214829270570849
2011-10-05,0.382189,13.463684,0.07252621907975641,False,False,1.0,1.0,254567.9229431674,12718.427181158087,267286.3501243255,1,0.04758352671298868
2011-10-06,0.395383,13.62829,0.07292831852482053,False,False,1.0,1.0,255882.35670349895,11841.745588572789,267724.10229207174,1,0.04423115247074064
2011-10-07,0.401601,13.690725,0.07260091952618382,False,False,1.0,1.0,257083.95141375365,10825.17756986208,267909.1289836157,1,0.040406154172238404
2011-10-10,0.433602,14.076705,0.07198176255980034,False,False,1.0,1.0,261005.43096064735,7762.361375049382,268767.79233569675,1,0.028881293058187665
2011-10-11,0.43072,14.062513,0.07070217049635352,False,False,1.0,1.0,261005.43096064735,7710.767688943478,268716.19864959083,1,0.028694837630530833
2011-10-12,0.442095,14.167524,0.06887204874249755,False,False,1.0,1.0,264156.8007925206,4759.879064655285,268916.67985717586,1,0.017700200177926118
2011-10-13,0.469849,14.454166,0.0695853598163402,False,False,1.0,1.0,264662.16457049374,4552.826828587293,269214.991399081,1,0.016911490719468285
2011-10-14,0.486533,14.618772,0.07010499552829481,False,False,1.0,1.0,266442.74659036135,2932.130049902611,269374.87664026394,1,0.01088494252497911
2011-10-17,0.446494,14.238474,0.07227623930024382,False,False,1.0,1.0,263059.5449622787,6070.653619331639,269130.19858161034,1,0.022556567978345207
2011-10-18,0.475309,14.525115,0.07343256256468578,False,False,1.0,1.0,263705.14173734165,5816.187162729648,269521.32890007127,1,0.02157969162019856
2011-10-19,0.444219,14.232795,0.0735771634035761,False,False,1.0,1.0,260413.19478533324,8724.40818534436,269137.6029706776,1,0.03241616217520849
2011-10-20,0.422834,13.985885,0.07032087216568923,False,False,1.0,1.0,257066.3968824183,11647.863784046198,268714.2606664645,1,0.0433466528912801
2011-10-21,0.448617,14.283881,0.07055388541792543,False,False,1.0,1.0,258300.97221872056,11122.300327047276,269423.27254576783,1,0.04128188415927542
2011-10-24,0.495177,14.760672,0.07368913224275118,False,False,1.0,1.0,269376.9627132497,1189.5577516744995,270566.5204649242,1,0.004396544515671929
2011-10-25,0.468484,14.516599,0.07420598828770582,False,False,1.0,1.0,266056.0702219882,4443.008395152718,270499.0786171409,1,0.016425225615800582
2011-10-26,0.475006,14.564843,0.07090843520108675,False,False,1.0,1.0,266506.10590946145,4054.37556282204,270560.4814722835,1,0.014985098861296101
2011-10-27,0.535519,15.180702,0.0740784146055218,False,False,1.0,1.0,271072.4144442586,0.0,271072.4144442586,1,0.0
2011-10-28,0.539766,15.240299,0.06836500876294208,False,False,1.0,1.0,271072.4144442586,0.0,271072.4144442586,1,0.0
2011-10-31,0.498665,14.871357,0.06464396930131833,False,False,1.0,1.0,267634.99276869366,3433.987687877083,271068.98045657075,1,0.012668316684901017
2011-11-01,0.450891,14.397404,0.06626838199356937,False,False,1.0,1.0,264018.34107586695,6718.037285667809,270736.37836153473,1,0.024813943830986413
2011-11-02,0.457716,14.451324,0.06373879774838774,False,False,1.0,1.0,264699.6317206331,6137.753556451679,270837.3852770848,1,0.02266213562124131
2011-11-03,0.498817,14.882707,0.06583807297133672,False,False,1.0,1.0,268961.6227196711,2422.6411343421564,271384.2638540133,1,0.008926977194393912
2011-11-04,0.516257,15.05299,0.066031210906606,False,False,1.0,1.0,269212.1063115792,2256.608936108574,271468.71524768777,1,0.008312592977977764
2011-11-07,0.513983,15.044477,0.0643556867317156,False,False,1.0,1.0,269212.1063115792,2246.6690636793173,271458.77537525847,1,0.00827628084807195
2011-11-08,0.522172,15.112588,0.06427299121171563,False,False,1.0,1.0,269440.1244621097,2054.217572346947,271494.34203445667,1,0.007566336583494016
2011-11-09,0.451347,14.44565,0.07286906988896676,False,False,1.0,1.0,265963.3331314486,5248.910994704303,271212.2441261529,1,0.019353517801588636
2011-11-10,0.463328,14.54214,0.07177413721471738,False,False,1.0,1.0,266501.6186337165,4849.418939350257,271351.0375730667,1,0.01787138528277952
2011-11-11,0.510647,15.05299,0.0746960475606293,False,False,1.0,1.0,270568.7081091953,1273.5222518659614,271842.2303610612,1,0.004684784443441578
2011-11-14,0.493053,14.888382,0.07236229195184855,False,False,1.0,1.0,267217.8020060414,4577.202441174344,271795.00444721576,1,0.016840642271860683
2011-11-15,0.513073,15.075702,0.07158448140509625,False,False,1.0,1.0,267693.63128790614,4286.750287069707,271980.38157497585,1,0.01576124815417245
2011-11-16,0.504732,15.024602,0.06978601053552555,False,False,1.0,1.0,267693.63128790614,4217.060819597342,271910.6921075035,1,0.01550899226106957
2011-11-17,0.447404,14.442813,0.0744415920345542,False,False,1.0,1.0,264404.90249536885,7023.525893847718,271428.42838921654,1,0.025876161666368594
2011-11-18,0.434057,14.306586,0.07355926956071493,False,False,1.0,1.0,261026.91254855314,10188.614712146584,271215.5272606997,1,0.037566487490788135
2011-11-21,0.409185,14.039806,0.07062682672496833,False,False,1.0,1.0,257705.96940318082,12922.420076764822,270628.38947994565,1,0.047749683991384836
2011-11-22,0.394473,13.861011,0.0701073783298819,False,False,1.0,1.0,254171.59776074637,15988.643054749735,270160.24081549613,1,0.05918207285604641
2011-11-23,0.357316,13.423956,0.07269523166184468,False,False,1.0,1.0,250826.60142610312,17824.263075850846,268650.86450195394,1,0.06634731330157773
2011-11-25,0.342453,13.259344,0.06565145146605784,False,False,1.0,1.0,247410.5362864843,20495.493342605132,267906.02962908946,1,0.07650254595232789
2011-11-28,0.377487,13.662346,0.07068014550167948,False,False,1.0,1.0,253425.51722919155,16571.243693202003,269996.7609223935,1,0.06137571294036803
2011-11-29,0.368994,13.577209,0.06921444741184173,False,False,1.0,1.0,249843.95235586824,19776.397680263904,269620.35003613215,1,0.07334905424465789
2011-11-30,0.432085,14.340638,0.07617082261173069,False,False,1.0,1.0,263295.5937201351,9692.681438217134,272988.2751583522,1,0.03550585252276752
2011-12-01,0.439517,14.437132,0.07619624182240338,False,False,1.0,1.0,264280.5476457315,8873.458789156744,273154.00643488823,1,0.03248518630559392
2011-12-02,0.436635,14.439975,0.0733256551126047,False,False,1.0,1.0,264280.5476457315,8815.27376279747,273095.82140852895,1,0.032279050325015934
2011-12-05,0.450134,14.559173,0.07321544836721536,False,False,1.0,1.0,267519.2359690474,5845.876358230022,273365.1123272774,1,0.02138486622693549
2011-12-06,0.447404,14.52228,0.07321347400572775,False,False,1.0,1.0,267519.2359690474,5810.42193253019,273329.6579015776,1,0.02125792706557459
2011-12-07,0.463176,14.715266,0.07364140242746688,False,False,1.0,1.0,268120.1596847568,5413.72716855335,273533.88685331016,1,0.019791797026803504
2011-12-08,0.423744,14.281035,0.06891202933507988,False,False,1.0,1.0,264900.25691400585,8169.521303484793,273069.77821749065,1,0.02991733965147198
2011-12-09,0.439062,14.471189,0.0691518481091466,False,False,1.0,1.0,265745.89471328753,7618.358552087052,273364.2532653746,1,0.027868890906856635
2011-12-12,0.403876,14.085216,0.06718887791465443,False,False,1.0,1.0,262302.7590640476,10447.526689225306,272750.2857532729,1,0.038304365696159276
2011-12-13,0.374909,13.750333,0.06847259849835859,False,False,1.0,1.0,258728.2264099957,13269.165555750218,271997.3919657459,1,0.04878416465633346
2011-12-14,0.356861,13.534637,0.06770381981236244,False,False,1.0,1.0,255130.43927542318,16224.585088500058,271355.02436392324,1,0.059790988305935065
2011-12-15,0.355951,13.500581,0.06779342665834018,False,False,1.0,1.0,255130.43927542318,16183.212194206386,271313.65146962955,1,0.05964761487874454
2011-12-16,0.364292,13.631127,0.06378832815694456,False,False,1.0,1.0,256785.02637362355,14906.190073877164,271691.2164475007,1,0.05486445336283998
2011-12-19,0.333657,13.236644,0.06599865362202167,False,False,1.0,1.0,253073.4317344769,17360.546326251588,270433.9780607285,1,0.06419513720407245
2011-12-20,0.377639,13.824118,0.07172665893427878,False,False,1.0,1.0,259228.82105979198,13487.428027591131,272716.2490873831,1,0.04945590177602333
2011-12-21,0.366567,13.685053,0.07157879667988978,False,False,1.0,1.0,255723.67105778365,16593.638401795877,272317.3094595795,1,0.06093493812320034
2011-12-22,0.402663,14.141161,0.07105812532042353,False,False,1.0,1.0,267579.70577263023,6359.718035192431,273939.42380782263,1,0.02321578233169527
2011-12-23,0.408426,14.203726,0.07014819780861721,False,False,1.0,1.0,268224.1346682683,5805.665726469414,274029.80039473774,1,0.021186256816252826
2011-12-27,0.407365,14.186659,0.0669941402221221,False,False,1.0,1.0,268224.1346682683,5790.583896870456,274014.71856513876,1,0.02113238269532561
2011-12-28,0.387496,13.97623,0.067834589950143,False,False,1.0,1.0,264550.3088374022,9178.307081673373,273728.61591907556,1,0.0335306816602135
2011-12-29,0.39872,14.098512,0.05764095724869681,False,False,1.0,1.0,265493.78051840153,8499.744873867927,273993.5253922695,1,0.031021699734324237
2011-12-30,0.393715,14.047326,0.05745168127196056,False,False,1.0,1.0,265493.78051840153,8393.050393797428,273886.830912199,1,0.030644227638998905
2012-01-03,0.408123,14.223627,0.058191718770910415,False,False,1.0,1.0,266362.929905385,7830.174657508628,274193.1045628936,1,0.02855715379856522
2012-01-04,0.40782,14.223627,0.0576529851571062,False,False,1.0,1.0,266362.929905385,7824.3613538692225,274187.2912592542,1,0.028536557321582785
2012-01-05,0.425412,14.416992,0.05860674857795983,False,False,1.0,1.0,270438.7512554677,4081.977058391342,274520.728313859,1,0.01486946753880248
2012-01-06,0.429204,14.453956,0.05802705067038203,False,False,1.0,1.0,272204.7306653583,2350.6154687592993,274555.34613411763,1,0.008561535959350965
2012-01-09,0.453014,14.746854,0.055744093313928926,False,False,1.0,1.0,273428.4879055512,1256.0331361659712,274684.5210417172,1,0.00457263893648821
2012-01-10,0.466968,14.894713,0.05559876341949413,False,False,1.0,1.0,273986.23238493217,736.4194152284914,274722.65180016065,1,0.0026805922642453932
2012-01-11,0.472731,14.945905,0.051736569647911915,True,False,1.0,1.0,274409.09122974693,322.2256735507369,274731.3169032977,1,0.0011728756560510961
2012-01-12,0.488655,15.105147,0.04820125571168185,True,False,1.0,1.0,274442.36591013015,299.77189534437514,274742.1378054745,2,0.0010911027254094617
2012-01-13,0.456806,14.798033,0.04958483425426594,False,False,1.0,1.0,254456.1385051935,20246.49484737655,274702.63335257006,2,0.07370331547346679
2012-01-17,0.462721,14.840689,0.04946070548978289,False,False,1.0,1.0,265602.7445158322,9350.894917182266,274953.6394330145,1,0.034008987611383754
2012-01-18,0.530817,15.594242,0.05673041290183215,True,False,1.0,1.0,276319.0300815764,0.0,276319.0300815764,1,0.0
2012-01-19,0.563425,15.904183,0.05147707420914603,True,False,1.0,1.0,276319.0300815764,0.0,276319.0300815764,1,0.0
2012-01-20,0.571615,15.980965,0.04608715854384722,True,False,1.0,1.0,276319.0300815764,0.0,276319.0300815764,1,0.0
2012-01-23,0.567216,15.929784,0.045069026896977116,True,False,1.0,1.0,276319.0300815764,0.0,276319.0300815764,1,0.0
2012-01-24,0.57116,15.986664,0.04182650133718656,True,False,1.0,1.0,276319.0300815764,0.0,276319.0300815764,1,0.0
2012-01-25,0.578591,16.054893,0.04183276763466317,True,False,1.0,1.0,276319.0300815764,0.0,276319.0300815764,1,0.0
2012-01-26,0.560695,15.887127,0.04303740821630219,True,False,1.0,1.0,276319.0300815764,0.0,276319.0300815764,0,0.0
2012-01-27,0.56843,15.93831,0.04015848552774019,True,False,1.0,1.0,276319.0300815764,0.0,276319.0300815764,0,0.0
2012-01-30,0.548562,15.773384,0.04189180581420184,True,False,1.0,1.0,276319.0300815764,0.0,276319.0300815764,0,0.0
2012-01-31,0.550837,15.784758,0.04145510186127559,True,False,1.0,1.0,276319.0300815764,0.0,276319.0300815764,0,0.0
2012-02-01,0.587085,16.13736,0.04258118784317509,True,False,1.0,1.0,276319.0300815764,0.0,276319.0300815764,0,0.0
2012-02-02,0.598459,16.225515,0.04234760757721521,True,False,1.0,1.0,276319.0300815764,0.0,276319.0300815764,0,0.0
2012-02-03,0.623786,16.4786,0.042325530892816016,True,False,1.0,1.0,276319.0300815764,0.0,276319.0300815764,0,0.0
2012-02-06,0.603919,16.290916,0.04382976746411591,True,False,1.0,1.0,276319.0300815764,0.0,276319.0300815764,0,0.0
2012-02-07,0.604525,16.299454,0.04307589379818313,True,False,1.0,1.0,276319.0300815764,0.0,276319.0300815764,0,0.0
2012-02-08,0.627426,16.495653,0.04323586642765558,True,False,1.0,1.0,276319.0300815764,0.0,276319.0300815764,0,0.0
2012-02-09,0.632886,16.549683,0.04325433159979499,True,False,1.0,1.0,276319.0300815764,0.0,276319.0300815764,0,0.0
2012-02-10,0.593757,16.228359,0.04638619475057915,True,False,1.0,1.0,276319.0300815764,0.0,276319.0300815764,0,0.0
2012-02-13,0.599975,16.276699,0.04269181660586483,True,False,1.0,1.0,276319.0300815764,0.0,276319.0300815764,0,0.0
2012-02-14,0.60862,16.336411,0.04269167154628414,True,False,1.0,1.0,276319.0300815764,0.0,276319.0300815764,1,0.0
2012-02-15,0.61681,16.421722,0.031277070841089896,True,False,1.0,1.0,276319.0300815764,0.0,276319.0300815764,1,0.0
2012-02-16,0.66246,16.83404,0.03240099665959319,True,False,1.0,1.0,276319.0300815764,0.0,276319.0300815764,1,0.0
2012-02-17,0.646991,16.677643,0.033119024191579735,True,False,1.0,1.0,253809.0047335134,22487.537810252725,276296.54254376615,2,0.08138913937618542
2012-02-21,0.621056,16.450163,0.03464903557094235,True,False,1.0,1.0,231497.4397478149,43875.387854182656,275372.82760199753,2,0.1593308542322728
2012-02-22,0.611654,16.390444,0.03492232106967687,True,False,1.0,1.0,208599.29513388738,66086.43948473493,274685.73461862234,2,0.24058926677240922
2012-02-23,0.615294,16.418875,0.03485712892758185,True,False,1.0,1.0,215240.619658312,59831.75247229388,275072.37213060586,3,0.21751276585452733
2012-02-24,0.610744,16.367691,0.03401001563625252,True,False,1.0,1.0,203868.76670255736,70749.79876554466,274618.565468102,3,0.2576293363303674
2012-02-27,0.61135,16.38476,0.03394329279498912,True,False,1.0,1.0,210943.68460364858,63737.99910892969,274681.68371257826,3,0.23204313533924573
2012-02-28,0.642289,16.649214,0.034092094842997966,True,False,1.0,1.0,265391.39361712243,12461.419608171896,277852.81322529435,4,0.04484899563736888
2012-02-29,0.612564,16.401819,0.03626752925768538,True,False,1.0,1.0,221272.25072960253,55959.77554606668,277232.0262756692,4,0.20185177123231196
2012-03-01,0.61317,16.413191,0.03356086481884776,True,False,1.0,1.0,226868.16278385487,50413.62211038118,277281.7848942361,4,0.1818136814490375
2012-03-02,0.594364,16.228359,0.03410092110432564,True,False,1.0,1.0,181936.187961758,93754.51779782714,275690.70575958514,4,0.34007137650692276
2012-03-05,0.549927,15.84163,0.036723074580100705,True,False,1.0,1.0,139044.29720586567,129594.1014906883,268638.398696554,4,0.48241093648370786
2012-03-06,0.533244,15.693769,0.03666637925161474,True,False,1.0,1.0,94064.67960144154,170597.32006297886,264661.9996644204,4,0.6445856234717816
2012-03-07,0.558875,15.924088,0.03853454549472411,True,False,1.0,1.0,158973.95474402493,113823.03149669342,272796.98624071834,4,0.41724446103761215
2012-03-08,0.582685,16.160112,0.038801787035646254,True,False,1.0,1.0,210018.87707505058,67576.26634335739,277595.143418408,4,0.24343461312470585
2012-03-09,0.601492,16.336411,0.03952630807104029,True,False,1.0,1.0,216987.64013087034,62781.6491515293,279769.28928239964,4,0.22440507788600553
2012-03-12,0.585112,16.180019,0.03734068999047166,True,False,1.0,1.0,171826.61115225847,106187.8746184009,278014.4857706594,4,0.3819508696607908
2012-03-13,0.623028,16.532612,0.03991155864435747,True,False,1.0,1.0,262183.4858079407,22621.66164898443,284805.14745692513,4,0.07942855615840232
2012-03-14,0.617417,16.4786,0.03987063190229059,True,False,1.0,1.0,262183.4858079407,22417.93060718141,284601.4164151221,4,0.07876956794369014
2012-03-15,0.652299,16.805605,0.041611771259338404,True,False,1.0,1.0,282005.5139590109,3842.59885024509,285848.11280925595,4,0.01344279943806809
2012-03-16,0.653663,16.83404,0.03835657924049896,True,False,1.0,1.0,282390.19229326484,3465.570578864878,285855.76287212974,4,0.012123493834948894
2012-03-19,0.669437,16.953476,0.0383298790778563,True,False,1.0,1.0,282744.75744234497,3194.280622343945,285939.0380646889,4,0.011171194545395696
2012-03-20,0.656393,16.81982,0.037369372848569726,True,False,1.0,1.0,237239.97924178,48591.35885040654,285831.33809218655,4,0.17000010976660235
2012-03-21,0.662763,16.888073,0.03715161812127804,True,False,1.0,1.0,242141.3645720633,44156.62459714652,286297.9891692098,4,0.15423309372616226
2012-03-22,0.651388,16.797066,0.03745076755260277,True,False,1.0,1.0,196543.39918407306,88951.17751541061,285494.5766994837,4,0.3115687118955051
2012-03-23,0.656393,16.831194,0.03738478923512624,True,False,1.0,1.0,205497.89993210803,80671.17791022499,286169.077842333,4,0.28190040139372213
2012-03-26,0.684148,17.063362,0.0383171906221872,True,False,1.0,1.0,289496.10527540045,0.0,289496.10527540045,4,0.0
2012-03-27,0.68248,17.057657,0.03693044193457523,True,False,1.0,1.0,289496.10527540045,0.0,289496.10527540045,4,0.0
2012-03-28,0.65791,16.861107,0.03623133261684325,True,False,1.0,1.0,244776.50525687935,44674.92509342773,289451.4303503071,4,0.15434342486875996
2012-03-29,0.660033,16.86396,0.036226397707319155,True,False,1.0,1.0,249253.9319428024,40337.17735065791,289591.1092934603,4,0.13929010959304622
2012-03-30,0.667617,16.935173,0.03531116115999368,True,False,1.0,1.0,253329.91837772046,36720.59851277553,290050.516890496,4,0.1266007001347245
2012-04-02,0.66701,16.949417,0.02943841838332845,True,False,1.0,1.0,253329.91837772046,36687.212000303174,290017.1303780236,4,0.12650015518905083
2012-04-03,0.636223,16.678793,0.030825357743948227,True,False,1.0,1.0,209163.48123481302,79116.1651158845,288279.6463506975,4,0.274442424629723
2012-04-04,0.592847,16.311323,0.0341981502974905,True,False,1.0,1.0,166000.30191232695,116842.29366917293,282842.59558149986,4,0.41310006164013346
2012-04-05,0.598459,16.33696,0.03301301824938305,True,False,1.0,1.0,177783.34153380306,106153.51010338857,283936.8516371916,4,0.3738630948793827
2012-04-09,0.573586,16.120461,0.03357871203318915,True,False,1.0,1.0,133362.7427341646,146117.80762492973,279480.55035909434,4,0.5228192353177646
2012-04-10,0.543557,15.81566,0.0350892178315915,True,False,1.0,1.0,89439.73269359462,182347.21966912085,271786.9523627155,4,0.6709196967842955
2012-04-11,0.568885,16.080578,0.033547907920845436,True,False,1.0,1.0,154382.88227035516,125835.85321829891,280218.73548865406,4,0.4490629543340936
2012-04-12,0.600127,16.385384,0.03593352776425064,True,False,1.0,1.0,207919.2766784994,79156.51636655873,287075.79304505815,4,0.2757338594345873
2012-04-13,0.567975,16.094822,0.03526367707410507,True,False,1.0,1.0,164021.97038895014,118769.13298990708,282791.10337885725,4,0.4199889302415261
2012-04-16,0.568885,16.08914,0.03525728303330146,True,False,1.0,1.0,175906.01673654333,107063.48060894752,282969.49734549085,4,0.37835696643383665
2012-04-17,0.595274,16.339815,0.036549475696709785,True,False,1.0,1.0,228421.52678502112,59461.780906435,287883.3076914561,4,0.20654820657460343
2012-04-18,0.580411,16.220161,0.03668224150204988,True,False,1.0,1.0,183190.3949126234,103163.06523234527,286353.46014496865,4,0.36026477619693564
2012-04-19,0.561453,16.020763,0.036961179461355194,True,False,1.0,1.0,138318.2707748642,144620.74056251545,282939.0113373797,4,0.5111375058495135
2012-04-20,0.522476,15.650431,0.03958852331844804,True,False,1.0,1.0,95150.07721951357,177705.99698157454,272856.0742010881,4,0.6512810737378332
2012-04-23,0.503367,15.459581,0.039746650501883,True,False,1.0,1.0,50425.23147518723,215886.7560874489,266311.98756263615,4,0.8106535423482306
2012-04-24,0.491233,15.345628,0.037649893781492264,True,False,1.0,1.0,5123.365614898157,255939.26992030276,261062.6355352009,4,0.9803749563609714
2012-04-25,0.523992,15.687469,0.04173189394790921,True,False,1.0,1.0,127087.54049216412,150920.90638511156,278008.4468772757,4,0.5428644635813322
2012-04-26,0.55933,16.04925,0.044826263677347974,True,False,1.0,1.0,182237.1785139024,105894.16354844245,288131.3420623449,4,0.367520460601365
2012-04-27,0.559785,16.052094,0.04479742630126446,True,False,1.0,1.0,192824.61104525652,95382.27505724414,288206.88610250066,4,0.3309507151169229
2012-04-30,0.550685,15.983723,0.044586158709541766,True,False,1.0,1.0,147095.55768696172,139515.08777263167,286610.6454595934,4,0.48677566581280607
2012-05-01,0.557206,16.032158,0.04480629989395119,True,False,1.0,1.0,161198.15814883003,127050.45461142632,288248.61276025634,4,0.44076692475567053
2012-05-02,0.564941,16.10907,0.04413680014589391,True,False,1.0,1.0,174066.69058885312,115932.7246848929,289999.415273746,4,0.399768822207651
2012-05-03,0.524447,15.707406,0.04443410946354157,True,False,1.0,1.0,130921.78495620085,150724.6700446195,281646.45500082034,4,0.53515557312511
2012-05-04,0.490627,15.391208,0.04625222728857833,True,False,1.0,1.0,87438.18202369456,184445.05495137078,271883.2369750653,4,0.6783980395535986
2012-05-07,0.487593,15.345628,0.045616829647412704,True,False,1.0,1.0,87438.18202369456,183304.4607795815,270742.6428032761,4,0.6770431834514229
2012-05-08,0.479101,15.257318,0.04441232669188831,True,False,1.0,1.0,42369.58450808866,225135.57404002143,267505.1585481101,4,0.8416120842751201
2012-05-09,0.475006,15.203199,0.0427023890855207,True,False,1.0,1.0,42369.58450808866,223211.2821356132,265580.86664370185,4,0.8404644692837347
2012-05-10,0.468939,15.146226,0.040090286895227596,True,False,1.0,1.0,861.1720164050112,261827.2682228875,262688.4402392925,4,0.9967216980860653
2012-05-11,0.478949,15.251625,0.03943049540094198,True,False,1.0,1.0,27576.05526983364,240674.62390476244,268250.6791745961,4,0.8972004270233916
2012-05-14,0.464844,15.10349,0.03963318836424609,True,False,1.0,1.0,1319.3750564313896,259817.2301398068,261136.6051962382,4,0.9949475675559162
2012-05-15,0.450134,14.943979,0.03766708899986029,True,False,1.0,1.0,1319.3750564313896,251595.30739721673,252914.68245364813,4,0.9947833196411078
2012-05-16,0.429355,14.713235,0.03832914015195572,False,False,1.0,1.0,1319.3750564313896,239981.21272228262,241300.58777871402,4,0.9945322343862613
2012-05-17,0.398265,14.388485,0.04046289840613926,False,False,1.0,1.0,168130.21563205842,55626.128654085776,223756.3442861442,1,0.24860134728939773
2012-05-18,0.376274,14.112169,0.039514164798192974,False,False,1.0,1.0,168130.21563205842,52554.62049938476,220684.83613144318,1,0.2381433243020034
2012-05-21,0.404786,14.465401,0.043904891147710484,False,False,1.0,1.0,173778.25435885074,50883.231772903695,224661.48613175444,1,0.22648845001881113
2012-05-22,0.3969,14.360002,0.04384105515883338,False,False,1.0,1.0,168098.56668511638,55565.94344683932,223664.5101319557,1,0.24843433325232062
2012-05-23,0.401601,14.416971,0.04053901944543832,False,False,1.0,1.0,173715.3525545394,50601.6744993064,224317.02705384578,1,0.22558106784804977
2012-05-24,0.385828,14.211872,0.03642890206989825,False,False,1.0,1.0,168166.97847464902,54157.10977065334,222324.08824530235,1,0.243595330573891
2012-05-25,0.399781,14.3543,0.03818541543313723,False,False,1.0,1.0,173772.93048376197,50504.072154170775,224277.00263793275,1,0.22518613839201027
2012-05-29,0.423289,14.661955,0.04161569050946541,False,False,1.0,1.0,189479.0152344774,37752.015855665355,227231.03109014276,1,0.16613935022232548
2012-05-30,0.400388,14.456858,0.042215184537726116,False,False,1.0,1.0,184003.8196436247,41179.26266943607,225183.0823130608,1,0.1828701439133274
2012-05-31,0.387041,14.305876,0.04175733805297952,False,False,1.0,1.0,178407.9002818788,45396.87419101265,223804.77447289144,1,0.2028414018330578
2012-06-01,0.341695,13.693416,0.04650979152053159,False,False,1.0,1.0,173297.336703082,45183.60210722554,218480.93881030753,1,0.20680798221237714
2012-06-04,0.336993,13.670629,0.045289309561721024,False,False,1.0,1.0,168010.639378633,49843.25504847592,217853.89442710893,1,0.22879212317754927
2012-06-05,0.359742,13.932706,0.04900650787137614,False,False,1.0,1.0,184328.1531254736,36874.11891421299,221202.27203968656,1,0.16669864452204763
2012-06-06,0.396141,14.371398,0.05497755577295137,False,False,1.0,1.0,188384.59996527946,36544.56612437725,224929.1660896567,1,0.16247144271992986
2012-06-07,0.380066,14.243205,0.05543706468936918,False,False,1.0,1.0,183823.4784716182,39618.189624554376,223441.66809617257,1,0.17730886974716875
2012-06-08,0.396748,14.391341,0.056736161754539355,False,False,1.0,1.0,187955.0553713318,37221.41351093344,225176.46888226524,1,0.1652988595819702
2012-06-11,0.374151,14.189084,0.05735488746456411,False,False,1.0,1.0,183608.54618612307,39443.614502561635,223052.1606886847,1,0.17683583239354195
2012-06-12,0.39963,14.44261,0.05976048220627329,False,False,1.0,1.0,192450.52128835054,33278.82670850364,225729.3479968542,1,0.14742800173669673
2012-06-13,0.38598,14.328665,0.059819536325567274,False,False,1.0,1.0,188221.62773705614,36366.804189942035,224588.4319269982,1,0.16192643529281578
2012-06-14,0.384767,14.297333,0.05909244957126514,False,False,1.0,1.0,188221.62773705614,36252.51605718283,224474.14379423897,1,0.16149974088068328
2012-06-15,0.402056,14.522375,0.057685611572055685,False,False,1.0,1.0,192005.9871167043,34093.32774457796,226099.31486128224,1,0.15078916875752188
2012-06-18,0.420862,14.72463,0.05687747091554399,False,False,1.0,1.0,206771.0442505115,20908.191814362803,227679.2360648743,1,0.09183179009088593
2012-06-19,0.433754,14.918205,0.05497821582077032,False,False,1.0,1.0,211783.14098167978,16531.54541205227,228314.68639373206,1,0.07240684194771148
2012-06-20,0.448465,15.049536,0.05508257997211853,True,False,1.0,1.0,213490.65392535357,15382.999492556657,228873.65341791022,1,0.06721175313467898
2012-06-21,0.39235,14.435687,0.06328601437389987,False,False,1.0,1.0,198365.80086799685,28567.916975096745,226933.7178430936,2,0.12588661238454288
2012-06-22,0.408578,14.644114,0.06324450535342094,False,False,1.0,1.0,221704.35250041581,6387.601891402431,228091.95439181823,1,0.028004503308476
2012-06-25,0.369146,14.170155,0.06683920085615182,False,False,1.0,1.0,218586.59416117248,8885.775983149268,227472.37014432176,1,0.0390631001800861
2012-06-26,0.372482,14.224401,0.06537284239473201,False,False,1.0,1.0,219482.3052939345,8069.469664522613,227551.77495845713,1,0.03546212577773042
2012-06-27,0.3878,14.407134,0.06508920972053732,False,False,1.0,1.0,220321.5971242957,7561.187660911622,227882.7847852073,1,0.03318016175745122
2012-06-28,0.380066,14.315772,0.06480186619195354,False,False,1.0,1.0,217034.16620664985,10694.539626811096,227728.70583346096,1,0.046961754723324436
2012-06-29,0.427687,14.938199,0.06311657102520003,False,False,1.0,1.0,229056.6613885461,0.0,229056.6613885461,1,0.0
2012-07-02,0.426019,14.915356,0.06294748436296763,False,False,1.0,1.0,229056.6613885461,0.0,229056.6613885461,1,0.0
2012-07-03,0.445432,15.09808,0.06218344474858066,True,False,1.0,1.0,229056.6613885461,0.0,229056.6613885461,1,0.0
2012-07-05,0.433299,14.983884,0.05930401532139008,False,False,1.0,1.0,222230.5328188927,6819.309260393024,229049.84207928574,1,0.02977216311737301
2012-07-06,0.401601,14.606996,0.061184636478621074,False,False,1.0,1.0,218823.42648832733,9724.145135958694,228547.571624286,1,0.042547575836615815
2012-07-09,0.387648,14.412848,0.06098220878200144,False,False,1.0,1.0,215382.70252819796,12823.581562323525,228206.28409052148,1,0.05619293795273778
2012-07-10,0.360501,14.115906,0.06174989906081605,False,False,1.0,1.0,212056.2424224587,15248.682764954654,227304.92518741335,1,0.06708470022100087
2012-07-11,0.349278,13.958875,0.05994309064337282,False,False,1.0,1.0,208633.0592687601,18193.729117942417,226826.7883867025,1,0.08020979024278689
2012-07-12,0.333505,13.739025,0.060278755400335116,False,False,1.0,1.0,205159.25030432377,20842.459485066982,226001.70978939073,1,0.09222257435348569
2012-07-13,0.341998,13.836101,0.06071197667053047,False,False,1.0,1.0,207294.43609749476,19235.908046585642,226530.34414408042,1,0.08491537025322754
2012-07-16,0.330623,13.707617,0.059835853736185746,False,False,1.0,1.0,203821.5722080598,22065.50799878004,225887.08020683983,1,0.09768379837649475
2012-07-17,0.326073,13.650517,0.05839332737516527,False,False,1.0,1.0,203821.5722080598,21761.844728546424,225583.41693660623,1,0.09646916880712898
2012-07-18,0.359136,14.115906,0.06269274662535188,False,False,1.0,1.0,213340.82490543046,14439.6607670011,227780.48567243156,1,0.06339287900091058
2012-07-19,0.382037,14.398574,0.06402420117425742,False,False,1.0,1.0,217759.65126861483,10937.183984622206,228696.83525323705,1,0.04782394112498939
2012-07-20,0.362927,14.15874,0.05786917900179308,False,False,1.0,1.0,214520.7035300593,13625.803488840193,228146.50701889952,1,0.0597239189277241
2012-07-23,0.352159,14.041675,0.05716656858337373,False,False,1.0,1.0,210866.660251535,16871.9204402887,227738.5806918237,1,0.07408459466566983
2012-07-24,0.348823,13.976007,0.05272886496990622,False,False,1.0,1.0,210866.660251535,16712.092843695107,227578.75309523012,1,0.07343432818924861
2012-07-25,0.367326,14.255812,0.05407955341556123,False,False,1.0,1.0,212624.75746120504,15838.713600630786,228463.47106183582,1,0.06932711617755245
2012-07-26,0.393108,14.569879,0.05550969769735778,False,False,1.0,1.0,223338.10838702467,6226.331521224686,229564.43990824936,1,0.027122369316925483
2012-07-27,0.420407,14.926769,0.05719193982085505,False,False,1.0,1.0,225786.3583973592,4208.012303809144,229994.37070116834,1,0.018296153470976097
2012-07-30,0.409336,14.792578,0.0509578103573806,False,False,1.0,1.0,222076.76317498073,7803.087820206733,229879.85099518747,1,0.03394420079196106
2012-07-31,0.419042,14.901076,0.05127517189353116,False,False,1.0,1.0,222874.7754936697,7189.300168369174,230064.07566203887,1,0.031249121131498
2012-08-01,0.418284,14.898221,0.050150962665476535,False,False,1.0,1.0,222874.7754936697,7176.295530343334,230051.07102401304,1,0.031194358271838963
2012-08-02,0.414341,14.809712,0.049848156136323124,False,False,1.0,1.0,222874.7754936697,7108.647393488604,229983.42288715832,1,0.030909390356262643
2012-08-03,0.43982,15.140906,0.04849784797832996,True,False,1.0,1.0,228594.14931051663,1820.6793118424887,230414.8286223591,1,0.007901745398628448
2012-08-06,0.447555,15.192306,0.04764064473189596,True,False,1.0,1.0,228779.23395316186,1667.4292130200956,230446.66316618197,2,0.007235640517032189
2012-08-07,0.474551,15.543491,0.04503619315205157,True,False,1.0,1.0,230545.47256130484,0.0,230545.47256130484,2,0.0
2012-08-08,0.480921,15.580603,0.04375623164799079,True,False,1.0,1.0,230545.47256130484,0.0,230545.47256130484,2,0.0
2012-08-09,0.489717,15.70338,0.04123491946571229,True,False,1.0,1.0,230545.47256130484,0.0,230545.47256130484,3,0.0
2012-08-10,0.496087,15.783324,0.041232853271177365,True,False,1.0,1.0,230545.47256130484,0.0,230545.47256130484,3,0.0
2012-08-13,0.486533,15.646269,0.04038733314352998,True,False,1.0,1.0,202231.2547225767,28285.93190682128,230517.18662939797,3,0.12270639044496286
2012-08-14,0.473186,15.526359,0.04110501739160056,True,False,1.0,1.0,164979.11172466297,64724.89548266302,229704.007207326,4,0.281775212672906
2012-08-15,0.481224,15.614873,0.03678535917860314,True,False,1.0,1.0,171554.966870556,59241.938251288346,230796.90512184435,4,0.25668428361295753
2012-08-16,0.506248,15.860405,0.036112390412974205,True,False,1.0,1.0,233815.2066821248,0.0,233815.2066821248,4,0.0
2012-08-17,0.496087,15.746199,0.033743445930821056,True,False,1.0,1.0,196232.8666155132,37544.79527134025,233777.66188685346,4,0.16060043961561918
2012-08-20,0.483044,15.640557,0.033503562969724135,True,False,1.0,1.0,158909.5746621602,73843.68249819064,232753.25716035083,4,0.31726165038076126
2012-08-21,0.484106,15.64913,0.033138030068061784,True,False,1.0,1.0,166302.77726683172,66605.42887091481,232908.2061377465,4,0.2859728730705308
2012-08-22,0.473944,15.53492,0.033060279912397364,True,False,1.0,1.0,128782.55554233026,102690.03528177511,231472.59082410537,4,0.44363799150547656
2012-08-23,0.464389,15.446414,0.031152141325160126,True,False,1.0,1.0,91228.73395740289,138136.04684082005,229364.78079822293,4,0.6022548290111779
2012-08-24,0.471973,15.523501,0.028015551393266454,True,False,1.0,1.0,105253.89130418905,126352.76888996537,231606.66019415442,4,0.5455489439899727
2012-08-27,0.467726,15.463543,0.027205174143501678,True,False,1.0,1.0,67325.30714201838,163106.49009653437,230431.79723855277,4,0.7078297876038332
2012-08-28,0.466513,15.440698,0.026982548372012898,True,False,1.0,1.0,67325.30714201838,162683.48993728065,230008.79707929905,4,0.7072924688232383
2012-08-29,0.467423,15.457828,0.026942991391671865,True,False,1.0,1.0,83609.08978302445,146700.74451356806,230309.8342965925,4,0.6369712564017008
2012-08-30,0.444219,15.220852,0.029620286825467575,True,False,1.0,1.0,47245.35186873938,175745.57783203153,222990.9297007709,4,0.7881288179203638
2012-08-31,0.461659,15.403582,0.02783080938266186,True,False,1.0,1.0,103207.48867203585,126627.17924932721,229834.66792136306,4,0.5509489947471813
2012-09-04,0.451044,15.283665,0.02816128013654855,True,False,1.0,1.0,65809.8334363389,161075.91499220877,226885.74842854767,4,0.7099428505661995
2012-09-05,0.441034,15.200871,0.025001194016773618,False,False,1.0,1.0,28384.896146921332,194888.71391140792,223273.61005832924,4,0.8728694531364191
2012-09-06,0.488049,15.663404,0.034194656996488854,True,False,1.0,1.0,230462.37674111908,13384.433190046797,243846.8099311659,1,0.05488869505336162
2012-09-07,0.478949,15.620582,0.03420378277737196,True,False,1.0,1.0,221014.1069334552,22573.702458730462,243587.80939218565,1,0.09267172489073926
2012-09-10,0.453924,15.349339,0.035961361010210635,True,False,1.0,1.0,211889.80572106614,30509.416549605812,242399.22227067195,1,0.12586433349005496
2012-09-11,0.461659,15.449268,0.03608124279049808,True,False,1.0,1.0,214989.63339885793,27926.375475601693,242916.00887445963,1,0.11496309199627186
2012-09-12,0.464541,15.483531,0.03563037854114617,True,False,1.0,1.0,217796.8944819131,25290.640387884425,243087.53486979753,1,0.10403923179948568
2012-09-13,0.477433,15.620582,0.03598276717745247,True,False,1.0,1.0,228151.46679890086,15627.572152481684,243779.03895138254,1,0.06410547937059646
2012-09-14,0.495783,15.826141,0.03511954280122859,True,False,1.0,1.0,233215.86528053088,11158.745442611173,244374.61072314205,1,0.04566245818086719
2012-09-17,0.482134,15.663404,0.03538034738357954,True,False,1.0,1.0,244056.55680212937,0.0,244056.55680212937,0,0.0
2012-09-18,0.475461,15.597734,0.03501590226107209,True,False,1.0,1.0,244056.55680212937,0.0,244056.55680212937,0,0.0
2012-09-19,0.466361,15.503515,0.0352491667781225,True,False,1.0,1.0,244056.55680212937,0.0,244056.55680212937,0,0.0
2012-09-20,0.454228,15.352193,0.035416212663345534,True,False,1.0,1.0,244056.55680212937,0.0,244056.55680212937,0,0.0
2012-09-21,0.454683,15.369325,0.035158303929395215,True,False,1.0,1.0,244056.55680212937,0.0,244056.55680212937,0,0.0
2012-09-24,0.434209,15.149469,0.036289064867238534,False,False,1.0,1.0,244056.55680212937,0.0,244056.55680212937,0,0.0
2012-09-25,0.400995,14.772352,0.04002288129028295,False,False,1.0,1.0,244056.55680212937,0.0,244056.55680212937,0,0.0
2012-09-26,0.394018,14.66624,0.040062274737624616,False,False,1.0,1.0,244056.55680212937,0.0,244056.55680212937,0,0.0
2012-09-27,0.420407,14.998908,0.04326034630598581,False,False,1.0,1.0,244056.55680212937,0.0,244056.55680212937,0,0.0
2012-09-28,0.408881,14.878456,0.04227497914393037,False,False,1.0,1.0,244056.55680212937,0.0,244056.55680212937,0,0.0
2012-10-01,0.405393,14.8211,0.041068448643898775,False,False,1.0,1.0,244056.55680212937,0.0,244056.55680212937,0,0.0
2012-10-02,0.412673,14.892804,0.04121240055901061,False,False,1.0,1.0,244056.55680212937,0.0,244056.55680212937,0,0.0
2012-10-03,0.405848,14.846915,0.04109988602958316,False,False,1.0,1.0,244056.55680212937,0.0,244056.55680212937,0,0.0
2012-10-04,0.415251,14.924349,0.03356061597432745,False,False,1.0,1.0,244056.55680212937,0.0,244056.55680212937,1,0.0
2012-10-05,0.413583,14.907141,0.03347426090379216,False,False,1.0,1.0,238988.00291664363,5063.490395090651,244051.4933117343,1,0.02074763127395784
2012-10-08,0.399781,14.743673,0.032307817710153855,False,False,1.0,1.0,234026.47201415812,9851.087046619525,243877.55906077765,1,0.04039357735315244
2012-10-09,0.380976,14.517113,0.03311038273259347,False,False,1.0,1.0,229137.37980984687,14271.917113739019,243409.29692358588,1,0.05863341003864548
2012-10-10,0.365202,14.316362,0.03366205081697089,False,False,1.0,1.0,224217.4997697072,18595.965121712452,242813.46489141966,1,0.0765853950069372
2012-10-11,0.367477,14.359381,0.03267638041724038,False,False,1.0,1.0,226086.80932594088,16840.626632735784,242927.43595867665,1,0.06932369152243664
2012-10-12,0.361259,14.276211,0.030411250261108712,False,False,1.0,1.0,221042.46803184884,21594.971970671377,242637.44000252022,1,0.08900098834890062
2012-10-15,0.377032,14.468359,0.032932010878699486,False,False,1.0,1.0,233110.25366330726,10457.96877719741,243568.22244050467,1,0.04293650736705578
2012-10-16,0.401298,14.798163,0.036911981744995374,False,False,1.0,1.0,238027.76062181513,6208.620375391589,244236.38099720672,1,0.02542053870124531
2012-10-17,0.398568,14.769487,0.036824393255169396,False,False,1.0,1.0,238027.76062181513,6166.383599666768,244194.1442214819,1,0.025251971620064373
2012-10-18,0.388558,14.626095,0.0368004977780607,False,False,1.0,1.0,233019.902212222,11014.370976048185,244034.27318827016,1,0.04513452488516111
2012-10-19,0.355192,14.187306,0.041014531514994075,False,False,1.0,1.0,228324.3598171903,14759.403614799323,243083.76343198962,1,0.06071735687492239
2012-10-22,0.354586,14.224589,0.04028770588956812,False,False,1.0,1.0,228324.3598171903,14734.222308377532,243058.58212556783,1,0.06062004550312732
2012-10-23,0.357922,14.259004,0.03699236793368006,False,False,1.0,1.0,229810.15694813794,13385.559738267144,243195.7166864051,1,0.05504027752070771
2012-10-24,0.341392,14.029575,0.038076023384684056,False,False,1.0,1.0,224910.1360915488,17662.496862463755,242572.63295401254,1,0.07281322978347789
2012-10-25,0.355192,14.236063,0.03592438670169963,False,False,1.0,1.0,231833.85190766366,11445.816915510588,243279.66882317426,1,0.04704797968066079
2012-10-26,0.360197,14.281944,0.03595377555269085,False,False,1.0,1.0,232993.40115612664,10446.389625792674,243439.79078191932,1,0.04291159465853659
2012-10-31,0.359742,14.307756,0.03596703495601969,False,False,1.0,1.0,232993.40115612664,10433.193771080569,243426.59492720722,1,0.04285971207953037
2012-11-01,0.396445,14.758014,0.04250911879310284,False,False,1.0,1.0,237792.55913281828,6693.687778600515,244486.2469114188,1,0.02737858617063946
2012-11-02,0.374302,14.482697,0.04419559999768522,False,False,1.0,1.0,232935.22612980776,11172.29972289598,244107.52585270375,1,0.04576794461321699
2012-11-05,0.392956,14.73507,0.04538002400515059,False,False,1.0,1.0,239196.18044912387,5461.869433570954,244658.04988269482,1,0.022324503265638444
2012-11-06,0.408578,14.95589,0.04632612660851739,False,False,1.0,1.0,242340.4046248215,2531.6349812966378,244872.03960611814,1,0.010338603726945821
2012-11-07,0.377791,14.551523,0.04899455972010296,False,False,1.0,1.0,237714.94241588897,6961.713639735859,244676.65605562483,1,0.028452708778859484
2012-11-08,0.363989,14.385192,0.04851948312724896,False,False,1.0,1.0,233155.67990489013,11262.086184400636,244417.76608929076,1,0.046077199561206886
2012-11-09,0.366567,14.402397,0.04762447419795503,False,False,1.0,1.0,234288.7308589604,10207.666252885303,244496.3971118457,1,0.041749761442152346
2012-11-12,0.366871,14.410998,0.04760384868723835,False,False,1.0,1.0,235309.32240951908,9194.518473501586,244503.84088302066,1,0.03760480179082574
2012-11-13,0.358984,14.302018,0.04770281286179112,False,False,1.0,1.0,230544.78381591896,13756.633348644647,244301.4171645636,1,0.05631008410965564
2012-11-14,0.341392,14.069722,0.04781709943176306,False,False,1.0,1.0,225923.69839459282,17698.958902233615,243622.65729682642,1,0.07264906761389378
2012-11-15,0.327438,13.894785,0.045721361489555884,False,False,1.0,1.0,221273.9940038971,21620.5939221854,242894.5879260825,1,0.0890122505684028
2012-11-16,0.327893,13.897653,0.045789832113978836,False,False,1.0,1.0,223436.89267831002,19485.573643359727,242922.46632166975,1,0.08021313935433862
2012-11-19,0.346548,14.178701,0.047849933549742256,False,False,1.0,1.0,229914.36611583622,14110.2198975463,244024.58601338253,1,0.057822943696224455
2012-11-20,0.344273,14.115613,0.04358342959781835,False,False,1.0,1.0,229914.36611583622,14017.589871498196,243931.95598733443,1,0.05746516406495763
2012-11-21,0.345942,14.167235,0.043606828971490506,False,False,1.0,1.0,231321.51213142576,12676.991131437106,243998.50326286285,1,0.051955200388176206
2012-11-23,0.363686,14.402397,0.045050576129157374,False,False,1.0,1.0,236125.6003163367,8518.320187456375,244643.92050379308,1,0.03481925964035678
2012-11-26,0.369752,14.462628,0.043705811485004346,False,False,1.0,1.0,236990.77419161,7794.359236696306,244785.1334283063,1,0.03184163648965696
2012-11-27,0.365354,14.43107,0.04300872525686787,False,False,1.0,1.0,231905.9935031393,12781.350537895216,244687.34404103452,1,0.052235437790978514
2012-11-28,0.378094,14.583076,0.0435566955371553,False,False,1.0,1.0,235982.29972653586,9146.653330092498,245128.95305662835,1,0.03731363927450663
2012-11-29,0.381279,14.626095,0.043567149267158135,False,False,1.0,1.0,238759.16098596647,6444.062292643123,245203.2232786096,1,0.02628049585351953
2012-11-30,0.379762,14.606016,0.037499602320656855,False,False,1.0,1.0,238759.16098596647,6418.423213391606,245177.58419935807,1,0.026178670592384483
2012-12-03,0.374757,14.537192,0.03530561077568406,False,False,1.0,1.0,233689.0871688173,11398.841651492601,245087.9288203099,1,0.04650919246149345
2012-12-04,0.381127,14.626095,0.033682224257633224,False,False,1.0,1.0,238892.98543780512,6383.488151160083,245276.4735889652,1,0.026025684639683567
2012-12-05,0.378701,14.628957,0.03230991556032511,False,False,1.0,1.0,238892.98543780512,6342.855127903494,245235.8405657086,1,0.02586430724510672
2012-12-06,0.392198,14.772352,0.02823018833625463,False,False,1.0,1.0,245411.9058183007,43.470272271683044,245455.3760905724,1,0.00017710050993400376
2012-12-07,0.394776,14.803898,0.026695273056834837,False,False,1.0,1.0,245416.2770438516,39.38041036847039,245455.65745422005,1,0.00016043798206531555
2012-12-10,0.402056,14.901399,0.026878724481267033,False,False,1.0,1.0,245420.2836950008,36.09595629925619,245456.37965130006,1,0.00014705650083544287
2012-12-11,0.426322,15.18532,0.029433018494128788,True,False,1.0,1.0,245458.51994015355,0.0,245458.51994015355,1,0.0
2012-12-12,0.421317,15.127955,0.02899451717739804,True,False,1.0,1.0,225206.62115845087,20231.66711458809,245438.28827303895,2,0.08243077010087879
2012-12-13,0.409488,14.984571,0.027035085687559857,False,False,1.0,1.0,205219.86919666218,39630.42301562273,244850.29221228493,2,0.16185573093481626
2012-12-14,0.400995,14.869856,0.025324487543011434,False,False,1.0,1.0,219606.91548409231,24396.982710567234,244003.89819465956,1,0.09998603666202086
2012-12-17,0.405696,14.932946,0.025241836895076152,False,False,1.0,1.0,222072.74686339844,22214.69711086586,244287.44397426432,1,0.09093671270802678
2012-12-18,0.424502,15.214,0.024393255909476476,True,False,1.0,1.0,238444.98335466228,6855.832193913141,245300.81554857543,1,0.027948672647423477
2012-12-19,0.427839,15.233571,0.024083867884041953,True,False,1.0,1.0,239135.26495465983,6218.753153131068,245354.0181077909,1,0.025346041614036235
2012-12-20,0.42708,15.204792,0.024216003440650762,True,False,1.0,1.0,239135.26495465983,6207.720887154318,245342.98584181414,1,0.025302214635786534
2012-12-21,0.413583,15.063766,0.02413166994889168,False,False,1.0,1.0,229217.8542190074,15919.041650683435,245136.89586969084,1,0.0649393947582074
2012-12-24,0.409943,14.994697,0.02423899441884896,False,False,1.0,1.0,224142.58226864046,20849.13775760833,244991.72002624877,1,0.08510139753039213
2012-12-26,0.400691,14.89684,0.02475899178978573,False,False,1.0,1.0,219138.02924883456,25378.147215309156,244516.1764641437,1,0.1037892362881384
2012-12-27,0.394321,14.819137,0.02413448499915991,False,False,1.0,1.0,214098.01260307932,30009.678844931044,244107.69144801036,1,0.12293622813323953
2012-12-28,0.387496,14.724156,0.02446983542092262,False,False,1.0,1.0,209065.6111361802,34517.638404611665,243583.24954079188,1,0.14170776713786776
2012-12-31,0.40782,14.977429,0.026884855171883583,False,False,1.0,1.0,223182.69188990397,22196.861857443473,245379.55374734744,1,0.09045929670366197
2013-01-02,0.459688,15.630746,0.03703356767593206,True,False,1.0,1.0,248177.60975192877,0.0,248177.60975192877,1,0.0
2013-01-03,0.451498,15.524262,0.03752062956317485,True,False,1.0,1.0,248177.60975192877,0.0,248177.60975192877,0,0.0
2013-01-04,0.449982,15.515617,0.03746368361325889,True,False,1.0,1.0,248177.60975192877,0.0,248177.60975192877,0,0.0
2013-01-07,0.445432,15.46094,0.037149111115508573,True,False,1.0,1.0,248177.60975192877,0.0,248177.60975192877,0,0.0
2013-01-08,0.43072,15.282497,0.03820754088651854,True,False,1.0,1.0,248177.60975192877,0.0,248177.60975192877,0,0.0
2013-01-09,0.44346,15.429279,0.03849238032793401,True,False,1.0,1.0,248177.60975192877,0.0,248177.60975192877,0,0.0
2013-01-10,0.461356,15.653767,0.03731157240334147,True,False,1.0,1.0,248177.60975192877,0.0,248177.60975192877,0,0.0
2013-01-11,0.469394,15.7286,0.03723172846156611,True,False,1.0,1.0,248177.60975192877,0.0,248177.60975192877,0,0.0
2013-01-14,0.465451,15.702695,0.03653501855424794,True,False,1.0,1.0,248177.60975192877,0.0,248177.60975192877,0,0.0
2013-01-15,0.458474,15.616355,0.036327071223573905,True,False,1.0,1.0,237982.76868185544,10184.656413659666,248167.4250955151,1,0.041039457171866044
2013-01-16,0.473338,15.80343,0.03675226350137896,True,False,1.0,1.0,239033.2021006821,9463.364133573452,248496.56623425556,1,0.03808247444615561
2013-01-17,0.503367,16.102743,0.03778831973568524,True,False,1.0,1.0,249086.8670686556,0.0,249086.8670686556,1,0.0
2013-01-18,0.495328,16.03367,0.03818803716623001,True,False,1.0,1.0,228581.30933541918,20485.07266057585,249066.38199599503,2,0.08224744141064066
2013-01-22,0.49093,15.978986,0.03831082111576099,True,False,1.0,1.0,228581.30933541918,20303.186416387733,248884.4957518069,2,0.08157674247669697
2013-01-23,0.507007,16.157429,0.03755023852820982,True,False,1.0,1.0,230676.02014506172,18871.268555338123,249547.28870039983,2,0.07562201398226567
2013-01-24,0.493508,16.004892,0.03824682564422585,True,False,1.0,1.0,200163.68929053543,48850.67232000719,249014.36161054263,3,0.1961761241562823
2013-01-25,0.51186,16.20923,0.03792560127876293,True,False,1.0,1.0,205225.34997862665,45600.54673956044,250825.89671818708,3,0.18180158961335033
2013-01-28,0.515348,16.249525,0.03736961160119669,True,False,1.0,1.0,251090.72412502966,0.0,251090.72412502966,3,0.0
2013-01-29,0.505793,16.145922,0.037425147679418375,True,False,1.0,1.0,210162.84287857258,40886.994252204866,251049.83713077745,4,0.16286405408383484
2013-01-30,0.508372,16.163183,0.03637904665238629,True,False,1.0,1.0,214268.28072348938,36985.92653078178,251254.20725427117,4,0.14720520279030289
2013-01-31,0.503822,16.122894,0.026057659866102197,True,False,1.0,1.0,214268.28072348938,36654.897351922475,250923.17807541185,4,0.1460801574133829
2013-02-01,0.530666,16.436607,0.02751801944413329,True,False,1.0,1.0,252837.56958026247,0.0,252837.56958026247,4,0.0
2013-02-04,0.507613,16.183329,0.029848555312666232,True,False,1.0,1.0,212956.43131333494,39841.29696995756,252797.7282832925,4,0.1576014833697803
2013-02-05,0.531576,16.436607,0.030877859212749673,True,False,1.0,1.0,254636.80317304708,0.0,254636.80317304708,4,0.0
2013-02-06,0.534457,16.476894,0.0292459446654211,True,False,1.0,1.0,254636.80317304708,0.0,254636.80317304708,4,0.0
2013-02-07,0.527481,16.387672,0.029377077580178886,True,False,1.0,1.0,213468.13124614584,41127.54438251874,254595.67562866458,4,0.16154062428972477
2013-02-08,0.547956,16.589144,0.029296921599999158,True,False,1.0,1.0,256149.3816133776,0.0,256149.3816133776,4,0.0
2013-02-11,0.550381,16.629433,0.029237633609397663,True,False,1.0,1.0,256149.3816133776,0.0,256149.3816133776,4,0.0
2013-02-12,0.55387,16.658213,0.028987275457350695,True,False,1.0,1.0,256149.3816133776,0.0,256149.3816133776,4,0.0
2013-02-13,0.558268,16.692741,0.028444507352518567,True,False,1.0,1.0,256149.3816133776,0.0,256149.3816133776,4,0.0
2013-02-14,0.574193,16.865435,0.028302432913400042,True,False,1.0,1.0,256149.3816133776,0.0,256149.3816133776,4,0.0
2013-02-15,0.563121,16.773335,0.02620916862882722,True,False,1.0,1.0,215251.9432093266,40856.581822228814,256108.52503155541,4,0.1595283945241371
2013-02-19,0.583445,16.966171,0.02649547152594916,True,False,1.0,1.0,257540.7777810954,0.0,257540.7777810954,4,0.0
2013-02-20,0.544316,16.603525,0.03152725408489501,True,False,1.0,1.0,218657.0272423444,38844.905633117916,257501.9328754623,4,0.15085287010992957
2013-02-21,0.51459,16.292698,0.03365672146868774,True,False,1.0,1.0,179201.03158850266,76140.09995187908,255341.13154038176,4,0.29818971778088815
2013-02-22,0.546742,16.635181,0.035506849584544184,True,False,1.0,1.0,229120.16085832132,30928.29669951805,260048.45755783937,4,0.1189328211748345
2013-02-25,0.5155,16.318594,0.03742018745899097,True,False,1.0,1.0,189732.97583496326,68508.82527306033,258241.8011080236,4,0.26528944957444284
2013-02-26,0.528391,16.427973,0.03779469796339491,True,False,1.0,1.0,196748.1547385836,63199.80994252543,259947.96468110904,4,0.24312485008319165
2013-02-27,0.55205,16.698502,0.03863257750361448,True,False,1.0,1.0,241230.50060307805,21502.74373763476,262733.2443407128,4,0.08184249310205287
2013-02-28,0.566155,16.710014,0.038913622239909185,True,False,1.0,1.0,263260.59207106073,0.0,263260.59207106073,4,0.0
2013-03-01,0.546136,16.640949,0.039894984011220984,True,False,1.0,1.0,222924.56346880159,40295.73286938975,263220.2963381913,4,0.15308748386794951
2013-03-04,0.543861,16.594896,0.038291405435467024,True,False,1.0,1.0,222924.56346880159,40127.8757929878,263052.4392617894,4,0.1525470583188647
2013-03-05,0.5748,16.920122,0.038528654016175855,True,False,1.0,1.0,265292.81105927704,0.0,265292.81105927704,4,0.0
2013-03-06,0.577378,16.940262,0.037365919996828645,True,False,1.0,1.0,265292.81105927704,0.0,265292.81105927704,4,0.0
2013-03-07,0.584809,17.017963,0.03741559051821532,True,False,1.0,1.0,265292.81105927704,0.0,265292.81105927704,4,0.0
2013-03-08,0.586174,17.040995,0.03719095257695907,True,False,1.0,1.0,265292.81105927704,0.0,265292.81105927704,4,0.0
2013-03-11,0.588904,17.058256,0.03638129507607307,True,False,1.0,1.0,265292.81105927704,0.0,265292.81105927704,4,0.0
2013-03-12,0.5977,17.13022,0.036467892952294544,True,False,1.0,1.0,265292.81105927704,0.0,265292.81105927704,4,0.0
2013-03-13,0.603009,17.182016,0.03648025458916957,True,False,1.0,1.0,265292.81105927704,0.0,265292.81105927704,4,0.0
2013-03-14,0.61135,17.271236,0.036534262426553485,True,False,1.0,1.0,265292.81105927704,0.0,265292.81105927704,4,0.0
2013-03-15,0.581625,16.989189,0.03801511685317199,True,False,1.0,1.0,225540.78933201902,39712.3094178402,265253.0987498592,4,0.1497147803550826
2013-03-18,0.558116,16.773335,0.038923208787781355,True,False,1.0,1.0,185429.0012341333,78178.87354126747,263607.87477540073,4,0.29657260280208797
2013-03-19,0.551596,16.704256,0.03805309312982263,True,False,1.0,1.0,144107.40705840397,118545.88935131585,262653.29640971986,4,0.4513398117280545
2013-03-20,0.573283,16.925869,0.03569154177134376,True,False,1.0,1.0,199276.18120414077,67982.73846224119,267258.91966638196,4,0.2543703257766054
2013-03-21,0.546136,16.652452,0.03506439970940476,True,False,1.0,1.0,159479.6700559069,104520.26709666665,263999.93715257355,4,0.3959101968886501
2013-03-22,0.563273,16.836647,0.033066754938983485,True,False,1.0,1.0,170248.88705752048,97019.97298750977,267268.86004503025,4,0.36300515133399214
2013-03-25,0.560391,16.819035,0.029942725001632215,True,False,1.0,1.0,170248.88705752048,96523.56793676174,266772.4549942822,4,0.3618198435772934
2013-03-26,0.575861,16.94899,0.030039280787694835,True,False,1.0,1.0,249319.13320884202,20038.775490195952,269357.908699038,4,0.0743946059983184
2013-03-27,0.578288,16.983643,0.02856767408767146,True,False,1.0,1.0,251329.4438944543,18110.907077588163,269440.3509720425,4,0.06721675878260483
2013-03-28,0.588753,17.099161,0.028305176113565648,True,False,1.0,1.0,253171.4651751616,16594.786312678345,269766.25148783997,4,0.06151542760131497
2013-04-01,0.555538,16.74972,0.030227736417748143,True,False,1.0,1.0,213825.4835753973,54965.252288475356,268790.73586387263,4,0.20449087321339884
2013-04-02,0.539614,16.602448,0.03095029298569293,True,False,1.0,1.0,173298.83963640884,93875.88026354571,267174.71989995457,4,0.35136513027392036
2013-04-03,0.507158,16.267452,0.030955387930095016,True,False,1.0,1.0,134078.59138999644,127410.62327432951,261489.21466432593,4,0.48725001311387434
2013-04-04,0.526571,16.481148,0.03240939325856262,True,False,1.0,1.0,187934.28718656916,78378.04323649092,266312.3304230601,4,0.2943087280712111
2013-04-05,0.518987,16.394522,0.03221250147187396,True,False,1.0,1.0,146792.62080534617,118349.76017889647,265142.38098424266,4,0.4463630436581542
2013-04-08,0.538097,16.593777,0.03353245673787737,True,False,1.0,1.0,201622.45623016002,67822.88313408993,269445.33936424996,4,0.251712957047676
2013-04-09,0.552809,16.752609,0.03421005138148622,True,False,1.0,1.0,208583.20997944142,62709.49323676921,271292.70321621065,4,0.23115068150871707
2013-04-10,0.588297,17.128044,0.03704558421272853,True,False,1.0,1.0,271116.89815271413,4138.89304971177,275255.7912024259,4,0.015036533951316527
2013-04-11,0.582535,17.047178,0.03702539594680232,True,False,1.0,1.0,229731.42685302967,45442.48236166616,275173.9092146958,4,0.16514095573723558
2013-04-12,0.57389,16.977877,0.03695038993276009,True,False,1.0,1.0,210031.7640315932,64425.72298451522,274457.4870161084,3,0.23473844231742147
2013-04-15,0.532941,16.564905,0.03890253742222488,True,False,1.0,1.0,170295.81753141247,99524.9791580674,269820.79668947984,4,0.3688558494347809
2013-04-16,0.564941,16.905674,0.040280095969187156,True,False,1.0,1.0,221748.4585754583,53996.72873590444,275745.1873113627,4,0.19582111028807567
2013-04-17,0.509282,16.339643,0.046529979565003834,True,False,1.0,1.0,208777.5651189406,61602.27214577841,270379.837264719,3,0.22783604269080862
2013-04-18,0.49548,16.201033,0.045686763436869546,True,False,1.0,1.0,167600.30720862965,101068.91698409247,268669.2241927221,4,0.3761834549073384
2013-04-19,0.50731,16.322319,0.04510422282076224,True,False,1.0,1.0,177938.1612093814,93133.81982659234,271071.98103597376,4,0.3435759736976749
2013-04-22,0.522779,16.498482,0.04506992096170059,True,False,1.0,1.0,246021.0646312465,27822.620781639096,273843.6854128856,3,0.10160037373032635
2013-04-23,0.556449,16.839254,0.04742861568403027,True,False,1.0,1.0,264163.05448259454,11454.408944825382,275617.46342741995,4,0.041559082658932246
2013-04-24,0.576468,17.055845,0.047710804621963955,True,False,1.0,1.0,265348.51750173734,10679.847019304623,276028.364521042,4,0.03869112160931738
2013-04-25,0.593302,17.223339,0.04813802394218386,True,False,1.0,1.0,276329.24535072676,0.0,276329.24535072676,3,0.0
2013-04-26,0.577075,17.055845,0.048388922243452266,True,False,1.0,1.0,234552.69398400356,41734.81655017304,276287.5105341766,4,0.1510557479398276
2013-04-29,0.59679,17.266649,0.047020827735983005,True,False,1.0,1.0,238864.44102690244,38844.56795404409,277709.0089809465,4,0.1398750731803202
2013-04-30,0.614535,17.399504,0.04669739680626118,True,False,1.0,1.0,278824.01679236576,0.0,278824.01679236576,4,0.0
2013-05-01,0.597245,17.263779,0.04466677375456962,True,False,1.0,1.0,235548.86498866347,43231.91988381847,278780.78487248195,4,0.1550749629447859
2013-05-02,0.621966,17.491909,0.04477535383010541,True,False,1.0,1.0,240046.49920882046,40519.22720862147,280565.7264174419,4,0.14441973268087144
2013-05-03,0.640014,17.627651,0.044655896265221776,True,False,1.0,1.0,281699.8047110762,0.0,281699.8047110762,4,0.0
2013-05-06,0.652905,17.766258,0.04431095714520715,True,False,1.0,1.0,281699.8047110762,0.0,281699.8047110762,4,0.0
2013-05-07,0.651995,17.780708,0.0441817470870781,True,False,1.0,1.0,281699.8047110762,0.0,281699.8047110762,4,0.0
2013-05-08,0.677627,17.97131,0.04296056168654477,True,False,1.0,1.0,281699.8047110762,0.0,281699.8047110762,4,0.0
2013-05-09,0.688394,18.104145,0.04281136402453723,True,False,1.0,1.0,281699.8047110762,0.0,281699.8047110762,4,0.0
2013-05-10,0.707201,18.262978,0.042636092829917906,True,False,1.0,1.0,281699.8047110762,0.0,281699.8047110762,4,0.0
2013-05-13,0.685968,18.086821,0.039057210580086495,True,False,1.0,1.0,236925.07169294005,44730.00301512102,281655.07470806106,4,0.15881128029198202
2013-05-14,0.696432,18.170563,0.03756360546487048,True,False,1.0,1.0,241461.7634999,40871.09735999943,282332.86085989943,4,0.14476209831019524
2013-05-15,0.714936,18.34672,0.02633399878235974,True,False,1.0,1.0,283376.83725197683,0.0,283376.83725197683,4,0.0
2013-05-16,0.701286,18.21677,0.025661187525606814,True,False,1.0,1.0,238279.0199070497,45052.76458034679,283331.7844873965,4,0.1590106265763871
2013-05-17,0.727675,18.450689,0.026002761040035606,True,False,1.0,1.0,284980.3467487917,0.0,284980.3467487917,4,0.0
2013-05-20,0.72358,18.416039,0.02635768115720689,True,False,1.0,1.0,284980.3467487917,0.0,284980.3467487917,4,0.0
2013-05-21,0.722063,18.413149,0.024276212766893724,True,False,1.0,1.0,284980.3467487917,0.0,284980.3467487917,4,0.0
2013-05-22,0.689001,18.121471,0.027095272292042352,True,False,1.0,1.0,241135.56341913852,43800.982347305864,284936.5457664444,4,0.1537218829879705
2013-05-23,0.688242,18.124363,0.026763988385629895,True,False,1.0,1.0,241135.56341913852,43752.73140775482,284888.29482689337,4,0.15357855061872686
2013-05-24,0.688091,18.118589,0.025541205266279284,True,False,1.0,1.0,241135.56341913852,43743.13207722491,284878.69549636345,4,0.15355002942922175
2013-05-28,0.706442,18.283192,0.02521933608107618,True,False,1.0,1.0,245622.04612639497,40418.76312843654,286040.8092548315,4,0.14130418395099625
2013-05-29,0.715087,18.352495,0.024759987999293378,True,False,1.0,1.0,286494.51568108605,0.0,286494.51568108605,4,0.0
2013-05-30,0.747998,18.635515,0.024573830748588852,True,False,1.0,1.0,286494.51568108605,0.0,286494.51568108605,4,0.0
2013-05-31,0.726158,18.390047,0.02517329298339462,True,False,1.0,1.0,241882.73157880025,44567.216885400434,286449.94846420066,4,0.1555846566716009
2013-06-03,0.727978,18.456465,0.024707170067644318,True,False,1.0,1.0,246346.1554425305,40211.025799371535,286557.18124190206,4,0.1403246138348448
2013-06-04,0.737685,18.540213,0.024559504871105094,True,False,1.0,1.0,250416.80146428428,36672.486682466304,287089.2881467506,4,0.12773895856302564
2013-06-05,0.703409,18.257206,0.027317973599182265,True,False,1.0,1.0,206601.43113791556,78740.12483950038,285341.55597741593,4,0.27595042919627333
2013-06-06,0.697949,18.231215,0.02615480152981372,True,False,1.0,1.0,160972.9376145289,123711.83900522329,284684.77661975217,4,0.4345572688295263
2013-06-07,0.731315,18.502672,0.027900536413107965,True,False,1.0,1.0,267099.4682396897,23393.217223364783,290492.6854630545,4,0.08052945355947691
2013-06-10,0.742841,18.615299,0.027501618551596937,True,False,1.0,1.0,269473.28300275985,21385.718586217114,290859.00158897694,4,0.07352606750826307
2013-06-11,0.695371,18.196548,0.030705385540038543,True,False,1.0,1.0,226422.8212953942,63026.55459762286,289449.37589301704,4,0.21774638277651015
2013-06-12,0.669892,17.985744,0.031632462605021554,True,False,1.0,1.0,182082.7157167709,105013.01642905569,287095.73214582657,4,0.36577700282815656
2013-06-13,0.710386,18.352495,0.03390559086859773,True,False,1.0,1.0,240134.12353559426,53251.38365828608,293385.50719388033,4,0.18150652418933405
2013-06-14,0.702651,18.277414,0.03371107282459247,True,False,1.0,1.0,194576.47040480044,98183.69980272878,292760.1702075292,4,0.3353724645436884
2013-06-17,0.732831,18.543098,0.034023308204273184,True,False,1.0,1.0,289673.5822774389,7208.5447654527015,296882.1270428916,4,0.02428083103975895
2013-06-18,0.768472,18.849224,0.035569661359999165,True,False,1.0,1.0,297225.1531692052,0.0,297225.1531692052,4,0.0
2013-06-19,0.743448,18.626852,0.03646839976029568,True,False,1.0,1.0,252642.62585410263,44537.989325776805,297180.6151798794,4,0.1498684202494788
2013-06-20,0.674138,18.037727,0.04146548751791566,True,False,1.0,1.0,210850.04795386828,82136.6389229483,292986.68687681656,4,0.28034256367929056
2013-06-21,0.679295,18.115696,0.04151120604743993,True,False,1.0,1.0,219118.26798137408,74488.4687162684,293606.7366976425,4,0.25370149729560515
2013-06-24,0.637133,17.728718,0.04386510381331362,True,False,1.0,1.0,175829.76034500243,113110.43367454046,288940.1940195429,4,0.3914665941800055
2013-06-25,0.6843,18.161901,0.04657302742635061,True,False,1.0,1.0,234366.2780561499,62888.89406860522,297255.1721247551,4,0.21156534844820585
2013-06-26,0.693096,18.254791,0.04658269209362342,True,False,1.0,1.0,240729.6351922672,57327.541766822455,298057.17695908964,4,0.1923373976486768
2013-06-27,0.702196,18.31846,0.04543569478184047,True,False,1.0,1.0,246531.84951004962,52272.20106110279,298804.0505711524,4,0.17493806044859997
2013-06-28,0.711599,18.38213,0.04513232993883966,True,False,1.0,1.0,278723.0960098383,20748.700197658763,299471.796207497,4,0.06928432146338907
2013-07-01,0.706291,18.358984,0.04514665295038221,True,False,1.0,1.0,278723.0960098383,20593.930305276717,299317.026315115,4,0.06880306997168895
2013-07-02,0.708111,18.385021,0.045025943985119325,True,False,1.0,1.0,280785.73107014876,18582.297840634837,299368.0289107836,4,0.06207175130973206
2013-07-03,0.719334,18.468945,0.04386678021160291,True,False,1.0,1.0,282671.5246471812,16989.131324616763,299660.655971798,4,0.05669456762523961
2013-07-05,0.747391,18.709137,0.044577399046613723,True,False,1.0,1.0,284434.93723799253,15886.599917219237,300321.5371552118,4,0.05289863680009318
2013-07-08,0.702954,18.335823,0.04558874560445839,True,False,1.0,1.0,240997.44678432515,58336.14002415773,299333.5868084829,4,0.19488671701075053
2013-07-09,0.724641,18.53261,0.04600600618381935,True,False,1.0,1.0,247005.02140292074,54122.29386122152,301127.31526414223,4,0.17973226312513907
2013-07-10,0.749515,18.723608,0.043975112283693656,True,False,1.0,1.0,296385.8888799507,6549.795931449056,302935.6848113997,3,0.021621077541679506
2013-07-11,0.797288,19.131645,0.044681609776212015,True,False,1.0,1.0,303346.1920425219,0.0,303346.1920425219,4,0.0
2013-07-12,0.810938,19.235828,0.043173559892328434,True,False,1.0,1.0,303346.1920425219,0.0,303346.1920425219,4,0.0
2013-07-15,0.810786,19.235828,0.04300985134459882,True,False,1.0,1.0,290713.0257993743,12620.545697450136,303333.57149682444,3,0.04160616193971876
2013-07-16,0.817459,19.311069,0.04222310291149794,True,False,1.0,1.0,291984.19499650237,11451.974748901315,303436.1697454037,4,0.03774096792254538
2013-07-17,0.819583,19.316868,0.041048366391299364,True,False,1.0,1.0,293131.2198597442,10333.557326503113,303464.7771862473,4,0.034051916740772306
2013-07-18,0.799259,19.154806,0.04071357394996956,True,False,1.0,1.0,256989.13762041886,46183.28227749096,303172.4198979098,3,0.15233338934010787
2013-07-19,0.794406,19.105604,0.033141328746912925,True,False,1.0,1.0,244421.74368245126,58457.702302076315,302879.4459845276,4,0.1930065016860292
2013-07-22,0.788643,19.067995,0.033322241879998486,True,False,1.0,1.0,244421.74368245126,58033.62224934904,302455.3659318003,4,0.19187499640007996
2013-07-23,0.779999,19.013008,0.029181832296684522,True,False,1.0,1.0,217652.14228205115,84118.27788700868,301770.4201690598,3,0.2787492486502931
2013-07-24,0.73723,18.657047,0.029045001175269668,True,False,1.0,1.0,169640.6352821101,127469.4377033226,297110.0729854327,4,0.4290310201282621
2013-07-25,0.750425,18.75255,0.029147500162101218,True,False,1.0,1.0,182602.7497559822,116775.80607091989,299378.5558269021,4,0.3900606900463458
2013-07-26,0.730101,18.604956,0.02988181828385662,True,False,1.0,1.0,133095.39685114994,163071.02462062257,296166.4214717725,4,0.5506060538877289
2013-07-29,0.718121,18.486311,0.030029895864535125,True,False,1.0,1.0,83029.46169710452,210411.16218282207,293440.62387992657,4,0.7170485101916922
2013-07-30,0.742083,18.709137,0.03081128251314337,True,False,1.0,1.0,156384.07439064412,144004.04447993817,300388.1188705823,4,0.47939327634319695
2013-07-31,0.7527,18.801746,0.030922890127192498,True,False,1.0,1.0,215069.4367565371,87320.20746563007,302389.64422216715,4,0.2887671887383666
2013-08-01,0.793496,19.128765,0.032776730305658495,True,False,1.0,1.0,257425.34445385344,49654.61726378222,307079.9617176356,4,0.16169930784816347
2013-08-02,0.778482,19.024576,0.03220917566659351,True,False,1.0,1.0,207454.4781882052,98636.03116416796,306090.50935237313,4,0.3222446568920489
2013-08-05,0.774842,18.984064,0.028640112466391247,True,False,1.0,1.0,207454.4781882052,98174.83212111036,305629.31030931557,4,0.32122191429137287
2013-08-06,0.759069,18.868307,0.0285167550135833,True,False,1.0,1.0,157608.67960842457,145972.34774607542,303581.0273545,4,0.48083488292441756
2013-08-07,0.73541,18.662838,0.028473588188046635,True,False,1.0,1.0,108316.95073292832,190665.10311557248,298982.05384850083,4,0.6377142061248454
2013-08-08,0.737685,18.671524,0.02440009651416527,True,False,1.0,1.0,127423.31803895072,172129.4351893909,299552.75322834164,4,0.5746214425817041
2013-08-09,0.726765,18.576025,0.024003895131860978,True,False,1.0,1.0,77349.05307138048,219605.632466431,296954.6855378115,4,0.7395257362876951
2013-08-12,0.734803,18.645477,0.024262639082104066,True,False,1.0,1.0,99530.29606955427,199831.0180015656,299361.3140711199,4,0.6675245217359359
2013-08-13,0.759372,18.86541,0.025558865041967173,True,False,1.0,1.0,208300.48072074514,97633.53871307134,305934.0194338165,4,0.31913266427107057
2013-08-14,0.725551,18.578909,0.027154507727371203,True,False,1.0,1.0,159721.12662946753,141815.9478799358,301537.0745094033,4,0.47031015377020685
2013-08-15,0.675807,18.159306,0.030572520073190043,True,False,1.0,1.0,112343.70047832924,179423.0988748654,291766.79935319466,4,0.6149537893708975
2013-08-16,0.68248,18.222965,0.030841463860010455,True,False,1.0,1.0,130445.05542783375,163075.269815356,293520.32524318976,4,0.5555842501886151
2013-08-19,0.668678,18.092735,0.0309743363978463,True,False,1.0,1.0,80563.14012326149,209609.43240314763,290172.5725264091,4,0.7223612851420363
2013-08-20,0.682025,18.220074,0.03158823677635088,True,False,1.0,1.0,101921.09032674089,192413.96579711174,294335.0561238526,4,0.653724256740068
2013-08-21,0.66701,18.081165,0.029623807214504194,True,False,1.0,1.0,52119.47988583407,237929.76896146234,290049.2488472964,4,0.8203081714813416
2013-08-22,0.689607,18.280844,0.030446610837195333,True,False,1.0,1.0,174286.1851953815,123701.37193384708,297987.5571292286,4,0.4151226082242131
2013-08-23,0.690063,18.280844,0.029962784667719393,True,False,1.0,1.0,186652.12377793147,111404.85209504499,298056.9758729765,4,0.37377032283425776
2013-08-26,0.685362,18.24612,0.029806960882868213,True,False,1.0,1.0,186652.12377793147,110645.91528826242,297298.03906619386,4,0.37217169556785046
2013-08-27,0.634251,17.797556,0.03299617941559321,True,False,1.0,1.0,139553.98718247103,149445.56086384476,288999.5480463158,4,0.5171134760387038
2013-08-28,0.655181,18.029074,0.033879473027324185,True,False,1.0,1.0,154976.26923174213,138939.47792136113,293915.74715310324,4,0.4727187272786251
2013-08-29,0.680205,18.217176,0.032609013724256335,True,False,1.0,1.0,214755.15500721376,84407.41142200939,299162.56642922317,4,0.28214563215407756
2013-08-30,0.66155,18.060907,0.03282658491795206,True,False,1.0,1.0,165222.11317878592,131576.04954298033,296798.1627217663,4,0.44331827507411636
2013-09-03,0.677778,18.211391,0.03361417223765467,True,False,1.0,1.0,178688.99736825534,121323.28098621103,300012.27835446637,4,0.4043943856286669
2013-09-04,0.729798,18.671524,0.03792790254229297,True,False,1.0,1.0,262262.6659767154,46977.61325981786,309240.2792365333,4,0.1519129829264104
2013-09-05,0.746936,18.813322,0.03765030418562938,True,False,1.0,1.0,267065.93774058664,43272.718593435144,310338.65633402177,4,0.13943708819458225
2013-09-06,0.737836,18.726505,0.037756957745705484,True,False,1.0,1.0,216689.22218052062,93071.91167363408,309761.13385415473,4,0.300463491063586
2013-09-09,0.76741,18.975382,0.038566516092144336,True,False,1.0,1.0,293757.8622564592,19656.64142212659,313414.5036785858,4,0.06271771469224971
2013-09-10,0.810028,19.345798,0.040218736493376664,True,False,1.0,1.0,309107.686364905,5383.080776769943,314490.76714167494,4,0.01711681657841777
2013-09-11,0.803051,19.293709,0.03976583363138026,True,False,1.0,1.0,309107.686364905,5336.71478129877,314444.40114620375,4,0.01697188680048215
2013-09-12,0.789098,19.166382,0.03844374549808371,True,False,1.0,1.0,258971.3928238254,55330.19676965133,314301.58959347673,4,0.176041733804835
2013-09-13,0.799563,19.256086,0.03414235302103489,True,False,1.0,1.0,264572.1848853454,50457.586139819716,315029.7710251651,4,0.16016767550451314
2013-09-16,0.809118,19.319756,0.034149929270947205,True,False,1.0,1.0,271812.011440091,43813.49468491546,315625.5061250065,4,0.13881481006659427
2013-09-17,0.825497,19.452879,0.033538347970573354,True,False,1.0,1.0,316364.9370944662,102.88939751503327,316467.8264919812,4,0.0003251180338158019
2013-09-18,0.84673,19.626513,0.033643413444392846,True,False,1.0,1.0,316470.3674231268,0.0,316470.3674231268,4,0.0
2013-09-19,0.837933,19.568628,0.03313179299092188,True,False,1.0,1.0,266053.03078774957,50366.969665711615,316420.0004534612,4,0.15917757914648492
2013-09-20,0.824436,19.461561,0.0332597568977645,True,False,1.0,1.0,215934.42756156292,99624.21874179583,315558.6463033587,4,0.31570746011511036
2013-09-23,0.813819,19.380527,0.033575971459581605,True,False,1.0,1.0,165650.4090685639,148575.05325094238,314225.4623195063,4,0.47282945231176204
2013-09-24,0.830198,19.502905,0.03347633628439903,True,False,1.0,1.0,180791.78145563853,136408.76024391578,317200.5416995543,4,0.4300394933534486
2013-09-25,0.832322,19.523262,0.02659367221863051,True,False,1.0,1.0,194453.88087428236,123081.97674453903,317535.8576188214,4,0.38761599293863047
2013-09-26,0.831108,19.511631,0.026407502923836763,True,False,1.0,1.0,194453.88087428236,122902.45305086294,317356.3339251453,4,0.3872695765380623
2013-09-27,0.811999,19.354654,0.026799602413752486,True,False,1.0,1.0,144768.4746012887,169712.425973077,314480.90057436575,4,0.53965892893055
2013-09-30,0.813516,19.375011,0.02545039085135347,True,False,1.0,1.0,161754.42041575225,153026.5388690409,314780.9592847931,4,0.4861365795972194
2013-10-01,0.834597,19.561045,0.025490914832343593,True,False,1.0,1.0,177437.91954425428,141292.7849414596,318730.70448571385,4,0.443298317209325
2013-10-02,0.83308,19.526169,0.0207375299534383,True,False,1.0,1.0,177437.91954425428,141035.96499751517,318473.88454176945,4,0.44284938842141575
2013-10-03,0.826407,19.476751,0.020598410147164275,True,False,1.0,1.0,127066.141618133,190227.71844413367,317293.8600622667,4,0.5995316720178664
2013-10-04,0.84491,19.625008,0.020512705964428994,True,False,1.0,1.0,247203.98285045606,74228.75955341401,321432.7424038701,3,0.2309309219660887
2013-10-07,0.832322,19.526169,0.01955287422413182,True,False,1.0,1.0,196616.3001441296,123659.99841966978,320276.29856379936,4,0.38610412001822414
2013-10-08,0.792738,19.215118,0.019226492864320835,True,False,1.0,1.0,147654.34368924628,166691.95569207025,314346.2993813165,4,0.5302812726605864
2013-10-09,0.782577,19.145355,0.019337744621189024,True,False,1.0,1.0,156078.20155027258,156046.67794160426,312124.8794918768,3,0.49994950160858753
2013-10-10,0.83581,19.572681,0.024057602638152285,True,False,1.0,1.0,252221.05204345888,70422.30461917179,322643.3566626307,4,0.2182667120364988
2013-10-11,0.843545,19.61047,0.02398451959416669,True,False,1.0,1.0,259321.3473937214,63966.62477713995,323287.9721708613,4,0.19786268059280868
2013-10-14,0.860076,19.764538,0.02419468396171561,True,False,1.0,1.0,322040.4067455161,2438.341217936893,324478.747963453,3,0.0075146407376162905
2013-10-15,0.838085,19.587212,0.024673202497680978,True,False,1.0,1.0,270902.2695861269,53463.046183620594,324365.3157697475,4,0.16482356030190243
2013-10-16,0.861896,19.77326,0.024817376332901375,True,False,1.0,1.0,276394.97093119624,49483.79590152559,325878.7668327218,4,0.1518472540646575
2013-10-17,0.880096,19.918612,0.02505255635432371,True,False,1.0,1.0,326873.1496753966,0.0,326873.1496753966,3,0.0
2013-10-18,0.886011,19.973848,0.02467392250013058,True,False,1.0,1.0,326873.1496753966,0.0,326873.1496753966,4,0.0
2013-10-21,0.896475,20.023264,0.024418127573190687,True,False,1.0,1.0,326873.1496753966,0.0,326873.1496753966,4,0.0
2013-10-22,0.89056,19.976753,0.024275800135170687,True,False,1.0,1.0,273611.97452474997,53207.96718346321,326819.9417082132,4,0.16280514250555617
2013-10-23,0.802596,19.31687,0.03417171289747807,True,False,1.0,1.0,225221.26565430794,96294.78029927907,321516.045953587,4,0.2995022534992853
2013-10-24,0.822161,19.488373,0.03465972371645003,True,False,1.0,1.0,235075.6186603994,88777.95500983312,323853.57367023255,4,0.27412992237112765
2013-10-25,0.83126,19.549431,0.0343228426457637,True,False,1.0,1.0,289059.61213976,35722.444699352505,324782.0568391125,4,0.10998897244205938
2013-10-28,0.848398,19.683142,0.034591914780673465,True,False,1.0,1.0,292701.85930519603,32813.037526450375,325514.8968316464,4,0.10080348962776044
2013-10-29,0.885706,20.000008,0.035425556931335256,True,False,1.0,1.0,296124.031624224,30830.381252504165,326954.41287672817,4,0.0942956572484867
2013-10-30,0.872664,19.889544,0.035637111382065094,True,False,1.0,1.0,243071.2194220048,83376.21700415433,326447.4364261591,4,0.2554047227845627
2013-10-31,0.887526,20.020359,0.035691493170148796,True,False,1.0,1.0,251542.3562871048,76316.54833423422,327858.90462133905,4,0.2327725349487643
2013-11-01,0.877821,19.933147,0.035552701747889805,True,False,1.0,1.0,198279.16989557853,128692.0116178047,326971.1815133832,4,0.393588239251407
2013-11-04,0.876152,19.918612,0.03534455903927624,True,False,1.0,1.0,198279.16989557853,128447.32965258614,326726.49954816466,4,0.39313410399896553
2013-11-05,0.868266,19.872099,0.03337236058685738,True,False,1.0,1.0,144916.27537418687,180600.79596848204,325517.0713426689,4,0.5548120570867547
2013-11-06,0.877972,19.912796,0.03314269184358519,True,False,1.0,1.0,163159.97944598077,164357.6943404856,327517.67378646636,4,0.5018284736830504
2013-11-07,0.827468,19.561045,0.03301184660865626,True,False,1.0,1.0,112438.8329676615,205573.7446948641,318012.5776625256,4,0.6464327486852378
2013-11-08,0.85492,19.77326,0.03378123315371702,True,False,1.0,1.0,185956.14096196313,138802.94088614793,324759.08184811106,4,0.427402799934832
2013-11-11,0.854312,19.77326,0.033492204400442364,True,False,1.0,1.0,185956.14096196313,138704.22733627335,324660.3682982365,4,0.4272287007598604
2013-11-12,0.868569,19.895357,0.03312997756812394,True,False,1.0,1.0,200043.93533231103,126917.06639953045,326961.0017318415,4,0.3881718789925352
2013-11-13,0.893138,20.055231,0.033124945911426625,True,False,1.0,1.0,213081.59847652802,117456.4247226754,330538.0231992034,4,0.35534920789396934
2013-11-14,0.880702,19.970932,0.03298428500715806,True,False,1.0,1.0,160011.64140793233,168837.90863065794,328849.55003859027,4,0.5134199168307967
2013-11-15,0.897385,20.098839,0.03322211402938074,True,False,1.0,1.0,211998.76862457342,119997.01229775896,331995.7809223324,4,0.36144137725000564
2013-11-18,0.873119,19.918612,0.033683813541165175,True,False,1.0,1.0,159634.06731375182,169064.58712045103,328698.6544342028,4,0.514345236403435
2013-11-19,0.842635,19.688969,0.03453324748888733,True,False,1.0,1.0,107690.91396642828,215053.14307539113,322744.05704181944,4,0.6663271976144419
2013-11-20,0.830047,19.584311,0.0253040038520076,True,False,1.0,1.0,54661.77058234073,264816.6631021581,319478.4336844988,4,0.8289030969886312
2013-11-21,0.874332,19.938959,0.027294178685327936,True,False,1.0,1.0,192064.56094734088,141404.93708243736,333469.49802977825,4,0.4240415927630363
2013-11-22,0.875849,19.965126,0.027231065092671352,True,False,1.0,1.0,206215.42393370956,127485.25212944752,333700.6760631571,4,0.38203474333183346
2013-11-25,0.872816,19.938959,0.026931606519665075,True,False,1.0,1.0,206215.42393370956,127043.78017513963,333259.20410884917,4,0.38121611829104823
2013-11-26,0.895261,20.107567,0.025760095037858616,True,False,1.0,1.0,219233.47176299916,117279.71017378017,336513.18193677935,4,0.3485144608564353
2013-11-27,0.90694,20.162794,0.025636670931009135,True,False,1.0,1.0,306901.7052748701,31053.67644521555,337955.3817200856,4,0.09188691207449395
2013-11-29,0.906788,20.194773,0.025395348362325845,True,False,1.0,1.0,306901.7052748701,31048.471956694077,337950.1772315642,4,0.09187292698301974
2013-12-02,0.901935,20.145355,0.02528551131270977,True,False,1.0,1.0,306901.7052748701,30882.304964623338,337784.01023949345,4,0.09142618960183273
2013-12-03,0.911186,20.21512,0.025348263775757378,True,False,1.0,1.0,333470.04617804685,4604.123884240675,338074.17006228754,4,0.01361867983996648
2013-12-04,0.89966,20.122099,0.025445757702033552,True,False,1.0,1.0,280437.27518278756,57525.67546225936,337962.9506450469,4,0.1702129637360072
2013-12-05,0.905575,20.162794,0.02537796221502139,True,False,1.0,1.0,286221.8737803888,52113.50087928991,338335.3746596787,4,0.1540291225288201
2013-12-06,0.936817,20.39826,0.021950866389830875,True,False,1.0,1.0,340079.3596205241,0.0,340079.3596205241,4,0.0
2013-12-09,0.944097,20.444771,0.021060946819635253,True,False,1.0,1.0,340079.3596205241,0.0,340079.3596205241,4,0.0
2013-12-10,0.936059,20.389544,0.02124421418772329,True,False,1.0,1.0,286881.05632829753,53145.158134092446,340026.21446239,4,0.15629723790008193
2013-12-11,0.908456,20.212214,0.022376866270136454,True,False,1.0,1.0,234807.89198610964,103599.12896469934,338407.020950809,4,0.30613764653469927
2013-12-12,0.885555,20.046513,0.022342689243631277,True,False,1.0,1.0,182491.01012892698,153252.14624556794,335743.1563744949,4,0.45645650055969367
2013-12-13,0.880854,20.005819,0.022147915958523886,True,False,1.0,1.0,182491.01012892698,152438.60181354464,334929.6119424716,4,0.45513623274292003
2013-12-16,0.916343,20.252905,0.023515092623471488,True,False,1.0,1.0,252360.7910357152,88640.5272929309,341001.3183286461,4,0.2599418903345764
2013-12-17,0.944855,20.465128,0.02340009960744227,True,False,1.0,1.0,307340.38613169413,36363.946370104706,343704.33250179887,4,0.10580008144038855
2013-12-18,0.963661,20.572678,0.021692058922937393,True,False,1.0,1.0,311045.44927958865,33378.94727832877,344424.3965579174,4,0.09691226176748448
2013-12-19,0.946372,20.488373,0.021863283738475004,True,False,1.0,1.0,258344.13136857402,85428.76628179681,343772.89765037084,4,0.2485034942128593
2013-12-20,0.970486,20.671515,0.01964045929466839,True,False,1.0,1.0,300677.65777884074,45229.62878275725,345907.286561598,4,0.13075650771150468
2013-12-23,0.9946,20.825792,0.020084797826703717,True,False,1.0,1.0,346984.7692658102,0.0,346984.7692658102,4,0.0
2013-12-24,1.00643,20.872452,0.01998185781511226,True,False,1.0,1.0,346984.7692658102,0.0,346984.7692658102,4,0.0
2013-12-26,1.015681,20.954115,0.019525157077009907,True,False,1.0,1.0,346984.7692658102,0.0,346984.7692658102,4,0.0
2013-12-27,1.012951,20.971617,0.019558203305527596,True,False,1.0,1.0,346984.7692658102,0.0,346984.7692658102,4,0.0
2013-12-30,1.020687,21.006609,0.019516277854919804,True,False,1.0,1.0,346984.7692658102,0.0,346984.7692658102,4,0.0
2013-12-31,1.046772,21.204924,0.019782940648115557,True,False,1.0,1.0,346984.7692658102,0.0,346984.7692658102,4,0.0
2014-01-02,0.999757,20.91329,0.023081355673218777,True,False,1.0,1.0,294678.24776865006,52254.2672299302,346932.5149985803,4,0.1506179587408924
2014-01-03,0.996117,20.852036,0.02280939226294443,True,False,1.0,1.0,294678.24776865006,52064.01546603463,346742.2632346847,4,0.15015191681665951
2014-01-06,0.977311,20.749964,0.0234335478669986,True,False,1.0,1.0,240831.80030746525,104873.73767026464,345705.5379777299,4,0.30336146271692216
2014-01-07,1.00006,20.892868,0.022814759703816585,True,False,1.0,1.0,274427.7729446618,73685.29557152168,348113.06851618347,3,0.21167058130165003
2014-01-08,1.044194,21.204924,0.024495365878445467,True,False,1.0,1.0,351287.9631137371,0.0,351287.9631137371,4,0.0
2014-01-09,1.022052,21.047434,0.025034942076053435,True,False,1.0,1.0,296105.58363401727,55127.252227492354,351232.8358615096,4,0.15695358348907024
2014-01-10,1.034487,21.143682,0.02373191753790803,True,False,1.0,1.0,313796.7805524823,38089.06313918992,351885.8436916722,3,0.10824266966693934
2014-01-13,0.997633,20.904539,0.024600715754727685,True,False,1.0,1.0,258325.40725559887,92148.08285367739,350473.49010927626,4,0.2629245448063589
2014-01-14,1.066185,21.353651,0.027884962611342923,True,False,1.0,1.0,356706.93314100034,0.0,356706.93314100034,4,0.0
2014-01-15,1.093181,21.543222,0.027246628873639545,True,False,1.0,1.0,356706.93314100034,0.0,356706.93314100034,3,0.0
2014-01-16,1.074981,21.4324,0.027311702610464752,True,False,1.0,1.0,298876.8187636517,57772.342035313326,356649.160798965,4,0.1619864796706427
2014-01-17,1.056479,21.315748,0.027620783881813972,True,False,1.0,1.0,240977.46728833445,114619.50524259474,355596.9725309292,4,0.3223298118282639
2014-01-21,1.077256,21.4324,0.02727116175933307,True,False,1.0,1.0,252653.14424830026,105186.27891861075,357839.423166911,4,0.29394826871702046
2014-01-22,1.11411,21.662786,0.02764024646894928,True,False,1.0,1.0,361329.16565900244,0.0,361329.16565900244,4,0.0
2014-01-23,1.076195,21.446978,0.02879481319029703,True,False,1.0,1.0,304417.64389536995,56854.667096535966,361272.3109919059,4,0.1573734420455205
2014-01-24,1.000667,20.948273,0.033417450453155875,True,False,1.0,1.0,249618.0810433517,107609.39105234001,357227.4720956917,4,0.30123492580524247
2014-01-27,0.981558,20.802462,0.03359909591259357,True,False,1.0,1.0,191742.63232301228,163372.08493109042,355114.7172541027,4,0.46005439085812194
2014-01-28,0.993538,20.887035,0.03373946343917217,True,False,1.0,1.0,208262.70124851106,148829.4497792684,357092.15102777944,4,0.4167816328387751
2014-01-29,0.979585,20.808294,0.033799003161808484,True,False,1.0,1.0,150087.33599433856,204856.57409336654,354943.9100877051,4,0.5771519619613908
2014-01-30,1.017653,21.070766,0.03446315543033672,True,False,1.0,1.0,285558.6417156059,77210.66541786215,362769.3071334681,4,0.21283681915641012
2014-01-31,1.00188,20.974525,0.033037670694343664,True,False,1.0,1.0,227456.92285453904,134057.62244378496,361514.54529832397,4,0.3708222094719863
2014-02-03,0.938637,20.50499,0.03612857665155234,True,False,1.0,1.0,172184.629801644,180812.40132303437,352997.0311246784,4,0.5122207423301856
2014-02-04,0.940154,20.539991,0.0359393117993502,True,False,1.0,1.0,190276.98188781817,162994.162938506,353271.1448263242,4,0.4613854409723655
2014-02-05,0.943945,20.566236,0.03549362437957831,True,False,1.0,1.0,206625.7574724408,147286.26652813182,353912.0240005726,4,0.4161663253574383
2014-02-06,0.988837,20.892868,0.035724268473515904,True,False,1.0,1.0,269110.1487810991,91743.94727595712,360854.0960570562,4,0.2542411137310496
2014-02-07,1.036611,21.222412,0.037101152421887364,True,False,1.0,1.0,306434.04863796575,58815.1409884062,365249.18962637195,4,0.16102743731908226
2014-02-10,1.052535,21.330326,0.03715870446060144,True,False,1.0,1.0,348702.9883331225,17407.384511394845,366110.37284451735,4,0.047546821402920346
2014-02-11,1.092725,21.610298,0.03693767159341458,True,False,1.0,1.0,350508.387940354,16264.86132640961,366773.2492667636,4,0.04434582227282273
2014-02-12,1.123513,21.799864,0.03445539284754909,True,False,1.0,1.0,367214.7956461125,0.0,367214.7956461125,4,0.0
2014-02-13,1.163855,22.047758,0.03488060716680771,True,False,1.0,1.0,367214.7956461125,0.0,367214.7956461125,4,0.0
2014-02-14,1.183117,22.190653,0.034672093019758175,True,False,1.0,1.0,367214.7956461125,0.0,367214.7956461125,4,0.0
2014-02-18,1.192672,22.248976,0.03428091102034646,True,False,1.0,1.0,367214.7956461125,0.0,367214.7956461125,4,0.0
2014-02-19,1.189942,22.228567,0.034178048913356275,True,False,1.0,1.0,367214.7956461125,0.0,367214.7956461125,4,0.0
2014-02-20,1.217999,22.380213,0.033797894469250134,True,False,1.0,1.0,367214.7956461125,0.0,367214.7956461125,4,0.0
2014-02-21,1.199496,22.283974,0.03288599395000484,True,False,1.0,1.0,309103.42309776257,58053.319229120825,367156.74232688337,4,0.15811590129382772
2014-02-24,1.213297,22.371468,0.027257577446900775,True,False,1.0,1.0,314969.6771030009,52849.13518232755,367818.81228532846,4,0.14368252361527076
2014-02-25,1.195553,22.251898,0.027021590042868124,True,False,1.0,1.0,256919.54903697537,110068.37292288235,366987.9219598577,4,0.29992369322422
2014-02-26,1.218757,22.403547,0.02709935936500636,True,False,1.0,1.0,268128.7930753739,100984.18052611302,369112.97360148694,4,0.2735861043864057
2014-02-27,1.217089,22.400639,0.026641704952701625,True,False,1.0,1.0,268128.7930753739,100845.97281685058,368974.7658922245,4,0.2733140098971081
2014-02-28,1.213297,22.383131,0.02600846665240971,True,False,1.0,1.0,268128.7930753739,100531.77399579353,368660.56707116746,4,0.2726946762830388
2014-03-03,1.193429,22.243149,0.02605315859843001,True,False,1.0,1.0,210201.02505661096,156755.4426394418,366956.46769605274,4,0.42717721702423067
2014-03-04,1.255307,22.636852,0.02115739796304269,True,False,1.0,1.0,374919.1844351382,0.0,374919.1844351382,4,0.0
2014-03-05,1.263194,22.680597,0.021033159969450824,True,False,1.0,1.0,374919.1844351382,0.0,374919.1844351382,4,0.0
2014-03-06,1.292009,22.838087,0.0209429422231002,True,False,1.0,1.0,374919.1844351382,0.0,374919.1844351382,4,0.0
2014-03-07,1.285944,22.811844,0.020094699893731496,True,False,1.0,1.0,374919.1844351382,0.0,374919.1844351382,4,0.0
2014-03-10,1.277754,22.773928,0.018849416011466072,True,False,1.0,1.0,316490.19775747013,58370.61606160642,374860.8138190766,4,0.15571277100673028
2014-03-11,1.25743,22.648523,0.019709279141519005,True,False,1.0,1.0,258637.90944836926,115236.66480778158,373874.57425615087,4,0.3082227911246782
2014-03-12,1.289128,22.829336,0.018934845633225797,True,False,1.0,1.0,270440.2568091842,106327.45370103567,376767.7105102199,4,0.2822095703398965
2014-03-13,1.224671,22.458958,0.022554587975024416,True,False,1.0,1.0,214591.4147510832,156804.08053699377,371395.495288077,4,0.42220242982583017
2014-03-14,1.205259,22.330647,0.02174832058135671,True,False,1.0,1.0,156685.1156872891,212167.06296207831,368852.1786493674,4,0.5752089190281435
2014-03-17,1.248483,22.607697,0.022798135801041626,True,False,1.0,1.0,238503.87231089507,137875.31723420447,376379.1895450995,4,0.36632024581604455
2014-03-18,1.301716,22.93433,0.024404434093898454,True,False,1.0,1.0,350360.7431461682,31785.22541751984,382145.96856368805,4,0.08317561359337629
2014-03-19,1.298834,22.913912,0.024403359541030102,True,False,1.0,1.0,350360.7431461682,31714.852909497124,382075.5960556653,4,0.08300674849925911
2014-03-20,1.371936,23.336788,0.02660154617789396,True,False,1.0,1.0,383827.09657763265,0.0,383827.09657763265,4,0.0
2014-03-21,1.33584,23.132647,0.0271937050927971,True,False,1.0,1.0,326475.7374553057,57294.06505726966,383769.80251257535,4,0.14929279136128032
2014-03-24,1.319309,23.039314,0.02743731312347368,True,False,1.0,1.0,268297.2457583948,114705.42318556955,383002.6689439644,4,0.2994898795401127
2014-03-25,1.346608,23.211546,0.027288669237212047,True,False,1.0,1.0,279993.4274159571,105371.00592398451,385364.4333399416,4,0.2734320990931552
2014-03-26,1.305811,22.948372,0.02828009889540369,True,False,1.0,1.0,222866.5613855889,159248.46932727192,382115.0307128608,4,0.4167553132630857
2014-03-27,1.273507,22.778786,0.02897954929656864,True,False,1.0,1.0,165399.80104052048,212718.22833357146,378118.02937409194,4,0.5625709746919214
2014-03-28,1.300958,22.927917,0.029254681651971527,True,False,1.0,1.0,187108.41696610945,195573.1164467473,382681.53341285675,4,0.5110597177307556
2014-03-31,1.363594,23.302193,0.030395990796715542,True,False,1.0,1.0,371686.52662830945,20226.31862138708,391912.8452496965,3,0.05160922604744031
2014-04-01,1.427292,23.673557,0.03004171305359889,True,False,1.0,1.0,392836.51254420454,0.0,392836.51254420454,4,0.0
2014-04-02,1.418344,23.638472,0.03017597450734691,True,False,1.0,1.0,376593.04878350784,16227.236524172551,392820.2853076804,4,0.04130956860199419
2014-04-03,1.426837,23.673557,0.02991786390482826,True,False,1.0,1.0,378223.85681449046,14691.964243086803,392915.82105757727,4,0.03739214217320576
2014-04-04,1.306873,23.003935,0.036401863976495044,True,False,1.0,1.0,320856.5703908353,70766.68620890852,391623.2565997438,4,0.18070092880422367
2014-04-07,1.270777,22.796326,0.036943782432201096,True,False,1.0,1.0,259733.55150826444,129874.0581784051,389607.60968666954,4,0.3333457944593343
2014-04-08,1.318399,23.094582,0.037639434376244556,True,False,1.0,1.0,336481.068331324,57916.70972696417,394397.77805828815,4,0.14684846859964978
2014-04-09,1.360864,23.337286,0.03788379470078666,True,False,1.0,1.0,386912.6794522439,9300.085978868501,396212.7654311124,3,0.02347245417181154
2014-04-10,1.23544,22.615026,0.04238275702848457,True,False,1.0,1.0,328274.85049584357,67022.19347016544,395297.043966009,4,0.16954893666224474
2014-04-11,1.176443,22.261215,0.04367538119002472,True,False,1.0,1.0,266544.1524633289,125490.65559211263,392034.80805544154,4,0.3201007997595095
2014-04-14,1.204046,22.439585,0.04322720394638793,True,False,1.0,1.0,304474.4548206626,90466.78479168963,394941.2396123522,3,0.22906391057182518
2014-04-15,1.228919,22.585791,0.04235066457096884,True,False,1.0,1.0,358183.14357458265,38573.18273196557,396756.3263065482,4,0.09722134260856762
2014-04-16,1.22179,22.547779,0.042355362638106804,True,False,1.0,1.0,341806.1061019404,54710.09521161523,396516.2013135556,4,0.13797694780282582
2014-04-17,1.292313,22.971767,0.04245409301570115,True,False,1.0,1.0,394855.88423759665,4765.138260950946,399621.02249854757,4,0.011924143107281761
2014-04-21,1.326437,23.179373,0.04254364189766892,True,False,1.0,1.0,395344.491490154,4401.867140156363,399746.3586303104,4,0.011011650375600434
2014-04-22,1.364352,23.386997,0.04290420523995236,True,False,1.0,1.0,395796.80777356366,4074.9214721588387,399871.7292457225,4,0.010190571561148765
2014-04-23,1.358742,23.366526,0.04268889383789874,True,False,1.0,1.0,395796.80777356366,4058.166038473975,399854.9738120376,4,0.010149094807512943
2014-04-24,1.379822,23.498102,0.04215704012551378,True,False,1.0,1.0,396208.50824596826,3709.0132649062984,399917.52151087456,4,0.009274445517900227
2014-04-25,1.24636,22.729073,0.04791263378857393,True,False,1.0,1.0,336203.19793483487,63295.62735166316,399498.82528649806,4,0.1584375806518858
2014-04-28,1.22361,22.600409,0.04775854506371972,True,False,1.0,1.0,274857.99452364416,123424.20206155725,398282.1965852014,4,0.3098913361424983
2014-04-29,1.245905,22.75539,0.04658443242721432,True,False,1.0,1.0,287412.7346482783,113105.76688859524,400518.5015368735,4,0.2823983572658558
2014-04-30,1.27108,22.869421,0.04547032600168478,True,False,1.0,1.0,298940.3159404778,103852.08371350954,402792.3996539874,4,0.25783029620897036
2014-05-01,1.258492,22.796326,0.045479797566183,True,False,1.0,1.0,298940.3159404778,102823.5961047157,401763.91204519355,4,0.2559303935022151
2014-05-02,1.266075,22.875277,0.045480313726182435,True,False,1.0,1.0,309274.2872373823,93098.84051265338,402373.1277500357,4,0.23137439876573643
2014-05-05,1.272142,22.895748,0.04122398322979368,True,False,1.0,1.0,318619.4295253416,84190.47106269619,402809.9005880378,4,0.20900794876141726
2014-05-06,1.256975,22.808018,0.04083252017988473,True,False,1.0,1.0,252993.54293746053,148747.04391108986,401740.58684855036,4,0.3702564510047004
2014-05-07,1.259402,22.816792,0.03988800976266476,True,False,1.0,1.0,267882.06436955894,134130.82371259807,402012.888082157,4,0.3336480687285492
2014-05-08,1.285185,22.974695,0.03945471774265199,True,False,1.0,1.0,319526.63446469704,85180.53919627736,404707.17366097437,4,0.21047449795795714
2014-05-09,1.27472,22.901594,0.03277428061566315,True,False,1.0,1.0,319526.63446469704,84486.93139452972,404013.56585922674,4,0.20911904582918903
2014-05-12,1.343727,23.319736,0.03241120392367414,True,False,1.0,1.0,408498.2074306152,0.0,408498.2074306152,4,0.0
2014-05-13,1.314001,23.135513,0.032786200183575566,True,False,1.0,1.0,343693.7341117977,64739.73358523227,408433.46769703,4,0.1585074160309881
2014-05-14,1.280483,22.942532,0.03322230713833198,True,False,1.0,1.0,279107.9376755201,127609.60483546145,406717.54251098156,4,0.3137548580954458
2014-05-15,1.235591,22.673515,0.03425035995288602,True,False,1.0,1.0,215147.16711841768,187032.65857728533,402179.82569570304,4,0.46504734108368184
2014-05-16,1.272142,22.924984,0.03243081112308763,True,False,1.0,1.0,234384.45261559894,173308.8783529845,407693.33096858347,4,0.4250961818316806
2014-05-19,1.312939,23.155987,0.03269289575535338,True,False,1.0,1.0,313299.2764512898,99872.99551365213,413172.271964942,4,0.2417224056171089
2014-05-20,1.294436,23.044874,0.03210320773387579,True,False,1.0,1.0,247959.57204471706,163739.9343303474,411699.5063750645,4,0.39771710141711425
2014-05-21,1.313091,23.155987,0.03232192692568875,True,False,1.0,1.0,264552.93229394226,149489.7319750016,414042.66426894383,4,0.3610491016401626
2014-05-22,1.332352,23.261251,0.03229924664043692,True,False,1.0,1.0,325779.396159769,90394.76191463953,416174.15807440854,4,0.21720416840124343
2014-05-23,1.368144,23.483486,0.02271402643182226,True,False,1.0,1.0,418509.67921844847,0.0,418509.67921844847,4,0.0
2014-05-27,1.420467,23.77297,0.023162619404993413,True,False,1.0,1.0,418509.67921844847,0.0,418509.67921844847,4,0.0
2014-05-28,1.425017,23.80806,0.023042795748688477,True,False,1.0,1.0,418509.67921844847,0.0,418509.67921844847,4,0.0
2014-05-29,1.433814,23.851919,0.022829543502539715,True,False,1.0,1.0,418509.67921844847,0.0,418509.67921844847,4,0.0
2014-05-30,1.439729,23.881172,0.02252608819795569,True,False,1.0,1.0,418509.67921844847,0.0,418509.67921844847,4,0.0
2014-06-02,1.463084,24.012749,0.022621789162720937,True,False,1.0,1.0,418509.67921844847,0.0,418509.67921844847,4,0.0
2014-06-03,1.504337,24.237907,0.02307192066220397,True,False,1.0,1.0,418509.67921844847,0.0,418509.67921844847,4,0.0
2014-06-04,1.524811,24.346098,0.02258619072930594,True,False,1.0,1.0,418509.67921844847,0.0,418509.67921844847,4,0.0
2014-06-05,1.545892,24.465988,0.02252772053692002,True,False,1.0,1.0,418509.67921844847,0.0,418509.67921844847,4,0.0
2014-06-06,1.568945,24.60927,0.02243278105386688,True,False,1.0,1.0,418509.67921844847,0.0,418509.67921844847,4,0.0
2014-06-09,1.580168,24.632664,0.022038596969033097,True,False,1.0,1.0,418509.67921844847,0.0,418509.67921844847,4,0.0
2014-06-10,1.59594,24.705767,0.019701800276136522,True,False,1.0,1.0,418509.67921844847,0.0,418509.67921844847,4,0.0
2014-06-11,1.619145,24.834419,0.018327647869401147,True,False,1.0,1.0,418509.67921844847,0.0,418509.67921844847,4,0.0
2014-06-12,1.60231,24.749628,0.016999319555155643,True,False,1.0,1.0,353161.03061433136,65283.36523887824,418444.3958532096,4,0.15601443318595587
2014-06-13,1.647809,24.992331,0.013318342583244625,True,False,1.0,1.0,359868.03127426107,60423.42936873618,420291.46064299723,4,0.14376554136097683
2014-06-16,1.678597,25.141457,0.012903856403059084,True,False,1.0,1.0,421358.87194863794,0.0,421358.87194863794,4,0.0
2014-06-17,1.716361,25.32567,0.012388974060739306,True,False,1.0,1.0,421358.87194863794,0.0,421358.87194863794,4,0.0
2014-06-18,1.695734,25.220411,0.012149152391129006,True,False,1.0,1.0,356213.73638903606,65080.05550409782,421293.7918931339,4,0.15447665443075445
2014-06-19,1.700436,25.255493,0.012380640152100015,True,False,1.0,1.0,362733.2615499342,58734.46090899249,421467.7224589267,4,0.13935696087549465
2014-06-20,1.715299,25.331524,0.012409158160669826,True,False,1.0,1.0,368652.12088369747,53323.05706093056,421975.17794462806,4,0.12636538793741003
2014-06-23,1.696342,25.237955,0.013030829841660109,True,False,1.0,1.0,303445.517514274,117875.20760482765,421320.72511910164,4,0.2797754788148766
2014-06-24,1.658577,25.03327,0.013446574747263577,True,False,1.0,1.0,238966.60960795757,179665.4912680484,418632.10087600595,4,0.42917275309774505
2014-06-25,1.676473,25.138847,0.013417881678900422,True,False,1.0,1.0,257108.85689569134,163443.66925886288,420552.5261545542,4,0.3886403221812937
2014-06-26,1.655089,25.027414,0.014213173391541272,True,False,1.0,1.0,248274.00755513652,170104.7385911296,418378.7461462661,3,0.40658073613438434
2014-06-27,1.662975,25.059669,0.014206674549926189,True,False,1.0,1.0,265348.439669115,153823.71273854483,419172.1524076598,4,0.36697025757795526
2014-06-30,1.714996,25.335302,0.015046833960497953,True,False,1.0,1.0,367221.4154935644,56660.65832999551,423882.0738235599,4,0.13367080570050338
2014-07-01,1.78567,25.681322,0.016143508394656097,True,False,1.0,1.0,426158.03139375476,0.0,426158.03139375476,3,0.0
2014-07-02,1.799168,25.748764,0.016102422609716678,True,False,1.0,1.0,426158.03139375476,0.0,426158.03139375476,4,0.0
2014-07-03,1.835415,25.910046,0.016272392087512976,True,False,1.0,1.0,426158.03139375476,0.0,426158.03139375476,4,0.0
2014-07-07,1.797044,25.737034,0.01748765831320752,True,False,1.0,1.0,359283.4245849912,66807.79900975386,426091.22359474504,4,0.1567922437972923
2014-07-08,1.769897,25.599207,0.018165668135618956,True,False,1.0,1.0,324168.3737696721,100846.60144598165,425014.9752156538,3,0.23727776037729448
2014-07-09,1.800684,25.754629,0.01832886003425844,True,False,1.0,1.0,334418.19445508363,92340.72689559923,426758.92135068285,4,0.21637679325681772
2014-07-10,1.77475,25.637342,0.018768018786529585,True,False,1.0,1.0,265814.29766999366,159546.1690156506,425360.46668564423,4,0.37508462001373677
2014-07-11,1.778239,25.634399,0.018446950625648797,True,False,1.0,1.0,322651.41436993,102965.81182448275,425617.22619441274,3,0.24192115705732783
2014-07-14,1.802201,25.760492,0.01777377845274041,True,False,1.0,1.0,333076.3079836039,93917.96048354871,426994.2684671526,4,0.21995133756877006
2014-07-15,1.787944,25.684252,0.017658409057102118,True,False,1.0,1.0,262753.8471883329,163427.19513857175,426181.0423269046,4,0.3834689460757712
2014-07-16,1.849823,25.983349,0.0185045557585676,True,False,1.0,1.0,417656.98431547126,14025.055826802407,431682.04014227365,4,0.03248931973676744
2014-07-17,1.706957,25.311846,0.026256374113976556,True,False,1.0,1.0,352164.1609630063,78369.26510774679,430533.42607075314,4,0.18202829411639623
2014-07-18,1.77384,25.643204,0.027607166094143893,True,False,1.0,1.0,424812.0012105823,8719.41525353484,433531.4164641172,4,0.02011253376894898
2014-07-21,1.7884,25.719439,0.0276007841720941,True,False,1.0,1.0,425690.2206913237,7911.887213885997,433602.1079052097,4,0.018246883651256658
2014-07-22,1.822523,25.886583,0.027661187811680983,True,False,1.0,1.0,426495.6991538764,7256.562725699974,433752.26187957637,4,0.016729740368972717
2014-07-23,1.696644,25.294252,0.031941268237094866,True,False,1.0,1.0,360269.1950164072,72915.70633734853,433184.90135375573,4,0.16832467177290353
2014-07-24,1.653723,25.059669,0.03239754922871879,True,False,1.0,1.0,290854.961601221,140416.00340480666,431270.96500602766,4,0.32558649850876037
2014-07-25,1.554233,24.564095,0.03512319043723995,True,False,1.0,1.0,223914.52723113538,198841.96556621738,422756.4927973527,4,0.47034633164470824
2014-07-28,1.549229,24.540644,0.03507405160609295,True,False,1.0,1.0,223914.52723113538,198201.7750698804,422116.30230101576,4,0.4695430477085449
2014-07-29,1.542101,24.496656,0.03413012267521269,True,False,1.0,1.0,223914.52723113538,197289.84903912692,421204.3762702623,4,0.4683945850375912
2014-07-30,1.5876,24.734177,0.033419693786427326,True,False,1.0,1.0,244205.29592723137,182799.71798284687,427005.0139100782,4,0.42809735723932774
2014-07-31,1.479919,24.232748,0.03618690611270565,True,False,1.0,1.0,177793.36069527373,236746.68301435915,414540.0437096329,4,0.5711069089870358
2014-08-01,1.502062,24.311922,0.03598409397807124,True,False,1.0,1.0,201798.22771743726,216260.0632627346,418058.2909801719,4,0.5172964343218626
2014-08-04,1.520867,24.41748,0.03622093017780088,True,False,1.0,1.0,223673.08313888928,197070.76956263115,420743.85270152043,4,0.46838656892376507
2014-08-05,1.475521,24.159443,0.036526331698122715,True,False,1.0,1.0,154506.07184112404,260292.84297113828,414798.9148122623,4,0.6275157279255339
2014-08-06,1.488716,24.238615,0.03625633267969849,True,False,1.0,1.0,180741.86366628984,236358.4849114035,417100.34857769334,4,0.566670552344017
2014-08-07,1.430325,23.91312,0.03688436568818866,True,False,1.0,1.0,112243.60817624751,295517.76582952915,407761.37400577666,4,0.7247321219428269
2014-08-08,1.478251,24.209288,0.038080060187443615,True,False,1.0,1.0,142755.03623787072,274877.73028489365,417632.76652276434,4,0.6581804693476095
2014-08-11,1.522839,24.429218,0.03875976127836801,True,False,1.0,1.0,236548.33180467164,189281.59434535238,425829.92615002405,4,0.44450045128736826
2014-08-12,1.517076,24.411619,0.03877357285257629,True,False,1.0,1.0,236548.33180467164,188565.28104617086,425113.61285084253,4,0.44356443864885553
2014-08-13,1.560755,24.643274,0.038469592530059715,True,False,1.0,1.0,347267.2019129752,83164.67174559849,430431.87365857366,4,0.19321215931040975
2014-08-14,1.569096,24.690195,0.034622149552134975,True,False,1.0,1.0,355619.75310925866,75248.20897552688,430867.96208478557,4,0.17464331441918546
2014-08-15,1.616415,24.951164,0.034107760592125155,True,False,1.0,1.0,389404.7049305675,43698.687684187134,433103.3926147546,4,0.10089666446703896
2014-08-18,1.637799,25.047941,0.03422394007854232,True,False,1.0,1.0,393827.9562195918,39849.11071193141,433677.0669315232,4,0.09188659892459453
2014-08-19,1.672833,25.226809,0.03430873394583183,True,False,1.0,1.0,397894.03798616707,36631.36726644425,434525.4052526113,4,0.08430201508044992
2014-08-20,1.713934,25.437939,0.03094456935001567,True,False,1.0,1.0,420153.9317871144,15249.212885231122,435403.14467234554,4,0.03502320337329357
2014-08-21,1.736683,25.534706,0.03043234625273838,True,False,1.0,1.0,421697.5481534611,13906.453750871184,435604.00190433225,4,0.031924531661959646
2014-08-22,1.740475,25.552299,0.026388511321355425,True,False,1.0,1.0,423089.8362830135,12543.136302274375,435632.9725852879,4,0.028792899279034005
2014-08-25,1.719394,25.461395,0.026622335452649012,True,False,1.0,1.0,352835.02058326564,82575.84226063122,435410.86284389684,4,0.18965039531004133
2014-08-26,1.720911,25.464323,0.026543883799786054,True,False,1.0,1.0,361091.62550367974,74383.82811183861,435475.45361551835,4,0.17081061055053667
2014-08-27,1.730313,25.511242,0.025957928487323156,True,False,1.0,1.0,368563.168045212,67311.19406785814,435874.36211307015,4,0.15442797264225638
2014-08-28,1.767319,25.593353,0.019348262061217984,True,False,1.0,1.0,384767.00471110136,52530.71391184148,437297.7186229428,4,0.12012574425785137
2014-08-29,1.786884,25.78688,0.019304813817143465,True,False,1.0,1.0,437826.14451860037,0.0,437826.14451860037,4,0.0
2014-09-02,1.762769,25.669584,0.019906020674304532,True,False,1.0,1.0,367795.8325324451,69960.35163452075,437756.18416696583,4,0.1598157928200438
2014-09-03,1.778239,25.739964,0.017825188685121375,True,False,1.0,1.0,374846.2072272853,63516.88914270485,438363.09636999015,4,0.14489561203640852
2014-09-04,1.791888,25.813272,0.017828989999858498,True,False,1.0,1.0,381240.24854010605,57603.97579117812,438844.2243312842,4,0.13126292337322137
2014-09-05,1.836932,26.027338,0.013846789229918822,True,False,1.0,1.0,440233.2056175475,0.0,440233.2056175475,4,0.0
2014-09-08,1.848307,26.091852,0.013036566788073287,True,False,1.0,1.0,440233.2056175475,0.0,440233.2056175475,4,0.0
2014-09-09,1.799319,25.851397,0.014817363003076945,True,False,1.0,1.0,371234.0940107743,68930.18142534784,440164.2754361221,4,0.15660103573160422
2014-09-10,1.797499,25.842598,0.014710219917499615,True,False,1.0,1.0,371234.0940107743,68860.45897469058,440094.55298546486,4,0.15646741934787103
2014-09-11,1.811149,25.910046,0.01394425804377709,True,False,1.0,1.0,378165.4934085008,62445.0396191579,440610.5330276587,4,0.14172389205057428
2014-09-12,1.741081,25.587481,0.017454897255002787,True,False,1.0,1.0,310012.39902061154,128114.23503866517,438126.6340592767,4,0.29241371119504195
2014-09-15,1.677535,25.273722,0.018863005764786254,True,False,1.0,1.0,241645.88605822364,191736.53454757325,433382.42060579685,4,0.4424188094190746
2014-09-16,1.764589,25.713579,0.02168942001911913,True,False,1.0,1.0,333565.0081885882,109675.3768603142,443240.38504890236,4,0.2474399458167915
2014-09-17,1.806296,25.898308,0.02178763775504679,True,False,1.0,1.0,404384.3620866841,41377.36861137088,445761.730698055,4,0.0928239589939106
2014-09-18,1.883946,26.29417,0.02299782659210047,True,False,1.0,1.0,447497.3266051417,0.0,447497.3266051417,4,0.0
2014-09-19,1.816609,25.965755,0.024651243766765914,True,False,1.0,1.0,378980.66681224934,68448.21158131104,447428.8783935604,4,0.15298121083973415
2014-09-22,1.750181,25.651999,0.026186229325810443,True,False,1.0,1.0,310494.1290068622,134363.38330246788,444857.51230933005,4,0.30203689852277643
2014-09-23,1.736531,25.569891,0.026095053640353354,True,False,1.0,1.0,290099.39172247105,153624.23690738744,443723.6286298585,3,0.3462160385322558
2014-09-24,1.798864,25.890394,0.027229799656050203,True,False,1.0,1.0,360982.7485717155,88184.28717165526,449167.03574337077,4,0.19632849286393067
2014-09-25,1.701497,25.416985,0.03012142002998389,True,False,1.0,1.0,292761.70540562784,151564.0320128803,444325.73741850816,4,0.34111017942254135
2014-09-26,1.760646,25.716909,0.030755426658219082,True,False,1.0,1.0,401226.47945897747,48259.492567436246,449485.9720264137,3,0.10736595927536602
2014-09-29,1.768077,25.749266,0.030662572817938067,True,False,1.0,1.0,406067.9508473948,43616.8593551114,449684.81020250625,4,0.0969942910356911
2014-09-30,1.723943,25.537542,0.031033809345703614,True,False,1.0,1.0,334743.6454896037,113781.16582499229,448524.811314596,4,0.2536786437555313
2014-10-01,1.598215,24.914185,0.0351030141362545,True,False,1.0,1.0,266789.3906517509,173369.4186276485,440158.8092793994,4,0.393879243065652
2014-10-02,1.571675,24.761276,0.03505188606675864,True,False,1.0,1.0,263673.2397057658,173500.5692844206,437173.80899018643,3,0.39686862688591507
2014-10-03,1.595486,24.917114,0.03465666370113029,True,False,1.0,1.0,281268.5384511195,158516.20491309642,439784.74336421594,4,0.36044043661109515
2014-10-06,1.556963,24.699532,0.03471810552148914,True,False,1.0,1.0,209329.3570184731,226556.1462048698,435885.5032233429,4,0.5197606814851673
2014-10-07,1.469454,24.229063,0.03623514731387893,True,False,1.0,1.0,231107.56577284358,191916.90531830053,423024.47109114414,3,0.453678022037998
2014-10-08,1.566366,24.775982,0.03982078544890128,True,False,1.0,1.0,307745.740363124,127859.13278688109,435604.8731500051,4,0.2935208962707161
2014-10-09,1.440942,24.105564,0.04314576743785003,True,False,1.0,1.0,240398.69246512972,184900.80594362825,425299.49840875797,4,0.43475434754902753
2014-10-10,1.142319,22.444223,0.0654861490516532,False,False,1.0,1.0,182174.75750854186,204747.45238125525,386922.20988979714,4,0.5291695517803727
2014-10-13,1.06846,21.967873,0.06620211391059032,False,False,1.0,1.0,343359.04545263964,30152.232289984837,373511.27774262446,1,0.08072643073112734
2014-10-14,1.128821,22.36483,0.06646251472813584,False,False,1.0,1.0,346541.42350449064,28670.072539198165,375211.4960436888,1,0.07641043209363682
2014-10-15,1.143684,22.470694,0.06612942922889992,False,False,1.0,1.0,354835.0536789148,20745.634550999897,375580.6882299147,1,0.05523615883652754
2014-10-16,1.193277,22.817663,0.06614800460322583,False,False,1.0,1.0,356997.4108747445,19480.695457925576,376478.1063326701,1,0.05174456397395844
2014-10-17,1.222396,22.985264,0.06687467276760127,False,False,1.0,1.0,369428.86452195223,7512.176531079395,376941.04105303163,1,0.019929314436266204
2014-10-20,1.28018,23.349876,0.0683163055234644,False,False,1.0,1.0,370214.8063291412,7080.556821522239,377295.36315066344,1,0.018766614999969657
2014-10-21,1.419406,24.211426,0.07331563217839968,True,False,1.0,1.0,370999.0815600442,7065.542620747578,378064.6241807918,1,0.018688716607795634
2014-10-22,1.360409,23.864449,0.07284367304693491,True,False,1.0,1.0,360713.22785579984,17047.44450624388,377760.6723620437,1,0.045127631734797696
2014-10-23,1.419255,24.208477,0.07318757005779127,True,False,1.0,1.0,362489.93443314946,16006.365561708459,378496.2999948579,1,0.04228935807807346
2014-10-24,1.465056,24.449594,0.07311454782680162,True,False,1.0,1.0,374090.02122070186,4911.211001244939,379001.2322219468,1,0.012958298242072433
2014-10-27,1.480071,24.564264,0.07318449652874648,True,False,1.0,1.0,374585.6795461751,4465.390319579074,379051.06986575417,1,0.011780445102451628
2014-10-28,1.544527,24.914185,0.07395531511711337,True,False,1.0,1.0,375051.1990380248,4193.869295943004,379245.0683339678,1,0.01105846758763869
2014-10-29,1.553778,24.96417,0.07210504477002339,True,False,1.0,1.0,379265.96867627965,0.0,379265.96867627965,1,0.0
2014-10-30,1.501303,24.661304,0.07240906133107608,True,False,1.0,1.0,368725.78139573534,10529.657622921415,379255.43901865673,1,0.027764025349688998
2014-10-31,1.675867,25.625765,0.07659730441255438,True,False,1.0,1.0,380468.02092088177,0.0,380468.02092088177,1,0.0
2014-11-03,1.706957,25.802185,0.07640409470842685,True,False,1.0,1.0,380468.02092088177,0.0,380468.02092088177,1,0.0
2014-11-04,1.692701,25.708092,0.07506525738941036,True,False,1.0,1.0,380468.02092088177,0.0,380468.02092088177,1,0.0
2014-11-05,1.742598,25.966848,0.07407600188985611,True,False,1.0,1.0,380468.02092088177,0.0,380468.02092088177,1,0.0
2014-11-06,1.698161,25.743374,0.07151694587223892,True,False,1.0,1.0,370114.8765679882,10342.80155134223,380457.67811933043,1,0.02718515657896176
2014-11-07,1.648264,25.51108,0.04516704965875761,True,False,1.0,1.0,359441.1252392025,20701.98764774008,380143.1128869426,1,0.054458405126747635
2014-11-10,1.685573,25.69927,0.04047398374281595,True,False,1.0,1.0,361556.06657832896,19053.52557771557,380609.59215604456,2,0.05006055015529901
2014-11-11,1.670862,25.649281,0.04031678758406294,True,False,1.0,1.0,345839.55988025933,34588.03999822504,380427.5998784844,2,0.09091885028655412
2014-11-12,1.667828,25.611052,0.04058051310668589,True,False,1.0,1.0,345839.55988025933,34525.23402540705,380364.7939056664,2,0.09076874247717467
2014-11-13,1.67071,25.614,0.04035583459966458,True,False,1.0,1.0,349294.59073984734,31126.404140432365,380420.9948802797,3,0.08182094195465735
2014-11-14,1.711811,25.837467,0.04035769673479426,True,False,1.0,1.0,352480.61575179076,28702.928035526154,381183.5437873169,3,0.07529949417633067
2014-11-17,1.689668,25.719851,0.04026282424656855,True,False,1.0,1.0,303895.885539729,76867.8375277136,380763.72306744254,3,0.20187804896029557
2014-11-18,1.787338,26.222664,0.03590602092861122,True,False,1.0,1.0,385125.7000264313,0.0,385125.7000264313,4,0.0
2014-11-19,1.752911,26.043295,0.03442379805776062,True,False,1.0,1.0,322759.16075239884,62304.23503899343,385063.39579139225,4,0.161802538802589
2014-11-20,1.801746,26.281473,0.03390592627484689,True,False,1.0,1.0,329156.7559445279,57635.99272188356,386792.7486664115,4,0.14901001355532542
2014-11-21,1.85589,26.569637,0.033843006208920154,True,False,1.0,1.0,388465.39127386065,0.0,388465.39127386065,4,0.0
2014-11-24,1.913218,26.825451,0.03409309562538478,True,False,1.0,1.0,388465.39127386065,0.0,388465.39127386065,4,0.0
2014-11-25,1.91246,26.831329,0.033465882712116715,True,False,1.0,1.0,388465.39127386065,0.0,388465.39127386065,4,0.0
2014-11-26,2.035761,27.398838,0.035377867746368814,True,False,1.0,1.0,388465.39127386065,0.0,388465.39127386065,4,0.0
2014-11-28,2.047439,27.475283,0.03361514560316137,True,False,1.0,1.0,388465.39127386065,0.0,388465.39127386065,4,0.0
2014-12-01,1.976006,27.128321,0.027229211759933765,True,False,1.0,1.0,327002.5772257946,61401.41263543057,388403.9898612252,4,0.15808646213281433
2014-12-02,2.013618,27.298855,0.027238707645661945,True,False,1.0,1.0,333253.3351039803,56313.134037709104,389566.4691416894,4,0.14455333941286264
2014-12-03,2.138739,27.872244,0.029281198449690723,True,False,1.0,1.0,393005.8089509052,0.0,393005.8089509052,4,0.0
2014-12-04,2.147991,27.895769,0.0290307986198136,True,False,1.0,1.0,393005.8089509052,0.0,393005.8089509052,4,0.0
2014-12-05,2.213964,28.175098,0.028032497231277494,True,False,1.0,1.0,393005.8089509052,0.0,393005.8089509052,4,0.0
2014-12-08,2.118568,27.778149,0.029333060530633386,True,False,1.0,1.0,332150.4683260956,60794.54607873092,392945.0144048265,4,0.1547151480489281
2014-12-09,2.112805,27.775209,0.0294272282466897,True,False,1.0,1.0,332150.4683260956,60629.17070770119,392779.6390337968,4,0.15435925053763885
2014-12-10,1.994509,27.24593,0.032991732824063605,True,False,1.0,1.0,272096.9510972687,117228.06576605325,389325.016863322,4,0.3011059158502722
2014-12-11,2.02287,27.375301,0.032912814329928194,True,False,1.0,1.0,283974.56108843844,107005.49541594373,390980.05650438217,4,0.2736853034721079
2014-12-12,1.922773,26.922489,0.03556265605396764,True,False,1.0,1.0,223452.07018814006,162172.6071277659,385624.6773159059,4,0.4205452002100819
2014-12-15,1.868174,26.672554,0.03618214860095794,True,False,1.0,1.0,161547.06070933669,219410.7253266371,380957.7860359738,4,0.5759449822766404
2014-12-16,1.836325,26.490242,0.03629962579705796,True,False,1.0,1.0,98909.36819846224,278245.28526084067,377154.6534593029,4,0.737748514326272
2014-12-17,1.954773,27.060686,0.03679986476243909,True,False,1.0,1.0,259688.99817338525,135252.29891129403,394941.29708467925,4,0.34246177826851726
2014-12-18,2.062605,27.575258,0.037914592252599896,True,False,1.0,1.0,327099.9501493027,75234.85036639488,402334.80051569757,4,0.18699563216992834
2014-12-19,2.046529,27.578196,0.03778819671506441,True,False,1.0,1.0,327099.9501493027,74648.46787702336,401748.4180263261,4,0.1858089902226615
2014-12-22,2.137375,27.916351,0.038357829877616545,True,False,1.0,1.0,374746.96187912684,30267.428001440116,405014.389880567,4,0.07473173486592798
2014-12-23,2.125317,27.854599,0.03804847372563257,True,False,1.0,1.0,374746.96187912684,30096.67432141608,404843.6362005429,4,0.07434147811701658
2014-12-24,2.132749,27.896393,0.0380280004091169,True,False,1.0,1.0,377764.13359564083,27181.727175801654,404945.8607714425,4,0.0671243487315047
2014-12-26,2.141089,27.931957,0.035581678665340996,True,False,1.0,1.0,380490.2067791262,24559.21786923777,405049.42464836396,4,0.060632644745905746
2014-12-29,2.121979,27.851931,0.03566364725041885,True,False,1.0,1.0,317342.336681979,87424.80320690991,404767.1398888889,4,0.2159878967223193
2014-12-30,2.085428,27.677044,0.03488741002386396,True,False,1.0,1.0,254724.46796241388,148474.22801472942,403198.6959771433,4,0.3682408437728335
2014-12-31,2.044781,27.534756,0.03501191760492765,True,False,1.0,1.0,192260.82495427507,207981.56409549934,400242.3890497744,4,0.5196390232160908
2015-01-02,2.044933,27.511044,0.03209196733090688,True,False,1.0,1.0,213039.72770457895,187197.32207480975,400237.0497793887,4,0.4677161251763004
2015-01-05,1.929211,26.9923,0.034386723291497216,True,False,1.0,1.0,217261.4497725157,172290.48048203494,389551.93025455065,3,0.4422785952297878
2015-01-06,1.797867,26.390566,0.03622514592233251,True,False,1.0,1.0,158894.4391586956,218869.35042199586,377763.7895806915,4,0.5793814983297776
2015-01-07,1.852315,26.651415,0.036381281012687346,True,False,1.0,1.0,181421.66535763536,202947.98377423207,384369.64913186745,4,0.5280021048295771
2015-01-08,2.018998,27.442867,0.04190472918809461,True,False,1.0,1.0,301976.2374689033,100535.27749497934,402511.5149638826,4,0.24976994137422473
2015-01-09,2.024003,27.457684,0.0398303680020701,True,False,1.0,1.0,312044.608985488,90706.04969896137,402750.6586844494,4,0.2252163906950393
2015-01-12,1.902366,26.930058,0.04205690869641986,True,False,1.0,1.0,252963.24836216294,144277.2044792178,397240.4528413807,4,0.36319867084842966
2015-01-13,1.845642,26.666243,0.04107284215957989,True,False,1.0,1.0,191946.88275653243,200930.61382577353,392877.496582306,4,0.5114332471920532
2015-01-14,1.816067,26.515066,0.040735022717669926,True,False,1.0,1.0,130077.55127553259,259518.3785316196,389595.9298071522,4,0.6661218936760447
2015-01-15,1.77178,26.3046,0.04092183903448176,True,False,1.0,1.0,68739.84650215071,314466.1359465476,383205.9824486983,4,0.8206190674193005
2015-01-16,1.832295,26.592131,0.038995764710608206,True,False,1.0,1.0,101227.99592451779,292686.0308321358,393914.0267566536,4,0.743020077863201
2015-01-20,1.890233,26.867807,0.037561992574152034,True,False,1.0,1.0,248009.43714979,155012.52644966758,403021.9635994576,4,0.3846255054320722
2015-01-21,1.952264,27.17312,0.03842845444679892,True,False,1.0,1.0,312198.8523136389,95845.84003037067,408044.6923440096,4,0.23489054466015716
2015-01-22,1.988968,27.336147,0.03725510565774362,True,False,1.0,1.0,360085.97954416747,49712.75006940326,409798.72961357073,4,0.12131016149386567
2015-01-23,1.971525,27.265015,0.03727093283889561,True,False,1.0,1.0,360085.97954416747,49276.775483859084,409362.7550280265,4,0.12037434983670024
2015-01-26,1.992154,27.315407,0.037373691188650505,True,False,1.0,1.0,365060.2384788441,44813.14355564583,409873.38203448994,4,0.10933411516797376
2015-01-27,1.877644,26.829271,0.03933586873002839,True,False,1.0,1.0,305851.34998341865,101387.00059405543,407238.3505774741,4,0.24896231027919188
2015-01-28,1.849585,26.701809,0.03937898943065926,True,False,1.0,1.0,243941.61154100235,161719.79145201165,405661.40299301397,4,0.39865708262808697
2015-01-29,1.854893,26.719593,0.039354870581084556,True,False,1.0,1.0,260143.78317499973,145965.51021619263,406109.29339119233,4,0.3594242057287486
2015-01-30,1.740839,26.194927,0.041332017370366965,True,False,1.0,1.0,201156.98639240506,195918.22514406545,397075.2115364705,4,0.49340331365930856
2015-02-02,1.756765,26.263098,0.04147452133064767,True,False,1.0,1.0,220908.27289933755,177939.51808047306,398847.79097981064,4,0.4461338939432166
2015-02-03,1.851557,26.728491,0.04175115157329196,True,False,1.0,1.0,295995.32607053407,112378.61123423786,408373.9373047719,4,0.27518556148789936
2015-02-04,1.8737,26.829271,0.038586004390009976,True,False,1.0,1.0,307356.20991400856,102350.30489616704,409706.51481017563,4,0.24981371102577604
2015-02-05,1.924963,27.09013,0.03848339803093997,True,False,1.0,1.0,357975.95253099815,54480.11798553268,412456.07051653083,4,0.13208708000661895
2015-02-06,1.895844,26.941908,0.03310455295946038,True,False,1.0,1.0,327720.8136433264,83849.17977227492,411569.9934156013,3,0.20373006077633177
2015-02-09,1.833812,26.657345,0.033743663510369844,True,False,1.0,1.0,265883.9517894749,142880.7220707038,408764.6738601787,4,0.3495427349956795
2015-02-10,2.019603,27.558475,0.03798462074874741,True,False,1.0,1.0,416927.075947148,6162.2343963150615,423089.3103434631,4,0.014564854856088355
2015-02-11,2.039928,27.647404,0.03718776466473303,True,False,1.0,1.0,420495.57400720275,2652.1801247444714,423147.75413194724,3,0.006267740047882803
2015-02-12,2.138361,28.089073,0.03797640309886661,True,False,1.0,1.0,421606.6148779944,1668.0032090166776,423274.6180870111,4,0.0039407116272532836
2015-02-13,2.18386,28.28767,0.03726420274251404,True,False,1.0,1.0,422493.7941292659,815.4268472889195,423309.2209765548,4,0.0019263148707409858
2015-02-17,2.2057,28.376596,0.036864735669786396,True,False,1.0,1.0,423316.55218613223,0.0,423316.55218613223,3,0.0
2015-02-18,2.184012,28.302498,0.03672533579574076,True,False,1.0,1.0,354966.8381111552,68281.4326423347,423248.2707534899,4,0.16132713908263893
2015-02-19,2.204032,28.379564,0.03625546394769388,True,False,1.0,1.0,361850.68161050417,62016.60810224266,423867.2897127468,4,0.14631138001771987
2015-02-20,2.243315,28.548523,0.03623859135966232,True,False,1.0,1.0,368156.5639396935,56809.75071341715,424966.31465311063,4,0.13368059715459923
2015-02-23,2.198725,28.37067,0.03656733215207902,True,False,1.0,1.0,300188.8847043433,123580.33218137344,423769.2168857167,4,0.2916217772719931
2015-02-24,2.287752,28.750093,0.037353974856622445,True,False,1.0,1.0,428644.4355151508,0.0,428644.4355151508,4,0.0
2015-02-25,2.24938,28.601881,0.03450271060404773,True,False,1.0,1.0,360442.41245499405,68133.88917098571,428576.3016259798,4,0.1589772670875452
2015-02-26,2.295032,28.79751,0.03410403153061305,True,False,1.0,1.0,367387.12995385745,62565.02251228299,429952.15246614045,4,0.14551624443189665
2015-02-27,2.278501,28.711559,0.03430159986553193,True,False,1.0,1.0,367387.12995385745,62114.369803671274,429501.4997575287,4,0.14461968081307608
2015-03-02,2.467782,29.500051,0.0330260210955542,True,False,1.0,1.0,434594.2275233124,0.0,434594.2275233124,4,0.0
2015-03-03,2.325215,28.95463,0.03723378181011201,True,False,1.0,1.0,369306.8612029682,65222.14417616801,434529.00537913624,4,0.15009848219282906
2015-03-04,2.321422,28.916098,0.0362402954360377,True,False,1.0,1.0,369306.8612029682,65115.750748953666,434422.6119519219,4,0.1498903347972138
2015-03-05,2.323546,28.933876,0.03631403962086252,True,False,1.0,1.0,375817.87655250565,58657.795941778546,434475.6724942842,4,0.13500824017379298
2015-03-06,2.253475,28.634491,0.03723207477092535,True,False,1.0,1.0,308562.95121768204,124076.59484812626,432639.5460658083,4,0.2867897675476322
2015-03-09,2.273192,28.72341,0.03683229828024884,True,False,1.0,1.0,321066.65651164827,112645.99363933553,433712.6501509838,4,0.25972494369283733
2015-03-10,2.144882,28.19282,0.03870579999448121,True,False,1.0,1.0,255625.92322053533,171663.0644397684,427288.9876603037,4,0.40174932983819645
2015-03-11,2.16293,28.255072,0.0326176570549484,True,False,1.0,1.0,272919.3639215501,155796.7630722051,428716.1269937552,4,0.36340308484470535
2015-03-12,2.1602,28.246176,0.03259528570858861,True,False,1.0,1.0,272919.3639215501,155600.12001709605,428519.48393864615,4,0.36311095725900366
2015-03-13,2.20479,28.435884,0.031204383147624262,True,False,1.0,1.0,288784.6783842795,142930.76092549015,431715.43930976966,4,0.3310763246132894
2015-03-16,2.301857,28.868664,0.03229945252100852,True,False,1.0,1.0,360464.78859664494,77471.49822366824,437936.2868203132,4,0.17690129947020142
2015-03-17,2.252869,28.658207,0.032688028521148445,True,False,1.0,1.0,292662.56268258556,143557.24528252348,436219.807965109,4,0.329093825317547
2015-03-18,2.302312,28.87163,0.032894205983658276,True,False,1.0,1.0,307318.67694987747,132037.0654710982,439355.7424209757,4,0.3005242738914399
2015-03-19,2.319148,28.93684,0.032877684860181076,True,False,1.0,1.0,320605.6373104565,119702.34559080168,440307.98290125816,4,0.2718604936527932
2015-03-20,2.420917,29.345905,0.03395782776086991,True,False,1.0,1.0,445435.81371026626,0.0,445435.81371026626,4,0.0
2015-03-23,2.353121,29.10284,0.034315268949351246,True,False,1.0,1.0,378071.2299108087,67297.28651294466,445368.51642375335,4,0.1511047234621172
2015-03-24,2.29291,28.853851,0.033794794150539965,True,False,1.0,1.0,310531.10264530015,133047.9570362281,443579.05968152825,4,0.29994192496767347
2015-03-25,1.978805,27.513109,0.047182882877091305,True,False,1.0,1.0,250720.3827255418,174572.7293439644,425293.1120695062,4,0.4104762677544464
2015-03-26,1.897209,27.135647,0.047393718185646416,True,False,1.0,1.0,187135.1322692989,230895.9537097311,418031.08597903,4,0.5523415876333028
2015-03-27,2.052972,27.905437,0.05136019589978016,True,False,1.0,1.0,280763.6216101491,156130.56053510812,436894.18214525725,4,0.3573647050378856
2015-03-30,2.138511,28.262091,0.048631414744386946,True,False,1.0,1.0,352620.6297402911,90706.94941370457,443327.57915399567,4,0.20460479717233274
2015-03-31,2.063284,27.944069,0.04756594402031135,True,False,1.0,1.0,290515.29712808365,149559.41498887647,440074.7121169601,4,0.33985005470872764
2015-04-01,2.024458,27.762774,0.047640912684971025,True,False,1.0,1.0,225958.37283014847,211237.50144909834,437195.8742792468,4,0.4831644438487455
2015-04-02,2.004135,27.700357,0.047610127559745155,True,False,1.0,1.0,275352.11365276814,159673.75987005018,435025.8735228183,3,0.36704428308371606
2015-04-06,2.032799,27.822212,0.04751408309619338,True,False,1.0,1.0,291531.6661644846,145761.73433978762,437293.4005042722,4,0.33332708467975974
2015-04-07,2.037956,27.834097,0.047439227140386585,True,False,1.0,1.0,306130.20468536677,131518.36505299274,437648.56973835954,4,0.30051135579311655
2015-04-08,2.074659,27.997559,0.046022479170860484,True,False,1.0,1.0,319505.51327705145,120498.27560076333,440003.7888778148,4,0.27385735906520714
2015-04-09,2.155195,28.363142,0.04683581355375665,True,False,1.0,1.0,370189.52720402053,74441.13858264068,444630.6657866612,4,0.16742241215174838
2015-04-10,2.17931,28.479053,0.04690261788291157,True,False,1.0,1.0,408904.9106761393,36519.94094211238,445424.85161825165,4,0.08198900624748155
2015-04-13,2.136995,28.309645,0.04685890364083165,True,False,1.0,1.0,341885.4226492623,102763.37983826123,444648.8024875235,4,0.2311113383492013
2015-04-14,2.074659,28.021343,0.046025365762888355,True,False,1.0,1.0,275270.97509249847,166313.6786373417,441584.6537298402,4,0.3766292085392347
2015-04-15,2.179462,28.487976,0.047406048558528535,True,False,1.0,1.0,362564.72635319113,87334.01003287337,449898.7363860645,4,0.19411926055718196
2015-04-16,2.15201,28.366112,0.04713680734877418,True,False,1.0,1.0,295583.4793309994,153148.30370200152,448731.78303300095,4,0.34129141169110944
2015-04-17,2.059796,27.961905,0.04790633146041038,True,False,1.0,1.0,230290.63938521,211813.48478394077,442104.1241691508,4,0.4791031641742842
2015-04-20,2.110149,28.199673,0.047074216669418814,True,False,1.0,1.0,251968.0800196342,195292.25796778564,447260.3379874198,4,0.4366411268357953
2015-04-21,2.156256,28.392853,0.047198449614917495,True,False,1.0,1.0,271904.06571986625,179603.4747768651,451507.54049673135,4,0.39778621322530344
2015-04-22,2.245589,28.794102,0.04793752901100182,True,False,1.0,1.0,395350.47288859746,63474.412444554495,458824.88533315196,4,0.1383412593204613
2015-04-23,2.14018,28.348286,0.035527846533509606,True,False,1.0,1.0,331408.8261203129,124372.66277797165,455781.48889828456,4,0.2728778280982963
2015-04-24,2.035529,27.881655,0.03611550938670304,True,False,1.0,1.0,263646.0944415062,185986.09715659884,449632.191598105,4,0.413640528040392
2015-04-27,2.056763,27.952991,0.03154901247942645,True,False,1.0,1.0,282419.9263949174,169133.62120190274,451553.54759682016,4,0.37455938969372804
2015-04-28,2.059341,27.979734,0.030066304607691868,True,False,1.0,1.0,299337.5535993609,152411.05589588732,451748.60949524824,4,0.3373802435522283
2015-04-29,2.024761,27.825178,0.029229955520580733,True,False,1.0,1.0,229384.06900959654,219735.40403975773,449119.4730493543,4,0.4892582424623809
2015-04-30,1.978503,27.584438,0.02937781106299529,True,False,1.0,1.0,159875.89412152706,284154.0314874524,444029.9256089794,4,0.6399434252043711
2015-05-01,2.132749,28.351252,0.03384553230867149,True,False,1.0,1.0,396184.9301993227,69761.3718810917,465946.3020804144,4,0.14971976721268643
2015-05-04,2.118795,28.294779,0.03380586784945793,True,False,1.0,1.0,396184.9301993227,69304.9420887304,465489.8722880531,4,0.14888603644171944
2015-05-05,1.984873,27.679552,0.037007546532868564,True,False,1.0,1.0,329470.0711964862,131572.617503635,461042.6887001212,4,0.2853805530993131
2015-05-06,1.977441,27.646851,0.036732848834035034,True,False,1.0,1.0,362533.6657779374,97983.27622595505,460516.94200389244,3,0.2127680163070458
2015-05-07,2.044023,27.950012,0.03646045748022388,True,False,1.0,1.0,372651.7825840006,91154.20546002881,463805.98804402945,4,0.19653520612022687
2015-05-08,2.102567,28.229395,0.03699754762145644,True,False,1.0,1.0,430064.8250673521,36294.49077879384,466359.31584614597,4,0.07782516515820509
2015-05-11,2.103173,28.247223,0.03676003780264221,True,False,1.0,1.0,445766.38467734354,20587.674657927677,466354.0593352712,3,0.04414601791452787
2015-05-12,2.052819,27.991623,0.03655759220435944,True,False,1.0,1.0,372766.40374813374,93021.82007079836,465788.2238189321,4,0.19970839818174352
2015-05-13,2.086338,28.164005,0.03489580838274576,True,False,1.0,1.0,382211.0203015087,85086.6356159907,467297.65591749945,4,0.18208230779358456
2015-05-14,2.163385,28.499855,0.035824843982555594,True,False,1.0,1.0,464971.815691118,5385.186402380426,470357.0020934984,3,0.011449146878672276
2015-05-15,2.174002,28.547411,0.034294924456887935,True,False,1.0,1.0,465512.43599694147,4870.453205616693,470382.88920255814,4,0.010354231238881989
2015-05-18,2.232242,28.826792,0.03437387641062581,True,False,1.0,1.0,470508.3643237818,0.0,470508.3643237818,4,0.0
2015-05-19,2.21192,28.722776,0.03417590349707706,True,False,1.0,1.0,394296.6271408582,76135.60158134226,470432.2287222005,4,0.161841806179274
2015-05-20,2.223445,28.785181,0.03292617146308692,True,False,1.0,1.0,401942.20380436187,68879.06904057325,470821.2728449351,4,0.14629557544070135
2015-05-21,2.256812,28.93082,0.031096653367970045,True,False,1.0,1.0,408926.48551360297,62921.456840009436,471847.9423536124,4,0.13335113114227554
2015-05-22,2.273192,28.990265,0.028509417046926437,True,False,1.0,1.0,415257.96193985105,57040.328164397055,472298.2901042481,4,0.12077182865050565
2015-05-26,2.224052,28.767351,0.02912482474145052,True,False,1.0,1.0,339953.3000093729,131036.70963721152,470990.0096465844,4,0.27821547581346195
2015-05-27,2.483707,29.896763,0.03759802385049058,True,False,1.0,1.0,486142.02949498146,0.0,486142.02949498146,4,0.0
2015-05-28,2.490381,29.926481,0.03712867362383402,True,False,1.0,1.0,486142.02949498146,0.0,486142.02949498146,4,0.0
2015-05-29,2.512221,30.039429,0.03629162020576494,True,False,1.0,1.0,486142.02949498146,0.0,486142.02949498146,4,0.0
2015-06-01,2.523748,30.057262,0.033122515546548784,True,False,1.0,1.0,486142.02949498146,0.0,486142.02949498146,4,0.0
2015-06-02,2.434566,29.721416,0.03444904669886638,True,False,1.0,1.0,411805.22446334694,74262.54248914542,486067.76695249235,4,0.1527822816862566
2015-06-03,2.386033,29.519302,0.030746056223044157,True,False,1.0,1.0,336257.80510000815,148254.06835370118,484511.8734537093,4,0.30598645043910466
2015-06-04,2.323546,29.251814,0.031659985926631426,True,False,1.0,1.0,261262.6710572806,219291.70722692326,480554.3782842038,4,0.45633068209656874
2015-06-05,2.327185,29.254789,0.03112759609582478,True,False,1.0,1.0,283204.22243225685,197671.63400879462,480875.85644105147,4,0.41106583198365737
2015-06-08,2.199179,28.704933,0.03368088472704453,True,False,1.0,1.0,210421.8306071961,259508.45680321642,469930.28741041257,4,0.5522275617374185
2015-06-09,2.187652,28.687103,0.033720632834330445,True,False,1.0,1.0,210421.8306071961,258148.24284083734,468570.0734480334,4,0.5509277213143813
2015-06-10,2.269553,29.043764,0.033982971587956504,True,False,1.0,1.0,237176.32528300228,241031.48356582125,478207.80884882354,4,0.5040308399522996
2015-06-11,2.268339,29.034834,0.033899155609273764,True,False,1.0,1.0,237176.32528300228,240902.55411537486,478078.87939837715,4,0.503897085808373
2015-06-12,2.206459,28.773302,0.033728157746191686,True,False,1.0,1.0,162204.93209331148,309227.25970983785,471432.1918031493,4,0.6559315742251187
2015-06-15,2.190079,28.713863,0.03376580271383879,True,False,1.0,1.0,162204.93209331148,306931.66187001974,469136.5939633312,4,0.6542479649200212
2015-06-16,2.213132,28.794102,0.03330261511171208,True,False,1.0,1.0,193190.16150353014,279146.2109028708,472336.372406401,4,0.5909902925339228
2015-06-17,2.217985,28.817875,0.033242884015937994,True,False,1.0,1.0,221138.01849899246,251782.4954546153,472920.51395360776,4,0.5323991834266562
2015-06-18,2.31202,29.225063,0.0345023886766195,True,False,1.0,1.0,366531.83249504975,116917.8612579868,483449.69375303655,4,0.241840801160405
2015-06-19,2.291392,29.079428,0.03444374933054481,True,False,1.0,1.0,290135.1822707213,192195.04202653532,482330.2242972566,4,0.3984719023290709
2015-06-22,2.334465,29.326115,0.03464996498871396,True,False,1.0,1.0,309696.38900382025,176227.08768557635,485923.4766893966,4,0.3626642797467082
2015-06-23,2.294426,29.180479,0.03450424393457232,True,False,1.0,1.0,233929.11692957318,248896.15280049868,482825.2697300719,4,0.5154994330343282
2015-06-24,2.226479,28.872065,0.023821662978428318,True,False,1.0,1.0,159125.59370040338,316254.15083808015,475379.74453848356,4,0.6652663569944729
2015-06-25,2.221626,28.851208,0.02375881198622667,True,False,1.0,1.0,159125.59370040338,315564.8196591123,474690.4133595157,4,0.6647802668391227
2015-06-26,2.059644,28.133055,0.028153337695225746,True,False,1.0,1.0,87852.94353791315,363757.9759699269,451610.91950784007,4,0.8054676276790336
2015-06-29,1.88371,27.343382,0.03301214920291622,True,False,1.0,1.0,17695.510251102347,402773.2552117493,420468.7654628516,4,0.9579148043693017
2015-06-30,1.906157,27.441725,0.03311599798459179,True,False,1.0,1.0,58412.03831406469,366815.5681347959,425227.60644886055,4,0.8626334757475594
2015-07-01,1.92011,27.507278,0.03333874337094483,True,False,1.0,1.0,95325.15272650667,332550.58029227,427875.73301877663,4,0.7772129958061365
2015-07-02,1.943771,27.635414,0.03350656338958791,True,False,1.0,1.0,128956.33905600241,302983.6606260877,431939.9996820901,4,0.7014484901817036
2015-07-06,1.866117,27.233126,0.03414035686389167,False,False,1.0,1.0,54969.75651794291,364792.0789223304,419761.8354402733,4,0.8690453684044738
2015-07-07,1.841243,27.146717,0.03243194337524775,False,False,1.0,1.0,320100.6884337402,94515.27775142688,414615.9661851671,1,0.22795860617971583
2015-07-08,1.706562,26.413664,0.03570428322059868,False,False,1.0,1.0,312267.2233823987,95427.42876294434,407694.6521453431,1,0.23406593209107016
2015-07-09,1.625269,26.076935,0.03461174588212523,False,False,1.0,1.0,312267.2233823987,90881.69179796679,403148.9151803655,1,0.22542958290562948
2015-07-10,1.717482,26.559675,0.03805260989910716,False,False,1.0,1.0,321861.4248421425,86434.24738507906,408295.67222722154,1,0.21169523280417565
2015-07-13,1.758736,26.783159,0.03880320655296617,False,False,1.0,1.0,330703.6140171403,79659.36193691695,410362.97595405724,1,0.19411927148572808
2015-07-14,1.819403,27.063267,0.04010199381282012,False,False,1.0,1.0,345687.23270215496,67408.56722458899,413095.79992674396,1,0.16317901861152506
2015-07-15,1.782397,26.902361,0.03989759071222229,False,False,1.0,1.0,336709.83568094065,75005.9299023402,411715.7655832808,1,0.18217891121093877
2015-07-16,1.793923,26.953016,0.03998189598862195,False,False,1.0,1.0,344251.3827058407,67941.86508918957,412193.24779503024,1,0.16483012628817917
2015-07-17,1.778757,26.896397,0.038067912599807435,False,False,1.0,1.0,344251.3827058407,67367.47793548083,411618.8606413215,1,0.16366470144375583
2015-07-20,1.742356,26.711651,0.03809084171098205,False,False,1.0,1.0,335279.40434530255,74951.86564107519,410231.26998637774,1,0.18270636863826606
2015-07-21,1.747209,26.717611,0.03754418736785293,False,False,1.0,1.0,342787.95125768223,67644.56677819551,410432.5180358777,1,0.16481288349643486
2015-07-22,1.617989,26.053093,0.04005511446450228,False,False,1.0,1.0,334307.1554653537,71114.03659927839,405421.1920646321,1,0.1754077931573479
2015-07-23,1.688969,26.440485,0.04211938488353961,False,False,1.0,1.0,350558.2619889185,57966.38373688915,408524.64572580764,1,0.14189201151843078
2015-07-24,1.587048,25.910063,0.04336887892336292,False,False,1.0,1.0,341942.9786911738,63075.07324466281,405018.05193583656,1,0.15573398011073156
2015-07-27,1.549435,25.719349,0.0411583270450179,False,False,1.0,1.0,332988.56891158177,70525.6598184021,403514.22872998385,1,0.17477861943152231
2015-07-28,1.645896,26.255722,0.040393689927555154,False,False,1.0,1.0,349965.57212877367,57922.27961712828,407887.851745902,1,0.14200540508671872
2015-07-29,1.654389,26.288511,0.0402589404825206,False,False,1.0,1.0,363718.27657307626,44454.69388103978,408172.97045411606,1,0.10891141035522602
2015-07-30,1.673196,26.392803,0.04034421309401595,False,False,1.0,1.0,368209.7857989595,40464.047080029064,408673.8328789886,1,0.09901306084358666
2015-07-31,1.614349,26.085875,0.04057514860549269,False,False,1.0,1.0,359367.46320895484,47874.39879683764,407241.8620057925,1,0.11755765618259717
2015-08-03,1.598576,26.002436,0.03989563915579701,False,False,1.0,1.0,359367.46320895484,47406.6418915944,406774.10510054923,1,0.11654291976102092
2015-08-04,1.545188,25.713387,0.04031208198839046,False,False,1.0,1.0,350509.8218248344,54672.184267113305,405182.00609194767,1,0.13493240925093447
2015-08-05,1.602822,26.038195,0.03824236351534847,False,False,1.0,1.0,356175.29100733204,51040.26290538417,407215.5539127162,1,0.12533966940841432
2015-08-06,1.519101,25.573338,0.03856055304987644,False,False,1.0,1.0,347494.06938352785,57046.8005011711,404540.86988469894,1,0.14101616115432394
2015-08-07,1.543975,25.719349,0.03636857369182183,False,False,1.0,1.0,353286.3606775229,52182.80445040594,405469.16512792883,1,0.1286973435672768
2015-08-10,1.659849,26.357044,0.03987080569723032,False,False,1.0,1.0,375102.29188941896,34261.310203826084,409363.602093245,1,0.0836940803447934
2015-08-11,1.547008,25.764042,0.04158870298381474,False,False,1.0,1.0,366561.78529885254,40464.10878948108,407025.8940883336,1,0.09941408980898761
2015-08-12,1.573096,25.913042,0.04183627610967485,False,False,1.0,1.0,370672.3182600665,37031.82847940527,407704.14673947176,1,0.09083014920392528
2015-08-13,1.525168,25.704449,0.042073937607492146,False,False,1.0,1.0,361783.4066764532,44783.59991551623,406567.0065919694,1,0.11015060048997297
2015-08-14,1.498476,25.49288,0.04212812343110996,False,False,1.0,1.0,352775.17181953194,52999.076731920584,405774.24855145253,1,0.13061222322786276
2015-08-17,1.543369,25.710407,0.04285800231185643,False,False,1.0,1.0,358228.4012956537,49128.19347857476,407356.59477422846,1,0.12060242575869762
2015-08-18,1.448121,25.224688,0.044675549787437915,False,False,1.0,1.0,349623.8024465531,54692.28226380595,404316.08471035905,1,0.13527110182367838
2015-08-19,1.407475,24.99822,0.04206518287683371,False,False,1.0,1.0,340706.45007415354,62065.61793482154,402772.06800897507,1,0.1540961324394484
2015-08-20,1.250954,24.059557,0.04709458112223208,False,False,1.0,1.0,332557.686970957,63304.11243118514,395861.7994021421,1,0.1599146786246902
2015-08-21,1.162379,23.401007,0.04774752087163049,False,False,1.0,1.0,324406.7315271095,66964.6165533817,391371.3480804912,1,0.1711025011969181
2015-08-24,1.073199,22.876545,0.049851683713212275,False,False,1.0,1.0,316417.24489952554,69808.46476339852,386225.70966292406,1,0.1807452559911752
2015-08-25,1.038012,22.650074,0.046340229678773326,False,False,1.0,1.0,311817.82750533003,72114.47561452161,383932.3031198516,1,0.18783122709007824
2015-08-26,1.192106,23.779446,0.05857438892604639,False,False,1.0,1.0,334220.15664656885,60395.193337580975,394615.3499841498,1,0.1530482616553229
2015-08-27,1.32618,24.664469,0.06451781959852686,False,False,1.0,1.0,356675.8152863338,44709.59443228818,401385.409718622,1,0.11138819037700042
2015-08-28,1.35166,24.807503,0.0646011604896275,False,False,1.0,1.0,361228.1187624785,41011.74302833099,402239.8617908095,1,0.10195842561635456
2015-08-31,1.33528,24.738964,0.06460515660463705,False,False,1.0,1.0,361228.1187624785,40514.74500308494,401742.86376556347,1,0.10084745407382587
2015-09-01,1.197567,23.865862,0.06819823550947253,False,False,1.0,1.0,355467.66256908106,42090.99172999003,397558.6542990711,1,0.1058736648663829
2015-09-02,1.281894,24.435024,0.06974005413046916,False,False,1.0,1.0,366122.40151333023,34389.43580040755,400511.8373137378,1,0.08586371886299295
2015-09-03,1.31162,24.625731,0.06938640676853217,False,False,1.0,1.0,369637.57249570056,31668.20704838114,401305.7795440817,1,0.07891291046034517
2015-09-04,1.241854,24.19961,0.06992707898404449,False,False,1.0,1.0,363968.69123203406,35646.97065373929,399615.66188577336,1,0.08920313704803859
2015-09-08,1.404441,25.272362,0.07390660484346868,False,False,1.0,1.0,374394.31474661327,29877.91220667457,404272.22695328784,1,0.0739054286064693
2015-09-09,1.330427,24.807503,0.07327469548246554,False,False,1.0,1.0,369063.1577862539,33629.17822845993,402692.33601471386,1,0.08351084741585736
2015-09-10,1.349234,24.917763,0.07323033373580716,False,False,1.0,1.0,372470.20357134694,30694.10617200953,403164.3097433565,1,0.07613299448938962
2015-09-11,1.348627,24.932659,0.07303762005047318,False,False,1.0,1.0,372470.20357134694,30680.297357195785,403150.5009285427,1,0.07610134995871873
2015-09-14,1.361974,24.989275,0.07306851886919788,False,False,1.0,1.0,375565.4983819548,27885.538834305135,403451.0372162599,1,0.0691175291720908
2015-09-15,1.408687,25.308123,0.07317832918059629,False,False,1.0,1.0,378446.80992298544,25957.761630906847,404404.5715538923,1,0.06418760680960213
2015-09-16,1.420214,25.361761,0.07187446895918274,False,False,1.0,1.0,381061.20977904997,23553.151856437282,404614.36163548724,1,0.058211358986945856
2015-09-17,1.381994,25.159128,0.07185100957941593,False,False,1.0,1.0,375432.9886880174,28541.90117980064,403974.88986781804,1,0.07065266157790066
2015-09-18,1.312834,24.721092,0.06756142577182633,False,False,1.0,1.0,369936.90253922006,32604.156316519813,402541.0588557399,1,0.08099585271922356
2015-09-21,1.299487,24.646585,0.0652657072094405,False,False,1.0,1.0,369936.90253922006,32272.68434492509,402209.58688414516,1,0.08023847615104486
2015-09-22,1.214553,24.10425,0.06447588081971278,False,False,1.0,1.0,363993.71991742833,36100.59875292602,400094.3186703543,1,0.09023022089616328
2015-09-23,1.186647,23.925461,0.06418913542876678,False,False,1.0,1.0,357706.23728973645,41552.340033113906,399258.57732285035,1,0.10407375669105201
2015-09-24,1.181793,23.877783,0.056211375218224224,False,False,1.0,1.0,399047.2243905078,0.0,399047.2243905078,0,0.0
2015-09-25,1.199994,24.009039,0.05047804328360669,False,False,1.0,1.0,399047.2243905078,0.0,399047.2243905078,1,0.0
2015-09-28,1.099893,23.343781,0.053317852466065144,False,False,1.0,1.0,392247.42142412066,6793.009956430675,399040.43138055137,1,0.017023362602453712
2015-09-29,1.124159,23.499609,0.05379488089119791,False,False,1.0,1.0,392941.0149697048,6248.590500757833,399189.60547046264,1,0.015653189399542588
2015-09-30,1.24974,24.410587,0.054163866784905305,False,False,1.0,1.0,399880.6955477411,0.0,399880.6955477411,1,0.0
2015-10-01,1.208486,24.119909,0.052392355853224944,False,False,1.0,1.0,393103.20399670186,6770.720830208989,399873.92482691084,1,0.01693213888137307
2015-10-02,1.28614,24.623337,0.05412547334092801,False,False,1.0,1.0,400301.7870118766,0.0,400301.7870118766,1,0.0
2015-10-05,1.357728,25.102808,0.05391501714570293,False,False,1.0,1.0,400301.7870118766,0.0,400301.7870118766,1,0.0
2015-10-06,1.371681,25.18371,0.04620718940851967,False,False,1.0,1.0,400301.7870118766,0.0,400301.7870118766,1,0.0
2015-10-07,1.433561,25.516346,0.04549842059266926,False,False,1.0,1.0,400301.7870118766,0.0,400301.7870118766,1,0.0
2015-10-08,1.460255,25.684155,0.04556166840134277,False,False,1.0,1.0,400301.7870118766,0.0,400301.7870118766,1,0.0
2015-10-09,1.421428,25.525341,0.0460788375921123,False,False,1.0,1.0,392208.81530515535,8084.886819901343,400293.7021250567,1,0.02019738701103902
2015-10-12,1.427494,25.525341,0.0460496878177855,False,False,1.0,1.0,393019.9423055143,7307.4504536842005,400327.3927591985,1,0.018253685822792836
2015-10-13,1.36986,25.210684,0.046409735990258834,False,False,1.0,1.0,385125.50190285186,14898.971469121556,400024.47337197344,1,0.03724514988678543
2015-10-14,1.524562,26.127659,0.05236180702403995,False,False,1.0,1.0,401690.4730204595,0.0,401690.4730204595,1,0.0
2015-10-15,1.570061,26.373381,0.052139193364356545,False,False,1.0,1.0,401690.4730204595,0.0,401690.4730204595,1,0.0
2015-10-16,1.576129,26.433311,0.05035349100583326,False,False,1.0,1.0,401690.4730204595,0.0,401690.4730204595,1,0.0
2015-10-19,1.575522,26.42432,0.05020230794860226,False,False,1.0,1.0,401690.4730204595,0.0,401690.4730204595,1,0.0
2015-10-20,1.568242,26.400349,0.04697522772632638,False,False,1.0,1.0,401690.4730204595,0.0,401690.4730204595,1,0.0
2015-10-21,1.576736,26.439301,0.046250166022033565,False,False,1.0,1.0,401690.4730204595,0.0,401690.4730204595,1,0.0
2015-10-22,1.736897,27.35627,0.049529521873972755,True,False,1.0,1.0,401690.4730204595,0.0,401690.4730204595,1,0.0
2015-10-23,1.804843,27.688896,0.049700926209500555,True,False,1.0,1.0,401690.4730204595,0.0,401690.4730204595,2,0.0
2015-10-26,1.696856,27.191465,0.04706299271439729,True,False,1.0,1.0,373082.4057775058,28579.48775519851,401661.8935327043,2,0.0711530972077925
2015-10-27,1.661669,26.954727,0.04801843051670799,False,False,1.0,1.0,341438.9842102063,59598.65651336152,401037.6407235678,2,0.1486111288851373
2015-10-28,1.747817,27.353283,0.04422404123457093,True,False,1.0,1.0,392447.47239192243,11628.957039683548,404076.42943160597,1,0.02877910264659935
2015-10-29,1.594329,26.619104,0.0493473353922074,False,False,1.0,1.0,377095.8000657844,25944.073212134856,403039.87327791925,1,0.06437098394541456
2015-10-30,1.634975,26.831867,0.04811311859231529,False,False,1.0,1.0,379753.68894498755,23944.944857685685,403698.63380267326,1,0.059313911053238556
2015-11-02,1.676229,27.068598,0.04719978505697561,False,False,1.0,1.0,396703.3764362876,7582.474112695248,404285.85054898285,1,0.01875522999976118
2015-11-03,1.701102,27.209442,0.04720896592725385,True,False,1.0,1.0,397472.1057278209,6925.489112912795,404397.5948407337,1,0.01712544585147768
2015-11-04,1.719303,27.287355,0.04655271049121106,True,False,1.0,1.0,398171.3646314075,6299.629762041592,404470.9943934491,1,0.015574985226044733
2015-11-05,1.611921,26.714998,0.04928882743720315,False,False,1.0,1.0,382910.17575504223,21152.118578829875,404062.2943338721,1,0.05234865731211267
2015-11-06,1.733256,27.422203,0.050897505550866924,True,False,1.0,1.0,401559.4981370114,4076.3230521180926,405635.8211891295,1,0.010049218632043567
2015-11-09,1.684116,27.155506,0.051621095815900075,True,False,1.0,1.0,387077.30363782175,18428.48090985625,405505.784547678,1,0.04544566714482834
2015-11-10,1.592509,26.661051,0.052461639933337946,False,False,1.0,1.0,373178.4561450832,31311.031580840394,404489.4877259236,1,0.077408764704551
2015-11-11,1.596149,26.682035,0.04694763674613076,False,False,1.0,1.0,376313.5778100144,28244.339323705008,404557.9171337194,1,0.06981531723273467
2015-11-12,1.537301,26.337418,0.04729913836784355,False,False,1.0,1.0,368539.784563605,34969.03338382217,403508.81794742716,1,0.0866623771983547
2015-11-13,1.494228,26.100687,0.04767187961097797,False,False,1.0,1.0,360752.1255871284,41769.12961828683,402521.25520541525,1,0.10376875525982136
2015-11-16,1.550041,26.421322,0.04847859097194742,False,False,1.0,1.0,365080.72333654924,38996.37612090862,404077.0994574579,1,0.09650726599767193
2015-11-17,1.580376,26.598129,0.04867605802907259,False,False,1.0,1.0,376450.87426541676,28378.020291441644,404828.8945568584,1,0.07009880142697161
2015-11-18,1.627089,26.861832,0.049092146423541774,False,False,1.0,1.0,385851.7052608973,19806.580999245256,405658.2862601426,1,0.04882577694109665
2015-11-19,1.638616,26.924759,0.043746323159887836,False,False,1.0,1.0,387844.4005068321,17952.209422836328,405796.6099296684,1,0.04423942680533422
2015-11-20,1.655602,27.011662,0.04279208533681693,False,False,1.0,1.0,389656.41699581075,16324.472873681207,405980.889869492,1,0.04020995391908454
2015-11-23,1.589476,26.688026,0.04155263996962795,False,False,1.0,1.0,381580.65099944646,23740.15933964946,405320.81033909594,1,0.058571281646723684
2015-11-24,1.650749,27.002672,0.042307729728816836,False,False,1.0,1.0,384043.7177739984,22189.79076172921,406233.5085357276,1,0.05462324080973161
2015-11-25,1.654996,27.041626,0.040596875506348835,False,False,1.0,1.0,386266.18108832097,20022.19202092439,406288.3731092454,1,0.04928074083857846
2015-11-27,1.692002,27.158495,0.03503897190785277,True,False,1.0,1.0,401247.1425705536,5473.934296493921,406721.0768670475,1,0.013458693458080333
2015-11-30,1.743569,27.452171,0.03521693006820887,True,False,1.0,1.0,406234.6443786248,648.2686207219886,406882.9129993468,2,0.001593255946638952
2015-12-01,1.811517,27.877691,0.03577014053125137,True,False,1.0,1.0,406907.5029103935,0.0,406907.5029103935,2,0.0
2015-12-02,1.786036,27.745844,0.03589223830283642,True,False,1.0,1.0,373624.5890480867,33249.66419810874,406874.25324619544,2,0.08171975477148147
2015-12-03,1.752669,27.578028,0.036142564239767194,True,False,1.0,1.0,323693.0568056991,82510.1394354894,406203.19624118845,3,0.20312528359943757
2015-12-04,1.849737,28.054491,0.03451720624532833,True,False,1.0,1.0,383229.8741457004,27483.381569254365,410713.2557149548,3,0.06691622728711857
2015-12-07,1.796957,27.826746,0.03169757329157428,True,False,1.0,1.0,333668.7262256207,76210.81292055157,409879.5391461723,3,0.18593466041097767
2015-12-08,1.753277,27.590015,0.03149979292044025,True,False,1.0,1.0,268124.86878985923,139836.67780559298,407961.54659545224,4,0.342769260908454
2015-12-09,1.683509,27.230417,0.030174747578781396,True,False,1.0,1.0,203501.47261521473,198831.0063190574,402332.47893427213,4,0.49419576278240224
2015-12-10,1.712629,27.362268,0.030344528403617586,True,False,1.0,1.0,223708.26828863734,182043.20426506829,405751.4725537056,4,0.448656915819259
2015-12-11,1.611921,26.849846,0.032356807218769566,False,False,1.0,1.0,160380.26437069138,234603.22746908173,394983.49183977314,4,0.5939570445750416
2015-12-14,1.580981,26.676041,0.031964936921644455,False,False,1.0,1.0,316324.7347328502,73983.1103678929,390307.8451007431,1,0.18955066185973532
2015-12-15,1.653782,27.077593,0.0324805298946311,True,False,1.0,1.0,332646.2282171479,61052.05270603831,393698.28092318616,1,0.1550732011399107
2015-12-16,1.692002,27.281359,0.03258029085264003,True,False,1.0,1.0,353562.0586812004,41526.23894650886,395088.2976277092,1,0.10510622358559185
2015-12-17,1.617382,26.90678,0.03370533300680034,False,False,1.0,1.0,337521.628218079,55719.271311232114,393240.8995293111,1,0.14169246224877724
2015-12-18,1.560356,26.595131,0.03456921672310597,False,False,1.0,1.0,329425.25311686186,61842.99615709905,391268.2492739609,1,0.15805779352619384
2015-12-21,1.647109,27.050621,0.03673897370254228,True,False,1.0,1.0,394641.32778300595,0.0,394641.32778300595,0,0.0
2015-12-22,1.653176,27.092573,0.03548278344424309,True,False,1.0,1.0,394641.32778300595,0.0,394641.32778300595,0,0.0
2015-12-23,1.688969,27.281359,0.03479310425121112,True,False,1.0,1.0,394641.32778300595,0.0,394641.32778300595,0,0.0
2015-12-24,1.706562,27.390371,0.03485348860695587,True,False,1.0,1.0,394641.32778300595,0.0,394641.32778300595,0,0.0
2015-12-28,1.686542,27.282263,0.034623786824117916,True,False,1.0,1.0,394641.32778300595,0.0,394641.32778300595,0,0.0
2015-12-29,1.747817,27.60058,0.034905761741497614,True,False,1.0,1.0,394641.32778300595,0.0,394641.32778300595,0,0.0
2015-12-30,1.693822,27.351332,0.03437228899242767,True,False,1.0,1.0,394641.32778300595,0.0,394641.32778300595,0,0.0
2015-12-31,1.624056,26.978958,0.035384928863023184,True,False,1.0,1.0,394641.32778300595,0.0,394641.32778300595,0,0.0
2016-01-04,1.568849,26.666647,0.035886025436404026,False,False,1.0,1.0,394643.45759334636,0.0,394643.45759334636,0,0.0
2016-01-05,1.520315,26.414398,0.03343553688676875,False,False,1.0,1.0,394645.587415181,0.0,394645.587415181,0,0.0
2016-01-06,1.397768,25.501486,0.037157805548835056,False,False,1.0,1.0,394647.71724850987,0.0,394647.71724850987,0,0.0
2016-01-07,1.254594,24.786772,0.04283440101601601,False,False,1.0,1.0,394649.8470933331,0.0,394649.8470933331,0,0.0
2016-01-08,1.192713,24.429417,0.04318365119981581,False,False,1.0,1.0,394651.97694965074,0.0,394651.97694965074,0,0.0
2016-01-11,1.210914,24.513496,0.04310190695815746,False,False,1.0,1.0,394654.10681746283,0.0,394654.10681746283,0,0.0
2016-01-12,1.241247,24.717703,0.04281626565803482,False,False,1.0,1.0,394656.2366967694,0.0,394656.2366967694,0,0.0
2016-01-13,1.123553,23.930912,0.0469946174636311,False,False,1.0,1.0,387208.20056298556,7442.683134422424,394650.88369740796,1,0.01885890401332277
2016-01-14,1.192713,24.423409,0.04811972250249711,False,False,1.0,1.0,395103.24751417566,0.0,395103.24751417566,1,0.0
2016-01-15,1.031945,23.321306,0.055036602137231806,False,False,1.0,1.0,388365.2638155546,6733.346280548135,395098.61009610276,1,0.01704219176805085
2016-01-19,1.035586,23.36034,0.05516279676974421,False,False,1.0,1.0,389042.3980348615,6081.393123818565,395123.79115868005,1,0.015391108457390518
2016-01-20,1.055606,23.513493,0.05581759499191024,False,False,1.0,1.0,389663.7769667695,5579.063026031116,395242.8399928006,1,0.014115532177971244
2016-01-21,1.099286,23.861845,0.054951470388070994,False,False,1.0,1.0,395470.020812646,0.0,395470.020812646,1,0.0
2016-01-22,1.163593,24.297274,0.05740027261842969,False,False,1.0,1.0,395472.155095298,0.0,395472.155095298,1,0.0
2016-01-25,1.113846,23.960943,0.056917609105357224,False,False,1.0,1.0,389207.9731312273,6260.022417791029,395467.9955490183,1,0.01582940336069521
2016-01-26,1.146606,24.183165,0.05760279757099214,False,False,1.0,1.0,389853.84665227996,5799.725759159103,395653.57241143903,1,0.014658595709905495
2016-01-27,1.105959,23.906881,0.05767945597652341,False,False,1.0,1.0,383563.71113482345,11880.046018173714,395443.7571529972,1,0.030042315255408937
2016-01-28,1.096253,23.852837,0.05621327985594569,False,False,1.0,1.0,383565.781161201,11775.78561914229,395341.5667803433,1,0.029786358452120628
2016-01-29,1.24428,24.933912,0.06538137330630937,False,False,1.0,1.0,396920.4268841866,0.0,396920.4268841866,1,0.0
2016-02-01,1.263087,25.045027,0.06540274811253087,False,False,1.0,1.0,396922.5689944269,0.0,396922.5689944269,1,0.0
2016-02-02,1.138113,24.219206,0.06841818811650174,False,False,1.0,1.0,391737.25289165886,5182.24798093285,396919.5008725917,1,0.01305616874338536
2016-02-03,1.147213,24.276262,0.06851911697971005,False,False,1.0,1.0,392261.2158406685,4701.315271554692,396962.53111222317,1,0.011843221722670869
2016-02-04,1.203633,24.696678,0.06778097026290848,False,False,1.0,1.0,392756.0948348333,4439.2735994296345,397195.3684342629,1,0.011176549255670257
2016-02-05,1.081693,23.849829,0.0676840308058293,False,False,1.0,1.0,387762.8780163201,8979.85018611596,396742.72820243606,1,0.022633937682492406
2016-02-08,0.997972,23.249235,0.06900916290891687,False,False,1.0,1.0,382629.7140503788,13414.925543872712,396044.6395942515,1,0.03387225631336995
2016-02-09,0.978558,23.117098,0.06880900485323926,False,False,1.0,1.0,377277.1914945906,18503.168373583467,395780.35986817407,1,0.04675110301013035
2016-02-10,0.957325,22.936922,0.06833531710639712,False,False,1.0,1.0,371921.24651728,23454.28148806817,395375.52800534817,1,0.05932153061266581
2016-02-11,0.935485,22.759747,0.06530415748306317,False,False,1.0,1.0,366535.2404163165,28301.807232963263,394837.04764927976,1,0.07167971547113479
2016-02-12,0.997365,23.258242,0.06555053501426115,False,False,1.0,1.0,375284.5471239061,21417.863796537167,396702.41092044325,1,0.053989749512342686
2016-02-16,1.102926,24.075062,0.06163460986327577,False,False,1.0,1.0,393296.36791554803,5657.0021269668205,398953.37004251487,1,0.014179607321938341
2016-02-17,1.181793,24.648628,0.0633638590664153,False,False,1.0,1.0,397269.2204871548,2086.834465919917,399356.0549530747,1,0.005225498499490949
2016-02-18,1.162986,24.531519,0.06348564908729751,False,False,1.0,1.0,391426.93019664066,7892.188854967693,399319.1190516084,1,0.01976411466025422
2016-02-19,1.178759,24.639624,0.06297086637268727,False,False,1.0,1.0,392228.1697177393,7199.304014187252,399427.4737319265,1,0.018024058152341878
2016-02-22,1.234574,25.027014,0.0625416854478885,False,False,1.0,1.0,394943.6372871988,4824.143517923994,399767.7808051228,1,0.012067364478968976
2016-02-23,1.174514,24.633615,0.06279896270406733,False,False,1.0,1.0,389222.6627652957,10306.81456852864,399529.4773338243,1,0.025797382053782344
2016-02-24,1.223653,24.960945,0.06312029035196588,False,False,1.0,1.0,390297.49814824876,9664.225467300857,399961.7236155496,1,0.02416287583706456
2016-02-25,1.270974,25.264246,0.06286184378536595,False,False,1.0,1.0,400327.5802102659,0.0,400327.5802102659,1,0.0
2016-02-26,1.290387,25.426403,0.06277384749911476,False,False,1.0,1.0,400329.7407083178,0.0,400329.7407083178,1,0.0
2016-02-29,1.283714,25.366344,0.056258532248913404,False,False,1.0,1.0,400331.90121802955,0.0,400331.90121802955,1,0.0
2016-03-01,1.390487,26.051027,0.058884723115627154,False,False,1.0,1.0,400334.0617394012,0.0,400334.0617394012,1,0.0
2016-03-02,1.414148,26.213198,0.053021565957355576,True,False,1.0,1.0,400336.2222724328,0.0,400336.2222724328,1,0.0
2016-03-03,1.417181,26.243227,0.05305425747745237,True,False,1.0,1.0,400338.3828171244,0.0,400338.3828171244,2,0.0
2016-03-04,1.462075,26.5135,0.05256046872301325,True,False,1.0,1.0,400340.54337347613,0.0,400340.54337347613,2,0.0
2016-03-07,1.478455,26.633614,0.04484684772254321,True,False,1.0,1.0,400342.703941488,0.0,400342.703941488,2,0.0
2016-03-08,1.377747,26.030008,0.04375969457832945,False,False,1.0,1.0,353712.42222501204,46585.60502533201,400298.02725034405,3,0.11637730354388594
2016-03-09,1.411721,26.213198,0.042965643572805294,True,False,1.0,1.0,387123.81322653394,14291.619565098503,401415.4327916324,1,0.03560306455012911
2016-03-10,1.430528,26.34532,0.04193853016925427,True,False,1.0,1.0,388572.66337831446,13033.811750267305,401606.47512858175,1,0.03245418726402329
2016-03-11,1.515461,26.846827,0.041448967708631414,True,False,1.0,1.0,402368.67963916046,0.0,402368.67963916046,1,0.0
2016-03-14,1.497868,26.783764,0.04106639977788397,True,False,1.0,1.0,385931.5124524531,16422.82715330146,402354.33960575453,1,0.04081682620695307
2016-03-15,1.489375,26.714695,0.03678619052068217,True,False,1.0,1.0,385933.59525744093,16329.70875367413,402263.30401111505,1,0.04059457721060959
2016-03-16,1.530628,26.954937,0.034682335649668466,True,False,1.0,1.0,387612.2101423531,15103.810998033978,402716.02114038705,1,0.0375048674628437
2016-03-17,1.563995,27.141117,0.034042337056366674,True,False,1.0,1.0,403032.0194219037,0.0,403032.0194219037,1,0.0
2016-03-18,1.626482,27.49848,0.03447155178590108,True,False,1.0,1.0,403034.19451534183,0.0,403034.19451534183,1,0.0
2016-03-21,1.634369,27.534517,0.03380164880151212,True,False,1.0,1.0,403036.3696205186,0.0,403036.3696205186,1,0.0
2016-03-22,1.630122,27.528503,0.03059953592254886,True,False,1.0,1.0,403038.54473743396,0.0,403038.54473743396,1,0.0
2016-03-23,1.564602,27.168865,0.032561963798093535,True,False,1.0,1.0,387120.4639227393,15904.26575921161,403024.72968195094,1,0.039462257742254536
2016-03-24,1.560962,27.150795,0.032134478200491666,True,False,1.0,1.0,387122.55314429064,15867.264958136619,402989.81810242723,1,0.03937386069169535
2016-03-28,1.559142,27.135735,0.03221117405166107,True,False,1.0,1.0,387124.6423771171,15848.764557599125,402973.4069347163,1,0.03932955446900421
2016-03-29,1.618596,27.50923,0.03259833334063044,True,False,1.0,1.0,403563.4849611369,0.0,403563.4849611369,1,0.0
2016-03-30,1.667129,27.750198,0.02876416191042213,True,False,1.0,1.0,403565.66292280174,0.0,403565.66292280174,1,0.0
2016-03-31,1.638616,27.596579,0.029284460285587254,True,False,1.0,1.0,387271.23727865773,16280.235432680643,403551.47271133837,1,0.04034240123892683
2016-04-01,1.670769,27.786339,0.029377185352293507,True,False,1.0,1.0,388931.6449923969,14939.718278267736,403871.3632706646,1,0.03699127899854466
2016-04-04,1.624662,27.53936,0.02991816093886859,True,False,1.0,1.0,372809.0420081704,30635.944163483768,403444.98617165413,1,0.07593586539317919
2016-04-05,1.595542,27.385736,0.030327418411132262,True,False,1.0,1.0,356523.62005183805,46357.90879583355,402881.5288476716,1,0.11506585801644273
2016-04-06,1.644076,27.647793,0.025261739127419393,True,False,1.0,1.0,378046.93889210164,26225.22558999385,404272.1644820955,1,0.06487022331500471
2016-04-07,1.567028,27.226101,0.02795890974793526,True,False,1.0,1.0,346189.0263648005,56824.159147716775,403013.1855125173,2,0.14099826306043245
2016-04-08,1.590689,27.352608,0.027988081215545964,True,False,1.0,1.0,351953.3738926779,51913.94691190599,403867.3208045839,2,0.1285420835943921
2016-04-11,1.588261,27.346575,0.025143966274296947,True,False,1.0,1.0,389107.67469898844,14645.316105296914,403752.99080428533,1,0.03627296004946763
2016-04-12,1.583408,27.307419,0.024964221050592816,True,False,1.0,1.0,372321.6868822929,31371.79264521857,403693.47952751146,2,0.07771191321181745
2016-04-13,1.691396,27.918877,0.0285681288008519,True,False,1.0,1.0,405801.7060422379,0.0,405801.7060422379,2,0.0
2016-04-14,1.650142,27.705013,0.028924793238761504,True,False,1.0,1.0,372687.49825058447,33083.135974180186,405770.63422476465,2,0.08153161708556456
2016-04-15,1.605856,27.467062,0.029396551346636265,True,False,1.0,1.0,323183.0126588066,81652.03398737402,404835.04664618056,3,0.20169210809146323
2016-04-18,1.608282,27.470078,0.028017910696515262,True,False,1.0,1.0,331354.16211201,73597.84866934127,404952.01078135124,3,0.18174461839894285
2016-04-19,1.547008,27.135735,0.02925023273819118,True,False,1.0,1.0,282315.0483539575,119785.48700952523,402100.5353634827,3,0.29789934723972444
2016-04-20,1.592509,27.394772,0.03009906573781059,True,False,1.0,1.0,294635.1724530925,110977.7839021174,405612.9563552099,4,0.27360512568274603
2016-04-21,1.564602,27.232117,0.028900926984639724,True,False,1.0,1.0,228110.65245943834,175492.30988581467,403602.962345253,4,0.4348142265013748
2016-04-22,1.573096,27.280312,0.028919942351463078,True,False,1.0,1.0,245738.83740687836,158800.52923422182,404539.36664110015,4,0.3925465413978035
2016-04-25,1.544581,27.117666,0.02922036613356027,True,False,1.0,1.0,179150.254965246,222445.02989729182,401595.2848625378,4,0.5539034901105291
2016-04-26,1.606462,27.479107,0.029349854343626948,True,False,1.0,1.0,312550.5816246747,97824.73807897321,410375.3197036479,4,0.23837870695932015
2016-04-27,1.658029,27.759226,0.029463287290007856,True,False,1.0,1.0,400176.9513388273,13252.964011847878,413429.9153506752,4,0.032056132175647206
2016-04-28,1.524562,27.033325,0.03477767398876766,True,False,1.0,1.0,337810.88750647125,74491.71640298337,412302.6039094546,4,0.18067243742011976
2016-04-29,1.407475,26.319466,0.038236166426232066,True,False,1.0,1.0,275110.13965210685,131410.31436509863,406520.4540172055,4,0.3232563406502956
2016-05-02,1.436595,26.518255,0.03847622073883797,True,False,1.0,1.0,288511.1970108057,120716.21912204195,409227.41613284766,4,0.29498565922781134
2016-05-03,1.388668,26.217051,0.03889572707933667,True,False,1.0,1.0,222799.96316176277,182335.73142610394,405135.6945878667,4,0.45006089036807534
2016-05-04,1.33892,25.918858,0.03841202592024203,False,False,1.0,1.0,157249.44334240185,241289.5718138743,398539.0151562762,4,0.6054352588773754
2016-05-05,1.349234,25.982109,0.03754110130259928,True,False,1.0,1.0,347397.3304806647,52811.93065792307,400209.2611385877,1,0.1319607909813834
2016-05-06,1.354694,26.018255,0.03727511380736714,True,False,1.0,1.0,352696.496031277,47723.08215745674,400419.5781887337,1,0.11918268925143052
2016-05-09,1.348627,25.985119,0.0372538038240972,True,False,1.0,1.0,352698.39947268413,47509.35423111375,400207.7537037979,1,0.11871172857454534
2016-05-10,1.398981,26.292349,0.03857607808943473,True,False,1.0,1.0,371541.4459577468,30423.32078825627,401964.76674600306,1,0.075686535998018
2016-05-11,1.386241,26.229101,0.03463548918397007,True,False,1.0,1.0,371543.45110205834,30146.2669134414,401689.71801549976,1,0.07504863968730752
2016-05-12,1.312834,25.75922,0.03591497762572553,False,False,1.0,1.0,355377.10763885383,44702.01087571953,400079.1185145734,1,0.11173292683129925
2016-05-13,1.328608,25.852596,0.0360766576526748,False,False,1.0,1.0,359898.4375992294,40715.204160625915,400613.6417598553,1,0.10163209615570785
2016-05-16,1.390487,26.268263,0.03806937761633613,True,False,1.0,1.0,379538.7200058957,22953.594669023863,402492.3146749196,1,0.05702865329879096
2016-05-17,1.363187,26.096569,0.03747225294856065,True,False,1.0,1.0,362790.07906899665,39236.80233260851,402026.88140160515,1,0.09759745964204038
2016-05-18,1.429315,26.503199,0.03859265399046599,True,False,1.0,1.0,384430.1337963349,19480.534141800876,403910.6679381358,1,0.04822980844067375
2016-05-19,1.401408,26.355606,0.03862945087406657,True,False,1.0,1.0,367676.5881302396,35838.97297935771,403515.56110959727,1,0.08881682996513642
2016-05-20,1.531842,27.153807,0.044018158512328404,True,False,1.0,1.0,404546.5523568361,2269.947316941877,406816.49967377796,1,0.005579781839630705
2016-05-23,1.565209,27.343563,0.04411144954645414,True,False,1.0,1.0,404780.44412804994,2087.4527353362496,406867.8968633862,1,0.005130541759201888
2016-05-24,1.678656,28.00321,0.04601835666278084,True,False,1.0,1.0,407019.154154036,0.0,407019.154154036,1,0.0
2016-05-25,1.708383,28.168871,0.0456519066003515,True,False,1.0,1.0,407021.35076534416,0.0,407021.35076534416,1,0.0
2016-05-26,1.72537,28.262243,0.04099551097886507,True,False,1.0,1.0,407023.547388507,0.0,407023.547388507,1,0.0
2016-05-27,1.756917,28.439959,0.03567491163536392,True,False,1.0,1.0,407025.74402352463,0.0,407025.74402352463,1,0.0
2016-05-31,1.78543,28.605631,0.03562764808283914,True,False,1.0,1.0,407027.94067039713,0.0,407027.94067039713,1,0.0
2016-06-01,1.81637,28.756231,0.03404288551186445,True,False,1.0,1.0,407030.13732912455,0.0,407030.13732912455,1,0.0
2016-06-02,1.815157,28.762249,0.03216999709678338,True,False,1.0,1.0,407032.33399970696,0.0,407032.33399970696,1,0.0
2016-06-03,1.832143,28.846584,0.032151840443235866,True,False,1.0,1.0,407034.5306821444,0.0,407034.5306821444,2,0.0
2016-06-06,1.81819,28.780325,0.03247171784507407,True,False,1.0,1.0,390188.88929776795,16830.916238081234,407019.8055358492,2,0.041351590289133516
2016-06-07,1.871578,29.054411,0.03229116045708549,True,False,1.0,1.0,391921.78460109956,15592.614245998517,407514.39884709805,2,0.038262732041154116
2016-06-08,1.866723,29.042372,0.032186930807792474,True,False,1.0,1.0,374971.35184281215,32487.686830739003,407459.0386735512,3,0.0797323994492795
2016-06-09,1.874003,29.075504,0.03181424850108799,True,False,1.0,1.0,378231.57014162187,29352.946487228608,407584.5166288505,3,0.07201683402992862
2016-06-10,1.77997,28.599596,0.03148276936970995,True,False,1.0,1.0,329502.3219123603,76562.4297976329,406064.75170999323,3,0.1885473424502329
2016-06-13,1.755702,28.452015,0.03213985694585693,True,False,1.0,1.0,263159.89327645843,141796.15368833856,404956.04696479696,4,0.3501519603204369
2016-06-14,1.750849,28.442976,0.031448581709479194,True,False,1.0,1.0,263161.31350445386,141404.2097628606,404565.5232673145,4,0.34952115697073016
2016-06-15,1.751456,28.439959,0.030704798962605077,True,False,1.0,1.0,277293.9879842857,127307.90973577887,404601.89772006456,4,0.31464980874573284
2016-06-16,1.749637,28.436947,0.029705697851818175,True,False,1.0,1.0,277295.4844915224,127175.6922619689,404471.17675349134,4,0.3144246106304808
2016-06-17,1.705956,28.195978,0.030024148631587443,True,False,1.0,1.0,211617.88741960822,189613.78172252685,401231.66914213507,4,0.4725793009508349
2016-06-20,1.76359,28.509233,0.02433625822624414,True,False,1.0,1.0,298963.83745629137,108587.9234205861,407551.76087687747,4,0.26643958840209947
2016-06-21,1.78179,28.599581,0.02411208695836993,True,False,1.0,1.0,309925.39275406324,98737.68192403537,408663.0746780986,4,0.24161145951786916
2016-06-22,1.773903,28.572388,0.01899760780548753,True,False,1.0,1.0,309927.06536729395,98300.62475268809,408227.69011998206,4,0.24079852281406142
2016-06-23,1.912223,29.285486,0.024819122460875996,True,False,1.0,1.0,408507.9523984671,7288.251421812121,415796.2038202792,4,0.017528422229083993
2016-06-24,1.589476,27.696123,0.04924623475704004,True,False,1.0,1.0,352590.03962619737,61922.084393385914,414512.1240195833,4,0.14938546017163168
2016-06-27,1.400195,26.572083,0.056001874396901165,True,False,1.0,1.0,298102.1520868995,108983.2224026741,407085.3744895736,4,0.2677158877037117
2016-06-28,1.512428,27.26705,0.05914852382972348,True,False,1.0,1.0,368603.76929250784,47148.60325126032,415752.37254376814,4,0.11340549414735275
2016-06-29,1.603429,27.816984,0.0607802280248041,True,False,1.0,1.0,373599.33486624144,44986.93093906524,418586.26580530667,4,0.10747349976358186
2016-06-30,1.69079,28.294405,0.06220934994601255,True,False,1.0,1.0,417820.4173042758,3174.901916745863,420995.31922102167,4,0.007541418566411771
2016-07-01,1.636189,28.061741,0.062463871854131665,True,False,1.0,1.0,370281.9646315018,50565.33226207375,420847.2968935756,4,0.12015125827185907
2016-07-05,1.553681,27.548061,0.06331034338534972,True,False,1.0,1.0,323819.93087537447,94432.84140840251,418252.772283777,4,0.22577935561017998
2016-07-06,1.560356,27.584322,0.0627940016330012,True,False,1.0,1.0,333296.1005898863,85354.69354377402,418650.7941336603,4,0.2038804051964208
2016-07-07,1.617382,27.919722,0.06358843954278902,True,False,1.0,1.0,342136.5129612995,79626.72009329582,421763.2330545953,4,0.18879483523635762
2016-07-08,1.753277,28.696283,0.06654091740512956,True,False,1.0,1.0,428096.37813375477,273.4849418005878,428369.86307555536,4,0.0006384317977858094
2016-07-11,1.81091,29.019585,0.0659859979926455,True,False,1.0,1.0,428126.90788259794,254.22734363166362,428381.1352262296,4,0.000593460642232542
2016-07-12,1.884923,29.397293,0.06645445931509522,True,False,1.0,1.0,428155.6538667328,238.1559936806377,428393.8098604134,4,0.0005559277193063031
2016-07-13,1.889777,29.433554,0.0664384609524411,True,False,1.0,1.0,428181.8177284624,214.89235758852382,428396.7100860509,4,0.0005016199997085855
2016-07-14,1.93103,29.648088,0.0665498245596205,True,False,1.0,1.0,428206.0650473368,197.62502684007185,428403.6900741769,4,0.00046130561295084466
2016-07-15,1.926784,29.639021,0.06655577213339613,True,False,1.0,1.0,416153.2466876112,12240.211716470261,428393.45840408147,4,0.02857235906932244
2016-07-18,2.013538,30.074131,0.06671040054330993,True,False,1.0,1.0,417618.6311070115,11326.735533569665,428945.36664058117,4,0.026406009749629682
2016-07-19,1.989878,29.971399,0.06658444919762584,True,False,1.0,1.0,417620.88492184604,11193.641167968291,428814.5260898143,4,0.02610368932703508
2016-07-20,2.085731,30.445782,0.06721237784307704,True,False,1.0,1.0,429344.31127087603,0.0,429344.31127087603,4,0.0
2016-07-21,2.042051,30.231266,0.06747721530685581,True,False,1.0,1.0,384143.36427319696,45157.86227887614,429301.2265520731,4,0.10518922259216656
2016-07-22,2.074204,30.382353,0.06560528547861835,True,False,1.0,1.0,388727.7645562536,41282.00359014766,430009.7681464013,4,0.09600247866018889
2016-07-25,2.107572,30.557575,0.0482364693033909,True,False,1.0,1.0,392920.3017317608,37751.50148367528,430671.80321543606,4,0.087657239693472
2016-07-26,2.3648,31.742064,0.040807562688731445,True,False,1.0,1.0,435239.3429933053,0.0,435239.3429933053,4,0.0
2016-07-27,2.35024,31.739037,0.03957051769948934,True,False,1.0,1.0,435241.69190404523,0.0,435241.69190404523,4,0.0
2016-07-28,2.313232,31.563784,0.03946209414132677,True,False,1.0,1.0,367843.2646754248,67333.07932445512,435176.3439998799,4,0.15472596397490232
2016-07-29,2.278046,31.424799,0.03925669871609533,True,False,1.0,1.0,300409.02596382675,133677.3839695543,434086.409933381,4,0.3079510920189132
2016-08-01,2.290179,31.448957,0.03771195320522186,True,False,1.0,1.0,313836.2164551588,120950.42145233632,434786.6379074951,4,0.27818339136279907
2016-08-02,2.180372,30.965517,0.03746610265472928,True,False,1.0,1.0,248672.85639737523,180250.82531037147,428923.6817077467,4,0.4202398538423158
2016-08-03,2.195539,31.004807,0.03742372003049418,True,False,1.0,1.0,266806.61358336103,163354.20977521126,430160.8233585723,4,0.3797514810851171
2016-08-04,2.252564,31.294865,0.03722203665087361,True,False,1.0,1.0,283551.0869903261,150837.32558122632,434388.41257155244,4,0.34724067497168887
2016-08-05,2.338712,31.693714,0.034458210570052064,True,False,1.0,1.0,355701.4005204951,84385.39686847333,440086.7973889684,4,0.19174716753406654
2016-08-08,2.329007,31.657461,0.034424793116381004,True,False,1.0,1.0,355703.32017884706,84035.22109796008,439738.54127680714,4,0.1911026967387457
2016-08-09,2.389066,31.914295,0.0339632314201162,True,False,1.0,1.0,407716.46216715605,34139.26506134128,441855.72722849733,4,0.07726337570744399
2016-08-10,2.33386,31.696747,0.03482126050831574,True,False,1.0,1.0,340916.8116363803,100085.13823347299,441001.9498698533,4,0.22694942338239024
2016-08-11,2.367225,31.8176,0.03473697615633644,True,False,1.0,1.0,351060.15076672944,91364.36513726607,442424.5159039955,4,0.20650836889222432
2016-08-12,2.39756,31.96567,0.034617053482721115,True,False,1.0,1.0,391110.2678751056,52447.06686921623,443557.3347443218,4,0.11824191093457649
2016-08-15,2.497054,32.40078,0.03445472219964364,True,False,1.0,1.0,445681.56606717873,0.0,445681.56606717873,4,0.0
2016-08-16,2.443666,32.174164,0.034859687560474674,True,False,1.0,1.0,378753.94357343594,66862.80374786539,445616.7473213013,4,0.15004553610202526
2016-08-17,2.442454,32.168106,0.0338256361386584,True,False,1.0,1.0,378755.98764233774,66829.64139337733,445585.6290357151,4,0.1499815906047112
2016-08-18,2.496447,32.40078,0.0332435129355735,True,False,1.0,1.0,385581.9359021544,61476.28245642103,447058.2183585755,4,0.13751292322091319
2016-08-19,2.561361,32.678757,0.03340774171506272,True,False,1.0,1.0,448596.1049228746,0.0,448596.1049228746,4,0.0
2016-08-22,2.564394,32.693863,0.03344513793691979,True,False,1.0,1.0,448598.52591772657,0.0,448598.52591772657,4,0.0
2016-08-23,2.605647,32.854023,0.022595593092592903,True,False,1.0,1.0,448600.9469256442,0.0,448600.9469256442,4,0.0
2016-08-24,2.538307,32.582073,0.023532880282756213,True,False,1.0,1.0,382177.75265270786,66358.8979104963,448536.65056320414,4,0.14794531913316977
2016-08-25,2.569247,32.715023,0.023127103478318495,True,False,1.0,1.0,388889.9107936588,60450.985417391974,449340.8962110508,4,0.13453256965286053
2016-08-26,2.605041,32.860065,0.022676488797257324,True,False,1.0,1.0,395015.23038513405,55163.85382660266,450179.0842117367,4,0.12253757618080932
2016-08-29,2.631734,32.98999,0.022686964820468,True,False,1.0,1.0,450691.0333018501,0.0,450691.0333018501,3,0.0
2016-08-30,2.608681,32.926537,0.01891866791325098,True,False,1.0,1.0,381392.7013737485,69231.1590677425,450623.860441491,4,0.15363402861072303
2016-08-31,2.610501,32.905376,0.01900513922449677,True,False,1.0,1.0,388315.8150502308,62351.51364990615,450667.328700137,4,0.13835374716367185
2016-09-01,2.679054,33.165249,0.019018410746881237,True,False,1.0,1.0,408777.241937505,43509.19360465895,452286.43554216396,3,0.09619831634460513
2016-09-02,2.664494,33.132004,0.017985813705584924,True,False,1.0,1.0,337427.6847403514,114552.8299591256,451980.514699477,4,0.2534463903500178
2016-09-06,2.642048,33.056465,0.018145244838354866,True,False,1.0,1.0,266220.9546803173,184724.85368299476,450945.80836331204,4,0.4096386977261092
2016-09-07,2.583808,32.805672,0.01862729710487839,True,False,1.0,1.0,255364.04646966222,191412.92294266785,446776.9694123301,3,0.4284305952351206
2016-09-08,2.572281,32.748257,0.01762164513226436,True,False,1.0,1.0,236979.79209911788,208926.1491719148,445905.9412710327,4,0.46854309358691476
2016-09-09,2.288965,31.584944,0.03222643256470678,True,False,1.0,1.0,170841.59867106326,251987.66175748743,422829.26042855065,4,0.5959560639254011
2016-09-12,2.426072,32.174164,0.034795560111664826,True,False,1.0,1.0,267485.213326678,170342.59213296516,437827.80545964313,4,0.38906298322952565
2016-09-13,2.3557,31.89012,0.034069816712823525,True,False,1.0,1.0,195006.50492167906,237808.89318852968,432815.39811020874,4,0.549446471236626
2016-09-14,2.423041,32.171127,0.03444891252729007,True,False,1.0,1.0,219443.92802648398,220146.29559128295,439590.2236177669,4,0.5007988889732563
2016-09-15,2.590482,32.914455,0.037587127309814054,True,False,1.0,1.0,314547.83038296306,140161.80801402472,454709.6383969878,4,0.30824463828861126
2016-09-16,2.591695,32.923504,0.037323754895714205,True,False,1.0,1.0,328558.324716264,126204.69523386651,454763.0199501305,4,0.2775174974598994
2016-09-19,2.604434,32.962811,0.03691346036488859,True,False,1.0,1.0,341229.9868815116,114142.52807681765,455372.5149583292,4,0.25065748223136114
2016-09-20,2.571674,32.814735,0.03703611607566255,True,False,1.0,1.0,267485.04632527335,186379.49213162775,453864.5384569011,4,0.4106500427755413
2016-09-21,2.672382,33.267982,0.03787174730536224,True,False,1.0,1.0,369059.27985247446,92004.28765253672,461063.56750501116,4,0.19954794552605104
2016-09-22,2.703321,33.376755,0.0373684771600149,True,False,1.0,1.0,404779.8454807219,57315.31474010344,462095.16022082535,4,0.12403357505998046
2016-09-23,2.617174,33.03532,0.03812375071705124,True,False,1.0,1.0,332468.42681842146,127729.81384201106,460198.2406604325,4,0.2775538942928279
2016-09-26,2.535881,32.70974,0.03866189392698352,True,False,1.0,1.0,260080.89100493287,196078.97411501195,456159.8651199448,4,0.42984705386883176
2016-09-27,2.672382,33.274117,0.04043801923580592,True,False,1.0,1.0,356858.5629693398,109760.86332397521,466619.426293315,4,0.23522566172583648
2016-09-28,2.689974,33.340866,0.040392638192752406,True,False,1.0,1.0,367897.8408130479,99435.06643254677,467332.90724559466,4,0.21277137751459743
2016-09-29,2.788863,33.7505,0.041123253584075516,True,False,1.0,1.0,470887.7964373505,0.0,470887.7964373505,4,0.0
2016-09-30,2.918689,34.284527,0.04191540465365586,True,False,1.0,1.0,470890.33773656934,0.0,470890.33773656934,4,0.0
2016-10-03,2.858023,34.053928,0.042248495019717586,True,False,1.0,1.0,397666.4784798291,73152.85252917932,470819.3310090084,4,0.1553735110502072
2016-10-04,2.836182,33.965942,0.04223710846032105,True,False,1.0,1.0,397668.6246163796,72593.81873130932,470262.44334768894,4,0.1543687354969936
2016-10-05,2.902309,34.214737,0.0419934868133586,True,False,1.0,1.0,421219.29025056993,50714.41551170865,471933.7057622786,3,0.1074608888758931
2016-10-06,2.952663,34.415024,0.04199378265841689,True,False,1.0,1.0,426375.86109286896,46434.86287064657,472810.72396351554,4,0.09821025733381994
2016-10-07,2.935676,34.363445,0.030588131808223656,True,False,1.0,1.0,406807.97524215176,65718.2486982882,472526.22394044,4,0.13907852171728718
2016-10-10,2.891996,34.190464,0.029173296417974125,True,False,1.0,1.0,331548.4578358098,139926.54574198343,471475.00357779325,4,0.2967846538631938
2016-10-11,2.711208,33.474392,0.032465678866487116,True,False,1.0,1.0,259953.79804664096,202703.8241110032,462657.62215764413,4,0.43812922213553135
2016-10-12,2.680874,33.362106,0.03231026273039039,True,False,1.0,1.0,184376.39756027542,275938.791231252,460315.1887915274,4,0.5994561942561105
2016-10-13,2.583808,32.967655,0.030123492388529096,True,False,1.0,1.0,110713.28229210226,339538.0397373723,450251.32202947454,4,0.7541078129586154
2016-10-14,2.646901,33.216461,0.030608735489801538,True,False,1.0,1.0,145462.19308598846,313046.1780546393,458508.3711406278,4,0.6827491006889944
2016-10-17,2.602007,33.043499,0.030857701477865714,True,False,1.0,1.0,70359.29557956132,382764.8611921209,453124.1567716822,4,0.8447240242479203
2016-10-18,2.697255,33.425835,0.03171453391445715,True,False,1.0,1.0,256765.5246954443,210184.75971907112,466950.2844145154,4,0.45012235078218404
2016-10-19,2.657216,33.286236,0.030754169096681102,True,False,1.0,1.0,181482.73624065937,282273.26268837956,463755.99892903893,4,0.6086676255191068
2016-10-20,2.714242,33.519886,0.03102608440167657,True,False,1.0,1.0,210288.1454883185,259497.96725567261,469786.1127439911,4,0.5523747088647669
2016-10-21,2.692402,33.434937,0.030145980206376412,True,False,1.0,1.0,134498.21528900872,333124.87215369305,467623.0874427018,4,0.712379010145668
2016-10-24,2.842248,34.047852,0.031283405560731614,True,False,1.0,1.0,427334.1278038915,58538.249270471606,485872.3770743631,4,0.12048071064042458
2016-10-25,2.835575,34.017506,0.029313044352497812,True,False,1.0,1.0,427336.43405156536,58400.81378370836,485737.24783527374,4,0.12023128562607908
2016-10-26,2.819196,33.968967,0.029363370444660034,True,False,1.0,1.0,427338.7403116856,58063.475879063495,485402.2161907491,4,0.11961930527372422
2016-10-27,2.781582,33.811188,0.028440802089230895,True,False,1.0,1.0,351985.83951254754,132568.307947692,484554.14746023953,4,0.2735882225805734
2016-10-28,2.733655,33.607891,0.02654325262452562,True,False,1.0,1.0,276946.8121881548,205249.69608911598,482196.50827727077,4,0.4256557079237374
2016-10-31,2.776728,33.789944,0.02651951842586346,True,False,1.0,1.0,297775.943383084,187635.35278223656,485411.29616532056,4,0.38654920943234916
2016-11-01,2.698468,33.489552,0.027182286359569777,True,False,1.0,1.0,223608.54003748493,256441.50642907617,480050.0464665611,4,0.5341974411139634
2016-11-02,2.644474,33.268044,0.026761210056637123,True,False,1.0,1.0,148803.9911750546,326040.9560116135,474844.94718666805,4,0.6866261459521066
2016-11-03,2.626881,33.210396,0.02626298263073595,True,False,1.0,1.0,148804.79424421332,323871.8900502494,472676.6842944627,4,0.6851869381576845
2016-11-04,2.580774,33.001022,0.02639649536217796,True,False,1.0,1.0,73829.51519615074,393088.0692381263,466917.584434277,4,0.8418789147005387
2016-11-07,2.804028,33.929523,0.03299123343133161,True,False,1.0,1.0,353873.03526883305,146770.85180476555,500643.88707359857,4,0.2931641743648996
2016-11-08,2.822228,33.99931,0.02948862612881741,True,False,1.0,1.0,368632.60154475976,132951.14271060555,501583.74425536534,4,0.26506270235687246
2016-11-09,2.777335,33.83849,0.029620916801276223,True,False,1.0,1.0,293472.32678926474,205923.06919461,499395.39598387474,4,0.41234474897173296
2016-11-10,2.603221,33.107235,0.03208687926743674,True,False,1.0,1.0,221883.88950226293,264531.65591094806,486415.545413211,4,0.5438388193087618
2016-11-11,2.896849,34.375557,0.03973432839732907,True,False,1.0,1.0,507968.42169375333,8001.110081809853,515969.5317755632,4,0.015506942927959904
2016-11-14,2.848315,34.196541,0.03972832959807118,True,False,1.0,1.0,432680.6184274819,83081.98238558517,515762.60081306705,4,0.1610857054284504
2016-11-15,3.012724,34.836784,0.0408091562394631,True,False,1.0,1.0,520473.1483319553,0.0,520473.1483319553,4,0.0
2016-11-16,3.117069,35.237301,0.04098515829788106,True,False,1.0,1.0,520475.9572346606,0.0,520475.9572346606,4,0.0
2016-11-17,3.21899,35.616581,0.04124355913011975,True,False,1.0,1.0,520478.766152525,0.0,520478.766152525,4,0.0
2016-11-18,3.285118,35.8745,0.041130632981101,True,False,1.0,1.0,520481.5750855486,0.0,520481.5750855486,4,0.0
2016-11-21,3.328798,36.114227,0.03981194178021968,True,False,1.0,1.0,520484.3840337316,0.0,520484.3840337316,4,0.0
2016-11-22,3.462266,36.499565,0.04033387566958013,True,False,1.0,1.0,520487.192997074,0.0,520487.192997074,4,0.0
2016-11-23,3.476219,36.545094,0.0401912706116678,True,False,1.0,1.0,520490.00197557587,0.0,520490.00197557587,4,0.0
2016-11-25,3.490779,36.608807,0.039831236033490834,True,False,1.0,1.0,520492.8109692373,0.0,520492.8109692373,4,0.0
2016-11-28,3.461658,36.499565,0.03953919286312271,True,False,1.0,1.0,498968.07928015216,21505.91859955532,520473.9978797075,4,0.04131987128495474
2016-11-29,3.441639,36.432812,0.03972002478489535,True,False,1.0,1.0,477388.3539223118,42942.289416843094,520330.6433391549,4,0.08252884962005405
2016-11-30,3.379758,36.22345,0.039241557407250306,True,False,1.0,1.0,396486.3865476523,122993.46677295885,519479.8533206112,4,0.23676272715248126
2016-12-01,2.879862,34.454453,0.0545988853722401,True,False,1.0,1.0,326295.972519164,174923.7018061801,501219.67432534404,4,0.34899608049431097
2016-12-02,2.991489,34.879253,0.05504077704725837,True,False,1.0,1.0,373840.6403483633,134113.7195202946,507954.3598686579,3,0.26402710581118444
2016-12-05,3.10069,35.304058,0.05510399572102879,True,False,1.0,1.0,440242.2355041994,72543.70769692301,512785.9432011224,4,0.1414697665931733
2016-12-06,3.229305,35.79258,0.05288914717601288,True,False,1.0,1.0,447792.3751464051,67997.50448635328,515789.8796327583,4,0.13183179269583073
2016-12-07,3.433752,36.529911,0.05426453643649121,True,False,1.0,1.0,455017.84256177663,65072.17816914851,520090.02073092514,4,0.12511714429301535
2016-12-08,3.52172,36.848515,0.0540150611790317,True,False,1.0,1.0,461687.58405263256,60065.31402724143,521752.898079874,4,0.11512214737721718
2016-12-09,3.477432,36.72411,0.051314821481438185,True,False,1.0,1.0,444261.82484901004,76720.69831247613,520982.52316148614,4,0.14726155850087017
2016-12-12,3.398565,36.435852,0.047044964505869515,True,False,1.0,1.0,371087.00881376874,148084.41341900642,519171.42223277513,4,0.2852322124783892
2016-12-13,3.513227,36.860661,0.04698354533308615,True,False,1.0,1.0,386381.83980975696,137772.4844316746,524154.32424143155,4,0.26284717698563714
2016-12-14,3.505339,36.827282,0.04579804599423843,True,False,1.0,1.0,386383.9250450829,137463.1536206575,523847.07866574044,4,0.2624108432002364
2016-12-15,3.689767,37.455368,0.046479173352815956,True,False,1.0,1.0,530937.6600772727,0.0,530937.6600772727,4,0.0
2016-12-16,3.569647,37.076084,0.047012907869373934,True,False,1.0,1.0,451064.83355536725,79795.46536155569,530860.2989169229,4,0.1503134921265666
2016-12-19,3.680668,37.443245,0.047243419113973444,True,False,1.0,1.0,459286.8060729906,74049.49405676466,533336.3001297553,4,0.1388420290138683
2016-12-20,3.783893,37.8013,0.04747448028141364,True,False,1.0,1.0,535339.7944825779,0.0,535339.7944825779,4,0.0
2016-12-21,3.783893,37.8013,0.046850122603663565,True,False,1.0,1.0,535342.6836179767,0.0,535342.6836179767,4,0.0
2016-12-22,3.844914,37.983772,0.046920957033640076,True,False,1.0,1.0,535345.5727689677,0.0,535345.5727689677,4,0.0
2016-12-23,3.90212,38.178402,0.046970451994492526,True,False,1.0,1.0,535348.4619355509,0.0,535348.4619355509,4,0.0
2016-12-27,4.044501,38.64983,0.04731871360579999,True,False,1.0,1.0,535351.3511177264,0.0,535351.3511177264,4,0.0
2016-12-28,3.809317,37.916859,0.049626559728570545,True,False,1.0,1.0,458955.8431656804,76321.66318004903,535277.5063457295,4,0.1425833558766315
2016-12-29,3.808683,37.910778,0.049345887140117554,True,False,1.0,1.0,458958.3200702308,76308.96065766609,535267.2807278968,4,0.14256234857825684
2016-12-30,3.629436,37.323788,0.03325133014443476,True,False,1.0,1.0,384799.7868474958,146804.1764254492,531603.963272945,4,0.2761532768145947
2017-01-03,3.635157,37.323788,0.032719311544325225,True,False,1.0,1.0,430372.20427694,101428.21238822231,531800.4166651623,3,0.19072608672302827
2017-01-04,3.668208,37.427197,0.0321373506439784,True,False,1.0,1.0,440607.91945311846,92115.36175668851,532723.2812098069,4,0.1729140906841838
2017-01-05,3.567144,37.107857,0.03217520938611637,True,False,1.0,1.0,355715.01665004645,174394.35512825826,530109.3717783047,4,0.3289780645515378
2017-01-06,3.652953,37.402866,0.029709018643506807,True,False,1.0,1.0,373565.3554024047,160730.5296545227,534295.8850569273,4,0.30082681553386365
2017-01-09,3.770545,37.798248,0.029993236430282753,True,False,1.0,1.0,511673.90195572237,27670.485936013203,539344.3878917355,4,0.05130392854216107
2017-01-10,3.827752,37.980736,0.029851629263071246,True,False,1.0,1.0,514492.8629016784,25281.274217465056,539774.1371191435,4,0.04683676463714074
2017-01-11,3.863983,38.111519,0.029137392017918297,True,False,1.0,1.0,517055.1708229776,22968.513220073022,540023.6840430506,4,0.04253241829712412
2017-01-12,3.764188,37.792164,0.029289850393174922,True,False,1.0,1.0,431902.85842599336,107453.23489850138,539356.0933244948,4,0.19922503190087054
2017-01-13,3.835379,38.038528,0.02945040554544535,True,False,1.0,1.0,442851.4221407196,98536.92019383766,541388.3423345573,4,0.18200783520555677
2017-01-17,3.651047,37.427197,0.02962503757215491,True,False,1.0,1.0,359634.3745193566,176943.95095236055,536578.3254717172,4,0.32976350805225957
2017-01-18,3.803597,37.938164,0.029964394364793163,True,False,1.0,1.0,464591.26694827015,79286.67883336691,543877.9457816371,4,0.1457802792856762
2017-01-19,3.751476,37.767834,0.02946460955027515,True,False,1.0,1.0,378360.5165011261,164354.17218192064,542714.6886830467,4,0.3028371547870632
2017-01-20,3.897035,38.254452,0.030047240315169834,True,False,1.0,1.0,545088.3890106521,3849.93323374027,548938.3222443924,4,0.007013416767842717
2017-01-23,3.820124,38.020275,0.030426864502446995,True,False,1.0,1.0,459386.2921243598,89401.79586372967,548788.0879880895,4,0.1629076829846751
2017-01-24,4.047044,38.756279,0.032877105813778666,True,False,1.0,1.0,554017.6689426415,0.0,554017.6689426415,4,0.0
2017-01-25,4.225019,39.3311,0.03401737782553801,True,False,1.0,1.0,554031.3874753963,0.0,554031.3874753963,4,0.0
2017-01-26,4.151286,39.109085,0.033477506581322494,True,False,1.0,1.0,468043.1527556667,85913.91016256562,553957.0629182323,4,0.15509128037825393
2017-01-27,4.308922,39.595699,0.031093005252615578,True,False,1.0,1.0,557144.0749223762,0.0,557144.0749223762,4,0.0
2017-01-30,4.240273,39.39801,0.03146415111934149,True,False,1.0,1.0,471085.5615654078,85984.19385008863,557069.7554154964,4,0.15435085644876986
2017-01-31,4.07501,38.887062,0.030755527021829602,True,False,1.0,1.0,387032.6790383912,166611.4806228082,553644.1596611994,4,0.30093603935922575
2017-02-01,4.268876,39.504456,0.03204359618771706,True,False,1.0,1.0,492366.9451390321,69110.41351769022,561477.3586567224,4,0.12308673262093751
2017-02-02,4.258072,39.486214,0.03212886043687859,True,False,1.0,1.0,492379.13708243554,68935.50356302182,561314.6406454573,4,0.12281080622403272
2017-02-03,4.331803,39.689995,0.031079602769073095,True,False,1.0,1.0,499397.4060921038,63116.245809541906,562513.6519016457,4,0.11220393602212102
2017-02-06,4.376935,39.829876,0.030904487707201108,True,False,1.0,1.0,563121.4144632374,0.0,563121.4144632374,4,0.0
2017-02-07,4.425243,39.975872,0.030449493236759925,True,False,1.0,1.0,563135.3584220718,0.0,563135.3584220718,4,0.0
2017-02-08,4.446853,40.051918,0.03041048195402706,True,False,1.0,1.0,563149.3027261852,0.0,563149.3027261852,4,0.0
2017-02-09,4.330533,39.702152,0.03133775507829395,True,False,1.0,1.0,477999.68599798233,85076.37624158297,563076.0622395653,4,0.1510921560103305
2017-02-10,4.320364,39.677814,0.030504578653646204,True,False,1.0,1.0,478011.52218068327,84876.59906172988,562888.1212424132,4,0.15078768916705734
2017-02-13,4.350873,39.759933,0.030377375546676036,True,False,1.0,1.0,486562.6194918792,76928.3729034302,563490.9923953094,4,0.13652103395019693
2017-02-14,4.305108,39.650444,0.027773663861088843,True,False,1.0,1.0,400044.4256908062,162560.85351991822,562605.2792107244,4,0.2889429934748815
2017-02-15,4.412529,39.957623,0.026992368309926514,True,False,1.0,1.0,416699.78899552446,149955.36288038586,566655.1518759103,4,0.26463248835549985
2017-02-16,4.429056,40.021488,0.026547846791845617,True,False,1.0,1.0,431747.12954682414,135465.3147271769,567212.444274001,4,0.23882641520773515
2017-02-17,4.500247,40.228317,0.025689436779274273,True,False,1.0,1.0,569266.3164300572,0.0,569266.3164300572,4,0.0
2017-02-21,4.693476,40.797039,0.02598093965733462,True,False,1.0,1.0,569280.4125483688,0.0,569280.4125483688,4,0.0
2017-02-22,4.694111,40.806164,0.023524941156055138,True,False,1.0,1.0,569294.5090157272,0.0,569294.5090157272,4,0.0
2017-02-23,4.460836,40.143147,0.025353842337049064,True,False,1.0,1.0,484536.11899495946,84685.7020588543,569221.8210538138,4,0.14877451799383526
2017-02-24,4.453208,40.11578,0.02492889385035535,True,False,1.0,1.0,484548.1170321917,84540.8900695086,569089.0071017003,4,0.14855477616772966
2017-02-27,4.581608,40.498997,0.02437071342462622,True,False,1.0,1.0,512393.50260271475,59117.91135939915,571511.4139621139,3,0.10344134852802457
2017-02-28,4.404265,39.981953,0.025855318448116924,True,False,1.0,1.0,424581.97488207044,144563.90614864836,569145.8810307188,4,0.2540014976245532
2017-03-01,4.610845,40.605431,0.025681293382363163,True,False,1.0,1.0,575789.4964487036,0.0,575789.4964487036,4,0.0
2017-03-02,4.467829,40.18877,0.025155329884819458,True,False,1.0,1.0,487105.258633162,88607.69147942337,575712.9501125854,4,0.15390949858274927
2017-03-03,4.459566,40.167488,0.025148917319386288,True,False,1.0,1.0,507700.0530936399,67840.99052949953,575541.0436231394,3,0.117873418900636
2017-03-06,4.466558,40.18877,0.02490464885361026,True,False,1.0,1.0,514500.73366903537,61152.62047466375,575653.3541436992,4,0.10623167577235787
2017-03-07,4.497704,40.276966,0.02485254179146733,True,False,1.0,1.0,520665.3728273321,55421.14244289212,576086.5152702242,4,0.0962028115115588
2017-03-08,4.530756,40.371254,0.024791480500243497,True,False,1.0,1.0,526255.6619934507,50245.57113695996,576501.2331304107,4,0.08715605145218117
2017-03-09,4.552367,40.450325,0.02479060767653166,True,False,1.0,1.0,531312.2929166609,45436.71121244315,576749.0041291041,4,0.07878073631189528
2017-03-10,4.709367,40.912621,0.024920735419364324,True,False,1.0,1.0,578283.3204629981,0.0,578283.3204629981,4,0.0
2017-03-13,4.818696,41.219814,0.025211526147605655,True,False,1.0,1.0,578297.6398595049,0.0,578297.6398595049,4,0.0
2017-03-14,4.774201,41.098145,0.025420794005807018,True,False,1.0,1.0,484970.84147095995,93245.56133164874,578216.4028026087,4,0.1612641233968606
2017-03-15,4.889886,41.423569,0.025504883065336954,True,False,1.0,1.0,494524.03808416665,85954.5185521082,580478.5566362748,4,0.14807526922302303
2017-03-16,4.870816,41.38097,0.025225557448533144,True,False,1.0,1.0,494536.2834413002,85619.30569258782,580155.589133888,4,0.14757990321253053
2017-03-17,4.897514,41.466145,0.025224182118993015,True,False,1.0,1.0,503148.99356948293,77479.74332632474,580628.7368958077,4,0.13344111030492842
2017-03-20,5.006841,41.773319,0.025400522718049625,True,False,1.0,1.0,582293.5229819292,0.0,582293.5229819292,4,0.0
2017-03-21,4.658517,40.794003,0.029251010999935597,True,False,1.0,1.0,494504.76167954126,87713.29258641551,582218.0542659567,4,0.15065368025559053
2017-03-22,4.807254,41.22588,0.030104203604717193,True,False,1.0,1.0,584942.5319418161,0.0,584942.5319418161,4,0.0
2017-03-23,4.770387,41.134632,0.027609463597848025,True,False,1.0,1.0,491202.81476332346,93658.2217728633,584861.0365361867,4,0.16013756417686828
2017-03-24,4.870816,41.43438,0.02785093775340769,True,False,1.0,1.0,500768.6484332293,86066.97289518226,586835.6213284116,4,0.14666282987449475
2017-03-27,4.896241,41.49538,0.027278388971332383,True,False,1.0,1.0,509424.23389616417,77864.6077560212,587288.8416521854,4,0.13258315539755403
2017-03-28,4.945186,41.626488,0.025369107189156755,True,False,1.0,1.0,588003.1275995836,0.0,588003.1275995836,4,0.0
2017-03-29,4.90387,41.525871,0.023707292975207232,True,False,1.0,1.0,494438.96384105604,93482.92378212004,587921.8876231761,4,0.1590056872351675
2017-03-30,4.987772,41.739315,0.022428303982854423,True,False,1.0,1.0,503950.16959332407,85574.11977616315,589524.2893694872,4,0.14515792024055035
2017-03-31,4.978238,41.742359,0.022429380979015656,True,False,1.0,1.0,524146.97950421023,65206.51162095727,589353.4911251675,3,0.11064074889327949
2017-04-03,4.891793,41.477077,0.023004140263035492,True,False,1.0,1.0,429263.9858208205,158873.05208084217,588137.0379016626,4,0.2701293097398943
2017-04-04,4.816789,41.26973,0.0234225462494234,True,False,1.0,1.0,334033.4580376036,251580.7672764296,585614.2253140332,4,0.4296015301566837
2017-04-05,4.712545,40.983086,0.024068224807930746,True,False,1.0,1.0,239400.41361922072,340680.5336549045,580080.9472741252,4,0.5872982645884269
2017-04-06,4.730342,41.047127,0.024063202562585977,True,False,1.0,1.0,273569.70274910406,307770.407123367,581340.1098724711,4,0.5294154005490569
2017-04-07,4.79327,41.22398,0.02303849951608964,True,False,1.0,1.0,304732.53122980375,280678.2244110466,585410.7556408504,4,0.4794551888678361
2017-04-10,4.682035,40.90686,0.0230371524113877,True,False,1.0,1.0,210259.66552065182,368548.3547040435,578808.0202246953,4,0.6367367794264006
2017-04-11,4.568257,40.577518,0.023560475058172905,True,False,1.0,1.0,115890.22635882001,453870.3022917292,569760.5286505492,4,0.7965983592557727
2017-04-12,4.327354,39.879219,0.025400982499416927,True,False,1.0,1.0,24359.87913595262,521375.3634748699,545735.2426108225,4,0.9553631921966156
2017-04-13,4.244087,39.613922,0.025566714939326156,True,False,1.0,1.0,7952.232697700138,527734.5040786809,535686.736776381,4,0.9851550689017343
2017-04-17,4.409986,40.107922,0.027394512178978647,True,False,1.0,1.0,79750.8587709694,476494.8324249031,556245.6911958725,4,0.8566265590309329
2017-04-18,4.462744,40.29393,0.026950984344500828,True,False,1.0,1.0,212381.25015284112,349437.39418063295,561818.6443334741,4,0.6219754322948746
2017-04-19,4.535841,40.504337,0.022350392363442974,True,False,1.0,1.0,247867.96795015165,319644.86726370786,567512.8352138596,4,0.5632381286024201
2017-04-20,4.753225,41.144703,0.02375771175818607,True,False,1.0,1.0,350812.29990141763,231925.43266183088,582737.7325632485,4,0.39799281855608765
2017-04-21,4.686484,40.970871,0.023902745453520356,True,False,1.0,1.0,255436.19270362324,323956.06542378146,579392.2581274047,4,0.5591308148831798
2017-04-24,4.88798,41.559414,0.0253487956728569,True,False,1.0,1.0,498598.04739599605,94491.69768120798,593089.7450772041,4,0.15932107824408218
2017-04-25,5.04053,41.983273,0.02624225879520098,True,False,1.0,1.0,579039.7973261292,16932.78895074199,595972.5862768712,4,0.028412026560690695
2017-04-26,4.910862,41.638706,0.026856826073532267,True,False,1.0,1.0,484741.3454719655,110713.43016385444,595454.7756358199,4,0.18593087954603418
2017-04-27,5.119983,42.224163,0.028360981448700442,True,False,1.0,1.0,600068.7558863988,0.0,600068.7558863988,4,0.0
2017-04-28,4.858741,41.504524,0.030604617738082634,True,False,1.0,1.0,508170.46364882356,91819.05613848259,599989.5197873062,4,0.15303443328648816
2017-05-01,5.000484,41.916172,0.03133249015580512,True,False,1.0,1.0,517623.5982701402,85047.90623826737,602671.5045084076,4,0.1411181806374602
2017-05-02,4.839672,41.474033,0.0319618777161118,True,False,1.0,1.0,423825.3086678026,176027.89520982426,599853.2038776269,4,0.2934516212832212
2017-05-03,4.893065,41.617352,0.03185882042375333,True,False,1.0,1.0,441615.4364648049,160172.9083639083,601788.3448287132,4,0.26616153293812667
2017-05-04,4.880986,41.586857,0.03142474630392479,True,False,1.0,1.0,441626.3717041841,159777.506185493,601403.8778896771,4,0.2656742200368767
2017-05-05,4.933108,41.751518,0.03148515373154755,True,False,1.0,1.0,457769.92861702753,145335.33277606912,603105.2613930966,4,0.24097838649320175
2017-05-08,4.878443,41.586857,0.03150361421593774,True,False,1.0,1.0,361924.1234816458,239483.84354517754,601407.9670268233,4,0.39820530600735515
2017-05-09,5.026546,41.998516,0.031592513762296125,True,False,1.0,1.0,534528.1501392096,73990.69789683397,608518.8480360436,4,0.12159146448073763
2017-05-10,5.344995,42.888916,0.03336475273187831,True,False,1.0,1.0,613142.9175112157,0.0,613142.9175112157,4,0.0
2017-05-11,5.399024,43.044445,0.03000189780498782,True,False,1.0,1.0,613158.1000977446,0.0,613158.1000977446,4,0.0
2017-05-12,5.447968,43.166416,0.02914215281294295,True,False,1.0,1.0,613173.2830602232,0.0,613173.2830602232,4,0.0
2017-05-15,5.697769,43.834225,0.02947927120357554,True,False,1.0,1.0,613188.4663986609,0.0,613188.4663986609,4,0.0
2017-05-16,5.95202,44.462379,0.030272182708983606,True,False,1.0,1.0,613203.650113067,0.0,613203.650113067,4,0.0
2017-05-17,5.170833,42.544342,0.0460155793377043,True,False,1.0,1.0,529035.2599263124,84097.3923907149,613132.6523170273,4,0.13716019212630576
2017-05-18,5.467036,43.33717,0.04646570248260039,True,False,1.0,1.0,617876.4232304657,0.0,617876.4232304657,3,0.0
2017-05-19,5.646919,43.815918,0.04651614169821736,True,False,1.0,1.0,617891.7230276124,0.0,617891.7230276124,4,0.0
2017-05-22,5.827435,44.294662,0.04618147299658714,True,False,1.0,1.0,617907.0232036113,0.0,617907.0232036113,4,0.0
2017-05-23,5.76006,44.117805,0.04609349158039692,True,False,1.0,1.0,522530.76577614754,95293.90206207617,617824.6678382237,4,0.1542410120908748
2017-05-24,5.867481,44.404434,0.04550089004503721,True,False,1.0,1.0,553492.9269010036,66091.62983073638,619584.55673174,3,0.10667087988662038
2017-05-25,5.966003,44.630093,0.044891094430183257,True,False,1.0,1.0,560220.2172461204,60481.2483688582,620701.4656149787,4,0.09744015717593736
2017-05-26,6.03783,44.834385,0.042611169508652465,True,False,1.0,1.0,621383.7994382601,0.0,621383.7994382601,4,0.0
2017-05-30,6.158597,45.133232,0.04246009456396471,True,False,1.0,1.0,621399.1860847225,0.0,621399.1860847225,4,0.0
2017-05-31,6.156691,45.127129,0.04133243733682769,True,False,1.0,1.0,569788.0446414193,51573.67645478637,621361.7210962056,4,0.08300105188938925
2017-06-01,6.171947,45.172878,0.04138756895429281,True,False,1.0,1.0,574967.2587937244,46531.326309324344,621498.5851030487,4,0.07486956112958669
2017-06-02,6.355644,45.633316,0.04142895213120415,True,False,1.0,1.0,579768.4478132669,43124.62345883875,622893.0712721057,4,0.06923278721140264
2017-06-05,6.410944,45.743114,0.0414376807092474,True,False,1.0,1.0,584128.5463754704,39149.86292720791,623278.4093026783,4,0.06281280137877492
2017-06-06,6.474506,45.892502,0.04105524602741528,True,False,1.0,1.0,623642.4690417451,0.0,623642.4690417451,4,0.0
2017-06-07,6.626421,46.234051,0.04094694498885891,True,False,1.0,1.0,623657.911617169,0.0,623657.911617169,4,0.0
2017-06-08,6.973474,47.078705,0.04037354125123487,True,False,1.0,1.0,623673.3545749806,0.0,623673.3545749806,4,0.0
2017-06-09,6.0944,45.099693,0.05222807574916329,True,False,1.0,1.0,533642.2472812432,89954.3665984473,623596.6138796905,4,0.14425089007266811
2017-06-12,5.992065,44.840492,0.05247244640950554,True,False,1.0,1.0,446107.8897399958,175901.830630336,622009.7203703318,4,0.2827959513648881
2017-06-13,6.107749,45.14542,0.0517490075945955,True,False,1.0,1.0,464031.2326097477,161368.04375745982,625399.2763672075,4,0.2580240333740192
2017-06-14,5.910705,44.672783,0.05144734560666215,True,False,1.0,1.0,377085.354103609,243030.44612738863,620115.8002309976,4,0.39191139144794895
2017-06-15,5.768323,44.319061,0.04006133338456275,True,False,1.0,1.0,288896.2579423662,325284.2671712511,614180.5251136173,4,0.5296232196732007
2017-06-16,5.701582,44.1422,0.03841295496334703,True,False,1.0,1.0,187069.148640775,423250.65481386025,610319.8034546352,4,0.6934899579173172
2017-06-19,6.026388,44.980766,0.03969214325699368,True,False,1.0,1.0,431147.0262713556,203050.7567976621,634197.7830690177,4,0.3201694522094612
2017-06-20,5.826167,44.474579,0.039932081648820776,True,False,1.0,1.0,331562.98668776324,295797.3456028164,627360.3322905796,4,0.47149513665108417
2017-06-21,6.024481,44.989918,0.04051073204100578,True,False,1.0,1.0,362127.9512882286,275279.2598617823,637407.2111500109,4,0.43187346337849414
2017-06-22,5.979353,44.886227,0.04037930374939095,True,False,1.0,1.0,362136.9182660701,273217.2063107723,635354.1245768424,4,0.43002350302319986
2017-06-23,6.03465,45.020412,0.04026100763835135,True,False,1.0,1.0,389693.3848310757,248169.52480594002,637862.9096370157,4,0.38906404661021
2017-06-26,5.884644,44.633141,0.04056310175750704,True,False,1.0,1.0,289231.615193786,342369.2265120537,631600.8417058396,4,0.5420658173718964
2017-06-27,5.409194,43.440968,0.044223370475615115,True,False,1.0,1.0,194524.17950851098,409325.12863747985,603849.3081459908,4,0.6778597294318975
2017-06-28,5.685692,44.19294,0.045979778812741026,True,False,1.0,1.0,406155.72049520153,218414.9986132226,624570.7191084241,3,0.3497041919048181
2017-06-29,5.259185,43.092495,0.04881706020887523,True,False,1.0,1.0,311686.8034259089,296413.04927238385,608099.8526982928,4,0.4874414094282776
2017-06-30,5.180368,42.857113,0.04803348578013936,True,False,1.0,1.0,216588.91141757162,386979.0892674878,603568.0006850595,4,0.6411524282736333
2017-07-03,4.957898,42.270187,0.0483822538118765,True,False,1.0,1.0,122700.03947162665,464158.45183610386,586858.4913077306,4,0.7909205689463449
2017-07-05,5.272534,43.135277,0.05096900035065541,True,False,1.0,1.0,271669.8095573922,344502.521417127,616172.3309745193,4,0.5591009269635207
2017-07-06,5.202615,42.945763,0.050357699273631325,True,False,1.0,1.0,180377.92721822616,431139.2218608428,611517.1490790689,4,0.7050321033680392
2017-07-07,5.458137,43.670227,0.05015732666833676,True,False,1.0,1.0,312641.17487215134,319926.36300650303,632567.5378786544,4,0.5057584271228831
2017-07-10,5.653912,44.174606,0.04205604438701295,True,False,1.0,1.0,505254.8207017555,138607.70180134504,643862.5225031006,4,0.2152753063844892
2017-07-11,5.786757,44.541431,0.04235113429822726,True,False,1.0,1.0,519439.94077337335,127678.00061047314,647117.9413838465,4,0.19730252005907417
2017-07-12,6.062619,45.253693,0.0434922078562723,True,False,1.0,1.0,532816.2147167587,120388.11464603743,653204.3293627962,4,0.18430391415726927
2017-07-13,6.011769,45.113071,0.04287300750598735,True,False,1.0,1.0,532829.4082611231,119378.36364077864,652207.7719019018,4,0.18303732151590224
2017-07-14,6.252036,45.71833,0.043258765943193105,True,False,1.0,1.0,650476.6865076356,6400.531509602615,656877.2180172382,4,0.009743878055205513
2017-07-17,6.171947,45.531857,0.04328358890893821,True,False,1.0,1.0,547236.9116440526,109468.71525353561,656705.6268975883,4,0.16669373730005668
2017-07-18,6.229789,45.672474,0.041594789904388293,True,False,1.0,1.0,558289.1491088859,99445.16670631611,657734.315815202,4,0.15119352041570594
2017-07-19,6.396959,46.094311,0.04107135594801463,True,False,1.0,1.0,574392.6410059091,86008.30121926892,660400.942225178,4,0.13023649077402819
2017-07-20,6.452259,46.228809,0.04052644594980516,True,False,1.0,1.0,661074.0782185411,0.0,661074.0782185411,4,0.0
2017-07-21,6.286996,45.834488,0.04099525408759175,True,False,1.0,1.0,559244.6177721155,101741.56649899707,660986.1842711126,4,0.15392389269253828
2017-07-24,6.22534,45.696926,0.04105289061036778,True,False,1.0,1.0,559258.4657340795,100743.79617688103,660002.2619109605,4,0.152641592295743
2017-07-25,6.221524,45.657181,0.04057589703146022,True,False,1.0,1.0,559272.3140389454,100682.04238894157,659954.356427887,4,0.15255909959273534
2017-07-26,6.407131,46.158524,0.0353702582336514,True,False,1.0,1.0,569644.6200262698,93317.12478166947,662961.7448079393,4,0.1407579328860122
2017-07-27,6.117919,45.455448,0.03597011191167287,True,False,1.0,1.0,469983.78476233786,188677.77537271916,658661.560135057,4,0.28645633325562714
2017-07-28,6.05817,45.281193,0.030665722719762537,True,False,1.0,1.0,366611.9215554284,290112.7682765102,656724.6898319386,4,0.4417570601019317
2017-07-31,5.922145,44.929653,0.0310006436748526,True,False,1.0,1.0,264698.0647509456,385417.41523879487,650115.4799897405,4,0.5928445439337595
2017-08-01,6.021303,45.207825,0.02866884923775936,True,False,1.0,1.0,303853.4703378822,352683.6196625785,656537.0900004606,4,0.5371876547939296
2017-08-02,5.892906,44.880749,0.02671906039943635,True,False,1.0,1.0,201871.2455920482,447048.4062619754,648919.6518540236,4,0.6889118013065512
2017-08-03,5.822988,44.71262,0.02666820879354542,True,False,1.0,1.0,98951.34370932353,544563.8103080837,643515.1540174072,4,0.8462330792187578
2017-08-04,5.829344,44.730965,0.024744053141562996,True,False,1.0,1.0,153416.44879813556,490642.3990935425,644058.8478916781,4,0.7617974672650749
2017-08-07,6.132539,45.501297,0.026004506786906616,True,False,1.0,1.0,483000.2361553166,186259.89146671016,669260.1276220267,4,0.27830716903533037
2017-08-08,6.06834,45.369835,0.025789764607149525,True,False,1.0,1.0,379961.6506365809,287255.06294773717,667216.7135843181,4,0.43052737903490174
2017-08-09,6.008591,45.216999,0.023703376651184334,True,False,1.0,1.0,276860.5014093068,387431.7433624021,664292.2447717089,4,0.5832248478161102
2017-08-10,5.507081,43.954517,0.03062496240444887,True,False,1.0,1.0,181473.78013565252,450390.4814268199,631864.2615624724,4,0.712796258350006
2017-08-11,5.597973,44.202122,0.029313215040716534,True,False,1.0,1.0,227216.02213352086,412041.5841052466,639257.6062387675,4,0.6445626615686227
2017-08-14,6.031475,45.327045,0.03426450132620619,True,False,1.0,1.0,365414.8620274027,305621.5943376918,671036.4563650945,4,0.4554470795717998
2017-08-15,6.075968,45.440155,0.03423549958175463,True,False,1.0,1.0,465132.36699287145,208070.31100525026,673202.6779981217,3,0.3090752871393521
2017-08-16,6.103298,45.513508,0.033646060748069785,True,False,1.0,1.0,486024.1230956226,188105.59925857902,674129.7223542016,4,0.27903472139112195
2017-08-17,5.617044,44.364147,0.03802874166235377,True,False,1.0,1.0,388085.1654288214,270969.8116707659,659054.9770995873,4,0.4111490256294972
2017-08-18,5.668528,44.431377,0.037914163554890704,True,False,1.0,1.0,415413.44955016987,246108.0896196322,661521.5391698021,4,0.3720333731362603
2017-08-21,5.547124,44.101257,0.0380821060557793,True,False,1.0,1.0,408863.1805757115,247246.17509279112,656109.3556685026,3,0.37683683818359015
2017-08-22,5.810274,44.828781,0.03982454020054735,True,False,1.0,1.0,517292.3464439085,150450.40378153056,667742.7502254391,4,0.22531192398679947
2017-08-23,5.887186,45.018311,0.03928194457807155,True,False,1.0,1.0,588774.5590819638,80902.77911458453,669677.3381965484,4,0.12080859617029446
2017-08-24,5.880194,45.024406,0.038020695393125435,True,False,1.0,1.0,601624.8206554928,67903.81562348985,669528.6362789827,3,0.10142033057895275
2017-08-25,5.792477,44.807377,0.0380950584703654,True,False,1.0,1.0,493080.7727946114,175338.67899121396,668419.4517858254,4,0.2623183369705343
2017-08-28,5.837607,44.941875,0.03784191292844089,True,False,1.0,1.0,510746.22577505716,159034.29048831397,669780.5162633711,4,0.2374423958695426
2017-08-29,5.878922,45.012199,0.03767165099149952,True,False,1.0,1.0,526759.236790607,144143.85384208386,670903.0906326908,4,0.21485048415286018
2017-08-30,6.178304,45.782524,0.03898937834332128,True,False,1.0,1.0,649276.3370291732,28860.681074921657,678137.0181040948,4,0.04255877544571901
2017-08-31,6.359457,46.234932,0.03926928724571455,True,False,1.0,1.0,677686.4373427214,1285.158528753826,678971.5958714752,4,0.0018928016084447485
2017-09-01,6.442725,46.436684,0.03930673147612779,True,False,1.0,1.0,677833.2897561823,1171.7872585582297,679005.0770147406,4,0.0017257415271620883
2017-09-05,6.17004,45.800861,0.0391712042132681,True,False,1.0,1.0,572020.2353770313,106843.68881168772,678863.924188719,4,0.15738601655607493
2017-09-06,6.206906,45.874226,0.039104712122163925,True,False,1.0,1.0,582772.1253638561,96733.87203853746,679505.9974023935,4,0.14235911442773194
2017-09-07,6.235509,45.953686,0.039023879997945425,True,False,1.0,1.0,592495.0429718328,87461.68167055113,679956.7246423839,4,0.12862830603896253
2017-09-08,6.004777,45.41264,0.034377460951006286,True,False,1.0,1.0,486100.0652578048,190526.0580973487,676626.1233551535,4,0.2815824744581192
2017-09-11,6.356916,46.277729,0.036273905323420425,True,False,1.0,1.0,618687.1122987844,68994.67310421422,687681.7854029987,4,0.10032935955077191
2017-09-12,6.442089,46.4856,0.032610440046372334,True,False,1.0,1.0,688553.3393949826,0.0,688553.3393949826,4,0.0
2017-09-13,6.468149,46.577305,0.03259716133900929,True,False,1.0,1.0,688570.3892871962,0.0,688570.3892871962,4,0.0
2017-09-14,6.558408,46.760712,0.03268496030619297,True,False,1.0,1.0,688587.4396015976,0.0,688587.4396015976,4,0.0
2017-09-15,6.890843,47.576893,0.02716386999982248,True,False,1.0,1.0,688604.4903381973,0.0,688604.4903381973,4,0.0
2017-09-18,7.164162,48.200493,0.027906385234739216,True,False,1.0,1.0,688621.5414970057,0.0,688621.5414970057,4,0.0
2017-09-19,7.23853,48.35334,0.02678824181399625,True,False,1.0,1.0,688638.5930780333,0.0,688638.5930780333,4,0.0
2017-09-20,6.933431,47.686932,0.0283964004018362,True,False,1.0,1.0,583140.875101587,105406.75054716601,688547.625648753,4,0.1530856350682369
2017-09-21,6.848891,47.48214,0.02875965309460764,True,False,1.0,1.0,474295.7071290024,212869.6797464357,687165.386875438,4,0.3097793978162384
2017-09-22,6.946778,47.723606,0.028718855592585458,True,False,1.0,1.0,495877.6040462502,194320.886011564,690198.4900578142,4,0.28154348178201144
2017-09-25,6.542519,46.803505,0.03218974849603995,True,False,1.0,1.0,460331.6777922088,218447.37485638965,678779.0526485984,3,0.32182397792625916
2017-09-26,6.531077,46.729599,0.032233962852222055,True,False,1.0,1.0,432081.06336005154,246298.4195406891,678379.4829007406,4,0.363068792245191
2017-09-27,6.988728,47.861263,0.03510403042290579,True,False,1.0,1.0,569897.1830354055,125617.29676628305,695514.4798016886,4,0.1806106133147655
2017-09-28,7.14573,48.213959,0.03393263432856594,True,False,1.0,1.0,648294.1439174964,49979.925741592684,698274.0696590891,4,0.07157637368088701
2017-09-29,7.326248,48.631042,0.033811401199939986,True,False,1.0,1.0,699502.7585651128,0.0,699502.7585651128,4,0.0
2017-10-02,7.453372,48.956127,0.033863104764041446,True,False,1.0,1.0,699520.0795858011,0.0,699520.0795858011,4,0.0
2017-10-03,7.527106,49.091064,0.03170556879406014,True,False,1.0,1.0,699537.4010353909,0.0,699537.4010353909,4,0.0
2017-10-04,7.576686,49.204544,0.031701839798423316,True,False,1.0,1.0,699554.7229138928,0.0,699554.7229138928,4,0.0
2017-10-05,7.592576,49.247482,0.031729091519732355,True,False,1.0,1.0,699572.0452213174,0.0,699572.0452213174,4,0.0
2017-10-06,7.691098,49.440689,0.029689804913113172,True,False,1.0,1.0,699589.3679576754,0.0,699589.3679576754,4,0.0
2017-10-09,7.851912,49.817913,0.02787306363002368,True,False,1.0,1.0,699606.6911229772,0.0,699606.6911229772,4,0.0
2017-10-10,8.004462,50.096996,0.027935354342027995,True,False,1.0,1.0,699624.0147172336,0.0,699624.0147172336,4,0.0
2017-10-11,8.161463,50.440483,0.0279495187222134,True,False,1.0,1.0,699641.3387404552,0.0,699641.3387404552,4,0.0
2017-10-12,8.078831,50.281025,0.028362172419311237,True,False,1.0,1.0,588329.1927587808,111215.49827411378,699544.6910328945,4,0.15898269217067665
2017-10-13,8.23774,50.603016,0.02694859749891699,True,False,1.0,1.0,599673.0096305178,102062.77651770887,701735.7861482267,4,0.14544331147471262
2017-10-16,8.355966,50.842239,0.02605460622261138,True,False,1.0,1.0,703114.4482521453,0.0,703114.4482521453,4,0.0
2017-10-17,8.337534,50.799309,0.026138577097604195,True,False,1.0,1.0,703131.8587051497,0.0,703131.8587051497,4,0.0
2017-10-18,8.419525,50.971054,0.023323713485433356,True,False,1.0,1.0,703149.2695892701,0.0,703149.2695892701,4,0.0
2017-10-19,8.345796,50.842239,0.02316386971660088,True,False,1.0,1.0,591813.1377510357,111239.54634957622,703052.684100612,4,0.15822362799436668
2017-10-20,8.465925,51.102913,0.023164860552901335,True,False,1.0,1.0,603100.8595562937,101556.65089184814,704657.5104481418,4,0.14412200166185846
2017-10-23,8.601954,51.354401,0.01632885095460485,True,False,1.0,1.0,706203.6029938972,0.0,706203.6029938972,4,0.0
2017-10-24,8.777387,51.713234,0.015970459281733424,True,False,1.0,1.0,706221.089940257,0.0,706221.089940257,4,0.0
2017-10-25,8.434784,51.035442,0.015295501238045723,True,False,1.0,1.0,598485.2355757875,107643.03060131984,706128.2661771073,4,0.1524411863358567
2017-10-26,8.586061,51.336018,0.015131066813030525,True,False,1.0,1.0,609446.7286536513,98616.23774491665,708062.966398568,4,0.1392760847901847
2017-10-27,9.112361,52.409416,0.01859953775241093,True,False,1.0,1.0,714020.8673967652,0.0,714020.8673967652,4,0.0
2017-10-30,9.198171,52.550476,0.018542388933667758,True,False,1.0,1.0,714038.5479134817,0.0,714038.5479134817,4,0.0
2017-10-31,9.404751,52.970638,0.018724063884479315,True,False,1.0,1.0,714056.2288680015,0.0,714056.2288680015,4,0.0
2017-11-01,9.317034,52.777424,0.019260170545962515,True,False,1.0,1.0,602913.0647698034,111047.04595846099,713960.1107282644,4,0.15553676499544086
2017-11-02,9.440345,53.038113,0.01916955072963605,True,False,1.0,1.0,614168.6961313057,101265.07884063263,715433.7749719382,4,0.1415436094621121
2017-11-03,9.943764,53.976562,0.021259992952075594,True,False,1.0,1.0,720745.0518942084,0.0,720745.0518942084,4,0.0
2017-11-06,10.367091,54.7402,0.022167110976671667,True,False,1.0,1.0,720762.8989145411,0.0,720762.8989145411,4,0.0
2017-11-07,10.338487,54.691139,0.022432207222515314,True,False,1.0,1.0,720780.7463768,0.0,720780.7463768,4,0.0
2017-11-08,10.442731,54.865944,0.02238435000600554,True,False,1.0,1.0,720798.594280996,0.0,720798.594280996,4,0.0
2017-11-09,9.807103,53.768021,0.027643325272522615,True,False,1.0,1.0,613626.2358310091,107080.47215600508,720706.7079870142,4,0.1485770438505957
2017-11-10,9.993341,54.123772,0.02763130109248955,True,False,1.0,1.0,624542.1831564866,98202.54823737116,722744.7313938577,4,0.13587445742839452
2017-11-13,10.074699,54.280174,0.027611724392547724,True,False,1.0,1.0,634448.1964004906,89101.83321794441,723550.029618435,4,0.12314536600175717
2017-11-14,10.046735,54.231113,0.027624604973254835,True,False,1.0,1.0,634463.9065463062,88854.51628429639,723318.4228306026,4,0.12284287732721783
2017-11-15,9.780408,53.743488,0.02878379227120632,True,False,1.0,1.0,570718.0185430029,150153.74188613257,720871.7604291355,3,0.20829466505491342
2017-11-16,10.220899,54.543934,0.02962350775012937,True,False,1.0,1.0,727495.4971176132,0.0,727495.4971176132,4,0.0
2017-11-17,10.085508,54.304729,0.030060318758214553,True,False,1.0,1.0,612051.3577099179,115343.95063921392,727395.3083491318,4,0.15857120511403086
2017-11-20,10.44146,54.951832,0.030583871096824422,True,False,1.0,1.0,731364.8847525737,0.0,731364.8847525737,3,0.0
2017-11-21,10.815845,55.580528,0.031037100859930073,True,False,1.0,1.0,731382.9947401962,0.0,731382.9947401962,4,0.0
2017-11-22,10.604817,55.24316,0.029616464197940003,True,False,1.0,1.0,614096.0959603612,117184.9196726802,731281.0156330414,4,0.16024608483954395
2017-11-24,10.888305,55.740002,0.029775321005721073,True,False,1.0,1.0,626131.3187596598,108285.75656864028,734417.0753283,4,0.14744449742026253
2017-11-27,10.47833,55.040768,0.029580014051794397,True,False,1.0,1.0,510820.16804796463,219417.08701755546,730237.2550655201,4,0.30047369604262164
2017-11-28,10.468794,55.0653,0.029625641366034034,True,False,1.0,1.0,510832.8169283163,219217.40239779264,730050.2193261089,4,0.3002771543581573
2017-11-29,9.092657,52.639423,0.04402423191924094,True,False,1.0,1.0,406763.4356114728,294376.45891754574,701139.8945290186,4,0.4198540993239149
2017-11-30,9.261101,52.921558,0.044205730313731956,True,False,1.0,1.0,436727.2530257024,269846.8782284395,706574.1312541419,4,0.38190879950483275
2017-12-01,8.94392,52.348061,0.04473681731145709,True,False,1.0,1.0,320581.39503935265,376642.7220668687,697224.1171062214,4,0.5402032328286308
2017-12-04,8.294945,51.090641,0.045597689601557675,True,False,1.0,1.0,209025.21988983452,460763.2517502946,669788.4716401291,4,0.6879235329655812
2017-12-05,8.305753,51.130527,0.04410131788208543,True,False,1.0,1.0,255121.7615595219,415227.2479761213,670349.0095356433,4,0.619419499498855
2017-12-06,8.389651,51.296139,0.044321093440405496,True,False,1.0,1.0,297029.3280199222,377479.3840593506,674508.7120792728,4,0.5596360392376766
2017-12-07,8.635004,51.796024,0.04497247209344455,True,False,1.0,1.0,335850.6585701241,349666.7968838067,685517.4554539309,4,0.510077160110047
2017-12-08,8.501525,51.529209,0.04323313923989981,True,False,1.0,1.0,217418.37366416887,462581.0327681131,679999.406432282,4,0.680266818459612
2017-12-11,8.649626,51.838966,0.04318577899016922,True,False,1.0,1.0,264441.8012058507,423575.49208220054,688017.2932880512,4,0.6156465778031873
2017-12-12,8.39029,51.332935,0.04332567272598474,True,False,1.0,1.0,147807.44576208314,527397.2028679276,675204.6486300108,4,0.7810923753828054
2017-12-13,8.389018,51.323727,0.04334997998836711,True,False,1.0,1.0,147811.1057559782,527317.2474382524,675128.3531942307,4,0.7810622157155147
2017-12-14,8.369949,51.271603,0.0431653863027079,True,False,1.0,1.0,147814.7658405017,526118.6074315914,673933.373272093,4,0.7806685768908745
2017-12-15,8.742426,52.075108,0.04313307493564601,True,False,1.0,1.0,279709.8012049945,417511.65289707755,697221.454102072,4,0.5988221539091575
2017-12-18,9.331651,53.191448,0.046080047126184666,True,False,1.0,1.0,611962.9477837367,113080.68108441545,725043.6288681522,4,0.1559639676593572
2017-12-19,9.298001,53.135212,0.04517987203618443,True,False,1.0,1.0,611978.1011519677,112672.91134265263,724651.0124946203,4,0.15548575714366936
2017-12-20,9.492661,53.522366,0.04459921026507366,True,False,1.0,1.0,648121.721164696,78868.06026220057,726989.7814268966,3,0.1084857893152261
2017-12-21,9.185403,52.957024,0.04490114043159598,True,False,1.0,1.0,530105.7799936049,194226.4187555291,724332.198749134,4,0.2681454988345723
2017-12-22,9.161228,52.926289,0.044223169735783226,True,False,1.0,1.0,530118.9064224429,193715.23555829594,723834.1419807388,4,0.26762378882571514
2017-12-26,8.896588,52.397835,0.04394780113742599,True,False,1.0,1.0,411354.196994939,306775.6307136315,718129.8277085705,4,0.427186866325411
2017-12-27,8.986283,52.566818,0.04411089264441816,True,False,1.0,1.0,442321.0154639208,278881.67593987344,721202.6914037942,4,0.3866897326700773
2017-12-28,9.04354,52.714294,0.031045502944995404,True,False,1.0,1.0,470370.45642438583,252592.73856235718,722963.194986743,4,0.34938533567672
2017-12-29,8.772539,52.173546,0.03141903162642886,True,False,1.0,1.0,352130.1146133429,363154.4109438852,715284.5255572281,4,0.5077062315320984
2018-01-02,9.495846,53.589947,0.035382263970061695,True,False,1.0,1.0,734635.2954212992,10250.670569536842,744885.965990836,4,0.013761395753914567
2018-01-03,9.968507,54.527046,0.03159117063852463,True,False,1.0,1.0,735752.1166993594,9684.813042925274,745436.9297422847,4,0.012992129389502536
2018-01-04,10.143448,54.834301,0.03158468169175372,True,False,1.0,1.0,736778.4741112897,8869.297853888336,745647.7719651781,4,0.011894755389012997
2018-01-05,10.326659,55.147697,0.031634161976543944,True,False,1.0,1.0,737722.4396649572,8126.545633780842,745848.9852987381,4,0.010895698450975141
2018-01-08,10.558856,55.580898,0.03146588732603176,True,False,1.0,1.0,738594.5045429493,7478.345378894431,746072.8499218437,4,0.010023612814322139
2018-01-09,10.255412,55.034008,0.03218651036227406,True,False,1.0,1.0,620219.1704962803,125555.7141028627,745774.8845991429,4,0.16835605045931443
2018-01-10,9.876264,54.373432,0.03378248444625113,True,False,1.0,1.0,502819.5169421612,238224.76695137325,741044.2838935344,4,0.321471701663647
2018-01-11,10.051207,54.6991,0.032697783379995154,True,False,1.0,1.0,527069.6773761628,218200.10083160092,745269.7782077638,4,0.29278002035227013
2018-01-12,10.207063,54.994068,0.03265269196196555,True,False,1.0,1.0,658250.3111578603,90309.0495939614,748559.3607518218,4,0.12064380505943946
2018-01-16,10.316483,55.175343,0.03252862496319812,True,False,1.0,1.0,667406.8234563185,82149.44861161665,749556.2720679351,4,0.10959744007608163
2018-01-17,11.203912,56.776096,0.03563479148690421,True,False,1.0,1.0,756576.5828425358,0.0,756576.5828425358,4,0.0
2018-01-18,11.363588,57.031105,0.033410964296858435,True,False,1.0,1.0,756619.5756070847,0.0,756619.5756070847,4,0.0
2018-01-19,11.394123,57.089497,0.0333069410320874,True,False,1.0,1.0,756662.5708147144,0.0,756662.5708147144,4,0.0
2018-01-22,11.658126,57.513493,0.03334696693553905,True,False,1.0,1.0,756705.5684655639,0.0,756705.5684655639,4,0.0
2018-01-23,11.922767,57.974354,0.03183762985739971,True,False,1.0,1.0,756748.568559772,0.0,756748.568559772,4,0.0
2018-01-24,11.102131,56.64706,0.03691606742979032,True,False,1.0,1.0,643251.8135857887,113419.88605047562,756671.6996362644,4,0.14989312551929335
2018-01-25,10.524503,55.663857,0.0386094747056463,True,False,1.0,1.0,527551.9545903198,223133.03298828768,750684.9875786074,4,0.2972392370706927
2018-01-26,11.522628,57.442818,0.042768332910469296,True,False,1.0,1.0,678447.821078746,93286.24594837731,771734.0670271233,4,0.12087874558620293
2018-01-29,11.48573,57.359863,0.0428930723980278,True,False,1.0,1.0,678486.3741454041,92987.5227835747,771473.8969289789,4,0.12053229947731472
2018-01-30,10.786596,56.219982,0.04512929043530968,True,False,1.0,1.0,563694.7737314462,202036.31343248577,765731.087163932,4,0.2638476050133677
2018-01-31,11.063324,56.677773,0.042320618722801615,True,False,1.0,1.0,584429.2118485254,186497.56380439462,770926.7756529201,4,0.24191346012913412
2018-02-01,10.899832,56.398178,0.04146011512667272,True,False,1.0,1.0,464013.8333108892,304062.95657071436,768076.7898816036,4,0.3958757256778774
2018-02-02,9.989499,54.880379,0.04608373070678284,True,False,1.0,1.0,352020.00872729113,390570.12857993506,742590.1373072262,4,0.5259565256228921
2018-02-05,8.652941,52.296448,0.05577651819471968,True,False,1.0,1.0,248533.62069424178,441710.40382203547,690244.0245162772,4,0.6399336874108921
2018-02-06,9.542283,54.189075,0.060366148018046045,True,False,1.0,1.0,411129.33112469,324373.943451953,735503.274576643,4,0.4410231125601218
2018-02-07,8.907403,53.027679,0.06183460899469333,True,False,1.0,1.0,422120.38789092586,291685.7782255362,713806.1661164621,3,0.4086344333679317
2018-02-08,7.78014,50.800148,0.06793321633605717,True,False,1.0,1.0,344533.1153816011,332301.24323542713,676834.3586170282,4,0.490963910157304
2018-02-09,8.488815,52.262646,0.07122727271399915,True,False,1.0,1.0,463226.1707792419,243784.27729794485,707010.4480771867,4,0.3448100066426884
2018-02-12,8.936668,53.267349,0.07230908756235421,True,False,1.0,1.0,488892.8712490096,230981.26591856495,719874.1371675746,4,0.3208634037435858
2018-02-13,8.923307,53.205891,0.07220694303231416,True,False,1.0,1.0,488920.65278042346,230635.93131578705,719556.5840962105,4,0.32052507949110665
2018-02-14,9.522561,54.453316,0.07115901853916423,True,False,1.0,1.0,513537.67346464377,221512.07531823724,735049.7487828811,4,0.3013565757760261
2018-02-15,9.874356,55.101593,0.07169364130700911,True,False,1.0,1.0,638608.9877144056,104535.2790862887,743144.2668006944,3,0.14066619868618896
2018-02-16,9.762394,54.904961,0.07166244617575225,True,False,1.0,1.0,619410.0135949104,122564.94411635346,741974.9577112638,4,0.1651874404150026
2018-02-20,10.268136,55.87587,0.07254382034738018,True,False,1.0,1.0,681341.7905838668,66959.41915824685,748301.2097421136,3,0.08948190686651838
2018-02-21,9.920157,55.233723,0.07247127410189001,True,False,1.0,1.0,625780.2880713359,120231.73663909142,746012.0247104273,3,0.16116594995336797
2018-02-22,9.846366,55.110821,0.07098186093455423,True,False,1.0,1.0,606638.1930932171,138494.80199807562,745132.9950912928,4,0.1858658828832394
2018-02-23,10.4857,56.290638,0.07165436123974604,True,False,1.0,1.0,639964.7244392936,114163.91183682664,754128.6362761202,4,0.15138519656350263
2018-02-26,11.153023,57.50425,0.06999896490012267,True,False,1.0,1.0,733964.0094006511,27377.814124472654,761341.8235251238,4,0.03595995028581167
2018-02-27,11.049962,57.313778,0.07001935399033138,True,False,1.0,1.0,734005.7171967408,27124.825773109776,761130.5429698506,4,0.03563754736115514
2018-02-28,10.745885,56.803741,0.06884774578334295,True,False,1.0,1.0,656305.5863367141,104038.15844332697,760343.744780041,4,0.13683042591929792
2018-03-01,10.227418,55.906586,0.06941713672470864,True,False,1.0,1.0,578986.5401090712,176293.20065048893,755279.7407595601,4,0.23341444386313953
2018-03-02,10.756063,56.855988,0.0704026314049094,True,False,1.0,1.0,597542.515182586,166865.05776936756,764407.5729519536,4,0.21829330801234195
2018-03-05,11.049329,57.366009,0.06758699144724338,True,False,1.0,1.0,689767.1576206523,79136.93760262124,768904.0952232736,4,0.10292172729245451
2018-03-06,11.548708,58.229362,0.058244805084474265,True,False,1.0,1.0,761885.9705420198,10565.895693035132,772451.8662350549,4,0.013678387165446967
2018-03-07,11.639678,58.416786,0.05483932236187145,True,False,1.0,1.0,769402.0134900868,3169.320348758918,772571.3338388457,4,0.004102301250307614
2018-03-08,11.689297,58.469013,0.051655617549909175,True,False,1.0,1.0,769763.7179405541,2864.547813118878,772628.265753673,4,0.003707536910165469
2018-03-09,12.417695,59.682659,0.03893780809354031,True,False,1.0,1.0,772847.6368476371,0.0,772847.6368476371,4,0.0
2018-03-12,12.804472,60.315575,0.03600463655923183,True,False,1.0,1.0,772891.5542212866,0.0,772891.5542212866,4,0.0
2018-03-13,12.206491,59.384621,0.038293310498464274,True,False,1.0,1.0,655374.1015826368,117437.25516071529,772811.3567433521,4,0.1519610887391705
2018-03-14,12.201399,59.378475,0.038268724305909864,True,False,1.0,1.0,655411.3434760283,117388.2656105425,772799.6090865708,4,0.15190000645742097
2018-03-15,12.165774,59.33239,0.036637487752903534,True,False,1.0,1.0,655448.5874857052,117045.52155616188,772494.1090418671,4,0.15151639369953868
2018-03-16,12.156233,59.307808,0.036293814040791565,True,False,1.0,1.0,655485.8336117876,116953.72868534515,772439.5622971328,4,0.15140825819115256
2018-03-19,11.452012,58.177143,0.039300412323269834,True,False,1.0,1.0,539337.9390992897,226240.97729578364,765578.9163950733,4,0.2955162066911376
2018-03-20,11.719831,58.604214,0.03820236783867848,True,False,1.0,1.0,562499.9376947497,208378.7038699644,770878.641564714,4,0.2703132408066223
2018-03-21,11.799352,58.714821,0.03696065745349611,True,False,1.0,1.0,630296.1927379109,141964.31947184692,772260.5122097578,3,0.18382957205157116
2018-03-22,10.830492,57.16787,0.042483323212370694,True,False,1.0,1.0,515636.60769453447,244881.75655603092,760518.3642505654,4,0.3219932194501888
2018-03-23,9.747126,55.26535,0.04680803823474165,True,False,1.0,1.0,402782.225595467,333150.92247945775,735933.1480749247,4,0.45269182853214807
2018-03-26,10.97299,57.571152,0.05236988400360466,True,False,1.0,1.0,567101.5455416823,210598.67143902206,777700.2169807043,4,0.2707967245484866
2018-03-27,9.749667,55.453148,0.0585909005877311,True,False,1.0,1.0,471130.2126542206,283022.2950447387,754152.5076989592,4,0.3752852270004184
2018-03-28,9.13133,54.252533,0.05991122308182093,True,False,1.0,1.0,380562.8377165966,355571.1411089117,736133.9788255084,4,0.483025035301618
2018-03-29,9.721678,55.428516,0.06107535431146632,True,False,1.0,1.0,514663.0909842996,244353.89382347473,759016.9848077743,4,0.3219346848810753
2018-04-02,8.59569,53.310501,0.06533393823407896,True,False,1.0,1.0,432593.4699957337,298064.4310493447,730657.9010450784,4,0.4079397904587299
2018-04-03,9.08807,54.320244,0.06652474150063452,True,False,1.0,1.0,464102.1490875801,283624.3946091537,747726.5436967338,4,0.37931566961221497
2018-04-04,9.434774,55.019073,0.06625253305547017,True,False,1.0,1.0,574484.9437894128,183983.8702206616,758468.8140100745,4,0.2425727555598849
2018-04-05,9.144688,54.455704,0.06627134095245697,True,False,1.0,1.0,491443.0043460259,261313.89301437934,752756.8973604052,4,0.347142475785602
2018-04-06,8.310058,52.808693,0.06870089990654331,True,False,1.0,1.0,413605.6971781705,315246.96224350337,728852.6594216739,4,0.43252495297697596
2018-04-09,8.462095,53.141174,0.06681380890619835,True,False,1.0,1.0,445700.3789530027,288913.11813579936,734613.497088802,4,0.3932858833668758
2018-04-10,9.275738,54.840523,0.07051048151547133,True,False,1.0,1.0,555431.0893357646,206883.58492209605,762314.6742578608,4,0.2713886953881666
2018-04-11,9.279553,54.862068,0.07019312500395081,True,False,1.0,1.0,576139.9973584505,186271.80629758324,762411.8036560338,4,0.24431915325070278
2018-04-12,9.808196,55.896442,0.07183993346820569,True,False,1.0,1.0,658228.2714708158,114750.44229044011,772978.7137612558,4,0.14845226685748325
2018-04-13,9.577906,55.483936,0.07186899417055574,True,False,1.0,1.0,580967.7709560941,189272.47334108717,770240.2442971813,4,0.24573173726308217
2018-04-16,9.639616,55.582439,0.07194599282329471,True,False,1.0,1.0,600032.0115837549,171442.75232399287,771474.7639077478,4,0.22222729808501399
2018-04-17,10.182888,56.635292,0.07247268899252314,True,False,1.0,1.0,618159.5230316126,162994.47102397683,781153.9940555894,4,0.2086585644627423
2018-04-18,9.867358,56.078079,0.07235135116354324,True,False,1.0,1.0,542148.7949489792,233909.4443894812,776058.2393384604,4,0.30140707556803203
2018-04-19,8.593145,53.652229,0.07779353795137058,True,False,1.0,1.0,473723.75288097735,272087.3209601817,745811.073841159,4,0.36482070393356775
2018-04-20,8.28461,53.018047,0.07623290249547213,True,False,1.0,1.0,403169.8626160311,332824.37790787104,735994.2405239021,4,0.4522105739182917
2018-04-23,7.951271,52.313049,0.07345365106524229,True,False,1.0,1.0,331519.1399470117,391030.8413983921,722549.9813454038,4,0.541181719595763
2018-04-24,7.757877,51.891312,0.06694392611607873,True,False,1.0,1.0,255973.19415440617,457005.0382938807,712978.2324482868,4,0.6409803518468957
2018-04-25,7.730522,51.826668,0.06262132118367372,True,False,1.0,1.0,255987.73993274066,455393.5957790627,711381.3357118034,4,0.6401539834094733
2018-04-26,8.202547,52.885662,0.06318061377341525,True,False,1.0,1.0,304276.69851278403,434879.9001657439,739156.5986785279,4,0.5883460973536959
2018-04-27,8.021244,52.516251,0.06119252366075151,True,False,1.0,1.0,216472.15957760156,512996.74844362313,729468.9080212247,4,0.7032469003170961
2018-04-30,7.755332,51.940567,0.05546390580254613,True,False,1.0,1.0,126878.48904047812,585501.778533479,712380.2675739571,4,0.8218949979165362
2018-05-01,8.13893,52.79332,0.05505864132754747,True,False,1.0,1.0,188273.9561617489,553015.9368191508,741289.8929808997,4,0.7460184498069232
2018-05-02,8.02697,52.559338,0.05413942155004923,True,False,1.0,1.0,188284.6549040197,545408.5898722829,733693.2447763026,4,0.7433741468324051
2018-05-03,8.172014,52.873333,0.054148541071988625,True,False,1.0,1.0,243769.36957965046,499737.5060503402,743506.8756299906,4,0.6721356888958169
2018-05-04,8.761087,54.113987,0.05225793307000363,True,False,1.0,1.0,630526.6498034935,148652.11789013265,779178.7676936262,4,0.19078050385041137
2018-05-07,9.00092,54.637337,0.052433791903111884,True,False,1.0,1.0,680619.7755058708,102616.88384497033,783236.6593508412,3,0.13101644645951685
2018-05-08,9.1924,54.960575,0.04836162471568948,True,False,1.0,1.0,717783.1224844758,67640.17119999527,785423.2936844712,4,0.08611938523326813
2018-05-09,9.589361,55.797928,0.04929792731177009,True,False,1.0,1.0,724873.367034001,63505.00606639204,788378.3731003931,4,0.08055143092859199
2018-05-10,10.101462,56.813843,0.04910940333403594,True,False,1.0,1.0,750317.2892937886,41469.65193399569,791786.9412277843,4,0.05237476115694808
2018-05-11,9.860362,56.398232,0.049120243057611514,True,False,1.0,1.0,635720.5010187036,154998.25413942596,790718.7551581295,4,0.19602197763530865
2018-05-14,10.24841,57.08783,0.049813635966501076,True,False,1.0,1.0,659725.0865041319,137107.01795898017,796832.1044631121,4,0.17206512788708464
2018-05-15,9.885807,56.469055,0.04898003672420513,True,False,1.0,1.0,611292.4165580934,180602.49628113073,791894.9128392241,3,0.22806371571905512
2018-05-16,10.284677,57.195576,0.04926496806043029,True,False,1.0,1.0,630098.3711118699,169100.45944459748,799198.8305564674,4,0.2115874710763227
2018-05-17,10.164439,57.029335,0.0368566934242305,True,False,1.0,1.0,600622.5863475648,196603.94159306446,797226.5279406293,4,0.24660988401994804
2018-05-18,9.736947,56.213528,0.03729298694670866,True,False,1.0,1.0,562856.6524596615,225982.33843451575,788838.9908941772,3,0.2864746051388214
2018-05-21,10.04103,56.776909,0.035737125796482694,True,False,1.0,1.0,586170.6283547335,209735.7514344089,795906.3797891424,4,0.2635181181610502
2018-05-22,10.210246,57.093994,0.03470834990851906,True,False,1.0,1.0,696363.4789007686,103006.76840850717,799370.2473092757,4,0.1288598978448768
2018-05-23,10.373735,57.401836,0.03447070901798736,True,False,1.0,1.0,781769.5633392219,19209.028713015403,800978.5920522372,4,0.023981950208929743
2018-05-24,10.481246,57.632725,0.032839279950947,True,False,1.0,1.0,783752.9677374563,17467.295995700686,801220.263733157,4,0.021800866486220195
2018-05-25,10.739523,58.097584,0.03189560571849348,True,False,1.0,1.0,801678.3451143041,0.0,801678.3451143041,4,0.0
2018-05-29,10.534046,57.746632,0.030894935063156072,True,False,1.0,1.0,673566.0109789764,128022.58503125266,801588.5960102291,4,0.15971108579695784
2018-05-30,10.742704,58.122208,0.02993509184028191,True,False,1.0,1.0,686647.8171252265,117502.60656494384,804150.4236901703,4,0.1461201823730136
2018-05-31,10.509873,57.700443,0.030379023862573153,True,False,1.0,1.0,558669.9877206923,242837.6172581586,801507.6049788509,4,0.3029760612995884
2018-06-01,11.21409,59.014969,0.032480699093980624,True,False,1.0,1.0,817566.3547800523,0.0,817566.3547800523,4,0.0
2018-06-04,11.488276,59.482903,0.030016312422672695,True,False,1.0,1.0,817612.8133125937,0.0,817612.8133125937,4,0.0
2018-06-05,11.64095,59.766132,0.02984884524467406,True,False,1.0,1.0,817659.2744851598,0.0,817659.2744851598,4,0.0
2018-06-06,11.865515,60.144775,0.029823936856677908,True,False,1.0,1.0,817705.7382979004,0.0,817705.7382979004,4,0.0
2018-06-07,11.550617,59.609123,0.030229366710057905,True,False,1.0,1.0,690375.1890295097,127242.53534793621,817617.7243774459,4,0.15562595031170806
2018-06-08,11.245897,59.076542,0.029492220225658363,True,False,1.0,1.0,563003.9831125715,251161.6361724275,814165.6192849991,4,0.308489612215507
2018-06-11,11.162565,58.962643,0.028841084263619,True,False,1.0,1.0,433167.5319982832,379031.8639088286,812199.3959071117,4,0.4666734127344476
2018-06-12,11.333687,59.267414,0.027917751462949014,True,False,1.0,1.0,471640.08919465006,346358.17643277626,817998.2656274263,4,0.4234216513492365
2018-06-13,11.294882,59.178139,0.026299467177823905,True,False,1.0,1.0,471666.8903298773,345172.29323020735,816839.1835600847,4,0.4225706848755956
2018-06-14,11.488276,59.532166,0.02527799811889949,True,False,1.0,1.0,506768.8203746807,315974.183259586,822743.0036342667,4,0.3840496751280133
2018-06-15,11.466008,59.479836,0.025018455645935505,True,False,1.0,1.0,506797.6177139972,315361.7229467571,822159.3406607544,4,0.38357737648921764
2018-06-18,11.113578,58.907223,0.023921474601154135,True,False,1.0,1.0,487311.641127005,325011.16736951703,812322.808496522,3,0.400100999221061
2018-06-19,10.746481,58.260738,0.02481394848524719,True,False,1.0,1.0,359571.6789489949,441908.3557349183,801480.0346839132,4,0.5513653947839108
2018-06-20,10.915402,58.54089,0.024783673490998814,True,False,1.0,1.0,404435.2336259454,403969.133245113,808404.3668710585,4,0.4997117158194998
2018-06-21,10.50617,57.81435,0.02625096644742866,True,False,1.0,1.0,277056.4190830436,516091.1180915938,793147.5371746374,4,0.6506874117393362
2018-06-22,10.26267,57.355656,0.02667797498903924,True,False,1.0,1.0,147727.30824987142,633338.0447566159,781065.3530064872,4,0.8108643435773493
2018-06-25,9.356241,55.668633,0.032889084908970044,True,False,1.0,1.0,96179.54910627453,628901.5007000724,725081.0498063469,4,0.8673533818985313
2018-06-26,9.454406,55.866344,0.03297040966398176,True,False,1.0,1.0,159675.06115037482,571949.9005492688,731624.9616996436,4,0.7817528521998041
2018-06-27,8.758967,54.531853,0.0359878458313104,True,False,1.0,1.0,70564.8867040086,618904.0645569682,689468.9512609767,4,0.8976532785487269
2018-06-28,8.980155,54.945793,0.036703591916233895,True,False,1.0,1.0,133962.35481573263,571079.7845072852,705042.1393230178,4,0.8099938325043048
2018-06-29,9.019676,55.060078,0.03266659069282057,True,False,1.0,1.0,191275.17063214976,516233.75807711325,707508.928709263,4,0.729649813775353
2018-07-02,9.186046,55.406063,0.032359666313611334,True,False,1.0,1.0,319367.10967051116,397553.8146725649,716920.9243430761,4,0.5545295180732082
2018-07-03,8.666539,54.395924,0.03344941074176124,False,False,1.0,1.0,194267.4628466734,500056.28399524087,694323.7468419143,4,0.7202062240701314
2018-07-05,9.367712,55.850895,0.038733625955940015,True,False,1.0,1.0,671561.3988214935,62780.21214860292,734341.6109700964,1,0.08549183542202872
2018-07-06,9.721489,56.536671,0.040041870655943126,True,False,1.0,1.0,695502.8356169967,41225.30009792336,736728.1357149201,1,0.05595727663898485
2018-07-09,9.903157,56.898094,0.040242307732504215,True,False,1.0,1.0,699737.9654794531,37796.11922799743,737534.0847074505,1,0.051246606782911736
2018-07-10,10.212949,57.500465,0.04108785801210953,True,False,1.0,1.0,703671.8980894831,35080.61664236075,738752.514731844,1,0.047486290662705204
2018-07-11,9.419985,56.023884,0.04416590306479156,True,False,1.0,1.0,672135.591791933,63899.80786511781,736035.3996570508,1,0.08681621549030298
2018-07-12,9.622049,56.400761,0.04467789001741252,True,False,1.0,1.0,678694.6791298018,58743.44535918837,737438.1244889902,1,0.07965881259515137
2018-07-13,9.499025,56.196865,0.04429600426721275,True,False,1.0,1.0,644906.154791561,91783.75107377079,736689.9058653318,1,0.12458939689958101
2018-07-16,9.460142,56.11964,0.04427920438020164,True,False,1.0,1.0,644942.8018397221,91408.04645219106,736350.8482919132,1,0.12413653989022631
2018-07-17,9.879576,56.925896,0.04548915358906955,True,False,1.0,1.0,684262.1558697943,56141.009392282926,740403.1652620772,1,0.07582491813417754
2018-07-18,10.093115,57.364552,0.045387775662440184,True,False,1.0,1.0,720688.9783604195,20932.15797560714,741621.1363360266,1,0.02822486705141968
2018-07-19,10.019172,57.237915,0.045178876331600476,True,False,1.0,1.0,720729.9317976026,20778.80724521416,741508.7390428167,1,0.028022336287009474
2018-07-20,9.872562,56.969151,0.044551662412854284,True,False,1.0,1.0,687136.4014709607,54073.72801741602,741210.1294883767,1,0.07295330415241442
2018-07-23,9.913995,57.046368,0.044315577554772646,True,False,1.0,1.0,692600.3928321755,48870.59734610125,741470.9901782768,1,0.06591032959273425
2018-07-24,9.594006,56.425465,0.03964819972475815,True,False,1.0,1.0,659483.6085550695,80414.3622337401,739897.9707888097,1,0.10868304199835806
2018-07-25,9.744438,56.638615,0.03972707684187572,True,False,1.0,1.0,667680.9043624635,73507.71829688242,741188.622659346,1,0.09917545419564129
2018-07-26,10.274143,57.744518,0.0367952700190328,True,False,1.0,1.0,735649.4962843044,9508.792367322132,745158.2886516266,1,0.012760768432876744
2018-07-27,10.126261,57.488125,0.036895049672113954,True,False,1.0,1.0,701986.2816965646,43041.36006184244,745027.6417584071,1,0.05777149416933932
2018-07-30,9.83814,56.925896,0.03771202842870438,True,False,1.0,1.0,668801.349309454,75006.45602197609,743807.80533143,1,0.10084117897708036
2018-07-31,10.021721,57.302757,0.03771616078430703,True,False,1.0,1.0,676472.7559953727,68765.47781449674,745238.2338098694,1,0.09227314796095216
2018-08-01,9.966902,57.219368,0.03484589214123144,True,False,1.0,1.0,676511.1968281737,68389.32937369372,744900.5262018674,1,0.09181001619424319
2018-08-02,10.276056,57.781578,0.031203746197095615,True,False,1.0,1.0,714765.0040356636,32259.189786281462,747024.193821945,2,0.04318359439101448
2018-08-03,10.326413,57.902058,0.030258160958478525,True,False,1.0,1.0,718044.2904810861,29175.546055867322,747219.8365369535,2,0.039045465108479435
2018-08-06,10.512545,58.251106,0.030240972197575523,True,False,1.0,1.0,744264.6916611503,3497.1160074599943,747761.8076686104,2,0.004676778048297741
2018-08-07,10.770066,58.714481,0.029956058398961878,True,False,1.0,1.0,745939.9264108611,1948.2999472851868,747888.2263581463,3,0.0026050683492805666
2018-08-08,10.852297,58.850395,0.022612039108470972,True,False,1.0,1.0,747222.5513778233,721.7679277985469,747944.3193056219,3,0.000965002218973497
2018-08-09,10.516368,58.269657,0.023907532294829892,True,False,1.0,1.0,653911.7220050314,93954.15718100955,747865.879186041,3,0.1256296881511254
2018-08-10,9.724041,56.823952,0.030085515246528364,True,False,1.0,1.0,538841.5209216113,201861.2714294676,740702.7923510789,4,0.2725266780603538
2018-08-13,9.762288,56.907364,0.03006501386528939,True,False,1.0,1.0,559118.5497782705,182389.7164734878,741508.2662517583,4,0.2459712518047135
2018-08-14,9.732965,56.793072,0.028413743151760987,True,False,1.0,1.0,559150.3219117341,181841.87219188578,740992.1941036198,4,0.2454032223805817
2018-08-15,9.332018,56.005344,0.02933983456278473,True,False,1.0,1.0,439527.8447837129,293878.8669760347,733406.7117597476,4,0.4007038144918215
2018-08-16,9.267001,55.934296,0.029337719210330477,True,False,1.0,1.0,439552.82112790854,291831.3867531954,731384.207881104,4,0.39901242549201493
2018-08-17,9.055374,55.517258,0.02955901376476353,False,False,1.0,1.0,317604.0782864813,407011.8885007059,724615.9667871871,4,0.5616932377371163
2018-08-20,9.034337,55.467846,0.02949615405056979,False,False,1.0,1.0,606162.2100450757,117253.83766867896,723416.0477137547,1,0.16208354520091406
2018-08-21,9.569142,56.549026,0.031782861060755264,True,False,1.0,1.0,653779.9050137728,76566.73074376529,730346.635757538,1,0.10483615176011309
2018-08-22,9.694717,56.814693,0.031722319396694766,True,False,1.0,1.0,690755.4130905175,40598.27805859577,731353.6911491132,1,0.055511141257531885
2018-08-23,9.727865,56.87957,0.02918321002202862,True,False,1.0,1.0,694864.5321857631,36663.38185713245,731527.9140428955,1,0.05011891023338663
2018-08-24,10.146021,57.704357,0.030686642516146757,True,False,1.0,1.0,717928.9957738648,15192.655335595915,733121.6511094607,1,0.020723239195847367
2018-08-27,10.621548,58.621826,0.03150865993853747,True,False,1.0,1.0,719558.7631546411,14314.238666077996,733873.0018207191,1,0.019505062361695764
2018-08-28,10.744572,58.847313,0.03137624896327163,True,False,1.0,1.0,721046.2898874545,13032.029905205256,734078.3197926597,1,0.017752914850946898
2018-08-29,10.833809,59.001785,0.031320052772765304,True,False,1.0,1.0,722400.0506931134,11826.238456753203,734226.2891498666,1,0.016107075749693417
2018-08-30,10.529119,58.473541,0.031486721993240055,True,False,1.0,1.0,689251.6454570215,44648.05296798161,733899.6984250031,1,0.060836723415746405
2018-08-31,10.708872,58.79171,0.03167514322002084,True,False,1.0,1.0,693827.5576167033,40869.25561910751,734696.8132358108,1,0.05562737565051881
2018-09-04,10.954922,59.264351,0.031822743250180884,True,False,1.0,1.0,735635.8286813495,0.0,735635.8286813495,1,0.0
2018-09-05,10.797477,58.977066,0.03158075998054151,True,False,1.0,1.0,702014.3218465545,33627.76904140596,735642.0908879605,1,0.04571213292161599
2018-09-06,9.931207,57.413975,0.03662953339495824,True,False,1.0,1.0,670641.9295110747,62308.96973842196,732950.8992494966,1,0.0850111102970514
2018-09-07,9.810728,57.176117,0.036132154014838526,True,False,1.0,1.0,636899.306870565,95298.14506465929,732197.4519352244,1,0.13015361472889975
2018-09-10,10.13072,57.781578,0.03232784379108166,True,False,1.0,1.0,646766.8610019735,88565.79672298535,735332.6577249588,1,0.12044317057398012
2018-09-11,9.827941,57.222458,0.03312152251774941,True,False,1.0,1.0,613665.7506721844,119021.68904447145,732687.4397166559,1,0.1624453792881988
2018-09-12,9.490736,56.561394,0.03404644366162286,True,False,1.0,1.0,580707.5385615953,147896.2047603992,728603.7433219944,1,0.20298578770139383
2018-09-13,9.824752,57.206997,0.03352152087836042,True,False,1.0,1.0,733697.3763757678,0.0,733697.3763757678,0,0.0
2018-09-14,10.143469,57.849537,0.034062267442197224,True,False,1.0,1.0,733739.0690203301,0.0,733739.0690203301,0,0.0
2018-09-17,9.688982,57.043278,0.03538648112613636,True,False,1.0,1.0,733780.7640340935,0.0,733780.7640340935,0,0.0
2018-09-18,9.961164,57.534447,0.03576664238285815,True,False,1.0,1.0,733822.4614171926,0.0,733822.4614171926,1,0.0
2018-09-19,10.017896,57.624039,0.0335625170648018,True,False,1.0,1.0,733864.161169762,0.0,733864.161169762,1,0.0
2018-09-20,10.362746,58.322166,0.03422899415237445,True,False,1.0,1.0,733905.8632919365,0.0,733905.8632919365,1,0.0
2018-09-21,10.269682,58.164627,0.03434018363876682,True,False,1.0,1.0,673278.8352926624,60604.68048180347,733883.5157744659,2,0.08258078997434282
2018-09-24,10.378684,58.365421,0.03314009141227077,True,False,1.0,1.0,679436.1111490077,55123.142554700855,734559.2537037085,2,0.07504247244421115
2018-09-25,9.861053,57.435604,0.03335322734962773,True,False,1.0,1.0,620823.8002744497,110962.90539758015,731786.7056720299,2,0.15163285221979858
2018-09-26,9.582995,56.842045,0.0335945606784938,True,False,1.0,1.0,531204.1235631993,197394.31867279368,728598.442235993,3,0.2709233333892549
2018-09-27,9.707003,57.056137,0.03371054848331034,True,False,1.0,1.0,551210.3181070616,179953.81602367404,731164.1341307356,3,0.24611958878100199
2018-09-28,9.882785,57.41605,0.03364076344923962,True,False,1.0,1.0,569545.6157101982,164891.30438327597,734436.9200934742,3,0.22451390973412627
2018-10-01,9.965245,57.614616,0.0334243003066405,True,False,1.0,1.0,659061.8439595079,76698.77748389906,735760.6214434069,4,0.10424420014954355
2018-10-02,9.981227,57.614616,0.03287839427445648,True,False,1.0,1.0,666774.2278363875,69139.60648437213,735913.8343207596,4,0.09395068180527849
2018-10-03,9.997841,57.667377,0.03282264570303467,True,False,1.0,1.0,673731.0543338462,62329.22196739833,736060.2763012445,4,0.084679507880261
2018-10-04,9.460269,56.64658,0.029653913309088918,True,False,1.0,1.0,557255.5076119074,175368.67432347737,732624.1819353849,4,0.23937057859624997
2018-10-05,8.792296,55.306194,0.03359044731803916,False,False,1.0,1.0,442702.529265532,277449.86983439856,720152.3990999305,4,0.3852654940553753
2018-10-08,8.480366,54.688755,0.03303296172350446,False,False,1.0,1.0,641673.4104449636,68443.35902971803,710116.7694746817,1,0.09638324564613496
2018-10-09,8.473332,54.626705,0.03268155532974204,False,False,1.0,1.0,641709.8737911445,68386.5890050027,710096.4627961472,1,0.09630605500514224
2018-10-10,7.348968,52.21587,0.04423103881480364,False,False,1.0,1.0,628400.7676394132,72643.5509979134,701044.3186373266,1,0.1036219095807184
2018-10-11,7.115018,51.694622,0.04297213343380342,False,False,1.0,1.0,613495.4293142221,85256.26020080464,698751.6895150268,1,0.12201224194531438
2018-10-12,7.511327,52.634735,0.04454359719215395,False,False,1.0,1.0,638264.0622692402,65247.941289432594,703512.0035586727,1,0.09274602417496766
2018-10-15,7.310616,52.203468,0.04405534384843933,False,False,1.0,1.0,623279.2348361411,78509.68210179068,701788.9169379318,1,0.11187079220963858
2018-10-16,8.026525,53.903759,0.04945611401234872,False,False,1.0,1.0,661168.9204389239,48307.91795786595,709476.8383967899,1,0.06808949262815643
2018-10-17,7.924895,53.689686,0.04930441761581412,False,False,1.0,1.0,647324.1482755386,61563.94113042485,708888.0894059634,1,0.08684578292465658
2018-10-18,7.33171,52.346191,0.050186638889606866,False,False,1.0,1.0,634313.4250306579,69989.56136959123,704302.9864002492,1,0.09937422206217479
2018-10-19,6.985897,51.561207,0.05061280038792009,False,False,1.0,1.0,621144.7851737271,79879.12448914502,701023.9096628721,1,0.11394636243942025
2018-10-22,7.122049,51.87767,0.05092080560387306,False,False,1.0,1.0,629315.9939602091,73292.33952632162,702608.3334865307,1,0.10431464591748493
2018-10-23,7.007631,51.607746,0.05034930834945586,False,False,1.0,1.0,615910.2251991663,85542.21337607932,701452.4385752457,1,0.12195012615513647
2018-10-24,5.62183,48.222668,0.06786627061671573,False,False,1.0,1.0,604862.9141405816,79696.3384264192,684559.2525670008,1,0.11641992731464684
2018-10-25,6.004076,49.299309,0.07047030536692184,False,False,1.0,1.0,625212.9555549384,64780.29419610578,689993.2497510442,1,0.09388540282021468
2018-10-26,5.684472,48.442955,0.07006438460984808,False,False,1.0,1.0,615856.1897599811,70714.3409389573,686570.5306989384,1,0.10299646981202225
2018-10-29,5.517,47.937206,0.06955124297899648,False,False,1.0,1.0,606208.3000418822,78303.66684160326,684511.9668834854,1,0.11439342280327404
2018-10-30,6.203508,49.929157,0.07671991215910921,False,False,1.0,1.0,636134.607088855,58127.30453520756,694261.9116240626,1,0.08372532550321303
2018-10-31,6.426592,50.562119,0.07767097453803634,False,False,1.0,1.0,642186.8374997177,54195.85551864779,696382.6930183655,1,0.0778248168169488
2018-11-01,7.311255,52.935707,0.0841822631962667,False,False,1.0,1.0,648383.1418453915,55490.64693635321,703873.7887817447,1,0.07883607518955306
2018-11-02,6.983341,52.138298,0.0833689536615723,False,False,1.0,1.0,640460.1909663823,60953.25126739434,701413.4422337767,1,0.08690060326371533
2018-11-05,6.803726,51.663593,0.08324289219052397,False,False,1.0,1.0,632299.8555876606,67573.57931317552,699873.4349008361,1,0.09655114188288902
2018-11-06,7.050458,52.265514,0.08387427686299077,False,False,1.0,1.0,639331.5898143849,63021.67585400877,702353.2656683937,1,0.08972931277543682
2018-11-07,7.303584,52.858135,0.07824638529184165,False,False,1.0,1.0,645890.1906812646,58755.8557300068,704646.0464112714,1,0.0833835030072865
2018-11-08,7.207702,52.715412,0.07795037515825673,False,False,1.0,1.0,645926.8936476557,57984.50443739423,703911.3980850499,1,0.08237472016384122
2018-11-09,6.805641,51.71014,0.07790922386989742,False,False,1.0,1.0,637479.2601046994,63225.38614663919,700704.6462513387,1,0.09023115014990297
2018-11-12,5.913946,49.401711,0.08352613630785607,False,False,1.0,1.0,629703.2484539901,62745.3997951666,692448.6482491567,1,0.09061379490568314
2018-11-13,6.132556,50.081207,0.08071094488265881,False,False,1.0,1.0,636239.3738712061,58558.314564864646,694797.6884360707,1,0.08428110159185234
2018-11-14,6.204146,50.301495,0.0809056903810565,False,False,1.0,1.0,642194.131582914,53317.7193599067,695511.8509428208,1,0.07665968493222705
2018-11-15,6.831849,52.001781,0.0828287585129947,False,False,1.0,1.0,655391.7600503193,45538.56572177894,700930.3257720981,1,0.06496874803015078
2018-11-16,6.587672,51.375046,0.08253189921291176,False,False,1.0,1.0,647264.8096359578,52066.54644179991,699331.3560777578,1,0.07445189750080461
2018-11-19,5.821262,49.410995,0.08659713503198375,False,False,1.0,1.0,639793.3931844521,53509.393164157984,693302.7863486101,1,0.07718040979753414
2018-11-20,5.848747,49.473064,0.08664564106923818,False,False,1.0,1.0,645200.8823886326,48385.83325516366,693586.7156437963,1,0.06976176469909938
2018-11-21,5.918422,49.67783,0.07098297927687204,False,False,1.0,1.0,650129.1523516562,44066.01995660318,694195.1723082594,1,0.06347785423237651
2018-11-23,5.915865,49.705757,0.06940623949009724,False,False,1.0,1.0,650166.0961987263,44046.981636417666,694213.077835144,1,0.06344879265855256
2018-11-26,6.25017,50.60556,0.06925084361121653,False,False,1.0,1.0,661368.94609498,35359.62668908688,696728.5727840669,1,0.05075093525702969
2018-11-27,6.290439,50.680027,0.06876898558199443,False,False,1.0,1.0,664961.9163263871,32028.69958343944,696990.6159098265,1,0.04595284190681725
2018-11-28,6.722544,51.865257,0.06531343578903434,False,False,1.0,1.0,668419.3570841713,30805.943431167205,699225.3005153384,1,0.04405724937078623
2018-11-29,6.562743,51.486736,0.0651647772033204,False,False,1.0,1.0,658021.8699700511,40498.11095961633,698519.9809296675,1,0.05797702580492683
2018-11-30,6.832489,52.203468,0.0586982712434296,False,False,1.0,1.0,662271.5543911805,37946.42086199661,700217.9752531771,1,0.05419229754602681
2018-12-03,7.384762,53.574871,0.060469061635739556,False,False,1.0,1.0,687852.6222866642,15446.096076358353,703298.7183630225,1,0.021962354932638345
2018-12-04,6.307699,51.012016,0.07015664844357855,False,False,1.0,1.0,678041.7893971984,23032.81362743549,701074.6030246338,1,0.03285358438041462
2018-12-06,6.204146,50.751392,0.06958188713030436,False,False,1.0,1.0,678080.319390945,22654.685731738213,700735.0051226832,1,0.03232989013838673
2018-12-07,5.509329,48.858711,0.07316098284202315,False,False,1.0,1.0,669198.9955237836,29027.972603560003,698226.9681273436,1,0.04157383476810343
2018-12-10,5.74264,49.485462,0.07421023062372616,False,False,1.0,1.0,672259.8950009927,27231.533446794885,699491.4284477875,1,0.038930474826865645
2018-12-11,5.844273,49.801952,0.07365327513158565,False,False,1.0,1.0,675066.8300116186,24942.128377284716,700008.9583889033,1,0.03563115597076065
2018-12-12,6.103152,50.509369,0.06740957254497844,False,False,1.0,1.0,685695.2783664161,15446.88377039881,701142.1621368149,1,0.022031029660693313
2018-12-13,6.035398,50.403885,0.06695672222014336,False,False,1.0,1.0,685734.2432727106,15275.400549436985,701009.6438221476,1,0.021790571191218147
2018-12-14,5.777797,49.690262,0.06755430837192473,False,False,1.0,1.0,675786.8824131805,24599.205354762616,700386.0877679432,1,0.035122350064316236
2018-12-17,5.561105,49.046314,0.06366708488170354,False,False,1.0,1.0,665872.1706189476,33619.235854252285,699491.4064731998,1,0.04806240011404681
2018-12-18,5.780992,49.693058,0.06426102859236739,False,False,1.0,1.0,669401.5672056862,31453.691337888977,700855.2585435752,1,0.04487901168531129
2018-12-19,5.050377,47.578716,0.06539844555585518,False,False,1.0,1.0,659950.5405868334,36957.549229961056,696908.0898167944,1,0.05303073643423566
2018-12-20,4.921258,47.249134,0.06546556816893055,False,False,1.0,1.0,649585.0292693638,46404.71487460067,695989.7441439645,1,0.06667442338777038
2018-12-21,4.695617,46.446926,0.06581636763203741,False,False,1.0,1.0,639445.7311783086,54442.51356056461,693888.2447388732,1,0.07846006035316629
2018-12-24,4.287804,45.085041,0.06807771932042517,False,False,1.0,1.0,629794.2935091603,59391.743152892464,689186.0366620527,1,0.08617664896483622
2018-12-26,5.02481,47.790157,0.07711644228046066,False,False,1.0,1.0,658981.6803499024,40421.12753727499,699402.8078871773,1,0.05779377360434537
2018-12-27,5.137269,48.104187,0.07738188174391837,False,False,1.0,1.0,663147.807523239,37193.20429987606,700341.0118231152,1,0.05310727727204691
2018-12-28,5.245685,48.449322,0.07566108088862214,False,False,1.0,1.0,666979.7212433062,34180.31068803596,701160.0319313421,1,0.0487482302633344
2018-12-31,5.34512,48.788242,0.0759196481653253,False,False,1.0,1.0,678289.3525612003,23545.84647256354,701835.1990337638,1,0.033548967770467716
2019-01-02,5.486895,49.102276,0.0754898130485578,False,False,1.0,1.0,686938.7581445855,15554.009069281114,702492.7672138667,1,0.02214116613750965
2019-01-03,4.511789,46.238594,0.0829667678948577,False,False,1.0,1.0,679355.617753234,20406.5352418948,699762.1529951288,1,0.029162101943568323
2019-01-04,5.094929,48.324955,0.08289737619619583,False,False,1.0,1.0,690292.1288895998,12138.477015474513,702430.6059050743,1,0.01728067785405537
2019-01-07,5.393875,49.217331,0.0842442890458477,False,False,1.0,1.0,691617.8479332442,11565.634170889987,703183.4821041342,1,0.016447533915731595
2019-01-08,5.31112,49.002785,0.08009491000625996,False,False,1.0,1.0,691659.7841265633,11388.189559027085,703047.9736855904,1,0.01619831076295796
2019-01-09,5.72169,50.262051,0.08136318566012447,False,False,1.0,1.0,692927.424364988,11041.686364870444,703969.1107298584,1,0.01568490178982809
2019-01-10,5.882709,50.70668,0.08151215138901466,False,False,1.0,1.0,694103.6154847225,10217.177962878202,704320.7934476008,1,0.01450642669921164
2019-01-11,6.046938,51.250813,0.08114891495224544,False,False,1.0,1.0,698298.0394468661,6346.171849252529,704644.2112961187,1,0.009006207313587967
2019-01-14,5.760823,50.417515,0.08183376706883651,False,False,1.0,1.0,690110.7381119163,14266.821080370673,704377.559192287,1,0.020254508245166843
2019-01-15,5.798672,50.563663,0.08126840813026051,False,False,1.0,1.0,691587.2893610678,12924.499561083485,704511.7889221513,1,0.01834532759325003
2019-01-16,5.656897,50.100357,0.080988669615174,False,False,1.0,1.0,683214.1955021769,21014.61306054304,704228.80856272,1,0.029840604083539758
2019-01-17,5.85256,50.563663,0.08087795292764974,False,False,1.0,1.0,685427.7271749208,19567.32735848834,704995.0545334092,1,0.027755268966303166
2019-01-18,6.254148,51.878895,0.07544782296518152,False,False,1.0,1.0,705291.1250027908,1069.51269879897,706360.6377015898,1,0.0015141170695454264
2019-01-22,5.728106,50.386429,0.07824939930324123,False,False,1.0,1.0,696836.5887588357,9467.853041416025,706304.4418002517,1,0.0134047762991325
2019-01-23,5.608783,50.03196,0.07751068761552506,False,False,1.0,1.0,688113.4967778925,18026.683934228513,706140.180712121,1,0.025528477810240383
2019-01-24,6.567851,52.939175,0.08055751732175248,False,False,1.0,1.0,709244.5279727015,0.0,709244.5279727015,1,0.0
2019-01-25,6.987401,54.036766,0.07456279235074305,False,False,1.0,1.0,709287.5329583659,0.0,709287.5329583659,1,0.0
2019-01-28,6.561437,52.970268,0.07661975578952125,False,False,1.0,1.0,700517.0856839711,8804.116380547572,709321.2020645186,1,0.01241203048058158
2019-01-29,6.277885,52.205372,0.07760794771508271,False,False,1.0,1.0,691816.042545081,17157.90171380009,708973.944258881,1,0.024201032848585054
2019-01-30,6.822534,53.719612,0.07935313719756093,False,False,1.0,1.0,703203.9788285325,7289.808970002597,710493.7877985351,1,0.010260200856351001
2019-01-31,6.827664,53.694729,0.07932111491346266,False,False,1.0,1.0,703975.461239988,6565.761291072706,710541.2225310607,1,0.009240507211790502
2019-02-01,7.066309,54.338356,0.06272942381119619,False,False,1.0,1.0,704697.0335822977,6115.726885895793,710812.7604681936,1,0.008603850726972777
2019-02-04,7.172801,54.61198,0.058231686075752465,True,False,1.0,1.0,710941.8242235328,0.0,710941.8242235328,1,0.0
2019-02-05,7.272878,54.86071,0.05746934026527572,True,False,1.0,1.0,710984.9321246207,0.0,710984.9321246207,2,0.0
2019-02-06,7.857299,56.337639,0.058617491961567,True,False,1.0,1.0,711028.0426395526,0.0,711028.0426395526,2,0.0
2019-02-07,7.332539,55.115692,0.06031054672880447,True,False,1.0,1.0,667633.8671634026,43391.26368454455,711025.1308479472,2,0.061026343235994256
2019-02-08,7.302389,55.019306,0.06030469444004642,True,False,1.0,1.0,645636.6494213643,65227.19624142446,710863.8456627887,3,0.09175765041279955
2019-02-11,7.406956,55.289806,0.06018370116593565,True,False,1.0,1.0,652285.7042945902,59545.09891314154,711830.8032077317,3,0.08365063529818147
2019-02-12,7.873979,56.45892,0.0595527344661766,True,False,1.0,1.0,715565.3237340513,0.0,715565.3237340513,3,0.0
2019-02-13,7.942621,56.639256,0.059537545161386006,True,False,1.0,1.0,715608.711980665,0.0,715608.711980665,4,0.0
2019-02-14,8.004848,56.791611,0.05881305528447144,True,False,1.0,1.0,715652.1028581216,0.0,715652.1028581216,4,0.0
2019-02-15,8.134435,57.083878,0.058682492691608475,True,False,1.0,1.0,715695.4963665806,0.0,715695.4963665806,4,0.0
2019-02-19,8.081832,57.006149,0.057674172560752864,True,False,1.0,1.0,693102.4821471096,22612.42545990634,715714.9076070159,4,0.03159417977684817
2019-02-20,8.304436,57.491215,0.052619830897175694,True,False,1.0,1.0,695465.8512378734,20911.730908648744,716377.5821465221,4,0.029190934264008872
2019-02-21,8.121605,57.065228,0.052668491772169035,True,False,1.0,1.0,594191.4118503953,121660.59358407675,715852.005434472,4,0.16995215863122057
2019-02-22,8.375002,57.677761,0.04144113134090362,True,False,1.0,1.0,606761.2996886804,112910.80311453795,719672.1028032184,4,0.1568920105069175
2019-02-25,8.58542,58.153492,0.039897565584414665,True,False,1.0,1.0,722436.9884310951,0.0,722436.9884310951,4,0.0
2019-02-26,8.407722,57.789696,0.036830204103523466,True,False,1.0,1.0,604229.7695315572,118125.72837391224,722355.4979054695,4,0.163528523997433
2019-02-27,8.1107,57.096321,0.03620693534922061,True,False,1.0,1.0,487871.7702845393,230223.97519078924,718095.7454753285,4,0.3206034524524265
2019-02-28,8.130588,57.130527,0.032228127589518575,True,False,1.0,1.0,510958.5215230156,207709.65033827856,718668.1718612942,4,0.2890202439330614
2019-03-01,8.342928,57.637348,0.032385947558125565,True,False,1.0,1.0,532282.904625895,191820.81196460704,724103.7165905021,4,0.26490792350550285
2019-03-04,8.346779,57.643562,0.03192915556850513,True,False,1.0,1.0,551488.0865247706,172718.41882876342,724206.505353534,4,0.23849332690604308
2019-03-05,8.227456,57.422802,0.0322811213436246,True,False,1.0,1.0,432736.9601498715,288907.99418353784,721644.9543334093,4,0.4003464479986631
2019-03-06,7.825223,56.474457,0.03463558481478438,True,False,1.0,1.0,318137.15718647593,389288.1269529816,707425.2841394575,4,0.5502886816189053
2019-03-07,7.558993,55.865032,0.030958491650048634,True,False,1.0,1.0,201669.45509688646,492407.31920301134,694076.7742998978,4,0.7094421502573592
2019-03-08,7.546806,55.815273,0.026624525225463463,True,False,1.0,1.0,201681.68330829075,491613.43462088145,693295.1179291722,4,0.7090969226630343
2019-03-11,8.08504,57.11499,0.030539545146157636,True,False,1.0,1.0,496851.86541429535,231239.53807457967,728091.403488875,4,0.31759685249204145
2019-03-12,8.179341,57.329521,0.03050390996002752,True,False,1.0,1.0,520253.6786705153,210542.96962476673,730796.648295282,4,0.28810062295153793
2019-03-13,8.279418,57.559608,0.02758192996843035,True,False,1.0,1.0,541577.1066586139,191807.1305788904,733384.2372375043,4,0.26153702362268555
2019-03-14,8.138284,57.245571,0.02788246184695921,True,False,1.0,1.0,501590.65718303964,228418.21881803748,730008.8760010771,3,0.3128978651181502
2019-03-15,8.839462,58.905949,0.033307627118106885,True,False,1.0,1.0,749486.2692562772,0.0,749486.2692562772,4,0.0
2019-03-18,8.781724,58.815769,0.033294790059083,True,False,1.0,1.0,719281.4347453342,30218.227212095724,749499.66195743,4,0.040317866365911795
2019-03-19,9.137306,59.57756,0.03413250458840668,True,False,1.0,1.0,750737.3087107438,0.0,750737.3087107438,4,0.0
2019-03-20,8.877034,59.019466,0.03461320016191465,True,False,1.0,1.0,633714.6037318854,116944.18370009083,750658.7874319763,4,0.1557887360516487
2019-03-21,9.797318,61.058483,0.04004001273468103,True,False,1.0,1.0,762699.5914048244,0.0,762699.5914048244,4,0.0
2019-03-22,8.963792,59.337486,0.04527772368003265,True,False,1.0,1.0,652332.4713390433,110296.37541977249,762628.8467588158,4,0.14462654525662616
2019-03-25,8.621897,58.595448,0.045927766218688604,True,False,1.0,1.0,536853.9068440574,221485.19401396796,758339.1008580254,4,0.2920661663935933
2019-03-26,8.884102,59.156662,0.04610453139340796,True,False,1.0,1.0,559687.1088402927,205398.8060398881,765085.9148801807,4,0.2684650207840454
2019-03-27,8.49465,58.327332,0.046536742244740935,True,False,1.0,1.0,446922.99598637805,309073.2791700069,755996.275156385,4,0.40882910316730353
2019-03-28,8.450305,58.230679,0.0465672579896583,True,False,1.0,1.0,446950.0951267696,307459.8101554161,754409.9052821856,4,0.40755007059512466
2019-03-29,8.839113,59.094299,0.04727750050095896,True,False,1.0,1.0,479107.62142700213,289445.7424235034,768553.3638505056,4,0.3766111190683757
2019-04-01,9.490129,60.569008,0.0496625728894036,True,False,1.0,1.0,789608.655728215,0.0,789608.655728215,4,0.0
2019-04-02,9.520333,60.659424,0.049429766474354875,True,False,1.0,1.0,789656.5335863878,0.0,789656.5335863878,4,0.0
2019-04-03,10.168776,62.000076,0.04914303777672356,True,False,1.0,1.0,789704.4143476306,0.0,789704.4143476306,4,0.0
2019-04-04,10.207332,62.134125,0.04791563224121294,True,False,1.0,1.0,789752.2980121196,0.0,789752.2980121196,4,0.0
2019-04-05,10.440618,62.58308,0.04777896461556384,True,False,1.0,1.0,789800.1845800309,0.0,789800.1845800309,4,0.0
2019-04-08,10.515811,62.729626,0.04616445766472453,True,False,1.0,1.0,789848.0740515403,0.0,789848.0740515403,4,0.0
2019-04-09,10.161061,62.077995,0.047371249703993194,True,False,1.0,1.0,676051.9513327449,113723.38920059137,789775.3405333363,4,0.14399460626840263
2019-04-10,10.421981,62.55814,0.047482233115504306,True,False,1.0,1.0,687746.3485111495,104979.26361762335,792725.6121287729,4,0.1324282475694379
2019-04-11,10.396273,62.505138,0.04712663894810766,True,False,1.0,1.0,687788.0499564084,104720.31026613656,792508.360222545,4,0.13213779881985088
2019-04-12,10.828783,63.37188,0.04470155557542509,True,False,1.0,1.0,796804.2116898831,0.0,796804.2116898831,4,0.0
2019-04-15,10.598071,62.901108,0.04511977287664569,True,False,1.0,1.0,678604.91656185,118122.3174710171,796727.2340328671,4,0.14825941981813093
2019-04-16,11.607686,64.915184,0.048280241497309334,True,False,1.0,1.0,807899.6513794147,0.0,807899.6513794147,4,0.0
2019-04-17,12.135949,65.990814,0.04779796964809764,True,False,1.0,1.0,807948.6383106571,0.0,807948.6383106571,4,0.0
2019-04-18,12.159086,66.000175,0.04367277492455672,True,False,1.0,1.0,807997.6282122182,0.0,807997.6282122182,4,0.0
2019-04-22,12.164227,65.950272,0.03699550302476692,True,False,1.0,1.0,808046.621084278,0.0,808046.621084278,4,0.0
2019-04-23,12.529256,66.629967,0.03482460188445135,True,False,1.0,1.0,808095.6169270168,0.0,808095.6169270168,4,0.0
2019-04-24,12.892358,67.247284,0.03480230716450999,True,False,1.0,1.0,808144.6157406146,0.0,808144.6157406146,4,0.0
2019-04-25,12.190578,66.065643,0.03594216227796606,True,False,1.0,1.0,694233.6170078242,113839.25172907049,808072.8687368947,4,0.1408774581270295
2019-04-26,11.885311,65.520035,0.03689775027288409,True,False,1.0,1.0,576739.0204712223,228400.7302623596,805139.750733582,4,0.28367836770480936
2019-04-29,11.822974,65.442101,0.03660535935398816,True,False,1.0,1.0,576773.9909959557,227202.7964159197,803976.7874118753,4,0.28259870181988755
2019-04-30,12.085179,65.959641,0.034180809756415825,True,False,1.0,1.0,600011.3068212473,209017.4449836609,809028.7518049083,4,0.2583560157996264
2019-05-01,11.788913,65.432755,0.03512516802939898,True,False,1.0,1.0,482500.06119063945,321316.49686547904,803816.5580561184,4,0.399738589165821
2019-05-02,12.181578,66.062538,0.03310805656156041,True,False,1.0,1.0,589799.39799165,224647.95615322952,814447.3541448796,3,0.27582870152374217
2019-05-03,12.425787,66.580086,0.03316890849862732,True,False,1.0,1.0,771071.4342176338,47744.87230432084,818816.3065219546,4,0.058309625643783725
2019-05-06,11.815264,65.495064,0.035614887235321656,True,False,1.0,1.0,652696.7490781253,163694.9603294359,816391.7094075612,4,0.2005103168529553
2019-05-07,10.952818,63.883202,0.04004963378410964,True,False,1.0,1.0,604883.1307171446,199468.2873267391,804351.4180438838,3,0.2479864930328954
2019-05-08,10.68997,63.337597,0.03963121102490207,True,False,1.0,1.0,479373.1835575039,320095.00451460655,799468.1880721105,4,0.40038491748684135
2019-05-09,10.309518,62.639217,0.04015447986154625,True,False,1.0,1.0,355032.7552862552,432940.6606773884,787973.4159636437,4,0.5494356178855707
2019-05-10,10.339722,62.729626,0.04015897320131005,True,False,1.0,1.0,507724.9261372416,281394.85448661726,789119.7806238588,3,0.35659333525279696
2019-05-13,8.880243,59.795799,0.05138523207373167,True,False,1.0,1.0,394491.40264766954,354819.52714565606,749310.9297933256,4,0.47352776135738756
2019-05-14,9.515835,61.173855,0.05422706814472715,True,False,1.0,1.0,550606.5201928584,223977.30803436838,774583.8282272269,4,0.2891582548876348
2019-05-15,9.749117,61.644627,0.04986038623731152,True,False,1.0,1.0,573565.1635937933,206521.32821080735,780086.4918046007,4,0.26474157722312885
2019-05-16,9.254273,60.671909,0.04910563574050875,True,False,1.0,1.0,460053.58390265296,309464.80150154716,769518.3854042001,4,0.4021538762053054
2019-05-17,8.707371,59.490253,0.05006452940255847,True,False,1.0,1.0,345825.001079014,405311.7008136179,751136.7018926318,4,0.5395977853197134
2019-05-20,7.663693,57.117626,0.05564260209244457,True,False,1.0,1.0,240989.58211940023,461475.74311954377,702465.325238944,4,0.6569373982446358
2019-05-21,8.145689,58.286797,0.05761699795688889,True,False,1.0,1.0,401236.5567373945,330116.50894853525,731353.0656859297,4,0.4513777605333777
2019-05-22,7.636059,57.055271,0.057117872875305356,True,False,1.0,1.0,304032.24271652667,406588.59575900703,710620.8384755338,4,0.5721596859321564
2019-05-23,7.249823,56.16671,0.05701340556003737,True,False,1.0,1.0,204730.37380615465,485238.19127309095,689968.5650792456,4,0.7032757952057707
2019-05-24,7.061522,55.677216,0.05701325551357205,False,False,1.0,1.0,115587.64233436297,561695.6885756053,677283.3309099682,4,0.829336354433728
2019-05-28,6.86937,55.200203,0.05680329374240815,False,False,1.0,1.0,541141.496548716,120438.6862609582,661580.1828096742,1,0.18204699806675806
2019-05-29,6.962555,55.399738,0.05644889201580919,False,False,1.0,1.0,553370.0880219383,109865.22483105426,663235.3128529926,1,0.1656504451767726
2019-05-30,7.121291,55.867416,0.0575530743708545,True,False,1.0,1.0,564630.0842629623,101132.9911393342,665763.0754022965,1,0.1519053772668651
2019-05-31,6.812172,55.034958,0.056028420147306746,False,False,1.0,1.0,539686.2538192325,121694.63935120778,661380.8931704402,1,0.18400083916522614
2019-06-03,6.877724,55.165905,0.05560192314348868,False,False,1.0,1.0,551994.0032857932,110579.11156139798,662573.1148471913,1,0.1668934478074933
2019-06-04,7.750453,57.57906,0.06451309912612893,True,False,1.0,1.0,640449.8588824436,36105.1999359348,676555.0588183785,1,0.05336624043428704
2019-06-05,7.596214,57.164398,0.06321607451143726,True,False,1.0,1.0,617617.6704693405,58233.47178576402,675851.1422551045,1,0.08616316248494763
2019-06-06,7.91176,57.95631,0.06454813614772871,True,False,1.0,1.0,623714.6702784894,54587.23614976655,678301.906428256,1,0.08047631243911334
2019-06-07,8.159825,58.611042,0.06513031890278066,True,False,1.0,1.0,664162.755242338,15850.497909371705,680013.2531517098,1,0.023309101456343947
2019-06-10,8.796056,60.038986,0.06792130153109198,True,False,1.0,1.0,665910.0595176405,15377.74162005249,681287.801137693,1,0.02257157928612983
2019-06-11,8.862251,60.27906,0.05887633756696337,True,False,1.0,1.0,667498.3281556029,13944.120574612827,681442.4487302158,1,0.020462653303438876
2019-06-12,8.236945,58.879189,0.05866767660916537,True,False,1.0,1.0,643807.2460105825,36666.656701169624,680473.9027117522,1,0.05388400136294656
2019-06-13,8.39311,59.162891,0.05852675224661733,True,False,1.0,1.0,647578.9556688576,33625.64090480614,681204.5965736636,1,0.04936202878538556
2019-06-14,7.727962,57.672588,0.060124005095456595,True,False,1.0,1.0,623970.249633332,54583.7479838578,678553.9976171898,1,0.08044127390824325
2019-06-17,7.572435,57.245892,0.058953507345761186,True,False,1.0,1.0,599500.2520242177,77967.1017821303,677467.353806348,1,0.11508613860737701
2019-06-18,8.5602,59.722187,0.0585481504696246,True,False,1.0,1.0,662133.7133737947,25481.32990473154,687615.0432785263,1,0.03705755153819408
2019-06-19,8.576909,59.841156,0.05707435568515901,True,False,1.0,1.0,664724.5701389197,22977.961147248312,687702.531286168,1,0.03341264587796999
2019-06-20,8.814692,60.345173,0.055044850923181995,True,False,1.0,1.0,682377.819318862,5985.488232882522,688363.3075517446,1,0.008695245907529129
2019-06-21,8.632821,60.000816,0.05371237058444394,True,False,1.0,1.0,655698.3011767693,32554.57274353836,688252.8739203077,1,0.04730030774605647
2019-06-24,8.690018,60.063427,0.05308258527251542,True,False,1.0,1.0,659012.0072670695,29493.23758841889,688505.2448554884,1,0.0428366200675919
2019-06-25,8.320859,59.233826,0.05379127901409638,True,False,1.0,1.0,608663.6562223323,78575.26113759735,687238.9173599296,2,0.11433470828376399
2019-06-26,9.10281,61.146618,0.056711329512608134,True,False,1.0,1.0,694579.1650843589,0.0,694579.1650843589,2,0.0
2019-06-27,9.504405,62.035694,0.057072791659081815,True,False,1.0,1.0,694621.2808369084,0.0,694621.2808369084,2,0.0
2019-06-28,9.543664,62.113976,0.05544969383916634,True,False,1.0,1.0,694663.3991431432,0.0,694663.3991431432,3,0.0
2019-07-01,10.315962,63.67923,0.05705425232685266,True,False,1.0,1.0,694705.5200032182,0.0,694705.5200032182,3,0.0
2019-07-02,9.883477,62.88409,0.05364293419305574,True,False,1.0,1.0,625606.488560953,69067.89484723932,694674.3834081923,3,0.09942484780909917
2019-07-03,9.72966,62.596062,0.05351210435409106,True,False,1.0,1.0,531519.8123120088,162017.86615129767,693537.6784633065,4,0.23361076287922208
2019-07-05,9.574557,62.239182,0.05343621958479578,True,False,1.0,1.0,436987.9144476772,253899.02694086637,690886.9413885436,4,0.3674972151457668
2019-07-08,9.342867,61.757072,0.05370633266643644,True,False,1.0,1.0,343111.88331793115,341558.08055015997,684669.9638680911,4,0.49886529068765273
2019-07-09,9.558468,62.142128,0.05143082213807191,True,False,1.0,1.0,378043.86634699645,314496.0518834436,692539.91823044,4,0.45411974617583883
2019-07-10,9.759264,62.643032,0.051561986146455276,True,False,1.0,1.0,410146.89499156625,288992.4407927506,699139.3357843169,4,0.41335457183016266
2019-07-11,9.833275,62.818333,0.04818440677620958,True,False,1.0,1.0,519156.3682518374,182096.9797352995,701253.3479871369,4,0.25967359764910486
2019-07-12,10.395122,63.961018,0.04927284337368862,True,False,1.0,1.0,711508.5198870571,0.0,711508.5198870571,4,0.0
2019-07-15,10.637108,64.52137,0.044143872019810335,True,False,1.0,1.0,711551.6621496915,0.0,711551.6621496915,4,0.0
2019-07-16,10.292792,63.835789,0.04477322470870403,True,False,1.0,1.0,601282.060622093,110195.86214494269,711477.9227670357,4,0.1548830379955794
2019-07-17,10.379032,64.026726,0.03697735965985546,True,False,1.0,1.0,612419.9962825939,100007.24210913366,712427.2383917276,4,0.14037537690851842
2019-07-18,10.85464,64.9534,0.03774246226458649,True,False,1.0,1.0,716948.8424420991,0.0,716948.8424420991,4,0.0
2019-07-19,10.782557,64.878288,0.03777015017752845,True,False,1.0,1.0,716992.3145782598,0.0,716992.3145782598,4,0.0
2019-07-22,11.413908,66.117981,0.0384155563795629,True,False,1.0,1.0,717035.7893503502,0.0,717035.7893503502,4,0.0
2019-07-23,11.848326,66.966347,0.03871966709160711,True,False,1.0,1.0,717079.2667585298,0.0,717079.2667585298,4,0.0
2019-07-24,12.928257,69.007507,0.03927384174731143,True,False,1.0,1.0,717122.7468029587,0.0,717122.7468029587,4,0.0
2019-07-25,12.272449,67.84919,0.03919886482628672,True,False,1.0,1.0,609079.3407222844,107972.36295600198,717051.7036782864,4,0.15057821130907603
2019-07-26,12.263438,67.830414,0.038761480959938824,True,False,1.0,1.0,609116.2721997695,107893.0846503764,717009.3568501459,4,0.15047653649089818
2019-07-29,12.358047,68.015129,0.03872794505909294,True,False,1.0,1.0,620015.5369355483,97852.90470550729,717868.4416410556,4,0.13631035859692398
2019-07-30,12.274381,67.861732,0.035774738169049906,True,False,1.0,1.0,620053.1315284228,97190.42453165045,717243.5560600733,4,0.13550546911223862
2019-07-31,11.088903,65.610817,0.04208226734065923,True,False,1.0,1.0,517315.9362672488,190469.52343782966,707785.4597050785,4,0.26910629601969344
2019-08-01,10.423439,64.314751,0.044518753331291384,True,False,1.0,1.0,410241.45929878444,286031.4802273743,696272.9395261587,4,0.410803671936511
2019-08-02,9.934962,63.366165,0.04580903395534451,True,False,1.0,1.0,301595.5163625493,381182.7676435266,682778.2840060759,4,0.5582819146019216
2019-08-05,8.636857,60.630062,0.0555528969386845,True,False,1.0,1.0,204216.168941434,428671.75216303905,632887.9211044731,4,0.6773264868366428
2019-08-06,8.983748,61.403316,0.05609342018569297,True,False,1.0,1.0,248775.55742805265,401300.0442795427,650075.6017075954,4,0.6173128836483357
2019-08-07,9.17296,61.791512,0.05609461696031243,True,False,1.0,1.0,463075.3401162209,195265.86847184645,658341.2085880673,3,0.29660283440349977
2019-08-08,9.922737,63.503952,0.058977836572313654,True,False,1.0,1.0,484206.2213804744,190103.81296009704,674310.0343405714,4,0.28192345253471635
2019-08-09,9.367968,62.395725,0.058837318420633326,True,False,1.0,1.0,406089.6536167798,257538.4502017468,663628.1038185266,4,0.38807646740676965
2019-08-12,9.032016,61.578644,0.058840725288327754,True,False,1.0,1.0,325818.73671450967,328513.12440068537,654331.8611151951,4,0.5020588846778633
2019-08-13,9.829413,63.397514,0.062022552875119555,True,False,1.0,1.0,448766.40328547015,234472.6036441623,683239.0069296325,4,0.3431780113050701
2019-08-14,8.907805,61.447155,0.0655543117102112,True,False,1.0,1.0,377137.86679710704,284068.2219653013,661206.0887624084,4,0.4296213038464256
2019-08-15,8.834437,61.334446,0.06438320209980218,True,False,1.0,1.0,377160.7345217287,281728.53027816286,658889.2647998915,4,0.427580999310598
2019-08-16,9.557179,62.96859,0.06739148848567761,True,False,1.0,1.0,484358.4418470624,197501.02070578595,681859.4625528483,4,0.2896506267821698
2019-08-19,10.106155,64.126923,0.0673402292797009,True,False,1.0,1.0,564997.0634956994,128160.66961779431,693157.7331134938,4,0.18489394764756956
2019-08-20,9.945902,63.889008,0.06658128630687539,True,False,1.0,1.0,565031.3220478034,126128.42968200662,691159.75172981,4,0.18248809969958013
2019-08-21,10.227792,64.411819,0.06332341617019194,True,False,1.0,1.0,578023.7183041684,116732.88251450408,694756.6008186725,4,0.16801982503937476
2019-08-22,10.216848,64.411819,0.0626363743160409,True,False,1.0,1.0,578058.7667264529,116607.97533353689,694666.7420599897,4,0.16786175049599095
2019-08-23,8.893003,61.613056,0.06894591536415179,True,False,1.0,1.0,509934.00208234944,169586.12706026,679520.1291426094,4,0.24956748120800604
2019-08-26,9.113109,62.135868,0.06935060352106366,True,False,1.0,1.0,527326.9425581711,156405.11700144474,683732.0595596158,4,0.22875205983786037
2019-08-27,9.017858,61.904194,0.0693317944572322,True,False,1.0,1.0,527358.9169854817,154770.35725046354,682129.2742359453,4,0.22689299975260876
2019-08-28,9.18326,62.295536,0.06661750470098617,True,False,1.0,1.0,543136.9965670796,141848.18477198272,684985.1813390623,4,0.20708212182734648
2019-08-29,9.804957,63.791931,0.06742307985538953,True,False,1.0,1.0,617495.3967185356,77055.80102698383,694551.1977455195,4,0.11094329874759894
2019-08-30,9.972291,64.092522,0.0667046101465633,True,False,1.0,1.0,625362.5617222412,70533.77021146176,695896.331933703,4,0.10135672078550545
2019-09-03,9.453565,63.037495,0.059551249730341316,True,False,1.0,1.0,555622.4699271825,136568.90970813573,692191.3796353183,4,0.19729935062191498
2019-09-04,10.226503,64.73111,0.06137689744429329,True,False,1.0,1.0,643820.0599371045,59488.19240704844,703308.2523441529,4,0.08458338460948248
2019-09-05,11.181581,66.722168,0.06406894845503362,True,False,1.0,1.0,686248.5558663906,22614.62230990633,708863.1781762969,4,0.03190266190449801
2019-09-06,11.226628,66.900612,0.061998781049984734,True,False,1.0,1.0,688558.6063947852,20435.156426487203,708993.7628212725,4,0.028822759096173635
2019-09-09,11.384307,67.144814,0.060166305185180985,True,False,1.0,1.0,690670.6274009442,18649.953032819645,709320.5804337639,4,0.026292699728823348
2019-09-10,11.53426,67.445351,0.05917285973198781,True,False,1.0,1.0,692600.2919001332,17006.047583001517,709606.3394831348,4,0.02396546738208178
2019-09-11,12.051057,68.456535,0.05721815932775794,True,False,1.0,1.0,703985.6431176915,6413.988437490898,710399.6315551824,4,0.009028704622846743
2019-09-12,12.157247,68.609901,0.05121108745878198,True,False,1.0,1.0,704674.772017307,5823.4557782565325,710498.2277955635,4,0.008196298808970647
2019-09-13,12.047193,68.472168,0.0512315692180324,True,False,1.0,1.0,704717.4999161817,5770.738695004028,710488.2386111857,4,0.008122215655932992
2019-09-16,11.801992,68.030754,0.049573454739324556,True,False,1.0,1.0,611241.0702055424,99073.35465128178,710314.4248568241,4,0.13947816795534132
2019-09-17,11.909469,68.18103,0.04841345330680278,True,False,1.0,1.0,621266.2992245122,89978.02585791463,711244.3250824268,4,0.12650789986617747
2019-09-18,11.932638,68.306252,0.048106927740815646,True,False,1.0,1.0,630310.8075978552,81137.7643676155,711448.5719654707,4,0.11404586018559529
2019-09-19,11.751148,67.858589,0.04818796632811788,True,False,1.0,1.0,578875.5553449102,131279.05558765575,710154.610932566,3,0.1848598228704898
2019-09-20,11.095981,66.609482,0.05027955262276237,True,False,1.0,1.0,482663.82695640414,220104.6438491017,702768.4708055059,4,0.3131965262995081
2019-09-23,11.435147,67.395248,0.037599719624750325,True,False,1.0,1.0,505355.0326388631,204149.23763995376,709504.2702788168,4,0.28773503725316324
2019-09-24,10.88153,66.282036,0.039943363503693576,True,False,1.0,1.0,492852.2104733972,206658.6918030119,699510.9022764091,3,0.29543312495986157
2019-09-25,11.437922,67.392105,0.04067672556424373,True,False,1.0,1.0,594414.750355591,115597.39070073559,710012.1410563266,4,0.16281044226758515
2019-09-26,11.474026,67.477028,0.0406931930415569,True,False,1.0,1.0,606036.1264401953,104366.04828999171,710402.1747301869,4,0.14691121733915058
2019-09-27,10.63783,65.898422,0.04294741203813494,True,False,1.0,1.0,562150.3881665538,140562.89626871436,702713.2844352681,3,0.20002880176326396
2019-09-30,10.97437,66.480194,0.04328774974675598,True,False,1.0,1.0,576671.828053526,130508.78879734325,707180.6168508693,4,0.18454802873205026
2019-10-01,10.673932,65.857567,0.04182740881804143,True,False,1.0,1.0,463383.7029934518,240138.9543989904,703522.6573924422,4,0.3413379112608096
2019-10-02,10.170408,64.895309,0.03982539083714706,True,False,1.0,1.0,352130.6294931382,339974.0812375868,692104.710730725,4,0.4912176957712681
2019-10-03,10.690696,66.036812,0.0359482301379631,True,False,1.0,1.0,504595.2961249029,204779.4909007894,709374.7870256923,4,0.2886760209781358
2019-10-04,11.270295,67.134247,0.03799208611597256,True,False,1.0,1.0,685154.5407187033,35183.26563992974,720337.8063586331,4,0.04884273090952153
2019-10-07,11.0137,66.74118,0.0381868242028682,True,False,1.0,1.0,571174.6910928412,148282.81521722788,719457.5063100691,4,0.20610364603426837
2019-10-08,10.000848,64.675179,0.04345533625114211,True,False,1.0,1.0,465257.2121717595,240486.14290220884,705743.3550739684,4,0.34075580191187727
2019-10-09,10.505015,65.731735,0.043800809460181736,True,False,1.0,1.0,601593.7059555161,116173.17768745772,717766.8836429738,4,0.16185363289238028
2019-10-10,10.810613,66.373268,0.04439682537781092,True,False,1.0,1.0,613574.2258603722,107597.46068553034,721171.6865459025,4,0.1491981211864753
2019-10-11,11.536564,67.939293,0.04712090279249979,True,False,1.0,1.0,708159.6559182588,20185.68209085665,728345.3380091154,4,0.02771443851900377
2019-10-14,11.534628,67.929848,0.04692206375467448,True,False,1.0,1.0,708202.5951227923,20182.294645467548,728384.8897682598,4,0.027708282981939218
2019-10-15,12.290884,69.423508,0.0490751780242733,True,False,1.0,1.0,719551.4795953168,10188.952254118052,729740.4318494349,4,0.013962433502958636
2019-10-16,11.75641,68.439285,0.05014219452341871,True,False,1.0,1.0,616972.0641507719,112260.19051519826,729232.2546659702,4,0.15394298564950312
2019-10-17,11.879553,68.555618,0.05007856797535127,True,False,1.0,1.0,628342.4241770429,102092.45804746989,730434.8822245128,4,0.13976941755102254
2019-10-18,11.48305,67.829216,0.04891335322411812,True,False,1.0,1.0,526724.7507935807,200232.98659747193,726957.7373910525,4,0.27543965253892133
2019-10-21,12.136148,69.16568,0.04999629983920035,True,False,1.0,1.0,655121.7120059615,83135.50344255392,738257.2154485154,4,0.11261048548241602
2019-10-22,11.852474,68.56192,0.04888304737054931,True,False,1.0,1.0,552287.4533274847,183957.24857356257,736244.7019010473,4,0.24985884190211366
2019-10-23,11.163274,67.241173,0.04965106461122538,True,False,1.0,1.0,450878.4842964385,274595.4375198501,725473.9218162886,4,0.3785049045351981
2019-10-24,11.973035,68.904648,0.05214968934702989,True,False,1.0,1.0,588913.0589273963,156377.0222556701,745290.0811830664,4,0.20982034539818203
2019-10-25,12.709948,70.344894,0.05027333987830791,True,False,1.0,1.0,754794.4927463493,0.0,754794.4927463493,4,0.0
2019-10-28,13.376585,71.624756,0.05093266359563844,True,False,1.0,1.0,754840.2596505126,0.0,754840.2596505126,4,0.0
2019-10-29,13.025858,70.882637,0.05088708240133819,True,False,1.0,1.0,654173.5900755423,100605.72720649485,754779.3172820372,4,0.13329157927747198
2019-10-30,13.027791,70.907784,0.04908784995752518,True,False,1.0,1.0,664265.86895683,90558.5911273028,754824.4600841329,4,0.11997304792853311
2019-10-31,12.782801,70.549294,0.04873243294599208,True,False,1.0,1.0,559061.8274885742,193988.42548331735,753050.2529718915,4,0.2576035592813992
2019-11-01,13.66413,72.16877,0.04948278770743643,True,False,1.0,1.0,766264.1663511778,0.0,766264.1663511778,3,0.0
2019-11-04,14.558995,73.775665,0.050250313550765195,True,False,1.0,1.0,766310.6287180899,0.0,766310.6287180899,4,0.0
2019-11-05,14.642808,73.816528,0.04312072518269409,True,False,1.0,1.0,766357.0939022439,0.0,766357.0939022439,4,0.0
2019-11-06,14.312716,73.322868,0.04347714422066951,True,False,1.0,1.0,648101.3382325084,118176.87398629551,766278.2122188039,4,0.15422188978087656
2019-11-07,14.593812,73.766228,0.04337842891708527,True,False,1.0,1.0,660179.0979685179,108448.03834110302,768627.1363096209,4,0.14109316886961643
2019-11-08,14.826556,74.137291,0.04175926537691579,True,False,1.0,1.0,671226.53567772,99159.82350595306,770386.359183673,4,0.1287144071593195
2019-11-11,14.585428,73.832283,0.04217490978692333,True,False,1.0,1.0,551903.4039600538,216784.51936929754,768687.9233293514,4,0.2820188958223222
2019-11-12,14.714371,73.983215,0.04037619448292365,True,False,1.0,1.0,573786.4243135885,196830.9096278064,770617.3339413949,4,0.2554197796474369
2019-11-13,14.705994,74.061836,0.03846530953860013,True,False,1.0,1.0,573821.2158078882,196718.8523383747,770540.0681462629,4,0.2552999648825969
2019-11-14,14.584783,73.816528,0.03871148203670356,True,False,1.0,1.0,573856.0094117674,195097.4394090082,768953.4488207756,4,0.2537181408161948
2019-11-15,14.963878,74.492661,0.03740147151955684,True,False,1.0,1.0,683874.645532946,90081.25076598208,773955.8962989281,4,0.11639067703567135
2019-11-18,14.872972,74.322823,0.03626883045035451,True,False,1.0,1.0,683916.1122178021,89534.00451189392,773450.116729696,4,0.11575924881938326
2019-11-19,14.642808,73.951759,0.03591650465644316,True,False,1.0,1.0,564663.241005109,207316.3766555954,771979.6176607044,4,0.2685516196448515
2019-11-20,14.139285,73.080704,0.033707487687610144,True,False,1.0,1.0,447704.9583663661,317055.93662125885,764760.894987625,4,0.4145817845803809
2019-11-21,13.656392,72.300842,0.032296812083075506,True,False,1.0,1.0,330776.285902496,423059.55571967247,753835.8416221684,4,0.5612091285143682
2019-11-22,13.649302,72.22538,0.02979094557815684,True,False,1.0,1.0,330796.34249633964,422839.9155504351,753636.2580467747,4,0.5610663115470639
2019-11-25,14.642162,73.958046,0.03164372091406235,True,False,1.0,1.0,622192.5393724329,161947.47105822398,784140.0104306568,4,0.20652876897491934
2019-11-26,14.444237,73.681328,0.03110163111792764,True,False,1.0,1.0,502837.8974112285,279024.21460182196,781862.1120130505,4,0.3568713847553271
2019-11-27,14.7537,74.212776,0.03127849552692333,True,False,1.0,1.0,531341.8347168599,256501.9944960617,787843.8292129216,4,0.32557466973158183
2019-11-29,14.276609,73.417183,0.03201298860605695,True,False,1.0,1.0,414270.14329681994,365187.308319769,779457.451616589,4,0.4685147438931698
2019-12-02,13.648655,72.288269,0.030487666191732415,True,False,1.0,1.0,298579.362477773,464717.9030351215,763297.2655128945,4,0.6088295137843265
2019-12-03,13.024572,71.168793,0.028290696466053287,True,False,1.0,1.0,183136.75029360547,558807.1141152667,741943.8644088722,4,0.7531662985857889
2019-12-04,13.636406,72.294556,0.030476845350196007,True,False,1.0,1.0,362241.6192037736,405795.11333195155,768036.7325357252,4,0.5283537832782965
2019-12-05,13.800162,72.656204,0.030312025396979678,True,False,1.0,1.0,403291.82444178575,369601.37975580676,772893.2041975926,4,0.4782049806473871
2019-12-06,14.441659,73.706467,0.031792735288412664,True,False,1.0,1.0,538075.4559785379,251896.31209104398,789971.7680695818,4,0.318867486500931
2019-12-09,14.197955,73.37001,0.031752114576111025,True,False,1.0,1.0,419118.0622435847,366509.4857489759,785627.5479925605,4,0.46651811877712634
2019-12-10,14.355912,73.681328,0.03169804053603571,True,False,1.0,1.0,456167.3641769993,333528.32377055683,789695.6879475561,4,0.422350443165528
2019-12-11,15.297196,75.190742,0.034780091384553416,True,False,1.0,1.0,811258.1605588141,0.0,811258.1605588141,4,0.0
2019-12-12,16.53828,77.228432,0.03869885856132597,True,False,1.0,1.0,811307.3511329939,0.0,811307.3511329939,4,0.0
2019-12-13,16.266205,76.88884,0.038902873849729534,True,False,1.0,1.0,692107.6421388176,119122.54979189216,811230.1919307098,4,0.14684185940908234
2019-12-16,16.727823,77.624748,0.038969792728465014,True,False,1.0,1.0,731561.9761483991,83053.69608169868,814615.6722300977,3,0.1019544539995533
2019-12-17,16.947672,77.975044,0.03890329800432955,True,False,1.0,1.0,815672.5332299719,0.0,815672.5332299719,4,0.0
2019-12-18,16.923176,77.934006,0.03860728428027216,True,False,1.0,1.0,781792.8373170685,33893.20378160521,815686.0410986737,4,0.041551776141655394
2019-12-19,17.320961,78.561981,0.03743276296940195,True,False,1.0,1.0,785305.9699125121,31220.88754378095,816526.8574562931,3,0.03823620406197372
2019-12-20,17.877352,79.309891,0.03616333364857258,True,False,1.0,1.0,817547.0927068073,0.0,817547.0927068073,4,0.0
2019-12-23,17.997913,79.562363,0.036052027707188974,True,False,1.0,1.0,817596.6646098889,0.0,817596.6646098889,4,0.0
2019-12-24,18.131512,79.691765,0.033528955957157595,True,False,1.0,1.0,817646.239518759,0.0,817646.239518759,3,0.0
2019-12-26,18.199909,79.783257,0.033088482298080736,True,False,1.0,1.0,817695.8174335996,0.0,817695.8174335996,4,0.0
2019-12-27,17.997269,79.625488,0.033383214505587004,True,False,1.0,1.0,684724.609345351,132879.8439493423,817604.4532946933,4,0.16252338574463188
2019-12-30,17.618423,79.025902,0.032694160451324415,True,False,1.0,1.0,552514.036998315,262194.657485035,814708.69448335,4,0.3218262665667347
2019-12-31,17.736532,79.240486,0.030009228716849547,True,False,1.0,1.0,578917.9760249662,237557.10368862905,816475.0797135953,4,0.2909545062562838
2020-01-02,18.84273,80.878311,0.028278127348258266,True,False,1.0,1.0,831044.552081417,0.0,831044.552081417,4,0.0
2020-01-03,17.824953,79.369888,0.031954588550265686,True,False,1.0,1.0,703422.3212101362,127499.6439838003,830921.9651939365,4,0.1534435835428204
2020-01-06,17.259586,78.543053,0.033547095986047944,True,False,1.0,1.0,572670.4826087195,254080.85799744388,826751.3406061634,4,0.3073243979394761
2020-01-07,18.149578,79.988403,0.03382368323829902,True,False,1.0,1.0,736590.716751032,103103.3898509297,839694.1066019618,4,0.12278684468581552
2020-01-08,18.189592,79.915802,0.03324094797329852,True,False,1.0,1.0,746918.6701961046,92997.62978978448,839916.299985889,4,0.1107224967432432
2020-01-09,18.503893,80.420753,0.03325591707427355,True,False,1.0,1.0,841434.4936656588,0.0,841434.4936656588,4,0.0
2020-01-10,18.125694,79.95369,0.03177913570471286,True,False,1.0,1.0,709117.1446467781,132190.11143703928,841307.2560838175,4,0.15712465390155803
2020-01-13,18.836267,80.887794,0.02826065048474695,True,False,1.0,1.0,846357.9811676331,0.0,846357.9811676331,4,0.0
2020-01-14,18.957607,81.064499,0.027734507289500145,True,False,1.0,1.0,846363.8922392476,0.0,846363.8922392476,4,0.0
2020-01-15,18.274141,80.206146,0.028983996110221018,True,False,1.0,1.0,716336.6261424947,129902.36668109088,846238.9928235856,4,0.153505531868314
2020-01-16,19.189941,81.474762,0.03060864146343987,True,False,1.0,1.0,852618.5313571662,0.0,852618.5313571662,4,0.0
2020-01-17,19.56233,82.08696,0.03068519919584022,True,False,1.0,1.0,852624.4861532582,0.0,852624.4861532582,4,0.0
2020-01-21,19.526182,82.039635,0.030509470619646515,True,False,1.0,1.0,852630.4409909393,0.0,852630.4409909393,4,0.0
2020-01-22,19.992161,82.591873,0.030205720006168762,True,False,1.0,1.0,852636.3958702097,0.0,852636.3958702097,4,0.0
2020-01-23,20.448448,83.216721,0.030443815490631004,True,False,1.0,1.0,852642.3507910697,0.0,852642.3507910697,4,0.0
2020-01-24,19.757238,82.333099,0.031775147358734046,True,False,1.0,1.0,722222.3202024291,130294.77986594141,852517.1000683705,4,0.15283538577172467
2020-01-27,17.465469,79.190002,0.042707482394437696,True,False,1.0,1.0,602856.75673528,234431.57438876817,837288.3311240482,4,0.27998906192093587
2020-01-28,18.715582,81.026634,0.04548949845433699,True,False,1.0,1.0,755616.2880418793,98304.14919379535,853920.4372356747,4,0.11512097018315566
2020-01-29,17.683607,79.537132,0.04710394421409725,True,False,1.0,1.0,628968.1273363979,219409.6973586946,848377.8246950925,4,0.2586226218696258
2020-01-30,17.617775,79.540276,0.04708589307334166,True,False,1.0,1.0,628972.5201296682,218592.88553990013,847565.4056695683,4,0.25790680468749655
2020-01-31,15.722278,76.70327,0.051188366764595976,True,False,1.0,1.0,587439.5604604435,236477.0498113815,823916.610271825,3,0.28701575725407874
2020-02-03,16.322483,77.56163,0.050967603456764814,True,False,1.0,1.0,611969.7507419327,220954.20033234276,832923.9510742754,4,0.265275359229812
2020-02-04,17.84495,79.985245,0.05458068805514253,True,False,1.0,1.0,725851.2001647423,127573.16238829462,853424.3625530369,4,0.1494838535036155
2020-02-05,19.013107,81.828194,0.055270679725281366,True,False,1.0,1.0,817740.2299934523,43948.997607083744,861689.2276005361,4,0.05100330397475704
2020-02-06,19.025366,81.875549,0.05527195790837754,True,False,1.0,1.0,822139.3075867353,39579.60097353385,861718.9085602692,4,0.04593098814515062
2020-02-07,17.682962,79.944229,0.057630093211440844,True,False,1.0,1.0,717874.1025561636,140952.97072082173,858827.0732769853,4,0.16412264483348696
2020-02-10,18.483889,81.064499,0.05836500331337735,True,False,1.0,1.0,732598.210761631,132603.52866909557,865201.7394307266,4,0.1532631323144868
2020-02-11,19.593304,82.702324,0.0591978700108658,True,False,1.0,1.0,847831.9362195579,25219.33113967242,873051.2673592303,4,0.028886426356100278
2020-02-12,20.454256,83.977219,0.059903582803578596,True,False,1.0,1.0,850467.9929201262,23694.74743778121,874162.7403579074,4,0.027105647888950174
2020-02-13,20.499432,84.06562,0.059145429548893916,True,False,1.0,1.0,852846.282607497,21372.372452567968,874218.6550600649,4,0.024447399204835702
2020-02-14,20.367773,83.784737,0.05830890413110106,True,False,1.0,1.0,852852.2389942326,21235.10693298027,874087.3459272129,4,0.024294033121431968
2020-02-18,19.521673,82.708633,0.059030158639509896,True,False,1.0,1.0,750497.2883660195,122610.91114009073,873108.1995061103,4,0.1404303741614703
2020-02-19,21.038334,84.794601,0.06135462712717324,True,False,1.0,1.0,882508.0075926436,0.0,882508.0075926436,4,0.0
2020-02-20,20.098003,83.563843,0.062126713596015425,True,False,1.0,1.0,785479.5113961012,96937.04500187772,882416.5563979789,4,0.10985406415941965
2020-02-21,18.293493,81.080292,0.06531584021993742,True,False,1.0,1.0,694161.3051519273,179465.32282103988,873626.6279729672,4,0.20542565562297982
2020-02-24,15.683551,77.195572,0.07309837096830493,True,False,1.0,1.0,612282.4121162407,235662.2813473565,847944.6934635972,4,0.2779217597137703
2020-02-25,14.243048,74.895042,0.07115242374855762,True,False,1.0,1.0,534629.6598835005,291596.07622934185,826225.7361128423,4,0.3529254336729072
2020-02-26,14.362447,74.996017,0.06884646711252196,True,False,1.0,1.0,564008.2465581339,264636.46483720996,828644.7113953438,4,0.31936059109288484
2020-02-27,12.335283,71.534172,0.07504686087606882,True,False,1.0,1.0,486119.04039080703,305099.57199070894,791218.612381516,4,0.3856071725516912
2020-02-28,13.230437,73.146767,0.07755742749120398,True,False,1.0,1.0,518813.9613466293,294516.1938607355,813330.1552073648,4,0.3621114893811435
2020-03-02,14.540572,75.737617,0.07747395704903118,True,False,1.0,1.0,633625.3000985378,208758.62378212,842383.9238806579,4,0.24781886009934734
2020-03-03,13.068444,73.071014,0.08008739405216536,True,False,1.0,1.0,561035.6902095646,260144.3265850884,821180.016794653,4,0.3167932989900568
2020-03-04,14.981372,76.804245,0.08382841616595771,True,False,1.0,1.0,673886.2629253827,185264.8142788124,859151.0772041951,4,0.21563706220527776
2020-03-05,13.637677,74.491104,0.08408507563515143,True,False,1.0,1.0,605827.3841872038,236643.3331433273,842470.7173305311,4,0.2808920574630296
2020-03-06,12.818034,72.862755,0.0845732384693199,True,False,1.0,1.0,535765.5834683403,292416.2928581585,828181.8763264988,4,0.3530822168618401
2020-03-09,9.570447,66.639656,0.10383798304365743,False,False,1.0,1.0,480424.35206147894,273618.77235136245,754043.1244128414,4,0.36286886451544004
2020-03-10,11.397536,71.013504,0.11252702537216748,True,False,1.0,1.0,749351.1222466107,56664.46079419293,806015.5830408037,1,0.07030194202997729
2020-03-11,9.46396,67.034096,0.11629352374094068,False,False,1.0,1.0,737747.5120460754,58648.58000055282,796396.0920466282,1,0.07364247588135955
2020-03-12,6.585531,59.684399,0.13550246090914436,False,False,1.0,1.0,737752.6645683817,40810.827782410386,778563.4923507922,1,0.05241811128233909
2020-03-13,8.384871,66.087395,0.1506935218674913,False,False,1.0,1.0,742948.7989983786,46765.27583316432,789714.0748315429,1,0.05921798448779073
2020-03-16,5.148898,56.02375,0.17985722046047117,False,False,1.0,1.0,742953.9878471334,28717.154409033614,771671.142256167,1,0.037214239118845464
2020-03-17,5.66069,60.953007,0.18349369101645166,False,False,1.0,1.0,746113.2008374726,28414.433129672652,774527.6339671452,1,0.03668614505609488
2020-03-18,4.195016,55.944855,0.1878619257327484,False,False,1.0,1.0,746118.4117868117,21057.327218043534,767175.7390048552,1,0.027447853402348364
2020-03-19,4.513192,57.383877,0.19087871784940885,False,False,1.0,1.0,748386.8176699943,20389.000820895726,768775.8184908901,1,0.02652138676905761
2020-03-20,4.12725,55.749191,0.19085655126856058,False,False,1.0,1.0,748392.0444985621,18645.45174192498,767037.4962404871,1,0.024308396699395676
2020-03-23,4.511256,57.740475,0.19324559925749407,False,False,1.0,1.0,750433.2730237148,18342.2291935605,768775.5022172753,1,0.023859018843158355
2020-03-24,6.056704,63.985672,0.20876894460565174,False,False,1.0,1.0,752898.6523988902,22163.25290185243,775061.9053007427,1,0.02859546153704013
2020-03-25,5.819581,63.151577,0.2084257790059308,False,False,1.0,1.0,752903.9107386847,21295.550432349883,774199.4611710346,1,0.027506542564804642
2020-03-26,6.983237,67.398003,0.2127615466008176,False,False,1.0,1.0,755462.0024106395,22998.33753376687,778460.3399444064,1,0.029543364451179735
2020-03-27,5.908097,64.05407,0.21359256478911323,False,False,1.0,1.0,755467.2786531961,19457.510748702276,774924.7894018984,1,0.025108902199037858
2020-03-30,6.543878,66.28334,0.21385789557369275,False,False,1.0,1.0,757625.5516983862,19396.231793566814,777021.783491953,1,0.02496227545436335
2020-03-31,6.121316,64.981888,0.21338668389309418,False,False,1.0,1.0,757630.8430514457,18143.746570102507,775774.5896215482,1,0.02338791037091548
2020-04-01,5.130818,61.425797,0.2113850051926638,False,False,1.0,1.0,757636.1344414606,15207.88364615063,772844.0180876112,1,0.0196778176323112
2020-04-02,5.600547,63.256062,0.21344781924964307,False,False,1.0,1.0,759299.7947469247,14940.15582266184,774239.9505695865,1,0.019296544710293996
2020-04-03,5.267795,62.059101,0.21344473088593896,False,False,1.0,1.0,759305.0977931102,14052.49846878152,773357.5962618917,1,0.018170764128658985
2020-04-06,6.883736,68.389153,0.21593620470885236,False,False,1.0,1.0,761144.8995771111,16526.899896360166,777671.7994734712,1,0.021251767014761024
2020-04-07,6.797155,68.145302,0.2112176134668794,False,False,1.0,1.0,761150.2155097431,16319.030867111112,777469.2463768541,1,0.0209899374710456
2020-04-08,7.478164,70.425247,0.20935822161651432,True,False,1.0,1.0,762949.1525492218,16158.635521889262,779107.7880711111,1,0.020739922985360305
2020-04-09,6.98776,68.90213,0.19310401063933016,False,False,1.0,1.0,756427.8838536722,21619.014060112317,778046.8979137845,2,0.027786260851473666
2020-04-13,7.239746,69.681107,0.18503175632719124,False,False,1.0,1.0,772735.9444888592,6079.635752649003,778815.5802415082,1,0.007806258512141896
2020-04-14,8.201169,72.89521,0.14841105841264432,True,False,1.0,1.0,779621.5009863364,0.0,779621.5009863364,1,0.0
2020-04-15,7.535668,70.726105,0.14928154095671045,True,False,1.0,1.0,770224.6312441956,9392.856195006816,779617.4874392025,1,0.012048031690334943
2020-04-16,8.090036,72.711563,0.13001859220315426,True,False,1.0,1.0,771237.3942281975,9075.464880404144,780312.8591086017,1,0.011630546356459631
2020-04-17,8.300024,73.275215,0.12967761657280721,True,False,1.0,1.0,772172.9591455252,8379.927936867078,780552.8870823923,1,0.010735887440235068
2020-04-20,7.764392,71.682411,0.12866946391450232,True,False,1.0,1.0,761276.1521236905,18730.37203445751,780006.524158148,1,0.02401309662720191
2020-04-21,6.673747,68.170654,0.13413611843719137,False,False,1.0,1.0,751188.3752217091,26182.303177260765,777370.6783989699,1,0.033680590103018035
2020-04-22,7.79153,72.296745,0.12216257858965851,True,False,1.0,1.0,766007.3808101529,15739.081600724781,781746.4624108777,1,0.020133230347069337
2020-04-23,7.593818,71.574745,0.1218815604522302,True,False,1.0,1.0,766012.7307029712,15339.69851403417,781352.4292170054,1,0.019632240126783898
2020-04-24,8.077115,73.063065,0.11591928424508317,True,False,1.0,1.0,767648.0574501618,14684.373271372158,782332.430721534,1,0.018769991751241825
2020-04-27,8.403402,74.038361,0.10852532258459964,True,False,1.0,1.0,769179.6587276375,13749.813212472005,782929.4719401095,1,0.017562007441615127
2020-04-28,8.272241,73.65522,0.10687872083787682,True,False,1.0,1.0,769185.0307760476,13535.20497990607,782720.2357559537,1,0.017292519551169807
2020-04-29,9.45916,77.151138,0.10853947153006767,True,False,1.0,1.0,784652.2989991226,0.0,784652.2989991226,1,0.0
2020-04-30,8.464784,74.427841,0.10309758214281504,True,False,1.0,1.0,772265.2975888639,12380.014956536595,784645.3125454005,1,0.01577784861337622
2020-05-01,7.178366,70.798927,0.1102401127974687,False,False,1.0,1.0,759924.3545002402,22832.504391811548,782756.8588920517,1,0.029169344391475116
2020-05-04,7.379953,71.387939,0.10889797503913942,True,False,1.0,1.0,762274.7009067588,21126.32991344779,783401.0308202066,1,0.02696745227834192
2020-05-05,7.754056,72.588074,0.092096620458406,True,False,1.0,1.0,764497.5466226452,19977.535182272077,784475.0818049173,1,0.02546611823068725
2020-05-06,8.022841,73.477867,0.09219241091192006,True,False,1.0,1.0,777722.5170678373,7437.2608049966275,785159.7778728339,1,0.009472289608550455
2020-05-07,8.258028,74.139702,0.09005537147020207,True,False,1.0,1.0,778492.7167647011,6889.753539160033,785382.4703038611,1,0.008772481943089992
2020-05-08,8.979742,76.327827,0.08998701083199001,True,False,1.0,1.0,779246.5985541341,6742.697930149861,785989.296484284,1,0.008578612915353718
2020-05-11,8.955186,76.25499,0.08988075487879556,True,False,1.0,1.0,762903.1622056841,23056.691441954164,785959.8536476382,2,0.02933571140427606
2020-05-12,8.195998,74.231537,0.08827386984482465,True,False,1.0,1.0,732309.4184295392,51670.319246163315,783979.7376757025,2,0.06590772281864385
2020-05-13,7.754702,72.800224,0.08703095689387659,True,False,1.0,1.0,700118.4033518662,81051.9823281645,781170.3856800307,2,0.10375711088638681
2020-05-14,8.374328,74.747673,0.08728809484872371,True,False,1.0,1.0,708867.4313332051,78775.47023207697,787642.901565282,3,0.1000141943455931
2020-05-15,7.849681,73.202393,0.08831708165655172,True,False,1.0,1.0,660879.3645258938,121784.96845881935,782664.3329847131,3,0.15560306420811185
2020-05-18,8.94808,76.565315,0.09178035595036411,True,False,1.0,1.0,790936.0353872061,8644.904398272649,799580.9397854788,3,0.010811793988726155
2020-05-19,8.840824,76.31517,0.0840850456022097,True,False,1.0,1.0,775412.0231219871,24055.196296711732,799467.2194186988,4,0.030089033937129434
2020-05-20,9.846183,79.127098,0.08051483638146086,True,False,1.0,1.0,802181.5350676366,0.0,802181.5350676366,4,0.0
2020-05-21,9.081182,77.135315,0.0827774987012377,True,False,1.0,1.0,733841.78505188,68276.59862554894,802118.383677429,4,0.08512035132834743
2020-05-22,9.212989,77.477287,0.08186155163302192,True,False,1.0,1.0,740766.7904326821,62340.82709554085,803107.617528223,4,0.07762449979918172
2020-05-26,9.498573,78.291115,0.08169386035440508,True,False,1.0,1.0,747192.9082074482,57845.939829368675,805038.8480368169,4,0.07185484274508352
2020-05-27,9.904333,79.497581,0.08189703464497346,True,False,1.0,1.0,807455.2329702987,0.0,807455.2329702987,4,0.0
2020-05-28,9.254341,77.762314,0.07802270234227274,True,False,1.0,1.0,739365.3977311138,68026.97205289296,807392.3697840068,4,0.08425515845671355
2020-05-29,9.957316,79.754059,0.07518144807725301,True,False,1.0,1.0,746682.734481042,65874.97170554247,812557.7061865844,4,0.0810711303381767
2020-06-01,9.833909,79.323448,0.06355266824795634,True,False,1.0,1.0,746687.9494080765,65058.54360049228,811746.4930085688,4,0.08014638087239082
2020-06-02,10.467101,81.036552,0.06436494135808986,True,False,1.0,1.0,815871.9745158787,0.0,815871.9745158787,4,0.0
2020-06-03,11.384589,83.376694,0.06571901149480974,True,False,1.0,1.0,815877.6726693515,0.0,815877.6726693515,4,0.0
2020-06-04,11.684387,84.13665,0.06564753650942402,True,False,1.0,1.0,815883.3708626209,0.0,815883.3708626209,4,0.0
2020-06-05,12.535325,86.198143,0.06662815634973741,True,False,1.0,1.0,815889.0690956872,0.0,815889.0690956872,4,0.0
2020-06-08,12.459083,86.020805,0.06517656328174444,True,False,1.0,1.0,815894.7673685508,0.0,815894.7673685508,4,0.0
2020-06-09,12.480402,86.087303,0.06511547478982052,True,False,1.0,1.0,815900.4656812117,0.0,815900.4656812117,4,0.0
2020-06-10,12.595416,86.391281,0.060294988556049894,True,False,1.0,1.0,815906.1640336703,0.0,815906.1640336703,4,0.0
2020-06-11,10.191855,80.903564,0.0782518589183812,True,False,1.0,1.0,736253.0067506118,79578.72061102623,815831.7273616381,4,0.09754305691000781
2020-06-12,10.614417,82.005539,0.07712250356286665,True,False,1.0,1.0,744537.7302913946,74590.30298240452,819128.0332737991,4,0.09106061562108961
2020-06-15,11.080269,83.110878,0.0752321448878248,True,False,1.0,1.0,822329.5771807582,0.0,822329.5771807582,4,0.0
2020-06-16,11.667588,84.732521,0.07088633140957912,True,False,1.0,1.0,822335.3204349481,0.0,822335.3204349481,4,0.0
2020-06-17,11.990648,85.392639,0.07069236200944055,True,False,1.0,1.0,822341.0637292495,0.0,822341.0637292495,4,0.0
2020-06-18,11.935081,85.233955,0.06734238650156604,True,False,1.0,1.0,822346.8070636628,0.0,822346.8070636628,4,0.0
2020-06-19,11.694726,84.821396,0.06435486017131002,True,False,1.0,1.0,735829.5481038502,86435.96208883442,822265.5101926846,4,0.10511928448583421
2020-06-22,12.007445,85.446579,0.06442783693178812,True,False,1.0,1.0,744700.6018931163,79872.5472254235,824573.1491185398,4,0.09686532639439745
2020-06-23,12.11243,85.751228,0.06430442713632763,True,False,1.0,1.0,752754.8919926558,72513.80901354726,825268.7010062031,4,0.08786690798419389
2020-06-24,11.298556,83.869339,0.06638876825599328,True,False,1.0,1.0,666567.6571839137,153747.15212978155,820314.8093136953,4,0.18742457210837377
2020-06-25,11.576529,84.469154,0.06410763727958742,True,False,1.0,1.0,682309.6415353827,141776.7481763196,824086.3897117024,4,0.17204112329281238
2020-06-26,10.88354,82.885559,0.06433737674959275,True,False,1.0,1.0,595182.268430704,220334.25732249857,815516.5257532026,4,0.2701775505027322
2020-06-29,11.25783,83.790016,0.0645289161379267,True,False,1.0,1.0,617954.9585967744,205120.48937217577,823075.4479689501,4,0.24921225615262646
2020-06-30,12.16673,85.960678,0.06530586593109099,True,False,1.0,1.0,802625.178375886,36831.41194565882,839456.5903215449,4,0.04387530263065889
2020-07-01,11.657981,84.859459,0.0636192182445271,True,False,1.0,1.0,715428.921805342,122405.45401967608,837834.375825018,4,0.146097435903299
2020-07-02,12.091743,85.897224,0.06387861561298074,True,False,1.0,1.0,728117.2941010345,114263.84745555992,842381.1415565944,4,0.13564388115861356
2020-07-06,13.061411,88.166283,0.06428230172689493,True,False,1.0,1.0,851426.7731150853,0.0,851426.7731150853,4,0.0
2020-07-07,12.578516,87.125351,0.06487801516877269,True,False,1.0,1.0,760741.8843539688,90599.60223969216,851341.4865936609,4,0.10641981351360444
2020-07-08,13.098904,88.305908,0.06549487028774331,True,False,1.0,1.0,770172.6099517604,84913.03290136303,855085.6428531234,4,0.0993035418277376
2020-07-09,13.61994,89.476913,0.06599462764549124,True,False,1.0,1.0,858380.9387436647,0.0,858380.9387436647,4,0.0
2020-07-10,13.484186,89.175438,0.04255219478009993,True,False,1.0,1.0,858386.9337851416,0.0,858386.9337851416,4,0.0
2020-07-13,12.811234,87.709274,0.04443946528971198,True,False,1.0,1.0,730735.084836832,127529.4230362539,858264.5078730859,4,0.1485898832660479
2020-07-14,13.490001,89.159554,0.04482472895416651,True,False,1.0,1.0,864893.0479382594,0.0,864893.0479382594,4,0.0
2020-07-15,13.354897,89.004059,0.04390994953633977,True,False,1.0,1.0,864899.0884611339,0.0,864899.0884611339,4,0.0
2020-07-16,13.191991,88.67083,0.04382656376909329,True,False,1.0,1.0,732135.5489522099,132636.01678407157,864771.5657362815,4,0.15337694026877835
2020-07-17,13.436348,89.118309,0.043868117617562825,True,False,1.0,1.0,745636.5323834398,121583.56619256063,867220.0985760004,4,0.1401992024772076
2020-07-20,14.264443,90.879616,0.044988831206727455,True,False,1.0,1.0,874590.4415743698,0.0,874590.4415743698,4,0.0
2020-07-21,13.96255,90.416283,0.045336189310895274,True,False,1.0,1.0,742996.0308780065,131468.13170704292,874464.1625850494,4,0.15034136026615783
2020-07-22,14.129982,90.7146,0.04534622696399732,True,False,1.0,1.0,756292.471678262,119740.16931969668,876032.6409979587,4,0.13668459794293863
2020-07-23,13.471902,89.327766,0.04361611668659114,True,False,1.0,1.0,629080.7265814213,241252.52316176318,870333.2497431845,4,0.27719557219369856
2020-07-24,12.829985,87.925095,0.045280922231320124,True,False,1.0,1.0,501089.8000810766,357623.7426063604,858713.542687437,4,0.4164645423980833
2020-07-27,14.045298,90.663803,0.046233687268396564,True,False,1.0,1.0,680044.012108373,212370.85619442473,892414.8683027977,4,0.23797323838666368
2020-07-28,13.21462,88.912056,0.048750089804793874,True,False,1.0,1.0,556891.3655657305,322844.15532225685,879735.5208879873,4,0.36697865171612537
2020-07-29,14.070511,90.743164,0.04773425740199773,True,False,1.0,1.0,722108.656360473,178376.65901864867,900485.3153791217,4,0.1980894701692594
2020-07-30,14.894079,92.529823,0.04743964592677807,True,False,1.0,1.0,910743.5107366148,0.0,910743.5107366148,4,0.0
2020-07-31,14.642612,92.155365,0.04750838593165837,True,False,1.0,1.0,785293.2188847385,125330.44595517678,910623.6648399152,4,0.13763143963232
2020-08-03,15.514019,93.827797,0.04624109215786706,True,False,1.0,1.0,917955.9170293304,0.0,917955.9170293304,4,0.0
2020-08-04,16.180506,95.205093,0.04547219531399183,True,False,1.0,1.0,917962.3281500207,0.0,917962.3281500207,4,0.0
2020-08-05,16.148825,95.106728,0.045088830639752935,True,False,1.0,1.0,880153.5472755515,37777.150784892125,917930.6980604436,4,0.04115468723806052
2020-08-06,16.09,95.055923,0.04467470824421747,True,False,1.0,1.0,880159.6943796912,37639.54071760108,917799.2350972922,4,0.04101064729435197
2020-08-07,15.54311,93.999176,0.04553508596218392,True,False,1.0,1.0,744922.6878975974,171467.29599478023,916389.9838923777,4,0.18711170899803029
2020-08-10,15.552809,93.996002,0.04347066518881441,True,False,1.0,1.0,790675.5267100944,125781.18290102789,916456.7096111223,3,0.13724727156441496
2020-08-11,15.037592,93.015373,0.04332518761300158,True,False,1.0,1.0,650248.8082052959,261905.40588836587,912154.2140936619,4,0.2871284283311691
2020-08-12,16.552216,96.020683,0.047605269259973076,True,False,1.0,1.0,914608.4865747076,23667.266986670817,938275.7535613783,4,0.025224212494927907
2020-08-13,16.010494,95.06546,0.04836502589550243,True,False,1.0,1.0,810954.3725385849,126448.9047192907,937403.2772578755,3,0.1348927487102279
2020-08-14,15.954249,95.008331,0.048405893156912676,True,False,1.0,1.0,774822.1756482326,162106.1954563523,936928.3711045849,4,0.1730187711844379
2020-08-17,16.558035,96.077797,0.047398681012810785,True,False,1.0,1.0,791634.9882289573,151416.97063113467,943051.958860092,4,0.16056058121565112
2020-08-18,16.284582,95.570053,0.0472585385592264,True,False,1.0,1.0,648958.6012945833,291454.7272508028,940413.3285453861,4,0.3099219443238002
2020-08-19,15.96847,95.02739,0.04763427242706021,True,False,1.0,1.0,506285.05553389963,428331.63229651336,934616.687830413,4,0.45829658069858314
2020-08-20,15.552809,94.183235,0.04659399947717027,True,False,1.0,1.0,365677.7698148159,557651.4838839631,923329.253698779,4,0.6039573441977044
2020-08-21,15.895425,94.821091,0.04476652442494332,True,False,1.0,1.0,422617.33800746995,512942.4918929191,935559.8299003891,4,0.5482733177497938
2020-08-24,16.335012,95.80806,0.04090097362808231,True,False,1.0,1.0,607929.5209095542,341634.4544289618,949563.9753385161,4,0.3597803447705252
2020-08-25,16.861208,96.737915,0.037867231707078675,True,False,1.0,1.0,880522.0470734204,79780.21109286851,960302.2581662888,4,0.08307822918714154
2020-08-26,17.051268,97.048897,0.03594959820770481,True,False,1.0,1.0,961127.575992789,0.0,961127.575992789,4,0.0
2020-08-27,16.386723,95.944519,0.03575475872193242,True,False,1.0,1.0,814702.9792466474,146284.0026927709,960986.9819394184,4,0.15222266840446422
2020-08-28,17.315018,97.715332,0.03705399878488018,True,False,1.0,1.0,969126.0534847454,0.0,969126.0534847454,4,0.0
2020-08-31,17.266531,97.496384,0.03523265580348182,True,False,1.0,1.0,969132.8219841665,0.0,969132.8219841665,4,0.0
2020-09-01,18.238783,99.43222,0.03603568315955439,True,False,1.0,1.0,969139.5905308597,0.0,969139.5905308597,4,0.0
2020-09-02,19.874931,102.313751,0.04013865881354772,True,False,1.0,1.0,969146.3591248252,0.0,969146.3591248252,4,0.0
2020-09-03,16.483036,96.607788,0.05971004838233068,True,False,1.0,1.0,842653.6977449286,126372.17436485758,969025.8721097863,4,0.13041155866119145
2020-09-04,16.026003,95.604942,0.05952341470229937,True,False,1.0,1.0,730338.4025554803,235076.38056105765,965414.7831165378,4,0.24349780495611173
2020-09-08,13.744056,91.13665,0.06889912003846681,True,False,1.0,1.0,630962.5021098156,300884.8158213043,931847.3179311198,4,0.3228906818010985
2020-09-09,14.880505,93.618355,0.07113003541221835,True,False,1.0,1.0,770894.4494396158,185697.32255002667,956591.7719896425,4,0.19412389693023338
2020-09-10,14.262505,92.348953,0.06790743432392797,True,False,1.0,1.0,677680.310817329,271110.90101358056,948791.2118309096,4,0.2857434782626307
2020-09-11,14.212728,92.323563,0.06763717578338689,True,False,1.0,1.0,677685.0438226743,270164.70766817924,947849.7514908535,4,0.2850290430980677
2020-09-14,15.111285,94.170532,0.0692929449155063,True,False,1.0,1.0,706385.7586814353,258520.5532016083,964906.3118830435,4,0.26792295792645165
2020-09-15,15.888307,95.795372,0.06974584140961047,True,False,1.0,1.0,826819.4989067197,151265.1611803187,978084.6600870384,4,0.15465446638009622
2020-09-16,15.409944,94.89727,0.06996813346505792,True,False,1.0,1.0,730656.6664041233,242782.75375186696,973439.4201559903,4,0.2494071523351313
2020-09-17,15.339481,94.849655,0.06985836548788507,True,False,1.0,1.0,730661.7694030632,241672.6133660474,972334.3827691106,4,0.24854887130267683
2020-09-18,14.624512,93.364471,0.07041142817824607,True,False,1.0,1.0,636283.9856215222,324696.25887501996,960980.2444965421,4,0.33788026417247363
2020-09-21,14.554049,93.196274,0.07016779873734175,True,False,1.0,1.0,636288.4295096757,323131.8256488644,959420.2551585401,4,0.33679904495602736
2020-09-22,15.081549,94.157845,0.0703899627811358,True,False,1.0,1.0,669743.9710267213,301359.1348898527,971103.105916574,4,0.310326610072383
2020-09-23,13.958675,91.985382,0.07169215202034238,True,False,1.0,1.0,578802.0876749477,369776.96538794565,948579.0530628933,4,0.38982198077636493
2020-09-24,14.366582,92.762512,0.07206592265947802,True,False,1.0,1.0,616826.6136327393,342524.48641875933,959351.1000514986,4,0.35703767515393725
2020-09-25,14.98652,94.036491,0.07252930563408634,True,False,1.0,1.0,740229.4052781768,233783.7515573266,974013.1568355034,4,0.2400211433661458
2020-09-28,16.210241,96.625885,0.07371915159805446,True,False,1.0,1.0,838855.2849543113,154154.5726736832,993009.8576279945,4,0.15523972042121784
2020-09-29,16.345348,96.852005,0.07376485690592474,True,False,1.0,1.0,854389.6481461192,139895.46006924746,994285.1082153667,4,0.14069954273009735
2020-09-30,16.367327,97.017639,0.07252912654931033,True,False,1.0,1.0,898010.6906084035,96425.1433349044,994435.8339433079,3,0.09696467086523104
2020-10-01,17.383537,99.094231,0.07103972669371646,True,False,1.0,1.0,978243.9932839004,22105.18322116256,1000349.176505063,4,0.02209746730475834
2020-10-02,15.83401,96.122665,0.0608719580184322,True,False,1.0,1.0,886479.7061207893,111813.5795529601,998293.2856737494,4,0.11200473964672314
2020-10-05,17.379663,99.126083,0.06408830815331971,True,False,1.0,1.0,996653.2434504528,12451.52243177679,1009104.7658822295,4,0.012339177112983707
2020-10-06,17.082937,98.654701,0.05266809537912523,True,False,1.0,1.0,886564.120691711,122224.26469286134,1008788.3853845723,4,0.12115946858990329
2020-10-07,18.113373,100.543404,0.051429934619341956,True,False,1.0,1.0,1016038.4039735325,0.0,1016038.4039735325,4,0.0
2020-10-08,18.742361,101.788727,0.0501700475598073,True,False,1.0,1.0,1016045.5001147665,0.0,1016045.5001147665,4,0.0
2020-10-09,19.725605,103.578674,0.05067152009877615,True,False,1.0,1.0,1016052.5963055609,0.0,1016052.5963055609,4,0.0
2020-10-12,20.582148,105.11705,0.049963968978253274,True,False,1.0,1.0,1016059.692545916,0.0,1016059.692545916,4,0.0
2020-10-13,20.557579,104.929131,0.04940340596553635,True,False,1.0,1.0,1016066.7888358322,0.0,1016066.7888358322,4,0.0
2020-10-14,20.231773,104.505524,0.04883226432417252,True,False,1.0,1.0,873606.1276537337,142324.43807753816,1015930.5657312719,4,0.14009268239221873
2020-10-15,20.072102,104.22525,0.04890343154060105,True,False,1.0,1.0,873612.2290298633,141201.20061573593,1014813.4296455992,4,0.13914005913879882
2020-10-16,19.785728,103.728401,0.047247888385339554,True,False,1.0,1.0,729480.8293869653,283179.147548731,1012659.9769356963,4,0.27963892520530886
2020-10-19,19.467028,103.206062,0.047569121366061506,True,False,1.0,1.0,580638.6845585732,427315.32214113895,1007954.0066997121,4,0.42394327449550384
2020-10-20,19.40497,103.037247,0.04745600102052691,True,False,1.0,1.0,580642.739812878,425953.1042277813,1006595.8440406593,4,0.42316199371331387
2020-10-21,18.995125,102.346092,0.04334059733002122,True,False,1.0,1.0,433199.3801073808,564255.79663801,997455.1767453908,4,0.5656953914251339
2020-10-22,19.06171,102.387527,0.04329817093793416,True,False,1.0,1.0,489769.54969614075,509610.35135064647,999379.9010467872,4,0.5099265562744076
2020-10-23,18.782446,102.027596,0.04322674002991876,True,False,1.0,1.0,333415.50955727923,658344.4623028277,991759.971860107,4,0.6638143109043432
2020-10-26,17.582642,99.81723,0.043478527483109784,True,False,1.0,1.0,184874.7935797275,764683.685313863,949558.4788935905,4,0.8053044676141058
2020-10-27,17.400995,99.425476,0.04358332017808856,True,False,1.0,1.0,184876.08476876203,756783.7066083757,941659.7913771376,4,0.8036699809616077
2020-10-28,15.669167,96.170441,0.049831019811607924,True,False,1.0,1.0,49717.79309087684,816488.6856392603,866206.4787301372,4,0.9426028385705872
2020-10-29,16.916803,98.610138,0.051030689407043354,True,False,1.0,1.0,283410.5818776013,647575.7467973216,930986.3286749229,4,0.6955802967794588
2020-10-30,16.093233,97.294724,0.04772534981879389,True,False,1.0,1.0,332492.65089826233,566718.8982905826,899211.5491888449,3,0.6302397904050552
2020-11-02,16.352459,97.641891,0.04272571911969282,True,False,1.0,1.0,390022.53735771985,518262.7253293187,908285.2626870386,4,0.5705946651563065
2020-11-03,17.325357,99.482803,0.04466446263230331,True,False,1.0,1.0,542393.8423201444,396576.99715942866,938970.8394795731,4,0.42235283619588493
2020-11-04,19.141216,102.960823,0.048267431292528445,True,False,1.0,1.0,770457.6375750842,209855.26415090903,980312.9017259933,3,0.2140696748777112
2020-11-05,21.665583,107.585388,0.05503509524398776,True,False,1.0,1.0,1007758.3779106799,0.0,1007758.3779106799,4,0.0
2020-11-06,22.780064,109.340317,0.05499477942888702,True,False,1.0,1.0,1007765.4162231605,0.0,1007765.4162231605,4,0.0
2020-11-09,21.909943,108.066322,0.05525774005328489,True,False,1.0,1.0,912980.1363217599,94696.95926680675,1007677.0955885666,3,0.09397550036750206
2020-11-10,19.939579,104.824043,0.05940156516785454,True,False,1.0,1.0,791754.9230615885,207290.4828108148,999045.4058724034,4,0.2074885501623433
2020-11-11,22.11228,108.60141,0.0637163958227987,True,False,1.0,1.0,945450.8852923966,76034.52965439297,1021485.4149467896,4,0.07443525726537535
2020-11-12,21.25639,107.260544,0.06442539417844181,True,False,1.0,1.0,833763.2515186203,184673.37054279321,1018436.6220614135,4,0.18133025319631238
2020-11-13,22.045048,108.57592,0.06471086295467848,True,False,1.0,1.0,852902.5709050968,172372.63647044,1025275.2073755368,4,0.16812328556317419
2020-11-16,23.670856,111.276787,0.06610800872741106,True,False,1.0,1.0,1037809.7407178794,0.0,1037809.7407178794,4,0.0
2020-11-17,23.094227,110.359512,0.06650280695388491,True,False,1.0,1.0,928490.0508455056,109216.95756194089,1037707.0084074464,4,0.1052483568840443
2020-11-18,22.604223,109.537804,0.06650516675897133,True,False,1.0,1.0,819457.9825007417,215828.4988187381,1035286.4813194799,4,0.20847224677720427
2020-11-19,23.653402,111.155754,0.06699017804271008,True,False,1.0,1.0,842025.9003221453,203261.59501499007,1045287.4953371354,4,0.19445520578951567
2020-11-20,23.269413,110.636612,0.0670234197541343,True,False,1.0,1.0,842031.781137957,199961.84910071478,1041993.6302386718,4,0.19190313961411926
2020-11-23,24.322474,112.213181,0.06488130363237062,True,False,1.0,1.0,968301.412061759,82621.89701479705,1050923.309076556,4,0.07861838851723323
2020-11-24,24.715509,112.824707,0.06457928135319586,True,False,1.0,1.0,1052181.815478606,0.0,1052181.815478606,4,0.0
2020-11-25,24.451117,112.576279,0.05831911663813925,True,False,1.0,1.0,1052189.1640500156,0.0,1052189.1640500156,4,0.0
2020-11-27,25.292784,113.917137,0.05698977232126756,True,False,1.0,1.0,1052196.5126727486,0.0,1052196.5126727486,4,0.0
2020-11-30,26.243708,115.23571,0.05463344360970038,True,False,1.0,1.0,1052203.8613468055,0.0,1052203.8613468055,4,0.0
2020-12-01,27.636147,117.137146,0.054924963398408785,True,False,1.0,1.0,1052211.2100721863,0.0,1052211.2100721863,4,0.0
2020-12-02,27.846241,117.481133,0.05455309812602348,True,False,1.0,1.0,1052218.5588488916,0.0,1052218.5588488916,4,0.0
2020-12-03,27.88826,117.633995,0.05170195720620667,True,False,1.0,1.0,1052225.9076769217,0.0,1052225.9076769217,4,0.0
2020-12-04,30.209642,120.84127,0.047788910522750874,True,False,1.0,1.0,1052233.256556277,0.0,1052233.256556277,4,0.0
2020-12-07,30.604618,121.452789,0.047134221968247646,True,False,1.0,1.0,1052240.6054869576,0.0,1052240.6054869576,4,0.0
2020-12-08,30.990545,121.844521,0.04542139147498703,True,False,1.0,1.0,1052247.9544689641,0.0,1052247.9544689641,4,0.0
2020-12-09,28.340126,118.411125,0.04480557381490487,True,False,1.0,1.0,903892.2477731345,148213.80574423395,1052106.0535173684,4,0.14087344640659574
2020-12-10,28.285177,118.245529,0.040130896772281495,True,False,1.0,1.0,903898.5606713729,147926.43227201156,1051824.9929433845,4,0.14063787537322175
2020-12-11,27.309048,117.095764,0.03984587493830318,True,False,1.0,1.0,746010.1397086565,300557.3469130156,1046567.486621672,4,0.2871839138469866
2020-12-14,28.337538,118.40329,0.03986306578913426,True,False,1.0,1.0,777172.0479263522,280689.0124984981,1057861.0604248503,4,0.26533636882878536
2020-12-15,29.519245,120.053253,0.03805332309012043,True,False,1.0,1.0,1069281.179783605,0.0,1069281.179783605,4,0.0
2020-12-16,29.453949,120.123482,0.03726781892665181,True,False,1.0,1.0,1069288.6477791464,0.0,1069288.6477791464,4,0.0
2020-12-17,29.611681,120.343681,0.03646920813610862,True,False,1.0,1.0,1069296.1158268452,0.0,1069296.1158268452,4,0.0
2020-12-18,29.225107,119.628815,0.036123392748274016,True,False,1.0,1.0,908049.1489316815,161092.21656487024,1069141.3654965519,4,0.15067438391559435
2020-12-21,28.649775,119.095833,0.03626964952030511,True,False,1.0,1.0,747898.6501484682,317916.64555993176,1065815.2957084,4,0.29828493439721815
2020-12-22,28.543802,118.920311,0.03549028995071651,True,False,1.0,1.0,747903.873567612,316740.69982632913,1064644.5733939412,4,0.29750839645629634
2020-12-23,27.950951,118.026718,0.03601106058572778,True,False,1.0,1.0,587954.4741806977,469955.7492929737,1057910.2234736714,4,0.4442302748052323
2020-12-24,28.757803,119.079887,0.03610950707531504,True,False,1.0,1.0,636262.7482744678,435169.64310789475,1071432.3913823625,4,0.4061568855002029
2020-12-28,28.594238,118.949013,0.035706840505791565,True,False,1.0,1.0,747009.0334032724,321842.6202914439,1068851.6536947163,3,0.3011106538301414
2020-12-29,28.374422,118.642639,0.035071295777987725,True,False,1.0,1.0,702776.5672795564,363561.66115115804,1066338.2284307145,4,0.3409440376963664
2020-12-30,29.84137,120.630928,0.034979783501552356,True,False,1.0,1.0,1008309.5991738029,76525.85420210927,1084835.4533759123,4,0.07054143922377128
2020-12-31,30.158812,121.013878,0.0350031466483858,True,False,1.0,1.0,1016042.9522391013,69605.91839512532,1085648.8706342266,4,0.064114577261488
2021-01-04,29.742453,120.506447,0.03522949821266593,True,False,1.0,1.0,851883.9748734462,232639.9527617089,1084523.9276351552,4,0.21450882441016217
2021-01-05,31.465425,122.970253,0.032834406696877545,True,False,1.0,1.0,1097754.5784393817,0.0,1097754.5784393817,4,0.0
2021-01-06,31.233969,122.57135,0.03279270210386438,True,False,1.0,1.0,1097754.5784393817,0.0,1097754.5784393817,4,0.0
2021-01-07,34.676041,127.195793,0.0401270469120271,True,False,1.0,1.0,1097754.5784393817,0.0,1097754.5784393817,4,0.0
2021-01-08,34.705132,127.262787,0.03338762491004585,True,False,1.0,1.0,1097754.5784393817,0.0,1097754.5784393817,4,0.0
2021-01-11,35.969086,128.552124,0.033733172289040075,True,False,1.0,1.0,1097754.5784393817,0.0,1097754.5784393817,4,0.0
2021-01-12,36.675724,129.330856,0.03187577554509446,True,False,1.0,1.0,1097754.5784393817,0.0,1097754.5784393817,4,0.0
2021-01-13,36.773342,129.541534,0.03153822846468983,True,False,1.0,1.0,1097754.5784393817,0.0,1097754.5784393817,4,0.0
2021-01-14,39.166107,132.286179,0.0329278209973096,True,False,1.0,1.0,1097754.5784393817,0.0,1097754.5784393817,4,0.0
2021-01-15,36.680897,129.595764,0.03733469991489859,True,False,1.0,1.0,941941.353962235,155657.5669102365,1097598.9208724715,4,0.14181643581291578
2021-01-19,40.407436,134.041458,0.0419231472674605,True,False,1.0,1.0,1113241.239285875,0.0,1113241.239285875,4,0.0
2021-01-20,40.070599,133.562729,0.041764657043406525,True,False,1.0,1.0,1113241.239285875,0.0,1113241.239285875,4,0.0
2021-01-21,41.85434,135.493591,0.041320091621666985,True,False,1.0,1.0,1113241.239285875,0.0,1113241.239285875,4,0.0
2021-01-22,39.557247,133.195724,0.044409691677516266,True,False,1.0,1.0,955668.9104117636,157414.91396015155,1113083.824371915,4,0.1414223354193264
2021-01-25,39.727291,133.387192,0.043645266657415464,True,False,1.0,1.0,971462.260304238,142282.43146373186,1113744.6917679699,4,0.12775138908888647
2021-01-26,37.875015,131.2202,0.04591300306179581,True,False,1.0,1.0,812419.5594703913,294532.3621422782,1106951.9216126695,4,0.26607511707752124
2021-01-27,32.14233,124.409615,0.060724523258993066,True,False,1.0,1.0,673584.2896749508,388649.1179184148,1062233.4075933655,4,0.3658792080348446
2021-01-28,34.072193,127.138313,0.061734524100518426,True,False,1.0,1.0,714741.4977156903,370785.6580246792,1085527.1557403696,4,0.3415719782447908
2021-01-29,32.391232,124.920212,0.06231029524140418,True,False,1.0,1.0,705047.8186669245,362016.7575174867,1067064.576184411,3,0.33926415101509527
2021-02-01,36.21928,129.854233,0.06680460434397893,True,False,1.0,1.0,954206.4934591302,155392.39847795814,1109598.8919370882,4,0.14004375780033543
2021-02-02,37.867905,131.960571,0.06702006084159014,True,False,1.0,1.0,970436.8000767719,146218.97853731265,1116655.7786140845,4,0.13094364560472654
2021-02-03,35.525562,129.279816,0.06822107296456029,True,False,1.0,1.0,930864.4193334115,176619.4654806508,1107483.8848140624,3,0.15947813589206652
2021-02-04,36.403542,130.339355,0.0682615900380093,True,False,1.0,1.0,948944.7654107312,162886.0006965739,1111830.7661073052,4,0.146502512488356
2021-02-05,35.612846,129.448929,0.06457295256221668,True,False,1.0,1.0,833130.6794696591,275046.45479277166,1108177.1342624307,4,0.24819719365156753
2021-02-08,38.920429,133.332916,0.06746897494100787,True,False,1.0,1.0,1096901.2182653684,36557.12928405376,1133458.3475494222,3,0.0322527328534759
2021-02-09,38.424553,132.94043,0.06720468789932324,True,False,1.0,1.0,1065771.991598059,67189.49206672599,1132961.483664785,4,0.05930430384039929
2021-02-10,38.787903,133.202103,0.06711509652794924,True,False,1.0,1.0,1072547.6940022027,61042.364001296075,1133590.0580034987,4,0.05384871150758423
2021-02-11,42.829937,137.813736,0.07048637717744545,True,False,1.0,1.0,1139883.7952578461,0.0,1139883.7952578461,4,0.0
2021-02-12,44.388691,139.518005,0.06961591066467554,True,False,1.0,1.0,1139883.7952578461,0.0,1139883.7952578461,4,0.0
2021-02-16,45.174217,140.220154,0.0675534412646666,True,False,1.0,1.0,1139883.7952578461,0.0,1139883.7952578461,4,0.0
2021-02-17,42.680588,137.81694,0.06592943221076132,True,False,1.0,1.0,1023018.0365773846,116749.0096707908,1139767.0462481754,4,0.10243234356976627
2021-02-18,41.395306,136.399948,0.0663122006374553,True,False,1.0,1.0,900144.8328206603,235983.68665342408,1136128.5194740845,4,0.2077086197630716
2021-02-19,44.414551,139.687164,0.06746725273366008,True,False,1.0,1.0,1057010.860092072,96172.5532096553,1153183.4133017273,4,0.0833974475355136
2021-02-22,39.573418,134.625488,0.07137526975313509,True,False,1.0,1.0,946661.2137298782,195929.26675575602,1142590.4804856342,4,0.17147811932800314
2021-02-23,38.770447,133.613846,0.0715123346644368,True,False,1.0,1.0,831854.700999243,306645.55238934903,1138500.253388592,4,0.26934166371650775
2021-02-24,42.423271,137.947815,0.07340592903351828,True,False,1.0,1.0,1108807.07070764,58307.08846785911,1167114.159175499,4,0.049958342129145114
2021-02-25,35.124069,130.090424,0.07655216481995951,True,False,1.0,1.0,1014420.1546287588,142567.5949571327,1156987.7495858916,4,0.12322308080458105
2021-02-26,37.540764,133.055237,0.07687854335558675,True,False,1.0,1.0,1029642.6060477472,137139.20197286876,1166781.808020616,4,0.11753628744479502
2021-03-01,41.271828,137.296722,0.07821996371765501,True,False,1.0,1.0,1144321.6965620774,35975.171763300335,1180296.8683253778,4,0.03047976549691471
2021-03-02,37.384953,133.179794,0.07828416943565404,True,False,1.0,1.0,1047293.1149290733,129518.77225775812,1176811.8871868313,4,0.1100590278429059
2021-03-03,33.951942,129.104279,0.080521601172803,True,False,1.0,1.0,950091.0607827308,214730.18316779163,1164821.2439505225,4,0.18434603960306256
2021-03-04,29.073956,122.890472,0.0863769048529717,True,False,1.0,1.0,860933.8735139762,272947.31808592257,1133881.1915998987,4,0.24071950404327258
2021-03-05,31.760233,126.576599,0.08886693212249094,True,False,1.0,1.0,987920.911250349,171052.0288383664,1158972.9400887154,4,0.14758932061457183
2021-03-08,26.688301,119.74688,0.09641176940869987,True,False,1.0,1.0,908478.4570868195,223099.06531102784,1131577.5223978474,4,0.19715756180652483
2021-03-09,31.469307,127.186172,0.10202673251812165,True,False,1.0,1.0,1028245.5114385182,143178.62356577488,1171424.1350042932,4,0.12222611715717309
2021-03-10,29.791586,124.786179,0.1025046794648666,True,False,1.0,1.0,950026.5816279746,213686.14047528632,1163712.722103261,4,0.1836244774303714
2021-03-11,33.428257,130.039383,0.10636231113805304,True,False,1.0,1.0,1061571.4813795052,128114.33810328739,1189685.8194827926,4,0.1076875390168004
2021-03-12,32.409992,128.667053,0.10343987348522093,True,False,1.0,1.0,984644.3620265486,201062.09002963244,1185706.4520561812,4,0.1695715576827322
2021-03-15,34.495014,131.37973,0.10427996395003832,True,False,1.0,1.0,1006022.6578645451,192597.25980177,1198619.917666315,4,0.16068251241540552
2021-03-16,35.8624,133.077621,0.10471279588295719,True,False,1.0,1.0,1102482.2132068435,103675.7240780439,1206157.9372848873,4,0.08595534703475265
2021-03-17,37.258881,134.753143,0.10470690416921985,True,False,1.0,1.0,1113242.7273513142,96941.5688691054,1210184.2962204195,4,0.08010479822938368
2021-03-18,32.691223,129.177658,0.10824270927618006,True,False,1.0,1.0,1042555.112040093,155674.26146232442,1198229.3735024175,4,0.12992025141838198
2021-03-19,33.699795,130.773376,0.10700607430801826,True,False,1.0,1.0,1058586.768327038,144429.3359184225,1203016.1042454606,4,0.12005602868384667
2021-03-22,35.881802,133.540421,0.10550725993685964,True,False,1.0,1.0,1073949.4803244907,138402.81078786065,1212352.2911123512,4,0.1141605553125767
2021-03-23,33.015827,130.029785,0.10691900291326437,True,False,1.0,1.0,1000367.4159567831,200856.76584008033,1201224.1817968634,4,0.16721005860839955
2021-03-24,31.61875,128.245758,0.10461326114915917,True,False,1.0,1.0,924765.5838214634,267883.742912803,1192649.3267342665,4,0.22461232896204875
2021-03-25,31.83219,128.381958,0.096290858351494,True,False,1.0,1.0,951707.8218166694,242722.86482167547,1194430.686638345,4,0.20321218094689505
2021-03-26,36.56675,134.719376,0.10037183649895037,True,False,1.0,1.0,1198937.8584728814,31346.730005654685,1230284.588478536,3,0.025479251141738227
2021-03-29,34.723381,132.653793,0.09831615048080301,True,False,1.0,1.0,1116841.5525150232,111780.79946605048,1228622.3519810736,4,0.09098060057739565
2021-03-30,34.46143,132.337234,0.09599614356060622,True,False,1.0,1.0,1116841.5525150232,110937.53215285503,1227779.0846678782,4,0.09035626485106994
2021-03-31,37.071266,135.569916,0.09489229459756728,True,False,1.0,1.0,1128763.524902873,107405.15664729633,1236168.6815501694,4,0.08688551833606484
2021-04-01,41.146091,140.554749,0.0895194813340947,True,False,1.0,1.0,1247855.3046907447,0.0,1247855.3046907447,4,0.0
2021-04-05,43.658901,143.39093,0.08853585378801596,True,False,1.0,1.0,1247855.3046907447,0.0,1247855.3046907447,4,0.0
2021-04-06,42.087185,141.789017,0.07769463435827932,True,False,1.0,1.0,1153012.186877458,94748.36944384305,1247760.556321301,4,0.07593473680814539
2021-04-07,42.087185,141.696243,0.07022010636976149,True,False,1.0,1.0,1153012.186877458,94748.36944384305,1247760.556321301,4,0.07593473680814539
2021-04-08,43.455158,143.31102,0.06836770203240697,True,False,1.0,1.0,1162785.2046239765,88045.2049235917,1250830.4095475683,4,0.07038940231349036
2021-04-09,43.154396,142.863342,0.06466755824222695,True,False,1.0,1.0,1162785.2046239765,87435.82612618337,1250221.0307501599,4,0.06993629444364727
2021-04-12,41.805824,141.328506,0.06469675574719722,True,False,1.0,1.0,1033087.6411795318,214271.45783382008,1247359.0990133518,4,0.17178008963361602
2021-04-13,41.41774,141.104736,0.06378218911566294,True,False,1.0,1.0,1033087.6411795318,212282.37314451986,1245370.0143240518,4,0.17045727029146446
2021-04-14,40.040066,139.55397,0.06406975871492523,True,False,1.0,1.0,901892.5199814808,336285.3036730292,1238177.82365451,4,0.2715969364404181
2021-04-15,42.174496,141.891296,0.06451067495890087,True,False,1.0,1.0,937278.2771663524,318790.6052691136,1256068.882435466,4,0.2538002570774556
2021-04-16,41.475956,141.226212,0.05627984213355705,True,False,1.0,1.0,805299.4987910878,445357.37902226066,1250656.8778133485,4,0.3560987725113898
2021-04-19,38.419827,137.513977,0.059422392006859906,True,False,1.0,1.0,663103.4065567466,554595.5467079363,1217698.953264683,4,0.4554455312793454
2021-04-20,36.586163,135.553909,0.05910964718535815,True,False,1.0,1.0,524543.0777515052,666548.2587148327,1191091.336466338,4,0.5596113734588232
2021-04-21,39.535561,139.109528,0.05797533270708511,True,False,1.0,1.0,745930.4873692906,498673.10938733554,1244603.5967566262,4,0.4006682213411984
2021-04-22,36.848118,136.081482,0.05955996087041418,True,False,1.0,1.0,606982.2717681187,603585.0439589495,1210567.315727068,4,0.49859684473344273
2021-04-23,38.953445,138.562759,0.06051344164909609,True,False,1.0,1.0,670725.5682259318,574263.9320523716,1244989.5002783034,4,0.4612600603651688
2021-04-26,40.952053,141.101547,0.05343402750418101,True,False,1.0,1.0,988698.1537470618,285437.16309672303,1274135.3168437849,4,0.2240242141657227
2021-04-27,40.107979,140.043182,0.05211786107629432,True,False,1.0,1.0,830462.0846969408,437631.93047457666,1268094.0151715176,4,0.3451100038630686
2021-04-28,38.245193,137.916824,0.053464209476675024,True,False,1.0,1.0,807708.995955291,439840.74911024456,1247549.7450655354,3,0.3525636960369377
2021-04-29,39.108677,138.812164,0.05123670218577227,True,False,1.0,1.0,852641.1478171006,404794.1609172042,1257435.3087343047,4,0.32192046628995763
2021-04-30,35.800301,134.943237,0.04919894479033738,True,False,1.0,1.0,692897.7319940833,530134.6640705249,1223032.3960646081,4,0.4334592164331515
2021-05-03,34.548748,133.53952,0.04700077230217535,True,False,1.0,1.0,708499.4570549811,495714.98079820734,1204214.4378531885,3,0.41165008923322866
2021-05-04,32.957626,131.288513,0.047351016109233035,True,False,1.0,1.0,524133.9685326056,657066.4299913747,1181200.3985239803,4,0.5562700713718353
2021-05-05,33.520336,132.110229,0.04773088020087574,True,False,1.0,1.0,590895.6412942412,601456.5113660864,1192352.1526603275,4,0.5044285868265858
2021-05-06,34.345009,133.194153,0.04739326120379691,True,False,1.0,1.0,847003.2097130601,359889.714270297,1206892.923983357,3,0.29819523100896056
2021-05-07,35.829407,135.023102,0.04891236812481903,True,False,1.0,1.0,1004168.6964465717,218121.4085005096,1222290.1049470813,4,0.1784530592350276
2021-05-10,30.978418,129.018295,0.057514137801260044,True,False,1.0,1.0,841200.1874971353,351395.37673080974,1192595.564227945,4,0.294647563072477
2021-05-11,31.153053,129.190933,0.05768843132139128,True,False,1.0,1.0,876502.480068869,318038.6718174213,1194541.1518862902,4,0.26624337831744765
2021-05-12,27.291662,123.927879,0.06337350104523201,True,False,1.0,1.0,735760.4481546507,419219.5143732969,1154979.9625279475,4,0.36296691542226894
2021-05-13,28.455906,125.507416,0.06281177077625173,True,False,1.0,1.0,779427.0516149962,393392.82396707707,1172819.8755820733,4,0.3354247588717195
2021-05-14,30.978418,129.392365,0.06703438355215226,True,False,1.0,1.0,965702.5595292448,241803.68923958426,1207506.248768829,4,0.200250466186926
2021-05-17,30.173153,128.263718,0.06551530807392385,True,False,1.0,1.0,830719.9414106285,370365.9208035439,1201085.8622141723,4,0.3083592376325065
2021-05-18,29.387297,127.23085,0.06504102546287299,True,False,1.0,1.0,692668.0752811359,498633.73884767824,1191301.814128814,4,0.41856205785460304
2021-05-19,31.094841,129.712112,0.06369000559431091,True,False,1.0,1.0,745375.9915276602,474846.09231103054,1220222.0838386908,4,0.38914726966521906
2021-05-20,33.607658,133.12384,0.0651377592601367,True,False,1.0,1.0,1161407.3079357764,96771.29596136956,1258178.603897146,4,0.07691379877358052
2021-05-21,33.122562,132.388443,0.06359774886728081,True,False,1.0,1.0,1161407.3079357764,95374.49025162101,1256781.7981873974,4,0.075887867240897
2021-05-24,35.44133,135.732925,0.06456088995660374,True,False,1.0,1.0,1171602.227591469,91846.12302425563,1263448.3506157247,4,0.07269479831090496
2021-05-25,35.839108,136.135803,0.06460243492390358,True,False,1.0,1.0,1180880.6362723089,83589.2673949546,1264469.9036672635,4,0.06610617394097387
2021-05-26,36.07196,136.500351,0.06388243257578158,True,False,1.0,1.0,1189285.458962623,75719.12333616382,1265004.5822987868,4,0.05985679767148811
2021-05-27,36.731686,137.075867,0.06380186221360912,True,False,1.0,1.0,1196988.1448480494,69393.56653537313,1266381.7113834226,4,0.05479672196115823
2021-05-28,37.624271,138.348511,0.06077569173276381,True,False,1.0,1.0,1224601.103721405,43439.24023241704,1268040.343953822,4,0.03425698593861061
2021-06-01,37.197384,137.961609,0.06021652999294233,True,False,1.0,1.0,1224601.103721405,42946.3762791169,1267547.4800005218,4,0.03388147344121517
2021-06-02,38.022045,138.802551,0.05911789508982151,True,False,1.0,1.0,1243531.4106297009,24949.235500209023,1268480.64612991,4,0.01966859768521362
2021-06-03,36.013744,136.417236,0.0606221972644742,True,False,1.0,1.0,1094987.4261470558,172027.02114049776,1267014.4472875535,4,0.13577352768847759
2021-06-04,38.55566,139.729813,0.06218626489451324,True,False,1.0,1.0,1260237.6938660964,18753.319906566918,1278991.0137726634,4,0.014662589263430321
2021-06-07,37.750393,138.64267,0.061841476985293485,True,False,1.0,1.0,1114148.5900214545,164304.80191970995,1278453.3919411644,4,0.12851841369847247
2021-06-08,37.032448,137.849731,0.051509316230897495,True,False,1.0,1.0,966977.6416844169,308203.9426773873,1275181.5843618042,4,0.24169416062547322
2021-06-09,36.576462,137.171844,0.05172710198180226,True,False,1.0,1.0,966977.6416844169,304408.982025429,1271386.6237098458,4,0.23943069428965522
2021-06-10,37.87653,138.747543,0.04004170572595533,True,False,1.0,1.0,998469.003489765,283705.96221034345,1282174.9657001086,4,0.22126930395605635
2021-06-11,38.313118,139.448608,0.03960147164222294,True,False,1.0,1.0,1027137.9189037719,258278.5172433057,1285416.4361470775,4,0.2009298387513021
2021-06-14,39.943039,141.430206,0.03664372647260546,True,False,1.0,1.0,1292701.0574010813,3437.2636759942043,1296138.3210770756,4,0.002651926588466175
2021-06-15,38.846722,140.271347,0.0367288507577069,True,False,1.0,1.0,1093462.8679605634,202382.07135494816,1295844.9393155116,4,0.156177691647158
2021-06-16,38.012356,138.952393,0.03648133786065662,True,False,1.0,1.0,892997.6392092742,398300.189111319,1291297.828320593,4,0.3084495151899475
2021-06-17,39.108677,140.450607,0.03523442364724313,True,False,1.0,1.0,933935.4238905197,368808.8710022116,1302744.2948927311,4,0.28310150537452905
2021-06-18,36.207783,137.089233,0.036878042656772206,True,False,1.0,1.0,744337.627567497,530860.786586238,1275198.414153735,4,0.41629661760404185
2021-06-21,36.98394,137.595032,0.03681244718482617,True,False,1.0,1.0,798507.4455759034,488016.3784541132,1286523.8240300165,4,0.3793294530103681
2021-06-22,37.449631,138.244919,0.03385899260305221,True,False,1.0,1.0,847874.1632965353,444745.2046903764,1292619.3679869117,4,0.3440650942612827
2021-06-23,37.886227,138.821167,0.033864743116347594,True,False,1.0,1.0,1116513.2267995246,181022.17021534542,1297535.39701487,3,0.13951231745338727
2021-06-24,39.855728,141.180542,0.03552074077341068,True,False,1.0,1.0,1231983.0700270273,74847.10974552763,1306830.179772555,4,0.05727378423304723
2021-06-25,39.448242,140.796371,0.03553562867798128,True,False,1.0,1.0,1027524.4737877022,278336.212845617,1305860.6866333191,4,0.21314387950770186
2021-06-28,42.349136,144.1577,0.038392914059731095,True,False,1.0,1.0,1326029.8123371983,0.0,1326029.8123371983,4,0.0
2021-06-29,43.309635,145.287781,0.03833475651187268,True,False,1.0,1.0,1326029.8123371983,0.0,1326029.8123371983,4,0.0
2021-06-30,43.212616,145.409409,0.03824039793297262,True,False,1.0,1.0,1326029.8123371983,0.0,1326029.8123371983,4,0.0
2021-07-01,41.301327,143.325378,0.03753339300099106,True,False,1.0,1.0,1128001.5315668774,197830.45032000082,1325831.9818868781,4,0.14921230821303266
2021-07-02,42.028976,144.199356,0.03478216461075955,True,False,1.0,1.0,1148112.9837662703,181184.25404858435,1329297.2378148546,4,0.13630078277031657
2021-07-06,41.757313,143.95282,0.03437096966564463,True,False,1.0,1.0,1148112.9837662703,180013.1320586601,1328126.1158249304,4,0.13553918555908354
2021-07-07,40.010963,141.772751,0.03562370022146802,True,False,1.0,1.0,949779.3788871776,370620.19720606104,1320399.5760932385,4,0.28068790986940617
2021-07-08,38.594475,139.951202,0.03657193345306377,True,False,1.0,1.0,750053.9000654266,557025.2696327498,1307079.1696981764,4,0.42616031419227274
2021-07-09,40.525158,142.233795,0.03734005270808408,True,False,1.0,1.0,1017782.1512419662,316894.1303272506,1334676.2815692169,4,0.2374314541310865
2021-07-12,42.038677,144.058517,0.03804588577731836,True,False,1.0,1.0,1226186.897118835,120116.01889545431,1346302.9160142893,4,0.08921916269115429
2021-07-13,41.349827,143.482239,0.03728285002345875,True,False,1.0,1.0,1022399.464113138,321731.6348553092,1344131.0989684472,4,0.23936030875427405
2021-07-14,40.903545,142.819565,0.03676398932571294,True,False,1.0,1.0,817492.7177165013,522961.2816697152,1340453.9993862165,4,0.3901374324737552
2021-07-15,38.245193,139.650314,0.03964029795563596,True,False,1.0,1.0,623838.0908855441,682434.8022776104,1306272.8931631544,4,0.5224289701251374
2021-07-16,35.664478,136.615417,0.04199310054922406,True,False,1.0,1.0,430558.4747735326,829471.8915876406,1260030.3663611733,4,0.6582951599675035
2021-07-19,35.742081,136.477783,0.03837930578609205,True,False,1.0,1.0,513603.0225860993,748149.0793924925,1261752.1019785919,4,0.5929445873078374
2021-07-20,37.197384,138.337769,0.03915966555801042,True,False,1.0,1.0,772452.1231016899,519503.103678257,1291955.2267799468,4,0.40210612017342123
2021-07-21,40.602783,142.585861,0.04372634638556975,True,False,1.0,1.0,989695.8800030624,349602.09435631975,1339297.9743593822,4,0.2610338408997764
2021-07-22,39.525867,141.743912,0.044220222737171536,True,False,1.0,1.0,787719.0724911317,542104.5582769648,1329823.6307680965,4,0.4076514702659097
2021-07-23,40.311722,142.467422,0.04295388075886179,True,False,1.0,1.0,842952.0546795948,497594.4341302982,1340546.488809893,4,0.3711877493872304
2021-07-26,40.214703,142.512253,0.04288530243283736,True,False,1.0,1.0,968692.0147446594,370531.0381031701,1339223.0528478296,3,0.27667612001992026
2021-07-27,37.983242,139.896774,0.041418484729439084,True,False,1.0,1.0,769687.8200188816,548776.147265051,1318463.9672839325,4,0.4162238490260322
2021-07-28,39.952751,142.18251,0.04286660091161949,True,False,1.0,1.0,1030719.7662641901,315938.0765366226,1346657.8428008128,4,0.23460901982312496
2021-07-29,42.15509,145.082886,0.04476973484443209,True,False,1.0,1.0,1244712.9659450704,119146.30992711832,1363859.2758721886,3,0.08735968001605166
2021-07-30,43.067081,146.270538,0.04379195041287793,True,False,1.0,1.0,1304471.784077586,61905.30642434403,1366377.0905019299,4,0.0453061653731354
2021-08-02,43.862648,147.19577,0.04380785969908053,True,False,1.0,1.0,1367457.6022796163,0.0,1367457.6022796163,4,0.0
2021-08-03,44.599998,148.316162,0.04387398997315089,True,False,1.0,1.0,1367457.6022796163,0.0,1367457.6022796163,3,0.0
2021-08-04,46.191124,149.827225,0.04301935007983317,True,False,1.0,1.0,1367457.6022796163,0.0,1367457.6022796163,4,0.0
2021-08-05,45.764236,149.852844,0.04200844051558908,True,False,1.0,1.0,1254591.6796661646,112753.16944400765,1367344.8491101721,4,0.08246139919814968
2021-08-06,45.240326,149.106949,0.041119359269128235,True,False,1.0,1.0,1031489.1023560716,334342.06624418125,1365831.1686002528,4,0.24479018632063113
2021-08-09,44.774639,148.60112,0.040584391508126816,True,False,1.0,1.0,808176.4161267191,553990.0706610744,1362166.4867877935,4,0.40669776861672147
2021-08-10,43.12529,146.87561,0.04138450504608184,True,False,1.0,1.0,590882.2011251659,750660.0541744011,1341542.255299567,4,0.5595500635250422
2021-08-11,42.85363,146.373001,0.041322202721228184,True,False,1.0,1.0,590882.2011251659,745931.4063133196,1336813.6074384856,4,0.5579920806930028
2021-08-12,41.349827,144.801208,0.03907294804385983,True,False,1.0,1.0,373153.3328033382,937266.8270364173,1310420.1598397554,4,0.7152414590073393
2021-08-13,42.184196,145.710327,0.035109409953981124,True,False,1.0,1.0,468675.6422158209,860561.346058403,1329236.9882742239,4,0.6474100206733547
2021-08-16,41.72821,145.169327,0.03535131369637104,True,False,1.0,1.0,245817.3048426379,1073894.8928199625,1319712.1976626003,4,0.813734157130611
2021-08-17,39.254204,142.358536,0.03765591951496688,True,False,1.0,1.0,84557.51385552331,1171323.8900043054,1255881.4038598286,4,0.9326707811775508
2021-08-18,37.507851,140.476242,0.03337937763104623,True,False,1.0,1.0,14949.119084808157,1188752.531449321,1203701.650534129,4,0.987580710653529
2021-08-19,38.448948,141.628708,0.03351129690382604,True,False,1.0,1.0,136685.17371053636,1096721.2128443983,1233406.3865549348,4,0.8891807475617862
2021-08-20,39.225101,142.691528,0.033521240988280264,True,False,1.0,1.0,313844.2091805182,941523.8982145644,1255368.1073950827,4,0.7499982616001356
2021-08-23,42.387943,146.709122,0.037875400862769755,True,False,1.0,1.0,554934.7324213472,776110.0459627046,1331044.7783840518,4,0.5830833481837757
2021-08-24,42.426743,146.709122,0.035187262781724946,True,False,1.0,1.0,632539.0965640424,699138.4156999568,1331677.5122639993,4,0.525005798522004
2021-08-25,43.445461,147.826431,0.03386736001375206,True,False,1.0,1.0,983561.3902181865,364551.91699440475,1348113.3072125912,4,0.2704163774988363
2021-08-26,43.348442,147.964066,0.03181444846077051,True,False,1.0,1.0,983561.3902181865,363737.82821226754,1347299.2184304541,4,0.26997553567648214
2021-08-27,45.890354,150.787628,0.03391745943831719,True,False,1.0,1.0,1132881.638398495,235597.3555586003,1368478.9939570953,4,0.1721600087388603
2021-08-30,46.317257,151.088547,0.03376507386231402,True,False,1.0,1.0,1251646.788901409,118905.00639973715,1370551.795301146,4,0.08675703231895049
2021-08-31,45.162712,149.881653,0.03415229063682375,True,False,1.0,1.0,1032043.7417763787,335324.7382836268,1367368.4800600056,4,0.2452336317339357
2021-09-01,44.590286,149.065308,0.033277772879970864,True,False,1.0,1.0,809659.4527465065,553236.7085831407,1362896.1613296473,4,0.40592726304504423
2021-09-02,44.920162,149.62233,0.03328804925194397,True,False,1.0,1.0,865336.6715275828,501596.5655952806,1366933.2371228635,4,0.36695030303824255
2021-09-03,45.832146,150.742813,0.033508889780649614,True,False,1.0,1.0,916463.5080257104,460602.13061376166,1377065.638639472,4,0.3344808828930132
2021-09-07,45.376156,150.188995,0.03350296850375057,True,False,1.0,1.0,693501.523176056,678758.7855283302,1372260.3087043862,4,0.49462830136738234
2021-09-08,43.610386,148.264984,0.03363575397873626,True,False,1.0,1.0,477062.84923270956,868567.9837529322,1345630.8329856417,4,0.6454727124718017
2021-09-09,44.192509,148.786804,0.033709861644320466,True,False,1.0,1.0,564991.0190055573,792145.6736292585,1357136.6926348158,4,0.5836889371042984
2021-09-10,45.201523,149.968063,0.03282733197580979,True,False,1.0,1.0,847431.7576866606,527508.6721287277,1374940.4298153883,4,0.383659292206249
2021-09-13,46.443375,151.405457,0.03304264990872503,True,False,1.0,1.0,1047642.4640252426,341590.1570458532,1389232.6210710958,4,0.2458840599225836
2021-09-14,46.443375,151.411835,0.032860112629584534,True,False,1.0,1.0,1047642.4640252426,341590.1570458532,1389232.6210710958,4,0.2458840599225836
2021-09-15,47.141911,152.282654,0.02892822743944764,True,False,1.0,1.0,1390034.6420257776,3992.963386058819,1394027.6054118364,4,0.0028643359504198496
2021-09-16,47.607613,152.573898,0.02591407626383335,True,False,1.0,1.0,1394063.0183924262,0.0,1394063.0183924262,4,0.0
2021-09-17,45.356743,150.140961,0.02899066561409033,True,False,1.0,1.0,1179918.0508947314,213931.0364612335,1393849.0873559648,4,0.15348220865649514
2021-09-20,42.00956,146.42421,0.03447053989382178,True,False,1.0,1.0,1068981.3693644851,308874.54792536725,1377855.9172898524,3,0.2241704259853978
2021-09-21,42.300625,146.8564,0.029775668803480225,True,False,1.0,1.0,1100051.727724372,279913.1383773583,1379964.8661017301,4,0.20284077171333093
2021-09-22,44.881351,149.904022,0.032600852073385284,True,False,1.0,1.0,1281717.0274614498,115143.25959409367,1396860.2870555436,4,0.08243004734339276
2021-09-23,46.666519,151.901657,0.03328842687548267,True,False,1.0,1.0,1293677.366570801,107750.80278694673,1401428.1693577478,4,0.07688642567840434
2021-09-24,46.520985,151.727448,0.03329717588550785,True,False,1.0,1.0,1236388.4890436823,164646.41749061138,1401034.9065342937,4,0.11751771260138925
2021-09-27,46.268738,151.358322,0.030859425000111924,True,False,1.0,1.0,1236388.4890436823,163753.6684468679,1400142.1574905503,4,0.11695503029518135
2021-09-28,40.971451,145.437546,0.04106718945103868,True,False,1.0,1.0,1033597.5650960963,347593.9202216322,1381191.4853177285,4,0.2516623682643626
2021-09-29,38.924332,143.143021,0.04210318310137282,True,False,1.0,1.0,815468.6543274762,548137.5556183945,1363606.2099458706,4,0.4019764295735741
2021-09-30,38.846722,143.085236,0.04210032887803702,True,False,1.0,1.0,815468.6543274762,547044.6414049523,1362513.2957324283,4,0.4014967363022206
2021-10-01,38.875824,143.178238,0.04200817415051209,True,False,1.0,1.0,870159.3548406435,492709.013632137,1362868.3684727806,4,0.3615235521125659
2021-10-04,35.916725,139.491013,0.04440578793795758,True,False,1.0,1.0,657984.3327337466,667168.6939855603,1325153.026719307,4,0.5034653964737006
2021-10-05,37.49815,141.602631,0.04609801659733547,True,False,1.0,1.0,727569.1130014695,626889.9123218271,1354459.0253232967,4,0.46283416522858223
2021-10-06,37.895935,142.154587,0.0457357150231175,True,False,1.0,1.0,991937.5390197068,368906.97875131597,1360844.5177710229,4,0.2710867949525654
2021-10-07,39.186287,143.816895,0.04642607577722262,True,False,1.0,1.0,1030046.2138707333,343321.39505429205,1373367.6089250254,4,0.24998506796226222
2021-10-08,38.157883,142.343918,0.04613355728848308,True,False,1.0,1.0,813045.0904367581,551095.6154829304,1364140.7059196886,4,0.4039873695517266
2021-10-11,37.236202,141.390808,0.045476924409183064,True,False,1.0,1.0,594215.4818876135,756395.2257656354,1350610.707653249,4,0.560039411415528
2021-10-12,35.945831,139.625809,0.045709185721790925,True,False,1.0,1.0,374651.3403391176,949528.1531149514,1324179.4934540691,4,0.7170690663983516
2021-10-13,36.527954,140.431274,0.04574616490473795,True,False,1.0,1.0,471045.37384466996,868414.7162662374,1339460.0901109073,4,0.6483319082648686
2021-10-14,39.826622,144.789261,0.05068005450548045,True,False,1.0,1.0,994365.6622982223,422993.0388572081,1417358.7011554304,4,0.2984375363218812
2021-10-15,40.593082,145.755219,0.05015509876635254,True,False,1.0,1.0,1206840.8667498955,218445.6120681783,1425286.4788180739,4,0.15326435444004594
2021-10-18,41.582684,146.929764,0.04763274235914882,True,False,1.0,1.0,1318015.2496521831,112485.33895741055,1430500.5886095937,4,0.07863354957913239
2021-10-19,43.105888,148.730103,0.048309692557252024,True,False,1.0,1.0,1397451.8895797678,37089.60276393704,1434541.492343705,4,0.025854674097534336
2021-10-20,42.882748,148.422012,0.04632641497441727,True,False,1.0,1.0,1405042.196102261,29299.701968429305,1434341.8980706905,3,0.020427278885069067
2021-10-21,44.231319,149.917465,0.045982900238211916,True,False,1.0,1.0,1408061.2855036822,27199.003616407048,1435260.2891200893,4,0.018950572117536854
2021-10-22,42.737213,148.235886,0.04652614385982899,True,False,1.0,1.0,1187551.1044384073,246570.1296391161,1434121.2340775235,4,0.17193116159228933
2021-10-25,43.717121,149.253174,0.04691103382717019,True,False,1.0,1.0,1269126.263413504,170566.84213502647,1439693.1055485304,3,0.11847444533676477
2021-10-26,43.620094,149.365509,0.037695113281503594,True,False,1.0,1.0,1211653.0443619944,227604.0845674501,1439257.1289294446,4,0.15813997373544206
2021-10-27,42.776031,148.29364,0.03591157056211534,True,False,1.0,1.0,979627.8875135453,454993.2350208638,1434621.1225344092,4,0.31715219291980756
2021-10-28,45.5993,151.637589,0.03821347410558788,True,False,1.0,1.0,1464166.1946946206,0.0,1464166.1946946206,3,0.0
2021-10-29,46.229931,152.314697,0.03819386401530159,True,False,1.0,1.0,1464166.1946946206,0.0,1464166.1946946206,4,0.0
2021-11-01,48.471088,154.798523,0.03300546288743097,True,False,1.0,1.0,1464166.1946946206,0.0,1464166.1946946206,4,0.0
2021-11-02,50.275654,156.724014,0.032743940439318144,True,False,1.0,1.0,1464166.1946946206,0.0,1464166.1946946206,4,0.0
2021-11-03,52.070515,158.530746,0.03303986212976631,True,False,1.0,1.0,1464166.1946946206,0.0,1464166.1946946206,4,0.0
2021-11-04,57.31929,163.864304,0.037458668769278565,True,False,1.0,1.0,1464166.1946946206,0.0,1464166.1946946206,4,0.0
2021-11-05,59.094749,165.683884,0.035944840916456944,True,False,1.0,1.0,1464166.1946946206,0.0,1464166.1946946206,4,0.0
2021-11-08,61.646374,167.923828,0.0344861259974602,True,False,1.0,1.0,1464166.1946946206,0.0,1464166.1946946206,4,0.0
2021-11-09,61.510544,167.923828,0.03214778828639559,True,False,1.0,1.0,1403232.8441656237,60872.47805094595,1464105.3222165697,4,0.041576570433326875
2021-11-10,56.222969,162.972168,0.04141400330400155,True,False,1.0,1.0,1183554.111499252,275099.02592730045,1458653.1374265524,4,0.18859797361602187
2021-11-11,59.803001,166.418762,0.03970865453254963,True,False,1.0,1.0,1428639.913266545,47284.992061641846,1475924.9053281867,4,0.03203753245909727
2021-11-12,61.462029,168.045807,0.0397381254309984,True,False,1.0,1.0,1433494.728699309,43737.07597084737,1477231.8046701564,4,0.029607456211392092
2021-11-15,61.316502,167.920654,0.0400599648445478,True,False,1.0,1.0,1433494.728699309,43633.51730937185,1477128.246008681,4,0.029539423829496942
2021-11-16,64.178596,170.43663,0.040326942206438975,True,False,1.0,1.0,1479119.274300063,0.0,1479119.274300063,4,0.0
2021-11-17,62.59716,169.249252,0.041206464436624235,True,False,1.0,1.0,1244218.6167425,234665.99156599693,1478884.6083084971,4,0.15867768874435761
2021-11-18,65.954041,172.079681,0.04180419790702532,True,False,1.0,1.0,1491221.727724218,0.0,1491221.727724218,4,0.0
2021-11-19,66.565277,172.557846,0.03991574112194615,True,False,1.0,1.0,1491221.727724218,0.0,1491221.727724218,4,0.0
2021-11-22,63.480049,170.057892,0.042841128828844256,True,False,1.0,1.0,1261572.6825838394,229419.62551486393,1490992.3080987034,4,0.15387042861905656
2021-11-23,62.810612,169.374374,0.043096209961635566,True,False,1.0,1.0,1261572.6825838394,227000.25142386736,1488572.9340077068,4,0.15249521621537968
2021-11-24,64.886826,171.235672,0.04225890378314879,True,False,1.0,1.0,1284999.6100117725,211053.4002516495,1496053.010263422,4,0.14107347721220628
2021-11-26,59.541039,166.470108,0.04721726745759562,True,False,1.0,1.0,1063897.9607032477,414546.2552054301,1478444.2159086778,4,0.28039357234093726
2021-11-29,66.371239,172.869125,0.05180132694138915,True,False,1.0,1.0,1356034.5089454292,169671.6015225083,1525706.1104679375,4,0.11120857441573045
2021-11-30,62.742695,169.839706,0.053857943300444105,True,False,1.0,1.0,1157683.084249713,358548.85398209654,1516231.9382318095,4,0.23647361920118035
2021-12-01,61.277695,168.482208,0.054147427258424516,True,False,1.0,1.0,960482.2944105269,547180.763897557,1507663.058308084,4,0.36293305780908985
2021-12-02,61.365009,168.726151,0.05384571910026551,True,False,1.0,1.0,1015223.5420189744,493164.39286889654,1508387.934887871,4,0.3269479829839377
2021-12-03,61.054554,168.299347,0.04975715092723267,True,False,1.0,1.0,1015223.5420189744,490669.3985051197,1505892.9405240943,4,0.32583285657369015
2021-12-06,60.734383,168.08429,0.04936365011233587,True,False,1.0,1.0,1015223.5420189744,488096.3207951624,1503319.8628141368,4,0.32467895413918857
2021-12-07,69.844528,176.56601,0.057721204467828774,True,False,1.0,1.0,1575972.9002092145,0.0,1575972.9002092145,4,0.0
2021-12-08,68.58329,175.41713,0.05795523417425099,True,False,1.0,1.0,1390792.594484187,184995.31041461317,1575787.9048988002,4,0.1173986104598854
2021-12-09,63.936047,171.38327,0.056395008942469536,True,False,1.0,1.0,1215684.9324976793,347392.65151306946,1563077.5840107487,4,0.2222491417359361
2021-12-10,65.585388,173.000656,0.0550913181928522,True,False,1.0,1.0,1251284.7216995289,320718.82163828646,1572003.5433378154,4,0.2040191467745093
2021-12-13,60.482128,168.392319,0.057989143460572545,True,False,1.0,1.0,1069192.3734187067,477673.8298707278,1546866.2032894345,4,0.3088009996307031
2021-12-14,59.686573,167.582275,0.05805550700038831,True,False,1.0,1.0,1069192.3734187067,471390.7208550726,1540583.0942737793,4,0.3059820159050123
2021-12-15,66.089874,173.734528,0.061702047609008236,True,False,1.0,1.0,1385171.0799001032,205667.50666917895,1590838.5865692822,3,0.12928244788977022
2021-12-16,57.464821,166.155106,0.06918560499764038,True,False,1.0,1.0,1226710.9615312384,337128.7039550739,1563839.6654863122,4,0.21557753738791113
2021-12-17,57.202866,165.762939,0.06789738046231536,True,False,1.0,1.0,1226710.9615312384,335591.893292346,1562302.8548235844,4,0.21480591439503008
2021-12-20,55.834888,164.464417,0.06788537168753662,True,False,1.0,1.0,1064130.8850561094,489984.0394183983,1554114.9244745076,4,0.3152817283342649
2021-12-21,61.622559,170.398041,0.07128019318469685,True,False,1.0,1.0,1457535.2878806763,146976.0614412465,1604511.3493219228,4,0.0916017586932991
2021-12-22,63.44698,172.169128,0.07156680631226847,True,False,1.0,1.0,1472652.9042125635,136194.7417287131,1608847.6459412766,4,0.08465359791668194
2021-12-23,65.416946,173.834152,0.07152234377401251,True,False,1.0,1.0,1486681.2072477688,126381.10842527183,1613062.3156730407,4,0.07834855925732792
2021-12-27,70.831985,178.597809,0.07056975246196898,True,False,1.0,1.0,1569191.2086567187,54250.00296362247,1623441.2116203413,4,0.03341667229789988
2021-12-28,68.434998,176.627411,0.06707187740601023,True,False,1.0,1.0,1414253.0693222464,207197.51385244713,1621450.5831746934,4,0.12778527819624824
2021-12-29,68.900803,176.89743,0.06568178118638447,True,False,1.0,1.0,1435092.9895761393,187747.02931435037,1622840.0188904896,4,0.11569041133377403
2021-12-30,66.33886,174.89595,0.06608161718415595,True,False,1.0,1.0,1269406.577598385,346286.9105059273,1615693.4881043122,4,0.21432710662975102
2021-12-31,65.999222,174.368607,0.0661111610080096,True,False,1.0,1.0,1269406.577598385,344514.01007154526,1613920.5876699304,4,0.21346404073631114
2022-01-03,69.968292,177.834656,0.06718562245664175,True,False,1.0,1.0,1305970.8227616344,328709.19553111005,1634680.0182927444,4,0.20108473331338148
2022-01-04,68.968727,177.288055,0.06730289499626217,True,False,1.0,1.0,1306048.351823176,324013.26545136684,1630061.6172745428,4,0.19877363040614124
2022-01-05,62.117477,171.26593,0.06390703612259135,True,False,1.0,1.0,1154797.4861713236,442994.52112965594,1597792.0073009795,4,0.27725418521649176
2022-01-06,63.602234,172.597046,0.06416550065012139,True,False,1.0,1.0,1200181.6879999912,408224.83943199576,1608406.527431987,4,0.25380700243972243
2022-01-07,57.973724,167.590958,0.06557219779230311,True,False,1.0,1.0,1039742.4523826155,532439.403505683,1572181.8558882985,4,0.338662732629521
2022-01-10,58.22604,167.651993,0.0652265580529137,True,False,1.0,1.0,1093229.543678659,481281.04045012244,1574510.5841287815,4,0.3056702478227087
2022-01-11,61.418762,170.806168,0.06399833697929083,True,False,1.0,1.0,1144013.8105673292,456904.1121578353,1600917.9227251643,4,0.2854013348667305
2022-01-12,62.670624,172.060074,0.06404955792903559,True,False,1.0,1.0,1330925.6384816393,279197.0742700719,1610122.7127517113,4,0.17340111536773625
2022-01-13,58.420128,168.04425,0.06149454306929927,True,False,1.0,1.0,1166561.3902108269,424530.380217214,1591091.770428041,4,0.2668170297323613
2022-01-14,62.573586,172.066528,0.054968647742105754,True,False,1.0,1.0,1387841.8202011606,233293.47667254542,1621135.296873706,4,0.14390746850213088
2022-01-18,54.324886,164.375671,0.06390822203273634,True,False,1.0,1.0,1303753.4283732916,286519.99045974173,1590273.4188330334,3,0.1801702695062302
2022-01-19,49.317455,159.539978,0.06717210475585818,True,False,1.0,1.0,1139818.3691664576,423948.70939455717,1563767.0785610147,4,0.27110732487390427
2022-01-20,44.630257,154.537094,0.06551075054672807,True,False,1.0,1.0,983553.418541158,539823.2161572339,1523376.634698392,4,0.35435965332638286
2022-01-21,42.41766,151.964828,0.06503998509536078,True,False,1.0,1.0,997298.7996423845,499104.1415940663,1496402.9412364508,3,0.33353592661456916
2022-01-24,44.106216,153.701096,0.06541353640249778,True,False,1.0,1.0,1049206.4255472429,467075.1655814636,1516281.5911287065,4,0.3080398577112428
2022-01-25,39.001736,147.965134,0.06491635846229633,False,False,1.0,1.0,892143.6818495692,569978.5845534093,1462122.2664029785,4,0.3898296316597618
2022-01-26,40.874676,150.238297,0.06712349861773678,True,False,1.0,1.0,1453715.8015909335,35302.20339193926,1489018.0049828726,1,0.023708379128931572
2022-01-27,35.284985,143.550613,0.07184512534140855,False,False,1.0,1.0,1417549.2290479636,66689.06476303021,1484238.293810994,1,0.044931507993771345
2022-01-28,37.274368,146.302841,0.0744882555521427,False,False,1.0,1.0,1424671.6572326487,63404.121254344274,1488075.778486993,1,0.04260812666328772
2022-01-31,43.261944,154.160889,0.08438088306473614,True,False,1.0,1.0,1498276.063878223,0.0,1498276.063878223,1,0.0
2022-02-01,44.552616,155.443771,0.0831831468130086,True,False,1.0,1.0,1498365.0091556658,0.0,1498365.0091556658,1,0.0
2022-02-02,47.881214,159.369583,0.08583395583725549,True,False,1.0,1.0,1498453.959713352,0.0,1498453.959713352,1,0.0
2022-02-03,41.369598,152.434311,0.08849632497712653,True,False,1.0,1.0,1470032.1116527952,28480.63082231343,1498512.7424751087,1,0.01900593169149278
2022-02-04,42.17506,153.308823,0.08838818850287554,True,False,1.0,1.0,1473020.1634962244,26131.631310316974,1499151.7948065414,1,0.017430944218486653
2022-02-07,42.126537,153.222061,0.08681295051708554,True,False,1.0,1.0,1473107.6094551366,26101.566500780944,1499209.1759559175,1,0.017410223282643803
2022-02-08,45.222221,157.096375,0.08888395042778546,True,False,1.0,1.0,1501188.352355559,0.0,1501188.352355559,1,0.0
2022-02-09,49.511536,162.250397,0.09071072722902623,True,False,1.0,1.0,1501277.4705212382,0.0,1501277.4705212382,1,0.0
2022-02-10,45.047539,157.192871,0.0922617767916955,True,False,1.0,1.0,1472921.9451379,28414.54577515258,1501336.4909130526,1,0.018926167416254563
2022-02-11,38.370953,149.193344,0.09710259002601383,False,False,1.0,1.0,1446816.9236946541,50367.911026435126,1497184.8347210893,1,0.03364174540000478
2022-02-14,38.419472,149.334808,0.09497155527763954,False,False,1.0,1.0,1451941.230008906,45388.43986076535,1497329.6698696713,1,0.03031292358263093
2022-02-15,44.649658,157.575455,0.09839425186307187,True,False,1.0,1.0,1484673.070372061,20072.3447574901,1504745.4151295512,1,0.013339362629499668
2022-02-16,44.737,157.626907,0.09625831658633888,True,False,1.0,1.0,1486770.4771722592,18100.448578447147,1504870.9257507063,1,0.012027907688772524
2022-02-17,39.661633,151.707672,0.09742827373513781,True,False,1.0,1.0,1460702.4141731588,42175.615079471616,1502878.0292526304,1,0.028063232184214724
2022-02-18,38.458298,150.013275,0.09704402848332151,False,False,1.0,1.0,1432515.8890304633,69139.32399207515,1501655.2130225385,1,0.046042076365127256
2022-02-22,37.468456,149.100128,0.09658359725652649,False,False,1.0,1.0,1432600.9304499072,67359.81188940842,1499960.7423393156,1,0.0449077165742052
2022-02-23,34.848274,145.547256,0.09405025146556989,False,False,1.0,1.0,1432685.9769178417,62649.31710318041,1495335.294021022,1,0.04189650130888949
2022-02-24,38.759125,150.871689,0.09670064033238772,False,False,1.0,1.0,1439732.487955143,62712.128626230566,1502444.6165813736,1,0.041740060122099035
2022-02-25,40.544727,153.386002,0.09097398975613101,True,False,1.0,1.0,1446371.9093600877,59041.103772736446,1505413.013132824,1,0.039219206462065566
2022-02-28,39.797501,152.453568,0.09041936609212557,True,False,1.0,1.0,1415970.3117641304,88408.19222413278,1504378.5039882632,2,0.058767253048188015
2022-03-01,35.498478,146.92659,0.08719989598090767,False,False,1.0,1.0,1359561.0893407823,135291.61853786965,1494852.707878652,2,0.09050498274834196
2022-03-02,38.933807,151.598312,0.08979170434010192,False,False,1.0,1.0,1459970.7666668552,47960.892299205356,1507931.6589660605,1,0.031805746642451005
2022-03-03,36.439793,148.418488,0.08872194190946525,False,False,1.0,1.0,1445280.8113551894,59649.61151975906,1504930.4228749485,1,0.03963612577238437
2022-03-04,33.741989,144.479843,0.08452970666592012,False,False,1.0,1.0,1430575.2661595354,70009.16952207708,1500584.4356816125,1,0.0466546019386618
2022-03-07,28.705435,137.232697,0.09066903789594143,False,False,1.0,1.0,1416411.901424685,73792.34655411555,1490204.2479788007,1,0.04951827687661061
2022-03-08,30.238716,139.862747,0.0919977149843714,False,False,1.0,1.0,1424262.065826661,69960.52243699254,1494222.5882636535,1,0.04682068320108149
2022-03-09,33.897251,145.724075,0.09463661477191286,False,False,1.0,1.0,1447294.2588677139,55455.68807993798,1502749.946947652,1,0.03690280488286037
2022-03-10,31.781702,142.733917,0.0918910346976085,False,False,1.0,1.0,1447380.177606256,51994.66330651831,1499374.8409127742,1,0.03467756153282226
2022-03-11,29.782612,139.669815,0.09089993196771538,False,False,1.0,1.0,1447466.1014453708,48724.164719959685,1496190.2661653305,1,0.0325654870385152
2022-03-14,27.084806,135.149185,0.08668449681909275,False,False,1.0,1.0,1447552.0303853613,44310.571179994295,1491862.6015653557,1,0.029701509464411045
2022-03-15,30.578371,141.361023,0.09203775233614436,False,False,1.0,1.0,1452635.860647995,45023.419266410696,1497659.2799144057,1,0.030062524814712114
2022-03-16,35.226757,148.64035,0.09124437093613236,False,False,1.0,1.0,1457903.9849617397,46680.90869936372,1504584.8936611034,1,0.031025772554299117
2022-03-17,35.857533,149.556671,0.09143828244607864,False,False,1.0,1.0,1462737.7421296947,42765.10613059497,1505502.8482602895,1,0.02840586198824728
2022-03-18,38.011894,152.476089,0.08888772632953484,False,False,1.0,1.0,1476912.768527878,31233.02589513121,1508145.7944230093,1,0.020709553420251676
2022-03-21,37.846931,152.173874,0.08863485452956969,False,False,1.0,1.0,1477000.4455715967,31097.48164546192,1508097.9272170586,1,0.020620333125745422
2022-03-22,38.426376,153.016296,0.08849577452223407,True,False,1.0,1.0,1480242.516816843,28416.23195617781,1508658.748773021,1,0.018835427149637707
2022-03-23,35.611614,149.161194,0.08865613056702328,False,False,1.0,1.0,1450648.7186819096,55984.98145002291,1506633.7001319325,1,0.037158986583879304
2022-03-24,40.852898,156.69104,0.09083335672757323,True,False,1.0,1.0,1498602.3769991265,16312.18703185309,1514914.5640309795,1,0.01076772738156837
2022-03-25,40.775242,156.336639,0.09028467504443767,True,False,1.0,1.0,1498691.3416481735,16281.179704144155,1514972.5213523176,1,0.010746848193398915
2022-03-28,41.45467,157.551117,0.09023961926223525,True,False,1.0,1.0,1500434.0014038645,14897.222159009976,1515331.2235628744,1,0.009831000594037359
2022-03-29,44.240318,161.16217,0.08691874611214866,True,False,1.0,1.0,1514420.1183129658,1988.1487548874627,1516408.2670678534,1,0.0013110906858426544
2022-03-30,40.134647,156.008087,0.08792128304498503,True,False,1.0,1.0,1455231.9324245513,61018.996297584905,1516250.9287221362,2,0.04024333647004616
2022-03-31,37.640175,152.458221,0.08783998368708675,False,False,1.0,1.0,1394046.1405649027,118433.84530298549,1512479.9858678882,2,0.07830440495715123
2022-04-01,35.223366,149.504257,0.08737370638772222,False,False,1.0,1.0,1434045.96750432,70844.57518161136,1504890.5426859313,1,0.04707623124215256
2022-04-04,36.844284,151.933136,0.07877930866883946,False,False,1.0,1.0,1441534.6006916428,66694.24730917472,1508228.8480008175,1,0.04422024376312591
2022-04-05,31.913597,144.939667,0.08547706359054763,False,False,1.0,1.0,1426077.1792859558,73295.43742341179,1499372.6167093676,1,0.04888407098181591
2022-04-06,29.613251,141.335007,0.08290934903398982,False,False,1.0,1.0,1410789.3429963223,83368.49701777943,1494157.8400141017,1,0.05579631199940202
2022-04-07,29.613251,141.644287,0.08179414952535097,False,False,1.0,1.0,1410873.0946176366,83368.49701777943,1494241.591635416,1,0.05579318463926196
2022-04-08,27.458502,138.129837,0.08224534595405371,False,False,1.0,1.0,1394919.1019780738,93323.13145067375,1488242.2334287476,1,0.06270695008813683
2022-04-11,25.711409,135.291824,0.08079289488226361,False,False,1.0,1.0,1378893.1231747002,103477.03182049932,1482370.1549951995,1,0.06980512355285136
2022-04-12,25.468756,134.879532,0.07534397577111837,False,False,1.0,1.0,1378974.9812743934,102500.4609837031,1481475.4422580965,1,0.06918809320758615
2022-04-13,27.206148,137.781906,0.06902339774080381,False,False,1.0,1.0,1389995.8137353964,98543.42475273497,1488539.2384881314,1,0.06620142902838277
2022-04-14,24.857277,133.971115,0.0707043915337488,False,False,1.0,1.0,1371412.3194430019,108681.83319197898,1480094.1526349809,1,0.07342899976903157
2022-04-18,26.187006,136.290436,0.07036160441783305,False,False,1.0,1.0,1382932.5348591916,103046.14765730043,1485978.682516492,1,0.06934564329199708
2022-04-19,27.904984,139.276581,0.07268621364744665,False,False,1.0,1.0,1426939.4476508698,65840.23577370051,1492779.6834245704,1,0.04410579572107862
2022-04-20,27.662333,138.967346,0.0723551274025179,False,False,1.0,1.0,1492230.4754843018,0.0,1492230.4754843018,0,0.0
2022-04-21,25.43964,135.259628,0.07270834096521295,False,False,1.0,1.0,1492319.0618649097,0.0,1492319.0618649097,0,0.0
2022-04-22,23.731371,132.250931,0.06379538273724276,False,False,1.0,1.0,1492407.6535044552,0.0,1492407.6535044552,0,0.0
2022-04-25,24.91551,134.486496,0.06582063490729449,False,False,1.0,1.0,1492496.2504032503,0.0,1492496.2504032503,0,0.0
2022-04-26,21.770737,128.52388,0.06944861720890787,False,False,1.0,1.0,1492584.8525616075,0.0,1492584.8525616075,0,0.0
2022-04-27,21.304848,127.821632,0.06566264574123792,False,False,1.0,1.0,1492673.4599798387,0.0,1492673.4599798387,0,0.0
2022-04-28,24.828154,134.866638,0.07644056029724766,False,False,1.0,1.0,1492762.0726582564,0.0,1492762.0726582564,0,0.0
2022-04-29,21.586323,129.103699,0.0803134412847889,False,False,1.0,1.0,1492850.6905971728,0.0,1492850.6905971728,0,0.0
2022-05-02,23.779898,133.413803,0.0843730559766243,False,False,1.0,1.0,1492939.3137969002,0.0,1492939.3137969002,1,0.0
2022-05-03,24.371967,134.518707,0.08367100594374427,False,False,1.0,1.0,1493027.9422577508,0.0,1493027.9422577508,1,0.0
2022-05-04,27.196442,139.737274,0.08324325353730883,False,False,1.0,1.0,1493116.575980037,0.0,1493116.575980037,1,0.0
2022-05-05,23.284893,132.969299,0.08842606101785079,False,False,1.0,1.0,1478795.304286409,14394.660622329537,1493189.9649087384,1,0.009640207181012845
2022-05-06,22.663704,131.783813,0.08843930859405694,False,False,1.0,1.0,1463113.039091055,29764.00768586648,1492877.0467769215,1,0.01993734698388331
2022-05-09,19.14039,125.073845,0.09417661019138202,False,False,1.0,1.0,1449518.4432414875,38803.850452641076,1488322.2936941285,1,0.02607220937094679
2022-05-10,20.470127,127.918251,0.09531606101862387,False,False,1.0,1.0,1453750.5565328295,37349.697272057325,1491100.253804887,1,0.025048414536011875
2022-05-11,18.587145,124.139664,0.09719142841297727,False,False,1.0,1.0,1453836.858549995,33914.01718718374,1487750.8757371788,1,0.022795494689512034
2022-05-12,18.839504,124.89344,0.09556281218377388,False,False,1.0,1.0,1457357.3791266654,30937.023206555674,1488294.4023332212,1,0.02078689751036841
2022-05-13,21.828974,131.268417,0.1007760876132525,False,False,1.0,1.0,1473638.5094190382,19636.276113924207,1493274.7855329623,1,0.01314980759346034
2022-05-16,20.741894,129.27121,0.10025787017080519,False,False,1.0,1.0,1473725.992086105,18658.392176826444,1492384.3842629315,1,0.012502403786569753
2022-05-17,23.857548,135.549561,0.10463404155577119,False,False,1.0,1.0,1475957.5693100127,19314.97375626909,1495272.5430662818,1,0.012917360012951769
2022-05-18,20.237181,128.717133,0.11035130730583062,False,False,1.0,1.0,1476045.189648254,16383.939368616902,1492429.1290168709,1,0.010978035104025159
2022-05-19,19.907171,127.937576,0.1091841529804291,False,False,1.0,1.0,1476132.8151880838,16116.76461581723,1492249.579803901,1,0.010800314393745824
2022-05-20,19.761585,127.869926,0.10835028036521864,False,False,1.0,1.0,1476220.4459298106,15998.898782778553,1492219.3447125892,1,0.010721546292418586
2022-05-23,20.023643,128.420807,0.1076410156520523,False,False,1.0,1.0,1477927.6628959002,14589.95388565963,1492517.6167815598,1,0.009775398106939042
2022-05-24,18.538614,125.29287,0.10487487944663756,False,False,1.0,1.0,1478015.4001889038,13507.907795002338,1491523.3079839062,1,0.009056451027413707
2022-05-25,19.596579,127.547813,0.10576299331484662,False,False,1.0,1.0,1479529.6774475174,12850.901583394056,1492380.5790309114,1,0.008611008320504201
2022-05-26,21.87751,132.531158,0.10279768347308826,False,False,1.0,1.0,1481050.8276479263,12912.006483873914,1493962.8341318,1,0.0086427896256051
2022-05-27,24.517561,137.981659,0.10109209815921279,False,False,1.0,1.0,1482584.4044015273,13023.137273880655,1495607.541675408,1,0.008707590000042316
2022-05-31,24.129314,137.272964,0.09890477314439534,False,False,1.0,1.0,1482672.41814236,12816.909828288806,1495489.3279706487,1,0.008570378663738856
2022-06-01,23.013115,135.095306,0.09929898023568892,False,False,1.0,1.0,1482760.4371081353,12224.01183154401,1494984.4489396794,1,0.008176681597065383
2022-06-02,25.429932,139.801682,0.0987376544438068,False,False,1.0,1.0,1491340.5739898528,5007.658057043245,1496348.2320468961,1,0.00334658600838732
2022-06-03,23.226652,135.620407,0.09446787932120397,False,False,1.0,1.0,1491429.107541388,4573.788519211911,1496002.8960605997,1,0.0030573393482432386
2022-06-06,23.207239,135.85556,0.09425642172057218,False,False,1.0,1.0,1491517.6463487244,4569.965714421816,1496087.6120631462,1,0.0030546110251656365
2022-06-07,23.876963,136.941162,0.08542318691353436,False,False,1.0,1.0,1492075.9328775664,4231.662889629673,1496307.595767196,1,0.0028280701786185807
2022-06-08,22.236629,134.025864,0.08623763055163586,False,False,1.0,1.0,1476556.9192267973,19532.02330932116,1496088.9425361184,1,0.013055389124266334
2022-06-09,20.470127,130.221573,0.08544579042356831,False,False,1.0,1.0,1461359.4771943868,33249.29981008908,1494608.777004476,1,0.022246155864766148
2022-06-10,18.257137,125.595207,0.08945532960443774,False,False,1.0,1.0,1446502.9593792623,44582.23257955852,1491085.191958821,1,0.029899185385237025
2022-06-13,15.092957,118.349205,0.09171362291487795,False,False,1.0,1.0,1433345.2145366617,50085.19979525705,1483430.4143319188,1,0.033763093510398016
2022-06-14,15.296783,119.007355,0.09163971243956684,False,False,1.0,1.0,1438501.6886626508,45685.42728252141,1484187.1159451723,1,0.03078144715831712
2022-06-15,16.121801,121.052765,0.08574431902887363,False,False,1.0,1.0,1443397.4989420031,43334.486115407584,1486731.9850574108,1,0.029147476849187587
2022-06-16,13.171151,113.758339,0.0894199443662639,False,False,1.0,1.0,1429841.6439168835,49030.411919326754,1478872.0558362103,1,0.03315392411793399
2022-06-17,13.29733,114.219711,0.08968514824687156,False,False,1.0,1.0,1434871.8822247668,44550.10883972853,1479421.9910644954,1,0.03011318549325685
2022-06-21,14.365001,117.21035,0.09227844194072701,False,False,1.0,1.0,1453128.722113953,29938.363464246602,1483067.0855781995,1,0.020186789765194346
2022-06-22,13.887819,115.987656,0.09209569510318369,False,False,1.0,1.0,1453214.987215869,28943.859659158385,1482158.8468750273,1,0.019528176565004083
2022-06-23,13.6157,115.200462,0.09105692083003351,False,False,1.0,1.0,1453301.2574389193,28376.731433582394,1481677.9888725018,1,0.019151753381432064
2022-06-24,15.36504,120.30426,0.09483212594927284,False,False,1.0,1.0,1456586.7767576019,28820.306865723076,1485407.083623325,1,0.019402295292292707
2022-06-27,15.355322,119.975197,0.09044919070057499,False,False,1.0,1.0,1456673.247147206,28802.078749029522,1485475.3258962354,1,0.01938913305857322
2022-06-28,14.150221,117.049049,0.08593125703390933,False,False,1.0,1.0,1456759.7226701318,26541.662855273975,1483301.3855254059,1,0.017893641248014173
2022-06-29,13.168645,114.287437,0.08644512474127221,False,False,1.0,1.0,1441339.9514836594,40190.35580451354,1481530.307288173,1,0.027127596112481084
2022-06-30,12.731313,112.790489,0.0863571401441751,False,False,1.0,1.0,1425410.5474040955,54853.65076809389,1480264.1981721895,1,0.03705666247675681
2022-07-01,11.273527,108.799706,0.08301740116061505,False,False,1.0,1.0,1410812.226685906,63240.09080189963,1474052.3174878056,1,0.04290220235173084
2022-07-05,11.516493,109.65789,0.08324583426414918,False,False,1.0,1.0,1417350.2060277825,58142.731794184496,1475492.937821967,1,0.039405632045932566
2022-07-06,11.749734,110.193436,0.08382696867772868,False,False,1.0,1.0,1423360.795285491,53388.255378916954,1476749.050664408,1,0.0361525577787891
2022-07-07,13.324143,115.126244,0.09022317874933201,False,False,1.0,1.0,1443522.2268590394,40446.19238732537,1483968.4192463649,1,0.027255426640322992
2022-07-08,13.518513,115.674713,0.09015719979763559,False,False,1.0,1.0,1447707.6827729663,36932.59219971619,1484640.2749726826,1,0.024876458508035392
2022-07-11,12.546658,113.009865,0.08989927829454858,False,False,1.0,1.0,1447793.6260544516,34277.483284093956,1482071.1093385455,1,0.023128096262123442
2022-07-12,12.60497,113.326027,0.08754137558167506,False,False,1.0,1.0,1451320.0141617896,30993.112558288845,1482313.1267200783,1,0.02090861370624671
2022-07-13,12.915964,113.964813,0.07800971179828371,False,False,1.0,1.0,1454578.962943886,28582.006418557597,1483160.9693624435,1,0.01927100767143566
2022-07-14,13.67401,116.381233,0.07923379294393845,False,False,1.0,1.0,1457688.4178693611,27233.55201583705,1484921.9698851982,1,0.018340055954551283
2022-07-15,14.68474,119.158974,0.08006605016754642,False,False,1.0,1.0,1477195.5631797458,9807.655404847132,1487003.218584593,1,0.00659558451674541
2022-07-18,14.500088,118.778282,0.06532220474214293,False,False,1.0,1.0,1477283.2570115917,9684.329885579114,1486967.5868971709,1,0.006512804966910701
2022-07-19,16.472956,124.014374,0.07086817633267374,False,False,1.0,1.0,1481373.4660205694,6995.691822707998,1488369.1578432773,1,0.004700239712602693
2022-07-20,17.687771,127.176048,0.07058033955481584,False,False,1.0,1.0,1482211.8608899936,6760.436648526744,1488972.2975385203,1,0.004540337425822288
2022-07-21,18.562445,129.253693,0.07026066148405959,False,False,1.0,1.0,1483008.6596647236,6385.270937634585,1489393.9306023582,1,0.0042871605734637165
2022-07-22,17.153252,126.069443,0.07297371045572906,False,False,1.0,1.0,1464340.5945739765,24636.778870523623,1488977.3734445001,1,0.016546106952270576
2022-07-25,16.813101,125.272606,0.06853007464024026,False,False,1.0,1.0,1445259.424793921,43296.04346713013,1488555.468261051,1,0.029085945663623207
2022-07-26,15.967591,123.185249,0.06966916879481781,False,False,1.0,1.0,1425590.9244493821,60852.131377828875,1486443.055827211,1,0.04093808446901079
2022-07-27,18.20286,128.821411,0.0724069777718887,False,False,1.0,1.0,1475791.822763736,19207.234959090558,1494999.0577228265,1,0.012847656899762132
2022-07-28,18.824846,130.408691,0.06972122817469305,False,False,1.0,1.0,1492955.9178049297,2770.976716243578,1495726.8945211733,1,0.0018525953677731052
2022-07-29,19.271898,131.412033,0.06865654421061329,False,False,1.0,1.0,1493327.958577647,2553.103625508493,1495881.0622031556,1,0.0017067557642238245
2022-08-01,19.446838,131.918518,0.06008080193970728,False,False,1.0,1.0,1493673.9956950026,2318.65140331423,1495992.6470983168,1,0.0015499082885277362
2022-08-02,19.359365,131.66687,0.06049142204217385,False,False,1.0,1.0,1494534.8020914013,1535.3606280931788,1496070.1627194944,1,0.001026262448348187
2022-08-03,20.943493,135.325424,0.06159873122521925,False,False,1.0,1.0,1494789.468551164,1494.8957835265044,1496284.3643346906,1,0.0009990719806734038
2022-08-04,21.448858,136.302887,0.0572256125232927,False,False,1.0,1.0,1495031.1595806305,1377.8707614385464,1496409.030342069,1,0.0009207848479259541
2022-08-05,20.953209,135.24147,0.05816872879422143,False,False,1.0,1.0,1470855.9604043067,25584.303559903365,1496440.26396421,1,0.017096775712334922
2022-08-08,19.961918,133.196075,0.05614435607383925,False,False,1.0,1.0,1447658.5217050288,47634.030498528045,1495292.552203557,1,0.03185599395137195
2022-08-09,17.192133,127.092186,0.06811317812289998,False,False,1.0,1.0,1425946.8681442,62799.169867580706,1488746.0380117807,1,0.04218259411890624
2022-08-10,19.349649,132.366959,0.07188370874624393,False,False,1.0,1.0,1457576.9342509648,39104.995302598356,1496681.9295535632,1,0.026127792773086238
2022-08-11,19.223309,132.195953,0.07157484741202995,False,False,1.0,1.0,1457663.463421347,38849.66637613926,1496513.1297974864,1,0.025960123972581878
2022-08-12,20.992085,136.064133,0.07233530721136494,False,False,1.0,1.0,1461988.4372667389,38181.87331382966,1500170.3105805686,1,0.025451692414212093
2022-08-15,21.167019,136.570663,0.07202105062752376,False,False,1.0,1.0,1500539.0670597833,0.0,1500539.0670597833,0,0.0
2022-08-16,20.545029,135.173737,0.06801144493627792,False,False,1.0,1.0,1481649.4476671442,18958.613794558616,1500608.061461703,1,0.01263395438252646
2022-08-17,18.999779,131.908829,0.06925183430185379,False,False,1.0,1.0,1462257.534802393,36991.93808006812,1499249.4728824613,1,0.02467363754275485
2022-08-18,20.302065,134.915634,0.06997767544972414,False,False,1.0,1.0,1466293.3680756334,35574.70106572115,1501868.0691413546,1,0.023686968114356312
2022-08-19,18.630474,131.273315,0.07043102314467552,False,False,1.0,1.0,1447584.3286657028,51421.816243217996,1499006.1449089209,1,0.03430393959215049
2022-08-22,16.560421,126.334007,0.07541167235650009,False,False,1.0,1.0,1429578.6313770404,63780.766997971776,1493359.3983750122,1,0.04270958957862008
2022-08-23,16.842258,126.963097,0.07453125410270128,False,False,1.0,1.0,1436144.019832999,58379.61002899343,1494523.6298619923,1,0.03906235328937846
2022-08-24,16.920006,127.282509,0.06816157254633916,False,False,1.0,1.0,1442088.67001386,52784.19418414123,1494872.8641980013,1,0.03531015609976968
2022-08-25,18.776253,131.94754,0.07190924633196571,False,False,1.0,1.0,1464608.0731379278,36120.08532007181,1500728.1584579996,1,0.024068373153726424
2022-08-26,15.530254,124.462807,0.08315893237835949,False,False,1.0,1.0,1448200.4129849167,46352.87161632272,1494553.2846012395,1,0.031014532632531795
2022-08-29,14.626429,121.949623,0.083722258657974,False,False,1.0,1.0,1431998.9437915802,59925.445961779355,1491924.3897533596,1,0.04016654354158393
2022-08-30,14.062754,120.53009,0.08387067581337519,False,False,1.0,1.0,1415566.018897091,74116.48688596665,1489682.5057830578,1,0.04975321022985835
2022-08-31,13.644854,119.268669,0.08088492360339111,False,False,1.0,1.0,1399009.4346105726,88536.99097567619,1487546.4255862487,1,0.059518808591660165
2022-09-01,12.847933,117.055511,0.0805915717706028,False,False,1.0,1.0,1382360.4640002034,100080.34684024814,1482440.8108404516,1,0.06751051786243581
2022-09-02,12.498063,115.771492,0.08059092061491335,False,False,1.0,1.0,1365095.0300907458,114684.13602813106,1479779.1661188768,1,0.07750084516253962
2022-09-06,12.07045,114.435837,0.0804468482847896,False,False,1.0,1.0,1347952.9861555307,127965.14945814878,1475918.1356136794,1,0.08670206454570159
2022-09-07,12.624404,116.371552,0.07627795702598326,False,False,1.0,1.0,1361404.207971655,120454.11481858972,1481858.3227902448,1,0.08128585099267945
2022-09-08,13.265831,118.333076,0.07133010440335882,False,False,1.0,1.0,1391132.3773763408,96898.94253112105,1488031.3199074618,1,0.06511888643388705
2022-09-09,14.237686,121.172112,0.07407147959089078,False,False,1.0,1.0,1432034.8104598837,63139.47712136971,1495174.2875812533,1,0.042228840908915426
2022-09-12,14.364028,121.762489,0.0702942357428966,False,False,1.0,1.0,1438483.8073735007,57329.78628332178,1495813.5936568223,1,0.03832682529857707
2022-09-13,11.749734,114.200348,0.08080171648135842,False,False,1.0,1.0,1421888.6477313363,63558.5041850742,1485447.1519164105,1,0.042787455685027814
2022-09-14,12.109324,115.497261,0.08189169037729216,False,False,1.0,1.0,1428517.2618541203,58953.289335671565,1487470.5511897919,1,0.03963324805893888
2022-09-15,11.574801,113.580902,0.0811221507331656,False,False,1.0,1.0,1411821.1296439911,73114.18317709664,1484935.3128210877,1,0.04923728498192554
2022-09-16,11.72058,114.261627,0.0788025339043531,False,False,1.0,1.0,1419301.4801676394,66631.5187410681,1485932.9989087076,1,0.044841536455549016
2022-09-19,11.914951,114.861694,0.07812763049760023,False,False,1.0,1.0,1426153.017000253,60962.866408477,1487115.8834087302,1,0.04099402547482677
2022-09-20,11.407932,113.335724,0.07505712051222854,False,False,1.0,1.0,1408635.9214745166,75951.83407397203,1484587.7555484886,1,0.05116021857927235
2022-09-21,11.115421,112.190437,0.07460030426420952,False,False,1.0,1.0,1390088.7653086649,92615.41459525443,1482704.1799039193,1,0.06246385209574037
2022-09-22,10.247636,109.138451,0.07552865832993963,False,False,1.0,1.0,1372437.054504565,103100.36049848278,1475537.4150030478,1,0.06987309128875585
2022-09-23,9.77962,107.676994,0.06921914688646186,False,False,1.0,1.0,1354382.3646256856,116508.67315356375,1470891.0377792493,1,0.0792095880395522
2022-09-26,9.311604,106.062271,0.05876151373673897,False,False,1.0,1.0,1334750.561430892,130624.34896410655,1465374.9103949985,1,0.08914056603364129
2022-09-27,9.565111,107.048355,0.05929229453797886,False,False,1.0,1.0,1348235.2344097185,120762.51926413245,1468997.753673851,1,0.0822074226880978
2022-09-28,9.916125,108.566414,0.06046585312715908,False,False,1.0,1.0,1379677.9184892946,93802.00441629616,1473479.9229055909,1,0.0636601849527245
2022-09-29,9.058094,105.189743,0.0626002825618255,False,False,1.0,1.0,1358158.5441652436,107263.84214086039,1465422.386306104,1,0.07319653578600009
2022-09-30,8.638825,103.386261,0.06223777886593029,False,False,1.0,1.0,1336443.4045630575,124071.65643027538,1460515.0609933329,1,0.08495061758958593
2022-10-03,9.457859,106.9608,0.06689832146929578,False,False,1.0,1.0,1373907.9490306312,98414.29593192368,1472322.244962555,1,0.06684290498811735
2022-10-04,10.764407,111.97879,0.073910765411363,False,False,1.0,1.0,1421592.295702971,64362.04996226155,1485954.3456652325,1,0.043313611989504244
2022-10-05,11.134921,112.893517,0.07355363384026314,False,False,1.0,1.0,1439757.2277162669,48479.84697520647,1488237.0746914733,1,0.03257535227393581
2022-10-06,10.910661,112.442635,0.07241270644043732,False,False,1.0,1.0,1420731.0895645951,66594.83471596034,1487325.9242805555,1,0.04477487659483471
2022-10-07,8.980091,105.695763,0.0807332029614439,False,False,1.0,1.0,1404513.8685873875,71095.62569794971,1475609.4942853372,1,0.04818051521983635
2022-10-10,8.073305,102.101746,0.08243480868237582,False,False,1.0,1.0,1388592.3031465162,79904.58260446871,1468496.885750985,1,0.054412497145750326
2022-10-11,7.38103,99.231071,0.07347860504399327,False,False,1.0,1.0,1372727.7540156734,88982.9788438432,1461710.7328595165,1,0.06087591535280549
2022-10-12,7.156772,98.267693,0.07240392681686893,False,False,1.0,1.0,1353878.298477742,105190.31994885579,1459068.6184265977,1,0.07209415555951638
2022-10-13,7.800295,101.096207,0.07644090562577373,False,False,1.0,1.0,1386004.7259197375,82572.60038023903,1468577.3262999766,1,0.05622625305558645
2022-10-14,6.757006,96.882629,0.08081853310463911,False,False,1.0,1.0,1369817.3877392353,87780.92018009607,1457598.3079193314,1,0.060222984414272644
2022-10-17,7.14702,98.93589,0.0824255959548658,False,False,1.0,1.0,1379174.7359211044,83562.86688675359,1462737.602807858,1,0.05712772183223229
2022-10-18,7.215273,99.276489,0.08267020043286878,False,False,1.0,1.0,1387684.7629683926,75924.79208474698,1463609.5550531396,1,0.051875031713625536
2022-10-19,7.38103,99.912254,0.08328959686257915,False,False,1.0,1.0,1409893.4200035906,55521.90726628798,1465415.3272698787,1,0.037888171519078674
2022-10-20,7.507784,100.531792,0.08240794159948317,False,False,1.0,1.0,1415619.344007357,50827.84358294013,1466447.187590297,1,0.03466053466709682
2022-10-21,8.365818,104.268524,0.08650390392221849,False,False,1.0,1.0,1431491.5403243965,40833.726661096596,1472325.266985493,1,0.02773417503368767
2022-10-24,8.463324,104.719406,0.08604402220468316,False,False,1.0,1.0,1435703.6004993063,37178.68987518839,1472882.2903744946,1,0.025242132462421928
2022-10-25,9.028842,107.109985,0.08718399072066055,False,False,1.0,1.0,1447680.0431678882,27760.555641239884,1475440.5988091282,1,0.018815095411937457
2022-10-26,8.785082,106.055801,0.08684626644601681,False,False,1.0,1.0,1431699.2192441735,43060.84029359959,1474760.059537773,1,0.029198539799820688
2022-10-27,8.307316,104.174461,0.08540869017905818,False,False,1.0,1.0,1416110.296339479,56376.35695193982,1472486.653291419,1,0.038286497759367065
2022-10-28,9.262852,108.258263,0.08835847070705538,False,False,1.0,1.0,1439916.4112412774,39116.575424730756,1479032.9866660081,1,0.026447398927123437
2022-10-31,8.697328,105.900108,0.08705500053732092,False,False,1.0,1.0,1424698.9759785796,52015.11584825344,1476714.091826833,1,0.035223552166354616
2022-11-01,8.872835,106.753197,0.08147715557136095,False,False,1.0,1.0,1430085.0366266456,47758.27545939328,1477843.3120860388,1,0.03231619689910187
2022-11-02,8.034304,103.382988,0.08315605795938251,False,False,1.0,1.0,1414194.0044640077,59203.881465722174,1473397.8859297298,1,0.040181869426508574
2022-11-03,7.693041,101.997955,0.08337439705098955,False,False,1.0,1.0,1397718.0896771066,73231.49601045776,1470949.5856875645,1,0.049785184157910646
2022-11-04,8.765581,106.717514,0.07856101497304752,False,False,1.0,1.0,1442363.4537166744,38836.85740494366,1481200.311121618,1,0.026219855014434204
2022-11-07,9.350603,109.023781,0.0757623073739498,False,False,1.0,1.0,1446588.0686315196,37285.97474886314,1483874.0433803827,1,0.02512745264006555
2022-11-08,9.916125,111.424133,0.07297793399163657,False,False,1.0,1.0,1476638.5769926915,9548.175010485851,1486186.7520031773,1,0.00642461319051338
2022-11-09,9.009342,107.862549,0.07648308804004765,False,False,1.0,1.0,1458868.145065636,26514.23272251547,1485382.3777881514,1,0.017850105884517898
2022-11-10,11.778447,119.024094,0.09451173148400994,False,False,1.0,1.0,1488966.4372548314,4623.683812918413,1493590.1210677498,1,0.003095684517257651
2022-11-11,12.88999,122.66674,0.08731907998403143,False,False,1.0,1.0,1492850.322933864,1260.9583266416698,1494111.2812605058,1,0.0008439520820550015
2022-11-14,12.451222,121.323875,0.08836754319557473,False,False,1.0,1.0,1477012.6641609066,17127.463130246204,1494140.1272911527,1,0.01146309025332046
2022-11-15,13.523762,124.840027,0.08908252562023579,False,False,1.0,1.0,1478958.878322884,16742.530294095002,1495701.408616979,1,0.011193765144325307
2022-11-16,11.8272,119.685791,0.09647755956023793,False,False,1.0,1.0,1464906.6250088192,28767.259732382823,1493673.884741202,1,0.019259397935692715
2022-11-17,12.061207,120.623238,0.09647010224603754,False,False,1.0,1.0,1467924.4730643004,26402.7907712333,1494327.2638355338,1,0.017668680355509597
2022-11-18,12.178212,120.892448,0.09442141582056449,False,False,1.0,1.0,1470675.0009836217,23993.03030479042,1494668.0312884122,1,0.01605241418330751
2022-11-21,11.593188,118.887833,0.09563659883466648,False,False,1.0,1.0,1470762.3077217753,22840.439221548502,1493602.7469433239,1,0.015292178103107897
2022-11-22,12.577977,122.429977,0.09616318330582405,False,False,1.0,1.0,1473325.3516884046,22302.568308103127,1495627.9199965077,1,0.014911842718311386
2022-11-23,12.987494,123.909088,0.09565047677799708,False,False,1.0,1.0,1487010.2654504285,9418.448272573634,1496428.713723002,1,0.006293950514449328
2022-11-25,12.538975,122.258041,0.09489769767851197,False,False,1.0,1.0,1487098.5419328534,9093.185138610574,1496191.727071464,1,0.006077553413832135
2022-11-28,11.544436,119.202499,0.09518180542772078,False,False,1.0,1.0,1487186.8236558188,8371.951763907407,1495558.7754197263,1,0.005597875457323857
2022-11-29,11.437183,118.741898,0.09373113092066951,False,False,1.0,1.0,1487275.1106196358,8294.17256858471,1495569.2831882206,1,0.005545829713019635
2022-11-30,13.47501,125.865028,0.09958631170003814,False,False,1.0,1.0,1488339.6827572912,8794.792605230168,1497134.4753625214,1,0.005874417261749695
2022-12-01,13.162999,124.96003,0.09615445221706273,False,False,1.0,1.0,1488428.03816068,8591.15104685281,1497019.189207533,1,0.005738838291979845
2022-12-02,12.704732,123.549026,0.09587355501962898,False,False,1.0,1.0,1488516.3988092947,8292.051957292135,1496808.450766587,1,0.005539821714024517
2022-12-05,12.275717,121.985573,0.09338661280685512,False,False,1.0,1.0,1488604.764703446,8012.044896107555,1496616.8095995537,1,0.005353437730163755
2022-12-06,11.427433,119.419838,0.09467763293512495,False,False,1.0,1.0,1488693.1358434458,7458.391737383735,1496151.5275808296,1,0.004985051045894678
2022-12-07,11.407932,119.163559,0.09400375914046344,False,False,1.0,1.0,1488781.5122296053,7445.663936024434,1496227.1761656299,1,0.004976292407083115
2022-12-08,12.304966,122.608383,0.09192476995795944,False,False,1.0,1.0,1489672.251874605,7228.021469814701,1496900.2733444197,1,0.004828659329232159
2022-12-09,12.012454,121.473083,0.07039090950219408,False,False,1.0,1.0,1489760.6863860653,7056.197913684726,1496816.88429975,1,0.004714135702033986
2022-12-12,12.655979,123.623657,0.06833981229983586,False,False,1.0,1.0,1490591.847707143,6690.788023320957,1497282.635730464,1,0.004468620595507534
2022-12-13,13.289753,125.74836,0.06872099100823334,True,False,1.0,1.0,1491382.2601835004,6323.25861039785,1497705.5187938982,1,0.004221963884789561
2022-12-14,12.67548,123.86174,0.06694200159486366,False,False,1.0,1.0,1412681.1820884454,84737.21860461708,1497418.4006930625,2,0.05658887226535847
2022-12-15,11.115421,118.621567,0.06666543207779449,False,False,1.0,1.0,1434131.0988216384,52884.401937980074,1487015.5007596184,1,0.035564122842677105
2022-12-16,10.83266,117.723785,0.06662424741855796,False,False,1.0,1.0,1413320.2019216076,72413.01546055799,1485733.2173821656,1,0.04873890858289376
2022-12-19,10.423144,116.266571,0.06692300302528528,False,False,1.0,1.0,1392760.5399474688,90297.24307156718,1483057.783019036,1,0.060885856306792434
2022-12-20,10.186345,115.557465,0.06632200921611445,False,False,1.0,1.0,1371968.1721060406,109098.7752470077,1481066.9473530483,1,0.07366228477516712
2022-12-21,10.900661,118.15966,0.06542676352503209,False,False,1.0,1.0,1406007.843567879,82759.11255666554,1488766.9561245444,1,0.05558903105432859
2022-12-22,9.569879,113.384621,0.070195448858978,False,False,1.0,1.0,1386917.1415053096,91809.53535130054,1478726.6768566102,1,0.062086886500528835
2022-12-23,9.560095,113.482208,0.07010152372448814,False,False,1.0,1.0,1386999.4759514877,91715.67162597265,1478715.1475774604,1,0.06202389403816414
2022-12-27,9.070836,111.432976,0.06885231367971176,False,False,1.0,1.0,1367717.9704156267,106365.27138735351,1474083.2418029802,1,0.07215689614465466
2022-12-28,8.669645,109.790344,0.06924449561945381,False,False,1.0,1.0,1347945.823816616,121493.20747043964,1469439.0312870557,1,0.08267999208107728
2022-12-29,9.462245,113.293541,0.06046207374615831,False,False,1.0,1.0,1382898.500724887,97694.92014802495,1480593.420872912,1,0.06598362438381433
2022-12-30,9.462245,113.189453,0.060571630706848754,False,False,1.0,1.0,1392740.898513626,87925.42813322245,1480666.3266468486,1,0.05938233790481372
2023-01-03,9.158901,112.086777,0.06052806324315756,False,False,1.0,1.0,1370149.5283704554,107889.24210285582,1478038.7704733112,1,0.07299486607398432
2023-01-04,9.853647,114.971962,0.0635421571274542,False,False,1.0,1.0,1423088.3756185097,63303.77338780735,1486392.1490063171,1,0.0425888776593224
2023-01-05,9.364391,113.033333,0.06266609718945117,False,False,1.0,1.0,1401947.004986361,81499.56520101415,1483446.570187375,1,0.05493933306321905
2023-01-06,10.636462,118.29303,0.06980115282600184,False,False,1.0,1.0,1449876.4479036946,44819.79951545045,1494696.247419145,1,0.029985891509957084
2023-01-09,11.282281,120.472389,0.06889561480842452,False,False,1.0,1.0,1465701.0966485555,31929.776774223898,1497630.8734227794,1,0.021320191337435228
2023-01-10,11.712828,122.030441,0.0693404314960143,False,False,1.0,1.0,1478789.3725258056,20278.050611158636,1499067.4231369642,1,0.01352711045426134
2023-01-11,12.133589,123.604805,0.0687555185714993,True,False,1.0,1.0,1488543.4508037255,11475.351467638819,1500018.8022713643,1,0.007650138418440201
2023-01-12,12.544565,125.107536,0.068234639805559,True,False,1.0,1.0,1489961.3490652032,10677.629112480776,1500638.978177684,1,0.007115388356396861
2023-01-13,12.671771,125.624748,0.06747010781698097,True,False,1.0,1.0,1491271.746921599,9707.313393701628,1500979.0603153005,1,0.0064673209975777265
2023-01-17,12.779409,125.767876,0.05997431997176169,True,False,1.0,1.0,1492482.8201788643,8810.79332433975,1501293.613503204,2,0.005868800909490411
2023-01-18,12.544565,125.107536,0.05978829887097019,True,False,1.0,1.0,1399882.8227628968,101374.76533056652,1501257.5880934633,2,0.06752656315250229
2023-01-19,11.517126,121.597816,0.06253987484624042,True,False,1.0,1.0,1312351.8351925882,180720.13999589536,1493071.9751884835,2,0.12103913474973735
2023-01-20,12.515208,125.403549,0.0645106866690801,True,False,1.0,1.0,1427341.946831819,81499.37934830686,1508841.3261801258,3,0.05401454608526374
2023-01-23,14.423316,131.700851,0.0698918428588192,True,False,1.0,1.0,1521410.6457656915,0.0,1521410.6457656915,3,0.0
2023-01-24,14.129761,130.705536,0.061819494218760866,True,False,1.0,1.0,1402060.0460777385,119450.10381182059,1521510.149889559,3,0.07850759577285175
2023-01-25,14.217825,131.06012,0.061714249745458576,True,False,1.0,1.0,1414288.348375669,108175.12093838447,1522463.4693140534,4,0.07105268738377205
2023-01-26,14.912571,133.268723,0.05955963972203225,True,False,1.0,1.0,1425845.7747451414,102114.93349260668,1527960.7082377481,4,0.06683086347840678
2023-01-27,14.658158,132.419739,0.05813627049450914,True,False,1.0,1.0,1238573.7860673235,287650.955410498,1526224.7414778215,4,0.1884722135561567
2023-01-30,13.50351,128.903519,0.061026974877226366,True,False,1.0,1.0,1058135.790139736,445415.0191603448,1503550.8093000806,4,0.2962420800183602
2023-01-31,14.208043,131.307312,0.06130599326304404,True,False,1.0,1.0,1105126.9211750934,421788.71793840284,1526915.6391134963,4,0.2762357704210082
2023-02-01,16.439056,138.154358,0.06600470476443432,True,False,1.0,1.0,1592907.6037365643,0.0,1592907.6037365643,4,0.0
2023-02-02,17.534994,141.355057,0.06573198014373803,True,False,1.0,1.0,1593156.4007337193,0.0,1593156.4007337193,4,0.0
2023-02-03,16.566263,138.596725,0.06612099492096503,True,False,1.0,1.0,1429250.383770593,163965.2521472332,1593215.635917826,4,0.10291466418654335
2023-02-06,15.754097,136.34581,0.06404207236396758,True,False,1.0,1.0,1265194.0752660397,320016.60571465467,1585210.6809806945,4,0.20187638750747983
2023-02-07,17.212084,140.681763,0.06532547354570414,True,False,1.0,1.0,1479449.919829233,135393.9881942719,1614843.908023505,4,0.08384339038686899
2023-02-08,16.135715,137.656693,0.06791535705529002,True,False,1.0,1.0,1315796.656379676,290622.08725164935,1606418.7436313252,4,0.1809130330456026
2023-02-09,16.223783,138.007996,0.06779735520311637,True,False,1.0,1.0,1345198.3388493636,262987.4604701461,1608185.7993195096,4,0.16353052028032272
2023-02-10,15.460543,135.812408,0.06904651178312778,True,False,1.0,1.0,1184788.8994214388,411049.37222712336,1595838.271648562,4,0.2575758330463485
2023-02-13,16.067219,137.80957,0.06933016468874155,True,False,1.0,1.0,1227655.8060877377,384461.1573504979,1612116.9634382357,4,0.238482173483579
2023-02-14,16.957668,140.310898,0.06995543020412327,True,False,1.0,1.0,1426629.1796371937,206818.55178800708,1633447.7314252008,4,0.12661473508402724
2023-02-15,17.163162,140.883423,0.0695361807907499,True,False,1.0,1.0,1447766.8183275147,188392.31184669136,1636159.130174206,4,0.1151430251326671
2023-02-16,15.930228,137.429001,0.0687396521213725,True,False,1.0,1.0,1295396.5135919757,327279.131273724,1622675.6448656996,4,0.2016910356110085
2023-02-17,15.166987,135.288696,0.0683241729491673,True,False,1.0,1.0,1137287.6136719957,469727.0769131471,1607014.690585143,4,0.2922979358341217
2023-02-21,13.709,130.907211,0.06508782535618962,True,False,1.0,1.0,986273.06370169,575590.2466390113,1561863.3103407011,4,0.3685279261175893
2023-02-22,13.532867,130.279465,0.06499891304915759,True,False,1.0,1.0,986427.1101611633,568195.0728910159,1554622.1830521792,4,0.3654875628852036
2023-02-23,14.75601,134.563293,0.06795708019277082,True,False,1.0,1.0,1210898.0944091133,395043.9377565899,1605942.0321657031,4,0.24598891482020116
2023-02-24,14.002554,132.153046,0.06808923873303244,True,False,1.0,1.0,1051513.917695757,534261.6145524264,1585775.5322481834,4,0.33690872616441103
2023-02-27,14.188471,132.852356,0.06809815617716275,True,False,1.0,1.0,1105767.9856560929,487219.68021271355,1592987.6658688064,4,0.3058527637418879
2023-02-28,14.335248,133.307739,0.06543713792196935,True,False,1.0,1.0,1155125.1384360162,443033.8865757239,1598159.0250117402,4,0.2772151454530436
2023-03-01,14.364606,133.343552,0.06446075172665741,True,False,1.0,1.0,1199662.2110467132,399547.08162551955,1599209.2926722327,4,0.24984039516046574
2023-03-02,14.687512,134.410446,0.05503176136566323,True,False,1.0,1.0,1240667.9696781572,367675.75110280217,1608343.7207809594,4,0.2286052081729587
2023-03-03,15.34312,136.482407,0.05381562671673097,True,False,1.0,1.0,1393728.2567447019,231092.10221550928,1624820.3589602113,4,0.14222624731474592
2023-03-06,14.844076,134.895081,0.052904631443243005,True,False,1.0,1.0,1189241.1655425576,428044.0377016357,1617285.2032441932,4,0.26466824580043197
2023-03-07,14.335248,133.473633,0.05232786203961584,True,False,1.0,1.0,981621.6721774031,620936.6886611126,1602558.3608385157,4,0.38746588195154175
2023-03-08,15.470326,137.022415,0.051234604538005254,True,False,1.0,1.0,1272540.118958315,379092.2916106552,1651632.4105689703,4,0.22952582498672439
2023-03-09,14.589663,134.299866,0.0508877176755391,True,False,1.0,1.0,1063281.9706284422,566727.0848099268,1630009.055438369,4,0.34768339655482045
2023-03-10,13.748139,131.704163,0.052233295985439625,True,False,1.0,1.0,852750.6190065794,744492.6363411488,1597243.2553477283,4,0.46611099082654683
2023-03-13,13.718785,131.743195,0.05138965597492431,True,False,1.0,1.0,852883.8105318337,742903.0512455109,1595786.8617773447,4,0.4655402729773608
2023-03-14,14.893003,135.594467,0.05422492228668206,True,False,1.0,1.0,1285881.350194688,373259.6373356431,1659140.9875303311,3,0.22497162094177936
2023-03-15,14.374388,134.01358,0.05288296119378969,True,False,1.0,1.0,1078677.4363455724,567426.9198045109,1646104.3561500832,4,0.3447089594803161
2023-03-16,16.067219,139.247284,0.05917572532643726,True,False,1.0,1.0,1681805.3835774132,30782.407474345673,1712587.791051759,4,0.017974207007187142
2023-03-17,15.783448,138.3853,0.05689661041279847,True,False,1.0,1.0,1487681.576823237,224400.7145364967,1712082.2913597336,4,0.1310688835863596
2023-03-20,16.253138,139.849045,0.056064682018506784,True,False,1.0,1.0,1511002.288132439,207970.66664991443,1718972.9547823532,4,0.12098542101626406
2023-03-21,16.336441,140.125549,0.05038529324712036,True,False,1.0,1.0,1532124.3092118918,188132.92995551354,1720257.2391674053,4,0.10936325432734048
2023-03-22,15.915042,138.733368,0.05076955458866653,True,False,1.0,1.0,1306458.6544370896,408924.0704907074,1715382.724927797,4,0.23838649215026905
2023-03-23,17.140028,142.513474,0.04983004809204946,True,False,1.0,1.0,1746690.1193533088,0.0,1746690.1193533088,4,0.0
2023-03-24,16.238438,140.041672,0.04993405210159538,True,False,1.0,1.0,1524856.6968281562,221849.70372125242,1746706.4005494087,4,0.12701029987150206
2023-03-27,15.650444,138.398132,0.050875228865316785,True,False,1.0,1.0,1299610.2533367302,439040.69812506065,1738650.9514617908,4,0.25251802137509666
2023-03-28,15.317249,137.36116,0.05119418312522107,True,False,1.0,1.0,1075020.8840049754,654226.3229111144,1729247.2069160899,4,0.37833013133955007
2023-03-29,16.738232,141.77652,0.05463395821408219,True,False,1.0,1.0,1632451.0639547885,157185.99676895794,1789637.0607237464,4,0.08783121461811391
2023-03-30,17.590826,144.111343,0.055359658657776686,True,False,1.0,1.0,1797759.187859331,0.0,1797759.187859331,3,0.0
2023-03-31,17.933823,145.004807,0.05482255615121525,True,False,1.0,1.0,1798039.9807229585,0.0,1798039.9807229585,4,0.0
2023-04-03,17.453629,143.752609,0.054605659826685714,True,False,1.0,1.0,1581480.4046039807,216589.95976177225,1798070.364365753,4,0.12045688759136612
2023-04-04,16.454039,141.072128,0.05585538631447057,True,False,1.0,1.0,1370050.0453001144,415618.4780712603,1785668.5233713747,4,0.23275231244294156
2023-04-05,15.601445,138.626404,0.05489102059561951,True,False,1.0,1.0,1162059.3550521564,602046.7004526824,1764106.055504839,4,0.34127579720845813
2023-04-06,15.346647,137.912216,0.05329117794592428,True,False,1.0,1.0,942503.6287768063,811697.6889056071,1754201.3176824134,4,0.4627163830762551
2023-04-10,16.062042,140.34819,0.05202401387156261,True,False,1.0,1.0,1027532.6970910515,764582.0050108873,1792114.702101939,4,0.426636757186425
2023-04-11,15.885644,139.611221,0.05215130264380938,True,False,1.0,1.0,1027693.1879123114,756185.143857124,1783878.3317694354,4,0.42389950614348304
2023-04-12,15.023251,137.057877,0.050844367966312226,True,False,1.0,1.0,805650.1804340284,937080.5662703754,1742730.7467044038,4,0.5377081732461796
2023-04-13,15.356448,138.186142,0.05032955739765719,True,False,1.0,1.0,901481.5595311568,862077.4617269868,1763559.0212581437,4,0.48882824523330703
2023-04-14,15.268248,137.970917,0.043440607181904844,True,False,1.0,1.0,901622.3623652168,857126.106301284,1758748.4686665009,4,0.48735002279840783
2023-04-17,15.268248,137.970917,0.043293444914718184,True,False,1.0,1.0,987403.4593168132,771413.4956711556,1758816.9549879688,4,0.43859794135111263
2023-04-18,15.464247,138.567688,0.04282535057165827,True,False,1.0,1.0,1228563.581820062,540106.6839874416,1768670.2658075034,3,0.30537443548916715
2023-04-19,14.954652,137.051361,0.04333233741477572,True,False,1.0,1.0,955585.7580099725,795162.6898485661,1750748.4478585385,4,0.45418443227591293
2023-04-20,14.895851,136.924164,0.04303010451350897,True,False,1.0,1.0,955735.0114045569,792036.1469289593,1747771.1583335162,4,0.4531692511073123
2023-04-21,14.562656,135.919769,0.03912513462073259,True,False,1.0,1.0,952988.172549263,776787.4152239525,1729775.5877732155,3,0.4490683188701552
2023-04-24,14.337258,135.310013,0.037669424451114715,True,False,1.0,1.0,665366.6693351251,1052202.421358332,1717569.090693457,4,0.6126114093806336
2023-04-25,12.935872,130.764236,0.04300607721287217,True,False,1.0,1.0,466860.494621283,1147736.278759177,1614596.7733804602,4,0.7108501005834271
2023-04-26,13.102469,131.462067,0.04318650400152696,True,False,1.0,1.0,583087.062375747,1046265.8498287344,1629352.9122044814,4,0.6421358086340901
2023-04-27,13.269069,132.016418,0.037168117049307496,True,False,1.0,1.0,689045.6398397463,953612.359498733,1642657.9993384792,4,0.5805300676603198
2023-04-28,13.94526,134.396942,0.03717001868316254,True,False,1.0,1.0,962370.2263211331,728760.6463539455,1691130.8726750785,4,0.43093095757939265
2023-05-01,14.366656,135.613266,0.03769782086960388,True,False,1.0,1.0,1037535.3997398025,675704.0142137408,1713239.4139535432,4,0.3944013946389769
2023-05-02,14.062861,134.64476,0.03759046164168684,True,False,1.0,1.0,750990.308931335,947791.6797008439,1698781.9886321789,4,0.5579242575228764
2023-05-03,13.563066,133.099091,0.03637913032903816,True,False,1.0,1.0,468623.2907944561,1196265.1445533521,1664888.4353478083,4,0.7185257096842306
2023-05-04,13.327868,132.352325,0.03497868425623481,True,False,1.0,1.0,284319.96653858456,1359684.1955574777,1644004.1620960622,4,0.8270564192635108
2023-05-05,14.180459,135.296967,0.038215853004662466,True,False,1.0,1.0,919440.8620832282,811051.0136632044,1730491.8757464327,4,0.4686823584845578
2023-05-08,14.356857,135.86763,0.03664053435304494,True,False,1.0,1.0,1001629.177886607,739026.0837523597,1740655.2616389669,4,0.42456774758288857
2023-05-09,13.661064,133.555588,0.03793745358293266,True,False,1.0,1.0,723152.6580567579,981520.9467525951,1704673.6048093531,4,0.5757823339221388
2023-05-10,14.023662,134.915421,0.036862109068907106,True,False,1.0,1.0,823937.8628791561,906815.6186707384,1730753.4815498944,4,0.5239426806518295
2023-05-11,13.788464,134.031723,0.03647594375284825,True,False,1.0,1.0,536137.4961818983,1179203.4473379056,1715340.943519804,4,0.6874455202580498
2023-05-12,13.739465,133.907822,0.03647807111108206,True,False,1.0,1.0,536221.2357527305,1175013.003085659,1711234.2388383895,4,0.6866465013482167
2023-05-15,14.807652,137.543762,0.040651114878487014,True,False,1.0,1.0,1446098.9394274638,355803.00586956274,1801901.9452970265,4,0.1974596935189567
2023-05-16,14.748854,137.286133,0.040513559232918286,True,False,1.0,1.0,1446324.8063094313,354390.188689694,1800714.9949991254,4,0.19680526328369144
2023-05-17,15.817043,140.677567,0.04286269255290825,True,False,1.0,1.0,1750443.3748859768,75907.61812822378,1826350.9930142006,4,0.04156244797334724
2023-05-18,17.316429,145.122208,0.04708197590308673,True,False,1.0,1.0,1822622.567822006,11136.798308900401,1833759.3661309064,4,0.006073205958532173
2023-05-19,17.04203,144.375458,0.04688091190435057,True,False,1.0,1.0,1546739.7471677423,286808.8431835808,1833548.5903513231,4,0.15642282113103195
2023-05-22,17.179232,144.874359,0.046555199012596284,True,False,1.0,1.0,1575868.72105092,260206.09581324042,1836074.8168641604,4,0.141718678031676
2023-05-23,16.581434,143.084122,0.04000534466715476,True,False,1.0,1.0,1302237.5582799495,524712.4856829217,1826950.0439628712,4,0.287206805362208
2023-05-24,15.709243,140.524246,0.042673819265327935,True,False,1.0,1.0,1024784.4196310056,774448.2087157816,1799232.6283467873,4,0.430432505788525
2023-05-25,18.766815,149.883209,0.05698822264755079,True,False,1.0,1.0,1949346.7661830352,0.0,1949346.7661830352,4,0.0
2023-05-26,22.422178,159.679108,0.06713551191437644,True,False,1.0,1.0,1949651.2355827056,0.0,1949651.2355827056,4,0.0
2023-05-30,22.412378,159.54541,0.06733234280153715,True,False,1.0,1.0,1949955.7525375965,0.0,1949955.7525375965,4,0.0
2023-05-31,20.726793,155.449646,0.07039761655760178,True,False,1.0,1.0,1767864.3310988531,182185.31657274795,1950049.647671601,4,0.09342598881535193
2023-06-01,21.716585,158.123657,0.06938492291874993,True,False,1.0,1.0,1787212.8881673212,171796.89215758513,1959009.7803249063,4,0.0876957807372928
2023-06-02,21.57939,157.751862,0.06908190791332881,True,False,1.0,1.0,1787492.0337993777,170711.5615395547,1958203.5953389325,4,0.0871776366593829
2023-06-05,20.550396,155.309418,0.07031656106467779,True,False,1.0,1.0,1604622.1618502627,345508.85469949764,1950131.0165497602,4,0.17717212421490733
2023-06-06,21.295189,157.184494,0.07040087243275485,True,False,1.0,1.0,1640645.659960252,322227.7919023754,1962873.4518626274,4,0.16416126653330818
2023-06-07,21.206989,156.952972,0.06875590926889417,True,False,1.0,1.0,1640901.9131871408,320893.19509528484,1961795.1082824257,4,0.1635712076865308
2023-06-08,21.834187,158.55954,0.06876857230827216,True,False,1.0,1.0,1674168.6862942367,297345.26791446627,1971513.954208703,4,0.15082077774783506
2023-06-09,21.95178,158.977524,0.0682813576004658,True,False,1.0,1.0,1768425.6103063002,204871.85801518208,1973297.4683214822,3,0.10382208526799018
2023-06-12,24.107765,164.09758,0.06971897095653785,True,False,1.0,1.0,1993505.1978209987,0.0,1993505.1978209987,4,0.0
2023-06-13,25.048553,166.295166,0.06890270058956599,True,False,1.0,1.0,1993816.5643471344,0.0,1993816.5643471344,4,0.0
2023-06-14,26.106943,168.656067,0.06860006896132155,True,False,1.0,1.0,1994127.9795057562,0.0,1994127.9795057562,4,0.0
2023-06-15,25.430746,167.261719,0.0689171465380499,True,False,1.0,1.0,1798206.0367750723,196006.75477186276,1994212.7915469352,4,0.09828778333119503
2023-06-16,24.734957,165.717209,0.06795016465066486,True,False,1.0,1.0,1602521.0919143823,386383.44559446274,1988904.537508845,4,0.19426947764844366
2023-06-20,24.156759,164.375122,0.06817257921188652,True,False,1.0,1.0,1403251.903555451,576640.4851133904,1979892.3886688412,4,0.29124839734400326
2023-06-21,22.35865,160.368561,0.07139046423047336,True,False,1.0,1.0,1214989.1494280435,721982.4652307675,1936971.6146588111,4,0.3727377622712047
2023-06-22,22.672728,161.116302,0.07046940941485387,True,False,1.0,1.0,1288329.5651838945,658911.9132618465,1947241.4784457409,4,0.33838222971081133
2023-06-23,21.485109,158.278687,0.07045737122740921,True,False,1.0,1.0,1101737.9476511679,810974.5767407089,1912712.5243918768,4,0.42399187875791644
2023-06-26,21.681408,158.791351,0.05922116368950481,True,False,1.0,1.0,1183679.365551904,736545.6516114654,1920225.0171633693,4,0.3835725735411567
2023-06-27,23.919237,164.339233,0.04890796328299409,True,False,1.0,1.0,1614838.3597760515,381229.46624731645,1996067.826023368,4,0.19099023654262007
2023-06-28,23.281256,163.072266,0.049372373178679506,True,False,1.0,1.0,1499985.2726991475,485849.91517962335,1985835.1878787708,3,0.24465772292946347
2023-06-29,23.369595,163.117996,0.045634986392256174,True,False,1.0,1.0,1548947.7401257684,438924.0929990605,1987871.833124829,4,0.2208010021999734
2023-06-30,24.370724,165.63884,0.04542617539120315,True,False,1.0,1.0,1789498.6306340287,217215.19847351508,2006713.8291075437,4,0.10824423259699084
2023-07-03,25.01852,167.111526,0.04555311783871478,True,False,1.0,1.0,1812058.2113647668,200690.0783326029,2012748.2896973698,4,0.0997094765201753
2023-07-05,23.408855,163.418396,0.04685214699471058,True,False,1.0,1.0,1522368.7346835406,477415.4733470315,1999784.2080305722,4,0.23873349505904934
2023-07-06,22.554947,161.357941,0.04729730763067647,True,False,1.0,1.0,1231300.4989086392,750969.8696471208,1982270.36855576,4,0.3788433109628035
2023-07-07,22.535313,161.426514,0.047277354926635214,True,False,1.0,1.0,1231492.8163198973,750316.1530846013,1981808.9694044986,4,0.3786016536750558
2023-07-10,23.870155,164.786575,0.04851311915121289,True,False,1.0,1.0,1618770.5528969842,407347.5377811574,2026118.0906781415,4,0.2010482704119276
2023-07-11,23.889791,164.793091,0.04851927340361644,True,False,1.0,1.0,1659757.2453114693,366914.36598383245,2026671.6112953017,4,0.18104283098401294
2023-07-12,25.214821,167.862549,0.045376941286034075,True,False,1.0,1.0,1926115.6324303355,120941.08913751271,2047056.7215678482,4,0.059080477772439785
2023-07-13,26.77541,171.330383,0.04653326630964478,True,False,1.0,1.0,2054734.4288019084,0.0,2054734.4288019084,4,0.0
2023-07-14,25.744831,169.188278,0.04655605454312676,True,False,1.0,1.0,1762388.415605805,292328.9095848141,2054717.325190619,4,0.14227208093341712
2023-07-17,27.540981,173.237335,0.04852212618663185,True,False,1.0,1.0,2075123.694043144,0.0,2075123.694043144,3,0.0
2023-07-18,27.737286,173.557327,0.04794510580439961,True,False,1.0,1.0,2075447.8086010704,0.0,2075447.8086010704,4,0.0
2023-07-19,26.785227,171.496872,0.04837308400139443,True,False,1.0,1.0,1779615.5094746742,295814.40031217685,2075429.9097868511,4,0.14253162629932287
2023-07-20,23.840717,165.260056,0.052498282391355594,True,False,1.0,1.0,1627717.7040432917,415177.8321117836,2042895.5361550753,3,0.2032300843405767
2023-07-21,24.459066,166.752319,0.05268815698079812,True,False,1.0,1.0,1670530.6062359735,383351.54926855315,2053882.1555045266,4,0.1866472953383173
2023-07-24,24.439434,166.745804,0.05094285812804134,True,False,1.0,1.0,1598065.979586612,455685.4020414903,2053751.3816281022,4,0.22187953523383525
2023-07-25,25.646679,169.550751,0.05179404784999466,True,False,1.0,1.0,1849947.699550759,226350.41995679075,2076298.1195075498,4,0.10901633914231733
2023-07-26,24.596474,167.209473,0.048363108519797346,True,False,1.0,1.0,1565801.43319729,501188.2889334262,2066989.722130716,4,0.24247255976521548
2023-07-27,25.970577,170.354004,0.04926115576287551,True,False,1.0,1.0,1973537.9525076882,121351.44442050921,2094889.3969281975,4,0.05792737535377795
2023-07-28,27.62932,174.073273,0.05084607261770344,True,False,1.0,1.0,1986745.521727131,116191.95450762677,2102937.476234758,4,0.055252215446587954
2023-07-31,27.88451,174.794937,0.05023152594217597,True,False,1.0,1.0,1998772.4483767399,105538.61425647524,2104311.062633215,4,0.05015352346454437
2023-08-01,28.002291,174.905945,0.050022521197855246,True,False,1.0,1.0,2009674.1326139078,95385.95762779808,2105060.090241706,4,0.0453127006064923
2023-08-02,24.812403,168.21196,0.05535179919696659,True,False,1.0,1.0,1738008.2827867211,356185.64452288405,2094193.9273096053,4,0.17008245505728928
2023-08-03,24.684809,167.780899,0.054589741471764604,True,False,1.0,1.0,1738279.7431280324,354354.0141432206,2092633.757271253,4,0.1693339854200241
2023-08-04,24.419802,167.516418,0.0546862421208066,True,False,1.0,1.0,1738551.2458688638,350549.800214482,2089101.0460833458,4,0.16779935124329867
2023-08-07,25.185375,169.279739,0.05362697906512488,True,False,1.0,1.0,1774946.2494726127,325385.74051989155,2100331.9899925045,4,0.15492109917397048
2023-08-08,24.007572,166.585785,0.0548092413063094,True,False,1.0,1.0,1502048.9905288669,583027.9299714987,2085076.9205003656,4,0.2796193868145578
2023-08-09,22.66291,163.529388,0.05473253168788682,True,False,1.0,1.0,1237514.5024153315,814835.8694254382,2052350.37184077,4,0.39702571286334765
2023-08-10,22.388088,162.869812,0.052529687222067634,True,False,1.0,1.0,1237707.7903947562,804954.7542770642,2042662.5446718205,4,0.3940713341891675
2023-08-11,20.748978,158.921951,0.054261753181622886,True,False,1.0,1.0,966833.8856031962,1016775.3467869748,1983609.232390171,4,0.5125885331567047
2023-08-14,22.505871,163.506561,0.055388280356839174,True,False,1.0,1.0,1370610.80603627,698902.6459292825,2069513.4519655525,4,0.3377135071364184
2023-08-15,21.39677,160.776703,0.055943113238632984,True,False,1.0,1.0,1106917.0571909742,928063.369653122,2034980.4268440963,4,0.456055182354942
2023-08-16,20.150263,157.664825,0.056737163827603146,True,False,1.0,1.0,848230.2023145747,1132558.141651033,1980788.3439656077,4,0.5717714086420823
2023-08-17,19.541729,156.123581,0.05161361514965608,True,False,1.0,1.0,585468.2857754711,1360945.863442312,1946414.149217783,4,0.6992067253463212
2023-08-18,19.777292,156.962769,0.05120807292088693,True,False,1.0,1.0,723178.6058561942,1239616.0730578988,1962794.678914093,4,0.6315566708911757
2023-08-21,21.475292,161.472244,0.055264084199387956,True,False,1.0,1.0,1365076.2556068804,703717.8039658985,2068794.0595727789,4,0.3401584612589333
2023-08-22,20.955097,160.048523,0.05385153226330362,True,False,1.0,1.0,1093826.322329405,957821.2825565608,2051647.6048859658,4,0.46685467829637256
2023-08-23,22.181976,163.320435,0.05529636515762231,True,False,1.0,1.0,1482084.207894945,625484.9530051263,2107569.1609000713,4,0.2967802739806664
2023-08-24,20.032484,157.922775,0.05744267810129773,True,False,1.0,1.0,1231216.3219213649,815683.1616153453,2046899.48353671,4,0.39849693068756714
2023-08-25,20.277855,158.601959,0.05505669443768106,True,False,1.0,1.0,1313906.3604996921,743106.7654645216,2057013.1259642136,4,0.36125523755041394
2023-08-28,21.023802,160.610184,0.056012673028611494,True,False,1.0,1.0,1391090.8478640607,693398.613994818,2084489.4618588786,4,0.3326467351753691
2023-08-29,22.64328,164.828995,0.059308195406758656,True,False,1.0,1.0,1842112.689301122,295626.23725509876,2137738.9265562207,4,0.13828921463826094
2023-08-30,22.967176,165.606155,0.053490757007440395,True,False,1.0,1.0,1872360.5990401248,269869.4641028176,2142230.0631429423,4,0.12597594849681198
2023-08-31,23.418669,166.752319,0.053742234970157586,True,False,1.0,1.0,1900147.2809418144,247657.147214274,2147804.4281560886,4,0.11530712199289492
2023-09-01,23.575708,167.18663,0.05374464193110217,True,False,1.0,1.0,1925354.8109080738,224386.07967656333,2149740.890584637,4,0.1043781976978351
2023-09-05,23.575708,167.131149,0.05319878680762011,True,False,1.0,1.0,1948075.2035446803,201947.471708907,2150022.6752535873,4,0.09392806598427526
2023-09-06,23.006441,165.922928,0.052416895412088244,True,False,1.0,1.0,1666503.3099843578,478621.7741811803,2145125.084165538,4,0.22312068313133634
2023-09-07,21.465481,162.125305,0.05312870725697219,True,False,1.0,1.0,1570792.2291128736,542203.1083995473,2112995.337512421,3,0.25660402499414414
2023-09-08,21.102322,161.286133,0.05318549744925583,True,False,1.0,1.0,1282774.1702326604,820960.4190922058,2103734.5893248664,4,0.39023954031942293
2023-09-11,21.053246,161.194702,0.050332636432842554,True,False,1.0,1.0,1282974.5273411537,819051.1764255756,2102025.703766729,4,0.3896485066561628
2023-09-12,20.552679,159.826492,0.046851024725787685,True,False,1.0,1.0,980198.8601825516,1102203.3350988715,2082402.1952814232,4,0.5292941668983958
2023-09-13,20.837317,160.646103,0.0457209011558011,True,False,1.0,1.0,1092004.4435286275,1005721.1647552695,2097725.608283897,4,0.479434088416372
2023-09-14,21.249546,161.795517,0.043765337124693396,True,False,1.0,1.0,1194650.2013060655,923055.8011991952,2117706.0025052605,4,0.4358753292984078
2023-09-15,19.42395,157.126083,0.047936788422726424,True,False,1.0,1.0,878053.0874651342,1160171.8319719685,2038224.9194371027,4,0.5692069706872064
2023-09-18,19.561361,157.66156,0.04788291544217473,True,False,1.0,1.0,994929.548247916,1051541.3200976897,2046470.8683456057,4,0.5138315606455565
2023-09-19,19.10224,156.33255,0.043927350958589205,True,False,1.0,1.0,676706.7681048464,1344871.2412288003,2021578.0093336466,4,0.6652581473579133
2023-09-20,18.168264,153.765945,0.0448633213555722,True,False,1.0,1.0,347187.563924018,1608359.913867097,1955547.4777911152,4,0.8224601714522508
2023-09-21,17.126143,150.928391,0.04362891212784789,True,False,1.0,1.0,117546.72630440869,1745535.0942876223,1863081.8205920309,4,0.9369073730390135
2023-09-22,17.539062,152.185547,0.038938029970908665,True,False,1.0,1.0,296176.289865426,1608858.6564819533,1905034.9463473794,4,0.8445297339908121
2023-09-25,17.912651,153.298996,0.03921440526945351,True,False,1.0,1.0,676183.9750734209,1262845.6155108227,1939029.5905842436,4,0.6512771242084646
2023-09-26,16.949181,150.515579,0.03934846060047486,True,False,1.0,1.0,348749.42569243227,1522082.6307850552,1870832.0564774876,4,0.8135859258531852
2023-09-27,17.38176,151.842712,0.03507150869762611,True,False,1.0,1.0,504765.1002933556,1404836.4631675712,1909601.5634609268,4,0.7356699376709095
2023-09-28,18.325565,154.654404,0.037635516156100286,True,False,1.0,1.0,970918.5393395064,1014648.8146893283,1985567.3540288347,4,0.5110120352404794
2023-09-29,18.551687,155.214752,0.037359132019987716,True,False,1.0,1.0,1073700.3704903158,924451.8519638373,1998152.222454153,4,0.46265336623273634
2023-10-02,18.758144,155.997925,0.03748500104383483,True,False,1.0,1.0,1167263.16754379,841265.8570718614,2008529.0246156515,4,0.41884675140945227
2023-10-03,17.588219,152.770126,0.03917916428756555,True,False,1.0,1.0,843019.1711054564,1112848.6181631126,1955867.789268569,4,0.5689794700179002
2023-10-04,18.325565,154.798599,0.041012863168119265,True,False,1.0,1.0,1296354.9774064196,705915.3138560925,2002270.291262512,4,0.3525574528756477
2023-10-05,18.089613,154.048172,0.03869175682300451,True,False,1.0,1.0,954701.562777142,1038287.3010645496,1992988.8638416915,4,0.5209699461456818
2023-10-06,19.141565,157.35791,0.041254164818328574,True,False,1.0,1.0,1576083.085334646,476908.91214373993,2052991.997478386,4,0.23229945013400416
2023-10-09,19.05308,156.964645,0.041249892211991615,True,False,1.0,1.0,1704039.497710057,346886.205751551,2050925.7034616082,3,0.1691364076066076
2023-10-10,19.711781,158.976761,0.04187489991269432,True,False,1.0,1.0,1740163.2360928778,322990.84598007053,2063154.0820729483,4,0.15655197485567648
2023-10-11,20.164022,160.172852,0.04209970288393928,True,False,1.0,1.0,1853324.5701847728,217416.22768768598,2070740.7978724588,4,0.10499441934551439
2023-10-12,20.331152,160.582474,0.04187451237026843,True,False,1.0,1.0,1936946.14310533,135815.79740590716,2072761.9405112371,4,0.06552406948016848
2023-10-13,18.65983,156.210968,0.04143625792178937,True,False,1.0,1.0,1617645.19586415,443885.3963426492,2061530.5922067992,4,0.21531836491811882
2023-10-16,19.475828,158.422943,0.042602270206317176,True,False,1.0,1.0,1988922.6354651416,91958.41565764435,2080881.051122786,4,0.04419205778630457
2023-10-17,18.97443,157.266159,0.04267317077677297,True,False,1.0,1.0,1771526.1892990833,306969.4689831765,2078495.65828226,3,0.147688289730115
2023-10-18,17.971638,154.431564,0.04293850645323997,True,False,1.0,1.0,1441147.6042978438,621019.6097449833,2062167.214042827,4,0.30114900746942336
2023-10-19,17.135977,152.052475,0.04218653008988508,True,False,1.0,1.0,1107593.1535564798,925536.919975576,2033130.0735320558,4,0.45522759808854074
2023-10-20,16.359303,149.853577,0.04301514986450798,True,False,1.0,1.0,773640.2300163399,1217327.723650242,1990967.9536665818,4,0.6114250716132331
2023-10-23,16.11352,149.001602,0.042687937041882125,True,False,1.0,1.0,428957.69486912724,1543443.6487117936,1972401.3435809207,4,0.7825200757111893
2023-10-24,16.752558,151.023514,0.04207274843842091,True,False,1.0,1.0,589354.6972041386,1444188.8749508704,2033543.572155009,4,0.7101833935234635
2023-10-25,14.717475,144.918457,0.05046828473145068,False,False,1.0,1.0,281982.9864677773,1575858.9785156273,1857841.9649834046,4,0.8482201437029677
2023-10-26,14.481523,144.056595,0.04838022575828951,False,False,1.0,1.0,1460988.4752526993,370560.92555327475,1831549.4008059741,1,0.20232101050084111
2023-10-27,14.845282,145.606613,0.048787839827955926,False,False,1.0,1.0,1499171.5065622453,341882.0861740463,1841053.5927362917,1,0.1856991494016854
2023-10-30,14.284897,143.656799,0.04885852477663647,False,False,1.0,1.0,1460753.0007867098,367584.61707582895,1828337.617862539,1,0.2010485445820244
2023-10-31,14.648654,144.970856,0.048056746581249574,False,False,1.0,1.0,1498643.8392325523,339250.4604086175,1837894.2996411698,1,0.1845864914401512
2023-11-01,15.680943,148.382202,0.04988834692047514,False,False,1.0,1.0,1672527.8785375042,189360.75838297937,1861888.6369204836,1,0.101703589907599
2023-11-02,16.79188,151.754242,0.05268718592135631,True,False,1.0,1.0,1693049.6248404053,182498.6429915845,1875548.2678319898,1,0.09730415693462312
2023-11-03,18.069952,155.742355,0.05382229439957623,True,False,1.0,1.0,1864141.9710004483,25416.86871034434,1889558.8397107928,1,0.01345121844114393
2023-11-06,17.942144,155.453979,0.053829340182759665,True,False,1.0,1.0,1864433.1322225854,25237.096281721857,1889670.2285043073,1,0.013355291257193203
2023-11-07,18.286242,156.443634,0.053389713518323396,True,False,1.0,1.0,1867294.277981318,23148.988492477794,1890443.2664737958,1,0.012245270145375544
2023-11-08,18.355059,156.600937,0.05306319252128204,True,False,1.0,1.0,1869907.5810730264,20912.495011975443,1890820.076085002,1,0.011060013206161515
2023-11-09,18.079781,155.850494,0.053020172017112996,True,False,1.0,1.0,1797363.7867875323,93350.59196442126,1890714.3787519536,1,0.04937318561359928
2023-11-10,20.252501,162.135757,0.055859360228726146,True,False,1.0,1.0,1902125.1733787742,0.0,1902125.1733787742,1,0.0
2023-11-13,19.682287,160.556259,0.055535033037010094,True,False,1.0,1.0,1834108.1722292246,68235.19144997103,1902343.3636791955,1,0.03586901962745668
2023-11-14,21.766525,166.494171,0.059432806005044636,True,False,1.0,1.0,1909791.8514513602,0.0,1909791.8514513602,1,0.0
2023-11-15,22.248259,167.703384,0.057723363801807544,True,False,1.0,1.0,1910090.142750063,0.0,1910090.142750063,1,0.0
2023-11-16,22.33674,167.785309,0.05611179939467983,True,False,1.0,1.0,1910388.4806390258,0.0,1910388.4806390258,1,0.0
2023-11-17,22.739826,168.965027,0.05432873705696137,True,False,1.0,1.0,1910686.8651255255,0.0,1910686.8651255255,1,0.0
2023-11-20,23.772114,171.455536,0.05413659012392311,True,False,1.0,1.0,1910985.2962168402,0.0,1910985.2962168402,1,0.0
2023-11-21,22.454714,168.250626,0.0565182260585451,True,False,1.0,1.0,1842803.004336223,68401.67353683754,1911204.6778730606,1,0.03578982111584214
2023-11-22,22.612019,168.788101,0.045326977533567896,True,False,1.0,1.0,1849973.1049963124,61992.771205284145,1911965.8762015966,1,0.03242357616153797
2023-11-24,22.700499,168.909332,0.04466735876950615,True,False,1.0,1.0,1856480.3353908972,56011.811978289224,1912492.1473691864,2,0.02928734220181702
2023-11-27,22.582523,168.67334,0.04508723499712017,True,False,1.0,1.0,1777427.4422738026,134971.93065928845,1912399.3729330911,2,0.0705772719702783
2023-11-28,22.159779,167.686996,0.04392586594341576,True,False,1.0,1.0,1613477.2854367513,296483.3502594901,1909960.6356962414,2,0.1552300841799352
2023-11-29,22.828306,169.505722,0.043955280985747795,True,False,1.0,1.0,1644246.2985922683,274885.02386535256,1919131.3224576209,3,0.14323408755235023
2023-11-30,22.425222,168.322723,0.0434267884652246,True,False,1.0,1.0,1401558.4438931618,512695.39012394333,1914253.8340171052,3,0.26783041047802963
2023-12-01,22.680836,169.112488,0.041773274892672796,True,False,1.0,1.0,1453587.5261280797,466685.41587777645,1920272.9420058562,3,0.24303077217257027
2023-12-04,21.933655,167.218384,0.040741600120835365,True,False,1.0,1.0,1147555.22171547,757216.8782560744,1904772.0999715445,4,0.39753673327501304
2023-12-05,21.56007,166.268051,0.04102161617241152,True,False,1.0,1.0,835806.1208983462,1055887.6383739838,1891693.75927233,4,0.5581704930824256
2023-12-06,21.107824,165.242355,0.04149749310405435,True,False,1.0,1.0,525237.6409176651,1344079.4068323497,1869317.0477500148,4,0.7190216386514732
2023-12-07,22.788982,169.672897,0.04428737597087184,True,False,1.0,1.0,1334134.354821658,641632.3606453195,1975766.7154669776,4,0.32475107289863825
2023-12-08,23.300209,171.013153,0.043921800631680843,True,False,1.0,1.0,1769589.0642258145,220412.17555408325,1990001.2397798977,4,0.11075981820918952
2023-12-11,25.669559,176.846207,0.04202860577950276,True,False,1.0,1.0,2012485.9540711849,0.0,2012485.9540711849,4,0.0
2023-12-12,26.200445,178.120911,0.04096388049552893,True,False,1.0,1.0,2012800.2852106777,0.0,2012800.2852106777,4,0.0
2023-12-13,27.449024,180.86377,0.036505238709640044,True,False,1.0,1.0,2013114.665445701,0.0,2013114.665445701,4,0.0
2023-12-14,29.680731,185.877594,0.03939491727685395,True,False,1.0,1.0,2013429.094783923,0.0,2013429.094783923,4,0.0
2023-12-15,30.054319,186.569031,0.03932199019613853,True,False,1.0,1.0,2013743.5732330128,0.0,2013743.5732330128,4,0.0
2023-12-18,29.779045,186.05127,0.039676402851999845,True,False,1.0,1.0,2014058.1008006416,0.0,2014058.1008006416,4,0.0
2023-12-19,30.231287,187.044159,0.039010228698256676,True,False,1.0,1.0,2014372.6774944807,0.0,2014372.6774944807,4,0.0
2023-12-20,27.625988,181.499451,0.04262838390389443,True,False,1.0,1.0,1724827.9730382778,289524.53954770166,2014352.5125859794,4,0.14373082056825134
2023-12-21,29.816399,186.523117,0.045086247681007524,True,False,1.0,1.0,2037314.030687377,0.0,2037314.030687377,4,0.0
2023-12-22,30.062733,187.120697,0.045046517881687204,True,False,1.0,1.0,2037632.2397359796,0.0,2037632.2397359796,4,0.0
2023-12-26,31.688543,190.427124,0.04560015866566662,True,False,1.0,1.0,2037950.498485805,0.0,2037950.498485805,4,0.0
2023-12-27,31.875757,190.916351,0.044906461895072074,True,False,1.0,1.0,2038268.806944616,0.0,2038268.806944616,4,0.0
2023-12-28,31.747665,190.558487,0.04508358337497623,True,False,1.0,1.0,2038587.1651201767,0.0,2038587.1651201767,4,0.0
2023-12-29,30.939684,189.159729,0.045436356833661116,True,False,1.0,1.0,1729881.7929747263,308666.8541576104,2038548.6471323366,4,0.15141500527437382
2024-01-02,27.628946,182.346527,0.05386987514847261,True,False,1.0,1.0,1449158.0094215714,556302.4161452665,2005460.425566838,4,0.2773938637996455
2024-01-03,25.865185,178.429398,0.055703509883900444,True,False,1.0,1.0,1200393.8363594757,769488.6228543359,1969882.4592138117,4,0.39062666874116037
2024-01-04,25.205004,176.928848,0.055945177315674346,True,False,1.0,1.0,949816.2191911989,1000320.7136386391,1950136.932829838,4,0.5129489610696601
2024-01-05,25.549875,177.910629,0.05553507869625726,True,False,1.0,1.0,1051276.4299879835,912606.9678084647,1963883.3977964483,4,0.4646950877187741
2024-01-08,28.013224,183.705902,0.056611333266776774,True,False,1.0,1.0,1643953.0437282526,407576.34191487025,2051529.385643123,4,0.19866951200755106
2024-01-09,28.00337,183.768295,0.05658702056732917,True,False,1.0,1.0,1644204.5946384359,407432.97186673764,2051637.5665051735,4,0.19858915556940804
2024-01-10,27.757034,183.151001,0.05277747357901856,True,False,1.0,1.0,1644456.1840399012,403848.9243553929,2048305.1083952943,4,0.1971624845830613
2024-01-11,28.042784,183.827377,0.052657966227498944,True,False,1.0,1.0,1685473.8904950386,367205.7806643736,2052679.6711594122,4,0.17889093258129518
2024-01-12,27.688063,183.016388,0.051761730554884366,True,False,1.0,1.0,1685731.794753838,362560.89227800485,2048292.687031843,4,0.17700638906414667
2024-01-16,28.762085,185.610306,0.049310377824308624,True,False,1.0,1.0,1816389.2075996918,246114.62693614513,2062503.834535837,3,0.11932808211798202
2024-01-17,28.013224,183.909485,0.049492360502196825,True,False,1.0,1.0,1534956.6106371856,521092.73705287545,2056049.3476900612,4,0.25344369172768877
2024-01-18,30.732765,189.980576,0.05391897202251292,True,False,1.0,1.0,2024944.627549004,81512.35614623062,2106456.9836952346,4,0.03869642569355404
2024-01-19,34.348961,197.411041,0.05921412981723415,True,False,1.0,1.0,2116280.873383939,0.0,2116280.873383939,4,0.0
2024-01-22,34.743099,198.057877,0.05468403638438481,True,False,1.0,1.0,2116604.6979493266,0.0,2116604.6979493266,4,0.0
2024-01-23,35.393425,199.371262,0.05256356751673958,True,False,1.0,1.0,2116928.572065013,0.0,2116928.572065013,4,0.0
2024-01-24,36.871437,202.273834,0.05305798413922788,True,False,1.0,1.0,2117252.49573858,0.0,2117252.49573858,4,0.0
2024-01-25,36.575832,201.712372,0.05223119689313986,True,False,1.0,1.0,2117576.46897761,0.0,2117576.46897761,4,0.0
2024-01-26,33.511421,196.274948,0.05636306003026448,True,False,1.0,1.0,1866678.438002386,250932.68602057832,2117611.1240229644,4,0.11849800143846292
2024-01-29,34.526325,198.317307,0.05666442034879695,True,False,1.0,1.0,1892795.3943952161,232679.03571151162,2125474.430106728,4,0.10947157604706068
2024-01-30,33.03846,195.253815,0.05731660491871289,True,False,1.0,1.0,1650962.0695826176,464496.1147463033,2115458.184328921,4,0.2195723452192243
2024-01-31,31.629425,192.426773,0.051713105283257114,True,False,1.0,1.0,1411695.5663639768,683929.3719574861,2095624.9383214628,4,0.3263605807751527
2024-02-01,31.974293,193.378937,0.04879768934226939,True,False,1.0,1.0,1480991.6604310856,622247.8694205532,2103239.5298516387,4,0.29585211792992794
2024-02-02,33.156708,195.848145,0.04833097342366707,True,False,1.0,1.0,1545689.4839498857,580732.8349371001,2126422.318886986,4,0.2731032447218988
2024-02-05,34.585445,198.524124,0.048748469671359304,True,False,1.0,1.0,1818168.8168907722,333283.22546684503,2151452.042357617,4,0.15491083180344778
2024-02-06,33.334064,196.209305,0.04651550445143594,True,False,1.0,1.0,1535542.2498658588,603803.1858045342,2139345.435670393,4,0.2822373496757546
2024-02-07,34.841633,199.210358,0.047123502194741,True,False,1.0,1.0,1773499.022733641,393187.4719225678,2166686.494656209,4,0.1814694801912057
2024-02-08,36.605396,202.634979,0.04763400781413962,True,False,1.0,1.0,2186511.970397086,0.0,2186511.970397086,4,0.0
2024-02-09,38.74358,206.670364,0.048576125671669974,True,False,1.0,1.0,2186846.541435096,0.0,2186846.541435096,4,0.0
2024-02-12,38.576069,206.296066,0.04834902556180175,True,False,1.0,1.0,2187181.1636677855,0.0,2187181.1636677855,4,0.0
2024-02-13,36.299934,202.057144,0.05101876468012922,True,False,1.0,1.0,1909056.4372322843,278138.6590223217,2187195.096254606,4,0.12716682636067153
2024-02-14,38.546509,206.621094,0.05128870265790917,True,False,1.0,1.0,2204450.7958777053,0.0,2204450.7958777053,4,0.0
2024-02-15,38.536659,206.424103,0.04808411962259685,True,False,1.0,1.0,2204788.111840757,0.0,2204788.111840757,4,0.0
2024-02-16,37.768101,205.255203,0.042345961680838276,True,False,1.0,1.0,1913529.010232507,291260.5965275235,2204789.6067600306,4,0.13210357833441305
2024-02-20,35.886097,201.80101,0.04409967200686087,True,False,1.0,1.0,1612180.5030109924,578040.7952348704,2190221.298245863,4,0.26391889974671523
2024-02-21,35.610195,201.338043,0.0439599159682991,True,False,1.0,1.0,1612427.1922181197,573596.661578126,2186023.8537962455,4,0.26239268184654935
2024-02-22,40.81279,211.260635,0.05287744756853322,True,False,1.0,1.0,2269515.268828925,0.0,2269515.268828925,3,0.0
2024-02-23,39.58112,208.981918,0.053411321258342255,True,False,1.0,1.0,1995721.7765242753,273824.997696489,2269546.774220764,4,0.12065184150721248
2024-02-26,40.605877,211.043945,0.04902605456847872,True,False,1.0,1.0,2024094.7902732752,252822.90542536505,2276917.6956986403,4,0.11103734926518277
2024-02-27,40.507339,210.833786,0.04885574095680069,True,False,1.0,1.0,2085660.1584131303,190901.79639358603,2276561.954806716,3,0.08385530470212654
2024-02-28,39.216545,208.46312,0.04826788609496787,True,False,1.0,1.0,1776201.0803743212,494239.98239189794,2270441.062766219,4,0.21768456820884605
2024-02-29,42.211979,214.110672,0.04871426307675162,True,False,1.0,1.0,2308013.166572953,0.0,2308013.166572953,4,0.0
2024-03-01,47.621502,223.22226,0.05416411229600854,True,False,1.0,1.0,2308366.3292225683,0.0,2308366.3292225683,3,0.0
2024-03-04,49.04039,225.415619,0.054075583746479264,True,False,1.0,1.0,2308719.545911675,0.0,2308719.545911675,4,0.0
2024-03-05,46.153339,220.996063,0.056641922953303496,True,False,1.0,1.0,2014796.8726798357,293936.98498233,2308733.8576621655,4,0.12731523124972574
2024-03-06,49.483791,226.426926,0.0565747035830327,True,False,1.0,1.0,2329985.8454438765,0.0,2329985.8454438765,4,0.0
2024-03-07,54.509026,234.192291,0.058938094962835294,True,False,1.0,1.0,2330342.3702621316,0.0,2330342.3702621316,4,0.0
2024-03-08,48.232414,224.716217,0.06678261107286639,True,False,1.0,1.0,2075640.974147679,254764.1893495032,2330405.163497182,4,0.10932184383216213
2024-03-11,46.084366,221.731567,0.06723491799308282,True,False,1.0,1.0,1832412.2136504848,486684.013959878,2319096.2276103627,4,0.20985934441425302
2024-03-12,48.853172,226.331696,0.06805246510534319,True,False,1.0,1.0,1884241.355371361,464332.13509477576,2348573.4904661365,4,0.19770815645313988
2024-03-13,45.404484,220.815491,0.0688008187312549,True,False,1.0,1.0,1651970.946858706,663844.4311843753,2315815.378043081,4,0.28665688874790163
2024-03-14,42.891865,217.042786,0.06939821724347592,True,False,1.0,1.0,1418374.6283700622,860687.972197148,2279062.6005672105,4,0.37764999170401947
2024-03-15,42.113441,215.486435,0.06959208986835842,True,False,1.0,1.0,1177591.943039584,1085789.882603162,2263381.825642746,4,0.4797201560522488
2024-03-18,41.916374,215.319,0.06939026979030308,True,False,1.0,1.0,1177772.1332988045,1080709.0022544162,2258481.1355532208,4,0.47851141426058175
2024-03-19,40.846401,213.516388,0.06853580327011692,True,False,1.0,1.0,938736.5482636116,1292062.6854819572,2230799.233745569,4,0.5791927242652629
2024-03-20,42.798985,217.151154,0.06902111038145559,True,False,1.0,1.0,1074148.2289723908,1218444.5416745972,2292592.770646988,4,0.5314701142195185
2024-03-21,45.66869,222.036987,0.06373874335290168,True,False,1.0,1.0,1679188.029400619,694753.9036564019,2373941.933057021,4,0.29265833927190427
2024-03-22,45.787025,222.303207,0.06317428544918587,True,False,1.0,1.0,1937917.1433457795,437862.80541729205,2375779.9487630716,4,0.18430276156058198
2024-03-25,45.254501,221.435516,0.06315627798952081,True,False,1.0,1.0,1938213.6754293009,432770.2611300832,2370983.936559384,4,0.18252770693929327
2024-03-26,44.406406,219.769089,0.0633713876364794,True,False,1.0,1.0,1674271.2708967123,688594.521929496,2362865.7928262083,4,0.2914234587593198
2024-03-27,45.856056,222.529984,0.0630309013514984,True,False,1.0,1.0,1745574.5967493986,639966.3612273189,2385540.9579767175,4,0.26826886333157013
2024-03-28,45.885639,222.766663,0.06110503076329537,True,False,1.0,1.0,1809825.370576605,576341.298978663,2386166.6695552683,4,0.24153438497491084
2024-04-01,47.32542,225.113434,0.055109370735510074,True,False,1.0,1.0,2097141.6212849608,307142.81634571863,2404284.4376306795,4,0.12774811978918554
2024-04-02,45.244644,221.642563,0.05550768377089905,True,False,1.0,1.0,1803026.9390048997,587734.9785255736,2390761.9175304733,4,0.24583584597694771
2024-04-03,45.550346,222.263779,0.05391059941021499,True,False,1.0,1.0,1862423.314640952,532535.4856439626,2394958.8002849147,4,0.2223568462140601
2024-04-04,41.783249,215.972824,0.05448111882067648,True,False,1.0,1.0,1574007.6379355532,776861.9459965292,2350869.583932082,4,0.33045727049526247
2024-04-05,43.015938,218.53653,0.04947780629658791,True,False,1.0,1.0,1654158.8256228205,719802.8275204604,2373961.653143281,4,0.30320743663546296
2024-04-08,43.390675,219.098572,0.04221901449495846,True,False,1.0,1.0,1726957.774903909,653466.1059284403,2380423.8808323494,4,0.27451669897545583
2024-04-09,44.761421,221.455231,0.04184899645235529,True,False,1.0,1.0,2044590.764340582,356471.8006619787,2401062.5650025606,4,0.14846418658882327
2024-04-10,42.493279,217.412476,0.040810911990465305,True,False,1.0,1.0,1688050.3689302404,694850.9432437775,2382901.312174018,4,0.291598707715611
2024-04-11,45.165741,222.322937,0.040377816823573276,True,False,1.0,1.0,2140639.6292315084,285836.6219676669,2426476.251199175,4,0.11779906019125684
2024-04-12,40.935154,215.02623,0.04430822101675573,True,False,1.0,1.0,1939046.7748791021,460630.9647530385,2399677.739632141,3,0.19195534348026708
2024-04-15,39.229111,212.304733,0.0450936153249894,True,False,1.0,1.0,1566329.7817300386,814017.4222190626,2380347.2039491013,4,0.3419742384088219
2024-04-16,39.978592,213.912003,0.04537044411057007,True,False,1.0,1.0,1649456.1199818014,746612.4675476043,2396068.587529406,4,0.3115989548185008
2024-04-17,36.546783,207.423843,0.049199451031367615,True,False,1.0,1.0,1295678.4578862833,1036144.6507575552,2331823.108643838,4,0.44434959363627075
2024-04-18,34.426559,203.745926,0.04900680861628849,True,False,1.0,1.0,959136.0048091324,1312386.626110661,2271522.6309197936,4,0.5777563508487893
2024-04-19,30.363611,195.620941,0.05192624355958191,True,False,1.0,1.0,642768.1601854058,1473651.6295513152,2116419.7897367207,4,0.6962945804502401
2024-04-22,31.625883,198.845276,0.05349216084650255,True,False,1.0,1.0,796227.8935628287,1381422.6712710264,2177650.5648338553,4,0.634363792602521
2024-04-23,33.637634,202.996506,0.0564189044789899,True,False,1.0,1.0,1258103.494302236,1007150.9502191205,2265254.4445213564,4,0.44460830996490086
2024-04-24,34.998524,205.629227,0.05770159556414401,True,False,1.0,1.0,1362996.995079963,943107.8604571305,2306104.8555370932,4,0.408961395746023
2024-04-25,36.891933,209.445221,0.05870193993481364,True,False,1.0,1.0,1716855.7634417985,640179.6428682485,2357035.406310047,4,0.2716037447525888
2024-04-26,39.248837,213.872559,0.06089353905123883,True,False,1.0,1.0,2016533.7257887092,381409.49315423676,2397943.218942946,4,0.15905693268348886
2024-04-29,40.047619,215.499542,0.060580585962448294,True,False,1.0,1.0,2055726.5031421417,350254.65489185276,2405981.1580339945,4,0.1455766408320742
2024-04-30,37.651272,211.003159,0.06122526237459397,True,False,1.0,1.0,1782303.654182244,602718.4188662024,2385022.0730484463,4,0.25270978649511205
2024-05-01,33.894032,203.874084,0.06470494981600663,True,False,1.0,1.0,1523189.2554104263,801661.1815190435,2324850.43692947,4,0.34482269000402105
2024-05-02,35.945236,208.459183,0.06439376637879218,True,False,1.0,1.0,1608367.929006456,765158.6074376388,2373526.536444095,4,0.32237204669468883
2024-05-03,38.430336,213.15274,0.06605635071991074,True,False,1.0,1.0,1954514.3559690977,471864.80895010766,2426379.1649192055,4,0.19447282426933468
2024-05-06,40.728065,217.580078,0.06752665024317224,True,False,1.0,1.0,2230821.7088864814,223835.05430870428,2454656.7631951855,4,0.09118792397570973
2024-05-07,39.801086,215.657288,0.06716461060588813,True,False,1.0,1.0,1975447.4679450865,474161.57164965814,2449609.039594745,4,0.19356622382815092
2024-05-08,39.850395,215.864349,0.06628949948603381,True,False,1.0,1.0,2023184.425380982,427274.10331601783,2450458.528697,4,0.17436495999106558
2024-05-09,39.406624,215.055832,0.06455221350222806,True,False,1.0,1.0,2023494.0047121039,422516.01105362864,2446010.0157657326,4,0.17273682786673236
2024-05-10,40.4618,217.165955,0.06118217967925516,True,False,1.0,1.0,2067149.8360624625,390446.60365842906,2457596.4397208914,4,0.15887335990068896
2024-05-13,40.698483,217.619507,0.06038598788230891,True,False,1.0,1.0,2106705.926884719,353457.4837318233,2460163.410616542,4,0.14367236022067462
2024-05-14,42.611614,221.238281,0.061086238284863564,True,False,1.0,1.0,2411373.8668334163,65468.98932459803,2476842.8561580144,4,0.026432435615294167
2024-05-15,46.349133,227.450378,0.059512510759196814,True,False,1.0,1.0,2459248.774935057,23665.15007797121,2482913.925013028,4,0.009531200352765768
2024-05-16,45.619381,226.336136,0.05750685861609454,True,False,1.0,1.0,2167985.173027184,314596.53331471677,2482581.706341901,4,0.1267215224018857
2024-05-17,44.77129,225.05426,0.048033545816995864,True,False,1.0,1.0,1867531.4484277898,609187.0034154872,2476718.451843277,4,0.2459653833329763
2024-05-20,47.581818,230.004181,0.04871081892045309,True,False,1.0,1.0,2326073.571177201,188783.96137736813,2514857.532554569,3,0.07506745767248418
2024-05-21,47.315556,229.264664,0.0480309170137231,True,False,1.0,1.0,2230057.061689078,283988.97953381675,2514046.0412228946,4,0.1129609302603215
2024-05-22,48.696171,231.956573,0.0478223723833516,True,False,1.0,1.0,2433338.4844374536,89163.20775163877,2522501.6921890923,4,0.03534713496039744
2024-05-23,48.134068,230.654999,0.047422222605272076,True,False,1.0,1.0,2433710.823849993,88133.99117182144,2521844.8150218143,3,0.03494822149516725
2024-05-24,50.727646,235.230225,0.04695707971676007,True,False,1.0,1.0,2526887.3958290024,0.0,2526887.3958290024,4,0.0
2024-05-28,53.291637,239.203964,0.04764403983570207,True,False,1.0,1.0,2527274.0497098877,0.0,2527274.0497098877,4,0.0
2024-05-29,50.27401,234.263901,0.04736296234506955,True,False,1.0,1.0,2249058.0118995453,278281.8448895394,2527339.8567890846,3,0.11010859665034872
2024-05-30,49.307583,232.636932,0.039136075312345885,True,False,1.0,1.0,1859354.9777175817,662530.2828363944,2521885.260553976,4,0.2627123022602773
2024-05-31,47.91711,230.743713,0.03930977184133229,True,False,1.0,1.0,1452497.6234031501,1050519.8427556432,2503017.4661587933,4,0.4197013632381091
2024-06-03,47.91711,231.118439,0.037409011194560644,True,False,1.0,1.0,1557682.8694328023,945467.858480079,2503150.7279128814,4,0.3777111174077827
2024-06-04,46.930962,229.313965,0.03633072337922888,True,False,1.0,1.0,1147765.7100801384,1335692.9319363271,2483458.642016466,4,0.5378357864867843
2024-06-05,52.778843,239.34201,0.043140770782142436,True,False,1.0,1.0,2648797.1572507955,0.0,2648797.1572507955,4,0.0
2024-06-06,51.782825,237.379807,0.0436944351297619,True,False,1.0,1.0,2237735.9015613394,410992.61979620263,2648728.521357542,4,0.15516600379474083
2024-06-07,51.151688,236.66983,0.043726227706829233,True,False,1.0,1.0,1823751.2360310808,819833.214703018,2643584.450734099,4,0.3101218175478971
2024-06-10,53.202885,240.081528,0.0440278810518601,True,False,1.0,1.0,1909228.938391226,767437.8803867134,2676666.8187779393,4,0.28671401124817447
2024-06-11,53.419834,240.279022,0.044046197394408564,True,False,1.0,1.0,2375163.5421196604,304530.0548329835,2679693.5969526437,4,0.11364361029160051
2024-06-12,57.90683,247.05188,0.04602720416479708,True,False,1.0,1.0,2705356.372146394,0.0,2705356.372146394,4,0.0
2024-06-13,60.017197,249.737366,0.04342471712027958,True,False,1.0,1.0,2705770.334613497,0.0,2705770.334613497,4,0.0
2024-06-14,59.267715,248.838898,0.0433155841677875,True,False,1.0,1.0,2292010.678991443,413696.6193610996,2705707.298352543,4,0.15289777265005425
2024-06-17,61.802124,252.768341,0.04309035897103426,True,False,1.0,1.0,2335463.562093693,388248.4214436465,2723711.983537339,4,0.142543860654246
2024-06-18,64.336533,255.986923,0.042198096269760156,True,False,1.0,1.0,2739648.423229847,0.0,2739648.423229847,4,0.0
2024-06-20,59.188824,249.036362,0.04746198273695145,True,False,1.0,1.0,2354334.218291744,385289.1112170569,2739623.329508801,4,0.14063579728901532
2024-06-21,57.394032,246.60759,0.048164823854818496,True,False,1.0,1.0,1968703.7025175488,759152.0954610556,2727855.797978604,4,0.2782962706546301
2024-06-24,52.482994,239.568146,0.05277566221656794,True,False,1.0,1.0,1610252.3557160827,1052533.0541395447,2662785.4098556275,4,0.3952752070233897
2024-06-25,54.687294,243.250809,0.05228979543860927,True,False,1.0,1.0,1720079.8138134477,987065.7554102665,2707145.569223714,4,0.36461495334117255
2024-06-26,54.173054,242.302994,0.05123587137511682,True,False,1.0,1.0,1720343.0133278153,977784.0986133115,2698127.111941127,4,0.36239363752950077
2024-06-27,53.203911,241.058975,0.049554971803216115,True,False,1.0,1.0,1358116.095236074,1322364.4015664123,2680480.4968024865,4,0.49333110356290416
2024-06-28,54.746628,243.49762,0.04958323974708964,True,False,1.0,1.0,1494279.4466486129,1224637.2785583204,2718916.725206933,4,0.4504136765958196
2024-07-01,54.746628,243.487747,0.04896452190185531,True,False,1.0,1.0,1616868.0794059841,1102173.5507024885,2719041.630108473,4,0.4053536873058169
2024-07-02,56.961815,246.913666,0.04948105609621346,True,False,1.0,1.0,2328705.242378893,434577.1977911361,2763282.440170029,4,0.15726846864209648
2024-07-03,59.720898,251.030701,0.04969103247121761,True,False,1.0,1.0,2374585.6727214614,410064.2939865809,2784649.966708042,4,0.14725882925650105
2024-07-05,60.13625,251.524384,0.043057467757885756,True,False,1.0,1.0,2416205.6667672005,371624.61973236693,2787830.2864995673,4,0.13330245443275646
2024-07-08,63.597466,256.29303,0.043969680924632853,True,False,1.0,1.0,2809256.380717258,0.0,2809256.380717258,4,0.0
2024-07-09,63.538132,256.174561,0.04373638365685161,True,False,1.0,1.0,2809686.241534879,0.0,2809686.241534879,4,0.0
2024-07-10,67.830048,262.118073,0.04499856547722476,True,False,1.0,1.0,2810116.168128028,0.0,2810116.168128028,4,0.0
2024-07-11,61.303173,253.498993,0.051653996950150514,True,False,1.0,1.0,2416897.2574067856,393195.4823025413,2810092.739709327,4,0.1399225999719899
2024-07-12,63.231567,256.589233,0.049048495655150764,True,False,1.0,1.0,2457789.1346957083,365007.6943811605,2822796.829076869,4,0.12930710797933265
2024-07-15,63.429348,256.875519,0.04848863082638051,True,False,1.0,1.0,2494749.1371774715,329534.4564625806,2824283.5936400522,4,0.11667895433895259
2024-07-16,64.576508,258.465088,0.04846055009929091,True,False,1.0,1.0,2830340.95988908,0.0,2830340.95988908,4,0.0
2024-07-17,50.978844,240.081558,0.07155609215603845,True,False,1.0,1.0,2510224.152243701,320180.67234811373,2830404.8245918145,4,0.11312186495947216
2024-07-18,51.087627,240.802277,0.07066205010045662,True,False,1.0,1.0,2542667.464925137,288777.5110274506,2831444.9759525876,4,0.10198944831350527
2024-07-19,46.479259,233.437027,0.07129946167755424,True,False,1.0,1.0,2288271.824929765,517219.52409657213,2805491.3490263373,4,0.18435969309835024
2024-07-22,52.343552,243.112579,0.07686510602681537,True,False,1.0,1.0,2633177.973032259,237629.0260300783,2870806.999062337,4,0.08277429520956744
2024-07-23,49.970146,239.489182,0.0749428716831116,True,False,1.0,1.0,2387419.367750704,472732.23242662824,2860151.600177332,4,0.1652822292347435
2024-07-24,42.424686,226.753036,0.08230648894725857,True,False,1.0,1.0,2163361.8377227737,625514.3122343061,2788876.14995708,4,0.22428902489769315
2024-07-25,39.339252,221.698044,0.0834863626628307,True,False,1.0,1.0,1940089.4596013746,803368.1798106355,2743457.63941201,4,0.2928305391960843
2024-07-26,41.455544,226.456818,0.0848699413869601,True,False,1.0,1.0,2024973.2191674141,761927.5128491449,2786900.7320165588,4,0.2733960001143729
2024-07-29,41.34676,225.98291,0.084360639868381,True,False,1.0,1.0,2025283.0722123787,759928.1295445189,2785211.2017568974,4,0.2728439872226422
2024-07-30,36.827396,217.778473,0.08726753486277015,True,False,1.0,1.0,1815930.0546211903,886286.4065016662,2702216.4611228565,4,0.32798497798114445
2024-07-31,43.89817,232.390503,0.0969090562999135,True,False,1.0,1.0,2395297.8224456897,476870.4399100145,2872168.2623557043,4,0.1660315122063543
2024-08-01,34.612213,215.645905,0.1078985325591846,True,False,1.0,1.0,2233578.350909398,537895.4047970257,2771473.755706424,4,0.19408280655355548
2024-08-02,29.014927,204.18338,0.11252762749786246,False,False,1.0,1.0,2078707.4770245876,605943.9515353034,2684651.428559891,4,0.22570675101025897
2024-08-05,27.58099,200.579727,0.11042577102559879,False,False,1.0,1.0,2514772.2272483623,139881.67307912643,2654653.900327489,1,0.05269299815763933
2024-08-06,28.263344,202.396332,0.11106354108511074,False,False,1.0,1.0,2529479.1189765157,129008.11250712178,2658487.2314836374,1,0.04852688814124019
2024-08-07,25.929491,196.75885,0.10860291791704199,False,False,1.0,1.0,2529866.1694321814,118355.23398011224,2648221.4034122936,1,0.04469234854291595
2024-08-08,31.111433,210.334229,0.11927201529553004,True,False,1.0,1.0,2544442.0713377274,127807.4004211817,2672249.471758909,1,0.04782764549937668
2024-08-09,30.66642,209.090225,0.11840117395256486,True,False,1.0,1.0,2544831.411362611,125979.26364960863,2670810.6750122197,1,0.04716892321430917
2024-08-12,31.061989,210.294754,0.11859022759130428,True,False,1.0,1.0,2557970.429317311,114843.85368559547,2672814.2830029065,1,0.042967389996348124
2024-08-13,34.889111,218.834869,0.12288651796351358,True,False,1.0,1.0,2604226.0120159024,83090.61120320643,2687316.6232191087,1,0.030919546467015505
2024-08-14,34.661659,218.281982,0.11299078077724195,True,False,1.0,1.0,2604624.4999326617,82548.9199660926,2687173.4198987545,1,0.030719610187720157
2024-08-15,39.477699,228.776962,0.1177891325926313,True,False,1.0,1.0,2642691.3163278527,56318.417246537414,2699009.73357439,1,0.02086632609951837
2024-08-16,39.289803,228.293198,0.11621402810186876,True,False,1.0,1.0,2699098.5747400457,0.0,2699098.5747400457,0,0.0
2024-08-19,41.139084,232.173294,0.11311751690416896,True,False,1.0,1.0,2699511.579664815,0.0,2699511.579664815,0,0.0
2024-08-20,39.645821,229.102798,0.11298633860279926,True,False,1.0,1.0,2699924.647785894,0.0,2699924.647785894,0,0.0
2024-08-21,41.267643,232.350998,0.10760640734341163,True,False,1.0,1.0,2700337.7791129523,0.0,2700337.7791129523,0,0.0
2024-08-22,37.094402,224.413132,0.10895052295204308,True,False,1.0,1.0,2700750.973655661,0.0,2700750.973655661,0,0.0
2024-08-23,39.952385,230.425751,0.10964100273292315,True,False,1.0,1.0,2701164.2314236932,0.0,2701164.2314236932,0,0.0
2024-08-26,36.955952,224.640213,0.11095541086741058,True,False,1.0,1.0,2701577.5524267238,0.0,2701577.5524267238,0,0.0
2024-08-27,38.063549,227.128189,0.10808382915325357,True,False,1.0,1.0,2701990.936674428,0.0,2701990.936674428,0,0.0
2024-08-28,36.194485,223.030884,0.10048354756002337,True,False,1.0,1.0,2702404.3841764843,0.0,2702404.3841764843,0,0.0
2024-08-29,35.789028,222.389145,0.0850045152068225,True,False,1.0,1.0,2702817.894942571,0.0,2702817.894942571,0,0.0
2024-08-30,38.360222,228.20433,0.07509484478431978,True,False,1.0,1.0,2703231.4689823682,0.0,2703231.4689823682,0,0.0
2024-09-03,29.736834,210.788376,0.09542981189398864,False,False,1.0,1.0,2651262.2983755996,52322.47128388469,2703584.7696594843,1,0.019352998238140944
2024-09-04,29.964287,211.479492,0.09531205442401211,False,False,1.0,1.0,2656935.785132089,47450.410877285096,2704386.196009374,1,0.017545722924966676
2024-09-05,29.42038,210.344116,0.09315641245962633,False,False,1.0,1.0,2657342.338480798,46589.098521378495,2703931.4370021764,1,0.017230133088371277
2024-09-06,25.672371,201.339935,0.08861832839464526,False,False,1.0,1.0,2657748.954038623,40653.880806311136,2698402.834844934,1,0.015065905016604887
2024-09-09,27.126087,205.318756,0.08977489452371425,False,False,1.0,1.0,2662447.58638812,38660.3417688091,2701107.928156929,1,0.014312771942877733
2024-09-10,28.035892,207.480927,0.09011170681101191,False,False,1.0,1.0,2666847.298622769,35961.30359170782,2702808.6022144766,1,0.013305160995212112
2024-09-11,31.863018,217.11702,0.09097998077513388,True,False,1.0,1.0,2671338.9375515254,36783.28113410645,2708122.2186856316,1,0.013582577950251803
2024-09-12,31.457556,216.159302,0.09099803361155862,True,False,1.0,1.0,2616582.8332200074,91416.5284614866,2707999.361681494,2,0.03375795790613584
2024-09-13,33.059605,220.019638,0.08638029991886426,True,False,1.0,1.0,2660901.368174909,52116.734705232324,2713018.1028801417,2,0.019209873553702118
2024-09-16,31.80368,217.087387,0.0866288669352842,True,False,1.0,1.0,2545682.972860027,165629.20801185828,2711312.1808718853,2,0.061088210048389324
2024-09-17,31.80368,217.353897,0.08565329221697551,True,False,1.0,1.0,2487321.0761864157,224312.96230824565,2711634.0384946615,3,0.08272243198155564
2024-09-18,30.794981,214.954803,0.0855895866620488,False,False,1.0,1.0,2311561.266728138,393136.0806703088,2704697.347398447,3,0.14535307658302418
2024-09-19,34.730888,224.10704,0.08995598009705892,True,False,1.0,1.0,2754922.1754952,0.0,2754922.1754952,1,0.0
2024-09-20,33.178276,220.829224,0.08746108139642826,True,False,1.0,1.0,2700215.804602777,55064.41913916073,2755280.223741938,1,0.01998505221526176
2024-09-23,33.544178,221.688202,0.08554621183738956,True,False,1.0,1.0,2706191.433268182,50104.52048091809,2756295.9537491,1,0.018178207754782707
2024-09-24,34.742893,224.373627,0.08446029044723857,True,False,1.0,1.0,2711790.6299056704,46705.5235187567,2758496.153424427,1,0.016931516638432124
2024-09-25,35.406647,225.919571,0.08427781433185054,True,False,1.0,1.0,2716961.326776778,42838.038437413226,2759799.365214191,1,0.015522156783338676
2024-09-26,39.280174,233.995514,0.08679160369446048,True,False,1.0,1.0,2764861.3731773635,0.0,2764861.3731773635,1,0.0
2024-09-27,37.308735,230.284134,0.0876282902407787,True,False,1.0,1.0,2708520.676051239,56698.38199274452,2765219.0580439838,1,0.020504119493828063
2024-09-30,36.337879,228.215652,0.08636431386594312,True,False,1.0,1.0,2651270.461624171,112821.20497399151,2764091.6665981626,1,0.040816737859075206
2024-10-01,33.514462,221.822174,0.06603510947254645,True,False,1.0,1.0,2596289.760490699,159377.70104196592,2755667.461532665,1,0.057836333036106684
2024-10-02,34.633919,224.81105,0.06630865354590508,True,False,1.0,1.0,2613143.2083805,148231.14121492679,2761374.3495954266,1,0.05368020501698525
2024-10-03,34.881584,225.612717,0.06603597278379371,True,False,1.0,1.0,2628459.527051816,134362.01959512284,2762821.546646939,1,0.04863217450949356
2024-10-04,36.337879,228.700623,0.056833442152516796,True,False,1.0,1.0,2691392.2803186197,77388.01692559883,2768780.2972442186,1,0.027950219453173487
2024-10-07,36.070393,228.077087,0.05636666517364609,True,False,1.0,1.0,2691804.1060580206,76818.35761512116,2768622.463673142,1,0.027746057334666698
2024-10-08,37.110603,230.32373,0.05629605706006561,True,False,1.0,1.0,2700112.6666757115,71130.30388413314,2771242.9705598447,1,0.025667292489248407
2024-10-09,38.249878,232.728714,0.04974616303432289,True,False,1.0,1.0,2707851.012564129,65982.56840784606,2773833.5809719753,1,0.023787500757246293
2024-10-10,37.477154,231.095703,0.04995125826351492,True,False,1.0,1.0,2607061.567869276,165736.8068682529,2772798.3747375286,1,0.05977239758153762
2024-10-11,38.309315,233.035522,0.049134163380084604,True,False,1.0,1.0,2658097.457267539,118737.00731308467,2776834.464580624,1,0.04275984356561821
2024-10-14,40.439262,237.330856,0.04893476256324201,True,False,1.0,1.0,2783736.636479417,0.0,2783736.636479417,1,0.0
2024-10-15,34.148491,225.018921,0.06354394523080142,True,False,1.0,1.0,2695511.9115079013,88548.56940779598,2784060.4809156973,1,0.0318055480528468
2024-10-16,34.13858,225.018921,0.06299619940946882,True,False,1.0,1.0,2695924.367616265,88522.86974008882,2784447.237356354,1,0.03179190057992815
2024-10-17,34.881584,226.790482,0.0570913637667095,True,False,1.0,1.0,2705374.1757678776,81404.56120564973,2786778.7369735274,2,0.0292109883449362
2024-10-18,34.941025,226.998322,0.056057908156987406,True,False,1.0,1.0,2713935.561231779,73388.95296098292,2787324.514192762,2,0.026329533065595385
2024-10-21,34.762707,226.572754,0.056046738706792096,True,False,1.0,1.0,2621586.2610016656,165672.14527814827,2787258.406279814,2,0.0594391050736027
2024-10-22,34.366436,225.731506,0.05555454179795756,True,False,1.0,1.0,2529698.4604207766,255966.23926864116,2785664.6996894176,3,0.09188695225853263
2024-10-23,33.484737,223.712494,0.055633863948235975,True,False,1.0,1.0,2253815.5065681976,525351.0350420116,2779166.5416102093,3,0.18903186519280374
2024-10-24,33.970165,224.959549,0.04991410820805842,True,False,1.0,1.0,2307411.9310328052,479670.34081731417,2787082.2718501193,3,0.17210483725652623
2024-10-25,34.950935,227.216064,0.04938420714723057,True,False,1.0,1.0,2357075.1086881966,444167.23360043776,2801242.3422886343,4,0.15856080243223444
2024-10-28,35.020279,227.35463,0.04909218208117347,True,False,1.0,1.0,2401902.9247324737,400543.63063565985,2802446.5553681334,4,0.14292641187694083
2024-10-29,37.625748,232.946426,0.04801155070318066,True,False,1.0,1.0,2832249.515967312,0.0,2832249.515967312,4,0.0
2024-10-30,33.692783,224.731903,0.05406540053674539,True,False,1.0,1.0,2444163.402584412,388071.97998121986,2832235.382565632,4,0.13701967794416783
2024-10-31,29.809343,216.012619,0.06038810738701308,False,False,1.0,1.0,2102116.6730915257,685369.0015192076,2787485.674610733,4,0.24587355112234544
2024-11-01,30.542442,218.308731,0.059793649477980444,False,False,1.0,1.0,2648604.018392491,155595.4738193378,2804199.492211829,1,0.05548659225261145
2024-11-04,30.066919,217.051819,0.05981298012199755,False,False,1.0,1.0,2606603.4348171554,195529.9857930839,2802133.4206102393,1,0.06977897067817065
2024-11-05,31.087311,219.585449,0.05998622294465276,False,False,1.0,1.0,2627201.73613105,181949.18243394556,2809150.9185649958,1,0.06477016995829153
2024-11-06,33.80175,225.988815,0.06293948610406404,True,False,1.0,1.0,2767351.3019274417,57970.32256242869,2825321.6244898704,1,0.020518132187125986
2024-11-07,35.872261,230.699799,0.06450320330686254,True,False,1.0,1.0,2829243.9022604106,0.0,2829243.9022604106,1,0.0
2024-11-08,35.079727,228.977722,0.06439081898534972,True,False,1.0,1.0,2751484.9631690765,78101.79375828491,2829586.7569273612,1,0.027601837465162364
2024-11-11,32.464348,223.24736,0.0648188957645399,True,False,1.0,1.0,2677781.805851196,146317.69131613575,2824099.4971673316,1,0.0518103882185799
2024-11-12,31.374607,220.812683,0.053537362233027144,False,False,1.0,1.0,2601287.3765052645,218221.79037860027,2819509.166883865,1,0.07739708490459708
2024-11-13,29.413074,216.12146,0.05519133126354827,False,False,1.0,1.0,2556654.3844640045,249557.777450161,2806212.1619141656,1,0.08893047390968947
2024-11-14,29.323915,215.992844,0.05478427628026315,False,False,1.0,1.0,2557045.5931666433,248801.30018159398,2805846.8933482375,1,0.08867244352192631
2024-11-15,26.411337,209.035202,0.05873900737817845,False,False,1.0,1.0,2515145.013154873,266332.4146290541,2781477.4277839274,1,0.09575213948122807
2024-11-18,27.411917,211.737091,0.05982696914969933,False,False,1.0,1.0,2543148.6817066413,248780.05380034694,2791928.735506988,1,0.0891068782080395
2024-11-19,27.590237,212.142899,0.05996795664012254,False,False,1.0,1.0,2568556.4534207527,225358.57600553404,2793915.029426287,1,0.08066049741384226
2024-11-20,26.876949,210.519775,0.05997063871887401,False,False,1.0,1.0,2527106.69365495,261326.99376923038,2788433.68742418,1,0.09371820278452868
2024-11-21,28.224266,213.855057,0.061223340462692066,False,False,1.0,1.0,2591447.526236833,210418.70919277193,2801866.235429605,1,0.07509948424090589
2024-11-22,28.224266,213.944153,0.06062812153864271,False,False,1.0,1.0,2591844.058842435,210418.70919277193,2802262.768035207,1,0.07508885733092975
2024-11-25,29.056431,216.032394,0.06122527840197325,False,False,1.0,1.0,2653821.502771137,154989.63763723182,2808811.140408369,1,0.05517980023914962
2024-11-26,27.867622,213.231552,0.05851382347970322,False,False,1.0,1.0,2802750.0766214984,0.0,2802750.0766214984,0,0.0
2024-11-27,26.72835,210.371307,0.054498787433983426,False,False,1.0,1.0,2803178.941871318,0.0,2803178.941871318,0,0.0
2024-11-29,27.798279,213.182068,0.04888918544146771,False,False,1.0,1.0,2803607.8727443283,0.0,2803607.8727443283,0,0.0
2024-12-02,29.918318,218.783783,0.0515277316835773,False,False,1.0,1.0,2804036.8692505704,0.0,2804036.8692505704,1,0.0
2024-12-03,29.452702,217.546677,0.05152763518266711,False,False,1.0,1.0,2754192.7603873475,50215.2643321649,2804408.0247195126,1,0.01790583391915207
2024-12-04,30.591974,220.426712,0.051698400133044574,False,False,1.0,1.0,2759825.5432766997,46941.89534010987,2806767.4386168094,1,0.01672454037134017
2024-12-05,28.848392,216.26004,0.049190884327227735,False,False,1.0,1.0,2711621.0578700756,92837.225830852,2804458.2837009276,1,0.03310344331752318
2024-12-06,29.33382,217.566452,0.04698822538122947,False,False,1.0,1.0,2721467.9205414224,84959.44677399719,2806427.3673154195,1,0.03027316785870284
2024-12-09,28.957365,216.517365,0.04690578040509974,False,False,1.0,1.0,2665944.299621179,139744.73608017436,2805689.035701353,1,0.04980763523753858
2024-12-10,26.807606,211.370926,0.0468797855540826,False,False,1.0,1.0,2613800.8066247976,181861.15345692137,2795661.960081719,1,0.06505119576460004
2024-12-11,28.848392,216.685623,0.04997588210973344,False,False,1.0,1.0,2690193.7754103416,119648.27354108317,2809842.0489514247,1,0.042581850316366875
2024-12-12,28.194546,215.003143,0.04816345942715288,False,False,1.0,1.0,2638494.1366243046,168987.71429832402,2807481.850922629,1,0.060191916910447424
2024-12-13,30.413656,221.000732,0.05121083250062431,False,False,1.0,1.0,2803178.5181432655,17868.30525333455,2821046.8233966,1,0.006333927216358903
2024-12-16,32.206772,225.098099,0.0460351820198524,True,False,1.0,1.0,2822513.1971610747,0.0,2822513.1971610747,1,0.0
2024-12-17,30.839642,221.914139,0.04703748753633992,False,False,1.0,1.0,2601994.3541758736,220696.23227720655,2822690.58645308,2,0.07818647688003513
2024-12-18,27.570421,213.706497,0.053923383638851276,False,False,1.0,1.0,2650112.388154504,149439.31779513,2799551.705949634,1,0.05337973128967046
2024-12-19,26.054693,210.118134,0.05511231677808496,False,False,1.0,1.0,2603771.32732583,187916.377726146,2791687.705051976,1,0.06731282205602125
2024-12-20,27.045366,212.943222,0.054612200324145176,False,False,1.0,1.0,2623659.3701891247,175555.34013385148,2799214.710322976,1,0.0627159251080085
2024-12-23,29.396921,219.386459,0.057868630055539404,False,False,1.0,1.0,2738967.838599899,75815.1886727551,2814783.0272726538,1,0.02693464751569687
2024-12-24,30.281113,221.646545,0.057882940731793994,False,False,1.0,1.0,2747189.8819684116,70285.9821878766,2817475.864156288,1,0.024946436305648426
2024-12-26,30.370527,221.577118,0.05695668700156046,False,False,1.0,1.0,2754653.6261056717,63444.17022526822,2818097.79633094,1,0.022513118710028517
2024-12-27,29.496269,219.703629,0.056490546107855436,False,False,1.0,1.0,2709556.7091448996,107083.83397460033,2816640.5431195,1,0.03801828182732977
2024-12-30,27.757687,215.381699,0.05770524731171824,False,False,1.0,1.0,2665507.506456998,145184.64440742045,2810692.1508644186,1,0.05165440988006083
2024-12-31,27.131798,213.607361,0.05520706326078958,False,False,1.0,1.0,2620690.1505461964,187084.10430145168,2807774.254847648,1,0.0666307499537932
2025-01-02,27.48945,214.925766,0.0552858654121312,False,False,1.0,1.0,2639965.601172032,170595.22623198756,2810560.8274040194,1,0.060697930665161305
2025-01-03,29.62542,220.526367,0.05731705659759376,False,False,1.0,1.0,2745651.4881855375,78412.36348021217,2824063.8516657497,1,0.027765789868370472
2025-01-06,32.278,226.910141,0.058826292566554056,True,False,1.0,1.0,2790782.2553197886,40616.37926461142,2831398.6345844,1,0.014344987939352172
2025-01-07,30.946741,223.817383,0.05970686143200832,False,False,1.0,1.0,2704088.87834884,125895.26278149783,2829984.141130338,1,0.044486207873664405
2025-01-08,29.98307,221.587036,0.06010949414420881,False,False,1.0,1.0,2661090.752684322,165271.85206912574,2826362.6047534477,1,0.05847510570341095
2025-01-10,27.876905,216.293671,0.05981919656334302,False,False,1.0,1.0,2620111.045642648,194937.5673011097,2815048.612943758,1,0.06924838399051987
2025-01-13,27.668274,215.629547,0.057423236362718774,False,False,1.0,1.0,2620447.9170628022,193478.65284831813,2813926.5699111205,1,0.06875753437106544
2025-01-14,27.936514,217.047073,0.05726284454932444,False,False,1.0,1.0,2640303.245642726,175818.96090079058,2816122.2065435164,1,0.06243300112909135
2025-01-15,29.744637,221.259933,0.05641675082230663,False,False,1.0,1.0,2698948.2984068026,128841.96983108297,2827790.2682378856,1,0.045562774325328514
2025-01-16,29.794312,221.587036,0.0547323585961652,False,False,1.0,1.0,2712189.7722005975,116151.42800558254,2828341.20020618,1,0.04106697876377693
2025-01-17,32.278,227.732864,0.056960595654546094,True,False,1.0,1.0,2758047.3977859607,80285.33049110226,2838332.728277063,1,0.02828608841072604
2025-01-21,33.470165,230.419189,0.050590223593364146,True,False,1.0,1.0,2841580.058353122,0.0,2841580.058353122,2,0.0
2025-01-22,34.920643,233.749832,0.04856983112256191,True,False,1.0,1.0,2841945.4043606245,0.0,2841945.4043606245,2,0.0
2025-01-23,34.692139,233.313675,0.048482758860102844,True,False,1.0,1.0,2733333.188095711,108854.74489491101,2842187.9329906222,2,0.0382996295323692
2025-01-24,32.436958,228.625015,0.04858161805398986,True,False,1.0,1.0,2424049.800578782,411064.3094129794,2835114.1099917614,3,0.1449903931430026
2025-01-27,24.896479,210.693069,0.07695892961551298,False,False,1.0,1.0,2169660.136185063,569920.1421852724,2739580.2783703357,3,0.20803191886178077
2025-01-28,25.204458,211.634735,0.07706864593612113,False,False,1.0,1.0,2598169.3546674456,148366.45817255377,2746535.8128399993,1,0.05401948792327542
2025-01-29,25.512434,212.50708,0.07706177855344248,False,False,1.0,1.0,2613508.2524214676,135161.42758344318,2748669.6800049106,1,0.04917339779554803
2025-01-30,26.972839,216.828979,0.07720486176961318,False,False,1.0,1.0,2701835.058619863,54830.91631242089,2756665.9749322836,1,0.019890301114108607
2025-01-31,26.843689,216.224304,0.07704734111184357,False,False,1.0,1.0,2702182.437413114,54568.37765856436,2756750.8150716783,1,0.019794454166923145
2025-02-03,25.442892,212.328613,0.07786521331402027,False,False,1.0,1.0,2669523.890715472,84689.56835041777,2754213.45906589,1,0.03074909392794152
2025-02-04,26.078716,214.509415,0.07598226374670371,False,False,1.0,1.0,2678540.1476848535,78125.38295787366,2756665.5306427274,1,0.028340537540533044
2025-02-05,27.519255,218.662796,0.07425808069445895,False,False,1.0,1.0,2719186.831346924,42103.425179237405,2761290.2565261615,1,0.01524773611891333
2025-02-06,27.509319,218.375351,0.07383338973040508,False,False,1.0,1.0,2719536.441082383,42088.2234729201,2761624.6645553033,1,0.015240385130213722
2025-02-07,26.158192,214.975311,0.07429443214454805,False,False,1.0,1.0,2685360.157981886,74508.06227241285,2759868.2202542988,1,0.026996963741097592
2025-02-10,27.171537,217.780579,0.07323778740345738,False,False,1.0,1.0,2693438.1170133473,69654.99426527081,2763093.111278618,1,0.025209065152725904
2025-02-11,27.221212,217.978821,0.07322574090496926,False,False,1.0,1.0,2700756.5680219177,62804.103764109816,2763560.6717860275,1,0.02272579155047858
2025-02-12,27.360298,218.216736,0.0731985798532596,False,False,1.0,1.0,2707410.8064003126,56812.499573790825,2764223.3059741035,1,0.02055278944034888
2025-02-13,28.284227,220.893143,0.07213565863915238,False,False,1.0,1.0,2740787.586672634,25673.50290246274,2766461.0895750965,1,0.00928026893246706
2025-02-14,28.363707,221.12117,0.07213958080924697,False,False,1.0,1.0,2743712.2944324114,23171.08198114067,2766883.376413552,1,0.008374433913139896
2025-02-18,29.794312,224.7789,0.07059490653333926,False,False,1.0,1.0,2746496.91429354,21905.803826393883,2768402.718119934,1,0.00791279523134931
2025-02-19,31.264654,228.515961,0.07100125947907462,True,False,1.0,1.0,2749146.716878065,20688.1648920664,2769834.881770131,1,0.007469096814480551
2025-02-20,31.493155,229.051254,0.07023807682324697,True,False,1.0,1.0,2751582.2989802435,18755.429861794248,2770337.7288420377,1,0.006770087872872364
2025-02-21,28.622009,222.023193,0.07309455676445346,False,False,1.0,1.0,2682623.370087194,86280.10662089745,2768903.4767080913,1,0.031160387982709533
2025-02-24,26.585386,216.809174,0.07338259387396599,False,False,1.0,1.0,2648908.209442487,114162.44254478766,2763070.6519872746,1,0.04131723612014009
2025-02-25,24.906414,212.338547,0.04504458577754675,False,False,1.0,1.0,2615027.6515918267,141135.18386899264,2756162.8354608193,1,0.05120712827745368
2025-02-26,26.118454,216.03598,0.046222876003190985,False,False,1.0,1.0,2665966.0653172876,97357.0169206162,2763323.082237904,1,0.03523186179220516
2025-02-27,21.60808,203.456802,0.06285724749864631,False,False,1.0,1.0,2618661.49590639,128138.13256804059,2746799.62847443,1,0.0466499744792846
2025-02-28,22.581682,206.698273,0.06228717452822843,False,False,1.0,1.0,2632377.679023937,120520.52313545684,2752898.2021593936,1,0.04377950591886022
2025-03-03,20.376169,199.392639,0.06570771207655816,False,False,1.0,1.0,2741370.8426712994,0.0,2741370.8426712994,0,0.0
2025-03-04,20.515257,200.502869,0.06516741047050471,False,False,1.0,1.0,2741723.3046367858,0.0,2741723.3046367858,1,0.0
2025-03-05,21.806772,204.824783,0.06669800646971712,False,False,1.0,1.0,2742075.8119188105,0.0,2742075.8119188105,1,0.0
2025-03-06,19.104521,196.309814,0.07036579560811386,False,False,1.0,1.0,2708632.750867712,33757.51155219952,2742390.2624199116,1,0.012309521374398247
2025-03-07,20.743753,202.069077,0.07381618910831968,False,False,1.0,1.0,2745603.076881931,0.0,2745603.076881931,1,0.0
2025-03-10,17.872612,192.721451,0.07944387602778473,False,False,1.0,1.0,2715359.8180055763,30561.769916534904,2745921.587922111,1,0.011129877142508484
2025-03-11,17.296396,190.441528,0.07833740850758769,False,False,1.0,1.0,2683731.0631716484,61518.27313591125,2745249.3363075596,1,0.022408992991017392
2025-03-12,18.18059,194.366943,0.0798467593919552,False,False,1.0,1.0,2690536.788071404,58196.78569181782,2748733.573763222,1,0.02117221772503112
2025-03-13,17.97196,193.395508,0.07965597169249246,False,False,1.0,1.0,2690882.7142298706,57528.95283276958,2748411.66706264,1,0.020931708856502397
2025-03-14,19.670801,199.362885,0.08266889254994436,False,False,1.0,1.0,2754140.815398935,0.0,2754140.815398935,1,0.0
2025-03-17,20.654343,202.653915,0.08391275535834906,False,False,1.0,1.0,2754494.919218058,0.0,2754494.919218058,1,0.0
2025-03-18,19.799953,199.965134,0.08266295271240544,False,False,1.0,1.0,2724825.6336053046,29989.58571411479,2754815.2193194195,1,0.010886242207389776
2025-03-19,20.247017,201.59288,0.0817308821253566,False,False,1.0,1.0,2728239.9677370125,27600.04968693488,2755840.0174239473,1,0.01001511318234443
2025-03-20,19.799953,199.985001,0.08144548721288979,False,False,1.0,1.0,2697163.08699686,58382.84919196636,2755545.9361888263,1,0.02118739826660818
2025-03-21,19.154196,197.890747,0.07970269086074769,False,False,1.0,1.0,2666314.0892601395,87639.35189149235,2753953.441151632,1,0.03182310586007723
2025-03-24,20.862972,203.766525,0.08197575832227487,False,False,1.0,1.0,2710105.271478353,51971.52536065641,2762076.7968390095,1,0.018816104396566356
2025-03-25,20.479294,202.664841,0.08104307926387602,False,False,1.0,1.0,2710453.713584686,51015.7492177691,2761469.4628024553,1,0.01847413122070022
2025-03-26,18.725353,196.987549,0.08173417512804809,False,False,1.0,1.0,2681173.2082757396,76242.1133152727,2757415.321591012,1,0.027649847564958568
2025-03-27,17.698895,193.10675,0.07171360272875253,False,False,1.0,1.0,2651143.4973085443,102402.97705034909,2753546.4743588935,1,0.03718948563386478
2025-03-28,15.974848,187.270676,0.07336872357121522,False,False,1.0,1.0,2618510.1470845127,125364.95222060081,2743875.099305114,1,0.045689015601457036
2025-03-31,15.895123,186.764481,0.07057853382514875,False,False,1.0,1.0,2618846.812674852,124739.29864218883,2743586.111317041,1,0.0454657858660425
2025-04-01,15.895123,186.863739,0.07049737449858613,False,False,1.0,1.0,2631646.5796723138,112265.36877796995,2743911.9484502836,1,0.040914348159522974
2025-04-02,16.204056,188.064697,0.06879295758995391,False,False,1.0,1.0,2643419.6920862407,103002.59332909783,2746422.2854153384,1,0.03750428106998879
2025-04-03,11.370743,169.087524,0.09969229364866936,False,False,1.0,1.0,2617055.119383839,98953.52206583899,2716008.6414496778,1,0.03643343417825882
2025-04-04,8.699964,156.452606,0.10989054649259805,False,False,1.0,1.0,2617391.5978991883,75711.15446422498,2693102.752363413,1,0.02811298395420761
2025-04-07,9.118518,160.06543,0.10871609862206988,False,False,1.0,1.0,2625656.5642627976,71418.24636337969,2697074.810626177,1,0.026479890762391788
2025-04-08,8.221615,153.703293,0.10983202311328592,False,False,1.0,1.0,2625994.148678203,64393.50402936726,2690387.65270757,1,0.02393465639219779
2025-04-09,12.726064,182.248459,0.15198280409262474,False,False,1.0,1.0,2663135.3780749952,62837.63718854425,2725973.0152635393,1,0.02305145239395163
2025-04-10,9.596867,167.350586,0.16304194491398877,False,False,1.0,1.0,2663477.781195034,47386.564038394994,2710864.3452334288,1,0.017480241725011364
2025-04-11,10.194802,170.973328,0.1620017047356669,False,False,1.0,1.0,2668849.740485434,45305.095303350725,2714154.8357887845,1,0.01669215577017153
2025-04-14,10.433977,172.104782,0.16142268172769844,False,False,1.0,1.0,2673825.6345567266,41731.17733332856,2715556.811890055,1,0.015367447718496907
2025-04-15,10.56353,172.809509,0.16173961844551413,False,False,1.0,1.0,2678390.6629272485,38024.397535699245,2716415.060462948,1,0.013998007185698233
2025-04-16,9.307864,166.139709,0.16255987685024775,False,False,1.0,1.0,2678735.0274410537,33504.512312098675,2712239.5397531525,1,0.012353080110006803
2025-04-17,9.168346,165.305984,0.16260656545756524,False,False,1.0,1.0,2679079.4362302963,33002.30444262836,2712081.7406729246,1,0.012168624546854474
2025-04-21,8.680033,162.417709,0.16264084214584948,False,False,1.0,1.0,2679423.889300669,31244.576899482283,2710668.4662001515,1,0.011526520963030687
2025-04-22,9.148416,165.573975,0.16147192334246965,False,False,1.0,1.0,2683058.573028497,29637.508117585345,2712696.0811460824,1,0.010925480492847486
2025-04-23,10.254597,171.777283,0.16513707608675865,False,False,1.0,1.0,2686722.755122669,29899.01548498229,2716621.770607651,1,0.01100595445728704
2025-04-24,11.958713,181.662872,0.16977073988953753,False,False,1.0,1.0,2690551.9174395013,31380.88904427088,2721932.806483772,1,0.011528899232751126
2025-04-25,12.297544,183.42955,0.16992997427586082,False,False,1.0,1.0,2694122.0346597256,29043.01469589037,2723165.049355616,1,0.01066516871710102
2025-04-28,12.247715,183.102066,0.168782019325771,False,False,1.0,1.0,2694468.4217784675,28925.333931399382,2723393.755709867,1,0.010621062000584576
2025-04-29,11.819194,181.146774,0.16884176207463952,False,False,1.0,1.0,2694814.8534326963,27913.299194992047,2722728.1526276884,1,0.010251959663344683
2025-04-30,12.118162,182.466827,0.16904939123019247,False,False,1.0,1.0,2698020.7722477154,25757.432650605868,2723778.204898321,1,0.009456508831844256
2025-05-01,12.058369,182.218674,0.16888869804005077,False,False,1.0,1.0,2698367.660632719,25630.341250897094,2723998.0018836157,1,0.009409089593007772
2025-05-02,13.244274,188.61058,0.15017125235008924,False,False,1.0,1.0,2701527.2410626137,25335.908696801824,2726863.1497594155,1,0.009291228530862339
2025-05-05,13.0051,187.161484,0.1357657192211219,False,False,1.0,1.0,2701874.580279322,24878.375831908746,2726752.9561112304,1,0.009123809979246944
2025-05-06,12.596511,185.374939,0.13608944261315759,False,False,1.0,1.0,2702221.964153929,24096.757028302178,2726318.7211822313,1,0.008838569328333315
2025-05-07,13.234308,188.620514,0.13327740536220686,False,False,1.0,1.0,2705098.8705875888,22785.15962732412,2727884.0302149127,1,0.008352686322053441
2025-05-08,13.613002,190.307846,0.09134247532100037,False,False,1.0,1.0,2707788.3410441293,21093.432404578634,2728881.773448708,1,0.007729698153218695
2025-05-09,14.061453,192.491379,0.06192575986726124,False,False,1.0,1.0,2710313.417289256,19609.479050182577,2729922.896339439,1,0.007183162233804105
2025-05-12,17.071062,206.317337,0.0728489955471004,False,False,1.0,1.0,2719289.689847269,15171.216480795878,2734460.906328065,1,0.005548156291313869
2025-05-13,18.536005,212.163345,0.07393077961677502,True,False,1.0,1.0,2721285.189617496,14825.81283400548,2736111.0024515013,1,0.0054185714032514935
2025-05-14,18.775179,213.185638,0.07392524819546319,True,False,1.0,1.0,2723135.4716584627,13515.402094521189,2736650.8737529838,2,0.004938665075675678
2025-05-15,18.40645,211.815964,0.06549655813125399,True,False,1.0,1.0,2585847.570626486,150732.8123328195,2736580.382959306,2,0.05508071799075707
2025-05-16,18.326727,211.53804,0.06511420659637883,True,False,1.0,1.0,2586180.0367427096,150079.95031990507,2736259.9870626144,2,0.05484857105300746
2025-05-19,17.997862,210.267609,0.06294777042520208,False,False,1.0,1.0,2351409.1405704594,382225.1750708939,2733634.3156413534,3,0.13982308199888757
2025-05-20,17.908171,209.959915,0.0634864649849639,False,False,1.0,1.0,2654774.7301696027,76992.75154902616,2731767.4817186287,1,0.028184225804089278
2025-05-21,16.941509,206.118835,0.06348863292452409,False,False,1.0,1.0,2616230.577549844,111678.4136493464,2727908.9911991903,1,0.04093920068801581
2025-05-22,16.453196,204.213181,0.05680939809847574,False,False,1.0,1.0,2576648.8821542384,148332.51791964404,2724981.4000738827,1,0.054434323080378565
2025-05-23,15.675879,201.046982,0.0585008674577555,False,False,1.0,1.0,2533289.0835400373,184966.50005111273,2718255.58359115,1,0.06804602965507357
2025-05-27,17.230513,207.726715,0.06115964363853232,False,False,1.0,1.0,2601856.236137009,135009.3291670997,2736865.565304109,1,0.049329908958132565
2025-05-28,16.981373,206.684586,0.06038150666992076,False,False,1.0,1.0,2602190.760510227,133057.1978365531,2735247.9583467804,1,0.048645387863473485
2025-05-29,17.140823,207.528214,0.060389213456882314,False,False,1.0,1.0,2615944.278811343,120875.9085200652,2736820.1873314083,1,0.04416655105059266
2025-05-30,16.114365,203.409241,0.06278096187883636,False,False,1.0,1.0,2575687.8643958927,154184.38181085992,2729872.2462067525,1,0.05648043860847488
2025-06-02,16.841854,206.47612,0.06041697943207125,False,False,1.0,1.0,2592119.4888545508,145030.58375461164,2737150.0726091624,1,0.05298598173550733
2025-06-03,18.237036,212.024399,0.06178370342504008,True,False,1.0,1.0,2709902.5044021467,39492.74505220487,2749395.2494543516,1,0.014364157012362136
2025-06-04,19.024319,215.180649,0.06091885775835558,True,False,1.0,1.0,2714367.0923837894,37077.86298458452,2751444.955368374,1,0.01347577857672257
2025-06-05,18.745283,214.277435,0.061013161097662444,True,False,1.0,1.0,2714716.0824385243,36534.02966388765,2751250.112102412,1,0.013279065215910008
2025-06-06,19.114008,215.716599,0.060962981337572476,True,False,1.0,1.0,2752285.313862282,0.0,2752285.313862282,1,0.0
2025-06-09,20.509193,220.79837,0.062053765764566206,True,False,1.0,1.0,2752639.1791169215,0.0,2752639.1791169215,1,0.0
2025-06-10,21.814684,225.62207,0.047833043081373254,True,False,1.0,1.0,2752993.0898685222,0.0,2752993.0898685222,1,0.0
2025-06-11,21.565544,224.867722,0.0451231963094219,True,False,1.0,1.0,2753347.046122934,0.0,2753347.046122934,1,0.0
2025-06-12,21.615374,225.17543,0.04512003201947497,True,False,1.0,1.0,2753701.0478860075,0.0,2753701.0478860075,1,0.0
2025-06-13,19.971052,219.309555,0.04877805160417954,True,False,1.0,1.0,2647679.243613477,106255.92049265615,2753935.164106133,1,0.03858330503839022
2025-06-16,21.824652,226.235703,0.05225073679028161,True,False,1.0,1.0,2764036.449618004,0.0,2764036.449618004,1,0.0
2025-06-17,21.346302,224.445221,0.05236808099888586,True,False,1.0,1.0,2666973.392616528,97308.60089859262,2764281.993515121,1,0.0352021252270478
2025-06-18,21.53565,225.360352,0.052271280586240323,True,False,1.0,1.0,2677124.908657312,88354.58122196521,2765479.489879277,2,0.03194910016339416
2025-06-20,21.137024,223.918045,0.05049059189107038,True,False,1.0,1.0,2482317.8593987115,281650.3654855045,2763968.2248842157,2,0.10190072481651015
2025-06-23,21.505751,225.310608,0.049599621164754706,True,False,1.0,1.0,2511268.4033328523,257907.27995914797,2769175.683292,2,0.0931350370853132
2025-06-24,23.943045,233.855148,0.05157603382738082,True,False,1.0,1.0,2798477.503361874,0.0,2798477.503361874,3,0.0
2025-06-25,24.572861,235.953964,0.04863643684357842,True,False,1.0,1.0,2798837.307612306,0.0,2798837.307612306,3,0.0
2025-06-26,25.192682,237.804138,0.04805360409514247,True,False,1.0,1.0,2799197.158123285,0.0,2799197.158123285,3,0.0
2025-06-27,25.102707,237.595215,0.048286803761172156,True,False,1.0,1.0,2586929.620839964,212387.71205020283,2799317.332890167,4,0.07587125244958286
2025-06-30,25.102707,237.436081,0.04468652856853947,True,False,1.0,1.0,2608482.4864792004,191148.94084518254,2799631.427324383,4,0.06827646631609083
2025-07-01,24.702822,236.361801,0.04515280472173177,True,False,1.0,1.0,2153701.2786193276,642707.4200043844,2796408.698623712,4,0.2298331500401572
2025-07-02,26.042433,240.857849,0.043638060272833,True,False,1.0,1.0,2676489.169616137,154594.0620418685,2831083.2316580056,4,0.05460597566088917
2025-07-03,26.422323,242.051498,0.04325933567155894,True,False,1.0,1.0,2833545.7658578046,0.0,2833545.7658578046,4,0.0
2025-07-07,24.962748,237.515656,0.045802546888096506,True,False,1.0,1.0,2397131.416938688,436286.22568322637,2833417.6426219144,4,0.1539787919438192
2025-07-08,26.362341,242.051498,0.04667351617771126,True,False,1.0,1.0,2857785.6526745893,0.0,2857785.6526745893,4,0.0
2025-07-09,26.64226,242.827377,0.04488830403198337,True,False,1.0,1.0,2858153.082258505,0.0,2858153.082258505,4,0.0
2025-07-10,27.362051,245.244537,0.04355418949831734,True,False,1.0,1.0,2858520.5590833668,0.0,2858520.5590833668,4,0.0
2025-07-11,27.282074,244.866531,0.04335982681326788,True,False,1.0,1.0,2858888.0831552492,0.0,2858888.0831552492,4,0.0
2025-07-14,26.492304,242.538925,0.044291978274861775,True,False,1.0,1.0,2410309.2493911088,448440.2505782901,2858749.4999693986,4,0.1568658780991795
2025-07-15,27.282074,244.956055,0.03912239091239923,True,False,1.0,1.0,2456759.7807199433,415627.95333957777,2872387.734059521,4,0.1446977190478997
2025-07-16,27.02215,244.289612,0.035450880565113356,True,False,1.0,1.0,2457075.6498346073,411668.14881211275,2868743.79864672,4,0.14350118996555566
2025-07-17,27.312065,245.224625,0.03459997280572033,True,False,1.0,1.0,2498963.7804233124,374476.3653116974,2873440.14573501,4,0.13032335678455848
2025-07-18,27.322062,245.423553,0.03469657255788176,True,False,1.0,1.0,2536713.7695064247,337152.09097235097,2873865.8604787756,4,0.11731657194194257
2025-07-21,27.492012,245.64241,0.03398095026711797,True,False,1.0,1.0,2875993.5038766526,0.0,2875993.5038766526,4,0.0
2025-07-22,26.312355,242.250443,0.03626237261275603,True,False,1.0,1.0,2434919.009760745,440946.5683176032,2875865.578078348,4,0.1533265572907074
2025-07-23,25.772512,240.778305,0.028701528615466734,True,False,1.0,1.0,1983198.6628107545,883423.5678113837,2866622.2306221384,4,0.30817578904341913
2025-07-24,25.61256,240.28093,0.028285738339864256,True,False,1.0,1.0,1983453.645495973,877940.7741078221,2861394.4196037953,4,0.30682270437550746
2025-07-25,25.592566,240.261032,0.027772663821503476,True,False,1.0,1.0,1983708.6609646797,877255.4248948771,2860964.0858595567,4,0.3066293034682789
2025-07-28,26.872192,244.448761,0.029738488150039547,True,False,1.0,1.0,2546374.632915747,358216.59276171576,2904591.2256774628,4,0.12332771289638728
2025-07-29,27.02215,244.886414,0.02973097759294794,True,False,1.0,1.0,2582692.188116072,324194.03120841045,2906886.2193244826,4,0.11152621972378002
2025-07-30,27.601982,246.6371,0.029596669029645733,True,False,1.0,1.0,2913886.107196588,0.0,2913886.107196588,4,0.0
2025-07-31,24.972744,238.759048,0.035837874908661554,True,False,1.0,1.0,2497421.4222821263,416369.3713045672,2913790.7935866937,4,0.14289611053099754
2025-08-01,24.073006,235.983826,0.03641416205837791,True,False,1.0,1.0,2052915.887318749,845693.2047214046,2898609.0920401537,4,0.2917582805642043
2025-08-04,24.992739,239.12706,0.0353955779992211,True,False,1.0,1.0,2601802.6383359865,328902.3719959512,2930705.0103319376,4,0.11222636561388315
2025-08-05,24.512878,237.465912,0.03319762314889253,True,False,1.0,1.0,2149595.712636396,774618.6765683955,2924214.3892047913,4,0.2648980455838071
2025-08-06,23.983032,235.67543,0.03325911465266098,True,False,1.0,1.0,1698694.0427492443,1208544.6653402909,2907238.708089535,4,0.41570190365774085
2025-08-07,24.992739,239.564758,0.034143550180402306,True,False,1.0,1.0,2293978.8645693064,663839.966652606,2957818.8312219125,4,0.22443564144135403
2025-08-08,25.702532,241.583984,0.03491179589632737,True,False,1.0,1.0,2760524.0964713795,216035.9907731665,2976560.087244546,4,0.0725790793536961
2025-08-11,25.602562,241.126434,0.034358478484068256,True,False,1.0,1.0,2760879.0209980686,215195.71877204248,2976074.739770111,4,0.07230857340251658
2025-08-12,27.991867,248.835403,0.03943851249913034,True,False,1.0,1.0,2996307.337098118,0.0,2996307.337098118,4,0.0
2025-08-13,29.261499,252.535706,0.040486921502321804,True,False,1.0,1.0,2996692.576612888,0.0,2996692.576612888,4,0.0
2025-08-14,29.411455,252.794342,0.04045763923192213,True,False,1.0,1.0,2997077.8656584527,0.0,2997077.8656584527,4,0.0
2025-08-15,27.362051,247.005157,0.04388401362532396,True,False,1.0,1.0,2558643.164732236,438325.3017408694,2996968.4664731054,4,0.1462562274659832
2025-08-18,27.522005,247.731293,0.043881357254459,True,False,1.0,1.0,2603022.475114981,396798.9107075652,2999821.385822546,4,0.13227417891707696
2025-08-19,26.232378,243.851929,0.04410826530094955,True,False,1.0,1.0,2152164.3985698866,828889.7582827802,2981054.1568526668,4,0.2780525661962157
2025-08-20,25.792505,242.449402,0.044022663731192936,True,False,1.0,1.0,1686977.4008097115,1279929.5947285076,2966906.995538219,4,0.43140199428338294
2025-08-21,25.342638,241.076691,0.04418094992750105,True,False,1.0,1.0,1222058.9291503085,1722216.3165009085,2944275.245651217,4,0.584937267344374
2025-08-22,27.442028,247.771057,0.04767373393165826,True,False,1.0,1.0,2876500.7749299016,209157.32964332384,3085658.1045732256,4,0.0677837020677481
2025-08-25,27.29207,247.194153,0.046489312140812686,True,False,1.0,1.0,2876870.610743821,208014.3815041173,3084884.9922479386,4,0.06743019011303186
2025-08-26,27.931885,249.521744,0.04675077862273129,True,False,1.0,1.0,2898511.031050711,191601.8244225234,3090112.8554732343,4,0.06200479833063592
2025-08-27,28.171816,250.00914,0.04655694164652732,True,False,1.0,1.0,2918191.619856657,173922.8916561153,3092114.511512772,4,0.056247235025919544
2025-08-28,28.521713,251.212753,0.040035036084915425,True,False,1.0,1.0,2936159.7725566695,158474.7294938755,3094634.502050545,4,0.051209514205592964
2025-08-29,26.032438,244.021027,0.04473506259523989,True,False,1.0,1.0,2504896.2079160577,575798.0382422153,3080694.246158273,4,0.18690528570313472
2025-09-02,25.242666,241.544205,0.04464350628219959,True,False,1.0,1.0,2046105.9820370048,1016924.1478202931,3063030.129857298,4,0.33199939429510933
2025-09-03,24.902765,240.400284,0.044525718186885464,True,False,1.0,1.0,1579278.0542955424,1469795.3089331214,3049073.363228664,4,0.4820465544249008
2025-09-04,25.64255,242.877106,0.04462495680151118,True,False,1.0,1.0,1730695.0410996464,1362112.5898740445,3092807.630973691,4,0.44041296853798123
2025-09-05,26.442318,245.741852,0.04421470568419206,True,False,1.0,1.0,2748707.3753199703,385918.000594919,3134625.3759148894,4,0.12311455255870339
2025-09-08,27.072134,247.532333,0.0440919514173252,True,False,1.0,1.0,2788537.3427976402,355598.98502869357,3144136.3278263337,4,0.11309909875139965
2025-09-09,27.172106,247.741211,0.04406577600794554,True,False,1.0,1.0,2824555.976221833,321220.9271431232,3145776.903364956,4,0.10211179527687468
2025-09-10,28.591694,252.107956,0.04083437983234817,True,False,1.0,1.0,3162627.4382585404,0.0,3162627.4382585404,4,0.0
2025-09-11,29.161528,253.838776,0.03981874829513484,True,False,1.0,1.0,3163034.061786317,0.0,3163034.061786317,4,0.0
2025-09-12,29.291489,254.286392,0.039814382841097916,True,False,1.0,1.0,3163440.737594261,0.0,3163440.737594261,4,0.0
2025-09-15,29.991287,256.434967,0.03630217745767896,True,False,1.0,1.0,3163847.4656890947,0.0,3163847.4656890947,4,0.0
2025-09-16,30.471146,257.751678,0.03638962951895985,True,False,1.0,1.0,3164254.246077541,0.0,3164254.246077541,4,0.0
2025-09-17,30.461149,257.701843,0.03422683964916903,True,False,1.0,1.0,3032745.3680673684,131766.9853026429,3164512.3533700113,4,0.04163895431228737
2025-09-18,33.63023,266.712952,0.039312766340963215,True,False,1.0,1.0,3178484.105278731,0.0,3178484.105278731,4,0.0
2025-09-19,33.01041,265.008392,0.03935498487132074,True,False,1.0,1.0,2683211.230131746,495122.6924061739,3178333.9225379196,4,0.15578057701716103
2025-09-22,34.419998,268.965668,0.03682742179764819,True,False,1.0,1.0,3199371.343634272,0.0,3199371.343634272,4,0.0
2025-09-23,34.299999,268.646698,0.0367823432669276,True,False,1.0,1.0,3067346.4669016628,132286.9122389469,3199633.37914061,4,0.04134439686164228
2025-09-24,34.200001,268.238007,0.0368065522071664,True,False,1.0,1.0,3067740.840018836,131901.24381224898,3199642.083831085,4,0.041223749518357784
2025-09-25,33.849998,267.380768,0.03708884294744067,True,False,1.0,1.0,2546813.952115808,651284.9255076112,3198098.8776234193,4,0.20364752636778885
2025-09-26,34.02,267.968842,0.037092182181930874,True,False,1.0,1.0,2612539.9332491006,589100.2371460123,3201640.1703951126,4,0.18399951455922411
2025-09-29,34.02,268.068542,0.028813526337711223,True,False,1.0,1.0,2671734.5115031647,530190.2134314112,3201924.724934576,4,0.16558484629654885
2025-09-30,34.84,270.251526,0.02693201042664808,True,False,1.0,1.0,2726327.660976088,488672.67290873977,3215000.333884828,4,0.15199770518165232
2025-10-01,36.860001,275.454803,0.027411774814917675,True,False,1.0,1.0,3243233.191994368,0.0,3243233.191994368,4,0.0
2025-10-02,39.080002,280.787689,0.028701711249011143,True,False,1.0,1.0,3243650.1791190533,0.0,3243650.1791190533,4,0.0
2025-10-03,38.23,279.063232,0.030152320598728223,True,False,1.0,1.0,2729863.496958049,513623.99549460504,3243487.492452654,4,0.15835547283279758
2025-10-06,41.709999,287.43631,0.03384474430712612,True,False,1.0,1.0,3290104.219045925,0.0,3290104.219045925,4,0.0
2025-10-07,38.830002,281.006989,0.03962868307369784,True,False,1.0,1.0,2800550.449551576,489424.3696079646,3289974.8191595403,4,0.14876234515770348
2025-10-08,42.779999,290.606171,0.04284856677582352,True,False,1.0,1.0,3339651.820161699,0.0,3339651.820161699,4,0.0
2025-10-09,42.240002,289.260468,0.043474362720487165,True,False,1.0,1.0,2819223.61928844,520270.3555284237,3339493.9748168634,4,0.15579317089708333
2025-10-10,34.209999,271.118744,0.0672809088020418,True,False,1.0,1.0,2392285.554901784,848183.5465128416,3240469.1014146255,4,0.26174714831953416
2025-10-13,39.139999,283.957489,0.07299431430176384,True,False,1.0,1.0,2977452.076192896,385046.0797528143,3362498.1559457104,4,0.11451190807999691
2025-10-14,36.630001,278.1362,0.07512294400031257,True,False,1.0,1.0,2671146.88659704,666695.8042586003,3337842.6908556405,4,0.19973853353996618
2025-10-15,39.98,286.718628,0.0770785855755035,True,False,1.0,1.0,3078261.122024279,320542.87463265087,3398803.99665693,4,0.09431049126337895
2025-10-16,40.57,288.054352,0.0744231933415306,True,False,1.0,1.0,3111155.873754032,292745.92249779846,3403901.7962518306,4,0.08600304592222738
2025-10-17,40.290001,287.246948,0.07423768986471578,True,False,1.0,1.0,3111555.879509229,290725.4993882727,3402281.378897502,4,0.08545016329086848
2025-10-20,42.240002,292.031555,0.07437062874227135,True,False,1.0,1.0,3142409.008014776,274316.7245900658,3416725.7326048417,4,0.08028643387215406
2025-10-21,41.509998,290.39682,0.07457113853298858,True,False,1.0,1.0,3142813.032030092,269575.9031711263,3412388.9352012184,4,0.07899917280537959
2025-10-22,38.389999,283.219879,0.07708687614086945,True,False,1.0,1.0,2846434.422978271,545761.9638917618,3392196.3868700326,4,0.1608874904779126
2025-10-23,41.169998,290.127625,0.07828384637613056,True,False,1.0,1.0,2905277.69583445,526754.8213718347,3432032.5172062847,4,0.15348188536413385
2025-10-24,43.139999,294.912323,0.07870478171852534,True,False,1.0,1.0,3260352.7270818953,196949.3440740776,3457302.071155973,4,0.05696619503317691
2025-10-27,46.84,303.105957,0.0801881537548652,True,False,1.0,1.0,3474426.6969758985,0.0,3474426.6969758985,4,0.0
2025-10-28,46.959999,303.474792,0.08021981994598196,True,False,1.0,1.0,3474873.4089797954,0.0,3474873.4089797954,4,0.0
2025-10-29,49.380001,308.608307,0.08006517196265192,True,False,1.0,1.0,3475320.178418093,0.0,3475320.178418093,4,0.0
2025-10-30,47.389999,304.431702,0.08029114717413137,True,False,1.0,1.0,3188527.7726659183,286915.39123017533,3475443.1638960936,4,0.08255505203213656
2025-10-31,47.779999,305.568024,0.07994825435261631,True,False,1.0,1.0,3217840.172697162,260348.927111312,3478189.0998084736,4,0.07485186102321122
2025-11-03,48.580002,307.392212,0.07795150009703596,True,False,1.0,1.0,3244701.631351185,238237.26450452316,3482938.895855708,4,0.06840121851922173
2025-11-04,42.799999,295.311005,0.08177892620441933,True,False,1.0,1.0,2974424.394249392,480281.2432911046,3454705.637540497,4,0.1390223346591782
2025-11-05,46.830002,304.491516,0.08138440427292225,True,False,1.0,1.0,3322902.362976361,177104.82870915998,3500007.191685521,4,0.050601275657342425
2025-11-06,43.009998,296.547028,0.08376564082902979,True,False,1.0,1.0,3052807.954100496,432874.7281470344,3485682.6822475307,4,0.12418649877444422
2025-11-07,41.740002,293.437042,0.06797644608045834,True,False,1.0,1.0,2942408.59537634,530558.7384934388,3472967.333869779,3,0.1527681338431306
2025-11-10,44.959999,301.032623,0.06333336602934905,True,False,1.0,1.0,3227063.5993090146,286963.5679458316,3514027.167254846,4,0.0816623077419197
2025-11-11,41.810001,294.20459,0.06373500930307513,True,False,1.0,1.0,2865312.8523347145,628615.5987532443,3493928.4510879586,4,0.1799165631332555
2025-11-12,43.709999,298.710083,0.061547814511177114,True,False,1.0,1.0,2931342.189539134,591463.9531723484,3522806.1427114825,4,0.16789568577199715
2025-11-13,39.220001,288.453033,0.06643115686983575,True,False,1.0,1.0,2570769.87763683,891249.5840555404,3462019.4616923705,4,0.25743632984080994
2025-11-14,38.860001,287.595795,0.06644265865129048,True,False,1.0,1.0,2571100.405192526,883068.8129673398,3454169.2181598656,4,0.2556530260083134
2025-11-17,36.84,282.651672,0.06634176302626382,True,False,1.0,1.0,2217725.663078897,1190472.1097720985,3408197.772850996,4,0.349296663255623
2025-11-18,34.349998,276.092773,0.06780781775240091,True,False,1.0,1.0,1869608.906839621,1458017.633882952,3327626.540722573,4,0.43815542881394154
2025-11-19,35.959999,280.707947,0.06685857986760979,True,False,1.0,1.0,2022351.8169848952,1373720.0622478055,3396071.879232701,4,0.4045026463215437
2025-11-20,30.809999,267.241211,0.07252850841318294,True,False,1.0,1.0,1704900.3333734972,1494336.477157039,3199236.8105305363,4,0.4670915489088881
2025-11-21,31.73,269.962463,0.07185927576597666,True,False,1.0,1.0,1858881.2122793158,1385062.257813561,3243943.470092877,4,0.4269686788882007
2025-11-24,35.860001,281.794464,0.07520598437670768,True,False,1.0,1.0,2347661.363358442,1076375.702634849,3424037.0659932913,4,0.31435865964336435
2025-11-25,36.169998,282.6716,0.07528547399511606,True,False,1.0,1.0,2456436.6411785767,977112.530208685,3433549.1713872617,4,0.2845779924607577
2025-11-26,39.189999,290.456635,0.07689114247406402,True,False,1.0,1.0,2814946.6561143617,700189.5437935496,3515136.1999079115,4,0.19919272084304812
2025-11-28,41.259998,295.78949,0.07779919724865145,True,False,1.0,1.0,3107373.505747599,444853.5550386986,3552227.0607862975,4,0.1252322972113806
2025-12-01,41.310001,295.968903,0.07774340061019303,True,False,1.0,1.0,3152273.4739970593,400853.4058375857,3553126.879834645,4,0.11281708179704536
2025-12-02,43.799999,301.869934,0.07897659884936852,True,False,1.0,1.0,3366484.3735651053,211023.09697895902,3577507.4705440644,4,0.05898606745519019
2025-12-03,46.580002,308.369049,0.07484286523882464,True,False,1.0,1.0,3574106.199043766,17047.088814256087,3591153.2878580224,4,0.0047469677420603745
2025-12-04,45.16,305.29895,0.07239542804595366,True,False,1.0,1.0,3252752.638780279,337977.6717048181,3590730.310485097,4,0.09412505047174047
2025-12-05,46.5,308.408936,0.06994617897968214,True,False,1.0,1.0,3287941.1429595402,313205.61472202477,3601146.757681565,4,0.08697385466280413
2025-12-08,47.990002,311.758179,0.06973038739611898,True,False,1.0,1.0,3320659.8737972802,290917.51116621675,3611577.384963497,4,0.0805513713695926
2025-12-09,47.790001,311.180023,0.06792656698183795,True,False,1.0,1.0,3392852.2478238796,217877.06199383189,3610729.3098177114,3,0.060341566287291544
2025-12-10,49.650002,315.316711,0.06591759817624433,True,False,1.0,1.0,3619448.090517429,0.0,3619448.090517429,4,0.0
2025-12-11,48.790001,313.512482,0.06559851973726694,True,False,1.0,1.0,3239372.0134575604,380112.4018035914,3619484.4152611517,4,0.1050183833368338
2025-12-12,41.709999,298.520721,0.07071370025764666,True,False,1.0,1.0,3061192.870344208,503194.2922142843,3564387.1625584923,3,0.14117273720992052
2025-12-15,41.18,297.05542,0.07075083913717845,True,False,1.0,1.0,2968171.0165713807,590110.439053773,3558281.4556251536,4,0.16584141710344175
2025-12-16,40.490002,295.683807,0.06968568649333233,True,False,1.0,1.0,2968552.6385592255,580222.750303743,3548775.3888629684,4,0.16349942916213897
2025-12-17,36.009998,284.732941,0.07307267613227544,True,False,1.0,1.0,2844364.2956103003,640183.6979002138,3484547.993510514,3,0.18372072908522621
2025-12-18,38.580002,291.531067,0.073974045665141,True,False,1.0,1.0,2913257.530127917,617285.7746568571,3530543.304784774,4,0.17484158141334216
2025-12-19,41.720001,299.287506,0.0656365115983879,True,False,1.0,1.0,3250487.3123018863,330377.1608801468,3580864.473182033,4,0.09226184441059468
2025-12-22,43.259998,303.310486,0.06573224888335029,True,False,1.0,1.0,3285132.6016616332,308315.0402376247,3593447.641899258,4,0.08579922986568683
2025-12-23,43.700001,304.428528,0.06072954563701554,True,False,1.0,1.0,3316672.926337134,280305.8569265149,3596978.783263649,4,0.07792813742209088
2025-12-24,44.209999,305.606506,0.06072991948328539,True,False,1.0,1.0,3397547.4440069324,203058.8835119371,3600606.3275188697,4,0.0563957470051613
2025-12-26,44.209999,305.506653,0.0584590393274216,True,False,1.0,1.0,3290279.506108297,310642.21962761396,3600921.725735911,4,0.08626741798008086
2025-12-29,43.82,304.787903,0.05753994831557726,True,False,1.0,1.0,3290702.542044797,307901.8858173248,3598604.4278621217,4,0.0855614702837024
2025-12-30,43.669998,304.388641,0.05755693495065199,True,False,1.0,1.0,3291125.6323716315,306847.8945193702,3597973.5268910015,4,0.0852835331405333
2025-12-31,42.029999,300.625153,0.056685643494358735,True,False,1.0,1.0,2841471.02880944,744894.7352694997,3586365.7640789393,4,0.2077018308423446
2026-01-02,47.240002,313.143311,0.06112797222289732,True,False,1.0,1.0,3618544.7194074355,59799.37500292604,3678344.0944103617,4,0.0162571454622197
2026-01-05,49.220001,317.505707,0.06128562888947424,True,False,1.0,1.0,3625189.080018761,56075.2043934938,3681264.284412255,4,0.01523259403866644
2026-01-06,54.009998,327.777771,0.0642290726764551,True,False,1.0,1.0,3687087.068847047,0.0,3687087.068847047,4,0.0
2026-01-07,52.290001,324.323792,0.0645581349685551,True,False,1.0,1.0,3281115.8024462997,405945.4696655592,3687061.2721118587,4,0.11010000640240067
2026-01-08,49.650002,319.023041,0.06575436569268572,True,False,1.0,1.0,2884921.7089892686,781582.4460610793,3666504.155050348,4,0.21316829683242147
2026-01-09,53.950001,328.207031,0.06779148587538318,True,False,1.0,1.0,3400167.2389649116,333905.39244702365,3734072.631411935,4,0.08942123665140564
2026-01-12,54.650002,329.774292,0.06762147122511661,True,False,1.0,1.0,3434355.099488965,304414.0319577856,3738769.1314467504,4,0.08142092256977361
2026-01-13,56.07,332.719116,0.05583048585376245,True,False,1.0,1.0,3746800.6506431676,0.0,3746800.6506431676,4,0.0
2026-01-14,55.380001,331.321564,0.05582000724244894,True,False,1.0,1.0,3747234.8037344324,0.0,3747234.8037344324,4,0.0
2026-01-15,58.080002,336.632294,0.055754702243856924,True,False,1.0,1.0,3747669.0071323253,0.0,3747669.0071323253,4,0.0
2026-01-16,60.75,341.873169,0.045978501664276014,True,False,1.0,1.0,3748103.2608426753,0.0,3748103.2608426753,4,0.0
2026-01-20,57.939999,336.762085,0.047607311408244195,True,False,1.0,1.0,3191855.696031166,556061.3105959804,3747917.006627146,4,0.14836542794644092
2026-01-21,63.48,347.533295,0.048525000909085,True,False,1.0,1.0,3800916.60428411,0.0,3800916.60428411,4,0.0
2026-01-22,63.720001,348.062347,0.04853080156038953,True,False,1.0,1.0,3801357.0279541304,0.0,3801357.0279541304,4,0.0
2026-01-23,61.599998,344.109253,0.04994614886897139,True,False,1.0,1.0,3266866.706948727,534334.4843611458,3801201.1913098725,4,0.14056990342492687
2026-01-26,60.700001,342.472107,0.05044472248346546,True,False,1.0,1.0,2737250.1211743453,1055931.9932670803,3793182.1144414255,4,0.2783762976333063
2026-01-27,64.959999,350.46817,0.051590102381460036,True,False,1.0,1.0,3866606.6179228467,0.0,3866606.6179228467,4,0.0
2026-01-28,70.089996,359.831818,0.05263675176596462,True,False,1.0,1.0,3867054.65329286,0.0,3867054.65329286,4,0.0
2026-01-29,70.470001,360.500641,0.052435664530389475,True,False,1.0,1.0,3867502.740578083,0.0,3867502.740578083,4,0.0
2026-01-30,61.790001,345.696472,0.061591839152587105,True,False,1.0,1.0,3418453.9447481227,448995.8606447714,3867449.805392894,4,0.11609610550566873
2026-02-02,65.199997,352.075348,0.05782973918306512,True,False,1.0,1.0,3466185.611278676,426397.078231903,3892582.689510579,4,0.10954091723752557
2026-02-03,61.200001,345.037628,0.06012366833351485,True,False,1.0,1.0,3029683.510468934,836654.4752344454,3866337.98570338,4,0.21639455172521288
2026-02-04,53.189999,329.80426,0.06573324626787058,True,False,1.0,1.0,2640703.321261105,1116048.3861360925,3756751.7073971974,4,0.2970780272591738
2026-02-05,53.25,330.253448,0.0653111296956051,True,False,1.0,1.0,2752641.2449122514,1005576.6104746915,3758217.8553869426,4,0.2675674080557414
2026-02-06,61.75,347.902649,0.07179361236054627,True,False,1.0,1.0,3433349.8593196822,485099.3670774716,3918449.226397154,3,0.12379881403324948
2026-02-09,64.029999,352.155212,0.07005979162307131,True,False,1.0,1.0,3484004.28560552,452709.648420794,3936713.934026314,4,0.11499683644977998
2026-02-10,63.34,350.817535,0.0701834366688163,True,False,1.0,1.0,3380553.4183118134,551569.9643412532,3932123.3826530664,4,0.14027280191017305
2026-02-11,68.050003,359.572296,0.0715575248832231,True,False,1.0,1.0,3973006.2045626026,0.0,3973006.2045626026,4,0.0
2026-02-12,63.099998,350.887421,0.0739354910596634,True,False,1.0,1.0,3612412.1363810804,360651.9488248822,3973064.0852059624,4,0.09077425913359918
2026-02-13,64.589996,354.041931,0.07342327200368323,True,False,1.0,1.0,3649714.8865149473,332251.31225506874,3981966.198770016,4,0.08343900868814441
2026-02-17,64.349998,353.48291,0.07284479445478255,True,False,1.0,1.0,3650137.7899859245,331016.76115773484,3981154.5511436593,4,0.08314592083913051
2026-02-18,66.290001,357.296265,0.07208171126917697,True,False,1.0,1.0,3684630.204897999,306896.5330091651,3991526.737907164,4,0.0768870041867932
2026-02-19,65.230003,355.219879,0.06939969954963907,True,False,1.0,1.0,3685057.154112217,301989.1607616273,3987046.3148738444,4,0.07574257656226466
2026-02-20,67.110001,358.803589,0.06966301346803298,True,False,1.0,1.0,3716525.960935503,279623.52834219206,3996149.489277695,4,0.0699732402635253
2026-02-23,65.860001,356.198151,0.06932954329510259,True,False,1.0,1.0,3324628.3098481726,666306.1727106657,3990934.482558838,4,0.16695492637690587
2026-02-24,68.529999,361.409058,0.0696515188956066,True,False,1.0,1.0,3679571.7634109124,338446.5525781497,4018018.315989062,4,0.08423220751168697
2026-02-25,71.860001,367.358704,0.06884480768032454,True,False,1.0,1.0,4034576.6248756223,0.0,4034576.6248756223,4,0.0
2026-02-26,65.339996,356.178162,0.07018228556977933,True,False,1.0,1.0,3667298.4913445674,367335.6895443261,4034634.1808888935,4,0.09104559994170185
2026-02-27,62.77,351.676056,0.0706150616636036,True,False,1.0,1.0,3286464.6187685286,733721.2061168234,4020185.824885352,4,0.18250927645558465
2026-03-02,62.759998,351.436462,0.06412268374452897,True,False,1.0,1.0,3286845.431335465,733604.2923124011,4020449.7236478664,4,0.18246821692543924
2026-03-03,53.419998,334.196564,0.07226683689260249,True,False,1.0,1.0,2918066.159041525,993177.2437493526,3911243.4027908775,4,0.2539287744252042
2026-03-04,56.619999,340.944794,0.0726514904646628,True,False,1.0,1.0,3023578.32461839,947404.0993621901,3970982.4239805797,4,0.23858179115597702
2026-03-05,54.799999,337.171387,0.06566841999383152,True,False,1.0,1.0,2652638.164137885,1287827.2464463543,3940465.4105842393,4,0.3268211016361675
2026-03-06,47.889999,322.946228,0.07239565889588155,True,False,1.0,1.0,2282704.899306341,1495266.718022476,3777971.617328817,4,0.3957855880028267
2026-03-09,53.32,335.783813,0.06831441402099248,True,False,1.0,1.0,2860699.627633609,1086565.8003839268,3947265.4280175357,4,0.2752705183369543
2026-03-10,54.59,338.219543,0.06794542017783198,True,False,1.0,1.0,3219937.1840780107,753222.3990259414,3973159.583103952,3,0.18957768578666084
2026-03-11,56.09,341.493835,0.06838959800714944,True,False,1.0,1.0,3297633.765934012,696527.2014147013,3994160.9673487134,4,0.17438636226948298
2026-03-12,50.279999,329.614594,0.0695239119695237,True,False,1.0,1.0,2925725.093405638,996254.2152587932,3921979.308664431,4,0.2540182231604001
2026-03-13,50.720001,330.742615,0.06821202354665239,True,False,1.0,1.0,3291379.9681023667,639333.2942140591,3930713.262316426,3,0.1626507077845945
2026-03-16,53.689999,337.241241,0.06950014858206129,True,False,1.0,1.0,3359378.5641529206,609093.5119326512,3968472.0760855717,4,0.1534831290871649
2026-03-17,54.950001,339.866302,0.06987233173129527,True,False,1.0,1.0,3663494.775845698,319392.01992434886,3982886.7957700468,4,0.08019108659165343
2026-03-18,54.02,337.908539,0.06932831624116446,True,False,1.0,1.0,3707770.331304302,269889.0109016882,3977659.34220599,3,0.06785121290754102
2026-03-19,54.849998,339.816376,0.06954263939454218,True,False,1.0,1.0,3735579.306331451,246632.1832166164,3982211.4895480676,4,0.06193347185701735
2026-03-20,51.139999,332.13504,0.07026045494357314,True,False,1.0,1.0,3333121.6615715106,632391.6065367104,3965513.268108221,4,0.15947282578085983
2026-03-23,53.029999,336.210419,0.07112001951626862,True,False,1.0,1.0,3399026.2089231354,590186.8249161508,3989213.0338392863,4,0.14794567748319648
2026-03-24,54.959999,340.635406,0.07097605292462991,True,False,1.0,1.0,3829955.0968561433,180750.30902289628,4010705.40587904,4,0.04506696222513521
2026-03-25,57.040001,344.860657,0.07056552269755006,True,False,1.0,1.0,3849141.3915864853,168831.84489640695,4017973.236482892,4,0.04201915616645392
2026-03-26,48.970001,328.479156,0.075163691072815,True,False,1.0,1.0,3482279.312070416,511844.209065155,3994123.521135571,4,0.12814931895737475
2026-03-27,46.610001,323.115234,0.07535878332026738,True,False,1.0,1.0,3099927.1073956084,869506.0506998312,3969433.15809544,4,0.21905043266102658
2026-03-30,40.619999,309.440643,0.08006169078558831,True,False,1.0,1.0,2750720.4294048254,1106939.214628834,3857659.6440336592,4,0.28694579531941095
2026-03-31,47.91,328.289368,0.08333227686049698,True,False,1.0,1.0,3292961.7645474668,763197.4657363495,4056159.2302838163,4,0.1881576689687666
2026-04-01,52.259998,338.158234,0.08472271564035423,True,False,1.0,1.0,3741690.7549089636,383747.90794233524,4125438.6628512987,4,0.09301990389480369
2026-04-02,52.75,339.22699,0.08449504242318205,True,False,1.0,1.0,3780824.666940589,348611.4165094757,4129436.0834500645,4,0.08442107093184925
2026-04-06,54.810001,343.711945,0.07884418581353411,True,False,1.0,1.0,4061451.0713380785,81789.15979634655,4143240.231134425,4,0.019740385600077202
2026-04-07,56.549999,347.367828,0.07549502360839051,True,False,1.0,1.0,4070352.785985557,75947.07422510016,4146299.860210657,4,0.0183168310989552
2026-04-08,67.5,369.982269,0.08491051366320906,True,False,1.0,1.0,4140784.9998352695,20630.52129212255,4161415.521127392,4,0.00495757301509113
2026-04-09,71.980003,378.203003,0.08569316813007609,True,False,1.0,1.0,4163245.129483253,0.0,4163245.129483253,4,0.0
2026-04-10,76.389999,386.164032,0.0812617174010581,True,False,1.0,1.0,4163727.537252225,0.0,4163727.537252225,4,0.0
2026-04-13,80.559998,392.896423,0.08151771328858036,True,False,1.0,1.0,4164210.00091924,0.0,4164210.00091924,4,0.0
2026-04-14,85.309998,400.787506,0.0815261095383954,True,False,1.0,1.0,4164692.5204907754,0.0,4164692.5204907754,4,0.0
2026-04-15,85.959999,401.406799,0.08160032447729132,True,False,1.0,1.0,4165175.095973308,0.0,4165175.095973308,4,0.0
2026-04-16,88.370003,405.492218,0.08107365504817356,True,False,1.0,1.0,4165657.727373318,0.0,4165657.727373318,4,0.0
2026-04-17,94.68,415.241211,0.08163519702750946,True,False,1.0,1.0,4166140.4146972834,0.0,4166140.4146972834,4,0.0
2026-04-20,95.940002,417.079102,0.07847230658468166,True,False,1.0,1.0,4166623.1579516847,0.0,4166623.1579516847,4,0.0
2026-04-21,98.089996,420.225586,0.07849010045559836,True,False,1.0,1.0,4167105.9571430027,0.0,4167105.9571430027,4,0.0
2026-04-22,105.639999,431.283081,0.07908626243940443,True,False,1.0,1.0,4167588.8122777194,0.0,4167588.8122777194,4,0.0
2026-04-23,112.769997,440.502686,0.07942022892331273,True,False,1.0,1.0,4168071.723362317,0.0,4168071.723362317,4,0.0
2026-04-24,128.320007,461.079468,0.0688591828644449,True,False,1.0,1.0,4168554.690403278,0.0,4168554.690403278,4,0.0
2026-04-27,123.389999,454.896423,0.06813147113927265,True,False,1.0,1.0,3747625.253503177,420942.6925361807,4168567.9460393577,4,0.10098016824605847
2026-04-28,109.559998,438.215271,0.06552259508424853,True,False,1.0,1.0,3354846.757258778,766536.3136941434,4121383.070952921,4,0.1859900670473006
2026-04-29,117.970001,449.482513,0.060008490476010194,True,False,1.0,1.0,3860250.6440345095,319914.7815688996,4180165.4256034093,4,0.07653160796207478
2026-04-30,126.980003,460.919617,0.059592343198938455,True,False,1.0,1.0,3895102.3331673117,309913.551081744,4205015.884249056,4,0.07370092280569097
2026-05-01,130.399994,465.224762,0.05918175080138593,True,False,1.0,1.0,3927351.583151388,286434.4922201672,4213786.075371555,4,0.06797556570189922
2026-05-04,127.550003,461.53894,0.06106619086659454,True,False,1.0,1.0,3430263.429259198,777162.8428583523,4207426.2721175505,4,0.18471217143092444
2026-05-05,144.160004,482.185638,0.06355513136969992,True,False,1.0,1.0,4308251.8806900745,0.0,4308251.8806900745,4,0.0
2026-05-06,165.850006,506.298401,0.0600178250442802,True,False,1.0,1.0,4308751.090828631,0.0,4308751.090828631,4,0.0
2026-05-07,152.100006,491.804718,0.06657842136523422,True,False,1.0,1.0,3839693.2165858364,469033.7058221235,4308726.92240796,4,0.1088566795409724
2026-05-08,176.940002,519.713257,0.07118484442387099,True,False,1.0,1.0,4385288.939015519,0.0,4385288.939015519,4,0.0
2026-05-11,190.419998,532.15918,0.0714956281114504,True,False,1.0,1.0,4385797.075670357,0.0,4385797.075670357,4,0.0
2026-05-12,172.520004,515.408081,0.07806461626682397,True,False,1.0,1.0,3994196.094043996,391672.07547620597,4385868.169520202,4,0.08930320300052554
2026-05-13,184.240005,527.694214,0.0780643723212084,True,False,1.0,1.0,4036449.926248191,376451.9888933396,4412901.91514153,4,0.08530712808314618
2026-05-14,186.190002,529.432312,0.07827879790380371,True,False,1.0,1.0,4417017.602094099,0.0,4417017.602094099,4,0.0
2026-05-15,164.179993,507.946533,0.08587386653133895,True,False,1.0,1.0,4068365.160988292,348775.0252036753,4417140.186191968,4,0.07895946483517778
2026-05-18,151.75,495.310791,0.08908135581196683,True,False,1.0,1.0,3734565.0744575956,656268.2986601795,4390833.373117775,4,0.1494632665129323
2026-05-19,151.889999,496.17981,0.08921744056241451,True,False,1.0,1.0,3800627.100962856,591186.3730115566,4391813.473974412,4,0.13461099304760704
2026-05-20,173.199997,519.723267,0.0918557872690581,True,False,1.0,1.0,4211103.712006354,263730.05050551536,4474833.762511869,4,0.0589362788658042
2026-05-21,178.389999,524.118347,0.09137070303707438,True,False,1.0,1.0,4238730.928261417,244469.5371522088,4483200.465413625,4,0.05453013735125354
2026-05-22,190.559998,536.724121,0.08855275905583838,True,False,1.0,1.0,4500138.733577886,0.0,4500138.733577886,4,0.0
2026-05-26,225.789993,569.447144,0.09341332298452978,True,False,1.0,1.0,4500660.178224793,0.0,4500660.178224793,4,0.0
2026-05-27,217.979996,563.343933,0.08810757983690998,True,False,1.0,1.0,4179599.1372601753,321224.0635471254,4500823.2008073,4,0.07137006925522164
2026-05-28,224.630005,568.82782,0.08761559175902242,True,False,1.0,1.0,4213156.547824583,297921.4051395798,4511077.952964162,4,0.06604217622615456
2026-05-29,224.339996,568.438293,0.08735315564710025,True,False,1.0,1.0,4213644.738980125,297536.7731364637,4511181.512116589,4,0.06595539823376853
2026-06-01,227.029999,571.284973,0.08743120813288197,True,False,1.0,1.0,4244216.807737296,270994.01382208784,4515210.821559384,4,0.060018020095127404
2026-06-02,266.320007,604.337708,0.09133586167754856,True,False,1.0,1.0,4562319.97604544,0.0,4562319.97604544,4,0.0
2026-06-03,280.540009,614.985657,0.08919455105949595,True,False,1.0,1.0,4562848.625820442,0.0,4562848.625820442,4,0.0
2026-06-04,262.700012,602.040283,0.08808401724824724,True,False,1.0,1.0,4237054.441725384,325959.12836082187,4563013.570086206,4,0.07143505566095955
2026-06-05,182.539993,539.161316,0.12169142741211232,True,False,1.0,1.0,4108108.1183980927,355678.2213645712,4463786.3397626635,3,0.07968083467531789
2026-06-08,211.440002,570.805542,0.12143055270560574,True,False,1.0,1.0,4363576.720411792,156771.47964647517,4520348.200058267,4,0.034681283987028785
2026-06-09,201.679993,561.506104,0.12105379629957734,True,False,1.0,1.0,4112496.658352417,400840.1827499352,4513336.841102352,4,0.08881237914696229
2026-06-10,180.649994,540.899353,0.1215831052523444,True,False,1.0,1.0,4026851.337216956,444875.82220888365,4471727.15942584,3,0.0994863519951438
2026-06-11,223.990005,586.268127,0.12997703587890216,True,False,1.0,1.0,4308399.6914321855,270276.13263628166,4578675.824068467,4,0.05902932267349795
2026-06-12,234.679993,595.577576,0.13023844949429478,True,False,1.0,1.0,4514810.678981282,77081.14208352627,4591891.821064808,4,0.016786358452506405
2026-06-15,272.5,628.039368,0.12949699159797023,True,False,1.0,1.0,4562911.522714132,41883.39722274311,4604794.919936876,3,0.0090956053311745
2026-06-16,226.190002,590.853699,0.13610870652805546,True,False,1.0,1.0,4345157.569299185,252804.8677613361,4597962.437060521,4,0.05498193411143966
2026-06-17,233.860001,599.338135,0.13606314732600738,True,False,1.0,1.0,4371775.680166996,235239.62816324588,4607015.308330242,4,0.05106117788189111
2026-06-18,279.290009,639.032227,0.13839818646411545,True,False,1.0,1.0,4624172.6479551755,28824.318321136838,4652996.966276312,4,0.006194785539308934
2026-06-22,300.769989,654.582031,0.1388517877296106,True,False,1.0,1.0,4655722.191345067,0.0,4655722.191345067,4,0.0
2026-06-23,231.419998,602.995789,0.1525951707762867,True,False,1.0,1.0,4463931.565577092,192115.69935349352,4656047.264930585,4,0.04126154405701843
2026-06-24,229.570007,601.106995,0.1478941528795458,True,False,1.0,1.0,4464448.814790246,190579.9102348597,4655028.725025106,4,0.040940651818175806
2026-06-25,252.610001,624.791504,0.14910528320898214,True,False,1.0,1.0,4485918.260664989,188736.11910247075,4674654.37976746,4,0.04037434722860932
2026-06-26,215.600006,589.554565,0.15348796598879075,True,False,1.0,1.0,4287236.625855741,360063.68569171836,4647300.311547459,4,0.0774780327402221
2026-06-29,236.520004,613.948547,0.1549416743214422,True,False,1.0,1.0,4327198.594719023,355501.0937339861,4682699.688453009,4,0.0759179783855476
2026-06-30,266.709991,640.34137,0.15715612143207172,True,False,1.0,1.0,4728223.642281533,0.0,4728223.642281533,4,0.0
2026-07-01,217.550003,599.308167,0.15969450324039308,True,False,1.0,1.0,4547768.987400395,180800.75677862388,4728569.744179019,4,0.03823582321085438
2026-07-02,181.470001,565.950012,0.16339800733288923,True,False,1.0,1.0,4366016.003246634,332892.2569914019,4698908.2602380365,4,0.07084459592631806
2026-07-06,194.649994,581.130066,0.16429631440435022,True,False,1.0,1.0,4402197.323431604,321362.9135507667,4723560.236982371,4,0.06803404581034161
2026-07-07,165.279999,551.329529,0.1470943472774501,True,False,1.0,1.0,4222138.937972837,453240.8830879236,4675379.821060761,4,0.09694204544543106
2026-07-08,174.820007,561.662781,0.1435143901560629,True,False,1.0,1.0,4270525.986584923,431461.866833054,4701987.853417978,4,0.09176158686148347
2026-07-09,192.449997,581.319946,0.1451003003561305,True,False,1.0,1.0,4507324.626679774,238460.36001979766,4745784.986699572,4,0.05024676859320454
2026-07-10,192.259995,580.960205,0.14286872299768147,True,False,1.0,1.0,4507846.903977786,238224.93291649417,4746071.83689428,4,0.050194127080972095
2026-07-13,165.369995,553.248291,0.1376238379418148,True,False,1.0,1.0,4299191.688599574,413850.5266676985,4713042.215267273,4,0.08780963712293618
2026-07-14,176.660004,567.548889,0.13815026526302274,True,False,1.0,1.0,4343861.216246762,397894.14111590164,4741755.357362664,4,0.08391283630819958
2026-07-15,165.550003,554.907227,0.13300823454478022,True,False,1.0,1.0,4108972.0057421965,608001.0530626506,4716973.058804847,4,0.12889644385984717
2026-07-16,142.479996,530.153381,0.130927520684016,True,False,1.0,1.0,3885203.6022247956,747268.3981033085,4632472.000328104,4,0.16131093680660816
2026-07-17,135.470001,521.469055,0.1303653839172968,True,False,1.0,1.0,3634117.7930770544,961758.5029711723,4595876.296048227,4,0.2092655330601788
2026-07-20,136.809998,523.797546,0.12159621305791457,True,False,1.0,1.0,3731580.175774033,874144.5346351787,4605724.710409212,4,0.18979521999210244
2026-07-21,158.539993,552.328857,0.12610178524900778,True,False,1.0,1.0,4097626.8443586044,647050.0124407411,4744676.856799345,4,0.13637388424324154
2026-07-22,160.990005,555.157043,0.11415165486622116,True,False,1.0,1.0,4360525.580456756,394393.0742647141,4754918.654721471,4,0.08294423162699016
2026-07-23,157.5,550.879822,0.11412910655553224,True,False,1.0,1.0,4361030.847706555,385843.2652181884,4746874.112924743,4,0.08128365236558897
2026-07-24,136.809998,526.665649,0.11389395727217905,True,False,1.0,1.0,4099053.131729676,597347.369316255,4696400.501045931,4,0.12719259551718817
2026-07-27,128.149994,515.8927,0.11024274236527325,True,False,1.0,1.0,3815909.6992842085,842837.821499471,4658747.52078368,4,0.18091511028219265
2026-07-28,109.540001,491.138885,0.11023114936677904,True,False,1.0,1.0,3549217.060465659,987277.5911249586,4536494.651590617,4,0.2176300573348615
2026-07-29,91.989998,464.696167,0.10757958153953945,True,False,1.0,1.0,3287152.8767249603,1091283.2946142848,4378436.1713392455,4,0.24924042555597897
2026-07-30,114.720001,504.200348,0.11772539789438914,True,False,1.0,1.0,3750183.55451951,897871.5476867262,4648055.102206236,4,0.19317145084199722
2026-07-31,114.720001,504.56012,0.11248457163115176,True,False,1.0,1.0,3840325.860716455,808084.3929180535,4648410.253634509,4,0.1738410228069321
2026-08-03,116.709999,507.348267,0.11079049021538495,True,False,1.0,1.0,4101344.089027744,561298.0295730623,4662642.118600806,3,0.1203819669825957
2026-08-04,139.899994,541.855774,0.11493761066186092,True,False,1.0,1.0,4350730.28104455,423695.3433351726,4774425.624379722,4,0.08874268376318413
2026-08-05,132.070007,530.353271,0.11439278194705832,True,False,1.0,1.0,4064417.1190179386,686479.3342853226,4750896.453303261,4,0.14449469506076457
2026-08-06,132.330002,532.172058,0.11152508654618602,True,False,1.0,1.0,4133610.329126363,619047.673034816,4752658.002161179,4,0.1302529390402836
2026-08-07,140.25,542.915039,0.11279610754834703,True,False,1.0,1.0,4199641.077825044,590488.1081224472,4790129.185947492,4,0.12327185451589195
2026-08-10,130.0,529.044128,0.10927401206902075,True,False,1.0,1.0,3911195.1629678025,835943.459621069,4747138.622588871,4,0.17609417505595906
2026-08-11,133.0,533.850952,0.10806935042857872,True,False,1.0,1.0,3997096.187704076,769711.0162818612,4766807.203985937,4,0.16147307481583054
2026-08-12,142.160004,546.252808,0.10881831448016228,True,False,1.0,1.0,4185164.2395634516,634951.7840654312,4820116.023628883,4,0.13172956438243577
2026-08-13,145.360001,550.380127,0.10364441822407228,True,False,1.0,1.0,4507808.874101066,326799.63199552055,4834608.506096587,4,0.0675958832206199
2026-08-14,144.949997,550.060364,0.10294481232121701,True,False,1.0,1.0,4508331.207510287,325877.8573986926,4834209.064908979,4,0.06741079109801147
2026-08-17,151.529999,558.7547,0.10334807613629289,True,False,1.0,1.0,4786416.754279696,62862.27244900266,4849279.026728699,4,0.01296322032667385
2026-08-18,129.100006,531.042786,0.1039432985372488,True,False,1.0,1.0,4497822.748139757,342383.4778494836,4840206.22598924,4,0.07073737395962036
2026-08-19,120.739998,519.330444,0.10450334561339093,True,False,1.0,1.0,4182704.88547765,635499.2540677463,4818204.139545396,4,0.13189546056213935
2026-08-20,122.209999,522.008667,0.10465104542357967,True,False,1.0,1.0,4247456.3116744375,578912.7715879871,4826369.083262425,4,0.11994788662052884
2026-08-21,120.599998,519.710205,0.10022334452909491,True,False,1.0,1.0,4247948.47724706,571286.1440714495,4819234.62131851,4,0.11854291997826608
2026-08-24,111.160004,505.849274,0.10078664189251887,True,False,1.0,1.0,3926126.125112076,848523.8592540538,4774649.98436613,4,0.17771435854615877
2026-08-25,115.669998,513.724121,0.09481968391484834,True,False,1.0,1.0,4014798.007744935,794655.2232274283,4809453.230972363,4,0.1652277681192394
2026-08-26,116.599998,515.063293,0.08514332439961553,True,False,1.0,1.0,4095296.8169261366,720939.9078152222,4816236.724741358,4,0.14968946690508408
2026-08-27,123.050003,525.08667,0.07050293098443446,True,False,1.0,1.0,4460208.824061564,396060.3968380268,4856269.220899591,4,0.08155651567535198
2026-08-28,111.339996,508.287659,0.07421306828032392,True,False,1.0,1.0,4014337.4218542576,804260.070044029,4818597.491898287,4,0.16690750190200898
2026-08-31,112.790001,510.706116,0.07416270301532263,True,False,1.0,1.0,4096203.9453526773,733260.7115781959,4829464.656930873,4,0.151830640384929
2026-09-01,105.910004,499.983093,0.06147383581390568,True,False,1.0,1.0,3655884.2748176097,1128836.000138165,4784720.274955775,4,0.2359251816760801
2026-09-02,106.349998,501.112366,0.06071046089057435,True,False,1.0,1.0,4021487.3323759693,768023.0198714122,4789510.352247382,3,0.16035522702462326
2026-09-03,106.739998,501.871887,0.06073042880930512,True,False,1.0,1.0,4098969.09985367,693755.5188719952,4792724.618725665,4,0.14475180071089866
2026-09-04,117.279999,519.520325,0.06335942677931426,True,False,1.0,1.0,4473425.445475208,387947.7781887872,4861373.223663995,4,0.0798020971318044
2026-09-08,123.269997,528.054749,0.06259894486079778,True,False,1.0,1.0,4789133.173527448,92293.62374285399,4881426.797270303,3,0.018907099824679263
2026-09-09,125.870003,531.652405,0.0625588455745875,True,False,1.0,1.0,4799103.799430324,84816.24955060647,4883920.04898093,4,0.01736642874985312
2026-09-10,115.760002,517.091919,0.0628175781525107,True,False,1.0,1.0,4272988.77868653,604087.729408304,4877076.508094834,4,0.12386267232134993
2026-09-11,121.82,526.725647,0.06392123323813377,True,False,1.0,1.0,4498282.326578404,410714.14707736904,4908996.473655773,3,0.08366560238563515
2026-09-14,101.129997,497.075012,0.07516756176069024,True,False,1.0,1.0,4024029.3128064563,815203.1299146016,4839232.442721058,4,0.16845711371868305
2026-09-15,102.32,498.850006,0.07408692422162655,True,False,1.0,1.0,4106902.22486359,742316.1085189771,4849218.333382567,4,0.15307953931642734
2026-09-16,103.970001,502.059998,0.06658914579442304,True,False,1.0,1.0,4182740.068351047,678857.9543640612,4861598.0227151085,4,0.13963679250982833
2026-09-17,114.82,519.099976,0.06952328848048989,True,False,1.0,1.0,4682898.643526223,249585.4118046338,4932484.055330857,4,0.050600348425838416
2026-09-18,123.669998,533.070007,0.07156975134149535,True,False,1.0,1.0,4710299.768979926,241940.4689151491,4952240.237895075,4,0.04885475205015189
