date,close,ref_close,vol,bull,cash,invested,equity,n_active,exposure
2002-05-22,27.720046,17.647516,0.11674857360167903,False,100000.0,0.0,100000.0,0,0.0
2002-05-23,29.48415,17.517509,0.11758443930652011,False,100000.0,0.0,100000.0,1,0.0
2002-05-24,26.367355,17.167145,0.11610982907453726,False,100000.0,0.0,100000.0,1,0.0
2002-05-28,26.051972,17.065875,0.11608334109625464,False,100000.0,0.0,100000.0,1,0.0
2002-05-29,23.686622,16.647093,0.11655250074207561,False,100000.0,0.0,100000.0,1,0.0
2002-05-30,22.900508,16.24475,0.11647852474410549,False,100000.0,0.0,100000.0,1,0.0
2002-05-31,22.797229,16.580038,0.11333052664568054,False,100000.0,0.0,100000.0,1,0.0
2002-06-03,19.480573,15.854702,0.11489065827367266,False,100000.0,0.0,100000.0,1,0.0
2002-06-04,20.75417,15.765746,0.11538721782134954,False,100000.0,0.0,100000.0,1,0.0
2002-06-05,21.129038,15.834186,0.11544921657205971,False,100000.0,0.0,100000.0,1,0.0
2002-06-06,18.853175,15.457823,0.09298667002230737,False,100000.0,0.0,100000.0,1,0.0
2002-06-07,17.097902,14.595631,0.09431327700649565,False,100000.0,0.0,100000.0,1,0.0
2002-06-10,16.572194,14.94598,0.08664392570749774,False,100000.0,0.0,100000.0,1,0.0
2002-06-11,14.430199,14.525836,0.0811168693290393,False,98585.34465106277,1413.2421068303995,99998.58675789316,1,0.014132620796451889
2002-06-12,15.760303,14.304135,0.07093169958612824,False,100127.30888122962,0.0,100127.30888122962,1,0.0
2002-06-13,15.113208,14.599738,0.07087631263760878,False,98189.9079397229,1935.4654760306883,100125.3734157536,1,0.019330419553033742
2002-06-14,15.018414,14.068741,0.06873157372536925,False,98189.9079397229,1923.325729503356,100113.23366922626,1,0.01921150340481476
2002-06-17,17.292632,14.985672,0.07945085031170197,False,100402.26569550036,0.0,100402.26569550036,1,0.0
2002-06-18,16.681205,15.218328,0.07944555207774644,False,98658.54758358707,1741.976135777515,100400.52371936459,1,0.017350269413400822
2002-06-19,13.329668,14.232972,0.08962282299996893,False,97214.00197796983,2835.086089062332,100049.08806703216,1,0.02833695082920541
2002-06-20,11.560233,13.685545,0.09218598119191183,False,95820.63075732022,3850.724332780267,99671.3550901005,1,0.038634212701325325
2002-06-21,10.61829,13.162759,0.08914180250310402,False,95820.63075732022,3536.962245961425,99357.59300328164,1,0.03559830848402904
2002-06-24,12.046634,13.186022,0.09621615953222838,False,95820.63075732022,4012.744956948366,99833.3757142686,1,0.040194423240111354
2002-06-25,10.071371,13.165492,0.10087506859011117,False,95820.63075732022,3354.7830198714446,99175.41377719167,1,0.03382676100962209
2002-06-26,9.948454,12.467534,0.10051610163255982,False,95820.63075732022,3313.8392531833206,99134.47001050354,1,0.033427719468639025
2002-06-27,11.353761,13.191494,0.1079230542754081,False,95820.63075732022,3781.9483181067044,99602.57907542693,1,0.03797038543793846
2002-06-28,10.801235,13.40636,0.10772351382698106,False,95820.63075732022,3597.901395117025,99418.53215243724,1,0.036189443931845686
2002-07-01,9.340333,12.919157,0.10705722351773252,False,95820.63075732022,3111.273584137146,98931.90434145737,1,0.031448637371810584
2002-07-02,8.323621,12.186983,0.10570899344659726,False,95820.63075732022,2772.6058740806366,98593.23663140085,1,0.02812166400872159
2002-07-03,9.178818,12.166451,0.1096738921379486,False,95820.63075732022,3057.4727878548388,98878.10354517506,1,0.030921636623602432
2002-07-05,11.443318,13.295503,0.12278932389330162,False,95820.63075732022,3811.7798378581488,99632.41059517837,1,0.03825843232224893
2002-07-08,10.156392,13.268138,0.12355468048674245,False,95820.63075732022,3383.1035938163914,99203.7343511366,1,0.03410258309270623
2002-07-09,9.065913,12.679657,0.12509922688011613,False,95820.63075732022,3019.864027651428,98840.49478497166,1,0.03055290277756266
2002-07-10,8.228597,12.378572,0.12354392034904507,False,95820.63075732022,2740.953291559323,98561.58404887955,1,0.02780954991754196
2002-07-11,9.468727,12.284143,0.12664232100351852,False,95820.63075732022,3154.041744604412,98974.67250192464,1,0.03186716020245563
2002-07-12,10.023206,12.895889,0.1278887880494732,False,95820.63075732022,3338.739213705223,99159.36997102544,1,0.03367043593238651
2002-07-15,10.099126,12.828831,0.1280072678832883,False,95820.63075732022,3364.02823611028,99184.6589934305,1,0.0339168201035313
2002-07-16,10.722237,13.521318,0.1238601098951313,False,95820.63075732022,3571.5870880575585,99392.21784537777,1,0.03593427297913601
2002-07-17,10.867764,13.595222,0.12409962029797836,False,95820.63075732022,3620.062266713258,99440.69302403348,1,0.03640423408793358
2002-07-18,10.133623,13.248984,0.11530775250402593,False,95820.63075732022,3375.5192188013657,99196.14997612158,1,0.034028732159604155
2002-07-19,9.274109,12.899997,0.1127464418651784,False,95820.63075732022,3089.214308323757,98909.84506564398,1,0.031232627108793095
2002-07-22,8.644507,12.615338,0.11228604680630462,False,95820.63075732022,2879.493298256995,98700.12405557721,1,0.029174160881860457
2002-07-23,7.300649,12.154133,0.11279884151622596,False,95820.63075732022,2431.8529522188633,98252.48370953908,1,0.0247510582980078
2002-07-24,8.222575,11.825683,0.1110480700805651,False,95820.63075732022,2738.9473577747704,98559.57811509499,1,0.027789763411693057
2002-07-25,5.893969,11.231726,0.13245931790378276,False,95820.63075732022,1963.2865397222167,97783.91729704244,1,0.020077806187271636
2002-07-26,5.488747,10.885485,0.12737537820010017,False,95820.63075732022,1828.306715736153,97648.93747305637,1,0.01872326277222039
2002-07-29,6.630787,11.349422,0.13688597259250213,False,95820.63075732022,2208.7212988166475,98029.35205613686,1,0.02253122409247197
2002-07-30,7.170327,11.735357,0.1356133666018923,False,95820.63075732022,2388.4425731636497,98209.07333048386,1,0.02431997871649078
2002-07-31,6.108354,11.44522,0.13775436215001216,False,95820.63075732022,2034.6983820339674,97855.32913935419,1,0.020792923593730767
2002-08-01,5.099149,11.060657,0.13975640415727145,False,95820.63075732022,1698.531260639138,97519.16201795936,1,0.017417410337532767
2002-08-02,4.469575,10.396907,0.1283363154969512,False,95820.63075732022,1488.8195773983416,97309.45033471857,1,0.015299845721840984
2002-08-05,3.711738,9.938442,0.13113834205108374,False,95820.63075732022,1236.3833699117624,97057.01412723199,1,0.012738732805966895
2002-08-06,4.375634,10.286054,0.13861217539310022,False,95820.63075732022,1457.5277431813572,97278.15850050158,1,0.014983093488286397
2002-08-07,4.652176,10.421543,0.1394898074205129,False,95820.63075732022,1549.64413983493,97370.27489715515,1,0.01591496112619279
2002-08-08,5.16976,10.558398,0.13747007853321352,False,95820.63075732022,1722.0518502208488,97542.68260754106,1,0.017654341711612065
2002-08-09,5.087744,10.685676,0.13599577519515058,False,95820.63075732022,1694.7322445626146,97515.36300188284,1,0.017379130758400526
2002-08-12,4.720648,10.51734,0.13592260213228471,False,95820.63075732022,1572.4522265330206,97393.08298385324,1,0.016145419965745585
2002-08-13,4.210012,10.533764,0.13490074210788738,False,95820.63075732022,1402.3589013903888,97222.9896587106,1,0.014424149126798074
2002-08-14,4.981544,10.42291,0.14274994418562678,False,95820.63075732022,1659.3569260771426,97479.98768339737,1,0.017022539348963844
2002-08-15,5.292342,10.929278,0.14423485350465196,False,95820.63075732022,1762.8840280983077,97583.51478541853,1,0.018065387703802276
2002-08-16,6.278486,11.386371,0.15045552127473794,False,95820.63075732022,2091.3695090073224,97912.00026632754,1,0.021359685261445483
2002-08-19,7.164092,12.035071,0.15362531228297252,False,95820.63075732022,2386.3656888815694,98206.9964462018,1,0.02429934500836537
2002-08-20,6.246973,11.858528,0.15203539379782177,False,95820.63075732022,2080.8724994834743,97901.5032568037,1,0.02125475534349227
2002-08-21,7.034215,12.051489,0.15202526493291893,False,95820.63075732022,2343.10353973903,98163.73429705926,1,0.023869339899482856
2002-08-22,7.152368,12.299195,0.13136672632060248,False,95820.63075732022,2382.4604136092184,98203.09117092945,1,0.024260543993084464
2002-08-23,5.881196,11.751777,0.1381721556395339,False,95820.63075732022,1959.0318415770666,97779.66259889728,1,0.02003516671573338
2002-08-26,5.90208,11.44522,0.13110518617977177,False,95820.63075732022,1965.9883213440212,97786.61907866424,1,0.02010488080953577
2002-08-27,5.110765,11.297418,0.133008031295293,False,95820.63075732022,1702.4005610113345,97523.03131833156,1,0.017456395048410803
2002-08-28,4.317586,10.673358,0.13349445990195521,False,95820.63075732022,1438.1919005500515,97258.82265787027,1,0.014787264139616558
2002-08-29,4.361542,10.414704,0.12791551541534843,False,95820.63075732022,1452.8336849130214,97273.46444223325,1,0.014935560208979709
2002-08-30,4.211765,10.468073,0.12477018967026444,False,95820.63075732022,1402.9428273160481,97223.57358463627,1,0.01443006850694231
2002-09-03,3.579997,10.009605,0.12307233974582117,False,95820.63075732022,1192.500320640627,97013.13107796085,1,0.012292153725894284
2002-09-04,3.639497,9.798846,0.11683378524615759,False,95820.63075732022,1212.3198258184575,97032.95058313868,1,0.012493898397737903
2002-09-05,3.176297,9.618205,0.11888583849823622,False,95820.63075732022,1058.0274762660029,96878.65823358622,1,0.010921161539159327
2002-09-06,3.738268,10.067088,0.12268473534492347,False,95820.63075732022,1245.2205375145834,97065.8512948348,1,0.012828616046772833
2002-09-09,3.70475,9.886435,0.12269533203447643,False,95820.63075732022,1234.0556606313814,97054.6864179516,1,0.012715054843586883
2002-09-10,3.959142,10.249106,0.12318470916797976,False,95820.63075732022,1318.7938717439633,97139.42462906419,1,0.013576298982415212
2002-09-11,4.152141,10.580295,0.12118112131793264,False,95820.63075732022,1383.0820176232255,97203.71277494344,1,0.014228695367073958
2002-09-12,3.358714,9.943915,0.12309789259092124,False,95820.63075732022,1118.7907481319573,96939.42150545218,1,0.011541132913290937
2002-09-13,3.212035,9.705794,0.12172899287488109,False,95820.63075732022,1069.9318372079408,96890.56259452816,1,0.011042683709923722
2002-09-16,2.787717,9.306173,0.11514912800197122,False,95820.63075732022,928.5911179130393,96749.22187523326,1,0.00959791820455714
2002-09-17,2.611255,9.287011,0.1078063617594871,False,95820.63075732022,869.8114620695046,96690.44221938972,1,0.008995837045567652
2002-09-18,2.470944,8.869604,0.10588587581777578,False,95820.63075732022,823.0737378509069,96643.70449517113,1,0.00851657893445126
2002-09-19,2.28992,8.706745,0.09861254393355369,False,95820.63075732022,762.7744755767629,96583.40523289698,1,0.007897572815303436
2002-09-20,2.18761,8.619155,0.09716574749635283,False,95820.63075732022,728.6949196987154,96549.32567701893,1,0.007547384868708227
2002-09-23,1.892084,8.178482,0.09403646661097886,False,95820.63075732022,630.2549350401691,96450.88569236039,1,0.006534464982005758
2002-09-24,1.911202,8.220906,0.0942669293608827,False,95820.63075732022,636.6231585694088,96457.25391588963,1,0.006600054767519526
2002-09-25,2.307684,8.554833,0.10652743186506632,False,95820.63075732022,768.6916804503593,96589.32243777058,1,0.007958350478600808
2002-09-26,2.166398,8.635579,0.10233887189544706,False,95820.63075732022,721.6291828275871,96542.25994014781,1,0.007474749226659571
2002-09-27,2.01225,8.523357,0.10213410619789065,False,95820.63075732022,670.2823410771299,96490.91309839734,1,0.006946585119301383
2002-09-30,1.827938,8.042995,0.10292782120032083,False,95820.63075732022,608.8878429538312,96429.51860027405,1,0.0063143304228016825
2002-10-01,2.138062,8.260595,0.10784611122262594,False,95820.63075732022,712.1904349499569,96532.82119227017,1,0.007377702486612763
2002-10-02,2.016769,8.58905,0.10760150234790894,False,95820.63075732022,671.787624167863,96492.41838148808,1,0.006962076766610965
2002-10-03,1.836897,8.159318,0.10578271295925254,False,95820.63075732022,611.8720941620359,96432.50285148226,1,0.006345081544802306
2002-10-04,1.549307,7.854138,0.10033279403602306,False,95820.63075732022,516.0755984630065,96336.70635578323,1,0.0053569985728708245
2002-10-07,1.341264,7.495574,0.10238124506237527,False,95820.63075732022,446.77628223256335,96267.40703955278,1,0.004640992169333066
2002-10-08,1.297867,7.273867,0.09874091563564757,False,95820.63075732022,432.3207012879868,96252.95145860821,1,0.004491505919939486
2002-10-09,1.202722,7.267023,0.09575498744823378,False,95820.63075732022,400.6278135544629,96221.25857087468,1,0.004163610199084731
2002-10-10,1.491933,7.481888,0.10748523525015842,False,95820.63075732022,496.96426585674027,96317.59502317697,1,0.005159641556012226
2002-10-11,1.894323,8.297546,0.12429138508925293,False,95820.63075732022,631.0007480165248,96451.63150533674,1,0.006542146961833518
2002-10-14,1.912924,8.293437,0.121480098222867,False,95820.63075732022,637.1967583663202,96457.82751568654,1,0.00660596215753144
2002-10-15,2.482122,9.102256,0.13590388085194624,False,95820.63075732022,826.7971400169203,96647.42789733714,1,0.008554776448838121
2002-10-16,1.666538,8.348185,0.16205013155343323,False,95820.63075732022,555.1253532781702,96375.75611059839,1,0.005760010356143119
2002-10-17,2.044843,8.838128,0.16891623913332907,False,95820.63075732022,681.1390996025253,96501.76985692275,1,0.007058306812532127
2002-10-18,2.151297,8.794332,0.1690895552340255,False,95820.63075732022,716.5990257235464,96537.22978304377,1,0.007423032827169576
2002-10-21,2.548401,9.143316,0.16958870004417503,False,95820.63075732022,848.8747363813139,96669.50549370154,1,0.008781204910959454
2002-10-22,2.032869,8.992773,0.17795219699657025,False,95820.63075732022,677.1505490983346,96497.78130641856,1,0.0070172654741989795
2002-10-23,2.501992,9.239111,0.17904918087660507,False,95820.63075732022,833.4158554435336,96654.04661276375,1,0.008622669041292639
2002-10-24,2.287533,9.601776,0.1796680198946006,False,95820.63075732022,761.9793636631582,96582.61012098337,1,0.007889405377517457
2002-10-25,2.618553,9.567561,0.18105362863777644,False,95820.63075732022,872.242432637367,96692.8731899576,1,0.00902075203540396
2002-10-28,2.673662,9.953501,0.179219279573353,False,95820.63075732022,890.5992916431663,96711.23004896339,1,0.009208850835546914
2002-10-29,2.405476,9.507352,0.17821059216907806,False,95820.63075732022,801.2662863386012,96621.89704365883,1,0.008292802261753846
2002-10-30,2.806963,9.833063,0.18050591300102056,False,95820.63075732022,935.001978360981,96755.6327356812,1,0.00966354052911045
2002-10-31,2.779369,10.083508,0.17878610780000792,False,95820.63075732022,925.8103913714506,96746.44114869167,1,0.009569451655059362
2002-11-01,3.185998,10.229947,0.17465207045003595,False,95820.63075732022,1061.2588883623077,96881.88964568253,1,0.010954151413061356
2002-11-04,3.702847,11.167407,0.17103406618952374,False,95820.63075732022,1233.4217695666182,97054.05252688684,1,0.012708606569776404
2002-11-05,3.496369,10.825267,0.17175063724920253,False,95820.63075732022,1164.643756287491,96985.27451360771,1,0.012008459656667603
2002-11-06,3.790381,10.971702,0.1692729077456306,False,95820.63075732022,1262.5794261420165,97083.21018346224,1,0.01300512646580255
2002-11-07,2.991521,10.591242,0.17706369348636988,False,95820.63075732022,996.4784193124099,96817.10917663263,1,0.010292379392308025
2002-11-08,2.837404,10.247739,0.17129469508306255,False,95820.63075732022,945.1419036907007,96765.77266101092,1,0.009767316249328306
2002-11-11,2.37976,9.724954,0.17683103580510293,False,95820.63075732022,792.7002628906502,96613.33102021087,1,0.008204874570827317
2002-11-12,2.643423,10.004132,0.1685060610500877,False,96700.2768833683,0.0,96700.2768833683,0,0.0
2002-11-13,2.604314,10.002764,0.13978410909587902,False,95904.41214419185,795.0696695069308,96699.48181369879,1,0.008222067529159174
2002-11-14,3.245355,10.528289,0.1408851015980672,False,96894.19411516593,0.0,96894.19411516593,1,0.0
2002-11-15,3.245355,10.614508,0.14081780911301164,False,96894.19411516593,0.0,96894.19411516593,1,0.0
2002-11-18,3.282514,10.971699,0.1363908141104149,False,96894.19411516593,0.0,96894.19411516593,1,0.0
2002-11-19,3.032894,10.640511,0.12645352737072305,False,96894.19411516593,0.0,96894.19411516593,1,0.0
2002-11-20,3.619751,10.992227,0.12421918683125832,False,96894.19411516593,0.0,96894.19411516593,1,0.0
2002-11-21,4.566923,11.879055,0.1302009400655972,False,96894.19411516593,0.0,96894.19411516593,1,0.0
2002-11-22,4.440695,12.041916,0.1286701631511785,False,96894.19411516593,0.0,96894.19411516593,1,0.0
2002-11-25,4.88486,12.341625,0.12957532227245283,False,96894.19411516593,0.0,96894.19411516593,1,0.0
2002-11-26,4.273719,12.099393,0.13125757995963558,False,96894.19411516593,0.0,96894.19411516593,1,0.0
2002-11-27,5.060722,12.493534,0.13203516924720493,False,96894.19411516593,0.0,96894.19411516593,1,0.0
2002-11-29,4.687234,12.590705,0.13391396431850272,False,96894.19411516593,0.0,96894.19411516593,1,0.0
2002-12-02,4.873889,12.76177,0.13143482945962665,False,96894.19411516593,0.0,96894.19411516593,1,0.0
2002-12-03,4.09492,12.00633,0.1346501861347639,False,96894.19411516593,0.0,96894.19411516593,1,0.0
2002-12-04,3.375284,11.19888,0.14123281094003567,False,96894.19411516593,0.0,96894.19411516593,1,0.0
2002-12-05,3.320713,11.137297,0.13990994141511984,False,96894.19411516593,0.0,96894.19411516593,1,0.0
2002-12-06,3.212749,10.967596,0.12929248918123354,False,96894.19411516593,0.0,96894.19411516593,1,0.0
2002-12-09,2.63436,10.498185,0.136534673499233,False,96894.19411516593,0.0,96894.19411516593,1,0.0
2002-12-10,2.990256,10.551553,0.1331760311710013,False,96894.19411516593,0.0,96894.19411516593,1,0.0
2002-12-11,2.922038,10.722623,0.13150513297284833,False,96894.19411516593,0.0,96894.19411516593,1,0.0
2002-12-12,2.832476,10.733575,0.13168437784843395,False,96894.19411516593,0.0,96894.19411516593,1,0.0
2002-12-13,2.560556,10.317531,0.12328417059003165,False,96894.19411516593,0.0,96894.19411516593,1,0.0
2002-12-16,2.916894,10.498185,0.12731987726076516,False,96894.19411516593,0.0,96894.19411516593,1,0.0
2002-12-17,2.729617,10.665147,0.1279676543563674,False,96894.19411516593,0.0,96894.19411516593,1,0.0
2002-12-18,2.209417,9.943916,0.13499905650879976,False,96894.19411516593,0.0,96894.19411516593,1,0.0
2002-12-19,2.157824,9.798853,0.1271502718108569,False,96894.19411516593,0.0,96894.19411516593,1,0.0
2002-12-20,2.172333,9.841278,0.11214903887017087,False,96894.19411516593,0.0,96894.19411516593,1,0.0
2002-12-23,2.296225,9.952132,0.11404449452435615,False,96894.19411516593,0.0,96894.19411516593,1,0.0
2002-12-24,2.201729,9.908338,0.10997431609374633,False,96894.19411516593,0.0,96894.19411516593,1,0.0
2002-12-26,2.174168,9.971289,0.10785023048855227,False,96894.19411516593,0.0,96894.19411516593,1,0.0
2002-12-27,2.128619,9.778321,0.09684976533901825,False,96894.19411516593,0.0,96894.19411516593,1,0.0
2002-12-30,1.993898,9.664733,0.09667787606707456,False,96894.19411516593,0.0,96894.19411516593,1,0.0
2002-12-31,1.973272,9.453977,0.09509553571498845,False,96894.19411516593,0.0,96894.19411516593,1,0.0
2003-01-02,2.365877,9.815274,0.10266207660673352,False,96894.19411516593,0.0,96894.19411516593,1,0.0
2003-01-03,2.473359,10.175205,0.09599534158106361,False,96894.19411516593,0.0,96894.19411516593,1,0.0
2003-01-06,2.850883,10.673355,0.10225597614635995,False,96894.19411516593,0.0,96894.19411516593,1,0.0
2003-01-07,2.807528,10.886855,0.1021006994555878,False,96894.19411516593,0.0,96894.19411516593,1,0.0
2003-01-08,2.492081,10.454388,0.0955949865117388,False,96894.19411516593,0.0,96894.19411516593,1,0.0
2003-01-09,2.721632,10.75547,0.0932024208383766,False,96894.19411516593,0.0,96894.19411516593,1,0.0
2003-01-10,2.904052,10.71715,0.09435778786465429,False,96894.19411516593,0.0,96894.19411516593,1,0.0
2003-01-13,2.768368,10.884113,0.09471858571553421,False,96894.19411516593,0.0,96894.19411516593,1,0.0
2003-01-14,2.79168,10.807474,0.0917655726647526,False,96894.19411516593,0.0,96894.19411516593,1,0.0
2003-01-15,2.621198,10.585772,0.08789748957373139,False,96894.19411516593,0.0,96894.19411516593,1,0.0
2003-01-16,2.345461,10.342168,0.09007749431126288,False,95477.33779376188,1415.4408805235203,96892.7786742854,1,0.014608321692183728
2003-01-17,1.93824,9.715368,0.08769608317243137,False,95477.33779376188,1169.6907909642957,96647.02858472617,1,0.012102708258007949
2003-01-21,1.900031,9.594939,0.08766190110017086,False,95477.33779376188,1146.632389821014,96623.97018358289,1,0.011866955866566484
2003-01-22,1.860686,9.567567,0.08766288997138275,False,95477.33779376188,1122.8884343921247,96600.226228154,1,0.011624076653195875
2003-01-23,2.062756,9.698945,0.09008412568068883,False,95477.33779376188,1244.833816868059,96722.17161062994,1,0.012870201280005687
2003-01-24,1.806785,9.45671,0.0941994552177081,False,95477.33779376188,1090.3602111980072,96567.69800495988,1,0.011291148424621289
2003-01-27,1.70407,9.255537,0.0948269010159578,False,95477.33779376188,1028.3736720728741,96505.71146583476,1,0.010656091297113975
2003-01-28,1.758759,9.265112,0.09529634805785814,False,95477.33779376188,1061.3774382045433,96538.71523196642,1,0.01099431907348498
2003-01-29,1.896834,9.393758,0.0961579378680036,False,95477.33779376188,1144.7030614309729,96622.04085519286,1,0.01184722503581285
2003-01-30,1.622908,9.32807,0.10211245364054558,False,95477.33779376188,979.3939564668376,96456.73175022872,1,0.010153712848191285
2003-01-31,1.590664,8.902447,0.0916569176852561,False,95477.33779376188,959.9353188038791,96437.27311256576,1,0.009953986542977019
2003-02-03,1.590664,9.132365,0.09054875185914693,False,95477.33779376188,959.9353188038791,96437.27311256576,1,0.009953986542977019
2003-02-04,1.51547,8.925713,0.08199056650292463,False,95477.33779376188,914.5571771208217,96391.8949708827,1,0.009487905361722414
2003-02-05,1.546265,9.104996,0.08274029886357129,False,95477.33779376188,933.1413709810998,96410.47916474298,1,0.009678837602150896
2003-02-06,1.463985,8.870969,0.0802945988097416,False,93886.84410585216,2472.3917468719915,96359.23585272414,1,0.025658067179474164
2003-02-07,1.420229,8.791593,0.07562057276905211,False,92208.55974382727,4075.1039535269415,96283.6636973542,1,0.04232393946221349
2003-02-10,1.491241,8.724535,0.07460899813219117,False,93967.23809630577,2518.4219380643485,96485.66003437011,1,0.026101515366814473
2003-02-11,1.492626,8.950348,0.07490587878024343,False,93967.23809630577,2520.7609391944266,96487.9990355002,1,0.026125123998757396
2003-02-12,1.491241,8.914764,0.07467747813702262,False,93967.23809630577,2518.4219380643485,96485.66003437011,1,0.026101515366814473
2003-02-13,1.441426,8.716326,0.07431091901149864,False,92171.82665695877,4227.9117153336065,96399.73837229238,1,0.043858124375872894
2003-02-14,1.70924,9.094043,0.08413058025822363,False,96149.80009023847,1031.4936682494495,97181.29375848791,1,0.01061411747422181
2003-02-18,1.902568,9.540193,0.0776583675920457,False,97296.81534764446,0.0,97296.81534764446,0,0.0
2003-02-19,1.821564,9.530616,0.07813974086032636,False,95608.304234471,1686.824288884578,97295.12852335558,1,0.01733719164037753
2003-02-20,1.942721,9.645573,0.07937756940537244,False,97405.52461232037,0.0,97405.52461232037,1,0.0
2003-02-21,1.901677,9.58125,0.07584767769165364,False,95682.38036255387,1721.422826939565,97403.80318949344,1,0.017673055574540936
2003-02-24,1.836941,9.633259,0.0700624824317029,False,93904.38909005906,3439.0380127243047,97343.42710278337,1,0.035328918603749995
2003-02-25,1.791082,9.373231,0.06896583337966351,False,91964.41421919937,5291.219697223921,97255.63391642329,1,0.054405276940263786
2003-02-26,1.652707,9.396494,0.07099562535492326,False,90099.77377562255,6745.209532313376,96844.98330793594,1,0.06964955025977729
2003-02-27,1.816163,9.403339,0.07220177304955118,False,92144.73683693935,5365.314060980618,97510.05089791997,1,0.05502319003604446
2003-02-28,1.983786,9.694843,0.0651296125042031,False,97999.38274969977,0.0,97999.38274969977,1,0.0
2003-03-03,1.762994,9.696207,0.07093436055812534,False,96099.62150947687,1897.8633768460531,97997.48488632293,1,0.019366449853764865
2003-03-04,1.698644,9.415654,0.07156076635498403,False,94205.6724546516,3720.6475874149787,97926.32004206658,1,0.03799435724549525
2003-03-05,1.759913,9.419759,0.0708244756151549,False,96164.01443302393,1894.5466797591303,98058.56111278306,1,0.019320563735175534
2003-03-06,1.743086,9.412918,0.0708571397304728,False,96164.01443302393,1876.4324110536277,98040.44684407755,1,0.019139370244179783
2003-03-07,1.659481,9.235011,0.07061839887790115,False,94290.61919156958,3657.9553303636926,97948.57452193327,1,0.03734567193261786
2003-03-10,1.563879,9.154259,0.07169875788418399,False,92430.07653771195,5305.906037566639,97735.9825752786,1,0.05428815363348808
2003-03-11,1.542683,9.106359,0.07103960909883116,False,92430.07653771195,5233.992555531096,97664.06909324304,1,0.053591792806974216
2003-03-12,1.674314,9.156999,0.07326492304410465,False,94418.02354113503,3690.651366904807,98108.67490803983,1,0.037617992194514546
2003-03-13,2.037846,9.715372,0.08472191479065277,False,98905.50805498133,0.0,98905.50805498133,1,0.0
2003-03-14,1.930501,9.935705,0.08545876515790828,False,97340.94914922235,1562.995909849131,98903.94505907148,1,0.015803170529907724
2003-03-17,2.276601,10.086248,0.08493714630803449,False,99182.31557861404,0.0,99182.31557861404,1,0.0
2003-03-18,2.382781,10.425648,0.08247582304993205,False,99182.31557861404,0.0,99182.31557861404,1,0.0
2003-03-19,2.319718,10.372274,0.0819755770072489,False,97531.65132485479,1649.0152385207298,99180.66656337552,1,0.016626377858299877
2003-03-20,2.347045,10.463967,0.08104751648550618,False,97531.65132485479,1668.4411512493703,99200.09247610415,1,0.016818947539300664
2003-03-21,2.530646,10.688408,0.0819907119300492,True,99328.80974819945,0.0,99328.80974819945,1,0.0
2003-03-24,2.119698,10.303845,0.09204836163366242,False,93615.07112296452,5708.030594640294,99323.10171760482,2,0.05746931475085577
2003-03-25,2.264923,10.325745,0.0926247374736706,False,99708.07188473623,0.0,99708.07188473623,1,0.0
2003-03-26,2.231011,10.399644,0.09032792491548983,False,99708.07188473623,0.0,99708.07188473623,1,0.0
2003-03-27,2.128531,10.182045,0.08931960956517274,False,99708.07188473623,0.0,99708.07188473623,1,0.0
2003-03-28,1.974457,10.073932,0.08905716444332666,False,98253.20244220295,1453.4160265067692,99706.61846870971,1,0.014576926274587131
2003-03-31,1.736871,9.642838,0.08979426934490742,False,96869.55917804454,2660.7877815935035,99530.34695963805,1,0.02673343219302267
2003-04-01,1.769679,9.672945,0.08946978699052095,False,96869.55917804454,2711.0477753054834,99580.60695335003,1,0.02722465606757662
2003-04-02,2.123009,10.180676,0.09795230470393985,False,100118.63612791913,0.0,100118.63612791913,1,0.0
2003-04-03,2.131501,10.298371,0.09786073179396759,False,100118.63612791913,0.0,100118.63612791913,1,0.0
2003-04-04,1.961208,10.038346,0.09923472047333468,False,100118.63612791913,0.0,100118.63612791913,1,0.0
2003-04-07,2.049746,10.318902,0.09821234874723186,True,100118.63612791913,0.0,100118.63612791913,1,0.0
2003-04-08,1.794492,9.839903,0.10343712155202825,False,97615.40485664518,2500.73054073322,100116.1353973784,1,0.024978296763127985
2003-04-09,1.739995,9.722217,0.10223842987955574,False,97615.40485664518,2424.7857539755532,100040.19061062073,1,0.024238116092894835
2003-04-10,1.734062,9.626414,0.09141454021603375,False,97615.40485664518,2416.5177682179296,100031.92262486312,1,0.02415746598493649
2003-04-11,1.67488,9.649681,0.09100244737726348,False,97615.40485664518,2334.0441573789435,99949.44901402413,1,0.023352246364574242
2003-04-14,1.836776,9.677048,0.08503017967920729,False,97615.40485664518,2559.6557909903195,100175.0606476355,1,0.025551826716570466
2003-04-15,1.830636,9.79338,0.0840224157861625,False,97615.40485664518,2551.099338512347,100166.50419515753,1,0.025468587119122782
2003-04-16,2.074277,10.264161,0.08940665697768632,True,100503.14168467041,0.0,100503.14168467041,1,0.0
2003-04-17,2.335294,10.485869,0.09358716058675229,True,100503.14168467041,0.0,100503.14168467041,1,0.0
2003-04-21,2.367625,10.680198,0.09196923521442572,True,100503.14168467041,0.0,100503.14168467041,1,0.0
2003-04-22,2.594237,10.804738,0.08455589330186365,True,100503.14168467041,0.0,100503.14168467041,1,0.0
2003-04-23,2.648137,11.082555,0.08356991277088094,True,100503.14168467041,0.0,100503.14168467041,2,0.0
2003-04-24,2.54471,10.982651,0.08410851191817366,True,94032.61937920192,6464.058247221277,100496.67762642319,2,0.06432111389045271
2003-04-25,2.189413,10.562505,0.09050740772869163,True,88213.83921863546,11374.501969132794,99588.34118776825,2,0.11421519661309355
2003-04-28,2.372866,10.645989,0.09026848331711322,True,94507.58042692195,6027.5410702402105,100535.12149716217,3,0.05995458085173102
2003-04-29,2.521093,10.971703,0.08485321066936855,True,94507.58042692195,6404.066474632407,100911.64690155436,3,0.06346211434721678
2003-04-30,2.370583,10.82664,0.08672675350451557,True,85095.93993902522,15423.980055932496,100519.91999495772,3,0.1534420247917646
2003-05-01,2.365165,10.7281,0.07727831763359481,True,82098.23959815897,18383.433972939332,100481.6735710983,4,0.1829531029848112
2003-05-02,2.590447,11.053816,0.07960783931899039,True,95638.90258085476,6580.239121290685,102219.14170214544,4,0.06437384438684418
2003-05-05,2.735847,11.394584,0.07705798785144995,True,102581.53639340003,0.0,102581.53639340003,4,0.0
2003-05-06,2.813203,11.461644,0.07683781054052051,True,102581.53639340003,0.0,102581.53639340003,4,0.0
2003-05-07,2.677827,11.334365,0.07030852969482493,True,88715.4089377266,13852.275180492936,102567.68411821953,4,0.1350549668697482
2003-05-08,2.488231,11.057919,0.07253970175319618,True,73947.272984845,27624.88641452272,101572.15939936772,4,0.2719730148288516
2003-05-09,2.836074,11.359001,0.07656577113433526,True,105402.50197727694,0.0,105402.50197727694,4,0.0
2003-05-12,3.012319,11.571131,0.07563323855558693,True,105402.50197727694,0.0,105402.50197727694,4,0.0
2003-05-13,2.862651,11.575235,0.07614120789933829,True,91342.98913652662,14045.467373376938,105388.45650990357,4,0.13327329992784415
2003-05-14,2.860613,11.49312,0.07609694506731979,True,91342.98913652662,14035.468018755317,105378.45715528194,4,0.13319105629031133
2003-05-15,2.956306,11.686087,0.07224941091554343,True,94958.5615466551,10885.789783956867,105844.35133061196,3,0.10284714911194807
2003-05-16,2.841857,11.524601,0.06922145643778527,True,79830.09788243103,25577.712899537728,105407.81078196876,4,0.24265481570852523
2003-05-19,2.45479,11.174248,0.077510967148507,True,65583.96540565346,36325.87428728401,101909.83969293747,4,0.35645109831137783
2003-05-20,2.462126,11.004548,0.0745985126445333,True,65583.96540565346,36434.43209213555,102018.397497789,4,0.35713589887476105
2003-05-21,2.493362,10.959387,0.07448953453744452,True,65583.96540565346,36896.66104419971,102480.62644985318,4,0.3600354752149602
2003-05-22,2.576739,11.133189,0.07437224183142825,True,80507.93909202243,23191.55761850154,103699.49671052396,4,0.2236419496156334
2003-05-23,2.629763,11.241303,0.06538218362771642,True,80507.93909202243,23668.79227484952,104176.73136687194,4,0.22719845366905186
2003-05-27,3.042466,11.547863,0.07055690517093026,True,107863.82031079955,0.0,107863.82031079955,4,0.0
2003-05-28,3.078342,11.977589,0.06964134417152608,True,107863.82031079955,0.0,107863.82031079955,4,0.0
2003-05-29,3.363349,12.211614,0.069613798103342,True,107863.82031079955,0.0,107863.82031079955,4,0.0
2003-05-30,3.50762,12.440162,0.06965593979981838,True,107863.82031079955,0.0,107863.82031079955,4,0.0
2003-06-02,3.294382,12.395,0.06985658923916345,True,92468.62622741108,15379.814269119339,107848.44049653041,4,0.14260581050881418
2003-06-03,3.425475,12.219824,0.06944208906605011,True,108444.45602317492,0.0,108444.45602317492,4,0.0
2003-06-04,3.803972,12.608493,0.07247633809881983,True,108444.45602317492,0.0,108444.45602317492,4,0.0
2003-06-05,3.93096,12.702922,0.07094598510206132,True,108444.45602317492,0.0,108444.45602317492,4,0.0
2003-06-06,3.733792,13.076542,0.06959325428543874,True,93153.04187179088,15276.138013370668,108429.17988516155,4,0.1408858577511126
2003-06-09,3.43001,12.384054,0.06826008144596026,True,78081.70231867165,29089.551900571583,107171.25421924324,4,0.27143054462218263
2003-06-10,3.52107,12.35668,0.06734479083252301,True,78081.70231867165,29861.82212604208,107943.52444471374,4,0.2766430156848977
2003-06-11,3.52107,12.24309,0.06595405768496165,True,78081.70231867165,29861.82212604208,107943.52444471374,4,0.2766430156848977
2003-06-12,3.38208,12.345731,0.06688995103589028,True,61469.10585308419,45279.06310688875,106748.16895997294,4,0.42416711731951967
2003-06-13,3.055147,11.995382,0.07093797120453808,True,46060.55017272648,56295.26826750334,102355.81844022982,4,0.5499957806539029
2003-06-16,3.215088,12.037799,0.07106310075947377,True,62243.366161961574,43043.3852677053,105286.75142966688,4,0.40882052758992116
2003-06-17,3.273864,12.125391,0.06132565955111166,True,62243.366161961574,43830.274464049115,106073.64062601069,4,0.4132060915923851
2003-06-18,3.483163,12.280038,0.0621606183951816,True,62243.366161961574,46632.35561801611,108875.72177997768,4,0.4283081191622633
2003-06-19,3.384472,12.468896,0.06300840529344034,True,44429.5992682331,63107.05796731614,107536.65723554924,4,0.5868422879194197
2003-06-20,3.23814,12.237613,0.0642205209801402,True,27121.711257463478,77669.14056167749,104790.85181914097,4,0.7411824526030862
2003-06-23,2.978073,12.014545,0.06758709318109818,True,10793.59317776078,87743.05088914589,98536.64406690667,4,0.8904611245900368
2003-06-24,2.903721,11.742198,0.059314468396358545,True,3622.237265315474,92716.60748450256,96338.84474981803,4,0.9624010722287355
2003-06-25,2.954487,11.896847,0.05939763445614141,True,3622.237265315474,94337.5797802425,97959.81704555797,4,0.9630232336629325
2003-06-26,3.166061,11.983066,0.05798287422983688,True,28750.006561142258,75940.27337787903,104690.27993902129,4,0.725380364080713
2003-06-27,3.10371,12.065175,0.05709833839525186,True,9503.734783020467,93671.78407532051,103175.51885834098,4,0.9078876957617339
2003-06-30,3.042189,12.077494,0.05565047835596399,True,3089.2954968398635,98223.07554846961,101312.37104530948,4,0.9695072234025768
2003-07-01,3.211744,11.928324,0.05636865744583281,True,29724.114029088236,77036.01332373655,106760.12735282478,4,0.7215803805586061
2003-07-02,3.532843,12.415525,0.05544128478238482,True,84445.47632956853,29961.667693409356,114407.14402297788,4,0.26188633541443673
2003-07-03,3.417367,12.481218,0.055117220670599446,True,64596.39983091872,48811.575206652364,113407.97503757109,4,0.430406902076168
2003-07-07,4.03624,12.939681,0.06627390369902703,True,122189.92639092429,0.0,122189.92639092429,4,0.0
2003-07-08,4.179642,13.181915,0.0631704560754999,True,122189.92639092429,0.0,122189.92639092429,2,0.0
2003-07-09,4.305808,13.415941,0.06322348210682716,True,122189.92639092429,0.0,122189.92639092429,2,0.0
2003-07-10,3.875139,13.102542,0.06829411184068744,True,112983.21826657267,9197.510613737883,122180.72888031055,2,0.07527791574027894
2003-07-11,3.985156,13.103907,0.06762597824169815,True,112983.21826657267,9458.632221296115,122441.85048786878,3,0.07724999404703747
2003-07-14,4.296497,13.528159,0.06396893346467215,True,123170.61017242007,0.0,123170.61017242007,3,0.0
2003-07-15,4.317432,13.580163,0.06350959756498938,True,123170.61017242007,0.0,123170.61017242007,3,0.0
2003-07-16,4.296429,13.466575,0.06365321431726641,True,112374.41284014788,10785.411920351838,123159.82476049972,4,0.0875724851129455
2003-07-17,3.738986,12.935578,0.07104416833890781,True,93883.20807451208,27858.783606764162,121741.99168127624,4,0.22883462987610056
2003-07-18,3.769931,12.827461,0.07063973192641636,True,93883.20807451208,28089.351482308848,121972.55955682092,4,0.23029238366702817
2003-07-21,3.564081,12.723451,0.07113018764944724,True,75749.99104950139,44670.68713682727,120420.67818632866,4,0.3709552861652852
2003-07-22,3.919028,13.023162,0.07064542802334721,True,114992.13804275962,9838.014618045037,124830.15266080466,4,0.07881120393065152
2003-07-23,4.142251,13.18876,0.07060398994114508,True,114992.13804275962,10398.375793592615,125390.51383635223,4,0.0829279303150762
2003-07-24,3.803847,13.228447,0.07426628157515737,True,97369.44034485905,27153.966048099654,124523.4063929587,4,0.21806314840448424
2003-07-25,4.036831,13.012212,0.07390795504009194,True,116034.153937004,10133.737852492344,126167.89178949634,4,0.08031946724924188
2003-07-28,4.181716,13.328348,0.07367817154716119,True,116034.153937004,10497.445574900925,126531.59951190492,4,0.08296303544248847
2003-07-29,3.885099,13.202447,0.07595230511331724,True,98935.62343154557,26834.291025010614,125769.91445655617,4,0.21336017553132547
2003-07-30,3.812097,13.075168,0.07558437102480552,True,98935.62343154557,26330.067860193496,125265.69129173906,4,0.2101937696481614
2003-07-31,3.980283,13.372149,0.07330118453553497,True,98935.62343154557,27491.72476271578,126427.34819426134,4,0.2174507743409559
2003-08-01,4.128612,13.26266,0.07299825221418021,True,117069.56361584936,10364.137538245748,127433.7011540951,3,0.08132964391980775
2003-08-04,4.174207,13.322879,0.06299304465616895,True,117069.56361584936,10478.595581543668,127548.15919739302,4,0.08215403222971675
2003-08-05,3.771074,13.213396,0.06649822937299357,True,96872.26374222785,29643.725474232044,126515.98921645989,4,0.23430813494659344
2003-08-06,3.675802,12.951998,0.06612047849666212,True,76126.70018069234,49619.64836739488,125746.34854808722,4,0.39460110723151226
2003-08-07,3.582151,12.800089,0.06222584773357659,True,55268.85781576268,69192.45895008228,124461.31676584497,4,0.5559354564780747
2003-08-08,3.303714,12.571545,0.06402444328345691,True,34314.71833808008,84747.40487102694,119062.12320910703,4,0.7117914798326446
2003-08-11,3.484547,12.61944,0.06267267453342602,True,56371.65134508785,67307.15016121106,123678.80150629891,4,0.5442092690216046
2003-08-12,3.68315,12.795986,0.06432225108110233,True,56371.65134508785,71143.34520850616,127514.99655359401,4,0.5579213985125656
2003-08-13,3.886815,13.112122,0.06579196793598838,True,100850.90051480831,30553.544382615466,131404.4448974238,4,0.23251530346987886
2003-08-14,4.02023,13.213394,0.05817778310236047,True,122339.62163842878,10092.06402911722,132431.685667546,4,0.07620581115649427
2003-08-15,4.052473,13.306451,0.0581767499246218,True,122339.62163842878,10173.004278926517,132512.6259173553,4,0.07677007536829854
2003-08-18,4.613594,13.655442,0.06278639114818414,True,133909.63762415564,0.0,133909.63762415564,4,0.0
2003-08-19,4.884983,14.09475,0.060722923266888156,True,133909.63762415564,0.0,133909.63762415564,4,0.0
2003-08-20,4.744063,14.156326,0.060416683692171,True,111307.46143367897,22579.596593882794,133887.05802756175,4,0.16864659606781857
2003-08-21,5.213862,14.477937,0.05936301645094809,True,136098.2733928622,0.0,136098.2733928622,4,0.0
2003-08-22,5.507878,15.075995,0.059193938143684136,True,136098.2733928622,0.0,136098.2733928622,4,0.0
2003-08-25,5.306668,14.681853,0.06013382836052422,True,113104.90164724483,22970.401344273105,136075.30299151794,4,0.1688065419608504
2003-08-26,5.369109,14.508044,0.056677394086902734,True,113104.90164724483,23240.682965497148,136345.58461274198,4,0.17045423972845852
2003-08-27,5.857569,14.95419,0.05815732191373266,True,138434.57369775572,0.0,138434.57369775572,4,0.0
2003-08-28,6.009888,15.133478,0.057944971155727845,True,138434.57369775572,0.0,138434.57369775572,4,0.0
2003-08-29,6.119625,15.319599,0.05782387993393745,True,138434.57369775572,0.0,138434.57369775572,4,0.0
2003-09-02,6.1523,15.281287,0.057882468303612426,True,138434.57369775572,0.0,138434.57369775572,4,0.0
2003-09-03,5.79168,15.223802,0.05395373506808262,True,115466.8349056319,22944.79399812571,138411.6289037576,4,0.16577215498330722
2003-09-04,6.046641,15.240226,0.05297872560700133,True,139397.74842183018,0.0,139397.74842183018,4,0.0
2003-09-05,6.286307,15.585103,0.0516794914353995,True,139397.74842183018,0.0,139397.74842183018,4,0.0
2003-09-08,6.924359,15.936826,0.04700393142546924,True,139397.74842183018,0.0,139397.74842183018,4,0.0
2003-09-09,6.68712,15.932711,0.04946463124189881,True,110462.4361214198,28906.405894515854,139368.84201593566,4,0.2074093856014865
2003-09-10,5.528404,15.190953,0.06981998347298661,True,86909.69766424762,47426.83482857259,134336.5324928202,4,0.3530449532118702
2003-09-11,5.762083,15.036307,0.06956092371435593,True,111408.93457860775,24907.749523844286,136316.68410245204,4,0.18271974327899787
2003-09-12,5.85254,15.182744,0.0694861989104973,True,111408.93457860775,25298.767893187178,136707.7024717949,4,0.18505737010982784
2003-09-15,5.57644,15.196153,0.07106928785959607,True,91987.00191544674,43507.80087535262,135494.80279079935,4,0.3211030975300772
2003-09-16,6.223282,15.365868,0.0695133372146133,True,113618.48528383217,26901.373908055248,140519.85919188743,4,0.1914417937988393
2003-09-17,6.108537,15.546526,0.0691565132000902,True,93618.2415592828,46385.62929027454,140003.87084955734,4,0.3313167629494953
2003-09-18,6.225099,15.411032,0.06850949286413623,True,93618.2415592828,47270.75149242098,140888.9930517038,4,0.33551770417631877
2003-09-19,6.152972,15.527371,0.06598099940622194,True,93618.2415592828,46723.049762232615,140341.29132151543,4,0.3329244680754167
2003-09-22,5.723533,15.21531,0.06737128498791821,True,73667.8214431798,63392.56245482362,137060.38389800343,4,0.46251557636084417
2003-09-23,5.977593,15.267319,0.06731907906990983,True,94462.18375794604,45391.296303213036,139853.48006115906,4,0.3245632234776214
2003-09-24,5.18044,15.085291,0.07507848501269815,True,76238.23134864497,57543.80246888302,133782.033817528,4,0.43013101854446234
2003-09-25,5.183331,14.931999,0.07212333545339197,True,76238.23134864497,57575.91540387261,133814.14675251758,4,0.43026777662272375
2003-09-26,4.896922,14.532354,0.07256800193125316,True,57672.67727893305,72941.52032282166,130614.19760175471,4,0.5584501659247014
2003-09-29,5.144746,14.576158,0.07354113495874282,True,77138.82780310701,57147.31713456309,134286.1449376701,4,0.4255637628222066
2003-09-30,4.785138,14.440658,0.0748076866426645,True,59206.96766533161,71066.77410935643,130273.74177468804,4,0.5455187909799071
2003-10-01,4.998829,14.466666,0.07492519973341408,True,91612.8327886607,41802.11583686833,133414.94862552904,3,0.31332407850486904
2003-10-02,5.196222,14.726708,0.07477715737520542,True,91612.8327886607,43452.79143537089,135065.62422403158,4,0.3217161412092267
2003-10-03,5.838513,15.342597,0.07920264572617844,True,107044.31569602346,33376.94406227962,140421.2597583031,4,0.23769152989888373
2003-10-06,5.969645,15.419242,0.07591844102688552,True,118236.6268812199,22923.0697980173,141159.69667923718,3,0.1623910389245615
2003-10-07,6.343543,15.554741,0.07710047128650332,True,128718.51223715412,13866.437397838938,142584.94963499307,4,0.09725035800297291
2003-10-08,6.237999,15.739507,0.06342362932922924,True,118859.20583231749,23485.18427271053,142344.39010502803,4,0.16498847798204141
2003-10-09,6.368455,15.92975,0.06298353435691975,True,125677.00315646316,17151.71072203862,142828.7138785018,3,0.12008587248519817
2003-10-10,6.606527,15.973546,0.06334627117535706,True,136097.91418230705,7361.550881616579,143459.46506392362,4,0.05131450112640787
2003-10-13,6.742047,16.147366,0.062091634661174316,True,136097.91418230705,7512.558722116843,143610.4729044239,4,0.05231205336338266
2003-10-14,6.913732,16.076185,0.05762308184848974,True,143794.07498055414,0.0,143794.07498055414,4,0.0
2003-10-15,6.955646,16.474473,0.05734860268241351,True,143794.07498055414,0.0,143794.07498055414,4,0.0
2003-10-16,7.148468,16.321184,0.05747567371526696,True,143794.07498055414,0.0,143794.07498055414,4,0.0
2003-10-17,6.598687,16.218542,0.06058751281179428,True,118894.17143474991,24875.028517286955,143769.19995203687,4,0.17302056717005843
2003-10-20,6.818526,16.051562,0.05817309148766619,True,144572.22188132614,0.0,144572.22188132614,4,0.0
2003-10-21,7.361191,16.530587,0.05966609390305812,True,144572.22188132614,0.0,144572.22188132614,4,0.0
2003-10-22,6.845002,16.259596,0.051670340934570964,True,120305.1509541428,24242.828099084247,144547.97905322706,4,0.16771474950996917
2003-10-23,6.384659,15.76003,0.05490782233626677,True,92253.30660314955,50636.25959304758,142889.56619619712,4,0.3543733873718991
2003-10-24,6.358239,15.720337,0.052731468530184775,True,92253.30660314955,50426.72452180128,142680.03112495085,4,0.35342524195022423
2003-10-27,6.53938,16.033768,0.05217196517882527,True,92253.30660314955,51863.34043174169,144116.64703489124,4,0.3598705735860297
2003-10-28,7.660032,16.614076,0.05771660368336465,True,152943.70423820073,0.0,152943.70423820073,3,0.0
2003-10-29,7.91656,17.002771,0.05756882364461459,True,152943.70423820073,0.0,152943.70423820073,4,0.0
2003-10-30,8.106561,17.262816,0.05745053797449867,True,152943.70423820073,0.0,152943.70423820073,4,0.0
2003-10-31,7.836344,17.095842,0.054210456540702806,True,125637.82809660432,27278.59754405235,152916.42564065667,4,0.17838892996462802
2003-11-03,8.628781,17.469482,0.057200934930237535,True,155644.89046530213,0.0,155644.89046530213,4,0.0
2003-11-04,8.741331,17.674781,0.056331192792626696,True,155644.89046530213,0.0,155644.89046530213,4,0.0
2003-11-05,8.907572,17.604985,0.055799864022680036,True,155644.89046530213,0.0,155644.89046530213,4,0.0
2003-11-06,9.186745,17.878717,0.05587374377450819,True,155644.89046530213,0.0,155644.89046530213,4,0.0
2003-11-07,9.241212,18.145597,0.05576470744909432,True,155644.89046530213,0.0,155644.89046530213,4,0.0
2003-11-10,8.433483,17.730895,0.060768787015667514,True,128995.91059996346,26622.35750783082,155618.26810779428,4,0.1710747576845537
2003-11-11,8.354394,17.402419,0.0608425794737963,True,128995.91059996346,26372.693681753637,155368.6042817171,4,0.16974274695764277
2003-11-12,9.273928,17.904715,0.06442275502572646,True,158242.06345177625,0.0,158242.06345177625,4,0.0
2003-11-13,8.907848,17.873234,0.06547249474007205,True,133909.63317134895,24308.12215826902,158217.75532961797,4,0.1536371319870356
2003-11-14,8.162469,17.583089,0.06602927623921262,True,111062.8413194923,45098.06748300984,156160.90880250215,4,0.2887922965410358
2003-11-17,7.799568,17.012353,0.06696021044454158,True,87435.835077843,66696.42334551306,154132.25842335605,4,0.4327220273534017
2003-11-18,7.4476,17.135535,0.06583649471907613,True,64148.13420582407,86951.07683772397,151099.21104354804,4,0.5754568553813557
2003-11-19,7.850529,16.991824,0.06444596243442807,True,88646.69679958548,67132.20599784852,155778.902797434,4,0.4309454283751337
2003-11-20,7.395728,17.042459,0.06386071087484939,True,64790.084664097965,87075.84687426375,151865.9315383617,4,0.5733731455910385
2003-11-21,7.659298,16.984972,0.06408967483593411,True,89447.53784485332,65496.932899032545,154944.47074388585,4,0.4227122954732289
2003-11-24,8.405769,17.450317,0.06668178304457688,True,114860.01544939606,46442.312688549515,161302.32813794556,4,0.28792090743310356
2003-11-25,8.551114,17.739112,0.05726399665513476,True,138746.80521323846,23334.650939405845,162081.4561526443,4,0.14396866546799683
2003-11-26,8.678247,17.724054,0.05694892285045136,True,138746.80521323846,23681.576986454158,162428.38219969263,4,0.1457970378436668
2003-11-28,8.959095,17.874606,0.057121434369536137,True,138746.80521323846,24447.967195616406,163194.77240885486,4,0.1498085191991718
2003-12-01,9.221356,18.082642,0.0565932285660138,True,163885.27796948375,0.0,163885.27796948375,4,0.0
2003-12-02,9.008327,18.086746,0.05299029422951114,True,135770.24417368212,28086.94684895269,163857.1910226348,4,0.17141113352219517
2003-12-03,8.547766,17.927982,0.05429218155686651,True,106631.60900722844,55760.495273607616,162392.10428083607,4,0.3433694976769134
2003-12-04,8.254019,17.485908,0.0545835341357522,True,77679.59074881219,82767.3613069176,160446.9520557298,4,0.5158549928587556
2003-12-05,7.536664,17.10131,0.057240299383480395,True,50447.296697794256,102779.15685999006,153226.45355778432,4,0.6707664014505843
2003-12-08,7.481979,16.901492,0.057124406600040874,True,50447.296697794256,102033.40539848288,152480.70209627715,4,0.6691561882634723
2003-12-09,6.553069,16.620909,0.060808589173099226,True,25471.40835325288,114316.59131784836,139787.99967110125,4,0.8177854435775387
2003-12-10,6.672424,16.267802,0.06119353978104544,True,25471.40835325288,116398.70837731191,141870.1167305648,4,0.8204596645139344
2003-12-11,7.356885,16.642809,0.06053564476745004,True,53454.87929936048,100327.47080351572,153782.3501028762,4,0.6523991260141322
2003-12-12,7.371207,16.875492,0.06021760116552502,True,53454.87929936048,100522.78309082861,153977.6623901891,4,0.6528400388109383
2003-12-15,6.687092,16.811162,0.06093709526991019,True,28894.7255552992,115728.97338300725,144623.69893830645,4,0.8002075332921397
2003-12-16,6.61332,16.192526,0.06036487867830481,True,28894.7255552992,114452.25133037046,143346.97688566966,4,0.7984280786169283
2003-12-17,6.416948,16.206213,0.05993964618237738,True,4821.585744317258,135102.86481102364,139924.4505553409,4,0.9655415066832062
2003-12-18,7.062786,16.541541,0.06292551355383287,True,57152.80707218863,96316.7775772599,153469.58464944852,4,0.6275952189306065
2003-12-19,6.930794,16.655139,0.06171899388011733,True,31711.99214622257,119932.17295434857,151644.16510057115,4,0.7908789162761981
2003-12-22,6.913634,16.605859,0.06106148280828177,True,31711.99214622257,119635.23207168828,151347.22421791084,4,0.790468623986368
2003-12-23,7.27319,16.785157,0.0581471478165355,True,58356.29562025797,99186.10354428845,157542.39916454643,4,0.629583553825994
2003-12-24,7.27319,16.923391,0.0578946565171444,True,58356.29562025797,99186.10354428845,157542.39916454643,4,0.629583553825994
2003-12-26,7.390054,16.960355,0.057919810785179694,True,58356.29562025797,100779.80380574177,159136.09942599974,4,0.6332931633315898
2003-12-29,7.737184,17.142381,0.05851135005129554,True,83013.25918875476,80832.04731531897,163845.30650407373,3,0.493343685211448
2003-12-30,7.777762,17.268295,0.057978482012489924,True,104499.76975252526,59747.95594161995,164247.7256941452,4,0.3637673257825191
2003-12-31,7.6741,17.231334,0.05788685206160449,True,96649.86375803658,66793.69920707925,163443.56296511582,4,0.408665217493669
2004-01-02,7.765824,17.313457,0.057068069577867,True,115903.7403614399,48318.89522294719,164222.63558438708,3,0.29422798538705797
2004-01-05,8.523932,17.681635,0.06058491075561579,True,140079.54884990404,28835.82867827318,168915.37752817723,4,0.1707116847515141
2004-01-06,8.799112,17.891041,0.056817152230780384,True,154439.55571806408,15392.360924617462,169831.91664268155,3,0.09063291063835942
2004-01-07,9.035966,18.019682,0.056850067333883474,True,162683.1189729995,7554.876556896446,170237.99552989597,3,0.04437832185100954
2004-01-08,9.845032,18.513764,0.048495326049330406,True,170906.21581258884,0.0,170906.21581258884,4,0.0
2004-01-09,9.858015,18.70949,0.0486810918530391,True,170906.21581258884,0.0,170906.21581258884,4,0.0
2004-01-12,10.59357,18.907939,0.046813879532900685,True,170906.21581258884,0.0,170906.21581258884,4,0.0
2004-01-13,9.858593,18.88193,0.050900073369158576,True,134248.4725992664,36621.122091231206,170869.5946904976,4,0.21432205160645695
2004-01-14,9.724613,18.649262,0.04421292507892727,True,98258.88754116076,72077.06607531231,170335.95361647307,4,0.4231465204204651
2004-01-15,10.058677,18.731389,0.043756313551897956,True,135410.42452597598,37364.36208425069,172774.78661022667,4,0.2162605019940975
2004-01-16,10.610511,19.046175,0.042592816953267505,True,174785.2369320232,0.0,174785.2369320232,4,0.0
2004-01-20,10.615054,19.178939,0.03948231175712715,True,174785.2369320232,0.0,174785.2369320232,4,0.0
2004-01-21,9.807221,18.704004,0.04460489764130198,True,136766.95895100714,37980.29768333271,174747.25663433986,4,0.21734417131827605
2004-01-22,9.364123,18.699907,0.04665488920541975,True,97425.4511774118,75566.52336848705,172991.97454589885,4,0.43682097719762986
2004-01-23,8.922038,18.263297,0.04792539133460865,True,59540.2775678502,109846.31572644661,169386.59329429682,4,0.6484947456000645
2004-01-26,9.559911,18.382375,0.04960850829045439,True,100052.91086813936,77146.49177313843,177199.4026412778,4,0.43536541671821366
2004-01-27,8.698003,18.253725,0.05517510522728571,True,90467.76412776715,79733.70947588289,170201.47360365005,3,0.468466622454513
2004-01-28,8.487943,18.10043,0.0548831707832928,True,56833.81031678715,111408.46426293998,168242.27457972712,4,0.6621906684347959
2004-01-29,8.195528,17.724054,0.055594747185169956,True,28688.492720859325,135687.57266404587,164376.0653849052,4,0.8254703770060321
2004-01-30,8.363102,17.765118,0.05559328519941064,True,28688.492720859325,138461.97710773817,167150.4698285975,4,0.8283672624415737
2004-02-02,7.977091,17.733625,0.056729814958826216,True,20351.269995393577,140399.95926026866,160751.22925566224,4,0.8733989774782595
2004-02-03,8.074323,17.570763,0.05256931467988612,True,20351.269995393577,142111.28094868796,162462.55094408154,4,0.8747325468107519
2004-02-04,7.343031,17.203961,0.05573494060146227,True,11951.396518813592,137631.7342678627,149583.13078667628,4,0.9201019763661871
2004-02-05,7.636434,17.253242,0.05622839957635829,True,20669.44733671507,134404.2612142359,155073.70855095098,4,0.8667121104547266
2004-02-06,8.48895,17.729528,0.05814499563512873,True,58618.65877546968,111421.68163769296,170040.34041316266,4,0.6552661642934933
2004-02-09,8.411193,17.986837,0.058109456749865694,True,58618.65877546968,110401.08242352607,169019.74119899573,4,0.653184543062015
2004-02-10,8.469157,17.918403,0.05514621278223389,True,58618.65877546968,111161.8886898425,169780.54746531218,4,0.6547386632296845
2004-02-11,9.016502,18.186652,0.05555408397605219,True,121228.49133732874,55673.55838375067,176902.0497210794,4,0.3147140379183333
2004-02-12,8.567459,18.194883,0.05650218579257138,True,88584.47287873822,85512.29132316561,174096.76420190383,4,0.491176798805951
2004-02-13,8.274266,17.899246,0.05601918811767057,True,55953.84580824495,115183.94450102557,171137.79030927052,4,0.6730479825225725
2004-02-17,8.598867,17.967676,0.055226950940645426,True,89796.82475929536,85825.77634198836,175622.6011012837,4,0.4886943696528648
2004-02-18,8.775143,18.190759,0.0556113226650766,True,89796.82475929536,87585.19703665201,177382.02179594737,4,0.4937659191719342
2004-02-19,8.457496,18.268778,0.05359165668866903,True,56718.79079639706,117459.7333942371,174178.52419063417,4,0.6743640408026438
2004-02-20,8.240569,17.726788,0.053007552650482494,True,22593.71795746235,148537.98103470838,171131.69899217074,4,0.8679746762842808
2004-02-23,7.483006,17.444847,0.056015533414690295,True,14274.874744558492,143193.2820766074,157468.1568211659,4,0.9093475466232183
2004-02-24,7.507959,17.232698,0.05305789352949267,True,14274.874744558492,143670.77761351565,157945.65235807415,4,0.9096216038147328
2004-02-25,7.947572,17.529695,0.05145771051060538,True,23092.5221281896,143256.6487833521,166349.1709115417,4,0.861180419465575
2004-02-26,8.199923,17.670672,0.051828115092637655,True,23092.5221281896,147805.3283772114,170897.850505401,4,0.8648752921122329
2004-02-27,8.010497,17.667939,0.051497374967137764,True,13942.189760838042,153532.0762551776,167474.26601601567,4,0.9167502560691637
2004-03-01,8.428248,17.751432,0.05260843335211872,True,23550.480235445248,151920.93429225805,175471.4145277033,4,0.8657873688496018
2004-03-02,8.254651,18.005989,0.05167197585852741,True,14510.953702739851,157822.30806883986,172333.2617715797,4,0.915797138906513
2004-03-03,7.957944,17.63235,0.0523002725191336,True,5453.946477144938,161197.46741180628,166651.4138889512,4,0.9672733261010363
2004-03-04,8.247454,17.715835,0.04788738443863255,True,14821.693374468647,157684.70719980594,172506.4005742746,4,0.9140803278885469
2004-03-05,8.118233,17.707625,0.04744672069653959,True,4852.913871513276,165172.92597886553,170025.8398503788,4,0.9714577862060038
2004-03-08,7.155493,17.417481,0.049328823188496275,True,4852.913871513276,145585.0941493414,150438.00802085467,4,0.9677414375837752
2004-03-09,7.051948,16.878225,0.0493472301772068,True,4852.913871513276,143478.3757759612,148331.28964747448,4,0.9672832759490816
2004-03-10,6.628147,16.776945,0.05058164128319678,True,4852.913871513276,134855.75417803845,139708.66804955172,4,0.9652640459660524
2004-03-11,6.379021,16.629132,0.04766875516957235,True,4852.913871513276,129787.05630284676,134639.97017436003,4,0.963956365518882
2004-03-12,6.909362,16.738623,0.05161406036356309,True,4852.913871513276,140577.3323070656,145430.24617857888,4,0.9666306425311678
2004-03-15,6.259508,16.492267,0.0550503201979545,True,4852.913871513276,127355.45426549306,132208.36813700633,4,0.9632934439786426
2004-03-16,6.470507,16.407416,0.05479556464477426,True,4852.913871513276,131648.42321681714,136501.33708833042,4,0.964447865676415
2004-03-17,6.901864,16.776943,0.057106591102799954,True,4852.913871513276,140424.77859260712,145277.6924641204,4,0.9665956019179489
2004-03-18,6.596181,16.659235,0.057330459249630566,True,4852.913871513276,134205.37647246625,139058.29034397952,4,0.9651015853890557
2004-03-19,5.960788,16.302022,0.06064463521250375,True,4852.913871513276,121277.72079216127,126130.63466367454,4,0.9615247010811172
2004-03-22,5.696118,15.813417,0.05811191634724996,True,4852.913871513276,115892.7659234323,120745.67979494556,4,0.9598087991242862
2004-03-23,5.722663,15.911951,0.05813295669457187,True,4852.913871513276,116432.8483921307,121285.76226364398,4,0.959987769537497
2004-03-24,6.018675,16.115889,0.0577367649496888,True,4852.913871513276,122455.48511182773,127308.398983341,4,0.9618806464438509
2004-03-25,6.698073,16.577126,0.06308589466509676,True,4852.913871513276,136278.4630386979,141131.37691021117,4,0.9656142101228082
2004-03-26,6.556943,16.733162,0.06306463330429807,True,4852.913871513276,133407.04323054542,138259.9571020587,4,0.9649000768318551
2004-03-29,6.932299,16.952143,0.06331869228589652,True,4852.913871513276,141044.00669337323,145896.9205648865,4,0.966737379701205
2004-03-30,6.881932,16.792,0.06326674840776754,True,4852.913871513276,140019.2436984238,144872.15756993706,4,0.9665020943091116
2004-03-31,6.835159,16.890542,0.06293473383295678,True,4852.913871513276,139067.60394297336,143920.51781448664,4,0.9662805974769444
2004-04-01,7.247542,17.176598,0.06396185384078087,True,4852.913871513276,147457.91581674473,152310.829688258,4,0.9681380904992378
2004-04-02,7.973446,17.666575,0.06782810857720628,True,4852.913871513276,162227.10113820105,167080.01500971432,4,0.9709545520975018
2004-04-05,8.157439,17.808909,0.06119673523959857,True,4852.913871513276,165970.60815131947,170823.52202283274,4,0.971591067705157
2004-04-06,7.634369,17.511913,0.06319511922414525,True,42614.99114225291,117528.39018964092,160143.38133189385,3,0.7338947711242949
2004-04-07,7.60579,17.438009,0.061310234997700344,True,35507.41559546124,124188.9017407045,159696.31733616575,4,0.7776566411314481
2004-04-08,7.709132,17.602235,0.0603879619550855,True,35507.41559546124,125876.29114846989,161383.70674393114,4,0.7799814100700936
2004-04-12,7.748709,17.602249,0.05807065407187563,True,35507.41559546124,126522.51253562256,162029.9281310838,4,0.7808589067154593
2004-04-13,7.427541,17.526966,0.05394963328563115,True,27955.682217246467,128822.60463621191,156778.28685345838,4,0.8216865180866735
2004-04-14,7.206585,17.281985,0.05428814137395243,True,19736.535764246175,133201.29911591398,152937.83488016017,4,0.8709506004206778
2004-04-15,6.636015,16.878231,0.05579030642813068,True,11984.037233502284,130400.05014170724,142384.08737520952,4,0.9158330298390576
2004-04-16,6.190645,16.341714,0.05702663477266361,True,4338.5943270125035,129286.17666316291,133624.77099017543,4,0.9675315115987626
2004-04-19,6.417101,16.481322,0.05269046942109623,True,12247.875861839751,126098.31234022221,138346.18820206195,4,0.9114693652133655
2004-04-20,5.819859,16.352662,0.056419028879714964,True,4384.049030551409,122218.26591516576,126602.31494571717,4,0.9653714939380758
2004-04-21,6.289657,16.445737,0.05896508820674606,True,12865.689350698747,123593.99250516159,136459.68185586034,4,0.9057180173973399
2004-04-22,6.533727,16.489529,0.05852386866578157,True,12865.689350698747,128390.0546355345,141255.74398623325,4,0.9089191774604746
2004-04-23,6.774407,16.870012,0.05393768249129715,True,12865.689350698747,133119.50206265846,145985.1914133572,4,0.9118699011444966
2004-04-26,6.320814,16.697568,0.05599101864669703,True,4960.025003762374,132104.00519440454,137064.0301981669,4,0.9638123510844445
2004-04-27,6.025945,16.445734,0.05517150976286424,True,4960.025003762374,125941.29009035797,130901.31509412035,4,0.9621086694186683
2004-04-28,5.646216,16.110408,0.0566803267041244,False,4960.025003762374,118005.01451122118,122965.03951498355,4,0.9596631284523924
2004-04-29,5.061825,15.599901,0.06086194426160656,False,82807.09206693518,27866.343695700045,110673.43576263523,1,0.25178890944947135
2004-04-30,4.805364,15.350813,0.05881203731377303,False,82807.09206693518,26454.475373396737,109261.56744033191,1,0.24212059183430268
2004-05-03,4.766259,15.204365,0.05225357967151941,False,82807.09206693518,26239.194645552463,109046.28671248764,1,0.24062437554370783
2004-05-04,5.051453,15.439769,0.05452628946830339,False,82807.09206693518,27809.243792639038,110616.33585957422,1,0.25140268457221776
2004-05-05,5.293925,15.56295,0.05576188649001859,False,82807.09206693518,29144.09991441009,111951.19198134527,1,0.26032862534653894
2004-05-06,5.210558,15.446615,0.05566114797479644,False,82807.09206693518,28685.148157903408,111492.24022483858,1,0.25728380827272
2004-05-07,5.342541,15.788779,0.056072188690781045,False,82807.09206693518,29411.740570716887,112218.83263765206,1,0.2620927332730831
2004-05-10,5.292216,15.630013,0.05584546149618054,False,82807.09206693518,29134.69153277383,111941.78359970902,1,0.2602664581168025
2004-05-11,5.556138,15.959864,0.05753152885475996,False,82807.09206693518,30587.63412973373,113394.72619666891,1,0.2697447681709934
2004-05-12,5.498749,15.621798,0.05741770995772956,False,82807.09206693518,30271.69638033455,113078.78844726973,1,0.2677044633746733
2004-05-13,5.424682,15.79015,0.05508180736766128,False,82807.09206693518,29863.942955727925,112671.0350226631,1,0.26505430565824634
2004-05-14,5.11411,15.625913,0.05453242699829013,False,82807.09206693518,28154.182919720963,110961.27498665614,1,0.2537298072963446
2004-05-17,4.834614,15.229002,0.05437949006105257,False,82807.09206693518,26615.50238501789,109422.59445195307,1,0.24323589216946073
2004-05-18,5.158605,15.556109,0.05337616043462439,False,82807.09206693518,28399.136659279353,111206.22872621453,1,0.2553736151703961
2004-05-19,5.363136,15.921544,0.05082179242444124,False,82807.09206693518,29525.120102489112,112332.21216942428,1,0.26283752035398406
2004-05-20,5.270801,15.703932,0.049677553832531564,False,82807.09206693518,29016.797739479236,111823.88980641442,1,0.259486571158561
2004-05-21,5.334401,15.718974,0.048761503450596815,False,82807.09206693518,29366.92826731189,112174.02033424706,1,0.2617979473304665
2004-05-24,5.507258,15.879106,0.0477362505723116,False,82807.09206693518,30318.540101424613,113125.63216835979,1,0.26800769657846324
2004-05-25,5.90593,15.99408,0.04964478387134462,False,82807.09206693518,32513.3079912375,115320.40005817267,1,0.28193891085043377
2004-05-26,5.971531,16.303399,0.0473377025417653,False,82807.09206693518,32874.45441822414,115681.54648515931,1,0.28418062704963554
2004-05-27,6.259895,16.555229,0.04023836645383889,False,82807.09206693518,34461.95503973255,117269.04710666773,1,0.29387085415971714
2004-05-28,6.390047,16.646926,0.03747168082336836,True,82807.09206693518,35178.467436878396,117985.55950381357,1,0.2981590932383666
2004-06-01,6.226681,16.590809,0.03823189986287805,False,75614.28005521372,41464.73181262475,117079.01186783848,2,0.3541602474355618
2004-06-02,5.97041,16.355403,0.03861834619866128,False,104876.72725726405,10459.28635770149,115336.01361496554,1,0.09068534649219344
2004-06-03,5.469114,15.998176,0.04302566096367773,False,101462.93772567887,12991.468131064745,114454.40585674362,1,0.11350780281298618
2004-06-04,5.760501,16.229492,0.04422730105039966,False,105051.42518917845,10091.556446345527,115142.98163552397,1,0.08764369571642285
2004-06-07,6.366501,16.568909,0.04894166574532046,False,108853.81944520236,7346.979485197463,116200.79893039982,1,0.06322658323199692
2004-06-08,6.366501,16.623656,0.0488016601623821,False,108853.81944520236,7346.979485197463,116200.79893039982,1,0.06322658323199692
2004-06-09,5.738183,16.386875,0.05396617523729205,False,105748.56291190631,9724.051207851719,115472.61411975803,1,0.08421088655503017
2004-06-10,5.781886,16.259593,0.05390552226411552,False,105748.56291190631,9798.11127354442,115546.67418545073,1,0.084797864954716
2004-06-14,5.34854,15.913328,0.05675980841057605,False,102859.5602467446,11949.870152714468,114809.43039945907,1,0.10408439542933896
2004-06-15,5.484662,15.999552,0.055313926765538805,False,102859.5602467446,12253.998050220665,115113.55829696526,1,0.10645138792954607
2004-06-16,5.422518,15.858583,0.05365108403797029,False,102859.5602467446,12115.154042179165,114974.71428892377,1,0.105372334405064
2004-06-17,4.903902,15.490409,0.05671686919844704,False,100021.96005997379,13791.211879941302,113813.17193991509,1,0.12117412813362269
2004-06-18,4.841058,15.376815,0.05590287746918752,False,100021.96005997379,13614.47610516786,113636.43616514165,1,0.11980731325807052
2004-06-21,4.713846,15.350813,0.056047848178366694,False,97088.10356009092,16187.644194585584,113275.7477546765,1,0.14290476571952085
2004-06-22,5.144843,15.46714,0.05971633523478615,False,103254.88151752537,11494.764142383146,114749.64565990852,1,0.10017254586084715
2004-06-23,5.498704,15.862688,0.06122766294299561,False,103254.88151752537,12285.37111215615,115540.25262968152,1,0.10632979271329826
2004-06-24,5.368878,15.972178,0.05914284132965117,False,100565.18696213378,14682.31747649069,115247.50443862447,1,0.12739813801616692
2004-06-25,5.466087,15.970807,0.05925990288315499,False,100565.18696213378,14948.155776331401,115513.34273846519,1,0.12940631291551882
2004-06-28,5.274961,15.947549,0.05835076851073099,False,97819.88566991795,17168.04057123445,114987.9262411524,1,0.14930298451708468
2004-06-29,5.579596,15.95986,0.05980928734915096,False,106515.3897237861,9455.306187189326,115970.69591097542,1,0.08153185693088938
2004-06-30,5.71631,16.180215,0.06001542020428706,False,106515.3897237861,9686.984740632157,116202.37446441824,1,0.0833630533393133
2004-07-01,5.082444,15.775087,0.06470649252595212,False,104017.41374696458,11108.301962116491,115125.71570908107,1,0.09648845085303798
2004-07-02,4.796534,15.397349,0.06309903306607999,False,101555.24529874919,12943.11948508541,114498.3647838346,1,0.11304195924126227
2004-07-06,4.195147,14.83894,0.06756439467429012,False,99216.27262832822,13656.95376350047,112873.22639182869,1,0.1209937396144915
2004-07-07,4.371077,14.911469,0.0634008582323136,False,101648.46449460874,11795.052821372406,113443.51731598114,1,0.10397291181054381
2004-07-08,4.240916,14.863575,0.06328926912776031,False,99065.96772032854,14023.739107866624,113089.70682819517,1,0.12400544223862353
2004-07-09,4.429882,15.000429,0.06160718751744046,False,101758.14519353138,11953.734098586421,113711.87929211781,1,0.10512300186226031
2004-07-12,4.113813,14.569308,0.06286594708288569,False,99215.517098972,13640.931490263694,112856.4485892357,1,0.12086975676430041
2004-07-13,4.134631,14.662377,0.061355746414046085,False,99215.517098972,13709.961587588074,112925.47868656008,1,0.1214071593678334
2004-07-14,3.624087,14.108075,0.06609144044508802,False,96805.90906549113,14424.25714555193,111230.16621104306,1,0.12967936340384495
2004-07-15,3.628328,14.067012,0.06624426044558544,False,96805.90906549113,14441.136782976277,111247.0458484674,1,0.1298114181175376
2004-07-16,3.375685,13.893198,0.0647179179638763,False,94434.04421947205,15805.085744161293,110239.12996363334,1,0.14337092237008053
2004-07-19,3.442414,13.730322,0.06527532500746794,False,94434.04421947205,16117.513463756615,110551.55768322866,1,0.14579182601785937
2004-07-20,3.696448,13.953414,0.06812286813639487,False,97026.09816811878,14712.261730240236,111738.35989835902,1,0.13166706351894736
2004-07-21,3.206927,13.93699,0.06976812067224845,False,94874.32516528342,14913.538731105416,109787.86389638884,1,0.13583959284588973
2004-07-22,3.475856,13.748123,0.07078386226960368,False,97201.88346015601,13834.281777702783,111036.16523785879,1,0.12459257529353021
2004-07-23,3.138881,13.604409,0.07295941475756296,False,95044.81272639641,14648.000750308674,109692.81347670508,1,0.1335365580117917
2004-07-26,3.054513,13.374476,0.07219531531341421,False,92788.44520369128,16508.399798562445,109296.84500225373,1,0.15104186949057896
2004-07-27,3.103465,13.280038,0.07286650416648219,False,92788.44520369128,16772.965438629857,109561.41064232113,1,0.15309190836714942
2004-07-28,3.059699,13.207498,0.07031935208588515,False,92788.44520369128,16536.428018234565,109324.87322192585,1,0.15125952156071718
2004-07-29,3.323576,13.63315,0.07382530591460737,False,97518.09569001386,13228.190953137964,110746.28664315182,1,0.11944590969232241
2004-07-30,3.440997,13.809707,0.07183405972281362,False,97518.09569001386,13695.539197892533,111213.63488790639,1,0.1231462240371555
2004-08-02,3.447106,13.8275,0.07139319261388767,False,97518.09569001386,13719.85367679499,111237.94936680884,1,0.1233378874286289
2004-08-03,3.086221,13.623571,0.06953632242613658,False,95397.48941663101,14401.98023817977,109799.46965481079,1,0.13116620948586483
2004-08-04,3.175119,13.442909,0.06905073848481781,False,95397.48941663101,14816.826498124767,110214.31591475577,1,0.13443649652178308
2004-08-05,3.036341,13.508601,0.06928311247134504,False,93056.9749248391,16507.389433517885,109564.36435835698,1,0.15066385434890528
2004-08-06,2.710886,13.047365,0.07096333645422125,False,90878.99345714292,16913.82451824021,107792.81797538314,1,0.15691049585606764
2004-08-09,2.709154,12.851649,0.07016362707758786,False,90878.99345714292,16903.018182575193,107782.01163971811,1,0.15682596683272854
2004-08-10,2.825138,12.961142,0.07135525961868322,False,93144.23231453914,15359.16195494177,108503.39426948091,1,0.14155466802075786
2004-08-11,2.431803,12.341143,0.07296005554029944,False,91104.31842791341,15258.630578892218,106362.94900680563,1,0.14345813764449022
2004-08-12,2.243833,12.208381,0.07399192957014532,False,88964.85111955399,16216.520943984538,105181.37206353853,1,0.15417673895895156
2004-08-13,2.268179,12.063304,0.07347458278834354,False,88964.85111955399,16392.473173451814,105357.3242930058,1,0.15558930794277998
2004-08-16,2.358601,12.320614,0.07415265665577606,False,91209.25501044746,14799.316121415168,106008.57113186263,1,0.13960490140940113
2004-08-17,2.476556,12.590237,0.07287834705743312,False,91209.25501044746,15539.438479160935,106748.6934896084,1,0.14557029197433358
2004-08-18,2.762438,12.707943,0.07239312946331201,False,93521.89161171844,15018.286764216627,108540.17837593507,1,0.1383661514927674
2004-08-19,2.690907,12.903661,0.06943960578170966,False,91245.88734959965,16903.13143826379,108149.01878786345,1,0.1562948201261043
2004-08-20,2.745764,12.922821,0.0664927521098801,False,91245.88734959965,17247.719742991092,108493.60709259074,1,0.15897452582871102
2004-08-23,2.82916,13.143171,0.06679065671020079,False,93634.04670377818,15381.027983922575,109015.07468770075,1,0.1410908356297066
2004-08-24,2.644844,12.944719,0.06807876718402338,False,91269.93331564983,16740.726165012584,108010.65948066242,1,0.15499142626760595
2004-08-25,2.727831,12.83249,0.06860714612452962,False,91269.93331564983,17265.998219718233,108535.93153536806,1,0.1590809419099319
2004-08-26,2.650038,12.869439,0.06550222224966765,False,88877.1057530506,19164.03907888865,108041.14483193925,1,0.17737723076425005
2004-08-27,2.711076,12.936504,0.06511351431938281,False,88877.1057530506,19605.442038882884,108482.54779193348,1,0.18072438782029326
2004-08-30,2.535502,12.743526,0.06615792884709162,False,86452.10677695565,20758.33589167247,107210.44266862812,1,0.1936223316961153
2004-08-31,2.45488,12.447898,0.0624385577960445,False,86452.10677695565,20098.27782180764,106550.3845987633,1,0.18862698522855367
2004-09-01,2.549875,12.692884,0.0627955483683843,False,86452.10677695565,20876.008668807335,107328.11544576299,1,0.19450643088349745
2004-09-02,2.601064,12.677834,0.06262989275911157,False,86452.10677695565,21295.096666355283,107747.20344331094,1,0.197639437366551
2004-09-03,2.23466,12.30419,0.06651352732624861,False,86452.10677695565,18295.320959590958,104747.42773654661,1,0.17466129102096967
2004-09-07,2.17584,12.176904,0.06658243429421254,False,86452.10677695565,17813.757420241287,104265.86419719693,1,0.17084937201067374
2004-09-08,2.146211,12.076996,0.06540864020212477,False,86452.10677695565,17571.182681931332,104023.28945888698,1,0.16891585310687537
2004-09-09,2.504402,12.493065,0.06742124977104871,False,86452.10677695565,20503.717971343074,106955.82474829874,1,0.19170267743336916
2004-09-10,2.785132,12.939245,0.06839946481247727,False,94104.85579229583,15141.665098799025,109246.52089109486,1,0.13860089067635734
2004-09-13,2.952133,13.426481,0.06921669117818914,False,94104.85579229583,16049.583722822783,110154.4395151186,1,0.14570074336967592
2004-09-14,2.975636,13.362157,0.06895288908840495,False,94104.85579229583,16177.360271588543,110282.21606388438,1,0.14669056216840354
2004-09-15,2.712116,13.110323,0.07212566307346287,False,91870.97837254022,16976.35165546028,108847.3300280005,1,0.15596479629856963
2004-09-16,2.720651,13.122642,0.067790985525732,False,91870.97837254022,17029.776052270503,108900.75442481073,1,0.1563788620401938
2004-09-17,2.859191,13.18423,0.06841165672271812,False,94221.29112119999,15544.294696086321,109765.58581728631,1,0.1416135538324467
2004-09-20,3.108409,13.492182,0.07067886574721091,False,94221.29112119999,16899.19474843303,111120.48586963302,1,0.15207992132305137
2004-09-21,3.21484,13.798753,0.07074995597620257,False,98899.01692019125,12795.409945127192,111694.42686531844,1,0.11455728190051905
2004-09-22,2.93797,13.552392,0.07216281610938477,False,96715.10797827026,13875.164697282511,110590.27267555277,1,0.1254646033651545
2004-09-23,2.972109,13.456591,0.07193035595733584,False,96715.10797827026,14036.393112685164,110751.50109095543,1,0.12673772341160125
2004-09-24,2.754858,13.332046,0.07381437815440008,False,94535.77786601157,15187.533755436283,109723.31162144785,1,0.13841665486577917
2004-09-27,2.636182,13.007679,0.07433181477095052,False,92342.19923402855,16724.660143186607,109066.85937721515,1,0.15334319002753377
2004-09-28,2.547677,12.846177,0.07316190257374236,False,90141.98435596004,18361.177060166716,108503.16141612676,1,0.16922250762582577
2004-09-29,2.660291,12.978936,0.0733433116802869,False,92434.86414772498,16877.614237931237,109312.47838565621,1,0.1543978737577126
2004-09-30,2.744263,13.163702,0.07319149531720334,False,94713.81499082793,15129.123514277266,109842.9385051052,1,0.13773414768555292
2004-10-01,3.1283,13.56198,0.07850895033703989,False,99504.36794991861,12450.971411125092,111955.3393610437,1,0.11121373471051768
2004-10-04,3.231001,14.008163,0.06882712096896991,False,99504.36794991861,12859.732468214872,112364.10041813349,1,0.11444698458280496
2004-10-05,3.198567,13.848027,0.06835329915085746,False,99504.36794991861,12730.641649959452,112235.00959987806,1,0.11342843641520287
2004-10-06,3.242153,13.800128,0.06793171627146827,False,99504.36794991861,12904.118631043522,112408.48658096214,1,0.11479665836217214
2004-10-07,3.171404,13.930145,0.06072595855385376,False,97071.55476102738,15052.91278630692,112124.4675473343,1,0.13425181064919844
2004-10-08,2.860546,13.496285,0.06163199659727441,False,94566.67822124652,16079.814775269242,110646.49299651576,1,0.1453260229022857
2004-10-11,2.876358,13.288252,0.06018077150904849,False,94566.67822124652,16168.69781760681,110735.37603885333,1,0.14601203694773887
2004-10-12,2.75117,13.132222,0.06089518987563597,False,91886.7495115792,18142.23751865963,110028.98703023883,1,0.16488598148843878
2004-10-13,2.879517,13.508603,0.05806751583887789,False,94686.0973876104,16186.455313859298,110872.5527014697,1,0.1459915454228081
2004-10-14,2.627308,13.186968,0.06180423807993852,False,92037.98306485079,17414.196921058985,109452.17998590978,1,0.1591032442049193
2004-10-15,2.642227,13.066528,0.060650101402548555,False,92037.98306485079,17513.082321577414,109551.0653864282,1,0.15986227299389671
2004-10-18,2.697135,12.987147,0.05741505727849332,False,92037.98306485079,17877.02089464974,109915.00395950054,1,0.16264404540472688
2004-10-19,2.786534,13.42101,0.057375992549723094,False,94840.97274799486,15663.775581651233,110504.7483296461,1,0.14174753409622462
2004-10-20,2.857202,13.288249,0.05431294596542223,False,94840.97274799486,16061.017349669899,110901.99009766476,1,0.14482172353738576
2004-10-21,3.128842,13.667365,0.05806967465686857,False,97575.31222573892,14850.89435093546,112426.20657667438,1,0.13209459611898575
2004-10-22,2.810749,13.597563,0.06066050395430793,False,94968.14869105004,15945.640579065934,110913.78927011597,1,0.14376607889784038
2004-10-25,2.879939,13.444278,0.05991033034429975,False,94968.14869105004,16338.161886256852,111306.3105773069,1,0.1467855847661873
2004-10-26,2.818415,13.385426,0.05954958443451718,False,92213.92012528972,18740.60759895489,110954.5277242446,1,0.16890349572331959
2004-10-27,3.133756,13.642737,0.06321340727086444,False,98171.15653522842,14874.218409753545,113045.37494498197,1,0.1315774167407793
2004-10-28,3.195044,13.960263,0.06304428195602728,False,98171.15653522842,15165.118881231534,113336.27541645996,1,0.13380639892661486
2004-10-29,3.179992,13.906882,0.05597341454182732,False,98171.15653522842,15093.675305055336,113264.83184028376,1,0.13326003367346298
2004-11-01,3.215623,13.926043,0.055545357774835685,False,98171.15653522842,15262.79609051468,113433.9526257431,1,0.13455227237714087
2004-11-02,3.174055,13.949307,0.055576466143849715,False,98171.15653522842,15065.495627154854,113236.65216238328,1,0.13304433979159572
2004-11-03,3.102883,14.072486,0.05568889905264489,False,95208.67533332163,17687.20291702717,112895.8782503488,1,0.15666827869309324
2004-11-04,3.161914,13.797385,0.05567203504869789,False,95208.67533332163,18023.694262461413,113232.36959578305,1,0.15917439798179975
2004-11-05,3.313228,14.155979,0.05096552465755158,False,100902.19292255146,13187.004797026873,114089.19771957834,1,0.11558504276136136
2004-11-08,3.31708,14.151871,0.05098304124911936,False,100902.19292255146,13202.336172494588,114104.52909504605,1,0.11570387501005672
2004-11-09,3.243807,14.062904,0.05003392213490138,False,97675.40847011803,16134.262620981994,113809.67109110003,1,0.14176530400537904
2004-11-10,3.099444,13.897303,0.05059840611794993,False,94463.51850027368,18624.901635520608,113088.4201357943,1,0.16469326932992964
2004-11-11,3.289202,14.009526,0.04674645010822531,False,97865.24052227782,16360.051285868492,114225.29180814631,1,0.1432261719527665
2004-11-12,3.467393,14.210717,0.047628860625166095,False,101307.54615819751,13800.598124903387,115108.1442831009,1,0.1198924560104255
2004-11-15,3.630084,14.459814,0.04815650778766574,False,101307.54615819751,14448.12585237433,115755.67201057184,1,0.12481570536824148
2004-11-16,3.560552,14.500876,0.0485478340933657,False,115464.75577002004,0.0,115464.75577002004,0,0.0
2004-11-17,3.845209,14.896419,0.050608589684128534,False,115464.75577002004,0.0,115464.75577002004,1,0.0
2004-11-18,3.995984,14.885466,0.04774508492145945,False,115464.75577002004,0.0,115464.75577002004,1,0.0
2004-11-19,3.638722,14.817034,0.046025616341865076,False,112364.90504188907,3096.7539741568194,115461.65901604589,1,0.026820626003013336
2004-11-22,3.677566,14.565198,0.04594876211405145,False,112364.90504188907,3129.8123697616907,115494.71741165077,1,0.027099182022380222
2004-11-23,3.599322,14.621317,0.04594532575175131,False,108862.61037381184,6562.018263959626,115424.62863777147,1,0.056851110039545544
2004-11-24,3.68863,14.667854,0.04047280587387753,False,108862.61037381184,6724.838019212895,115587.44839302474,1,0.05817965629232381
2004-11-26,3.624677,14.662377,0.04077319733225553,False,105277.06407014295,10190.207968255896,115467.27203839885,1,0.0882519157884593
2004-11-29,3.600208,14.671956,0.04080497366153624,False,105277.06407014295,10121.417232205413,115398.48130234836,1,0.08770840931335067
2004-11-30,3.456091,14.494031,0.042109430651461416,False,101774.04947829858,13215.770082997817,114989.81956129639,1,0.11492991408646422
2004-12-01,3.890569,14.719857,0.04906104479466134,False,116636.34579244156,0.0,116636.34579244156,1,0.0
2004-12-02,3.792421,14.97717,0.04916638419169575,True,113366.95585995556,3266.123808677315,116633.07966863287,1,0.02800340879240027
2004-12-03,4.014764,15.261851,0.050253245044908974,True,116821.10917530055,0.0,116821.10917530055,2,0.0
2004-12-06,4.09099,15.161933,0.049619140342218086,True,116821.10917530055,0.0,116821.10917530055,2,0.0
2004-12-07,3.848398,15.172884,0.052130480670919445,True,104355.684204951,12452.971998351208,116808.6562033022,2,0.10661000993519827
2004-12-08,3.651563,14.739012,0.0534564703311222,False,86319.52115855913,29834.181545625233,116153.70270418437,3,0.25685088680819534
2004-12-09,3.516729,14.368115,0.053084175996956966,False,100602.35358560571,14429.488798335253,115031.84238394097,1,0.12543908277304688
2004-12-10,3.401184,14.476236,0.0522480861806032,False,97601.33205728557,16953.41967809939,114554.75173538497,1,0.14799403273345516
2004-12-13,3.492742,14.472133,0.051218307248675043,False,97601.33205728557,17409.79639834958,115011.12845563516,1,0.1513748854752373
2004-12-14,3.665238,14.687019,0.051330893453108796,False,103915.89741116071,11948.727527948355,115864.62493910907,1,0.10312662328323102
2004-12-15,3.712309,14.78966,0.05118011804511779,False,103915.89741116071,12102.179651239681,116018.07706240039,1,0.10431287914495012
2004-12-16,3.561614,14.681537,0.048862904340765165,False,100829.57464796647,14694.151351422615,115523.72599938908,1,0.1271959610400752
2004-12-17,3.461229,14.488553,0.04810276761467782,False,97557.00475299996,17549.29353800195,115106.2982910019,1,0.15246162719641393
2004-12-20,3.343057,14.411915,0.04417166398637508,False,94253.73178875321,20250.105041828334,114503.83683058154,1,0.1768508864186808
2004-12-21,3.481602,14.388647,0.04519951217603299,False,97687.02753385561,17652.58972477541,115339.61725863101,1,0.1530487974933387
2004-12-22,3.533,14.522778,0.04513245128010968,False,97687.02753385561,17913.190392707587,115600.2179265632,1,0.15495810227699755
2004-12-23,3.556947,14.554252,0.04477896343776639,False,97687.02753385561,18034.6076500906,115721.6351839462,1,0.15584473570066265
2004-12-27,3.496796,14.547409,0.044771065035216766,False,94095.99681240096,21317.070369163826,115413.06718156478,1,0.18470239886813142
2004-12-28,3.514639,14.487191,0.044780232129166785,False,94095.99681240096,21425.844368732858,115521.84118113382,1,0.1854700734481712
2004-12-29,3.614092,14.606264,0.04421166254189409,False,101210.34247928565,14910.65984297166,116121.0023222573,1,0.12840622751078065
2004-12-30,3.658666,14.702066,0.034926565558713304,True,101210.34247928565,15094.55880067407,116304.90127995973,1,0.1297843739563449
2004-12-31,3.672967,14.732179,0.03454778626868792,True,104386.79910443205,11973.92417685997,116360.72328129203,1,0.10290348701179898
2005-01-03,3.488637,14.666485,0.03336177416534399,True,97465.70451689171,18287.186186544855,115752.89070343657,1,0.15798470410036966
2005-01-04,3.172091,14.183355,0.038107825828113916,False,90842.07795763687,23244.884194634735,114086.9621522716,1,0.20374706939439619
2005-01-05,3.021829,13.912353,0.03736217414765612,False,87368.2279165468,25614.153330276367,112982.38124682318,1,0.2267092713714297
2005-01-06,2.978738,13.842553,0.03614446252608755,False,87368.2279165468,25248.897890225016,112617.12580677183,1,0.22420122791578795
2005-01-07,3.023194,13.834339,0.03595052151371607,False,87368.2279165468,25625.723581040336,112993.95149758714,1,0.22678845408453163
2005-01-10,3.023194,13.886348,0.03545914249201738,False,87368.2279165468,25625.723581040336,112993.95149758714,1,0.22678845408453163
2005-01-11,2.814866,13.548295,0.037450293279235505,False,87368.2279165468,23859.857499607595,111228.0854161544,1,0.2145128850356195
2005-01-12,2.931247,13.629044,0.03684712695216319,False,87368.2279165468,24846.346403755015,112214.57432030182,1,0.2214181763309494
2005-01-13,2.84686,13.639991,0.03660669590799432,False,87368.2279165468,24131.05061531628,111499.27853186309,1,0.21642337899451394
2005-01-14,2.943405,13.73443,0.037389454010683866,False,87368.2279165468,24949.402161109087,112317.6300776559,1,0.22213255518175717
2005-01-18,3.015665,13.735795,0.03783628459555584,False,87368.2279165468,25561.904959793515,112930.13287634033,1,0.2263514998940457
2005-01-19,2.773863,13.622197,0.04115859470875051,False,87368.2279165468,23512.300728856728,110880.52864540354,1,0.21205076325031944
2005-01-20,2.695997,13.42785,0.039616860056468736,False,87368.2279165468,22852.27937648527,110220.50729303207,1,0.20733237341877073
2005-01-21,2.61296,13.32931,0.039272373236822145,False,87368.2279165468,22148.42669319771,109516.65460974452,1,0.20223797715627992
2005-01-24,2.438942,13.069265,0.0406779069827069,False,87368.2279165468,20673.38501008856,108041.61292663537,1,0.1913465048335277
2005-01-25,2.561587,13.139064,0.043426716265966045,False,87368.2279165468,21712.969922137436,109081.19783868424,1,0.199053277304929
2005-01-26,2.763649,13.280035,0.04786167335577004,False,87368.2279165468,23425.72304292035,110793.95095946715,1,0.21143503629986451
2005-01-27,2.854684,13.515442,0.048069620356716504,False,87368.2279165468,24197.369766947988,111565.5976834948,1,0.2168891689676108
2005-01-28,2.770285,13.541451,0.04788533984885211,False,87368.2279165468,23481.97226201902,110850.20017856582,1,0.21183518139067403
2005-01-31,2.873261,13.657782,0.04906359213207332,False,87368.2279165468,24354.835370202352,111723.06328674915,1,0.21799290722715928
2005-02-01,2.978763,13.749486,0.049286118153062976,False,87368.2279165468,25249.109799579666,112617.33771612647,1,0.22420268771780838
2005-02-02,2.978763,13.824761,0.044813064413427625,False,87368.2279165468,25249.109799579666,112617.33771612647,1,0.22420268771780838
2005-02-03,2.852999,13.618094,0.04454108180969079,False,87368.2279165468,24183.08707644448,111551.31499299129,1,0.21678890184274288
2005-02-04,3.214358,13.987634,0.05210600223719221,False,91056.0234817898,23554.614123648316,114610.63760543813,1,0.20551856804721833
2005-02-07,3.188315,14.223041,0.052103524706988855,False,91056.0234817898,23363.772650600768,114419.79613239056,1,0.20419344764054187
2005-02-08,3.380723,14.327058,0.05357291553928009,True,98101.18898918915,17721.508699854552,115822.6976890437,1,0.15300549074959877
2005-02-09,3.134575,14.257258,0.05389757411865875,True,86755.25811495658,27765.814728222966,114521.07284317954,2,0.24245157715422674
2005-02-10,3.193049,14.205247,0.05336421065581972,False,86755.25811495658,28283.772744993377,115039.03085994995,2,0.24586240455577565
2005-02-11,3.496445,14.422865,0.05607645864769961,True,99385.73008981439,18328.115165324976,117713.84525513937,1,0.15570059006737588
2005-02-14,3.527858,14.643212,0.05581284531346562,True,117860.0171794732,0.0,117860.0171794732,0,0.0
2005-02-15,3.587122,14.778717,0.055729786295987696,True,117860.0171794732,0.0,117860.0171794732,0,0.0
2005-02-16,3.507234,14.639117,0.05195453328108979,True,117860.0171794732,0.0,117860.0171794732,0,0.0
2005-02-17,3.349836,14.563836,0.05280439929537055,True,117860.0171794732,0.0,117860.0171794732,0,0.0
2005-02-18,3.342203,14.437915,0.05197794741222893,True,117860.0171794732,0.0,117860.0171794732,0,0.0
2005-02-22,3.323159,14.509092,0.04859050095545619,True,117860.0171794732,0.0,117860.0171794732,0,0.0
2005-02-23,3.28331,14.339376,0.048287637709069776,True,117860.0171794732,0.0,117860.0171794732,0,0.0
2005-02-24,3.496009,14.457083,0.04745944822450406,True,117860.0171794732,0.0,117860.0171794732,0,0.0
2005-02-25,3.682378,14.762284,0.04810326022481621,True,117860.0171794732,0.0,117860.0171794732,0,0.0
2005-02-28,3.550411,14.841673,0.04842726136732857,True,117860.0171794732,0.0,117860.0171794732,0,0.0
2005-03-01,3.78618,14.948427,0.049541142080139836,True,117860.0171794732,0.0,117860.0171794732,0,0.0
2005-03-02,3.622881,14.889575,0.05086915829831543,True,117860.0171794732,0.0,117860.0171794732,0,0.0
2005-03-03,3.476388,14.656905,0.05210933672265289,True,117860.0171794732,0.0,117860.0171794732,0,0.0
2005-03-04,3.474436,14.685646,0.05077472875007362,True,117860.0171794732,0.0,117860.0171794732,0,0.0
2005-03-07,3.648088,14.855354,0.04488604253955604,True,117860.0171794732,0.0,117860.0171794732,0,0.0
2005-03-08,3.48285,14.808824,0.04632462191747857,True,117860.0171794732,0.0,117860.0171794732,0,0.0
2005-03-09,3.418389,14.680171,0.0447643251718005,True,117860.0171794732,0.0,117860.0171794732,0,0.0
2005-03-10,3.55343,14.618586,0.0417253066966378,True,117860.0171794732,0.0,117860.0171794732,0,0.0
2005-03-11,3.315916,14.596682,0.04486144242283849,True,117860.0171794732,0.0,117860.0171794732,0,0.0
2005-03-14,3.331028,14.433812,0.039718524616642624,True,117860.0171794732,0.0,117860.0171794732,1,0.0
2005-03-15,3.156703,14.347581,0.041219962576888376,True,110872.22974926633,6980.806623583281,117853.03637284962,1,0.05923315035768976
2005-03-16,3.063503,14.175136,0.04121585660034674,True,103641.86716193243,13997.841418190868,117639.7085801233,1,0.11898908614396192
2005-03-17,3.083207,14.094386,0.04118298164414504,True,103641.86716193243,14087.873472118687,117729.74063405112,2,0.11966282603058784
2005-03-18,2.964486,13.962998,0.040873204310011325,False,89402.05482068672,27770.99699709486,117173.05181778158,2,0.23700839541400828
2005-03-21,2.992519,13.920569,0.041014245643807755,False,110278.5291306728,7136.235548303752,117414.76467897656,1,0.060778008351972744
2005-03-22,2.907889,13.958888,0.04134022470120499,False,106665.59424143854,10543.74464415812,117209.33888559666,1,0.08995652346823188
2005-03-23,3.008203,13.983528,0.04229225480896803,False,110395.69755852594,7173.637054639917,117569.33461316585,1,0.0610162256871069
2005-03-24,3.020583,14.041008,0.039320168134071055,True,110395.69755852594,7203.159539238343,117598.85709776428,1,0.061251951906727206
2005-03-28,2.999302,14.065649,0.03677198237748258,True,110395.69755852594,7152.410912845846,117548.10847137179,1,0.060846669553919513
2005-03-29,2.851009,13.86445,0.037436937803143014,False,103334.77157787453,13852.64991892064,117187.42149679517,1,0.11820935849586452
2005-03-30,3.067696,13.934255,0.03842551841492835,False,118225.36751318288,0.0,118225.36751318288,1,0.0
2005-03-31,2.990707,14.001323,0.03778862489679052,True,114602.97467132274,3618.7740677923484,118221.74873911508,1,0.03061005361862858
2005-04-01,2.874526,13.935622,0.037717381195643995,False,107461.6970479697,10612.337815190813,118074.03486316052,1,0.08987867508288139
2005-04-04,2.841957,13.697475,0.03765992559548235,False,103788.81432743388,14161.31124427182,117950.12557170569,1,0.12006185814242903
2005-04-05,2.835155,13.764544,0.035105256419298146,False,103788.81432743388,14127.41726238415,117916.23158981802,1,0.11980892767611173
2005-04-06,2.841946,13.805598,0.03432236934571937,False,103788.81432743388,14161.256431892996,117950.07075932687,1,0.12006144922785643
2005-04-07,2.986543,13.843927,0.036743924826531715,False,115045.58580344828,3613.7356018984024,118659.32140534668,1,0.030454713199932145
2005-04-08,2.960174,13.968471,0.03514885202002787,True,115045.58580344828,3581.828947922062,118627.41475137035,1,0.030193939195498534
2005-04-11,2.886778,13.869926,0.032465281321012805,False,107804.69982136274,10726.671661262846,118531.37148262559,1,0.0904964780807853
2005-04-12,2.86616,13.62357,0.03235280461591077,False,107804.69982136274,10650.059425645171,118454.75924700791,1,0.08990824423894293
2005-04-13,2.664364,13.572928,0.03404346193823072,False,104356.00522591028,13345.476455391834,117701.48168130212,1,0.1133840990339196
2005-04-14,2.545528,13.348472,0.03473669961077303,False,100810.05674488189,16292.647404794508,117102.7041496764,1,0.13913126535463982
2005-04-15,2.305553,12.914609,0.039855642104326267,False,97447.82959575937,18115.55612794696,115563.38572370632,1,0.15675861359114532
2005-04-18,2.339508,12.895448,0.03991693876253457,False,97447.82959575937,18382.352730898372,115830.18232665774,1,0.15870088746866942
2005-04-19,2.494547,13.147277,0.04319424837518146,False,101078.40149698021,15966.34360560478,117044.74510258499,1,0.13641230617923875
2005-04-20,2.388795,13.182868,0.043664744496028536,False,97516.0057885323,18848.314990589784,116364.32077912209,1,0.16197675425242133
2005-04-21,2.648618,13.337516,0.04966131370755413,False,105140.16438749668,13266.606649214225,118406.77103671091,1,0.11204263517245173
2005-04-22,2.525781,13.274565,0.05042292814747345,False,101920.2812579915,15867.997462476156,117788.27872046766,1,0.1347162691810253
2005-04-25,2.55396,13.289618,0.05062168279492011,False,101920.2812579915,16045.029556903628,117965.31081489513,1,0.1360148118634692
2005-04-26,2.528724,13.351205,0.04962399138305353,False,101920.2812579915,15886.486601689758,117806.76785968126,1,0.13485207081321532
2005-04-27,2.475457,13.132224,0.04605165871962225,False,98612.58105730219,18856.23715394392,117468.8182112461,1,0.1605212127020333
2005-04-28,2.385871,13.122645,0.046314158526805545,False,95106.52977249386,21676.384676150123,116782.91444864398,1,0.18561263673276837
2005-04-29,2.465735,13.010415,0.046817250934969475,False,98722.70208471501,18782.18200468839,117504.88408940341,1,0.1598417133912323
2005-05-02,2.461114,13.143172,0.04682577421186221,False,98722.70208471501,18746.982576102728,117469.68466081774,1,0.15958996255274552
2005-05-03,2.442656,13.169178,0.046812159308620295,False,98722.70208471501,18606.382910914646,117329.08499562966,1,0.15858286895877274
2005-05-04,2.607946,13.311514,0.04955525371361121,False,105518.45632345152,13062.885529129397,118581.34185258092,1,0.11015970409045496
2005-05-05,2.627125,13.478494,0.04801129368327313,False,105518.45632345152,13158.950816356652,118677.40713980817,1,0.11087999926434794
2005-05-06,2.684935,13.497657,0.048415757066696194,False,105518.45632345152,13448.514101961096,118966.97042541261,1,0.11304410000414998
2005-05-09,2.715891,13.507237,0.048302066006536394,False,105518.45632345152,13603.568955259336,119122.02527871086,1,0.1141986036875292
2005-05-10,2.628878,13.46891,0.048747717980759865,False,102159.39123995753,16523.440755078907,118682.83199503644,1,0.13922351259506474
2005-05-11,2.641728,13.399108,0.046005633489472855,False,102159.39123995753,16604.207612157392,118763.59885211493,1,0.13980889576134384
2005-05-12,2.672346,13.570191,0.044809679862835516,False,102159.39123995753,16796.65271955264,118956.04395951018,1,0.14120049860829118
2005-05-13,2.927297,13.798762,0.04225051801861579,True,109673.74861382716,10877.231908376654,120550.98052220381,1,0.09022931096253688
2005-05-16,2.960049,13.939728,0.04224606718597182,True,109673.74861382716,10998.931585404014,120672.68019923118,2,0.09114682434536736
2005-05-17,3.029522,14.017743,0.04052980336050641,True,117257.4957410649,3665.740459164476,120923.23620022937,2,0.030314607633346837
2005-05-18,3.138873,14.166925,0.038899738709973014,True,121051.75353438235,0.0,121051.75353438235,2,0.0
2005-05-19,3.156931,14.336638,0.03269520506911672,True,121051.75353438235,0.0,121051.75353438235,3,0.0
2005-05-20,3.227618,14.317473,0.029983269347787375,True,121051.75353438235,0.0,121051.75353438235,3,0.0
2005-05-23,3.249693,14.432442,0.030007273248914924,True,121051.75353438235,0.0,121051.75353438235,3,0.0
2005-05-24,3.366107,14.495401,0.02996443068197322,True,121051.75353438235,0.0,121051.75353438235,4,0.0
2005-05-25,3.280991,14.487187,0.030248830381029164,True,92372.10534995388,28650.997187241228,121023.10253719511,4,0.2367398999578255
2005-05-26,3.44833,14.692492,0.028732682130068236,True,122454.2649893887,0.0,122454.2649893887,4,0.0
2005-05-27,3.404138,14.644589,0.029335503015842982,True,93253.12780332658,29171.965220841266,122425.09302416784,4,0.2382841989352824
2005-05-31,3.383177,14.696591,0.029489754991450137,True,93253.12780332658,28992.338671331796,122245.46647465837,4,0.23716493958769377
2005-06-01,3.459066,14.718494,0.028991047023162245,True,93253.12780332658,29642.674018678004,122895.80182200459,4,0.24120168125523764
2005-06-02,3.61116,14.86357,0.027423838714965763,True,124168.23444499807,0.0,124168.23444499807,4,0.0
2005-06-03,3.518052,14.910095,0.028974241718036493,True,95359.83346464767,28779.621358991422,124139.4548236391,4,0.23183299298259122
2005-06-06,3.446039,14.717127,0.029959680888700442,True,66383.26432156414,57138.136502101625,123521.40082366577,4,0.46257681762911473
2005-06-07,3.363486,14.777345,0.03106704942712449,True,37502.16324878527,84621.58927277391,122123.75252155919,4,0.6929167137886235
2005-06-08,3.440929,14.773238,0.02943293239804384,True,37502.16324878527,86569.96953600422,124072.13278478949,4,0.6977390296511223
2005-06-09,3.63653,14.832089,0.030786699448937464,True,128901.74662450988,0.0,128901.74662450988,4,0.0
2005-06-10,3.471444,14.843038,0.03381005831452292,True,100649.10381389628,28224.418392221378,128873.52220611766,4,0.21900866763833632
2005-06-13,3.454093,14.800609,0.028556443607936112,True,107679.93649081734,21045.47632422033,128725.41281503768,3,0.16349123194858228
2005-06-14,3.384924,14.728074,0.02924401686203948,True,78065.01492708833,50209.37208909679,128274.38701618512,4,0.3914216489903131
2005-06-15,3.407673,14.609004,0.028985852629309236,True,78065.01492708833,50546.813344987575,128611.8282720759,4,0.3930183873761342
2005-06-16,3.485735,14.784185,0.02843416584487063,True,78065.01492708833,51704.72531111121,129769.74023819953,4,0.3984343747333109
2005-06-17,3.485735,14.821139,0.028457825014553982,True,78065.01492708833,51704.72531111121,129769.74023819953,4,0.3984343747333109
2005-06-20,3.437417,14.711652,0.028455063329985052,True,48207.35589003233,80815.84428336291,129023.20017339525,4,0.6263667633011264
2005-06-21,3.504439,14.808823,0.02867610087254563,True,78806.66213669119,51761.63764266277,130568.29977935395,4,0.3964334201343989
2005-06-22,3.585907,14.89368,0.028095820600978965,True,131718.6421527604,0.0,131718.6421527604,4,0.0
2005-06-23,3.589844,15.13456,0.027279042452489802,True,131718.6421527604,0.0,131718.6421527604,4,0.0
2005-06-24,3.384861,14.815664,0.028569978068043775,True,103179.22079226866,28510.91045004169,131690.13124231037,4,0.21649997749323752
2005-06-27,3.225722,14.510455,0.030377980972581493,True,74324.97181825682,55995.89556651445,130320.86738477126,4,0.4296771245481895
2005-06-28,3.339443,14.55836,0.031482943537793594,True,104136.77768333936,28128.351600263224,132265.12928360258,4,0.21266642048903517
2005-06-29,3.296274,14.578885,0.031120989252726716,True,74228.71812243754,57642.91760733216,131871.6357297697,4,0.43711384399184644
2005-06-30,3.21627,14.533718,0.029557723389274027,True,44666.45677550172,85776.59263354629,130443.049409048,4,0.657578866962585
2005-07-01,3.241895,14.476238,0.029304723768177703,True,44666.45677550172,86460.000800844,131126.4575763457,4,0.6593635060300812
2005-07-05,3.379892,14.554259,0.030729628152232374,True,75670.57513684177,59105.17028550452,134775.74542234628,4,0.43854456230449224
2005-07-06,3.46878,14.796502,0.030778582540486526,True,107080.94853652084,29217.76579626035,136298.71433278118,4,0.2143656742419704
2005-07-07,3.511115,14.715753,0.0304831265433577,True,136625.7305111583,0.0,136625.7305111583,4,0.0
2005-07-08,3.736139,15.031914,0.03115415134752338,True,136625.7305111583,0.0,136625.7305111583,4,0.0
2005-07-11,3.990778,15.430186,0.03219551816593805,True,136625.7305111583,0.0,136625.7305111583,4,0.0
2005-07-12,4.092099,15.595796,0.03230880608067878,True,136625.7305111583,0.0,136625.7305111583,4,0.0
2005-07-13,4.126438,15.646436,0.031596632322708845,True,136625.7305111583,0.0,136625.7305111583,4,0.0
2005-07-14,4.25377,15.875001,0.03191268080937437,True,136625.7305111583,0.0,136625.7305111583,4,0.0
2005-07-15,4.216336,15.7573,0.03208858391603854,True,106588.7737487337,30006.94981261198,136595.7235613457,4,0.21967708087973734
2005-07-18,4.150668,15.720355,0.03252258185668106,True,76755.93148767258,59342.6409909617,136098.57247863428,4,0.43602691718370323
2005-07-19,4.404121,15.92154,0.03392580768175583,True,139659.256738541,0.0,139659.256738541,4,0.0
2005-07-20,4.532519,16.017334,0.0340920788147219,True,139659.256738541,0.0,139659.256738541,4,0.0
2005-07-21,4.312097,16.126832,0.03674147295443122,True,110813.78125160282,28816.658828110078,139630.4400797129,4,0.20637805632968775
2005-07-22,4.396478,16.065248,0.03675615344458259,True,110813.78125160282,29380.555811080256,140194.33706268307,4,0.20957020395156012
2005-07-25,4.369484,16.095354,0.03328093672620655,True,110813.78125160282,29200.161703896214,140013.94295549905,4,0.20855181339459147
2005-07-26,4.555402,16.163784,0.030577890347883045,True,141225.94354610395,0.0,141225.94354610395,4,0.0
2005-07-27,4.451787,16.048824,0.031554377908220556,True,111621.9104618791,29574.45862559924,141196.36908747835,4,0.20945622622403523
2005-07-28,4.51981,16.118622,0.030889287146711693,True,111621.9104618791,30026.35432480702,141648.2647866861,4,0.2119782714601194
2005-07-29,4.437357,16.09536,0.030493948815438366,True,81878.95017731548,59191.84316162483,141070.7933389403,4,0.41958963836978636
2005-08-01,4.459982,16.118627,0.030540690730469222,True,81878.95017731548,59493.6479187205,141372.59809603597,4,0.4208287088160168
2005-08-02,4.746014,16.334873,0.03176731219244097,True,145124.79472273853,0.0,145124.79472273853,4,0.0
2005-08-03,4.677422,16.395091,0.0324487095593719,True,128176.050504186,16931.812406146386,145107.8629103324,2,0.11668432066020565
2005-08-04,4.375277,16.156948,0.037250991272072355,True,112019.0200456271,31978.96648164113,143997.98652726822,2,0.2220792613345703
2005-08-05,4.308103,15.985865,0.03565327702437176,True,94990.60449099622,48499.39483917453,143489.99933017074,2,0.33799843240348293
2005-08-08,4.22389,15.957123,0.03328334681554076,True,69240.05101301905,73276.1775532981,142516.22856631715,3,0.5141602348759914
2005-08-09,4.394478,16.021449,0.03394563478565002,True,95977.05087799844,49471.77995374438,145448.83083174282,3,0.34013185029293225
2005-08-10,4.210372,16.009126,0.03545900264491774,True,70747.0482531407,72603.96494253489,143351.0131956756,3,0.5064768174566701
2005-08-11,4.349994,15.916063,0.035559737999142096,True,96761.63285504235,48970.99176924046,145732.62462428282,4,0.3360331421704226
2005-08-12,4.11816,15.780573,0.037657789150764925,True,63331.05641655421,79758.24997896218,143089.30639551638,4,0.5574018910854218
2005-08-15,4.279302,15.851738,0.03849274539809618,True,98000.35032023414,48175.16139564659,146175.5117158807,4,0.3295706704231279
2005-08-16,4.02144,15.753194,0.038481076973766175,True,64715.37465141044,78523.94849058955,143239.323142,4,0.5482010579786459
2005-08-17,4.190523,15.807935,0.03914272228871523,True,99330.53038335837,47175.71273473317,146506.24311809154,4,0.32200479468105075
2005-08-18,4.075418,15.858589,0.03807864187981872,True,64878.54608133498,80297.46020967324,145176.0062910082,4,0.5531042095807166
2005-08-19,4.077541,15.766878,0.03773184027749281,True,64878.54608133498,80339.28941787353,145217.8354992085,4,0.5532329354840949
2005-08-22,4.256678,15.857207,0.039142215265391925,True,100790.93461092806,47920.46685634669,148711.40146727476,4,0.32223801526671786
2005-08-23,4.217184,15.901005,0.03783438475500955,True,100790.93461092806,47475.85466862083,148266.7892795489,4,0.32020558952758943
2005-08-24,4.125604,15.917432,0.03780705421926349,True,66146.79949076042,81054.39874316718,147201.1982339276,4,0.5506368135289091
2005-08-25,4.202953,15.84215,0.0379046827094084,True,66146.79949076042,82574.04936605423,148720.84885681464,4,0.5552284699877877
2005-08-26,4.089839,15.765514,0.03813787593839018,True,39938.32766485093,106534.02496744118,146472.3526322921,4,0.7273319712074734
2005-08-29,4.232956,15.80247,0.03906046371027334,True,67009.72365553444,83163.50853990881,150173.23219544324,4,0.5537838356683666
2005-08-30,4.283212,15.847628,0.036182418796028064,True,102905.48471394953,48219.179060456634,151124.66377440616,4,0.3190688922387719
2005-08-31,4.417562,16.007755,0.03697731424777571,True,102905.48471394953,49731.65304184545,152637.13775579497,4,0.3258162054991584
2005-09-01,4.289428,16.029666,0.03443531490249619,True,68526.70527804806,82633.59201646187,151160.29729450995,4,0.5466620104316444
2005-09-02,4.243134,15.95712,0.03434843008495462,True,40885.37627864584,109355.47754873193,150240.85382737778,4,0.7278677853786566
2005-09-06,4.446647,16.111777,0.03561563514782164,True,122903.14858431256,32500.610902736007,155403.75948704855,4,0.2091365808009595
2005-09-07,4.45568,16.161054,0.0345345513938185,True,138228.0573431797,17226.384229956275,155454.441573136,3,0.11081307202053697
2005-09-08,4.645539,16.318448,0.034101620901200815,True,147301.0812527837,8878.304015901233,156179.38526868494,4,0.05684683673602213
2005-09-09,4.698984,16.440262,0.03351980815766275,True,147301.0812527837,8980.445222364002,156281.52647514772,4,0.057463255094274336
2005-09-12,4.67323,16.467637,0.030674018975216988,True,137628.79945941252,18593.844738384505,156222.64419779702,4,0.11902144425901803
2005-09-13,4.799195,16.544279,0.030134122023788807,True,137628.79945941252,19095.03420529938,156723.8336647119,4,0.12183873861936313
2005-09-14,4.718473,16.590814,0.02621588446492312,True,101221.88272754329,55144.40374549964,156366.2864730429,4,0.3526617213295935
2005-09-15,4.57762,16.411519,0.02632548726838502,True,65332.87384633399,89351.42210816185,154684.29595449584,4,0.5776373196568496
2005-09-16,4.623625,16.325291,0.0252208856926089,True,65332.87384633399,90249.4023192947,155582.2761656287,4,0.5800750865941673
2005-09-19,4.424478,16.251385,0.027612774193598436,True,29942.36623351028,121717.36718903802,151659.7334225483,4,0.8025687797427017
2005-09-20,4.336797,16.206219,0.0265121065363699,True,8262.743433477859,140963.22816192606,149225.9715954039,4,0.9446293205858253
2005-09-21,4.157109,15.880473,0.02815914020006769,True,1760.9591280239747,141617.93931826073,143378.8984462847,4,0.9877181429965882
2005-09-22,4.098888,15.718967,0.027901034351188073,True,1760.9591280239747,139634.55662489173,141395.5157529157,4,0.9875458629741752
2005-09-23,4.199285,15.80657,0.028128933003340843,True,1760.9591280239747,143054.7258467561,144815.68497478007,4,0.9878399972466336
2005-09-26,4.233811,16.003439,0.02743072041335961,True,1760.9591280239747,144230.90404485058,145991.86317287455,4,0.9879379638717347
2005-09-27,4.091886,15.806257,0.027413414137651946,True,1760.9591280239747,139396.02335306592,141156.9824810899,4,0.9875248174261597
2005-09-28,4.083357,15.784356,0.027228796314471393,True,1760.9591280239747,139105.47061450523,140866.4297425292,4,0.9874990859692931
2005-09-29,4.275162,15.847344,0.028377529242558854,True,1760.9591280239747,145639.58575340075,147400.54488142472,4,0.9880532386807622
2005-09-30,4.468484,16.167762,0.029343795156802303,True,31029.069390553268,122927.97202434759,153957.04141490086,4,0.7984563154410547
2005-10-03,4.595165,16.444369,0.0297267070929544,True,67711.42974953119,89693.88624911015,157405.31599864134,4,0.5698275542986385
2005-10-04,4.410801,16.332079,0.029545887561324653,True,32171.18617980939,121599.98963504296,153771.17581485235,4,0.7907853275535527
2005-10-05,4.191086,16.034936,0.03163013049820568,True,10766.85645756287,136925.68247349362,147692.5389310565,4,0.9270995235406652
2005-10-06,4.019954,15.739169,0.030904815617125582,True,2253.1700577341967,139839.86272169795,142093.03277943213,4,0.9841429941098397
2005-10-07,4.087349,15.759689,0.0310909579246212,True,2253.1700577341967,142184.2944112468,144437.464468981,4,0.9844003765503785
2005-10-10,3.716747,15.463921,0.03679273623181385,True,2253.1700577341967,129292.37256229363,131545.54262002782,4,0.9828715590596443
2005-10-11,3.519023,15.161294,0.036856870898950046,True,2253.1700577341967,122414.25977374308,124667.42983147728,4,0.9819265540263404
2005-10-12,3.495929,14.938103,0.036908413721128956,True,2253.1700577341967,121610.90187718633,123864.07193492053,4,0.9818093332268454
2005-10-13,3.676092,15.088729,0.03945712440562471,True,2253.1700577341967,127878.13010604898,130131.30016378318,4,0.982685410390134
2005-10-14,3.66024,15.222922,0.039185620688551415,True,2253.1700577341967,127326.69556130932,129579.86561904351,4,0.9826117271616999
2005-10-17,3.679992,15.206484,0.038592151615786344,True,2253.1700577341967,128013.7971969198,130266.967254654,4,0.982703442743627
2005-10-18,3.600684,15.15719,0.03862025968228772,True,2253.1700577341967,125254.95472441084,127508.12478214504,4,0.9823292040284972
2005-10-19,3.643673,14.99287,0.0380790495121053,True,2253.1700577341967,126750.38871657668,129003.55877431088,4,0.9825340472841058
2005-10-20,3.663363,15.296855,0.03812608044443451,True,2253.1700577341967,127435.33359330667,129688.50365104087,4,0.9826262930460135
2005-10-21,3.77011,15.400937,0.03832518550365737,True,2253.1700577341967,131148.68101617595,133401.85107391013,4,0.983109904101062
2005-10-24,3.899047,15.418736,0.03921148983946515,True,2253.1700577341967,135633.9393996668,137887.10945740098,4,0.9836593132846092
2005-10-25,3.721872,15.362584,0.03980448546212857,True,2253.1700577341967,129470.65303427137,131723.82309200556,4,0.9828947414002673
2005-10-26,3.713893,15.384502,0.03980427876625561,True,2253.1700577341967,129193.09208092304,131446.26213865724,4,0.9828586220629277
2005-10-27,3.474627,15.113369,0.04021731521052354,True,2253.1700577341967,120869.88126956306,123123.05132729726,4,0.981699852030595
2005-10-28,3.465096,14.775145,0.03818132155571617,False,2253.1700577341967,120538.33177133485,122791.50182906905,4,0.9816504397766003
2005-10-31,3.687733,15.250309,0.04078731907520262,True,97444.90697518986,32996.05503768461,130440.96201287447,1,0.25295777130521246
2005-11-01,3.568774,15.140761,0.04051189505242375,True,97444.90697518986,31931.667320019602,129376.57429520946,1,0.24681181654383907
2005-11-02,3.945042,15.426946,0.04627176010669739,True,97444.90697518986,35298.33178214837,132743.23875733823,1,0.2659143479742544
2005-11-03,4.164595,15.950034,0.04701411521310328,True,102174.57750330263,32528.38112811049,134702.95863141312,1,0.2414823063917824
2005-11-04,4.211823,15.911693,0.04694028944960415,True,135038.9448678011,0.0,135038.9448678011,0,0.0
2005-11-07,4.229129,16.004812,0.04107644129579861,True,135038.9448678011,0.0,135038.9448678011,0,0.0
2005-11-08,4.21395,16.002076,0.03858883595311343,True,135038.9448678011,0.0,135038.9448678011,0,0.0
2005-11-09,4.40651,16.110255,0.03919634458016543,True,135038.9448678011,0.0,135038.9448678011,0,0.0
2005-11-10,4.504557,16.260873,0.038226306649291664,True,135038.9448678011,0.0,135038.9448678011,0,0.0
2005-11-11,4.468385,16.41425,0.03830996870143376,True,135038.9448678011,0.0,135038.9448678011,0,0.0
2005-11-14,4.513358,16.362202,0.038294738336201034,True,135038.9448678011,0.0,135038.9448678011,0,0.0
2005-11-15,4.413737,16.345776,0.03831835173060596,True,135038.9448678011,0.0,135038.9448678011,0,0.0
2005-11-16,4.407045,16.219796,0.03840411196224801,True,135038.9448678011,0.0,135038.9448678011,0,0.0
2005-11-17,4.556351,16.308806,0.038752543568310927,True,135038.9448678011,0.0,135038.9448678011,0,0.0
2005-11-18,4.797825,16.683991,0.039635843144439735,True,135038.9448678011,0.0,135038.9448678011,0,0.0
2005-11-21,4.73183,16.671676,0.03969741016666619,True,135038.9448678011,0.0,135038.9448678011,0,0.0
2005-11-22,4.928021,16.796291,0.03794955960400924,True,135038.9448678011,0.0,135038.9448678011,0,0.0
2005-11-23,4.964,16.998943,0.03779629787648165,True,135038.9448678011,0.0,135038.9448678011,0,0.0
2005-11-25,5.060444,17.014014,0.03262180231881097,True,135038.9448678011,0.0,135038.9448678011,0,0.0
2005-11-28,4.887071,16.970198,0.03447579832590792,True,135038.9448678011,0.0,135038.9448678011,0,0.0
2005-11-29,4.813117,16.872971,0.03348437822083758,True,126718.46596100461,8312.166740056426,135030.63270106103,1,0.06155763750628646
2005-11-30,4.978406,16.922266,0.03193226211209974,True,135307.48622187207,0.0,135307.48622187207,1,0.0
2005-12-01,5.485508,17.346765,0.03149135578208193,True,135307.48622187207,0.0,135307.48622187207,1,0.0
2005-12-02,5.472635,17.595978,0.030450853035361908,True,126862.16476821361,8436.88456908936,135299.04933730297,2,0.062357308572479724
2005-12-05,5.251673,17.337172,0.032835465835588315,True,110507.08715989106,24434.977499583423,134942.06465947448,2,0.18107754287919745
2005-12-06,5.404126,17.500124,0.03302014010690263,True,110507.08715989106,25144.310625378566,135651.39778526963,2,0.18535976065046478
2005-12-07,5.195259,17.290613,0.03484629649388496,True,85953.12837755647,48701.9238646369,134655.05224219337,3,0.361679142770229
2005-12-08,4.979456,17.100286,0.03577608026721227,True,61394.02675979815,71213.48854419029,132607.51530398845,3,0.5370245297254913
2005-12-09,5.184377,17.06741,0.03643308026535735,True,86912.72773386515,48599.91271649298,135512.64045035813,3,0.35863748617824637
2005-12-12,5.303237,17.297461,0.03641115853729736,True,86912.72773386515,49714.142184273274,136626.86991813843,4,0.3638679727791472
2005-12-13,5.318327,17.365935,0.03643144699043159,True,86912.72773386515,49855.60039282792,136768.32812669306,4,0.36452591821291414
2005-12-14,5.275505,17.308416,0.03593941124156087,True,78587.00934054055,57771.575049392995,136358.58438993356,4,0.423673913218315
2005-12-15,5.210385,17.286516,0.036187868422584785,True,44908.01995396739,90703.79589950574,135611.81585347315,4,0.6688487675551078
2005-12-16,5.130886,17.198877,0.03605903114716615,True,19738.216460048283,114464.51457081785,134202.73103086613,4,0.8529223935427322
2005-12-19,4.821058,16.961973,0.03743167045336403,True,3733.180616434018,123541.63394994423,127274.81456637825,4,0.9706683476290823
2005-12-20,4.846994,16.829147,0.0372972901674269,True,3733.180616434018,124206.25483152783,127939.43544796185,4,0.9708207199495384
2005-12-21,4.884863,16.905838,0.03617636020615416,True,3733.180616434018,125176.66384466364,128909.84446109766,4,0.9710403760702649
2005-12-22,5.065633,17.012643,0.037075105999154825,True,20516.56062335579,113008.79075054791,133525.3513739037,4,0.8463470763248218
2005-12-23,5.111926,17.168746,0.036881468030649484,True,20516.56062335579,114041.5374872766,134558.0981106324,4,0.8475263777399167
2005-12-27,4.950136,17.103018,0.036749909387025215,True,4018.7650350734384,126913.49193290196,130932.2569679754,4,0.9693065320331538
2005-12-28,4.959732,16.904462,0.03655925412757595,True,4018.7650350734384,127159.51787412622,131178.28290919965,4,0.9693640978830682
2005-12-29,4.827608,16.918153,0.03626052260469868,True,4018.7650350734384,123772.07191140059,127790.83694647402,4,0.968552009431187
2005-12-30,4.728536,16.657993,0.028048299371476352,True,4018.7650350734384,121232.0258454387,125250.79088051213,4,0.9679142542189032
2006-01-03,5.11475,16.956496,0.03401238889914192,True,21031.126792568826,114104.5378714496,135135.66466401843,4,0.8443702715722193
2006-01-04,5.337702,17.353607,0.03427244064225575,True,47163.159556031576,92920.16478252252,140083.3243385541,4,0.6633206716165058
2006-01-05,5.672879,17.697307,0.03634841969994607,True,145819.42148669768,0.0,145819.42148669768,4,0.0
2006-01-06,6.061155,18.030054,0.03760027289469167,True,145819.42148669768,0.0,145819.42148669768,4,0.0
2006-01-09,6.258476,18.297076,0.03602857878436733,True,145819.42148669768,0.0,145819.42148669768,4,0.0
2006-01-10,6.280872,18.261474,0.035409045096801754,True,145819.42148669768,0.0,145819.42148669768,4,0.0
2006-01-11,6.505361,18.510699,0.03575871358655537,True,145819.42148669768,0.0,145819.42148669768,4,0.0
2006-01-12,6.298573,18.555892,0.03698275119564938,True,112804.96541487917,32981.4745972213,145786.44001210047,4,0.22623142861903886
2006-01-13,6.149609,18.257375,0.0375218038507421,True,79502.59423800294,65470.55040545401,144973.14464345697,4,0.4516046786904603
2006-01-17,5.861951,17.962967,0.039317615869281286,True,46984.69056326032,94893.47678830524,141878.16735156556,4,0.6688377680631081
2006-01-18,5.698577,17.687735,0.03978743958534172,True,13806.729605296081,125393.58865388711,139200.3182591832,4,0.9008139508733829
2006-01-19,6.176885,18.34638,0.039851151762318765,True,83894.08752471747,65760.93874280347,149655.02626752094,4,0.4394168400682398
2006-01-20,5.484106,17.861643,0.04952674352650745,True,53588.60555036788,88660.6160353668,142249.2215857347,4,0.6232766341145168
2006-01-23,5.553102,17.669921,0.04954605023744495,True,53588.60555036788,89776.06272147683,143364.6682718447,4,0.626207724704148
2006-01-24,5.723207,17.895868,0.04936891462754458,True,85152.18291801432,60930.949004131355,146083.13192214567,4,0.4170977730447635
2006-01-25,5.738981,17.831508,0.049369044125514905,True,85152.18291801432,61098.883658529005,146251.06657654332,4,0.4177670979688324
2006-01-26,6.105133,18.158782,0.05003681806552415,True,85152.18291801432,64997.04579730202,150149.22871531633,4,0.43288298150726257
2006-01-27,6.27251,18.549043,0.050125963880325954,True,85152.18291801432,66778.99068440194,151931.17360241627,4,0.4395344885517287
2006-01-30,6.261336,18.442234,0.04941223560562597,True,85152.18291801432,66660.02898614918,151812.2119041635,4,0.4390953016891061
2006-01-31,6.012996,18.261475,0.050310315801069795,True,55227.29266551249,93911.12338925971,149138.4160547722,4,0.629691033829742
2006-02-01,6.194935,18.227243,0.048050147422241604,True,85996.04004061378,65953.10436419799,151949.14440481178,4,0.43404722430348514
2006-02-02,5.91796,18.277906,0.04890504020729448,True,55395.0107545884,93574.8056852603,148969.8164398487,4,0.6281460763096536
2006-02-03,5.729955,18.004049,0.04774002529846695,True,24915.0690198596,121051.56216358849,145966.63118344807,4,0.8293098304875804
2006-02-06,5.940224,18.024583,0.04599982507581581,True,56450.38261342611,93926.84413664839,150377.2267500745,4,0.6246081681819674
2006-02-07,5.980596,18.125907,0.04538746756920226,True,56450.38261342611,94565.2063518586,151015.5889652847,4,0.626194997481996
2006-02-08,6.294281,18.368288,0.04692880723032133,True,88932.29176778984,67010.77116879975,155943.0629365896,4,0.429713062619836
2006-02-09,6.22435,18.553142,0.046247755706712815,True,88932.29176778984,66266.2651261548,155198.55689394462,4,0.4269773279621282
2006-02-10,6.096647,18.173841,0.04592262993222077,True,56348.5121397311,97457.92973916864,153806.44187889976,4,0.6336401034223431
2006-02-13,5.869385,18.076612,0.04638710405608056,True,24098.349543026983,126042.97846853026,150141.32801155723,4,0.8394955615340502
2006-02-14,6.045554,18.099898,0.04560949658740163,True,57250.12759793886,96641.18276264805,153891.3103605869,4,0.6279833639482663
2006-02-15,6.094543,18.232716,0.04508027029069509,True,57250.12759793886,97424.29625437426,154674.42385231314,4,0.6298668766815471
2006-02-16,6.283383,18.420325,0.041838404093154306,True,90764.82892809289,66894.74784791566,157659.57677600853,4,0.42429866434916885
2006-02-17,5.967822,18.284766,0.03357587417526268,True,58329.43181883669,95938.18652522395,154267.61834406064,4,0.6218945204122781
2006-02-21,5.625223,17.97528,0.036351645589644314,True,26206.14900859569,122521.78646880054,148727.93547739624,4,0.8237980717981624
2006-02-22,5.780769,17.846575,0.036233394537029937,True,26206.14900859569,125909.7008320313,152115.849840627,4,0.8277224297398852
2006-02-23,5.593357,17.89998,0.03698854002019924,True,592.2031690467866,147416.0773782862,148008.28054733298,4,0.9959988510990275
2006-02-24,5.626915,17.817811,0.033954943645268264,True,592.2031690467866,148300.5173889382,148892.72055798498,4,0.9960226183870677
2006-02-27,5.699504,17.894501,0.03341321219027308,True,38421.37267727895,112346.60486624896,150767.9775435279,3,0.745162246630347
2006-02-28,5.584469,17.872593,0.03358368823929068,True,29179.322323286142,119311.89321230754,148491.21553559368,4,0.8034946227759056
2006-03-01,6.231792,18.261468,0.0413015994125826,True,112478.73423236643,49759.121139121016,162237.85537148744,4,0.3067047516449478
2006-03-02,6.262284,18.505222,0.0407843486070663,True,162431.3228963359,0.0,162431.3228963359,1,0.0
2006-03-03,6.037111,18.428542,0.04028757684260892,True,143447.65745929405,18964.70073630556,162412.3581955996,2,0.11676882810522106
2006-03-06,5.86622,18.21629,0.04014003792845961,True,124214.04619242989,37642.26853797085,161856.31473040074,2,0.2325659558026541
2006-03-07,5.395264,17.734294,0.043457723804246055,True,106010.08762879911,52806.018250649955,158816.10587944905,2,0.33249787833692945
2006-03-08,5.332392,17.493279,0.04339497116713164,True,76610.92516075632,81560.45271936525,158171.37788012158,3,0.5156460910467637
2006-03-09,5.115349,17.549435,0.04192732661869154,True,66974.79604658995,87867.22089662318,154842.01694321312,3,0.5674636809261383
2006-03-10,5.064384,17.335804,0.041926959940399244,True,66974.79604658995,86991.78641248606,153966.58245907602,3,0.5650043342074459
2006-03-13,5.001725,17.312528,0.04185949659422209,True,47544.52192690477,105326.3453553359,152870.86728224065,4,0.6889889959273613
2006-03-14,5.348291,17.417965,0.04464144860509009,True,78334.40236836846,81803.63244767202,160138.03481604048,4,0.5108319990416045
2006-03-15,5.533146,17.730173,0.04482970215037625,True,108779.43407490393,54155.53505065013,162934.96912555405,4,0.33237515151777564
2006-03-16,5.096253,17.567225,0.047945464240373756,True,72299.64994961277,86322.79597482352,158622.44592443627,4,0.5442029056590485
2006-03-17,5.101085,17.285141,0.0471133578570236,True,72299.64994961277,86404.64272578942,158704.2926754022,4,0.5444379686850235
2006-03-20,5.127686,17.379624,0.046207422483895186,True,72299.64994961277,86855.22331818276,159154.87326779554,4,0.5457277024250418
2006-03-21,5.13012,17.553537,0.044602881289358604,True,72299.64994961277,86896.45158636387,159196.10153597663,4,0.545845348899616
2006-03-22,5.132538,17.3358,0.04399298715269128,True,72299.64994961277,86937.4088388133,159237.05878842605,4,0.545962161699587
2006-03-23,5.268524,17.502865,0.044068274684420254,True,109937.22660598929,51565.55351100286,161502.78011699213,4,0.3192858567118716
2006-03-24,5.451361,17.611042,0.04481250183202072,True,109937.22660598929,53355.0663057232,163292.2929117125,4,0.3267457719793963
2006-03-27,5.428619,17.757563,0.04468598109237079,True,109937.22660598929,53132.47952089557,163069.70612688485,4,0.32582679384700114
2006-03-28,5.138792,17.556273,0.046059001195399046,True,72446.44759943945,87749.13032329129,160195.57792273074,4,0.5477625004456521
2006-03-29,5.566282,17.611046,0.0425331583414276,True,131718.36147464425,35717.631081356216,167435.99255600048,4,0.21332110579157665
2006-03-30,5.650758,17.999935,0.04272628517806246,True,131718.36147464425,36259.69535392246,167978.0568285667,4,0.21585971428951584
2006-03-31,5.555082,17.917772,0.04218849821373993,True,92802.78008215425,74522.46778472801,167325.24786688224,4,0.44537491343814006
2006-04-03,5.67268,18.023214,0.04212871171961807,True,92802.78008215425,76100.06702926634,168902.8471114206,4,0.4505552649391707
2006-04-04,5.727119,18.061557,0.037477884679819544,True,132843.38840455635,36749.68742169831,169593.07582625467,4,0.21669332455145612
2006-04-05,6.076693,18.262849,0.03932637852948027,True,152727.27120611447,19089.041796879803,171816.31300299428,4,0.11110145167966172
2006-04-06,6.272015,18.550409,0.03799909176814871,True,172410.1858653167,0.0,172410.1858653167,4,0.0
2006-04-07,5.953432,18.4751,0.0402765507740289,True,134879.72315545095,37492.96974012561,172372.69289557656,4,0.2175110750450413
2006-04-10,5.731421,18.1136,0.041353295567807216,True,96793.7589319173,74142.72584245256,170936.48477436986,4,0.43374429947075577
2006-04-11,5.561917,17.964331,0.039573636455428426,True,58392.195991772714,110313.19037788767,168705.38636966038,4,0.6538806658856399
2006-04-12,5.707593,18.008154,0.039268144135794866,True,58392.195991772714,113202.47914675804,171594.67513853076,4,0.6597085781092455
2006-04-13,5.782984,18.166991,0.03399216422846847,True,98240.3124806153,74809.75438085767,173050.06686147297,4,0.43230121627599877
2006-04-17,5.552182,18.020465,0.03557928060195026,True,60317.801489322526,109708.68323553639,170026.48472485892,4,0.6452446712232491
2006-04-18,6.077887,18.216284,0.040472772558456806,True,142055.61466549136,38276.750851425335,180332.3655169167,4,0.21225668915120316
2006-04-19,6.283711,18.517546,0.0407945929085314,True,181589.0117702732,0.0,181589.0117702732,4,0.0
2006-04-20,6.372308,18.798263,0.040737932572016675,True,181589.0117702732,0.0,181589.0117702732,4,0.0
2006-04-21,5.939153,18.466871,0.044382596931569346,True,144712.47974632384,36839.69233161777,181552.1720779416,4,0.20291518360795066
2006-04-24,5.891191,18.183424,0.04397676176281632,True,144712.47974632384,36542.19110145767,181254.6708477815,4,0.20160689338674184
2006-04-25,5.952156,18.302559,0.04395624197455419,True,144712.47974632384,36920.348027705746,181632.82777402957,4,0.20326913631294977
2006-04-26,5.861423,18.28613,0.041986663811565454,True,105717.64422899237,75313.42421441506,181031.06844340742,4,0.4160248561862683
2006-04-27,6.075372,18.275168,0.03898524934924988,True,146055.08258241418,37684.638749014426,183739.72133142862,4,0.2050979422192499
2006-04-28,5.896846,18.39841,0.0396245067009294,True,107669.03007017133,74924.97304196835,182594.00311213968,4,0.4103364391214609
2006-05-01,5.732454,18.223132,0.03998762939544877,True,69216.699717933,111250.13454533488,180466.83426326787,4,0.6164575058874332
2006-05-02,5.880752,18.251889,0.040117728740239,True,69216.699717933,114128.16417327504,183344.86389120805,4,0.6224781090186178
2006-05-03,6.039523,18.30666,0.040471911756985814,True,109647.85365345054,76737.81848149803,186385.67213494857,4,0.4117152225410205
2006-05-04,6.24153,18.602439,0.038932376234031174,True,188873.05650318513,0.0,188873.05650318513,4,0.0
2006-05-05,6.379181,18.731166,0.03859049438341466,True,188873.05650318513,0.0,188873.05650318513,4,0.0
2006-05-08,6.337284,18.803739,0.03659188212387085,True,177134.32808496908,11727.001416799238,188861.3295017683,4,0.06209318470719247
2006-05-09,6.156528,18.584636,0.036108478900141856,True,136399.70104061154,52086.44961809117,188486.1506587027,4,0.276340990762794
2006-05-10,5.769241,18.325828,0.03858128754838541,True,97111.98573673844,88058.3286099584,185170.31434669683,4,0.47555316261485425
2006-05-11,5.317632,17.872589,0.042348288552476236,True,58444.354855680605,119794.23420052389,178238.58905620448,4,0.6721004403976113
2006-05-12,5.176795,17.631575,0.04246347238275936,True,29191.299493794486,145845.32633069193,175036.6258244864,4,0.8332274782132436
2006-05-15,5.033628,17.385097,0.0420024338421178,True,5024.178104447097,165954.87520949772,170979.0533139448,4,0.9706152420014755
2006-05-16,4.959808,17.331701,0.03551751758004989,True,5024.178104447097,163521.0861237796,168545.26422822668,4,0.9701909268857067
2006-05-17,4.71221,17.092067,0.03509874425324595,True,5024.178104447097,155357.96894624457,160382.14705069165,4,0.9686737071623122
2006-05-18,4.486652,16.952381,0.03524575569398349,False,5024.178104447097,147921.49375528813,152945.67185973522,4,0.9671505702426499
2006-05-19,4.744568,16.953754,0.03656650602655672,False,121042.71273030018,40290.11822649146,161332.83095679164,1,0.24973291541187925
2006-05-22,4.392332,16.649767,0.03940440659921193,False,121042.71273030018,37298.98603413455,158341.69876443472,1,0.23556009772021158
2006-05-23,4.214297,16.67031,0.039374674348919725,False,121042.71273030018,35787.1410782917,156829.85380859187,1,0.22819087188571438
2006-05-24,4.294537,16.437517,0.0401967116469338,False,121042.71273030018,36468.526419695525,157511.2391499957,1,0.23152967760584417
2006-05-25,4.333034,16.519685,0.03881148669861742,False,121042.71273030018,36795.436832058724,157838.1495623589,1,0.23312131404278488
2006-05-26,4.421234,16.630607,0.039537448809399175,False,121042.71273030018,37544.417229763334,158587.1299600635,1,0.23674315336445037
2006-05-30,4.11819,16.440255,0.04143564830743705,False,121042.71273030018,34971.015691872235,156013.72842217243,1,0.2241534514016666
2006-05-31,4.31561,16.479962,0.04282329459047865,False,121042.71273030018,36647.474990226474,157690.18772052665,1,0.2324017462340559
2006-06-01,4.615709,16.752468,0.045783332235828866,False,121042.71273030018,39195.86805565452,160238.5807859547,1,0.24460943090860263
2006-06-02,4.588822,16.926376,0.04452153845625849,False,121042.71273030018,38967.547920132034,160010.2606504322,1,0.2435315570497246
2006-06-05,4.18038,16.614164,0.04683415776963576,False,121042.71273030018,35499.12329882518,156541.83602912535,1,0.2267708377472997
2006-06-06,4.119615,16.310176,0.04673706740694989,False,121042.71273030018,34983.11656564467,156025.82929594483,1,0.2242136236256742
2006-06-07,3.847788,16.166396,0.04787812648080912,False,121042.71273030018,32674.804835861796,153717.517566162,1,0.21256396377724576
2006-06-08,3.78041,15.725469,0.04687959387738048,False,121042.71273030018,32102.641556535935,153145.3542868361,1,0.20962203983288166
2006-06-09,3.719696,15.944558,0.04467540709167617,False,121042.71273030018,31587.067907258865,152629.78063755904,1,0.2069521935713635
2006-06-12,3.400041,15.580324,0.04747562931951801,False,121042.71273030018,28872.608394466737,149915.32112476692,1,0.1925927795627875
2006-06-13,3.372692,15.429692,0.04753005678879706,False,121042.71273030018,28640.3650282896,149683.0777585898,1,0.19134003293599453
2006-06-14,3.535886,15.470772,0.04985712734712075,False,121042.71273030018,30026.182568232976,151068.89529853314,1,0.1987582057106929
2006-06-15,3.945598,15.974686,0.05655745630033643,False,121042.71273030018,33505.39182791948,154548.10455821967,1,0.2167958767510972
2006-06-16,3.810929,15.948667,0.05611093266406835,False,121042.71273030018,32361.804059455964,153404.51678975613,1,0.21095730905895324
2006-06-19,3.710784,15.887053,0.05415269933572506,False,121042.71273030018,31511.388618093973,152554.10134839415,1,0.20655877711298043
2006-06-20,3.643263,15.781608,0.052000075209583954,False,121042.71273030018,30938.01100547025,151980.7237357704,1,0.20356536174454756
2006-06-21,3.885257,15.988376,0.053908991118457095,False,121042.71273030018,32992.985635426354,154035.69836572654,1,0.21419051548097115
2006-06-22,3.69838,15.866502,0.054534044927633946,False,121042.71273030018,31406.055819305675,152448.76854960585,1,0.2060105576325882
2006-06-23,3.632375,15.736929,0.05444029171494595,False,121042.71273030018,30845.551838007577,151888.26456830776,1,0.2030805469117438
2006-06-26,3.687516,15.782143,0.05430960294763248,False,121042.71273030018,31313.800456032855,152356.51318633303,1,0.20552977881382642
2006-06-27,3.418637,15.567022,0.05460146125333599,False,121042.71273030018,29030.522674236745,150073.2354045369,1,0.1934423722923156
2006-06-28,3.400387,15.255983,0.05300130241049987,False,121042.71273030018,28875.546571537096,149918.25930183727,1,0.19260860355509224
2006-06-29,3.740425,15.647864,0.05552055218575301,False,121042.71273030018,31763.095284401938,152805.8080147021,1,0.2078657591427799
2006-06-30,3.736551,15.853392,0.05555222419528198,False,121042.71273030018,31730.19789142339,152772.91062172357,1,0.20769518471759424
2006-07-03,3.829405,15.976718,0.05245222222124615,False,121042.71273030018,32518.69931827672,153561.4120485769,1,0.2117634820132411
2006-07-05,3.518751,15.705412,0.055421147661604483,False,121042.71273030018,29880.674868520182,150923.38759882035,1,0.1979857154276713
2006-07-06,3.509462,15.634155,0.053570002872453296,False,121042.71273030018,29801.79415520637,150844.50688550656,1,0.19756632024941034
2006-07-07,3.340786,15.33956,0.054434240244241004,False,121042.71273030018,28369.424341564398,149412.13707186456,1,0.1898736267182847
2006-07-10,3.086154,15.151849,0.05682055136493529,False,121042.71273030018,26207.12982196894,147249.8425522691,1,0.17797730284612173
2006-07-11,3.312223,15.073753,0.056183741159625454,False,121042.71273030018,28126.87188011727,149169.58461041746,1,0.18855634648025285
2006-07-12,3.057568,15.084707,0.058876997748206816,False,121042.71273030018,25964.382048173204,147007.09477847337,1,0.17661992495871862
2006-07-13,2.924284,14.857245,0.05817167280986316,False,121042.71273030018,24832.555479832383,145875.26821013255,1,0.1702314297997466
2006-07-14,2.876804,14.635274,0.05096737125719197,False,121042.71273030018,24429.362857575976,145472.07558787614,1,0.16793163058169738
2006-07-17,2.878423,14.648976,0.05088827771308493,False,121042.71273030018,24443.111148549717,145485.8238788499,1,0.16801026035982844
2006-07-18,2.852501,14.463996,0.05081099898538988,False,121042.71273030018,24222.985639827508,145265.69837012768,1,0.1667495211299566
2006-07-19,3.05863,14.812035,0.05405364251225705,False,121042.71273030018,25973.40038357414,147016.1131138743,1,0.17667043314807213
2006-07-20,2.837745,14.82025,0.053109282447556555,False,121042.71273030018,24097.680030433752,145140.39276073393,1,0.16603014207188438
2006-07-21,2.486704,14.07212,0.05878440348287324,False,121042.71273030018,21116.695588363204,142159.40831866337,1,0.1485423711178383
2006-07-24,2.704998,14.302315,0.06322278275560614,False,121042.71273030018,22970.413580840857,144013.12631114104,1,0.1595022215628676
2006-07-25,2.842801,14.570874,0.06454208463508158,False,121042.71273030018,24140.61477976249,145183.32751006266,1,0.16627677016212006
2006-07-26,2.870006,14.595543,0.06297899759056673,False,121042.71273030018,24371.635320800513,145414.34805110068,1,0.1676013106508305
2006-07-27,2.907037,14.822991,0.06316137132241645,False,121042.71273030018,24686.09669390028,145728.80942420044,1,0.16939750479976667
2006-07-28,3.166885,15.014824,0.06236012127906855,False,121042.71273030018,26892.684657423484,147935.39738772367,1,0.18178667940398663
2006-07-31,3.194377,15.175142,0.06245713703963753,False,121042.71273030018,27126.14235689848,148168.85508719867,1,0.18307587205782555
2006-08-01,2.997394,14.884661,0.0631598079401396,False,121042.71273030018,25453.393993167796,146496.10672346796,1,0.17374792110492507
2006-08-02,3.096712,15.046335,0.061508737928145096,False,121042.71273030018,26296.786681821155,147339.49941212134,1,0.178477507978134
2006-08-03,3.252339,15.17925,0.06274727799682898,False,121042.71273030018,27618.346459072567,148661.05918937275,1,0.1857806382496628
2006-08-04,3.166722,15.292981,0.062086093368473164,False,121042.71273030018,26891.30048730074,147934.0132176009,1,0.1817790236498584
2006-08-07,3.115226,15.101143,0.05954262410700306,False,121042.71273030018,26454.004630609168,147496.71736090933,1,0.17935317547358653
2006-08-08,3.062598,15.077849,0.057285636559670464,False,121042.71273030018,26007.0960096296,147049.80873992978,1,0.17685909442851017
2006-08-09,3.102882,15.249126,0.05449201276784634,False,121042.71273030018,26349.181342295502,147391.8940725957,1,0.17876954162294437
2006-08-10,3.223095,15.157328,0.05400490025695999,False,121042.71273030018,27370.0110537384,148412.72378403856,1,0.18441822477138567
2006-08-11,2.971338,14.968242,0.05720767041052952,False,121042.71273030018,25232.130577718915,146274.8433080191,1,0.1724980865273341
2006-08-14,3.092947,15.138139,0.057849263893729436,False,121042.71273030018,26264.814899538185,147307.52762983835,1,0.17829920386375442
2006-08-15,3.437236,15.4807,0.06205325750516302,False,121042.71273030018,29188.462429530486,150231.17515983066,1,0.19429031556517437
2006-08-16,3.775411,15.926017,0.06350382029150528,False,121042.71273030018,32060.190842158096,153102.90357245828,1,0.209402892395082
2006-08-17,3.800415,16.274053,0.0602613590410865,False,121042.71273030018,32272.520840618483,153315.23357091867,1,0.21049780957148173
2006-08-18,3.806214,16.053452,0.04961323980719839,False,121042.71273030018,32321.765027991376,153364.47775829156,1,0.21075131282311507
2006-08-21,3.616703,15.891759,0.049809084506661466,False,121042.71273030018,30712.467702034482,151755.18043233466,1,0.20238167563399068
2006-08-22,3.598022,15.952052,0.04927846242368041,False,121042.71273030018,30553.831615758747,151596.54434605892,1,0.20154701907987826
2006-08-23,3.525406,15.884916,0.04980168450021421,False,121042.71273030018,29937.188071997778,150979.90080229795,1,0.1982859169526102
2006-08-24,3.597038,15.779405,0.04984792897988967,False,121042.71273030018,30545.475643974834,151588.18837427502,1,0.20150300608222385
2006-08-25,3.602623,15.92739,0.04663472038340429,False,121042.71273030018,30592.902577321547,151635.61530762172,1,0.2017527512600389
2006-08-28,3.757287,16.017822,0.04731037626660304,False,152917.09115704388,0.0,152917.09115704388,0,0.0
2006-08-29,3.962299,16.232945,0.04514382049652507,False,152917.09115704388,0.0,152917.09115704388,1,0.0
2006-08-30,4.194479,16.554945,0.0459933064872333,False,152917.09115704388,0.0,152917.09115704388,1,0.0
2006-08-31,4.066734,16.580987,0.04636877262335674,False,148379.5186625468,4533.039455042046,152912.55811758884,1,0.029644651236271687
2006-09-01,3.955727,16.523431,0.046412182800374124,False,143811.0514243637,8973.20735236579,152784.25877672946,1,0.05873122940942982
2006-09-05,4.098372,16.453552,0.046241225396488984,False,148534.80234666204,4568.305174973229,153103.10752163528,1,0.02983809570506382
2006-09-06,3.704894,16.246648,0.0525525499724868,False,144277.47690171495,8382.782031172434,152660.25893288737,1,0.054911357348461455
2006-09-07,3.667012,16.052076,0.052728561358366045,False,144277.47690171495,8297.069309322666,152574.5462110376,1,0.05438042920898713
2006-09-08,3.774242,16.124705,0.05249606719874029,False,144277.47690171495,8539.69047937574,152817.1673810907,1,0.055881748272952385
2006-09-11,3.975576,16.376821,0.048911623064956354,False,148836.71774321262,4431.428970893655,153268.14671410626,1,0.02891291547460071
2006-09-12,4.378428,16.822145,0.05199205050581398,False,153712.31061163868,0.0,153712.31061163868,1,0.0
2006-09-13,4.314999,16.968751,0.048061215444839246,False,149578.39242571432,4129.788397526829,153708.18082324116,1,0.02686772021767622
2006-09-14,4.356874,16.923538,0.043970683063384565,False,149578.39242571432,4169.866017277479,153748.2584429918,1,0.02712138699654683
2006-09-15,4.34212,17.098921,0.04403412886061157,True,149578.39242571432,4155.745296040438,153734.13772175476,1,0.027032026572796544
2006-09-18,4.504005,17.170174,0.044514729929559745,True,153884.76352888523,0.0,153884.76352888523,2,0.0
2006-09-19,4.282138,16.926268,0.044475669906857314,False,135542.60839965678,18323.831297930512,153866.43969758728,2,0.11908920056865292
2006-09-20,4.386246,17.044113,0.04448420022496521,True,144890.43020942103,9412.144123959046,154302.57433338006,1,0.06099797209879038
2006-09-21,4.132381,16.897502,0.046700084222999656,False,135775.96920430995,17972.748300742463,153748.71750505242,1,0.11689689899463292
2006-09-22,3.986051,16.59194,0.04760958108474012,False,131277.3269207562,21830.471029392244,153107.79795014844,1,0.1425823591068836
2006-09-25,4.277667,16.691969,0.049790146919352594,False,145511.49577021267,9179.151903086038,154690.64767329872,1,0.05933876443824897
2006-09-26,4.269355,16.826251,0.04920290182877167,False,145511.49577021267,9161.315753002722,154672.81152321538,1,0.05923029175446047
2006-09-27,4.227809,16.959197,0.04805510603187573,False,145511.49577021267,9072.165044224872,154583.66081443755,1,0.05868773579579741
2006-09-28,4.364014,16.931773,0.046887956613165103,False,145511.49577021267,9364.438001647653,154875.93377186032,1,0.06046412617884144
2006-09-29,4.229133,16.942746,0.04690529708908377,False,141009.8295655514,13572.175160542345,154582.00472609373,1,0.08779919230955179
2006-10-02,4.109443,16.842642,0.046940225329311684,False,136497.61875812986,17695.767941309725,154193.38669943958,1,0.11476346891454613
2006-10-03,4.034539,16.572486,0.04645772844857615,False,131942.00378748673,21924.285994051817,153866.28978153854,1,0.14248920946349078
2006-10-04,4.298488,16.768588,0.04214273678347237,False,141496.31418882313,13794.749907720883,155291.06409654403,1,0.08883157564780884
2006-10-05,4.269298,16.882406,0.04207319837679067,False,141496.31418882313,13701.073073027761,155197.3872618509,1,0.08828159619666241
2006-10-06,4.169674,16.802869,0.04231436853097537,False,136774.84461938497,18098.11157038013,154872.9561897651,1,0.11685779115757691
2006-10-09,4.292251,16.931772,0.041269890958475636,False,136774.84461938497,18630.146502118798,155404.99112150376,1,0.11988126229197345
2006-10-10,4.254762,16.907088,0.0350746210128904,False,136774.84461938497,18467.42872018621,155242.27333957117,1,0.11895876247438894
2006-10-11,4.383132,17.053824,0.03559548780678566,True,146384.37113900445,9405.462005171818,155789.83314417626,1,0.06037275870542527
2006-10-12,4.545726,17.199178,0.036439864969949824,True,156128.97808347765,0.0,156128.97808347765,1,0.0
2006-10-13,4.729609,17.437795,0.03735682633104421,True,156128.97808347765,0.0,156128.97808347765,1,0.0
2006-10-16,4.825098,17.668169,0.03678029399001862,True,156128.97808347765,0.0,156128.97808347765,1,0.0
2006-10-17,4.458271,17.270492,0.03944298317117986,True,147207.32985802536,8912.73548996231,156120.06534798766,1,0.057088981292033464
2006-10-18,4.123312,16.931773,0.04290298682597468,False,129237.72849095853,26194.753198180377,155432.48168913892,2,0.1685281796540393
2006-10-19,4.058548,16.668479,0.04093870110049096,False,133352.10954083785,21655.299450164628,155007.40899100248,1,0.1397049314682863
2006-10-20,3.91837,16.540949,0.04089836205845658,False,128686.12024363609,25568.676042124993,154254.79628576108,1,0.1657561168779371
2006-10-23,3.9301,16.531341,0.03731802282100904,False,128686.12024363609,25645.21821909504,154331.33846273113,1,0.16616986850851426
2006-10-24,3.824271,16.473748,0.037665025651612304,False,123987.6144910054,29648.460505346586,153636.074996352,1,0.19297850785403475
2006-10-25,4.045572,16.524493,0.04008701964417321,False,133755.91611709577,21586.063071621036,155341.9791887168,1,0.13895833685366699
2006-10-26,4.173396,16.757626,0.040060466977649006,False,133755.91611709577,22268.096891824185,156024.01300891995,1,0.14272224167539588
2006-10-27,3.894076,16.613629,0.042342118962171285,False,129247.47624635015,25281.65788406439,154529.13413041455,1,0.16360447514530163
2006-10-30,3.993306,16.575228,0.04240949658494359,False,129247.47624635015,25925.892591305776,155173.36883765593,1,0.16707694616355032
2006-10-31,4.058597,16.682191,0.04238712277352723,False,133937.00495928284,21655.560900730954,155592.5658600138,1,0.1391812056124481
2006-11-01,3.844605,16.610887,0.041316433732381405,False,129357.2587891816,25088.9292551583,154446.18804433988,1,0.16244447061364525
2006-11-02,3.784824,16.320167,0.041377788028176925,False,124599.06014320873,29452.258623536007,154051.31876674475,1,0.1911847224633685
2006-11-03,3.834433,16.344839,0.04136902560912507,False,124599.06014320873,29838.299585560926,154437.35972876966,1,0.1932064860339777
2006-11-06,4.021156,16.538205,0.04234960993167758,False,134424.75533358005,21455.785989429274,155880.54132300933,1,0.13764249089287844
2006-11-07,4.100611,16.741158,0.04262870788320591,False,134424.75533358005,21879.736086314373,156304.49141989442,1,0.13998149309437902
2006-11-08,4.092559,16.673962,0.04197748347155456,False,134424.75533358005,21836.772821823542,156261.5281554036,1,0.13974503564374888
2006-11-09,3.873498,16.645169,0.04238577392826396,False,129849.33144287641,25238.77642051466,155088.10786339108,1,0.16273830900526665
2006-11-10,3.970333,16.51763,0.04162555104354877,False,129849.33144287641,25869.729867419894,155719.0613102963,1,0.16613078482325375
2006-11-13,4.175083,16.753498,0.04324609636066143,False,134771.13781072389,22277.098261321953,157048.23607204584,1,0.14184876454837952
2006-11-14,4.506838,17.077132,0.04363096594355122,True,149793.52435220723,9009.828023040942,158803.35237524816,1,0.05673575455605594
2006-11-15,4.620276,17.467961,0.03976616313840487,True,159020.89491374162,0.0,159020.89491374162,1,0.0
2006-11-16,4.657272,17.45151,0.03944304642767146,True,159020.89491374162,0.0,159020.89491374162,2,0.0
2006-11-17,4.57852,17.382943,0.03862730318897734,True,139741.56878485854,19260.066062820268,159001.6348476788,2,0.12113124548229409
2006-11-20,4.760196,17.483057,0.039223200992638936,True,159745.85133523308,0.0,159745.85133523308,2,0.0
2006-11-21,4.50498,17.506362,0.04104966049018296,True,131635.31820487024,28082.45067968317,159717.7688845534,3,0.1758254631016141
2006-11-22,4.699576,17.506358,0.040300950115131545,True,160901.51597360335,0.0,160901.51597360335,2,0.0
2006-11-24,4.65559,17.51184,0.040068976360908656,True,160901.51597360335,0.0,160901.51597360335,2,0.0
2006-11-27,4.29501,17.329464,0.041245353410460775,True,133030.55727706917,27843.11558095324,160873.67285802242,3,0.17307440730545093
2006-11-28,4.311564,17.014055,0.040968664857461416,True,133030.55727706917,27950.429635012966,160980.98691208212,3,0.17362565711115788
2006-11-29,4.301186,17.141584,0.04088396732370689,True,133030.55727706917,27883.152526578036,160913.7098036472,3,0.17328015469037464
2006-11-30,4.423407,17.155299,0.03892956753745298,True,133030.55727706917,28675.47045585403,161706.0277329232,4,0.17733086921914248
2006-12-01,4.235582,17.018166,0.040250573687655854,True,94467.53390338138,65982.36257678457,160449.89648016595,4,0.41123343812777713
2006-12-04,4.471311,17.225238,0.04167441059763298,True,164052.45421231876,0.0,164052.45421231876,4,0.0
2006-12-05,4.51593,17.402146,0.04061595312916461,True,164052.45421231876,0.0,164052.45421231876,4,0.0
2006-12-06,4.575803,17.393911,0.04052695859587228,True,164052.45421231876,0.0,164052.45421231876,4,0.0
2006-12-07,4.379485,17.385686,0.04198799621578054,True,125397.23322596384,38616.604381972946,164013.8376079368,4,0.23544723387476088
2006-12-08,4.316637,17.115527,0.03994887162736063,True,85574.36643681763,77845.51873823265,163419.8851750503,4,0.4763527930205492
2006-12-11,4.289667,17.145699,0.03976201997101619,True,85574.36643681763,77359.14621249787,162933.5126493155,4,0.47478965471639495
2006-12-12,4.211166,16.997603,0.03848956240719055,True,45933.24854747403,115544.98851640272,161478.23706387676,4,0.7155452686215296
2006-12-13,4.115251,17.02091,0.03435307384325927,True,6485.376287003817,152321.7589593707,158807.1352463745,4,0.9591619338958395
2006-12-14,4.302128,17.016797,0.035493092539296854,True,47642.21344739059,118040.78261367387,165682.99606106448,4,0.7124495899999811
2006-12-15,4.30006,17.151189,0.035398595277358696,True,47642.21344739059,117984.04131298616,165626.25476037676,4,0.7123510791431107
2006-12-18,4.266958,17.1553,0.03527866784758851,True,47642.21344739059,117075.7963732545,164718.0098206451,4,0.7107650007472388
2006-12-19,4.120843,16.846755,0.034454504905568464,True,8688.992947546605,151981.0333454412,160670.0262929878,4,0.9459202618682472
2006-12-20,4.177127,17.000331,0.032813060689078646,True,8688.992947546605,154056.84659064727,162745.8395381939,4,0.9466100456257289
2006-12-21,4.002637,16.805592,0.032025317497500774,True,6051.058387221197,150256.77073345403,156307.82912067522,4,0.9612875540447205
2006-12-22,3.929682,16.682152,0.0321086748776173,False,6051.058387221197,147518.08053775076,153569.13892497195,4,0.9605971718694242
2006-12-26,4.021221,16.661579,0.027946972401133908,False,117339.95057984703,39554.11129058758,156894.0618704346,1,0.2521071276951956
2006-12-27,4.088459,16.839878,0.028261553346810457,True,117339.95057984703,40215.48735894009,157555.43793878713,1,0.255246584218594
2006-12-28,4.092458,16.838506,0.028273258550015914,True,117339.95057984703,40254.8228968404,157594.77347668743,1,0.2554324741156164
2006-12-29,4.022427,16.84262,0.02750429617208107,True,117339.95057984703,39565.973920922115,156905.92450076915,1,0.2521636709818957
2007-01-03,3.986824,16.797357,0.02599387767370804,True,117339.95057984703,39215.770581120894,156555.72116096792,1,0.25049081752049107
2007-01-04,4.220801,16.861819,0.026331811915862292,True,120116.10806868333,38738.31231322443,158854.42038190775,1,0.24386046179950313
2007-01-05,3.979889,16.706839,0.02892573456349495,True,117393.17686208217,39247.4443463289,156640.62120841106,1,0.25055725675468304
2007-01-08,4.02699,16.758959,0.028877551973631625,True,117393.17686208217,39711.92812367958,157105.10498576175,1,0.2527729963152924
2007-01-09,4.070497,16.78501,0.027706555946450655,True,117393.17686208217,40140.9698786571,157534.14674073926,1,0.25480805723167327
2007-01-10,4.27967,16.949601,0.030045172724045124,True,130362.47748683511,29221.4343682869,159583.91185512202,1,0.18311015207357198
2007-01-11,4.318795,17.214311,0.030084514474104755,True,130362.47748683511,29488.578475112707,159851.05596194783,1,0.18447534361069465
2007-01-12,4.35194,17.103213,0.029790529150719745,True,140536.67904113076,19530.50541464019,160067.18445577094,1,0.12201442463702966
2007-01-16,4.245748,17.062072,0.029865323738791878,True,130757.80114460386,28823.048939303233,159580.85008390708,1,0.18061721644011905
2007-01-17,4.155631,16.990751,0.028491499433570697,True,120946.85856166843,38012.41438719999,158959.27294886843,1,0.23913304132579444
2007-01-18,3.701371,16.547741,0.03822375328435055,False,117627.36106873324,37173.385729620444,154800.74679835368,1,0.24013699222034882
2007-01-19,3.805882,16.451733,0.039031496815697474,False,117627.36106873324,38223.00429419783,155850.36536293107,1,0.2452545055328382
2007-01-22,3.682312,16.311832,0.03896146860672543,False,117627.36106873324,36981.973531648175,154609.3346003814,1,0.23919625310616235
2007-01-23,3.671153,16.370805,0.0387070868461871,False,117627.36106873324,36869.90213665512,154497.26320538836,1,0.23864437059729882
2007-01-24,3.840022,16.453101,0.03934720578345796,False,121064.324016633,35125.47372949246,156189.79774612546,1,0.22488968060888476
2007-01-25,3.79223,16.621804,0.039240789359124256,True,117256.43509661141,38492.39527746856,155748.83037408,1,0.24714404072901813
2007-01-26,3.945786,16.592996,0.03996562046093686,False,121210.5978401173,36092.918864839616,157303.5167049569,2,0.22944762851384023
2007-01-29,3.879615,16.639632,0.03989412548832017,True,117273.45979569393,39420.84391119456,156694.3037068885,1,0.2515780279092658
2007-01-30,3.931572,16.672546,0.040047563550151016,True,117273.45979569393,39948.780004619795,157222.23980031372,1,0.2540911518329615
2007-01-31,3.943223,16.582027,0.03989712340635441,True,117273.45979569393,40067.16604354617,157340.6258392401,1,0.2546523876451595
2007-02-01,4.042432,16.782267,0.04025732740043951,True,121367.63238575308,36976.95977243351,158344.5921581866,1,0.23352208792513385
2007-02-02,4.119569,16.898858,0.03830445153897475,True,121367.63238575308,37682.547830801894,159050.18021655496,1,0.23692238373760519
2007-02-05,4.16563,16.997606,0.03588903113354866,True,121367.63238575308,38103.87730377214,159471.50968952524,1,0.2389384622868154
2007-02-06,4.119227,16.885142,0.03593699091912522,True,117255.1787011139,41787.76482552055,159042.94352663445,1,0.2627451674303455
2007-02-07,4.285436,17.130648,0.036906990815420496,True,131622.20177749122,29092.47829928952,160714.68007678073,1,0.18101942078589658
2007-02-08,4.236098,17.05521,0.035266315833001764,True,121696.4245129947,38673.39952492369,160369.82403791838,1,0.24115134974382477
2007-02-09,4.046389,17.04149,0.03659162119080632,True,117407.34402806895,41226.24945878018,158633.59348684913,1,0.25988347456932487
2007-02-12,3.907932,16.702726,0.037153262579983914,True,117407.34402806895,39815.593483461365,157222.93751153033,1,0.2532429053524165
2007-02-13,3.969768,16.694495,0.0371457295751725,True,117407.34402806895,40445.60368800006,157852.947716069,1,0.256223303227443
2007-02-14,4.204088,16.983893,0.039245629974780774,True,121854.6783010297,38381.16466189814,160235.84296292783,1,0.23952920864764327
2007-02-15,4.271014,17.10322,0.028186561439159038,True,160807.85081208678,0.0,160807.85081208678,0,0.0
2007-02-16,4.262813,17.110073,0.02782023208160565,True,160807.85081208678,0.0,160807.85081208678,0,0.0
2007-02-20,4.262813,17.046981,0.026345050046885057,True,160807.85081208678,0.0,160807.85081208678,0,0.0
2007-02-21,4.252581,17.055213,0.026332355331803795,True,160807.85081208678,0.0,160807.85081208678,0,0.0
2007-02-22,4.522323,17.415927,0.027793909567035605,True,160807.85081208678,0.0,160807.85081208678,0,0.0
2007-02-23,4.596809,17.572283,0.027409095006859525,True,160807.85081208678,0.0,160807.85081208678,0,0.0
2007-02-26,4.577453,17.559948,0.026620748477707568,True,160807.85081208678,0.0,160807.85081208678,0,0.0
2007-02-27,4.092601,17.140249,0.03746844632498444,True,151813.0324967886,8985.832482815364,160798.86497960397,1,0.05588243725448649
2007-02-28,4.118447,16.983889,0.03739649212705667,True,151813.0324967886,9042.580703897956,160855.61320068655,1,0.05621551230926744
2007-03-01,4.030593,16.776785,0.037774574745114045,True,141874.07644354482,18778.712960519064,160652.7894040639,1,0.1168900523307318
2007-03-02,3.788518,16.673914,0.03983123060402326,True,122880.36507061512,36625.61135069889,159505.976421314,2,0.22961905360810536
2007-03-05,3.665825,16.494248,0.040000051063877454,True,103224.61046706737,55075.59157973343,158300.2020468008,2,0.34791864361266295
2007-03-06,3.928025,16.673926,0.043260153492644296,True,143897.95366176337,18300.84406357648,162198.79772533986,2,0.11282971464786258
2007-03-07,3.879711,16.658834,0.04327275492028102,True,113793.72338709768,48149.90309641574,161943.62648351342,3,0.29732508862469875
2007-03-08,3.996619,16.86868,0.042815855119118416,True,144743.12884760732,18620.426575830592,163363.5554234379,3,0.11398152132258933
2007-03-09,4.070898,16.950975,0.04304224821460335,True,144743.12884760732,18966.495757212684,163709.62460482,3,0.11585449421801597
2007-03-12,4.167852,17.027777,0.04210899873891711,True,155000.0147286987,9151.055743075607,164151.07047177432,4,0.05574776769213409
2007-03-13,3.912599,16.865941,0.0438392800224637,True,116920.4717466742,46632.11639424577,163552.58814091998,4,0.28512001506247436
2007-03-14,3.983864,16.667064,0.043886550058422014,True,116920.4717466742,47481.48474884483,164401.95649551903,4,0.2888133800897862
2007-03-15,3.978016,16.785018,0.04177356822357095,True,116920.4717466742,47411.78565198529,164332.25739865948,4,0.2885117408018521
2007-03-16,3.900117,16.730154,0.041699035558672,True,77050.24425281107,86313.74739542376,163363.99164823483,4,0.5283523408345685
2007-03-19,3.838617,16.710953,0.04176981188053109,True,37025.82207308567,124937.12456798877,161962.94664107444,4,0.7713932548094566
2007-03-20,3.954612,16.737012,0.04249063712724749,True,78177.31344885794,87519.77984632555,165697.0932951835,4,0.5281914009825879
2007-03-21,4.169898,16.961951,0.04434917871600838,True,161222.92526644145,9155.54799953057,170378.47326597202,4,0.05373653034933678
2007-03-22,3.997147,16.904332,0.042695660652233354,True,122215.75991321314,47744.448090670536,169960.2080038837,4,0.28091544868890456
2007-03-23,4.069394,16.966065,0.042740840125035755,True,122215.75991321314,48607.411884898436,170823.17179811158,4,0.28454811705724214
2007-03-26,4.060492,16.868597,0.04274793249572404,True,122215.75991321314,48501.08077500852,170716.84068822168,4,0.28410249732529624
2007-03-27,4.013091,16.919395,0.0348089050190387,True,82013.75626865914,88096.73509855375,170110.4913672129,4,0.5178794934427748
2007-03-28,3.864171,16.716196,0.03570937123634828,True,42925.0715171338,123877.22785290894,166802.29937004275,4,0.7426589940351683
2007-03-29,3.755276,16.56654,0.035933403573872966,True,8614.677250937373,154662.40040692367,163277.07765786105,4,0.9472389059474166
2007-03-30,3.790886,16.555556,0.03327393221523609,True,8614.677250937373,156129.01113766374,164743.68838860112,4,0.9477086051963527
2007-04-02,3.775796,16.545942,0.03238287094908853,True,8614.677250937373,155507.5240293552,164122.2012802926,4,0.9475105915973855
2007-04-03,3.852917,16.621458,0.028640893575092558,True,8614.677250937373,158683.7803103269,167298.45756126428,4,0.9485071328420185
2007-04-04,3.950146,16.740908,0.029069884396231288,True,44633.40805182729,126633.40625822637,171266.81431005365,4,0.7393925482199664
2007-04-05,4.045117,16.880949,0.028789685136626726,True,85470.72671871072,88799.7807155772,174270.50743428792,4,0.5095513981277692
2007-04-09,4.017555,16.890565,0.028519878361934335,True,85470.72671871072,88194.73034099404,173665.45705970476,4,0.5078426754185975
2007-04-10,4.121433,16.959206,0.028612071987390627,True,125610.40857074985,50295.233724510945,175905.6422952608,4,0.2859216627064724
2007-04-11,3.995839,16.927632,0.02565162209664231,True,86313.92494031857,88019.79428527536,174333.71922559393,4,0.5048925398727636
2007-04-12,4.118855,16.948223,0.026220053879533228,True,126739.25950387312,50263.7735230369,177003.03302691004,4,0.28397125553998404
2007-04-13,4.09495,16.915275,0.026265456854041885,True,126739.25950387312,49972.052764217224,176711.31226809035,4,0.2827892120930219
2007-04-16,4.182276,17.06356,0.026116915974204964,True,168552.40034228316,9182.725492394471,177735.12583467763,4,0.0516652262701065
2007-04-17,4.170204,17.100638,0.025768413302099072,True,168552.40034228316,9156.219861932927,177708.62020421607,4,0.051523780058676624
2007-04-18,4.431344,17.421918,0.028204622134457964,True,178272.2571137767,0.0,178272.2571137767,4,0.0
2007-04-19,4.510791,17.50978,0.026116455459457573,True,178272.2571137767,0.0,178272.2571137767,4,0.0
2007-04-20,4.561564,17.62785,0.02376511431937123,True,178272.2571137767,0.0,178272.2571137767,4,0.0
2007-04-23,4.457124,17.537241,0.024499838484017288,True,138716.77846264566,39515.96268844257,178232.7411510882,4,0.2217098970325818
2007-04-24,4.788736,17.879121,0.0286569629110188,True,181130.29031192354,0.0,181130.29031192354,4,0.0
2007-04-25,4.922957,17.993078,0.028564042119764578,True,181130.29031192354,0.0,181130.29031192354,4,0.0
2007-04-26,4.91847,17.999939,0.026408615098429095,True,181130.29031192354,0.0,181130.29031192354,4,0.0
2007-04-27,4.698981,17.901088,0.028017865302557992,True,142428.45503498704,38663.17210483167,181091.6271398187,4,0.21350060582856373
2007-04-30,4.496972,17.677286,0.030617330168767627,True,103644.9125217204,75745.84164116156,179390.75416288196,4,0.4222393846027671
2007-05-01,4.530716,17.552344,0.030477419534568156,True,103644.9125217204,76314.2169124195,179959.1294341399,4,0.42406415919203705
2007-05-02,4.643047,17.747309,0.030574155853902284,True,143608.25293878268,38202.94767138288,181811.20061016554,4,0.21012428025980953
2007-05-03,4.724905,17.872249,0.030419212653613394,True,143608.25293878268,38876.47453649625,182484.72747527892,4,0.21303960651590867
2007-05-04,4.857851,17.99445,0.030534297915893224,True,183538.63557777528,0.0,183538.63557777528,4,0.0
2007-05-07,4.797916,18.009555,0.030712984265243562,True,143487.4976495652,40011.12680140868,183498.62445097388,4,0.21804592225757327
2007-05-08,4.764892,17.846167,0.03064366528788901,True,143487.4976495652,39735.73068119947,183223.22833076466,4,0.21687059573836534
2007-05-09,5.023477,18.042502,0.03087329135978894,True,185337.74685270447,0.0,185337.74685270447,4,0.0
2007-05-10,4.746622,18.056231,0.03404111829150304,True,147017.61843375216,38281.84657237993,185299.4650061321,4,0.20659447975801265
2007-05-11,4.945398,18.085063,0.03471084251962874,True,186862.72270114045,0.0,186862.72270114045,4,0.0
2007-05-14,4.925198,18.17019,0.03472234826422929,True,186862.72270114045,0.0,186862.72270114045,4,0.0
2007-05-15,4.728227,18.009557,0.036355556859592554,True,147891.2968632481,38932.493344547795,186823.79020779592,4,0.2083915185600554
2007-05-16,4.730399,17.809094,0.03402727226580029,True,147891.2968632481,38950.37771760018,186841.67458084828,4,0.20846729084921556
2007-05-17,4.665045,17.818708,0.034053945477919144,True,107864.96343119492,78398.59620382733,186263.55963502225,4,0.4209014170965431
2007-05-18,4.686627,17.80223,0.033988950733147734,True,107864.96343119492,78761.29334892903,186626.25678012395,4,0.42202686110627313
2007-05-21,4.69962,17.927174,0.03349561353524818,True,107864.96343119492,78979.64771860316,186844.6111497981,4,0.42270230451165197
2007-05-22,4.764696,17.917569,0.029464926919072057,True,107864.96343119492,80073.28498181501,187938.24841300992,4,0.42606167535331774
2007-05-23,4.558927,17.767908,0.03025020377152005,True,97907.13086810685,86524.84133915747,184431.97220726433,3,0.4691423092408349
2007-05-24,4.3188,17.476836,0.03225170153796191,True,58166.20065297979,121668.64912152659,179834.84977450638,4,0.676557682084902
2007-05-25,4.38641,17.447991,0.03122821199878256,True,58166.20065297979,123573.34889162623,181739.549544606,4,0.6799474808937858
2007-05-29,4.469227,17.535866,0.03007256488366614,True,127427.7934824459,56575.534454489505,184003.3279369354,3,0.3074701696367143
2007-05-30,4.379096,17.384847,0.030336698410631087,True,84882.2927946422,97937.57208687553,182819.86488151771,4,0.5357053083391519
2007-05-31,4.581746,17.648458,0.03160758282779194,True,129307.717977153,57999.90214968259,187307.6201268356,4,0.3096505209473479
2007-06-01,4.705326,17.894221,0.03194785030753923,True,169215.10900496645,19616.951662634154,188832.0606676006,3,0.10388570454233245
2007-06-04,4.670625,17.887355,0.03128902941728366,True,157488.36327277392,31187.310594380633,188675.67386715455,4,0.16529587495386097
2007-06-05,4.603728,17.717104,0.031327604563453744,True,112935.03292774002,75249.43868460698,188184.471612347,4,0.3998706059000342
2007-06-06,4.426337,17.629239,0.03240940336073837,True,107101.93195880207,78121.2945523333,185223.22651113538,3,0.42176834959538273
2007-06-07,4.180698,17.380725,0.03163047681079919,True,62958.842882241326,117884.95348970154,180843.79637194285,4,0.6518606435757776
2007-06-08,4.531259,17.491937,0.03543547323926716,True,110707.83641741828,79973.08362013812,190680.92003755638,4,0.4194078967333841
2007-06-11,4.478454,17.666305,0.03397225774938914,True,64386.56837201308,125316.11081475444,189702.67918676752,4,0.6605922032939623
2007-06-12,4.371571,17.526254,0.03424048181723854,True,30285.221694514723,156392.5898446443,186677.81153915904,4,0.8377674269651385
2007-06-13,4.58396,17.638837,0.03518638905838259,True,100890.149146913,93315.18564367882,194205.33479059182,4,0.48049754011288587
2007-06-14,4.762695,17.918928,0.036297119718839296,True,185812.85243539276,11945.96400842239,197758.81644381516,4,0.060406732924680163
2007-06-15,5.002767,18.234727,0.037707373168289926,True,198348.42560352525,0.0,198348.42560352525,4,0.0
2007-06-18,4.998252,18.253943,0.037718928202815014,True,198348.42560352525,0.0,198348.42560352525,4,0.0
2007-06-19,4.874336,18.061733,0.038247658838625125,True,152616.57121701547,45686.1682182915,198302.73943530698,4,0.23038596616662407
2007-06-20,4.776845,18.116648,0.038443497132331375,True,106653.83000419376,90689.22912678217,197343.05913097592,4,0.4595511467499449
2007-06-21,5.200904,18.302003,0.04135697898495719,True,205295.15258172675,0.0,205295.15258172675,4,0.0
2007-06-22,5.015982,18.409094,0.040150026697403675,True,160026.41216719168,45223.51689763743,205249.9290648291,4,0.22033389781758894
2007-06-25,4.82647,18.196278,0.041379671560838195,True,114875.87454911022,88620.33068452257,203496.2052336328,4,0.43548886124327524
2007-06-26,4.749529,18.027408,0.04149422944395042,True,68686.10357017648,133351.22018355457,202037.32375373103,4,0.6600326004421843
2007-06-27,5.069252,18.212755,0.043320657142397634,True,165213.6812456309,45703.79309183771,210917.47433746862,4,0.2166904057399791
2007-06-28,4.926215,18.296513,0.0430653526966511,True,119578.5362519915,90003.74338662183,209582.27963861334,4,0.4294434793906096
2007-06-29,4.830742,18.174792,0.04300592422679298,True,73531.1848549326,134260.76692893368,207791.95178386627,4,0.6461307369044992
2007-07-02,5.022273,18.280664,0.043751015106478254,True,121308.58778109835,91758.75805452248,213067.34583562083,4,0.4306561275011769
2007-07-03,5.062931,18.37828,0.04355107337077129,True,121308.58778109835,92501.59453214539,213810.18231324374,4,0.4326341876301543
2007-07-05,5.158321,18.419535,0.04237834966019945,True,168998.42584873037,46506.82895332121,215505.25480205158,4,0.2158036888522241
2007-07-06,5.287087,18.59002,0.03966006857802575,True,216618.52648216474,0.0,216618.52648216474,4,0.0
2007-07-09,5.401613,18.760505,0.03632733944144182,True,216618.52648216474,0.0,216618.52648216474,4,0.0
2007-07-10,5.273587,18.723382,0.036792284141680766,True,170852.16646976976,45720.63937302198,216572.80584279174,4,0.21110978913119027
2007-07-11,5.259585,18.590014,0.03610577988512887,True,170852.16646976976,45599.24564376312,216451.4121135329,4,0.2106673511552119
2007-07-12,5.678806,18.902124,0.03826212648647205,True,220036.7162940465,0.0,220036.7162940465,4,0.0
2007-07-13,5.646966,19.127611,0.03785551099827636,True,220036.7162940465,0.0,220036.7162940465,4,0.0
2007-07-16,5.739694,19.141354,0.03669264751546126,True,220036.7162940465,0.0,220036.7162940465,4,0.0
2007-07-17,6.006121,19.438331,0.037623896858258364,True,220036.7162940465,0.0,220036.7162940465,4,0.0
2007-07-18,5.690891,19.089096,0.0395098796255349,True,175604.5440263542,44387.78448320905,219992.32850956326,4,0.20176969253398067
2007-07-19,5.808571,19.25134,0.039039579616704,True,175604.5440263542,45305.66438601934,220910.20841237355,4,0.20508633218727115
2007-07-20,5.597339,19.181225,0.03608344403672,True,152462.84288480875,66755.01323928172,219217.85612409047,3,0.3045144880966921
2007-07-23,5.594911,19.133099,0.03486897821473604,True,138753.87942229427,80421.32460748416,219175.20402977843,4,0.36692711186689553
2007-07-24,5.253209,18.774253,0.03686867932453023,True,92693.59663394792,121523.96406636108,214217.560700309,4,0.5672922596498681
2007-07-25,5.290377,18.719263,0.036559645578250984,True,92693.59663394792,122383.78188370253,215077.37851765045,4,0.5690221013813362
2007-07-26,5.014999,18.335656,0.03597119515707348,True,46171.05315439663,162489.45242477366,208660.50557917028,4,0.7787264387851378
2007-07-27,4.771872,18.283418,0.03712712501304141,True,3503.7092801196995,197236.68783569572,200740.39711581543,4,0.9825460678046867
2007-07-30,5.028785,18.330157,0.03874810718753947,True,48378.38273493423,162936.12840439557,211314.5111393298,4,0.7710598175482797
2007-07-31,4.787606,18.356285,0.039334455875619775,True,4189.466402250842,199266.53277494523,203455.99917719606,4,0.979408489210475
2007-08-01,4.866109,18.03455,0.03949162599749496,True,4189.466402250842,202533.93210196408,206723.3985042149,4,0.9797339515866879
2007-08-02,4.872721,18.159666,0.039203932116183525,True,4189.466402250842,202809.13234081166,206998.5987430625,4,0.9797608948674525
2007-08-03,4.438044,17.92594,0.043501308408720664,True,4189.466402250842,184717.2971590914,188906.76356134223,4,0.977822570651948
2007-08-06,4.614104,17.737583,0.0443074169328419,True,4189.466402250842,192045.14864903374,196234.61505128458,4,0.9786507268294334
2007-08-07,4.603481,17.788458,0.04415755225977541,True,4189.466402250842,191603.0052525913,195792.47165484214,4,0.978602515373337
2007-08-08,4.913299,18.310914,0.0470020200864727,True,4189.466402250842,204498.04269954664,208687.50910179748,4,0.9799246901729647
2007-08-09,4.806968,18.251791,0.043173471837878605,True,4189.466402250842,200072.4049807175,204261.87138296833,4,0.9794897286807088
2007-08-10,4.724013,18.005683,0.04321492809056337,True,4189.466402250842,196619.70748924772,200809.17389149856,4,0.979137076653109
2007-08-13,4.674384,18.121173,0.04280564596688943,True,4189.466402250842,194554.08246599228,198743.54886824312,4,0.9789202395443374
2007-08-14,4.496557,17.947944,0.04115294950043495,True,4189.466402250842,187152.6860846338,191342.15248688465,4,0.9781048433510332
2007-08-15,4.124974,17.512099,0.043360320173796665,True,4189.466402250842,171686.90714457224,175876.37354682307,4,0.9761794815428378
2007-08-16,4.115131,17.072136,0.04264130586280916,False,4189.466402250842,171277.22838610635,175466.69478835718,4,0.9761238655158802
2007-08-17,4.329436,17.77058,0.044952222505042806,True,139063.76002159624,45187.584747901456,184251.3447694977,1,0.24524968761792254
2007-08-20,4.481921,17.725198,0.046129182776926146,True,139063.76002159624,46779.11511358505,185842.8751351813,1,0.2517132555098393
2007-08-21,4.58595,17.861324,0.045027802408597724,True,139063.76002159624,47864.89609146288,186928.6561130591,1,0.2560597025985839
2007-08-22,4.68101,18.016691,0.04534524947086795,True,139063.76002159624,48857.06500356494,187920.82502516118,1,0.2599874973783419
2007-08-23,4.552518,17.954807,0.04428704240868079,True,186532.20063335387,0.0,186532.20063335387,0,0.0
2007-08-24,4.747988,18.008431,0.04414697294156594,True,186532.20063335387,0.0,186532.20063335387,0,0.0
2007-08-27,4.622649,18.012563,0.042700078807881486,True,186532.20063335387,0.0,186532.20063335387,0,0.0
2007-08-28,4.263902,17.672961,0.04497754205553741,True,186532.20063335387,0.0,186532.20063335387,0,0.0
2007-08-29,4.631734,17.840699,0.04897274248200852,True,186532.20063335387,0.0,186532.20063335387,0,0.0
2007-08-30,4.646584,18.04555,0.04898205464059956,True,186532.20063335387,0.0,186532.20063335387,0,0.0
2007-08-31,4.906072,18.288914,0.045548164719766505,True,186532.20063335387,0.0,186532.20063335387,0,0.0
2007-09-04,5.159606,18.617513,0.04606725327987395,True,186532.20063335387,0.0,186532.20063335387,0,0.0
2007-09-05,5.004617,18.508903,0.04674783772178734,True,186532.20063335387,0.0,186532.20063335387,0,0.0
2007-09-06,5.134138,18.552894,0.044829958029672774,True,186532.20063335387,0.0,186532.20063335387,0,0.0
2007-09-07,4.73891,18.184416,0.04823699697444524,True,186532.20063335387,0.0,186532.20063335387,0,0.0
2007-09-10,4.766881,18.229784,0.04809367804994967,True,186532.20063335387,0.0,186532.20063335387,0,0.0
2007-09-11,4.946187,18.383785,0.04868982955814047,True,186532.20063335387,0.0,186532.20063335387,0,0.0
2007-09-12,4.715959,18.302663,0.04912773326000025,True,186532.20063335387,0.0,186532.20063335387,0,0.0
2007-09-13,4.664507,18.150052,0.04466013285827698,True,186532.20063335387,0.0,186532.20063335387,0,0.0
2007-09-14,4.577243,17.982309,0.04497726812793245,True,186532.20063335387,0.0,186532.20063335387,0,0.0
2007-09-17,4.535209,17.902563,0.04377124991817786,True,174969.33909112698,11551.310231994888,186520.64932312188,1,0.061930463323574436
2007-09-18,4.938326,18.261415,0.04706847103772894,True,187534.82207483813,0.0,187534.82207483813,1,0.0
2007-09-19,5.004591,18.590014,0.046922769878082506,True,187534.82207483813,0.0,187534.82207483813,1,0.0
2007-09-20,5.015727,18.518512,0.04676946179030571,True,187534.82207483813,0.0,187534.82207483813,2,0.0
2007-09-21,5.082697,18.672518,0.04622212446619069,True,187534.82207483813,0.0,187534.82207483813,2,0.0
2007-09-24,5.037661,18.612019,0.04550098046361025,True,176213.6057481713,11309.906420246582,187523.5121684179,2,0.06031193789762732
2007-09-25,5.124952,18.562518,0.04504919785396285,True,176213.6057481713,11505.880909464842,187719.48665763615,3,0.06129294893315648
2007-09-26,5.068511,18.736105,0.04051889822828448,True,164623.6494521165,22957.544777516545,187581.19422963302,3,0.12238724074553227
2007-09-27,5.12476,18.744363,0.03659963086045727,True,164623.6494521165,23212.32156229427,187835.97101441075,3,0.12357761634758138
2007-09-28,5.045438,18.675546,0.036890101667563575,True,118347.36124656965,69083.09502690576,187430.45627347543,4,0.36857987970806744
2007-10-01,5.361708,18.875141,0.037377792928742985,True,191687.47163683714,0.0,191687.47163683714,4,0.0
2007-10-02,5.392058,18.954975,0.035788264216375355,True,191687.47163683714,0.0,191687.47163683714,4,0.0
2007-10-03,5.042848,18.752623,0.038376466177015,True,147636.69370566425,44006.77116001288,191643.46486567712,4,0.22962834235363686
2007-10-04,5.015966,18.504848,0.037929161982282564,True,147636.69370566425,43772.18347814671,191408.87718381095,4,0.2286841870772381
2007-10-05,5.268221,18.8132,0.034634247197092564,True,193564.22484905916,0.0,193564.22484905916,4,0.0
2007-10-08,5.291275,18.884775,0.034634548421716885,True,193564.22484905916,0.0,193564.22484905916,4,0.0
2007-10-09,5.175642,18.831087,0.03430366267494371,True,147506.2076990085,46012.00514490577,193518.21284391425,4,0.23776576100368196
2007-10-10,5.139187,18.653518,0.03233837022724814,True,147506.2076990085,45687.91633668497,193194.12403569347,4,0.23648709071629903
2007-10-11,4.808065,18.500722,0.03591527860163338,True,103477.85101235962,86728.57902666922,190206.43003902884,4,0.4559708050294262
2007-10-12,4.983702,18.474563,0.036362848763636775,True,149023.36657161723,44305.63823090492,193329.00480252213,4,0.22917222522384245
2007-10-15,4.983702,18.562662,0.03624116675726448,True,149023.36657161723,44305.63823090492,193329.00480252213,4,0.22917222522384245
2007-10-16,4.959287,18.595712,0.030925606099679658,True,149023.36657161723,44088.58629693945,193111.95286855666,4,0.2283058383597246
2007-10-17,5.235943,18.829714,0.033118164039629513,True,149023.36657161723,46548.08741687182,195571.45398848905,4,0.23801064249188203
2007-10-18,5.242823,18.763639,0.03311884183569606,True,149023.36657161723,46609.251345017736,195632.61791663495,4,0.2382488760891569
2007-10-19,4.781299,18.540634,0.039113057941225084,True,106097.35152274571,85389.38605650533,191486.73757925106,4,0.44592846029958094
2007-10-22,4.906424,18.308002,0.0396079038272332,True,106097.35152274571,87623.99780747935,193721.34933022506,4,0.4523197784365626
2007-10-23,4.939354,18.380971,0.039419044571496205,True,150353.766818541,43911.37981732718,194265.14663586818,4,0.22603838402178722
2007-10-24,4.485233,17.812445,0.04473482578869591,True,107544.09630996434,82641.09967032958,190185.1959802939,4,0.43452961332959095
2007-10-25,4.041253,17.502724,0.04957317188202647,False,65009.675483965526,116952.62959336842,181962.30507733393,4,0.6427299848925501
2007-10-26,4.081663,17.435279,0.049800852150243526,False,153512.64592586676,29530.520667968387,183043.16659383514,1,0.16133091017538684
2007-10-29,4.195938,17.559165,0.04780986051035635,False,164531.20908273262,19327.698832397524,183858.90791513014,1,0.1051224498805315
2007-10-30,4.243284,17.615606,0.04793584728122607,False,164531.20908273262,19545.78814375501,184076.9972264876,1,0.10618267593590713
2007-10-31,4.362532,17.707832,0.046884045896090756,False,164531.20908273262,20095.078774447295,184626.2878571799,1,0.10884191524227638
2007-11-01,4.14592,17.604587,0.04788405599826935,False,159145.68534231288,24477.445116343366,183623.13045865623,1,0.13330262399515402
2007-11-02,4.232001,17.506861,0.046450675770751744,False,159145.68534231288,24985.665958293994,184131.35130060688,1,0.1356947949483258
2007-11-05,4.170524,17.578441,0.046315012899776374,False,153509.67822404625,30253.083478845838,183762.76170289208,1,0.16463119730296102
2007-11-06,4.351186,17.674785,0.04779004584308633,False,165018.95166089176,20042.815830868916,185061.76749176066,1,0.10830338487803141
2007-11-07,4.001779,17.521998,0.05064201561655,False,159904.7431400176,23542.44598324959,183447.1891232672,1,0.12833364248187124
2007-11-08,3.83191,17.100776,0.04959177026976552,False,154876.26319121962,27566.563992163614,182442.82718338323,1,0.15109700073028884
2007-11-09,3.7318,17.01543,0.04841256999545176,False,149655.161622171,32062.263470410395,181717.4250925814,1,0.17644022555390773
2007-11-12,3.442215,16.726351,0.050468083069108174,False,144591.03841870406,34633.31899001593,179224.35740871998,1,0.19324002323542927
2007-11-13,3.676757,16.786923,0.0538440731370888,False,149989.40793897922,31589.354105438586,181578.7620444178,1,0.1739705335016614
2007-11-14,3.592108,16.898432,0.05132861366033656,False,145160.17192073577,35686.4924014728,180846.66432220855,1,0.19733011131403205
2007-11-15,3.528257,16.675412,0.05111083673763435,False,140070.235319953,40137.00402868211,180207.2393486351,1,0.22272692358952176
2007-11-16,3.456429,16.576318,0.0482016787826846,False,136865.79141110196,42521.14047914283,179386.9318902448,1,0.23703588679000737
2007-11-19,3.268051,16.38635,0.047917789185329,False,136865.79141110196,40203.706097826165,177069.49750892812,1,0.22705043309788028
2007-11-20,3.148228,16.043598,0.047622452046140955,False,136865.79141110196,38729.63831988763,175595.4297309896,1,0.22056176734907645
2007-11-21,2.96157,15.790309,0.045336668641456225,False,136865.79141110196,36433.363453672864,173299.15486477484,1,0.21023393612104907
2007-11-23,3.090853,15.881159,0.04294031200124226,False,136865.79141110196,38023.808564671825,174889.59997577377,1,0.2174160645912564
2007-11-26,2.853711,15.793059,0.045012803337867995,False,136865.79141110196,35106.47732612913,171972.2687372311,1,0.2041403395088708
2007-11-27,3.035895,15.688442,0.04742428633019932,False,136865.79141110196,37347.71284899164,174213.5042600936,1,0.21437897714997478
2007-11-28,3.423353,16.335414,0.056178633901032345,False,136865.79141110196,42114.23808291594,178980.0294940179,1,0.23530132496890407
2007-11-29,3.414806,16.48271,0.05549226935086867,False,136865.79141110196,42009.09251572065,178874.88392682263,1,0.23485182264552296
2007-11-30,3.26965,16.495097,0.05524218723648163,False,136865.79141110196,40223.37706564473,177089.1684767467,1,0.2271362919123221
2007-12-03,3.259699,16.338172,0.054763173940296464,False,136865.79141110196,40100.95942914534,176966.75084024732,1,0.22660165957019554
2007-12-04,3.183557,16.186748,0.05481382940321846,False,136865.79141110196,39164.25722048927,176030.04863159123,1,0.2224862034916274
2007-12-05,3.455641,16.568051,0.05758503420737287,False,136865.79141110196,42511.44646873568,179377.23787983763,1,0.2369946542337413
2007-12-06,3.631035,16.740126,0.056489950436840464,False,140225.38605061173,41306.1935180135,181531.57956862522,1,0.22754274278982034
2007-12-07,3.615045,16.843365,0.05575892693121284,False,140225.38605061173,41124.29330654403,181349.67935715575,1,0.22676794054624466
2007-12-10,3.70893,16.930081,0.055817597149309506,False,150541.6038841981,31865.772778098835,182407.37666229694,1,0.17469563655363612
2007-12-11,3.489095,16.927325,0.05448218879697461,False,146053.70179781283,34460.44936692211,180514.15116473494,1,0.19090165033916892
2007-12-12,3.618796,16.909439,0.05300529115867117,False,150699.1336256996,31091.37434955444,181790.50797525403,1,0.1710285905234761
2007-12-13,3.517809,16.724972,0.05312893322215318,False,145818.93012679514,35099.05907715446,180917.9892039496,1,0.194005356966394
2007-12-14,3.406558,16.609349,0.05346039879939267,False,140968.63691984795,38834.496195801,179803.13311564896,1,0.21598342321889766
2007-12-17,3.180283,16.329904,0.05540201923269619,False,137062.0616713129,40157.65137422719,177219.7130455401,1,0.22659810629479968
2007-12-18,3.224146,16.196395,0.05414537405425007,False,137062.0616713129,40711.51248099905,177773.57415231195,1,0.22900767268209643
2007-12-19,3.247092,16.278984,0.0534686444309035,False,137062.0616713129,41001.25319540497,178063.31486671788,1,0.23026221446059683
2007-12-20,3.37884,16.479957,0.051983941609187186,False,141204.24640781185,38518.51315204974,179722.7595598616,1,0.21432184352377526
2007-12-21,3.509036,16.737373,0.051815343129828925,False,146190.46644941598,35011.52617093815,181201.99262035414,1,0.1932182183244124
2007-12-24,3.618263,16.851629,0.04788518054164002,False,146190.46644941598,36101.34228256341,182291.8087319794,1,0.19804149475329752
2007-12-26,3.637727,16.891552,0.046423481737056245,False,151226.94734068043,31254.022591624846,182480.96993230528,1,0.17127277766672935
2007-12-27,3.412824,16.760571,0.04118507589378571,False,145858.2698363372,34685.052296734335,180543.32213307152,1,0.19211484471948134
2007-12-28,3.378765,16.545573,0.04124202838236962,False,145858.2698363372,34338.90547047711,180197.17530681432,1,0.190562950900921
2007-12-31,3.292492,16.449097,0.04045958847410851,False,140113.01416457255,39201.61593180007,179314.63009637262,1,0.21861917184744584
2008-01-02,3.028136,16.133479,0.04462091467214013,False,137072.90680909803,39091.1668361475,176164.07364524552,1,0.2219020372727543
2008-01-03,2.919731,15.844059,0.04501297100820102,False,137072.90680909803,37691.7323520713,174764.63916116933,1,0.21567138829103577
2008-01-04,2.498098,15.179751,0.05191374433925021,False,137072.90680909803,32248.738395846955,169321.64520494497,1,0.19045845176388082
2008-01-07,2.318941,14.778691,0.05104360216760784,False,137072.90680909803,29935.943931904887,167008.8507410029,1,0.17924764944541477
2008-01-08,2.155114,14.566448,0.05207667806658811,False,137072.90680909803,27821.049293993798,164893.95610309183,1,0.1687208552180048
2008-01-09,2.196279,14.242565,0.051747617985204664,False,137072.90680909803,28352.461318688198,165425.36812778623,1,0.1713912541925659
2008-01-10,2.222804,14.325253,0.05173447231549949,False,137072.90680909803,28694.880945920533,165767.78775501857,1,0.17310287682868475
2008-01-11,2.01525,14.12403,0.05239495256720284,False,137072.90680909803,26015.500613759177,163088.4074228572,1,0.1595177794967728
2008-01-14,2.198744,14.305957,0.05850957523842037,False,137072.90680909803,28384.282784517705,165457.18959361574,1,0.17155061592810306
2008-01-15,1.951451,14.034452,0.06231077933364073,False,137072.90680909803,25191.899113371026,162264.80592246907,1,0.15525177483901126
2008-01-16,1.87699,13.660949,0.06163421829012971,False,137072.90680909803,24230.65847761808,161303.5652867161,1,0.15021774896635565
2008-01-17,1.772713,13.713323,0.06124537094845857,False,137072.90680909803,22884.513653154136,159957.42046225216,1,0.14306628343356273
2008-01-18,1.912322,13.724355,0.06522814201149797,False,137072.90680909803,24686.77045761329,161759.6772667113,1,0.15261387061813583
2008-01-22,1.804549,13.394949,0.06364687685890448,False,137072.90680909803,23295.494661733537,160368.40147083157,1,0.1452623736850717
2008-01-23,1.932451,13.350854,0.06573631055378691,False,137072.90680909803,24946.622094806866,162019.5289039049,1,0.15397293316167404
2008-01-24,2.097395,14.060633,0.06912969520585253,False,137072.90680909803,27075.936439546178,164148.8432486442,1,0.1649474702574233
2008-01-25,1.970798,14.319743,0.0691034765428223,False,137072.90680909803,25441.655664853173,162514.5624739512,1,0.15655000559676682
2008-01-28,2.04784,13.935217,0.07028821341413533,False,137072.90680909803,26436.215247180542,163509.12205627857,1,0.16168036935628216
2008-01-29,2.058616,14.125412,0.07054817011676955,False,137072.90680909803,26575.326044656722,163648.23285375474,1,0.16239299124241646
2008-01-30,2.053809,14.208104,0.07072494809646364,False,137072.90680909803,26513.270958959994,163586.17776805803,1,0.16207525183791535
2008-01-31,2.035815,14.081311,0.0693446073125577,False,137072.90680909803,26280.980713062963,163353.887522161,1,0.1608837176250098
2008-02-01,2.361403,14.554042,0.0786988513971458,False,137072.90680909803,30484.099340445486,167557.0061495435,1,0.18193270482070223
2008-02-04,2.23532,14.731828,0.07181775053130758,False,137072.90680909803,28856.453954570483,165929.36076366852,1,0.17390806438211037
2008-02-05,1.942932,14.152978,0.07649036561746589,False,137072.90680909803,25081.92464383692,162154.83145293494,1,0.15467886105581066
2008-02-06,1.795688,13.85666,0.07674568414141027,False,137072.90680909803,23181.10520586527,160254.01201496331,1,0.14465226120954022
2008-02-07,1.845861,13.644414,0.07693584845775002,False,137072.90680909803,23828.80435599262,160901.71116509064,1,0.14809540671412408
2008-02-08,1.91029,13.892493,0.07741181509479929,False,137072.90680909803,24660.53872594369,161733.4455350417,1,0.15247643209703743
2008-02-11,2.043249,14.148841,0.07605946098973636,False,137072.90680909803,26376.94857390538,163449.85538300342,1,0.16137639591113537
2008-02-12,2.013551,14.281151,0.07332648344690687,False,137072.90680909803,25993.567684572834,163066.47449367086,1,0.15940473212095924
2008-02-13,2.237062,14.503049,0.07198601192249911,False,137072.90680909803,28878.941984377783,165951.8487934758,1,0.17402000757651773
2008-02-14,2.010203,14.43689,0.07576818402752077,False,137072.90680909803,25950.347292038477,163023.2541011365,1,0.15918187521848498
2008-02-15,1.900024,14.02756,0.0757351725886158,False,137072.90680909803,24528.01168001844,161600.91848911648,1,0.15178138781228745
2008-02-19,1.85827,13.943492,0.07395836541377078,False,137072.90680909803,23988.99606774855,161061.90287684658,1,0.1489427086062143
2008-02-20,1.967231,13.92695,0.07379826772430577,False,137072.90680909803,25395.608131946945,162468.51494104497,1,0.15631095133209202
2008-02-21,1.951066,14.21775,0.07226567010105095,False,137072.90680909803,25186.92902641591,162259.83583551395,1,0.15522589984590152
2008-02-22,1.970585,13.96416,0.06974565837578194,False,137072.90680909803,25438.905980381904,162511.81278947994,1,0.15653573450279468
2008-02-25,2.027221,14.130931,0.06863565434025101,False,137072.90680909803,26170.038044771365,163242.94485386938,1,0.16031343999704287
2008-02-26,2.124964,14.358324,0.06891053935441223,False,137072.90680909803,27431.83339348277,164504.7402025808,1,0.16675406045869315
2008-02-27,2.180856,14.519584,0.06911967676667279,False,137072.90680909803,28153.360926197933,165226.26773529596,1,0.1703927669134401
2008-02-28,2.026347,14.344551,0.07120194765088068,False,137072.90680909803,26158.755301917412,163231.66211101544,1,0.16025539998561425
2008-02-29,1.85108,13.966917,0.07398000648648219,False,137072.90680909803,23896.178080197165,160969.0848892952,1,0.1484519719835117
2008-03-03,1.817886,13.742265,0.06461864692909858,False,137072.90680909803,23467.66621944881,160540.57302854685,1,0.14617903609498054
2008-03-04,1.847399,13.62098,0.06414991032605412,False,137072.90680909803,23848.65888517955,160921.56569427758,1,0.14820051484266422
2008-03-05,1.902646,13.902138,0.05675418037531994,False,137072.90680909803,24561.859908580296,161634.7667176783,1,0.15195901480454155
2008-03-06,1.738146,13.720217,0.05764435669277281,False,137072.90680909803,22438.27730048533,159511.18410958335,1,0.14066899086568344
2008-03-07,1.744506,13.587909,0.05725384549987258,False,137072.90680909803,22520.38055512049,159593.28736421853,1,0.1411110763307057
2008-03-10,1.662697,13.521748,0.05740339898696898,False,158515.7247866053,0.0,158515.7247866053,0,0.0
2008-03-11,1.837575,13.622362,0.0600360657450781,False,158515.7247866053,0.0,158515.7247866053,1,0.0
2008-03-12,1.796934,13.853902,0.060124059675929355,False,154881.28161071712,3630.812363524652,158512.09397424178,1,0.02290558576631168
2008-03-13,1.892157,13.764322,0.055967462704977086,False,158700.67451123567,0.0,158700.67451123567,1,0.0
2008-03-14,1.729811,13.743645,0.05448410777123278,False,155004.1789576211,3692.80275086371,158696.98170848482,1,0.0232695210148806
2008-03-17,1.709789,13.343956,0.0532777114199251,False,155004.1789576211,3650.059759474597,158654.2387170957,1,0.023006380346277423
2008-03-18,1.914713,13.83736,0.05927787734591532,False,159087.62320446715,0.0,159087.62320446715,1,0.0
2008-03-19,1.679408,13.756045,0.06468726096344611,False,155736.257872421,3348.017314731421,159084.27518715244,1,0.021045557839030248
2008-03-20,1.778258,13.56723,0.06630409299460063,False,159277.79449454357,0.0,159277.79449454357,1,0.0
2008-03-24,1.947209,14.055121,0.06961932240100561,False,159277.79449454357,0.0,159277.79449454357,1,0.0
2008-03-25,1.964232,14.209481,0.0693277199946827,False,159277.79449454357,0.0,159277.79449454357,1,0.0
2008-03-26,1.901447,14.068904,0.06866797153899719,False,156107.176213073,3167.450830639929,159274.6270437129,1,0.019886725773155457
2008-03-27,1.754009,13.866308,0.07021628843057422,False,153057.28929409207,5968.687105929277,159025.97640002135,1,0.0375327807509596
2008-03-28,1.677856,13.696787,0.06914444621263835,False,149963.077097168,8800.668445791083,158763.74554295908,1,0.05543248186601742
2008-03-31,1.732266,13.66095,0.0669773333173413,False,149963.077097168,9086.05906938184,159049.13616654984,1,0.05712737137954201
2008-04-01,1.949324,14.03445,0.07211781024139205,False,156933.46374672608,3247.20485135076,160180.66859807682,1,0.020272139452099568
2008-04-02,1.991233,14.383142,0.07217460844301456,False,160247.16404298876,0.0,160247.16404298876,1,0.0
2008-04-03,2.076245,14.373498,0.07245822689019682,False,160247.16404298876,0.0,160247.16404298876,1,0.0
2008-04-04,2.08451,14.507181,0.06894800175443438,False,160247.16404298876,0.0,160247.16404298876,1,0.0
2008-04-07,2.037145,14.534748,0.06931477196444964,False,157028.97128157257,3214.9777836325725,160243.94906520515,1,0.020063021426939248
2008-04-08,1.907711,14.198463,0.07016755863037172,False,153961.11462343644,6075.499735661332,160036.6143590978,1,0.0379631858621355
2008-04-09,1.965721,14.254967,0.0669485147649331,False,153961.11462343644,6260.244563187994,160221.35918662444,1,0.03907247195360586
2008-04-10,2.103418,14.53474,0.0681449235579335,False,157336.93613905797,3319.5683859974906,160656.50452505547,1,0.020662520921957327
2008-04-11,1.87257,14.254961,0.07266134388708076,False,154371.37424297334,5917.848406839822,160289.22264981316,1,0.03691981475116799
2008-04-14,1.771412,13.917304,0.07083264276298883,False,151412.6951399517,8553.884026270387,159966.5791662221,1,0.05347294460414761
2008-04-15,1.785179,13.733992,0.07078044031356216,False,151412.6951399517,8620.362813469335,160033.05795342106,1,0.05386613818238956
2008-04-16,2.002386,14.296317,0.0709152515377332,False,157915.28713184517,3160.121888356937,161075.4090202021,1,0.019618897183496173
2008-04-17,1.961066,14.237047,0.06394462197598312,False,154778.10851726774,6228.956136065389,161007.06465333313,1,0.038687470947172745
2008-04-18,2.087832,14.616064,0.06417737149955535,False,158111.40539975156,3294.970900921221,161406.37630067277,1,0.02041413094352139
2008-04-21,2.156243,14.67532,0.06148408091887789,False,161510.9381123332,0.0,161510.9381123332,1,0.0
2008-04-22,1.98633,14.460317,0.06448187426003171,False,158115.56715289163,3391.978980461113,161507.54613335273,1,0.021001984499600043
2008-04-23,2.15962,14.724945,0.06654519694562672,False,161799.77887004722,0.0,161799.77887004722,1,0.0
2008-04-24,2.275246,14.933049,0.06397723362181548,False,161799.77887004722,0.0,161799.77887004722,1,0.0
2008-04-25,2.250311,14.956478,0.06282641560646525,False,161799.77887004722,0.0,161799.77887004722,1,0.0
2008-04-28,2.20205,14.935813,0.06319442444788792,False,158268.92189302525,3527.329647374587,161796.25154039986,1,0.021801059133275576
2008-04-29,2.233759,14.979905,0.05808191782269696,False,158268.92189302525,3578.1223613404827,161847.04425436573,1,0.022108048854552777
2008-04-30,2.106928,14.82555,0.059749148865697904,False,154591.88085545696,7048.327184570487,161640.20804002744,1,0.04360503658115244
2008-05-01,2.343706,15.015747,0.06359806214481623,False,162424.46341439037,0.0,162424.46341439037,1,0.0
2008-05-02,2.347511,15.267956,0.06360429144773458,False,162424.46341439037,0.0,162424.46341439037,1,0.0
2008-05-05,2.29668,15.171479,0.06357858321674946,False,158936.80892907668,3484.170314998675,162420.97924407537,1,0.021451479551560255
2008-05-06,2.413146,15.236263,0.06194107604077328,False,162594.00272503382,0.0,162594.00272503382,1,0.0
2008-05-07,2.325158,15.426455,0.0627155007906761,False,159068.40457488608,3522.076074073676,162590.48064895975,1,0.021662252673193078
2008-05-08,2.354186,15.267959,0.06116293615102971,False,159068.40457488608,3566.046773818902,162634.45134870498,1,0.021926761176652116
2008-05-09,2.352914,15.267958,0.054090697450035106,False,159068.40457488608,3564.119988298855,162632.52456318494,1,0.02191517347388988
2008-05-12,2.439415,15.360301,0.051960128396387376,False,162759.8584034131,0.0,162759.8584034131,1,0.0
2008-05-13,2.470684,15.507772,0.05193034564825775,False,162759.8584034131,0.0,162759.8584034131,1,0.0
2008-05-14,2.56529,15.777904,0.046835973289603386,False,162759.8584034131,0.0,162759.8584034131,1,0.0
2008-05-15,2.744452,15.922617,0.04769530221695771,False,162759.8584034131,0.0,162759.8584034131,1,0.0
2008-05-16,2.789515,16.037003,0.04646115787657718,False,162759.8584034131,0.0,162759.8584034131,1,0.0
2008-05-19,2.749658,16.294743,0.04669281695171739,True,157970.19386956206,4784.8796541968395,162755.0735237589,1,0.029399265722419063
2008-05-20,2.546602,15.841296,0.046135331299000194,False,139925.59321686358,22458.101234774193,162383.69445163777,2,0.1383026867975517
2008-05-21,2.424765,15.619412,0.044876749348577986,False,143902.93388796187,17392.99911308568,161295.93300104755,1,0.10783284357810013
2008-05-22,2.466217,15.600106,0.0436356534793684,False,143902.93388796187,17690.337040363425,161593.2709283253,1,0.10947446597705157
2008-05-23,2.409879,15.387861,0.04393778307274717,False,139004.17041010255,22180.090462496257,161184.2608725988,1,0.13760704886705757
2008-05-27,2.541468,15.583569,0.04486456368621698,False,149033.5216067809,13351.82123189186,162385.34283867278,1,0.08222306889579732
2008-05-28,2.570868,15.739317,0.04484553445182188,False,149033.5216067809,13506.276666395705,162539.79827317662,1,0.0830951976678108
2008-05-29,2.543941,15.782046,0.04237472737458511,False,149033.5216067809,13364.813350583287,162398.3349573642,1,0.08229649247384258
2008-05-30,2.656246,15.925367,0.036730123862648324,False,158356.67981928712,4622.326646419931,162979.00646570706,1,0.02836148499526244
2008-06-02,2.576448,15.786167,0.037634825792807906,False,153502.58285491378,9332.71206578525,162835.29492069903,1,0.0573138155971056
2008-06-03,2.467264,15.65662,0.03871853664894401,False,148709.03168654558,13725.975383781933,162435.00707032753,1,0.08450133768171761
2008-06-04,2.583795,15.784791,0.03851821666522029,False,153718.95651840488,9359.325230711273,163078.28174911617,1,0.05739161052181001
2008-06-05,2.683688,15.976358,0.03801237645389308,True,163430.40471802882,0.0,163430.40471802882,0,0.0
2008-06-06,2.57295,15.826142,0.03954282915833304,False,163430.40471802882,0.0,163430.40471802882,0,0.0
2008-06-09,2.412812,15.46091,0.042427242639305564,False,163430.40471802882,0.0,163430.40471802882,0,0.0
2008-06-10,2.267194,15.221101,0.04385172193133218,False,163430.40471802882,0.0,163430.40471802882,0,0.0
2008-06-11,2.049702,14.95235,0.04870318112055905,False,163430.40471802882,0.0,163430.40471802882,0,0.0
2008-06-12,2.075088,14.832434,0.04774030706258029,False,163430.40471802882,0.0,163430.40471802882,0,0.0
2008-06-13,2.235667,15.030903,0.048367112762062646,False,163430.40471802882,0.0,163430.40471802882,0,0.0
2008-06-16,2.370103,15.287257,0.05045450926680606,False,163430.40471802882,0.0,163430.40471802882,0,0.0
2008-06-17,2.273573,15.392005,0.050995032738889154,False,163430.40471802882,0.0,163430.40471802882,0,0.0
2008-06-18,2.122876,15.004716,0.05046032094033104,False,163430.40471802882,0.0,163430.40471802882,0,0.0
2008-06-19,2.289165,15.088782,0.05289166106104538,False,163430.40471802882,0.0,163430.40471802882,1,0.0
2008-06-20,2.134247,14.975781,0.05472250409270545,False,159375.2894351521,4051.064218658055,163426.35365381016,1,0.024788316743819164
2008-06-23,2.048907,14.9151,0.055134376273556926,False,155283.3080184413,7976.971889027192,163260.2799074685,1,0.048860457017152754
2008-06-24,2.080045,14.844631,0.05354125872543825,False,155283.3080184413,8098.200890968486,163381.5089094098,1,0.0495662021058864
2008-06-25,2.18954,15.115457,0.05510013166305734,False,159647.41814075309,4156.017157020981,163803.43529777406,1,0.02537197800196232
2008-06-26,1.894309,14.630452,0.06303431764438719,False,155984.77540784774,7254.616030228575,163239.39143807633,1,0.044441577283020936
2008-06-27,1.857193,14.246308,0.06154285491352136,False,152349.41842740268,10744.198515375138,163093.61694277782,1,0.06587749242905558
2008-06-30,1.801177,14.293294,0.06154419536861481,False,148667.36990442633,14098.50594341064,162765.875847837,1,0.08661831523329094
2008-07-01,1.782178,13.922967,0.06126753073936572,False,148667.36990442633,13949.793454622,162617.16335904834,1,0.0857830327775534
2008-07-02,1.654331,13.969948,0.06073343223240337,False,145127.64814352483,16485.271331955584,161612.91947548042,1,0.10200466265604895
2008-07-03,1.51182,13.526394,0.060797894019263526,False,141612.63195961615,18576.665705092517,160189.29766470866,1,0.11596695894113497
2008-07-07,1.53901,13.493227,0.06157355969148345,False,141612.63195961615,18910.76602161265,160523.3979812288,1,0.11780691325649627
2008-07-08,1.56558,13.414469,0.061579795172227045,False,145245.36863078884,15600.874971141218,160846.24360193007,1,0.09699247319540148
2008-07-09,1.37556,13.259706,0.06560959668335871,False,141911.66307739652,17037.716595007256,158949.37967240377,1,0.10718957588964585
2008-07-10,1.436195,13.041384,0.06474084572543003,False,145385.3647777194,14311.56416738727,159696.92894510666,1,0.0896170280914209
2008-07-11,1.420824,13.056587,0.06438095945768538,False,145385.3647777194,14158.393426076438,159543.75820379585,1,0.08874301060396848
2008-07-14,1.368753,13.04829,0.06057988174733456,False,141886.79985771977,17134.580075991944,159021.37993371172,1,0.10775016594079687
2008-07-15,1.409029,13.046911,0.05879240295338225,False,141886.79985771977,17638.770640060593,159525.57049778037,1,0.11057017746447124
2008-07-16,1.545589,13.292872,0.06430862240465517,False,145829.46852994044,15401.666312658048,161231.1348425985,1,0.09552538551374638
2008-07-17,1.645172,13.645232,0.06568272105644585,False,145829.46852994044,16394.00265589899,162223.47118583941,1,0.1010581424257554
2008-07-18,1.621451,13.560934,0.0623219154337729,False,145829.46852994044,16157.624856495291,161987.09338643574,1,0.09974637187883684
2008-07-21,1.580343,13.692206,0.06112025609146492,False,142174.76016653923,19399.044348927935,161573.80451546717,1,0.12006305358162746
2008-07-22,1.434112,13.182327,0.06361508147529277,False,138706.09832508827,21069.22456110645,159775.3228861947,1,0.13186782652358467
2008-07-23,1.474648,13.298397,0.06402641635817514,False,138706.09832508827,21664.758303805073,160370.85662889335,1,0.13509161676387668
2008-07-24,1.263592,12.962625,0.06879411715335972,False,135577.06830460188,21689.9378889189,157267.0061935208,1,0.13791791688479726
2008-07-25,1.300748,12.716662,0.06400113137068998,False,135577.06830460188,22327.731838390464,157904.80014299235,1,0.14139995629120428
2008-07-28,1.237618,12.698697,0.06437517567210517,False,132101.28737571818,24716.39496317161,156817.6823388898,1,0.15761229597666424
2008-07-29,1.332861,12.788514,0.06766837552258484,False,139131.04005290935,19581.697745881007,158712.73779879036,1,0.12337823679096191
2008-07-30,1.365343,13.02204,0.0682305103868472,False,139131.04005290935,20058.906326657027,159189.94637956636,1,0.126006112715368
2008-07-31,1.350576,13.092508,0.06669695897308006,False,139131.04005290935,19841.957274495227,158972.99732740456,1,0.12481338093934756
2008-08-01,1.314362,12.854842,0.06416398911209506,False,135717.4791622715,22720.070838596628,158437.55000086816,1,0.14340079632935585
2008-08-04,1.321983,12.93637,0.06397499700759875,False,135717.4791622715,22851.807498558603,158569.2866608301,1,0.14411244434388612
2008-08-05,1.41973,13.064877,0.0661878847020319,False,139397.3267359577,20857.931727884334,160255.25846384204,1,0.13015442942604252
2008-08-06,1.47318,13.227924,0.05986897861223898,False,139397.3267359577,21643.19121444545,161040.51795040315,1,0.13439593643825132
2008-08-07,1.516087,13.494607,0.05945081492198431,False,143056.93354912754,18610.28836767278,161667.2219168003,1,0.11511479041342279
2008-08-08,1.610999,13.634175,0.060733450281296515,False,143056.93354912754,19775.353228431144,162832.28677755868,1,0.12144614326669614
2008-08-11,1.712696,14.021079,0.06100562487933902,False,150667.0900873336,13405.931085759828,164073.02117309344,1,0.08170710205681447
2008-08-12,1.702613,14.080498,0.06096910822841853,False,150667.0900873336,13327.007562181963,163994.09764951558,1,0.08126516596142465
2008-08-13,1.727722,14.1178,0.057790565612692184,False,150667.0900873336,13523.545373698042,164190.63546103163,1,0.08236490062740312
2008-08-14,1.780467,14.17169,0.05655412548953499,False,150667.0900873336,13936.400798781304,164603.49088611492,1,0.08466649597622176
2008-08-15,1.805302,14.341653,0.056422023403120455,False,150667.0900873336,14130.793906790457,164797.88399412407,1,0.0857462096254482
2008-08-18,1.736378,14.211767,0.056881592913017455,False,146689.1898732209,17565.22550661765,164254.41537983855,1,0.10693913747157448
2008-08-19,1.638705,13.971331,0.05377978229692323,False,142817.23000422766,20445.25577251076,163262.48577673844,1,0.12522935489583115
2008-08-20,1.625007,13.916064,0.053638392620472944,False,142817.23000422766,20274.35306972298,163091.58307395063,1,0.12431268792412162
2008-08-21,1.59776,13.7461,0.03894036974595131,False,138542.80644938696,24204.560059798638,162747.3665091856,1,0.14872474178211978
2008-08-22,1.657411,13.898096,0.03915645447697673,False,142967.95279177482,20678.640643174233,163646.59343494906,1,0.1263615710484934
2008-08-25,1.579536,13.830391,0.0390227566979758,False,138047.7276525009,24622.345276268978,162670.0729287699,1,0.15136370712178035
2008-08-26,1.538498,13.588578,0.037045622606549186,False,133019.10120301167,29006.233798295023,162025.3350013067,1,0.17902282873268613
2008-08-27,1.584445,13.696354,0.03719311877490583,False,133019.10120301167,29872.50039359139,162891.60159660305,1,0.18338883098202866
2008-08-28,1.629387,13.824861,0.037200541753636455,False,143399.52948596145,20329.000013671764,163728.5294996332,1,0.12416284489819049
2008-08-29,1.520283,13.594098,0.040432125790151645,False,138584.66518704567,23777.82134222678,162362.48652927246,1,0.14644898492571348
2008-09-02,1.448702,13.559558,0.04229792751024898,False,133663.26849685874,27574.74668676227,161238.01518362103,1,0.17101889188700076
2008-09-03,1.251602,12.984731,0.051256049118205194,False,129199.35465504687,28282.578882762366,157481.93353780924,1,0.1795925300597869
2008-09-04,1.135945,12.488669,0.05398207439754342,False,125073.02665760607,29791.27157212848,154864.29822973456,1,0.1923701712575122
2008-09-05,1.180944,12.379502,0.05444007400658822,False,129354.24282759396,26685.912803051542,156040.15563064552,1,0.17101952183525354
2008-09-08,1.159814,12.527355,0.05164212602111167,False,125146.875174381,30411.600512581783,155558.47568696277,1,0.19549947618270827
2008-09-09,1.024502,12.159798,0.05356218894899917,False,122840.98883561415,29167.153594387568,152008.14243000172,1,0.19187888969710132
2008-09-10,1.04369,12.057548,0.05431183111194444,False,122840.98883561415,29713.428119150925,152554.41695476507,1,0.19477265039111555
2008-09-11,1.044409,11.911075,0.05387089100867525,False,122840.98883561415,29733.897755554135,152574.8865911683,1,0.1948806806930654
2008-09-12,1.048729,11.906935,0.052771874595824296,False,122840.98883561415,29856.886391523374,152697.87522713753,1,0.19552915420146721
2008-09-15,0.926028,11.775661,0.05616147404233644,False,122840.98883561415,26363.639025305492,149204.62786091963,1,0.17669451278602585
2008-09-16,0.955207,11.442645,0.05794751311201135,False,122840.98883561415,27194.35324033937,150035.34207595352,1,0.1812529825577534
2008-09-17,0.859078,11.547665,0.060133195403286134,False,122840.98883561415,24457.59986369893,147298.58869931308,1,0.16604096535931703
2008-09-18,0.988852,11.53937,0.07142981273552071,False,122840.98883561415,28152.21265172477,150993.20148733893,1,0.18644688882953045
2008-09-19,1.060652,11.99951,0.07452044549460338,False,122840.98883561415,30196.32933288013,153037.31816849427,1,0.19731350296947792
2008-09-22,0.91605,11.84613,0.07829292406951596,False,122840.98883561415,26079.56943972655,148920.5582753407,1,0.17512403755234232
2008-09-23,0.874184,11.572536,0.07827678614548991,False,122840.98883561415,24887.661515308024,147728.65035092217,1,0.16846875305628667
2008-09-24,0.900808,11.602932,0.07940519773508982,False,122840.98883561415,25645.63592365176,148486.62475926592,1,0.17271344112797885
2008-09-25,0.939609,11.557335,0.07992925371182104,False,122840.98883561415,26750.28454963378,149591.2733852479,1,0.17882249374763184
2008-09-26,0.954905,11.463379,0.07955097099464553,False,122840.98883561415,27185.755423658185,150026.74425927232,1,0.1812060613451457
2008-09-29,0.711585,11.218797,0.09931355501855013,False,122840.98883561415,20258.534381057605,143099.52321667175,1,0.14156954492701898
2008-09-30,0.795879,10.917563,0.10475161818797392,False,122840.98883561415,22658.35014040732,145499.33897602148,1,0.15572819986585268
2008-10-01,0.782922,11.142794,0.10112551865613084,False,122840.98883561415,22289.46964127459,145130.45847688874,1,0.15358230019526928
2008-10-02,0.640785,10.714443,0.10752019897400934,False,122840.98883561415,18242.88729156179,141083.87612717593,1,0.12930526005053386
2008-10-03,0.618963,10.612188,0.10634217243840867,False,122840.98883561415,17621.623862367192,140462.61269798133,1,0.12545419399435992
2008-10-06,0.555993,9.784493,0.10757779771637536,False,122840.98883561415,15828.893675565616,138669.88251117975,1,0.11414802831674332
2008-10-07,0.447192,9.720933,0.11346010194824432,False,122840.98883561415,12731.37363341542,135572.36246902955,1,0.09390832616289181
2008-10-08,0.444018,9.358899,0.11288919585561928,False,122840.98883561415,12641.011149488024,135481.99998510216,1,0.09330398983538811
2008-10-09,0.421119,9.385152,0.11243958962949441,False,122840.98883561415,11989.085970076094,134830.07480569024,1,0.0889199682441333
2008-10-10,0.405118,8.951267,0.11185254427004065,False,122840.98883561415,11533.544033931707,134374.53286954586,1,0.08583132374591217
2008-10-13,0.516482,9.55373,0.12760920316784186,False,122840.98883561415,14704.03163950532,137545.02047511947,1,0.10690340943433232
2008-10-14,0.45232,9.806606,0.12878704643473765,False,122840.98883561415,12877.365699445569,135718.3545350597,1,0.09488300785520501
2008-10-15,0.326763,9.005161,0.14342311274082037,False,122840.98883561415,9302.80917944803,132143.79801506217,1,0.0703991357837896
2008-10-16,0.374375,8.621023,0.143103167013382,False,122840.98883561415,10658.303377542305,133499.29221315644,1,0.07983790176598346
2008-10-17,0.356804,9.023122,0.14035931288202103,False,122840.98883561415,10158.064182492431,132999.05301810658,1,0.07637696624132734
2008-10-20,0.388827,9.054906,0.14195016761058823,False,122840.98883561415,11069.745916206053,133910.7347518202,1,0.08266511222361572
2008-10-21,0.333414,8.842108,0.14410503727337112,False,122840.98883561415,9492.160433575666,132333.1492691898,1,0.07172927181130465
2008-10-22,0.292743,8.491131,0.1439790802141662,False,122840.98883561415,8334.273671190294,131175.26250680443,1,0.06353540684363389
2008-10-23,0.274423,8.147065,0.14210694211033054,False,122840.98883561415,7812.710751987423,130653.69958760157,1,0.059797087848623094
2008-10-24,0.273587,7.949465,0.14161853664560084,False,122840.98883561415,7788.910173360044,130629.89900897419,1,0.05962578423814713
2008-10-27,0.271921,8.223064,0.1310777849581496,False,122840.98883561415,7741.479833655241,130582.46866926938,1,0.059284220252125486
2008-10-28,0.34525,8.510476,0.14185100892293726,False,122840.98883561415,9829.126520458045,132670.1153560722,1,0.0740869674687305
2008-10-29,0.328165,8.806181,0.14173586076346187,False,122840.98883561415,9342.72354695471,132183.71238256886,1,0.07067983928242842
2008-10-30,0.370847,8.922249,0.14130122884062893,False,122840.98883561415,10557.862658167427,133398.85149378158,1,0.07914507913630414
2008-10-31,0.38502,9.153014,0.1420242198079455,False,122840.98883561415,10961.362180758164,133802.3510163723,1,0.08192204469872814
2008-11-03,0.382253,9.281521,0.14068217597919896,False,122840.98883561415,10882.586820636203,133723.57565625035,1,0.08138121320215791
2008-11-04,0.424942,9.439046,0.13508525150524078,False,122840.98883561415,12097.925218990535,134938.91405460468,1,0.08965482865895127
2008-11-05,0.358894,9.253881,0.14012453720348078,False,122840.98883561415,10217.565629060882,133058.55446467502,1,0.07678999422598934
2008-11-06,0.277059,8.65833,0.15056647308572288,False,122840.98883561415,7887.756595601985,130728.74543121613,1,0.060336818574857246
2008-11-07,0.295456,8.502185,0.15168360560260843,False,122840.98883561415,8411.511673362642,131252.50050897678,1,0.06408648704401142
2008-11-10,0.269673,8.431714,0.1396186445734527,False,122840.98883561415,7677.480191604583,130518.46902721873,1,0.0588229409127033
2008-11-11,0.252437,8.151212,0.13788751970964486,False,122840.98883561415,7186.778309760659,130027.7671453748,1,0.05527110453050872
2008-11-12,0.214314,7.891434,0.12363723251415851,False,122840.98883561415,6101.4320669238095,128942.42090253795,1,0.04731904383535361
2008-11-13,0.256685,7.776744,0.12695945862974975,False,122840.98883561415,7307.717135130407,130148.70597074456,1,0.0561489803576923
2008-11-14,0.203123,7.818197,0.13571847229860207,False,122840.98883561415,5782.828866661837,128623.81770227598,1,0.04495923826524324
2008-11-17,0.187278,7.558421,0.13344916708052953,False,122840.98883561415,5331.728186816341,128172.71702243049,1,0.04159799613113669
2008-11-18,0.17457,7.291731,0.13087032992459044,False,122840.98883561415,4969.936616006838,127810.92545162098,1,0.038885068693818824
2008-11-19,0.135431,7.029192,0.13844289188882655,False,122840.98883561415,3855.665268043891,126696.65410365803,1,0.03043225802071571
2008-11-20,0.118607,6.725199,0.1399447950270332,False,122840.98883561415,3376.6928579636997,126217.68169357785,1,0.02675293043459149
2008-11-21,0.134891,6.546947,0.14488269989321587,False,122840.98883561415,3840.291688547737,126681.28052416188,1,0.03031459480562544
2008-11-24,0.159883,6.986354,0.15193224392951338,False,122840.98883561415,4551.803723303095,127392.79255891724,1,0.035730465059064895
2008-11-25,0.154525,7.083085,0.13851268951273515,False,122840.98883561415,4399.263651191251,127240.2524868054,1,0.034574464960665234
2008-11-26,0.185767,7.247513,0.14725286390715636,False,122840.98883561415,5288.710633818767,128129.69946943292,1,0.04127622757033361
2008-11-28,0.179055,7.500387,0.14291539920234692,False,122840.98883561415,5097.622734599899,127938.61157021404,1,0.039844286818778475
2008-12-01,0.138376,7.091377,0.14995270901666083,False,122840.98883561415,3939.508215481252,126780.4970510954,1,0.031073456147545638
2008-12-02,0.145344,6.937994,0.15134465730626676,False,122840.98883561415,4137.884330164965,126978.8731657791,1,0.03258718735645646
2008-12-03,0.166426,7.099666,0.15306565200470956,False,122840.98883561415,4738.0802615315,127579.06909714565,1,0.037138382456166595
2008-12-04,0.138345,7.130064,0.15377142095250274,False,122840.98883561415,3938.625658139806,126779.61449375395,1,0.03106671111019864
2008-12-05,0.15335,6.937995,0.14882658785714342,False,122840.98883561415,4365.811880991285,127206.80071660543,1,0.034320585506411344
2008-12-08,0.160406,7.31108,0.14824726061788207,False,122840.98883561415,4566.693319741037,127407.68215535519,1,0.035843155157415214
2008-12-09,0.182214,7.528024,0.15156205396376238,False,128023.3594520919,0.0,128023.3594520919,0,0.0
2008-12-10,0.192483,7.830633,0.15202175341044635,False,128023.3594520919,0.0,128023.3594520919,1,0.0
2008-12-11,0.179173,7.760163,0.14859069973627423,False,128023.3594520919,0.0,128023.3594520919,1,0.0
2008-12-12,0.206098,7.72009,0.14613486556047167,False,128023.3594520919,0.0,128023.3594520919,1,0.0
2008-12-15,0.196694,7.870709,0.13678973369069652,False,128023.3594520919,0.0,128023.3594520919,1,0.0
2008-12-16,0.227969,8.137393,0.13932427544620116,False,128023.3594520919,0.0,128023.3594520919,1,0.0
2008-12-17,0.234808,8.275573,0.13808633196726597,False,128023.3594520919,0.0,128023.3594520919,1,0.0
2008-12-18,0.191334,8.053101,0.13341410032614542,False,128023.3594520919,0.0,128023.3594520919,1,0.0
2008-12-19,0.204457,8.037897,0.12899138711735061,False,128023.3594520919,0.0,128023.3594520919,1,0.0
2008-12-22,0.181034,7.778404,0.1307645417719093,False,128023.3594520919,0.0,128023.3594520919,1,0.0
2008-12-23,0.164974,7.620907,0.1275075399575627,False,128023.3594520919,0.0,128023.3594520919,1,0.0
2008-12-24,0.170675,7.555405,0.12741408661293152,False,128023.3594520919,0.0,128023.3594520919,1,0.0
2008-12-26,0.167289,7.538679,0.12028318685698194,False,128023.3594520919,0.0,128023.3594520919,1,0.0
2008-12-29,0.164876,7.460628,0.1200785343464969,False,128023.3594520919,0.0,128023.3594520919,1,0.0
2008-12-30,0.186934,7.705929,0.10739060654525837,False,128023.3594520919,0.0,128023.3594520919,1,0.0
2008-12-31,0.192121,7.903839,0.10713699368554849,False,128023.3594520919,0.0,128023.3594520919,1,0.0
2009-01-02,0.218937,8.079447,0.10685615500866863,False,128023.3594520919,0.0,128023.3594520919,1,0.0
2009-01-05,0.218716,8.273174,0.09626371173144378,False,128023.3594520919,0.0,128023.3594520919,1,0.0
2009-01-06,0.254088,8.55889,0.09885560549332778,False,128023.3594520919,0.0,128023.3594520919,1,0.0
2009-01-07,0.218266,8.358197,0.10631431786344717,False,128023.3594520919,0.0,128023.3594520919,1,0.0
2009-01-08,0.217607,8.200704,0.10302770991055231,False,128023.3594520919,0.0,128023.3594520919,1,0.0
2009-01-09,0.194589,8.142165,0.10581577860191602,False,128023.3594520919,0.0,128023.3594520919,1,0.0
2009-01-12,0.176708,7.841122,0.10684360532672318,False,128023.3594520919,0.0,128023.3594520919,1,0.0
2009-01-13,0.17747,7.811853,0.1016198855181282,False,128023.3594520919,0.0,128023.3594520919,1,0.0
2009-01-14,0.15609,7.544259,0.10486785065663488,False,128023.3594520919,0.0,128023.3594520919,1,0.0
2009-01-15,0.164486,7.485718,0.09927783700727291,False,128023.3594520919,0.0,128023.3594520919,1,0.0
2009-01-16,0.184767,7.757498,0.10320263865020278,False,128023.3594520919,0.0,128023.3594520919,1,0.0
2009-01-20,0.147449,7.627878,0.10533725407713283,False,128023.3594520919,0.0,128023.3594520919,1,0.0
2009-01-21,0.158316,7.395128,0.10553177497662806,False,128023.3594520919,0.0,128023.3594520919,1,0.0
2009-01-22,0.146578,7.350527,0.10356141430747279,False,128023.3594520919,0.0,128023.3594520919,1,0.0
2009-01-23,0.165371,7.544256,0.10561236391942816,False,128023.3594520919,0.0,128023.3594520919,1,0.0
2009-01-26,0.16951,7.785371,0.10547644261745191,False,128023.3594520919,0.0,128023.3594520919,1,0.0
2009-01-27,0.18579,7.919168,0.10732165467645959,False,128023.3594520919,0.0,128023.3594520919,1,0.0
2009-01-28,0.205217,8.232757,0.10922575610419341,False,128023.3594520919,0.0,128023.3594520919,1,0.0
2009-01-29,0.174321,7.973522,0.11231647986817717,False,128023.3594520919,0.0,128023.3594520919,1,0.0
2009-01-30,0.16375,7.806278,0.11281485330628119,False,128023.3594520919,0.0,128023.3594520919,1,0.0
2009-02-02,0.169439,7.694776,0.10855598079990492,False,128023.3594520919,0.0,128023.3594520919,1,0.0
2009-02-03,0.177624,7.802094,0.10936347864104415,False,128023.3594520919,0.0,128023.3594520919,1,0.0
2009-02-04,0.184378,8.073871,0.10341306165022009,False,128023.3594520919,0.0,128023.3594520919,1,0.0
2009-02-05,0.207073,8.168646,0.10223199333082592,False,128023.3594520919,0.0,128023.3594520919,1,0.0
2009-02-06,0.230104,8.549135,0.10504924935087809,False,128023.3594520919,0.0,128023.3594520919,1,0.0
2009-02-09,0.226547,8.585372,0.10167402411985649,False,128023.3594520919,0.0,128023.3594520919,1,0.0
2009-02-10,0.195305,8.422308,0.10508102617602297,False,128023.3594520919,0.0,128023.3594520919,1,0.0
2009-02-11,0.184568,8.052968,0.1059793733791003,False,128023.3594520919,0.0,128023.3594520919,1,0.0
2009-02-12,0.19165,8.04182,0.10164718925869089,False,128023.3594520919,0.0,128023.3594520919,1,0.0
2009-02-13,0.201069,8.268996,0.1015556229067462,False,128023.3594520919,0.0,128023.3594520919,1,0.0
2009-02-17,0.15995,7.857843,0.11139270226305877,False,128023.3594520919,0.0,128023.3594520919,1,0.0
2009-02-18,0.160642,7.80488,0.09882164891796744,False,128023.3594520919,0.0,128023.3594520919,1,0.0
2009-02-19,0.137924,7.59443,0.10340446740300528,False,128023.3594520919,0.0,128023.3594520919,1,0.0
2009-02-20,0.140424,7.382584,0.10218768751138642,False,128023.3594520919,0.0,128023.3594520919,1,0.0
2009-02-23,0.122713,7.269689,0.10199822707053152,False,128023.3594520919,0.0,128023.3594520919,1,0.0
2009-02-24,0.141466,7.347739,0.1076292552857303,False,128023.3594520919,0.0,128023.3594520919,1,0.0
2009-02-25,0.153493,7.633455,0.1071538846614209,False,128023.3594520919,0.0,128023.3594520919,1,0.0
2009-02-26,0.149319,7.816034,0.10407346190199086,False,128023.3594520919,0.0,128023.3594520919,1,0.0
2009-02-27,0.14686,7.623701,0.09814926950600246,False,128023.3594520919,0.0,128023.3594520919,1,0.0
2009-03-02,0.12368,7.351918,0.10416564588235701,False,128023.3594520919,0.0,128023.3594520919,1,0.0
2009-03-03,0.129012,7.285024,0.10437713078111392,False,128023.3594520919,0.0,128023.3594520919,1,0.0
2009-03-04,0.1462,7.569347,0.10815048214096472,False,128023.3594520919,0.0,128023.3594520919,1,0.0
2009-03-05,0.140251,7.622301,0.10778162695496656,False,128023.3594520919,0.0,128023.3594520919,1,0.0
2009-03-06,0.134935,7.46063,0.10344307477324365,False,128023.3594520919,0.0,128023.3594520919,1,0.0
2009-03-09,0.127165,7.435545,0.0992844023846845,False,128023.3594520919,0.0,128023.3594520919,1,0.0
2009-03-10,0.156736,7.630666,0.1127551483513548,False,128023.3594520919,0.0,128023.3594520919,1,0.0
2009-03-11,0.168625,7.980491,0.11016582286301704,False,128023.3594520919,0.0,128023.3594520919,1,0.0
2009-03-12,0.190589,8.172827,0.11318723548472928,False,128023.3594520919,0.0,128023.3594520919,1,0.0
2009-03-13,0.196299,8.381887,0.11306545260363875,False,128023.3594520919,0.0,128023.3594520919,1,0.0
2009-03-16,0.178442,8.455757,0.11447887992700893,False,128023.3594520919,0.0,128023.3594520919,1,0.0
2009-03-17,0.199367,8.341469,0.10443859223246964,False,128023.3594520919,0.0,128023.3594520919,1,0.0
2009-03-18,0.218737,8.667601,0.10599940637909691,False,128023.3594520919,0.0,128023.3594520919,1,0.0
2009-03-19,0.217282,8.795826,0.09859905700699273,False,128023.3594520919,0.0,128023.3594520919,1,0.0
2009-03-20,0.191406,8.571435,0.10412558646396387,False,128023.3594520919,0.0,128023.3594520919,1,0.0
2009-03-23,0.228244,8.780492,0.10370724249859561,False,128023.3594520919,0.0,128023.3594520919,1,0.0
2009-03-24,0.20803,8.826486,0.10375679127737492,False,128023.3594520919,0.0,128023.3594520919,1,0.0
2009-03-25,0.212626,8.79582,0.10272319130593151,False,128023.3594520919,0.0,128023.3594520919,1,0.0
2009-03-26,0.243649,8.999309,0.10553124672183346,False,128023.3594520919,0.0,128023.3594520919,1,0.0
2009-03-27,0.231241,9.098263,0.10655833427266692,False,128023.3594520919,0.0,128023.3594520919,1,0.0
2009-03-30,0.201934,8.783279,0.10333474621365574,False,128023.3594520919,0.0,128023.3594520919,1,0.0
2009-03-31,0.203495,8.747042,0.10331181277480223,False,128023.3594520919,0.0,128023.3594520919,1,0.0
2009-04-01,0.214082,8.670392,0.10074332269436391,False,128023.3594520919,0.0,128023.3594520919,1,0.0
2009-04-02,0.240233,9.173527,0.10187273277782755,False,128023.3594520919,0.0,128023.3594520919,1,0.0
2009-04-03,0.261874,9.278058,0.10147031087525184,False,128023.3594520919,0.0,128023.3594520919,1,0.0
2009-04-06,0.247763,9.244606,0.10128607438594081,False,128023.3594520919,0.0,128023.3594520919,1,0.0
2009-04-07,0.220795,9.03276,0.0975643741191646,False,128023.3594520919,0.0,128023.3594520919,1,0.0
2009-04-08,0.235839,9.056448,0.09736001628289234,False,128023.3594520919,0.0,128023.3594520919,1,0.0
2009-04-09,0.265759,9.487114,0.09719073073084825,False,128023.3594520919,0.0,128023.3594520919,1,0.0
2009-04-13,0.257149,9.393736,0.09775623728228751,False,128023.3594520919,0.0,128023.3594520919,1,0.0
2009-04-14,0.259653,9.482936,0.09436153946946177,False,128023.3594520919,0.0,128023.3594520919,1,0.0
2009-04-15,0.245219,9.2237,0.09320201856755397,False,128023.3594520919,0.0,128023.3594520919,1,0.0
2009-04-16,0.275421,9.526139,0.0944308293440845,False,128023.3594520919,0.0,128023.3594520919,1,0.0
2009-04-17,0.276372,9.623696,0.09435527684549228,False,128023.3594520919,0.0,128023.3594520919,1,0.0
2009-04-20,0.237754,9.363074,0.09632000594112182,False,128023.3594520919,0.0,128023.3594520919,1,0.0
2009-04-21,0.236248,9.165165,0.0881454543807552,False,128023.3594520919,0.0,128023.3594520919,1,0.0
2009-04-22,0.257666,9.400702,0.08715519095488296,False,128023.3594520919,0.0,128023.3594520919,1,0.0
2009-04-23,0.252224,9.371437,0.08739918688236228,False,125999.57356147346,2021.7641264919457,128021.33768796541,1,0.015792399634346272
2009-04-24,0.262954,9.453664,0.08255405671671363,False,125999.57356147346,2107.773106911171,128107.34666838463,1,0.016453179007502965
2009-04-27,0.258129,9.535898,0.08168778905487366,False,125999.57356147346,2069.097120841948,128068.67068231541,1,0.01615615364646447
2009-04-28,0.245419,9.38398,0.07597512747255773,False,123858.7146680381,4105.937131836725,127964.65179987482,1,0.032086494778714676
2009-04-29,0.258362,9.520563,0.07653918554392206,False,126107.97596151146,2070.9647902210418,128178.9407517325,1,0.016156825591438273
2009-04-30,0.277881,9.792338,0.07728500036287111,True,128333.17272072738,0.0,128333.17272072738,1,0.0
2009-05-01,0.280263,9.731018,0.07344557127893744,True,128333.17272072738,0.0,128333.17272072738,2,0.0
2009-05-04,0.319776,10.078057,0.07665337874889813,True,128333.17272072738,0.0,128333.17272072738,2,0.0
2009-05-05,0.310642,10.094781,0.07568921337779173,True,119097.08008396067,9226.865770995722,128323.94585495639,2,0.07190291499783509
2009-05-06,0.317041,10.12684,0.06958411036925849,True,119097.08008396067,9416.932516859457,128514.01260082012,3,0.07327553102018201
2009-05-07,0.26593,9.928925,0.08090964164015176,True,105887.01182021419,21095.6758504792,126982.68767069338,3,0.16613033034225122
2009-05-08,0.241322,9.491295,0.07940548685713,True,93491.94185286247,31526.261482265225,125018.20333512769,3,0.2521733686873978
2009-05-11,0.244338,9.33102,0.07920779724052254,False,93491.94185286247,31920.271164890564,125412.21301775303,4,0.2545228283338881
2009-05-12,0.226099,9.24182,0.08088377973122997,False,120943.68026403489,2054.2014313863833,122997.88169542127,1,0.016701112271780314
2009-05-13,0.207555,9.032758,0.08205282958667443,False,118904.91184418512,3922.453332624446,122827.36517680956,1,0.031934685947045176
2009-05-14,0.223112,9.085718,0.07908232460385244,False,121092.11456697524,2027.0633207554158,123119.17788773066,1,0.016464236973738118
2009-05-15,0.215158,9.119169,0.07921189643075596,False,118902.8454283205,4141.880050283351,123044.72547860385,1,0.03366158146294194
2009-05-18,0.23745,9.247395,0.07588617563531286,False,123469.28464285978,0.0,123469.28464285978,1,0.0
2009-05-19,0.253375,9.48154,0.07723650328186635,True,123469.28464285978,0.0,123469.28464285978,1,0.0
2009-05-20,0.261352,9.825789,0.07504687079660108,True,123469.28464285978,0.0,123469.28464285978,1,0.0
2009-05-21,0.245744,9.48572,0.0761995270559008,True,118974.25897789744,4490.535129832522,123464.79410772996,1,0.03637097653857729
2009-05-22,0.245961,9.452268,0.07553207907956307,True,118974.25897789744,4494.50041941507,123468.7593973125,1,0.036401924190006076
2009-05-26,0.270933,9.595822,0.07864323403311795,True,123920.1275247453,0.0,123920.1275247453,1,0.0
2009-05-27,0.28227,9.969344,0.07806202847852416,True,123920.1275247453,0.0,123920.1275247453,1,0.0
2009-05-28,0.297723,9.938683,0.0781201875752302,True,123920.1275247453,0.0,123920.1275247453,1,0.0
2009-05-29,0.301417,10.086418,0.07659705387979679,True,123920.1275247453,0.0,123920.1275247453,1,0.0
2009-06-01,0.349335,10.546346,0.08305771805873222,True,123920.1275247453,0.0,123920.1275247453,1,0.0
2009-06-02,0.321462,10.50593,0.08046479075182225,True,119938.17172495023,3977.977821973103,123916.14954692333,1,0.03210217422440779
2009-06-03,0.30467,10.192341,0.08112307942564735,True,115707.46311426912,7996.664927827573,123704.1280420967,1,0.0646434767731138
2009-06-04,0.324106,10.372133,0.0822196313336614,True,120199.07170238052,4010.6963808114624,124209.76808319199,1,0.032289701870510036
2009-06-05,0.308532,10.359588,0.07214084632555186,True,116037.88091085776,7975.007432317533,124012.88834317529,1,0.06430789201722852
2009-06-08,0.309035,10.216035,0.0678626143323425,True,116037.88091085776,7988.009094182286,124025.89000504004,1,0.06440598083075781
2009-06-09,0.351015,10.638332,0.07257211956144327,True,125101.92576397213,0.0,125101.92576397213,1,0.0
2009-06-10,0.35484,10.714988,0.06904322418411249,True,125101.92576397213,0.0,125101.92576397213,2,0.0
2009-06-11,0.348512,10.779103,0.06500953415778465,True,114996.16035911422,10095.669735122785,125091.830094237,2,0.08070606791440565
2009-06-12,0.334104,10.55471,0.06574901755145778,True,104439.19587022002,20224.71793189978,124663.9138021198,2,0.16223394016012255
2009-06-15,0.323269,10.369341,0.06560232919110524,True,88738.08797681027,35254.252359618105,123992.34033642837,3,0.28432605001214395
2009-06-16,0.303366,10.362375,0.06544378087608382,True,73394.45411863235,48412.0269157251,121806.48103435745,3,0.39745033683445563
2009-06-17,0.315501,10.266208,0.06460237376156723,True,89319.96862727431,34407.10947759257,123727.07810486687,3,0.2780887579712362
2009-06-18,0.29771,10.282937,0.06619749127740704,True,68834.82788861977,52931.579693877065,121766.40758249683,4,0.4346977195497525
2009-06-19,0.307731,10.314991,0.06443385531157657,True,89967.19702028504,33559.74848462934,123526.94550491437,4,0.2716795784713563
2009-06-22,0.274562,10.1282,0.07026785156137458,True,70474.94910521744,49415.262778276745,119890.2118834942,4,0.4121709520898758
2009-06-23,0.267601,9.83171,0.06716832262673497,True,50916.17659513268,67701.66556798312,118617.8421631158,4,0.5707544862844836
2009-06-24,0.285391,10.041489,0.06812678677306767,True,91954.09162268332,31123.449310523967,123077.54093320729,4,0.25287675618587707
2009-06-25,0.302762,10.115614,0.06837447455550513,True,91954.09162268332,33017.85185991449,124971.94348259781,4,0.2642021156093502
2009-06-26,0.301277,10.283435,0.06833065835121138,True,91954.09162268332,32855.90448867249,124809.99611135581,4,0.26324738011656024
2009-06-29,0.301031,10.268052,0.05886593577157894,True,91954.09162268332,32829.076843335424,124783.16846601875,4,0.2630889826481327
2009-06-30,0.301523,10.276442,0.05611525261625035,True,91954.09162268332,32882.732134009544,124836.82375669287,4,0.263405709505218
2009-07-01,0.316082,10.441471,0.05587213087201193,True,91954.09162268332,34470.470704994324,126424.56232767765,4,0.27265643693233366
2009-07-02,0.307172,10.28763,0.05440059944722721,True,67523.1012136658,57905.37030273462,125428.47151640042,4,0.461660495441525
2009-07-06,0.293186,10.182738,0.054284563790822436,True,42886.068532156765,79881.27255760797,122767.34108976473,4,0.6506720097424002
2009-07-07,0.269709,10.097424,0.05719625490969035,True,21649.257745641524,94700.33914308112,116349.59688872265,4,0.8139292414880733
2009-07-08,0.262389,9.799541,0.04778345546137632,True,9900.672555054549,103866.98596247213,113767.65851752668,4,0.9129746301886903
2009-07-09,0.278783,9.991139,0.05039939672693269,True,44265.802385615454,75957.0402660005,120222.84265161597,4,0.6318020651542091
2009-07-10,0.283458,10.0303,0.0507781406423002,True,44265.802385615454,77230.78781604319,121496.59020165863,4,0.6356621835053676
2009-07-13,0.304493,10.110018,0.05332888492796289,True,69801.86267814481,57400.34872836903,127202.21140651384,4,0.4512527580588087
2009-07-14,0.319111,10.407906,0.05408063186116051,True,95131.71358144953,34800.79972014048,129932.51330159,4,0.26783750145249147
2009-07-15,0.362301,10.882007,0.05897230224255398,True,134603.1080957947,0.0,134603.1080957947,4,0.0
2009-07-16,0.383956,11.031652,0.05962895137446461,True,134603.1080957947,0.0,134603.1080957947,4,0.0
2009-07-17,0.397802,11.168707,0.05766078829765801,True,134603.1080957947,0.0,134603.1080957947,4,0.0
2009-07-20,0.410501,11.354714,0.05763342673789036,True,134603.1080957947,0.0,134603.1080957947,4,0.0
2009-07-21,0.406279,11.300167,0.04956872178944654,True,134603.1080957947,0.0,134603.1080957947,4,0.0
2009-07-22,0.435627,11.511349,0.049574223574161726,True,134603.1080957947,0.0,134603.1080957947,4,0.0
2009-07-23,0.461966,11.716932,0.049349582372836875,True,134603.1080957947,0.0,134603.1080957947,4,0.0
2009-07-24,0.445995,11.612043,0.05032258136757903,True,107169.20979042299,27406.491813558176,134575.70160398117,4,0.20365111596599997
2009-07-27,0.450451,11.695952,0.05005415107875318,True,107169.20979042299,27680.314003316395,134849.52379373938,4,0.20526816279792826
2009-07-28,0.453015,11.76169,0.049932181033307835,True,107169.20979042299,27837.87237282718,135007.08216325016,4,0.20619564490080386
2009-07-29,0.450441,11.730915,0.05010409175091028,True,107169.20979042299,27679.699501095212,134848.9092915182,4,0.2052645412300433
2009-07-30,0.446596,11.942097,0.05006804846217528,True,107169.20979042299,27443.42339705115,134612.63318747413,4,0.20386959787667827
2009-07-31,0.455517,11.837204,0.04888976104590673,True,107169.20979042299,27991.620828566643,135160.83061898962,4,0.2070986150379126
2009-08-03,0.474565,11.946297,0.04650229408942431,True,136302.17232523556,0.0,136302.17232523556,4,0.0
2009-08-04,0.472575,11.971467,0.039740607402144655,True,136302.17232523556,0.0,136302.17232523556,4,0.0
2009-08-05,0.459674,11.925317,0.03975264956653949,True,105452.35640364411,30818.996924666757,136271.35332831086,4,0.22615902881962502
2009-08-06,0.43727,11.830216,0.04257327013066718,True,75199.26094828123,59539.78584141345,134739.0467896947,4,0.441889617449537
2009-08-07,0.439781,11.751898,0.042722038187552186,True,75199.26094828123,59881.68993327383,135080.95088155507,4,0.44330225351893426
2009-08-10,0.429065,11.630225,0.04225662985819908,True,44149.30582830736,89441.50853507432,133590.81436338168,4,0.6695184018549628
2009-08-11,0.414804,11.558898,0.0431109696622426,True,13381.805650286602,117205.46980264287,130587.27545292946,4,0.8975259602907475
2009-08-12,0.439354,11.644214,0.035604497725119325,True,45905.15555363279,91586.32034987483,137491.4759035076,4,0.6661236251049534
2009-08-13,0.46737,11.817629,0.03588265677054958,True,111930.53178274671,31334.977816194743,143265.50959894145,4,0.21871961998330314
2009-08-14,0.439171,11.757492,0.038746556402225345,True,82077.25040487028,59267.824358786645,141345.07476365694,4,0.41931297894806985
2009-08-17,0.401437,11.433028,0.043572406234370704,True,53013.27874044925,83210.41190050355,136223.6906409528,4,0.6108365696817208
2009-08-18,0.427181,11.532327,0.04572702872757365,True,83879.31782744545,57649.727503434515,141529.04533087998,4,0.40733495635935035
2009-08-19,0.433347,11.570088,0.04303827041327819,True,83879.31782744545,58481.85304222528,142361.17086967075,4,0.4107991855150196
2009-08-20,0.443617,11.726724,0.04117687428190626,True,83879.31782744545,59867.829247768765,143747.14707521422,4,0.4164801212815969
2009-08-21,0.46859,11.860981,0.04226276033261915,True,115668.75559215598,31416.77312384341,147085.5287159994,4,0.21359526935178372
2009-08-24,0.455153,11.995251,0.04279760406276533,True,84755.76989295056,61397.98856463752,146153.7584575881,4,0.42009175277182087
2009-08-25,0.461582,11.921125,0.042891184893927514,True,84755.76989295056,62265.230280021264,147021.0001729718,4,0.42351249281915876
2009-08-26,0.474559,11.989652,0.04326857256465122,True,148707.5203750754,0.0,148707.5203750754,4,0.0
2009-08-27,0.477534,11.960282,0.0431938630860586,True,148707.5203750754,0.0,148707.5203750754,4,0.0
2009-08-28,0.507732,12.357468,0.04498696956298599,True,148707.5203750754,0.0,148707.5203750754,4,0.0
2009-08-31,0.485617,12.146287,0.04549153449603548,True,118248.41557211132,30428.676126837254,148677.09169894858,4,0.20466284199620538
2009-09-01,0.44839,12.111317,0.048964072015215326,True,89159.12630089362,57156.26787218467,146315.3941730783,4,0.39063741853829687
2009-09-02,0.445212,11.853989,0.048625035730825814,True,89159.12630089362,56751.168250654744,145910.29455154837,4,0.3889456081565597
2009-09-03,0.465771,11.902944,0.04829541576444242,True,126562.96728801783,21930.54146239197,148493.5087504098,3,0.14768686959409902
2009-09-04,0.501942,12.160271,0.05088828551583929,True,150172.9644387061,0.0,150172.9644387061,4,0.0
2009-09-08,0.532407,12.441375,0.05161174149594497,True,150172.9644387061,0.0,150172.9644387061,3,0.0
2009-09-09,0.550201,12.571439,0.05072561035751867,True,150172.9644387061,0.0,150172.9644387061,3,0.0
2009-09-10,0.575663,12.78402,0.05024563425609234,True,150172.9644387061,0.0,150172.9644387061,4,0.0
2009-09-11,0.543807,12.732275,0.05124303043373278,True,120775.20567442826,29368.390373903938,150143.5960483322,4,0.19560201798050755
2009-09-14,0.544167,12.614796,0.04859511725961752,True,127050.34837818812,23106.408107806496,150156.7564859946,3,0.15388190747155403
2009-09-15,0.557518,12.739263,0.04248139559677806,True,127050.34837818812,23673.317998790924,150723.66637697903,4,0.1570643719585546
2009-09-16,0.551285,12.725279,0.04148113023310372,True,90569.63093370787,59852.92565062522,150422.5565843331,4,0.3978986064970196
2009-09-17,0.518891,12.582622,0.04459436196286045,True,55760.45484906166,91110.31585399741,146870.77070305907,4,0.620343417671599
2009-09-18,0.530772,12.543468,0.04458136519428814,True,55760.45484906166,93196.46046367718,148956.91531273886,4,0.6256605157807466
2009-09-21,0.528998,12.518295,0.04331514392373582,True,55760.45484906166,92884.96980316276,148645.4246522244,4,0.624876076882147
2009-09-22,0.542802,12.646963,0.04270419487128891,True,92100.91781244607,58931.92767626666,151032.84548871274,4,0.39019279207495877
2009-09-23,0.548922,12.811986,0.04269072165163774,True,92100.91781244607,59596.37511267765,151697.2929251237,4,0.3928638010837401
2009-09-24,0.509385,12.540672,0.04628142487483507,True,57772.14198131344,89598.33059752898,147370.47257884243,4,0.6079802081763316
2009-09-25,0.505246,12.34907,0.046349132808540375,True,57772.14198131344,88870.3007373188,146642.44271863223,4,0.6060339632219386
2009-09-28,0.534745,12.572839,0.046055661616290836,True,93737.99026298692,58057.180454834765,151795.1707178217,4,0.3824705369761707
2009-09-29,0.512311,12.567244,0.04596687452454659,True,59078.03660329887,90246.85293840652,149324.88954170537,4,0.6043657773019897
2009-09-30,0.525112,12.481933,0.041858057426227044,True,59078.03660329887,92501.83080236912,151579.867405668,4,0.6102514297285249
2009-10-01,0.449845,12.231596,0.05544840712257062,True,27390.70105650144,110898.74815958375,138289.4492160852,4,0.8019320981335177
2009-10-02,0.433708,11.887557,0.05499455619819131,True,5413.681940715263,128875.61283364096,134289.2947743562,4,0.9596864221395178
2009-10-05,0.459026,11.911327,0.05377528042449069,True,28627.151109326504,113162.10866565393,141789.25977498043,4,0.7981007083698879
2009-10-06,0.485953,12.227401,0.053657825181466404,True,62789.561330127224,85603.72298462743,148393.28431475465,4,0.5768706001752392
2009-10-07,0.482957,12.213414,0.05292927222928553,True,62789.561330127224,85075.95845994719,147865.5197900744,4,0.5753603583900428
2009-10-08,0.472681,12.142091,0.051581224495509614,True,31927.66085888793,114096.84486591871,146024.50572480663,4,0.7813540905315042
2009-10-09,0.521365,12.36026,0.055618289623174444,True,65900.18410012312,91841.77283375198,157741.9569338751,4,0.5822279285672343
2009-10-12,0.54471,12.740662,0.05655994710563066,True,102678.43370393397,59139.07893585362,161817.5126397876,4,0.3654677294879673
2009-10-13,0.538612,12.732269,0.05631738010312742,True,102678.43370393397,58477.02003597876,161155.45373991274,4,0.36286094375902583
2009-10-14,0.563887,12.877717,0.0572491593496235,True,126598.24829309134,37277.36445894571,163875.61275203706,4,0.22747353210724963
2009-10-15,0.534164,12.718286,0.05690267397360079,True,113631.77401961567,48249.47847697306,161881.25249658874,3,0.29805476380280543
2009-10-16,0.499842,12.398019,0.05861565092043492,True,85064.57367225879,73687.93385842559,158752.50753068438,4,0.4641686295517749
2009-10-19,0.522512,12.483332,0.059563750493700995,True,114867.75428034842,47196.987251031795,162064.74153138022,4,0.29122304336562405
2009-10-20,0.516588,12.625981,0.05927656243854005,True,114867.75428034842,46661.88958346605,161529.64386381448,4,0.2888750848903416
2009-10-21,0.489964,12.493124,0.06022398888143658,True,86946.28139242413,72150.60050901784,159096.88190144196,4,0.4535010343805104
2009-10-22,0.505647,12.309914,0.05847142677902381,True,115703.9052014528,45673.62091688319,161377.52611833598,4,0.283023429689902
2009-10-23,0.465782,12.269358,0.06126240287032682,True,88222.57588539604,69526.6070061306,157749.18289152664,4,0.4407414715671732
2009-10-26,0.460624,12.168661,0.05957311971437475,True,88222.57588539604,68756.67978924024,156979.25567463628,4,0.43799850810701424
2009-10-27,0.428629,11.981258,0.06082713033218209,True,60966.93933986341,91209.24044613785,152176.17978600127,4,0.5993660806467965
2009-10-28,0.39175,11.654002,0.06286248753858481,True,34737.685356263566,109564.69922238743,144302.384578651,4,0.7592715778211548
2009-10-29,0.420715,11.662389,0.05633716554349466,True,62849.98288418682,89525.19683525119,152375.17971943802,4,0.5875313617354884
2009-10-30,0.378934,11.507152,0.06035928947351375,True,34974.68947988795,108481.93946955139,143456.62894943933,4,0.7562002555335758
2009-11-02,0.379214,11.335136,0.05853046324018024,True,34974.68947988795,108562.09839709938,143536.78787698734,4,0.7563364068738834
2009-11-03,0.368009,11.147729,0.05652216643870914,True,12558.559059839685,127748.04656912372,140306.6056289634,4,0.9104920327625171
2009-11-04,0.376795,11.434432,0.05712511011049308,True,12558.559059839685,130797.9565907708,143356.5156506105,4,0.9123963148598875
2009-11-05,0.410821,11.599459,0.06117772401826972,True,67693.04829780766,87419.8231321791,155112.87142998676,4,0.5635884522429059
2009-11-06,0.413478,11.732322,0.05611987817717444,True,67693.04829780766,87985.21406901583,155678.2623668235,4,0.5651734078435237
2009-11-09,0.451426,11.965872,0.059184879635975844,True,96340.94603795111,67383.70760216047,163724.6536401116,4,0.41156726310918795
2009-11-10,0.453939,12.084752,0.059276269827776965,True,96340.94603795111,67758.81948584512,164099.76552379623,4,0.4129123479827237
2009-11-11,0.473483,12.29453,0.05910280311765217,True,96340.94603795111,70676.12416341493,167017.07020136603,4,0.42316706955883887
2009-11-12,0.466676,12.318307,0.05815657324122404,True,96340.94603795111,69660.05309606854,166000.99913401966,4,0.41963634833203034
2009-11-13,0.477591,12.251175,0.05675160249227286,True,96340.94603795111,71289.31939547881,167630.26543342991,4,0.4252771372231081
2009-11-16,0.511495,12.546265,0.05804322990321297,True,126459.06459658897,46201.85372578335,172660.9183223723,4,0.2675872118293767
2009-11-17,0.514906,12.540676,0.05801435971349239,True,126459.06459658897,46509.95942194586,172969.02401853484,4,0.2688918416800571
2009-11-18,0.502572,12.528082,0.05698748123853615,True,97109.48152976441,74716.12792621016,171825.60945597457,4,0.43483697315419123
2009-11-19,0.453023,12.115517,0.06109235342939991,True,69524.39181159929,94907.3336502778,164431.72546187707,4,0.5771838334949647
2009-11-20,0.442342,11.972869,0.05858381015070789,True,41622.817275737434,120543.38820527334,162166.20548101078,4,0.7433323598324476
2009-11-23,0.456255,12.179851,0.05901516534862955,True,70344.48028560464,95584.43062406874,165928.91090967337,4,0.5760565178186579
2009-11-24,0.467301,12.179849,0.0567515795202757,True,98742.1216541272,69472.47617464948,168214.5978287767,4,0.4129990920607529
2009-11-25,0.472752,12.270754,0.0522349260570209,True,98742.1216541272,70282.86277264095,169024.98442676815,4,0.4158134550995432
2009-11-27,0.45304,12.024609,0.05132928553328601,True,66788.47389374078,99274.05484632378,166062.52874006456,4,0.5978112919243577
2009-11-30,0.455553,12.044189,0.04456126232747089,True,66788.47389374078,99824.72520617899,166613.19909991976,4,0.5991405587639729
2009-12-01,0.49968,12.392431,0.04821354700480646,True,123994.3593845376,52231.06760109673,176225.42698563432,3,0.29638780563348865
2009-12-02,0.522118,12.649758,0.047508372221365454,True,147024.20288973566,31523.59365953832,178547.79654927397,4,0.17655548972758525
2009-12-03,0.541426,12.859539,0.04767920877612632,True,147024.20288973566,32689.34076340826,179713.54365314392,4,0.18189692384287026
2009-12-04,0.567208,12.999394,0.04545106900781667,True,181235.9214627919,0.0,181235.9214627919,2,0.0
2009-12-07,0.581048,13.184,0.04542461989536173,True,181235.9214627919,0.0,181235.9214627919,3,0.0
2009-12-08,0.571426,13.087503,0.04278635857929424,True,149576.36503520567,31627.928499087167,181204.29353429284,3,0.17454293097697265
2009-12-09,0.579478,13.093097,0.04276324678696276,True,149576.36503520567,32073.59964508797,181649.96468029363,3,0.17656815789388086
2009-12-10,0.574306,13.214768,0.042405422026242964,True,138313.74777029018,43038.699875063685,181352.44764535385,4,0.23732075543434944
2009-12-11,0.561454,13.076313,0.042687824859913126,True,95091.22662629995,85254.90813730209,180346.13476360205,4,0.47272933378391685
2009-12-14,0.586771,13.150432,0.04330032950448201,True,140172.47848850602,43972.83149469273,184145.30998319876,4,0.2387941973580797
2009-12-15,0.578206,13.210569,0.0413609996296007,True,96595.97955473472,86863.93325695088,183459.9128116856,4,0.47347636835581247
2009-12-16,0.60365,13.336436,0.04217851037431591,True,187191.68056310862,0.0,187191.68056310862,4,0.0
2009-12-17,0.576712,13.23994,0.043295312928064815,True,144957.54418671076,42191.94443196591,187149.48861867667,4,0.22544514945447383
2009-12-18,0.597318,13.234345,0.034942061852463235,True,188613.31319506987,0.0,188613.31319506987,4,0.0
2009-12-21,0.639772,13.529627,0.035804237690505274,True,188613.31319506987,0.0,188613.31319506987,4,0.0
2009-12-22,0.650462,13.706673,0.03568385972724155,True,188613.31319506987,0.0,188613.31319506987,4,0.0
2009-12-23,0.653263,13.724935,0.035774390513695624,True,188613.31319506987,0.0,188613.31319506987,4,0.0
2009-12-24,0.676547,13.823296,0.035979674939703374,True,188613.31319506987,0.0,188613.31319506987,4,0.0
2009-12-28,0.656826,13.813459,0.03493052809200862,True,145763.52317399153,42806.98303804031,188570.50621203185,4,0.22700783859543452
2009-12-29,0.654006,13.695431,0.03519199550596312,True,145763.52317399153,42623.19662859963,188386.71980259116,4,0.2262537225196347
2009-12-30,0.681719,13.803624,0.03113471416737436,True,190148.4155747797,0.0,190148.4155747797,4,0.0
2009-12-31,0.668921,13.91603,0.03129093954959104,True,146890.22237259793,43214.97822395783,190105.20059655575,4,0.22732138883285646
2010-01-04,0.693379,14.04108,0.03127488770415448,True,191640.49038266743,0.0,191640.49038266743,4,0.0
2010-01-05,0.690041,13.998938,0.03041967519590353,True,191640.49038266743,0.0,191640.49038266743,4,0.0
2010-01-06,0.683798,13.989096,0.03050352570529733,True,147962.64374013647,43634.212430100844,191596.8561702373,4,0.22773970983809386
2010-01-07,0.667668,13.83032,0.030851150613805778,True,104925.45932485645,85599.1223026284,190524.58162748485,4,0.44928125059470003
2010-01-08,0.697789,13.921655,0.03188872201966094,True,149814.3444143739,44526.999870411484,194341.3442847854,4,0.22911748415798838
2010-01-11,0.691502,14.007361,0.03189130000693721,True,126440.46671505325,67455.93102662876,193896.397741682,3,0.34789677277293596
2010-01-12,0.61902,13.639228,0.0412441616055886,True,85249.18534479743,101535.45250215667,186784.6378469541,4,0.5435963774780658
2010-01-13,0.640658,13.502933,0.04081161780348272,True,127795.14124048204,62496.10537591783,190291.24661639988,4,0.32842343768918125
2010-01-14,0.6371,13.575993,0.040637378464107345,True,127795.14124048204,62149.02293422895,189944.16417471098,4,0.32719627478033053
2010-01-15,0.574874,13.394743,0.04613252015570753,True,86092.80284386453,97739.56236854848,183832.36521241302,4,0.5316776632646445
2010-01-19,0.59471,13.29217,0.04563859800124901,True,129147.88208655073,58013.88389454606,187161.76598109677,4,0.3099665339789828
2010-01-20,0.59471,13.262662,0.0449494088162645,True,129147.88208655073,58013.88389454606,187161.76598109677,4,0.3099665339789828
2010-01-21,0.58344,13.373667,0.04206277870035882,True,83757.84037493881,102259.19386084836,186017.03423578717,4,0.5497302668057218
2010-01-22,0.501097,12.894525,0.05306927046820547,True,44051.30879031148,127493.84824193118,171545.15703224266,4,0.7432086713935512
2010-01-25,0.521823,12.80179,0.05429660672333274,True,85317.53721791634,91459.61764371571,176777.15486163204,4,0.5173723817158584
2010-01-26,0.507745,12.782121,0.05328179648241264,True,47917.41519333309,126354.9339308816,174272.34912421467,4,0.7250429260055514
2010-01-27,0.528986,12.754025,0.05454157903505002,True,86804.28201851256,92715.07254160622,179519.35456011878,4,0.5164628224560439
2010-01-28,0.482218,12.585408,0.0574780272555899,True,51925.134901937876,119362.37484377358,171287.50974571146,4,0.6968539330215936
2010-01-29,0.434061,12.347948,0.05919235859921958,True,23299.498708844218,136039.21631668188,159338.7150255261,4,0.8537737755377804
2010-02-01,0.478296,12.318443,0.06496686471088772,True,54779.340458583494,118391.57069681663,173170.91115540013,4,0.683668925149758
2010-02-02,0.493148,12.560116,0.06474990386921324,True,54779.340458583494,122067.85401925529,176847.19447783878,4,0.6902447866344408
2010-02-03,0.492819,12.598054,0.06479784256790554,True,54779.340458583494,121986.41736337851,176765.757821962,4,0.6901020812313825
2010-02-04,0.428925,12.266453,0.07024980288129101,True,26672.474433098505,134249.66146912484,160922.13590222335,4,0.8342522967175581
2010-02-05,0.458285,12.173715,0.07304466163528038,True,56643.2593546359,113438.29130243744,170081.55065707333,4,0.6669641172966327
2010-02-08,0.452652,12.347948,0.07155983494607944,True,56643.2593546359,112043.96703935524,168687.22639399115,4,0.6642113302501154
2010-02-09,0.468792,12.463163,0.07263890793076948,True,56643.2593546359,116039.06620607754,172682.32556071342,4,0.6719799830659527
2010-02-10,0.47737,12.436469,0.06977349538256698,True,56643.2593546359,118162.35992678041,174805.6192814163,4,0.6759643106012115
2010-02-11,0.506951,12.609298,0.07092211590251407,True,93238.09779198824,88853.01074138035,182091.1085333686,4,0.48795908519112474
2010-02-12,0.520667,12.769472,0.07143413763971782,True,93238.09779198824,91257.00618734803,184495.10397933627,4,0.4946310455889873
2010-02-16,0.55472,13.064543,0.06972782146430301,True,93238.09779198824,97225.4559483234,190463.55374031165,4,0.5104675096049393
2010-02-17,0.5533,13.133394,0.06921987869343466,True,93238.09779198824,96976.57336351195,190214.6711555002,4,0.5098269906017594
2010-02-18,0.558971,13.103887,0.06928538321814473,True,93238.09779198824,97970.52627792451,191208.62406991277,4,0.5123750393293085
2010-02-19,0.56361,13.19522,0.0692225072905772,True,93238.09779198824,98783.60114478397,192021.6989367722,4,0.5144397830648861
2010-02-22,0.560381,13.251422,0.05954380660143303,True,93238.09779198824,98217.65616847677,191455.75396046502,4,0.5130044625807296
2010-02-23,0.517128,12.985865,0.06189748202735065,True,60850.65928711588,122991.81111045543,183842.4703975713,4,0.669006518703092
2010-02-24,0.546246,13.061735,0.06273772020834793,True,94993.38809649236,95740.22283304707,190733.61092953943,4,0.5019577953065404
2010-02-25,0.539576,12.925439,0.0621980021283145,True,94993.38809649236,94571.17576213685,189564.5638586292,4,0.4988863627099884
2010-02-26,0.536791,12.985862,0.05822213888626284,True,94993.38809649236,94083.05041093972,189076.43850743206,4,0.4975926728556482
2010-03-01,0.574959,13.242988,0.053645482357460805,True,94993.38809649236,100772.73385959057,195766.12195608293,4,0.5147608424413564
2010-03-02,0.574959,13.411598,0.050009692475663954,True,123828.7944647879,71908.46322065608,195737.25768544397,3,0.36737238516039333
2010-03-03,0.566609,13.363828,0.050014359104897085,True,81996.4701633281,112654.6865803148,194651.15674364287,4,0.5787516933623051
2010-03-04,0.565171,13.216295,0.050031117570157393,True,81996.4701633281,112368.77965101699,194365.2498143451,4,0.5781320465378973
2010-03-05,0.584193,13.386313,0.036662518671144444,True,155487.1781971518,42586.51124551483,198073.68944266663,3,0.21500337255969423
2010-03-08,0.58346,13.443922,0.03480269844873777,True,143300.30696962407,54707.77353005027,198008.08049967434,4,0.276290610928579
2010-03-09,0.578694,13.403169,0.03466090138292889,True,143300.30696962407,54260.892426556944,197561.199396181,4,0.2746535888241112
2010-03-10,0.612599,13.552115,0.03574654790909288,True,200682.84121255166,0.0,200682.84121255166,3,0.0
2010-03-11,0.600864,13.519793,0.03645923162512802,True,152504.9432985735,48129.768145832335,200634.71144440584,4,0.23988754388180075
2010-03-12,0.586006,13.561947,0.035440975437487046,True,104484.11451662026,94912.48438116285,199396.59889778311,4,0.4759985120399067
2010-03-15,0.567508,13.389121,0.03617232305995997,True,56810.0917931758,139542.85142516237,196352.9432183382,4,0.7106735918391363
2010-03-16,0.6136,13.595668,0.03756168833369216,True,158434.70778806665,49149.933652678024,207584.6414407447,4,0.23677056891854853
2010-03-17,0.635736,13.921656,0.03811379987908933,True,209306.83268767272,0.0,209306.83268767272,4,0.0
2010-03-18,0.620271,13.871067,0.03874755404102209,True,161246.7844640453,48012.036187439975,209258.8206514853,4,0.22943852994088443
2010-03-19,0.59207,13.73056,0.04042083951704159,True,114221.76764447446,92807.17840765892,207028.9460521334,4,0.44828117119568633
2010-03-22,0.634826,13.737584,0.04305147740219475,True,164541.92837987194,49138.66501049987,213680.59339037183,4,0.2299631624512046
2010-03-23,0.675763,14.09869,0.03964761268884321,True,216797.0118071527,0.0,216797.0118071527,4,0.0
2010-03-24,0.638314,13.98488,0.04134737435716608,True,170251.29115384351,46499.22143187734,216750.51258572086,4,0.21452877262971984
2010-03-25,0.63513,13.984885,0.0411930244158162,True,170251.29115384351,46267.276776051054,216518.56792989458,4,0.21368733969749742
2010-03-26,0.625123,13.854208,0.04144413417562722,True,121730.5394845602,94010.57684092762,215741.11632548782,4,0.4357564215951039
2010-03-29,0.641953,13.916033,0.03918591157048085,True,121730.5394845602,96541.59554961824,218272.13503417844,4,0.44229922218198464
2010-03-30,0.654234,13.924461,0.03927465022530074,True,172409.36752501488,47658.94471100874,220068.31223602363,4,0.21656432144530852
2010-03-31,0.644075,13.956779,0.03930414490000607,True,123899.29573747538,95380.50282852814,219279.7985660035,4,0.43497168208050174
2010-04-01,0.646197,13.979262,0.039255873687492386,True,123899.29573747538,95694.74795060579,219594.04368808115,4,0.435780253159024
2010-04-05,0.700932,14.133821,0.04232231506506268,True,227595.90150853823,0.0,227595.90150853823,4,0.0
2010-04-06,0.690318,14.174565,0.042617599874481445,True,177080.1309758276,50465.30522748316,227545.43620331076,4,0.22178122343175738
2010-04-07,0.697141,14.206884,0.04243805564354345,True,177080.1309758276,50964.09676640742,228044.22774223503,4,0.22348338859957292
2010-04-08,0.672428,14.070593,0.04203963283512961,True,127455.82748979538,98732.1956978821,226188.0231876775,4,0.4365049674445403
2010-04-09,0.690318,14.125385,0.04190574693776989,True,127455.82748979538,101358.97355519189,228814.80104498728,4,0.4429738508710531
2010-04-12,0.707603,14.316479,0.041381317767155944,True,179571.66378162318,51728.91533305341,231300.5791146766,4,0.22364369138655166
2010-04-13,0.721249,14.389551,0.040246606036526,True,232245.43569411422,0.0,232245.43569411422,4,0.0
2010-04-14,0.814039,14.896785,0.04484095094368658,True,232245.43569411422,0.0,232245.43569411422,4,0.0
2010-04-15,0.821014,15.087877,0.04457087564776935,True,232245.43569411422,0.0,232245.43569411422,4,0.0
2010-04-16,0.790691,14.860246,0.045235423835338545,True,182676.0981409564,49519.81773542241,232195.9158763788,4,0.213267393392857
2010-04-19,0.764005,14.681805,0.04447862970703159,True,133188.22381877393,97286.94857829774,230475.17239707167,4,0.42211465801916387
2010-04-20,0.801,14.88976,0.0432312242443128,True,184968.75792231818,50165.45528667122,235134.21320898941,4,0.21334817507856124
2010-04-21,0.775983,14.826529,0.04252450036665533,True,135118.04059556877,98399.59367590334,233517.6342714721,4,0.42137971285504927
2010-04-22,0.819801,14.66494,0.04100754910352687,True,238970.0801503066,0.0,238970.0801503066,4,0.0
2010-04-23,0.82344,14.860253,0.040849509956356625,True,238970.0801503066,0.0,238970.0801503066,3,0.0
2010-04-26,0.830718,15.047132,0.040300751373356744,True,238970.0801503066,0.0,238970.0801503066,3,0.0
2010-04-27,0.74475,14.766111,0.048680618869492064,True,201299.13886347125,37633.3079788565,238932.44684232774,3,0.15750605862120867
2010-04-28,0.759609,14.591884,0.048690982920432044,True,201299.13886347125,38384.15500572167,239683.29386919292,4,0.1601453083612486
2010-04-29,0.785687,14.690236,0.04870968790776535,True,240961.3514786278,0.0,240961.3514786278,4,0.0
2010-04-30,0.679706,14.496338,0.05978551268164675,True,205493.54389473202,35432.37520868708,240925.91910341912,3,0.14706751079562133
2010-05-03,0.72974,14.385331,0.05911307332740973,True,243496.0995045141,0.0,243496.0995045141,4,0.0
2010-05-04,0.633159,13.996119,0.06728653700754343,True,204031.9978736882,39424.67695387203,243456.67482756023,4,0.16193713720026956
2010-05-05,0.612842,13.757254,0.06748569225385093,True,165126.55683777004,77026.1803010086,242152.73713877864,4,0.3180892407458711
2010-05-06,0.560685,10.203778,0.0697062331335634,False,128459.2060007811,107101.45140172364,235560.65740250473,4,0.45466612541634394
2010-05-07,0.526571,13.022393,0.07017156064936099,True,200307.22792183788,28656.303340886563,228963.53126272446,1,0.125156627270938
2010-05-10,0.618603,13.678568,0.08001761470285891,True,215186.7992365636,18770.27309721864,233957.0723337822,1,0.0802295605342481
2010-05-11,0.606777,13.715101,0.07982590200761264,True,215186.7992365636,18411.436735856496,233598.23597242008,1,0.07881667710037953
2010-05-12,0.656053,13.935698,0.0766697283534528,True,225202.78847284932,9880.603332998498,235083.39180584782,1,0.04203020577973775
2010-05-13,0.604655,13.916031,0.07810901529257745,True,217349.95806413877,16951.50000109457,234301.45806523334,1,0.0723491016277628
2010-05-14,0.549465,13.348374,0.08003908709841011,True,209746.3149982108,23000.295636883657,232746.61063509443,1,0.09882118400832078
2010-05-17,0.572208,13.303409,0.08099067943951588,True,217648.86084503145,16041.848512997198,233690.70935802866,1,0.06864564088604862
2010-05-18,0.52551,13.36242,0.08109037704359191,True,210232.61881431722,22141.50350632951,232374.12232064674,1,0.09528386072084676
2010-05-19,0.533848,13.124967,0.08145601530860085,True,210232.61881431722,22492.811485693892,232725.43030001112,1,0.09664956449623037
2010-05-20,0.490334,12.85659,0.08080656341969865,False,202857.68369422393,28026.987887591597,230884.67158181552,1,0.12138955650704619
2010-05-21,0.522326,12.876265,0.08299898367968002,False,210698.10230145685,22007.350879045247,232705.4531805021,1,0.09457170246016906
2010-05-24,0.491547,12.966188,0.08306373288858483,False,206988.66796764816,24416.256709379915,231404.9246770281,1,0.10551312485444159
2010-05-25,0.502615,12.591029,0.08133430120539069,False,206988.66796764816,24966.0294254364,231954.69739308456,1,0.107633213321511
2010-05-26,0.500038,13.029419,0.08088858862298096,True,206988.66796764816,24838.0239782664,231826.69194591456,1,0.10714048399595479
2010-05-27,0.57615,13.276716,0.08801362779662805,True,219442.51919664216,16152.36246393503,235594.88166057717,1,0.06855990397620702
2010-05-28,0.548404,13.25845,0.0830755247927383,True,212357.38930123445,22452.555331669366,234809.94463290382,1,0.09562012105905969
2010-06-01,0.511106,13.162899,0.08175972287251387,True,205016.39907460348,28259.170872196188,233275.56994679966,1,0.12114072158795246
2010-06-02,0.565688,13.172736,0.08041178959270308,True,213125.11420666377,23160.190517321866,236285.30472398564,1,0.09801790485606464
2010-06-03,0.58737,13.431273,0.08070438602214386,True,220698.5051302218,16466.915109678932,237165.42023990073,1,0.06943219248835727
2010-06-04,0.510955,13.154471,0.08426861108100822,True,213649.44470765392,21366.639358359538,235016.08406601346,1,0.09091564708549003
2010-06-07,0.453946,12.765263,0.08715021859974817,False,199773.90390441363,32844.36932221558,232618.27322662922,2,0.14119427879260726
2010-06-08,0.448942,12.321252,0.07761169730124574,False,206658.19309945422,25591.134376237493,232249.3274756917,1,0.1101881958255228
2010-06-09,0.439997,12.544657,0.07761374380433,False,202532.1520344905,29203.15982310223,231735.31185759272,1,0.12601946414212573
2010-06-10,0.488363,12.633178,0.07948588911638202,False,214511.52516737834,20421.908185586868,234933.4333529652,1,0.08692635992300377
2010-06-11,0.509286,12.754019,0.0788167762264038,False,214511.52516737834,21296.846673897886,235808.3718412762,1,0.09031420940488448
2010-06-14,0.51899,13.092648,0.07627348659019563,True,214511.52516737834,21702.6394899649,236214.16465734324,1,0.09187696056012204
2010-06-15,0.605412,13.346969,0.08354564728143174,True,222847.01287892918,16972.72249243397,239819.73537136315,1,0.07077283471333812
2010-06-16,0.613752,13.578806,0.08095207432160072,True,240036.34069668164,0.0,240036.34069668164,0,0.0
2010-06-17,0.609809,13.61815,0.08098896549643289,True,240036.34069668164,0.0,240036.34069668164,0,0.0
2010-06-18,0.605716,13.691219,0.0781675865224949,True,240036.34069668164,0.0,240036.34069668164,0,0.0
2010-06-21,0.589644,13.671661,0.07756819324307149,True,240036.34069668164,0.0,240036.34069668164,0,0.0
2010-06-22,0.558563,13.510767,0.07728328891869711,True,240036.34069668164,0.0,240036.34069668164,0,0.0
2010-06-23,0.563414,13.303299,0.07719598640352493,True,240036.34069668164,0.0,240036.34069668164,0,0.0
2010-06-24,0.51429,13.105709,0.08017536084158947,False,240036.34069668164,0.0,240036.34069668164,0,0.0
2010-06-25,0.515958,12.927884,0.07308990115684674,False,240036.34069668164,0.0,240036.34069668164,0,0.0
2010-06-28,0.522022,13.081722,0.07243447385224305,False,240036.34069668164,0.0,240036.34069668164,0,0.0
2010-06-29,0.450914,12.656901,0.07796975277009671,False,240036.34069668164,0.0,240036.34069668164,0,0.0
2010-06-30,0.429081,12.498832,0.07421148746855508,False,240036.34069668164,0.0,240036.34069668164,0,0.0
2010-07-01,0.430748,12.222208,0.07335945619994787,False,240036.34069668164,0.0,240036.34069668164,0,0.0
2010-07-02,0.425442,12.232088,0.06732134131398772,False,240036.34069668164,0.0,240036.34069668164,0,0.0
2010-07-06,0.424683,12.323824,0.062227873587815806,False,240036.34069668164,0.0,240036.34069668164,0,0.0
2010-07-07,0.491396,12.559521,0.07054439816054024,False,240036.34069668164,0.0,240036.34069668164,1,0.0
2010-07-08,0.487757,12.8305,0.07036790109016891,False,235282.1189269276,4749.472297456589,240031.59122438417,1,0.019786863359234786
2010-07-09,0.504587,12.919408,0.06681982154159881,False,235282.1189269276,4913.3523007496115,240195.4712276772,1,0.020455640881306743
2010-07-12,0.523842,13.080307,0.06668433221344867,False,240377.86351732202,0.0,240377.86351732202,1,0.0
2010-07-13,0.557501,13.33717,0.06797621123402314,True,240377.86351732202,0.0,240377.86351732202,1,0.0
2010-07-14,0.552346,13.498066,0.05803478119109186,True,230514.37675210598,9853.633132083954,240368.00988418993,2,0.04099394564539377
2010-07-15,0.54522,13.26519,0.05789915178338183,True,230514.37675210598,9726.508124028805,240240.88487613478,2,0.040486481429019346
2010-07-16,0.493366,13.131114,0.061599721592103966,True,209064.60756741924,30229.794215178503,239294.40178259774,2,0.12632888187097116
2010-07-19,0.530664,13.170633,0.06437220599712463,True,232089.8622799278,9466.834868731194,241556.69714865898,3,0.039190943494748595
2010-07-20,0.532181,13.073248,0.064222494141663,False,232089.8622799278,9493.89754585997,241583.75982578777,3,0.03929857517204908
2010-07-21,0.499886,13.162158,0.06458883301529149,True,235975.77454309925,5017.919629839804,240993.69417293905,1,0.02082178808479073
2010-07-22,0.545675,13.32588,0.06783648019460145,True,241447.85245830155,0.0,241447.85245830155,1,0.0
2010-07-23,0.556136,13.444434,0.06457037724542124,True,241447.85245830155,0.0,241447.85245830155,1,0.0
2010-07-26,0.57615,13.615204,0.06495100529867001,True,241447.85245830155,0.0,241447.85245830155,1,0.0
2010-07-27,0.564324,13.752109,0.06519316999376626,True,231088.8864562456,10348.61738467129,241437.50384091688,1,0.04286250984225712
2010-07-28,0.535062,13.554518,0.05665454841674637,True,221097.3014346095,19793.611971951188,240890.91340656066,1,0.0821683628163457
2010-07-29,0.502615,13.252489,0.05742186965847424,True,209731.97784475377,29947.265876150203,239679.24372090396,1,0.12494726456589829
2010-07-30,0.486847,12.922235,0.05810639756016293,False,198166.52151956578,40561.664924891295,238728.18644445707,1,0.16990731395820513
2010-08-02,0.512622,13.135348,0.058790651904655856,False,210319.9532613553,30543.51208770902,240863.4653490643,1,0.12680840593007633
2010-08-03,0.497157,13.049257,0.059427882641748454,False,204663.01388455724,35273.35042506861,239936.36430962585,1,0.14701127328723762
2010-08-04,0.511712,13.074656,0.050160146261873866,False,204663.01388455724,36306.02946898606,240969.0433535433,1,0.15066677845302656
2010-08-05,0.499431,13.156518,0.05046819256317018,False,198005.05645911384,42085.99712466534,240091.05358377917,1,0.1752918174020155
2010-08-06,0.500038,13.107121,0.04987790912156897,False,198005.05645911384,42137.147734568745,240142.20419368258,1,0.1754674813452772
2010-08-09,0.508226,13.187568,0.04925119962723657,False,198005.05645911384,42827.13322697262,240832.18968608647,1,0.17782977135571368
2010-08-10,0.469259,12.947642,0.04980731231343882,False,191591.99073525192,45950.12537890922,237542.11611416115,1,0.19343990922782678
2010-08-11,0.412706,12.48472,0.056558086504965854,False,185550.20587499798,46448.17049171966,231998.37636671762,1,0.20020903257658787
2010-08-12,0.396179,12.154463,0.05685979281904831,False,180005.28320322788,50127.51560843577,230132.79881166364,1,0.2178199538148371
2010-08-13,0.384201,12.23632,0.05348575825461236,False,180005.28320322788,48611.96990319183,228617.2531064197,1,0.21263473881633643
2010-08-16,0.388144,12.137528,0.04993854812136811,False,180005.28320322788,49110.867608633205,229116.1508118611,1,0.21434921734941606
2010-08-17,0.403002,12.340763,0.05120220092784571,False,180005.28320322788,50990.812348031664,230996.09555125955,1,0.22074317847816813
2010-08-18,0.416496,12.42121,0.050875063568708176,False,185822.91576612828,46874.71763705705,232697.63340318535,1,0.20144045709239858
2010-08-19,0.395572,12.371813,0.04625086129717524,False,180081.77651641396,50255.22109531608,230336.99761173004,1,0.21818128054282152
2010-08-20,0.400121,12.304068,0.045979373270286485,False,180081.77651641396,50833.14622844632,230914.9227448603,1,0.220137986857663
2010-08-23,0.38602,12.29278,0.04448900410726662,False,180081.77651641396,49041.69265573376,229123.4691721477,1,0.21404045963919646
2010-08-24,0.366461,11.980873,0.04506082190523159,False,180081.77651641396,46556.83055881262,226638.60707522658,1,0.20542321169208091
2010-08-25,0.37753,11.94559,0.04580770946039868,False,180081.77651641396,47963.08540572811,228044.86192214207,1,0.210323025923309
2010-08-26,0.356,12.004868,0.045616334064818354,False,180081.77651641396,45227.81872815195,225309.59524456592,1,0.20073631874869194
2010-08-27,0.377227,11.928649,0.04843236368513708,False,180081.77651641396,47924.59094203533,228006.36745844927,1,0.21018970424485564
2010-08-30,0.349936,11.975226,0.04785507893601214,False,180081.77651641396,44457.42127655782,224539.19779297177,1,0.19799403272807706
2010-08-31,0.327648,11.731067,0.04893593587061043,False,180081.77651641396,41625.85491753239,221707.63143394634,1,0.18775111460217841
2010-09-01,0.358123,11.93712,0.053754565774976774,False,180081.77651641396,45497.53406287068,225579.31057928465,1,0.20169196344307297
2010-09-02,0.381927,12.085311,0.05676517749124367,False,180081.77651641396,48521.69978479464,228603.4763012086,1,0.21225267686158153
2010-09-03,0.398453,12.33935,0.05805413011248493,False,180081.77651641396,50621.236111484075,230703.01262789802,1,0.21942165182355597
2010-09-07,0.376923,12.253264,0.05847589547287472,False,180081.77651641396,47885.96943390792,227967.74595032187,1,0.21005589731252203
2010-09-08,0.370707,12.068376,0.05646149694604825,False,180081.77651641396,47096.26122825008,227178.03774466403,1,0.20730992175037516
2010-09-09,0.372224,12.165757,0.049386268196425866,False,180081.77651641396,47288.98763558324,227370.7641519972,1,0.20798183008247526
2010-09-10,0.357668,11.956879,0.04934949598939353,False,180081.77651641396,45439.728845114194,225521.50536152814,1,0.2014873427359881
2010-09-13,0.393147,12.21233,0.053690646301260206,False,180081.77651641396,49947.13834133921,230028.91485775317,1,0.21713417364171742
2010-09-14,0.412402,12.422623,0.054674049928434144,False,186055.2193405446,46413.95668375592,232469.1760243005,1,0.19965639091396858
2010-09-15,0.409218,12.473427,0.05410358210454171,False,186055.2193405446,46055.61206350413,232110.83140404872,1,0.19842077935317232
2010-09-16,0.41786,12.567992,0.05379294727219102,False,186055.2193405446,47028.22959121015,233083.44893175474,1,0.20176563289562313
2010-09-17,0.418164,12.67102,0.05240027034828232,False,186055.2193405446,47062.443399173884,233117.66273971848,1,0.20188278676987356
2010-09-20,0.423167,12.680895,0.05240436203019284,False,186055.2193405446,47625.50814010345,233680.72748064806,1,0.20380588786059597
2010-09-21,0.420286,12.805095,0.05167343471113615,False,186055.2193405446,47301.26478239446,233356.48412293906,1,0.20269959482880603
2010-09-22,0.402966,12.641375,0.051150350416177,False,180033.07525303113,51368.10605138274,231401.18130441388,1,0.22198722479211005
2010-09-23,0.410701,12.656905,0.05092979552943095,False,180033.07525303113,52354.12546817583,232387.20072120696,1,0.2252883347520703
2010-09-24,0.459536,13.0422,0.054073081491529125,False,193600.81953043462,44998.043332407964,238598.86286284256,1,0.18859286583555462
2010-09-27,0.45165,13.181926,0.05337891182243984,False,187374.82426324493,50445.61692976172,237820.44119300664,1,0.21211640461478182
2010-09-28,0.472731,13.23132,0.050092640981225095,True,193878.4009427045,46290.1057209284,240168.5066636329,1,0.1927401155296345
2010-09-29,0.483196,13.431732,0.04634083244012594,True,193878.4009427045,47314.84485665149,241193.245799356,2,0.19616985832186942
2010-09-30,0.472731,13.407737,0.044166634726600575,True,225847.54933939458,14260.406811705663,240107.95615110025,1,0.05939164632567015
2010-10-01,0.467726,13.345639,0.04281919566548804,True,225847.54933939458,14109.425945012792,239956.97528440738,1,0.058799815793184135
2010-10-04,0.448617,13.164985,0.043608396660262685,False,196879.55395114384,42472.04004283888,239351.5939939827,2,0.1774462385402231
2010-10-05,0.476674,13.395036,0.042718933278850145,True,241962.71374706062,0.0,241962.71374706062,1,0.0
2010-10-06,0.460294,13.323061,0.04354863794960112,True,227310.3061535568,14637.769823680159,241948.07597723696,1,0.060499633090933584
2010-10-07,0.460446,13.282125,0.043587280617970875,True,227310.3061535568,14642.60356258008,241952.90971613687,1,0.06051840244351276
2010-10-08,0.475461,13.320232,0.04214358996515775,True,242415.28034278945,0.0,242415.28034278945,1,0.0
2010-10-11,0.484106,13.562981,0.0377049451387524,True,242415.28034278945,0.0,242415.28034278945,1,0.0
2010-10-12,0.494418,13.568628,0.03677119557794235,True,242415.28034278945,0.0,242415.28034278945,1,0.0
2010-10-13,0.496693,13.612381,0.03657712303443161,True,242415.28034278945,0.0,242415.28034278945,1,0.0
2010-10-14,0.492598,13.647665,0.03668808171031913,True,242415.28034278945,0.0,242415.28034278945,1,0.0
2010-10-15,0.503822,13.260958,0.036777300930382055,True,242415.28034278945,0.0,242415.28034278945,1,0.0
2010-10-18,0.492143,13.548867,0.037489417871909694,True,227615.19535267007,14785.29969042895,242400.495043099,1,0.06099533620094345
2010-10-19,0.471518,13.433141,0.03904684123131429,True,213095.04444174375,28671.31447040741,241766.35891215116,1,0.11859100082996035
2010-10-20,0.479404,13.409149,0.037434598650736464,True,213095.04444174375,29150.833780197565,242245.87822194133,1,0.12033572663510954
2010-10-21,0.472276,13.383744,0.0377116428079818,True,198165.6847897278,43631.850932202746,241797.53572193053,1,0.1804478726465591
2010-10-22,0.500333,13.540405,0.031071044258490898,True,229327.07734432878,15031.349323288938,244358.42666761772,1,0.06151352964690244
2010-10-25,0.516713,13.812794,0.03123512210214746,True,244835.0024847487,0.0,244835.0024847487,1,0.0
2010-10-26,0.510192,13.715409,0.030115602640672593,True,229896.13067089109,14923.947865991608,244820.0785368827,1,0.0609588394676676
2010-10-27,0.557055,13.977915,0.035358393704551315,True,246174.60292978864,0.0,246174.60292978864,1,0.0
2010-10-28,0.55842,14.117637,0.03472051844871363,True,246174.60292978864,0.0,246174.60292978864,1,0.0
2010-10-29,0.568885,14.23055,0.03449404356226617,True,246174.60292978864,0.0,246174.60292978864,1,0.0
2010-11-01,0.563121,14.244661,0.032689632346014456,True,231185.69150569622,14973.937486605804,246159.62899230202,1,0.06083019196894416
2010-11-02,0.574041,14.318056,0.030649943819944233,True,231185.69150569622,15264.310954037734,246450.00245973395,2,0.06193674498555415
2010-11-03,0.592999,14.371687,0.0292003744320807,True,246938.34577656188,0.0,246938.34577656188,2,0.0
2010-11-04,0.647446,14.797909,0.0334954436010378,True,246938.34577656188,0.0,246938.34577656188,2,0.0
2010-11-05,0.660943,14.998311,0.03332207723899779,True,246938.34577656188,0.0,246938.34577656188,3,0.0
2010-11-08,0.661853,15.043482,0.03348873376406596,True,246938.34577656188,0.0,246938.34577656188,3,0.0
2010-11-09,0.636678,14.916461,0.03558593523087111,True,202700.96413812783,44193.18844998404,246894.15258811187,3,0.17899649702806275
2010-11-10,0.637436,14.756984,0.03563453631441306,True,202700.96413812783,44245.802859222444,246946.76699735026,4,0.17917141980521334
2010-11-11,0.615142,14.505761,0.03697066392045507,True,144082.05414160158,101258.67804757813,245340.7321891797,4,0.4127267296548973
2010-11-12,0.613625,14.704759,0.03698677428561474,True,144082.05414160158,101008.9642992108,245091.01844081236,4,0.41212837965991683
2010-11-15,0.599975,14.680765,0.03694197003603016,True,84544.9464893964,158239.66441683608,242784.6109062325,4,0.6517697469628786
2010-11-16,0.574496,14.426725,0.03698594698377294,True,26231.81477849446,209774.61390447023,236006.4286829647,4,0.8888512701756419
2010-11-17,0.572828,14.39568,0.03705661908965574,True,26231.81477849446,209165.55125478658,235397.36603328103,4,0.8885636860746108
2010-11-18,0.604829,14.574915,0.03793786482148819,True,87501.17898951031,159519.87664414442,247021.05563365473,4,0.6457744107478871
2010-11-19,0.634251,14.728753,0.037359858084213944,True,210632.94445508547,44024.725163412004,254657.6696184975,4,0.17287806500925507
2010-11-22,0.657758,14.91505,0.037491136024797,True,256243.68461767334,0.0,256243.68461767334,4,0.0
2010-11-23,0.640166,14.909402,0.038125228970684856,True,196968.94071444694,59215.52837485152,256184.46908929845,4,0.23114409934901523
2010-11-24,0.691427,15.160625,0.03704101027101607,True,260862.16828745272,0.0,260862.16828745272,4,0.0
2010-11-26,0.679902,15.219893,0.037516886069189875,True,200977.74042970964,59824.60325448862,260802.34368419825,4,0.22938675477138104
2010-11-29,0.6752,15.088647,0.037638015158030995,True,200977.74042970964,59410.87409278207,260388.6145224917,4,0.22816233421623092
2010-11-30,0.650176,14.996912,0.03884710936934437,True,142324.38971452054,115803.76732497141,258128.15703949195,4,0.4486289626561514
2010-12-01,0.712509,15.34551,0.04315436234682267,True,269103.46988126787,0.0,269103.46988126787,4,0.0
2010-12-02,0.752547,15.626366,0.0440173413932706,True,269103.46988126787,0.0,269103.46988126787,4,0.0
2010-12-03,0.763467,15.737865,0.04025205873304951,True,269103.46988126787,0.0,269103.46988126787,4,0.0
2010-12-06,0.759524,15.760446,0.04024764948723783,True,269103.46988126787,0.0,269103.46988126787,4,0.0
2010-12-07,0.758007,15.905807,0.04027932094200491,True,269103.46988126787,0.0,269103.46988126787,4,0.0
2010-12-08,0.778785,15.84653,0.03903035437005977,True,269103.46988126787,0.0,269103.46988126787,4,0.0
2010-12-09,0.784397,15.966511,0.03898154718858198,True,269103.46988126787,0.0,269103.46988126787,4,0.0
2010-12-10,0.786519,15.973556,0.03751741042313639,True,269103.46988126787,0.0,269103.46988126787,4,0.0
2010-12-13,0.771809,15.965085,0.038033062434417196,True,209334.63476465896,59709.12599061829,269043.76075527724,4,0.22193090753340247
2010-12-14,0.752092,15.805612,0.038199195706668784,True,149980.41002608344,117478.69805264068,267459.1080787241,4,0.43923984827640233
2010-12-15,0.728736,15.681414,0.037389668191951136,True,90956.16950700303,172795.70623378086,263751.8757407839,4,0.6551449378263569
2010-12-16,0.741628,15.660236,0.03724296700472178,True,90956.16950700303,175852.6188122261,266808.78831922915,4,0.6590960512208595
2010-12-17,0.756794,15.759019,0.036005408604933044,True,152130.50691639568,118213.16250412202,270343.6694205177,4,0.43726994886735177
2010-12-20,0.74815,15.665885,0.035284852340174915,True,91945.87977755745,176987.45018528265,268933.3299628401,4,0.6581090198442042
2010-12-21,0.763922,15.747743,0.034800681037727654,True,91945.87977755745,180718.58172885314,272664.4615064106,4,0.662787444797254
2010-12-22,0.76468,15.67718,0.03388584188864219,True,136912.30140164093,135886.46630486156,272798.76770650246,3,0.49811979521497873
2010-12-23,0.75831,15.711046,0.03000544936157072,True,119987.9438453233,151661.94383383548,271649.88767915877,4,0.5582993062487879
2010-12-27,0.760585,15.634834,0.02958499959901009,True,119987.9438453233,152116.94366533178,272104.8875106551,4,0.5590378954857075
2010-12-28,0.75088,15.688456,0.02974574322238385,True,57940.2786064426,212161.62394347877,270101.90254992136,4,0.7854873362258756
2010-12-29,0.753912,15.689873,0.027975541709352864,True,57940.2786064426,213018.31748145638,270958.596087899,4,0.7861655638795575
2010-12-30,0.760585,15.703992,0.0198001188551456,True,57940.2786064426,214903.77789666897,272844.05650311155,4,0.7876432444634108
2010-12-31,0.758159,15.674348,0.015695392386765154,True,57940.2786064426,214218.3100460312,272158.5886524738,4,0.7871083955376179
2011-01-03,0.775145,15.881813,0.016149280055577624,True,214472.46941872584,62328.83551107699,276801.30492980283,4,0.22517536731585736
2011-01-04,0.777724,15.82536,0.01609657127443211,True,214472.46941872584,62536.21099151364,277008.6804102395,4,0.22575542000669382
2011-01-05,0.785307,15.816893,0.01618720391720325,True,231964.34132024107,45636.57312405146,277600.91444429255,4,0.1643963357087916
2011-01-06,0.828833,16.083634,0.0192296069333135,True,280082.1764016994,0.0,280082.1764016994,4,0.0
2011-01-07,0.834293,16.135857,0.019223260170351322,True,280082.1764016994,0.0,280082.1764016994,4,0.0
2011-01-10,0.860531,16.29252,0.02020738903250999,True,280082.1764016994,0.0,280082.1764016994,4,0.0
2011-01-11,0.870086,16.428004,0.019480160992038184,True,280082.1764016994,0.0,280082.1764016994,4,0.0
2011-01-12,0.918921,16.617124,0.02081728968679692,True,280082.1764016994,0.0,280082.1764016994,4,0.0
2011-01-13,0.918617,16.75826,0.018587779915267503,True,280082.1764016994,0.0,280082.1764016994,4,0.0
2011-01-14,0.99369,17.025007,0.023873572475085293,True,280082.1764016994,0.0,280082.1764016994,4,0.0
2011-01-18,0.982013,17.147791,0.024543899235442687,True,218059.56122179647,61960.6545253776,280020.21574717405,4,0.22127207623224218
2011-01-19,0.913613,16.87964,0.030713838317631387,True,159659.36423663257,115986.77374403774,275646.1379806703,4,0.42078142140402963
2011-01-20,0.880399,16.487279,0.03232136508965045,True,99074.28434515648,172294.68078036752,271368.965125524,4,0.6349093040196073
2011-01-21,0.865232,16.590312,0.03276193515400217,True,37262.54393495295,231076.4790243357,268339.0229592887,4,0.8611363210463567
2011-01-24,0.927717,16.686281,0.03547867752102217,True,167119.4983241872,117777.3321718249,284896.8304960121,4,0.41340344842296695
2011-01-25,0.908305,16.73003,0.0361370502294052,True,105490.96526612536,176879.86830064928,282370.8335667746,4,0.6264098386734444
2011-01-26,0.93348,16.810474,0.035982778876465595,True,105490.96526612536,181782.35225094002,287273.3175170654,4,0.6327853690767549
2011-01-27,0.985045,17.113915,0.03718292215874594,True,235033.25769592338,62151.96024589346,297185.21794181684,4,0.20913543640000837
2011-01-28,0.905271,16.955846,0.04315368813320307,True,260653.12740104398,31441.39668523558,292094.52408627956,1,0.10764117123930864
2011-01-31,0.915585,16.646763,0.0430649702406141,True,260653.12740104398,31799.61711360622,292452.7445146502,2,0.10873420650020003
2011-02-01,0.981861,17.120981,0.045082392006226914,True,277790.0407879314,16947.412865653107,294737.4536535845,2,0.057500031487589656
2011-02-02,0.998544,17.24518,0.045049641398773356,True,277790.0407879314,17235.36980542125,295025.4105933527,2,0.05841995023668509
2011-02-03,0.999605,17.256464,0.04511922327304173,True,277790.0407879314,17253.683197083064,295043.7239850145,3,0.05847839419881846
2011-02-04,1.058753,17.514745,0.04529890139982776,True,296046.3734964666,0.0,296046.3734964666,3,0.0
2011-02-07,1.047834,17.665754,0.0455679921077028,True,259934.97406041063,36075.32411194404,296010.2981723547,3,0.12187185491411132
2011-02-08,1.045406,17.5345,0.04542321522480737,True,241997.82249099767,53910.96411765467,295908.7866086523,4,0.18218777730636784
2011-02-09,1.025539,17.510499,0.04587793517893839,True,171214.35365116788,123599.19085670073,294813.5445078686,4,0.4192452930309715
2011-02-10,1.034336,17.380666,0.0445639511581009,True,171214.35365116788,124659.41585249943,295873.7695036673,4,0.42132635164522175
2011-02-11,1.057996,17.547205,0.04468989460496874,True,244092.1274583984,54560.222911119854,298652.3503695183,4,0.1826880747585387
2011-02-14,1.08211,17.80266,0.04162351502293086,True,299840.0912045161,0.0,299840.0912045161,4,0.0
2011-02-15,1.051171,17.657284,0.04214717319060127,True,229156.19037674292,70613.28754023297,299769.47791697585,4,0.23555863002099908
2011-02-16,1.084385,17.767368,0.03857316360538187,True,301927.8115682581,0.0,301927.8115682581,4,0.0
2011-02-17,1.132158,17.911324,0.03774059843283979,True,301927.8115682581,0.0,301927.8115682581,4,0.0
2011-02-18,1.119115,18.028458,0.037520301852050415,True,230077.12219289853,71778.91046489462,301856.03265779314,4,0.23779186996162716
2011-02-22,0.985803,17.486512,0.04650908605319928,True,166049.0005053956,127192.57040356011,293241.5709089557,4,0.4337467229127969
2011-02-23,0.932874,17.050411,0.04803833883518928,True,99343.67689003087,187002.12663496425,286345.8035249951,4,0.6530639678770108
2011-02-24,0.978979,17.123803,0.04885423877370197,True,169205.88256987312,126312.10838383215,295517.9909537053,4,0.42742612040706424
2011-02-25,1.052991,17.576831,0.05008375305073174,True,237461.23228928167,67537.7836141414,304999.0159034231,4,0.22143607058564088
2011-02-28,1.021141,17.574017,0.046434710979169846,True,173927.1078065361,128965.61047862016,302892.7182851563,4,0.4257798312510318
2011-03-01,0.960173,17.375015,0.048796738651524875,True,107544.47336367636,187581.93874920133,295126.4121128777,4,0.6355986148656069
2011-03-02,1.001122,17.396186,0.047125547325508506,True,176619.87363908225,126437.29895634117,303057.1725954234,4,0.4172060930731806
2011-03-03,1.059208,17.693977,0.04863265797055666,True,242390.8060338429,67936.53574092037,310327.3417747633,4,0.21891894975283535
2011-03-04,1.025843,17.586717,0.04925830647381631,True,177068.02258164235,131054.06412658338,308122.0867082257,4,0.42533161295471883
2011-03-07,0.940912,17.280453,0.05109453065051857,True,115981.92747507831,181228.98192701346,297210.90940209175,4,0.6097655778907891
2011-03-08,0.945917,17.099808,0.05114257258526488,True,115981.92747507831,182192.9945600171,298174.9220350954,4,0.6110272229351765
2011-03-09,0.861592,16.803417,0.054802316594918216,True,57525.370511738605,224349.32214017058,281874.6926519092,4,0.7959186404053042
2011-03-10,0.796378,16.286871,0.056921567075422896,True,8796.016787130384,256048.96856421782,264844.9853513482,4,0.9667880561323017
2011-03-11,0.817611,16.219123,0.057406345961911014,True,8796.016787130384,262875.7364426927,271671.7532298231,4,0.9676226303156025
2011-03-14,0.814274,16.364492,0.05687283823233722,True,8796.016787130384,261802.834619565,270598.8514066954,4,0.967494256751628
2011-03-15,0.7847,15.914282,0.05646643318653114,True,2488.131478552523,258595.8781834414,261084.00966199394,4,0.9904699966812455
2011-03-16,0.734045,15.967907,0.0575412145028378,True,2488.131478552523,241902.65248013794,244390.78395869047,4,0.9898190453901359
2011-03-17,0.760889,16.021536,0.05776662823591018,True,2488.131478552523,250749.02402844472,253237.15550699725,4,0.9901746982050437
2011-03-18,0.768472,16.083641,0.056387366420861236,True,2488.131478552523,253247.98228544107,255736.1137639936,4,0.9902707074025192
2011-03-21,0.808208,16.303806,0.05850274283033972,True,8972.007340304663,259852.5132353598,268824.5205756645,4,0.9666250410450211
2011-03-22,0.789249,16.214892,0.05247999843119313,True,70625.23078755845,192041.93635266367,262667.16714022215,3,0.7311227301208303
2011-03-23,0.810634,16.165495,0.052054744226400516,True,70625.23078755845,197245.38521215125,267870.6159997097,4,0.7363457334654616
2011-03-24,0.870389,16.584668,0.053563006367507056,True,109451.69674523162,172919.78207837645,282371.4788236081,4,0.6123840226313935
2011-03-25,0.863109,16.748159,0.05025413957175907,True,95761.35728894107,185150.13062211787,280911.48791105894,4,0.6591048732073903
2011-03-28,0.867204,16.745334,0.05010787488480669,True,95761.35728894107,186028.5709870052,281789.9282759463,4,0.6601675656939534
2011-03-29,0.891015,16.681729,0.049045933086154084,True,155897.7062943532,130939.8504734861,286837.5567678393,4,0.4564947908110452
2011-03-30,0.893896,16.8683,0.04790809238249887,True,155897.7062943532,131363.23022490903,287260.93651926226,4,0.45729583638010757
2011-03-31,0.871147,16.769361,0.045781773150013846,True,89774.874134444,194076.9073917591,283851.7815262031,4,0.6837262262306547
2011-04-01,0.840663,16.633666,0.04588114539057916,True,38527.92178967288,238481.3412239314,277009.2630136043,4,0.8609146807203313
2011-04-04,0.818975,16.431536,0.04244476028208333,True,22643.63321020369,248197.25636224638,270840.8895724501,4,0.9163950714903167
2011-04-05,0.872361,16.755221,0.04520415920177723,True,92602.57037466351,194347.36618410255,286949.93655876606,4,0.6772866671963912
2011-04-06,0.91513,16.934739,0.041385978357116514,True,161925.06855325153,134483.6903574029,296408.75891065446,4,0.4537102440955191
2011-04-07,0.901783,16.886685,0.036973176169280475,True,90863.7760064963,203512.57311484596,294376.34912134224,4,0.6913346596025548
2011-04-08,0.879641,16.888093,0.037278543571439254,True,38970.24437625057,250357.3010433271,289327.5454195777,4,0.8653075208593202
2011-04-11,0.855981,16.711409,0.03788724343363258,True,22827.905718612696,259749.56891035085,282577.47462896357,4,0.9192154089826631
2011-04-12,0.803506,16.380659,0.03973845028678939,True,7255.189342494377,259383.0585264426,266638.247868937,4,0.9727901401975136
2011-04-13,0.810331,16.352386,0.0363907848835816,True,7255.189342494377,261586.26469346933,268841.4540359637,4,0.9730131301048394
2011-04-14,0.811999,16.249206,0.03565414612057505,True,7255.189342494377,262124.71859626792,269379.9079387623,4,0.9730670731978137
2011-04-15,0.828075,16.37501,0.035814926323617206,True,23272.010777452055,251281.42362440145,274553.4344018535,4,0.9152368615306059
2011-04-18,0.78379,16.150268,0.03633368482784757,True,7577.955791482185,253521.40655540355,261099.36234688573,4,0.970976735740111
2011-04-19,0.793193,16.175715,0.03606073460742363,True,7577.955791482185,256562.86126373164,264140.81705521385,4,0.9713109246955264
2011-04-20,0.894806,16.807522,0.04474233323439405,True,42299.91478166835,254673.4578281087,296973.372609777,4,0.8575632744109674
2011-04-21,0.89238,16.951696,0.04195317217703529,True,42299.91478166835,253982.9865877605,296282.90136942884,4,0.8572313333433795
2011-04-25,0.894958,16.946044,0.041892441680421104,True,42299.91478166835,254716.71901052128,297016.63379218965,4,0.8575840206603921
2011-04-26,0.93803,17.105777,0.04309665707389711,True,171297.38124657513,137848.97890567966,309146.3601522548,4,0.4459019955395526
2011-04-27,0.937879,17.129802,0.04275525796754927,True,217098.1695534804,91980.15363323037,309078.32318671077,3,0.29759496778965694
2011-04-28,0.919225,17.114251,0.04305306319313319,True,145547.08423103663,161630.31462854423,307177.39885958086,4,0.5261790588389931
2011-04-29,0.932722,17.149589,0.042656214985362255,True,145547.08423103663,164003.5359362126,309550.62016724923,4,0.529811685880655
2011-05-02,0.903603,17.114242,0.04247679451318568,True,159712.76702663026,144606.9002536404,304319.66728027066,3,0.4751809225673907
2011-05-03,0.870237,16.844277,0.04297494233552288,True,106557.68566148895,192369.19635607026,298926.8820175592,4,0.6435326092377679
2011-05-04,0.871754,16.782082,0.04058096581254079,True,106557.68566148895,192704.53497172572,299262.2206332147,4,0.6439320491707189
2011-05-05,0.877062,16.861238,0.039031191157621985,True,106557.68566148895,193877.88854581874,300435.5742073077,4,0.6453226754433494
2011-05-06,0.896323,17.043566,0.03926274331117434,True,235536.28904572775,69027.89470568551,304564.18375141325,3,0.22664482033129152
2011-05-09,0.888588,16.912125,0.038894945227300026,True,216645.94046055732,87303.68168245762,303949.6221430149,4,0.28723076234448924
2011-05-10,0.900115,16.991273,0.0384194085033186,True,216645.94046055732,88436.2082738067,305082.148734364,4,0.28987670580099517
2011-05-11,0.879489,16.930495,0.03576107597467779,True,143777.9602782136,159204.89084440144,302982.85112261504,4,0.5254584220014892
2011-05-12,0.915585,16.975724,0.03663982718507503,True,238910.40722854328,70511.30560535105,309421.7128338943,4,0.22788092328608942
2011-05-13,0.880096,17.001165,0.038035322665469315,True,167254.05885076235,139362.97974707308,306617.03859783546,4,0.45451805413157137
2011-05-16,0.842787,16.807522,0.03926146544168365,True,95840.86625466277,204796.9597472091,300637.82600187184,4,0.6812082247625553
2011-05-17,0.812303,16.428712,0.03809670294440908,True,48771.99211696358,244411.2102056679,293183.2023226315,4,0.833646703731366
2011-05-18,0.858104,16.616716,0.03986609784791533,True,98395.45761443087,208518.9856356578,306914.44325008866,4,0.6794042777118393
2011-05-19,0.83672,16.582788,0.029368618143287326,True,50239.0019766757,251431.02806233807,301670.03003901377,4,0.8334637286634722
2011-05-20,0.828985,16.564409,0.029397826130619396,True,12219.773796237769,287087.93829770904,299307.7120939468,4,0.9591732076973606
2011-05-23,0.778027,16.293032,0.03222300735785868,True,12219.773796237769,269440.5415899585,281660.31538619625,4,0.9566152094252869
2011-05-24,0.760434,16.199733,0.029752695660370244,True,12219.773796237769,263347.8642815975,275567.63807783526,4,0.9556559910972339
2011-05-25,0.780454,16.157335,0.030787162183500878,True,12219.773796237769,270281.04223381635,282500.8160300541,4,0.9567442885016737
2011-05-26,0.802444,16.28737,0.03174130814478201,True,12219.773796237769,277896.4559785362,290116.229774774,4,0.9578797304593254
2011-05-27,0.830957,16.578545,0.032771158863601636,True,12219.773796237769,287770.86671538017,299990.64051161794,4,0.9592661498525501
2011-05-31,0.868266,16.765124,0.033962679028481595,True,175258.31277647187,137489.702229157,312748.01500562887,4,0.43961814506379027
2011-06-01,0.789553,16.568646,0.03916049412246031,True,107516.58843304656,192699.56881411263,300216.15724715916,4,0.6418694136287566
2011-06-02,0.789856,16.376413,0.03914961188583898,True,107516.58843304656,192773.51947904666,300290.1079120932,4,0.6419576083254767
2011-06-03,0.747846,16.144607,0.04057991536214265,True,59187.2854129931,230801.5136425161,289988.7990555092,4,0.7958980291453823
2011-06-06,0.729646,15.990542,0.04011602266293079,True,21642.20773871967,262692.16856856877,284334.3763072884,4,0.9238846599563808
2011-06-07,0.740415,16.072516,0.04050258170094771,True,21642.20773871967,266569.2979755893,288211.50571430894,4,0.9249085920942636
2011-06-08,0.695977,15.7658,0.04179502406868802,True,7403.35408060926,264795.05277408473,272198.406854694,4,0.9728016259677766
2011-06-09,0.698252,15.69089,0.04186955845574786,True,7403.35408060926,265660.61118343024,273063.9652640395,4,0.9728878393989093
2011-06-10,0.664432,15.481697,0.04083182775425447,False,7403.35408060926,252793.27693988552,260196.63102049477,4,0.971547079408472
2011-06-13,0.645019,15.378513,0.040591612358035316,False,185947.51662855616,66684.41990183535,252631.9365303915,1,0.2639587884955046
2011-06-14,0.681115,15.590531,0.04289199468695128,False,185947.51662855616,70416.1562084816,256363.67283703777,1,0.2746729106710954
2011-06-15,0.641076,15.386993,0.043970058935130785,False,185947.51662855616,66276.77816155649,252224.29479011265,1,0.26276920792546343
2011-06-16,0.619389,15.13681,0.04129355650901721,False,185947.51662855616,64034.696898196635,249982.21352675278,1,0.25615701211215863
2011-06-17,0.592392,15.043519,0.04173752000648783,False,185947.51662855616,61243.64844212039,247191.16507067654,1,0.24775824178266928
2011-06-20,0.594212,14.892276,0.041952703064963195,False,185947.51662855616,61431.8066889648,247379.32331752096,1,0.24833040152719107
2011-06-21,0.638953,15.101468,0.04489171220295399,False,185947.51662855616,66057.29466812203,252004.8112966782,1,0.26212711705077185
2011-06-22,0.629549,15.252713,0.04480481727045889,False,185947.51662855616,65085.07480365779,251032.59143221396,1,0.2592694216807806
2011-06-23,0.65791,15.18541,0.04573002393732577,False,185947.51662855616,68017.13856121525,253964.6551897714,1,0.26782127816325635
2011-06-24,0.610895,15.20099,0.04712696822762547,False,185947.51662855616,63156.556157154606,249104.07278571077,1,0.25353481960724256
2011-06-27,0.621359,15.059365,0.046318262906502296,False,185947.51662855616,64238.36269285791,250185.87932141408,1,0.25676254338211796
2011-06-28,0.645019,15.257645,0.04590455557460079,False,185947.51662855616,66684.41990183535,252631.9365303915,1,0.2639587884955046
2011-06-29,0.647749,15.342622,0.041978509299295655,False,185947.51662855616,66966.65727210199,252914.17390065815,1,0.2647801672768476
2011-06-30,0.694612,15.581975,0.04559230582502922,False,185947.51662855616,71811.52536104155,257759.04198959772,1,0.2785994423580284
2011-07-01,0.73996,15.89922,0.04663807693114436,True,193516.2271874025,68923.48037133891,262439.7075587414,1,0.2626259608825082
2011-07-05,0.719788,15.977122,0.04672449340814741,True,185693.7658216389,74859.20870824032,260552.97452987923,1,0.28730897754404927
2011-07-06,0.703106,15.757591,0.046843060775487444,False,185693.7658216389,73124.25158243264,258818.01740407152,1,0.28253153438027345
2011-07-07,0.744661,16.053594,0.04648858786769523,True,193770.3708467435,69361.35442024111,263131.7252669846,1,0.2635993601678556
2011-07-08,0.711296,15.825573,0.047773988394588816,False,185843.70322942868,74172.32459444762,260016.0278238763,1,0.28526058649234026
2011-07-11,0.674745,15.722187,0.047951774164456534,False,185843.70322942868,70360.869677997,256204.5729074257,1,0.27462768864559056
2011-07-12,0.617114,15.268974,0.05165368877634901,False,185843.70322942868,64351.24043967343,250194.9436691021,1,0.257204400280694
2011-07-13,0.610592,15.191082,0.04991695680758306,False,185843.70322942868,63671.14115469925,249514.84438412794,1,0.2551797722169891
2011-07-14,0.583141,15.074946,0.04917037635228787,False,185843.70322942868,60808.613483459456,246652.31671288813,1,0.24653574835156644
2011-07-15,0.592392,14.873826,0.04885502231823575,False,185843.70322942868,61773.28666427762,247616.98989370628,1,0.24947111541415165
2011-07-18,0.566913,14.784602,0.04882773407441788,False,185843.70322942868,59116.394655406584,244960.09788483527,1,0.2413307112703693
2011-07-19,0.623028,15.083433,0.05340143286232653,False,185843.70322942868,64967.938871341205,250811.64210076988,1,0.259030794293188
2011-07-20,0.61499,15.199574,0.050845608562764565,False,185843.70322942868,64129.754563978066,249973.45779340673,1,0.256546255470766
2011-07-21,0.631824,15.134425,0.05114585208266611,False,185843.70322942868,65885.16568989883,251728.8689193275,1,0.26173067067255323
2011-07-22,0.674593,15.525318,0.052324776469947404,False,185843.70322942868,70345.0194646704,256188.72269409907,1,0.27458281037868143
2011-07-25,0.64881,15.474335,0.05020550670573131,False,185843.70322942868,67656.42702914617,253500.13025857485,1,0.2668891213591699
2011-07-26,0.665038,15.651372,0.05034807490586139,False,185843.70322942868,69348.64585719905,255192.3490866277,1,0.27175048979880634
2011-07-27,0.59224,15.205243,0.056229664072661036,False,185843.70322942868,61757.43645095102,247601.1396803797,1,0.24942307022767218
2011-07-28,0.587842,15.025369,0.0561974637440408,False,185843.70322942868,61298.82304167221,247142.52627110088,1,0.24803025188158426
2011-07-29,0.573738,14.820009,0.05348834941492087,False,185843.70322942868,59828.0900893147,245671.79331874338,1,0.24352852755746196
2011-08-01,0.572373,14.882328,0.050728977181728245,False,185843.70322942868,59685.75100253308,245529.45423196175,1,0.24308998359987188
2011-08-02,0.521566,14.600485,0.053744625960183603,False,185843.70322942868,54387.71292039835,240231.416149827,1,0.2263971706618003
2011-08-03,0.538097,14.351226,0.05473192878077529,False,185843.70322942868,56111.527897385175,241955.23112681386,1,0.23190871979112507
2011-08-04,0.44983,14.056633,0.06349207725727041,False,185843.70322942868,46907.246451998006,232750.9496814267,1,0.20153407114429128
2011-08-05,0.417071,13.552435,0.06434471548051438,False,185843.70322942868,43491.212646958316,229334.91587638698,1,0.18964060697325463
2011-08-08,0.351856,12.966092,0.07176159554070109,False,185843.70322942868,36690.74118581288,222534.44441524157,1,0.16487668361734253
2011-08-09,0.399175,12.950514,0.07864050279546819,False,185843.70322942868,41625.05858318988,227468.76181261856,1,0.1829924172949922
2011-08-10,0.375212,13.171457,0.07909233179806457,False,185843.70322942868,39126.25159670781,224969.95482613647,1,0.17391767548224715
2011-08-11,0.431024,13.542522,0.08683245630598571,False,185843.70322942868,44946.19966370849,230789.90289313716,1,0.19474941971148524
2011-08-12,0.426777,13.756382,0.08654175069056627,False,185843.70322942868,44503.33219003702,230347.03541946568,1,0.19320123703348616
2011-08-15,0.451954,13.804537,0.08779789358110296,False,185843.70322942868,47128.73232769337,232972.43555712205,1,0.20229316921116175
2011-08-16,0.426474,13.692652,0.08469885988434825,False,185843.70322942868,44471.736041103075,230315.43927053176,1,0.19309055520531537
2011-08-17,0.417222,13.657243,0.08468931576896381,False,185843.70322942868,43506.95858256566,229350.66181199433,1,0.18969624172364338
2011-08-18,0.345032,12.942019,0.09201373139025695,False,185843.70322942868,35979.15002962403,221822.8532590527,1,0.16219767035277596
2011-08-19,0.32486,12.78056,0.08938549138714938,False,185843.70322942868,33875.659876833626,219719.3631062623,1,0.1541769437063698
2011-08-22,0.33396,12.732408,0.09052325215837492,False,185843.70322942868,34824.587122044446,220668.29035147312,1,0.1578141882849457
2011-08-23,0.38507,12.990174,0.09800303177368946,False,185843.70322942868,40154.22135311311,225997.9245825418,1,0.17767517744813396
2011-08-24,0.384464,13.216777,0.09587390546223393,False,185843.70322942868,40091.02905524522,225934.7322846739,1,0.17744517918887837
2011-08-25,0.353979,13.136048,0.09675901139474552,False,185843.70322942868,36912.12278378899,222755.82601321768,1,0.16570665488048214
2011-08-26,0.382037,13.051068,0.09939497695512943,False,185843.70322942868,39837.94703061593,225681.6502600446,1,0.17652275665616649
2011-08-29,0.424654,13.628918,0.10328795373385379,False,185843.70322942868,44281.95059206091,230125.6538214896,1,0.19242509410276695
2011-08-30,0.424654,13.732305,0.10167073040597385,False,185843.70322942868,44281.95059206091,230125.6538214896,1,0.19242509410276695
2011-08-31,0.415554,13.784708,0.10122174537038404,False,185843.70322942868,43333.023346850096,229176.72657627877,1,0.1890812561738341
2011-09-01,0.394776,13.657239,0.09394498101454754,False,185843.70322942868,41166.34089619182,227010.0441256205,1,0.18134149550410028
2011-09-02,0.367629,13.171457,0.09378081652201285,False,185843.70322942868,38335.513651605215,224179.2168810339,1,0.17100386996154454
2011-09-06,0.360349,12.886783,0.08564245534857517,False,185843.70322942868,37576.37185543656,223420.07508486524,1,0.16818708811714134
2011-09-07,0.406758,13.458956,0.08526245950060374,False,185843.70322942868,42415.79652829248,228259.49975772115,1,0.18582269992404868
2011-09-08,0.400691,13.678484,0.08407987639867798,False,185843.70322942868,41783.14360557884,227626.8468350075,1,0.18355982251893527
2011-09-09,0.387648,13.541105,0.07808142183524519,False,185843.70322942868,40423.04931334976,226266.75254277844,1,0.17865218313816253
2011-09-12,0.422985,13.535441,0.0807558274791682,False,185843.70322942868,44107.91107862609,229951.61430805476,1,0.19181387880816056
2011-09-13,0.448617,13.95749,0.08081351587479783,False,185843.70322942868,46780.75757854298,232624.46080797166,1,0.20109990761960267
2011-09-14,0.482285,14.354057,0.08117608815544927,False,185843.70322942868,50291.57983038449,236135.28305981317,1,0.21297782855112599
2011-09-15,0.504125,14.583486,0.0813207947346364,False,185843.70322942868,52569.00521889046,238412.70844831914,1,0.2204958182012595
2011-09-16,0.505793,14.620314,0.06650737287251189,False,185843.70322942868,52742.940454606025,238586.6436840347,1,0.22106409495602197
2011-09-19,0.488807,14.446116,0.06511019100007569,False,185843.70322942868,50971.67911535866,236815.38234478733,1,0.2152380415945587
2011-09-20,0.472731,14.480099,0.06617802401640911,False,185843.70322942868,49295.31050063239,235139.01373006107,1,0.20964326471668912
2011-09-21,0.443157,14.278989,0.061625644846647315,False,185843.70322942868,46211.401231416494,232055.10446084518,1,0.19913977474782837
2011-09-22,0.39872,13.521277,0.06658589430285923,False,185843.70322942868,41577.61222092934,227421.31545035803,1,0.1828219669673179
2011-09-23,0.420559,13.654412,0.06441632971771392,False,185843.70322942868,43854.93333171605,229698.63656114473,1,0.19092378600184712
2011-09-26,0.419801,13.728081,0.06243537349921082,False,185843.70322942868,43775.890820521556,229619.59404995025,1,0.1906452757293821
2011-09-27,0.442702,14.178204,0.058964627789736525,False,185843.70322942868,46163.95486915595,232007.65809858462,1,0.19897599608345676
2011-09-28,0.404483,13.901315,0.062483553419325606,False,185843.70322942868,42178.56471698977,228022.26794641843,1,0.18497563898847394
2011-09-29,0.387951,13.564788,0.06296786711371755,False,185843.70322942868,40454.6454622837,226298.34869171237,1,0.17876686107592996
2011-09-30,0.348975,13.218316,0.06624880145162318,False,185843.70322942868,36390.31707664229,222234.02030607098,1,0.16374773325219902
2011-10-03,0.310149,12.817888,0.06941107013160074,False,185843.70322942868,32341.63034888898,218185.33357831766,1,0.14823008411461325
2011-10-04,0.349278,12.725595,0.07492232754171742,False,185843.70322942868,36421.91322557624,222265.6164550049,1,0.16386661061878383
2011-10-05,0.382189,13.212637,0.0725260818878262,False,185843.70322942868,39853.79724394252,225697.50047337118,1,0.17658058755792314
2011-10-06,0.395383,13.488107,0.07292818208931665,False,185843.70322942868,41229.63747177895,227073.34070120763,1,0.18156969613632712
2011-10-07,0.401601,13.729501,0.0726007824754132,False,185843.70322942868,41878.03633009992,227721.7395595286,1,0.18390003699735752
2011-10-10,0.433602,14.040469,0.07198162433017415,False,185843.70322942868,45215.02762394513,231058.7308533738,1,0.19568629783843947
2011-10-11,0.43072,14.048989,0.07070202976499536,False,185843.70322942868,44914.499237055286,230758.20246648396,1,0.1946387983481489
2011-10-12,0.442095,14.25204,0.06887202583219262,False,185843.70322942868,46100.65829356881,231944.3615229975,1,0.198757400226769
2011-10-13,0.469849,14.3131,0.06958526086180646,False,185843.70322942868,48994.78211374255,234838.48534317123,1,0.20863182643230777
2011-10-14,0.486532,14.520409,0.07010484047043251,False,185843.70322942868,50734.44730405596,236578.15053348464,1,0.2144511113543224
2011-10-17,0.446494,14.381257,0.07227596327103782,False,185843.70322942868,46559.375980566874,232403.07920999554,1,0.20033889455697185
2011-10-18,0.475309,14.3344,0.07343229088205533,False,185843.70322942868,49564.138460869035,235407.8416902977,1,0.21054582593758947
2011-10-19,0.444219,14.359958,0.07357689225488417,False,185843.70322942868,46322.14416926417,232165.84739869286,1,0.1995217844841591
2011-10-20,0.422834,13.94675,0.07032058846108658,False,185843.70322942868,44092.16514301875,229935.86837244744,1,0.19175853447796484
2011-10-21,0.448617,14.3415,0.07055360265029735,False,185843.70322942868,46780.75757854298,232624.46080797166,1,0.20109990761960267
2011-10-24,0.495177,14.561591,0.07368887862529801,False,185843.70322942868,51635.92818700623,237479.63141643492,1,0.2174330820669816
2011-10-25,0.468484,14.63685,0.0742058122298335,False,185843.70322942868,48852.44302696092,234696.1462563896,1,0.20815187554717215
2011-10-26,0.475006,14.513312,0.07090825095573076,False,185843.70322942868,49532.542311935096,235376.24554136378,1,0.21043985215249986
2011-10-27,0.535519,15.105432,0.07407823824445178,False,241630.56046664005,0.0,241630.56046664005,0,0.0
2011-10-28,0.539766,15.17643,0.06836481766297135,False,241630.56046664005,0.0,241630.56046664005,1,0.0
2011-10-31,0.498665,14.97621,0.06464376720120787,False,237034.43557434127,4591.533358939828,241625.9689332811,1,0.019002648511707215
2011-11-01,0.450892,14.423853,0.06626798496584892,False,232198.652592101,8982.608270930994,241181.260863032,1,0.03724422137436399
2011-11-02,0.457716,14.469294,0.06373838083551185,False,232198.652592101,9118.555058278815,241317.2076503798,1,0.03778659278823485
2011-11-03,0.498817,14.616968,0.0658376693519897,False,237537.7387543182,4592.932921914087,242130.6716762323,1,0.018968819150906986
2011-11-04,0.516258,14.949236,0.06603084213991457,False,242286.5087963118,0.0,242286.5087963118,1,0.0
2011-11-07,0.513983,14.943556,0.06435533525142453,False,242286.5087963118,0.0,242286.5087963118,1,0.0
2011-11-08,0.522172,15.044373,0.06427263927919723,False,242286.5087963118,0.0,242286.5087963118,1,0.0
2011-11-09,0.451347,14.609866,0.07286875947273737,False,237637.73086936062,4644.133793158009,242281.86466251864,1,0.019168309603473443
2011-11-10,0.463328,14.506213,0.07177382206298903,False,237637.73086936062,4767.412261777112,242405.14313113774,1,0.019667125046096936
2011-11-11,0.510647,14.940715,0.07469579176619008,False,242886.7775586832,0.0,242886.7775586832,1,0.0
2011-11-14,0.493053,14.971953,0.07236215990559514,False,238406.32851976648,4475.973065850895,242882.3015856174,1,0.018428568226792306
2011-11-15,0.513073,14.996093,0.07158434792407432,False,243059.38696964204,0.0,243059.38696964204,1,0.0
2011-11-16,0.504732,15.112529,0.06978587361452773,False,243059.38696964204,0.0,243059.38696964204,1,0.0
2011-11-17,0.447404,14.624065,0.0744414636766188,False,238662.0807620561,4392.913294291645,243054.99405634776,1,0.018073742164183757
2011-11-18,0.434057,14.372737,0.07355913966316,False,234145.42597900823,8774.006114539026,242919.43209354725,1,0.036118996487527574
2011-11-21,0.409185,13.977992,0.07062669143402553,False,229705.04735085805,12707.187457413223,242412.23480827129,1,0.05241974468600396
2011-11-22,0.394473,13.938232,0.07010724203652252,False,224979.296271372,16971.338242278875,241950.63451365088,1,0.0701438054766554
2011-11-23,0.357316,13.571885,0.07269510022035613,False,220506.755721332,19840.812044980543,240347.56776631257,1,0.08255050063278176
2011-11-25,0.342453,13.404333,0.06565130592211024,False,215939.1908414569,23578.510859514092,239517.701700971,1,0.09844162119153511
2011-11-28,0.377487,13.6727,0.07068001031279593,False,225679.55336629334,16240.55273507471,241920.10610136806,1,0.06713188497143632
2011-11-29,0.368994,13.67696,0.06921430936016745,False,220890.70099597482,20659.22828348914,241549.92927946398,1,0.08552777616253081
2011-11-30,0.432085,14.188148,0.07617084823287244,False,236332.66522725468,8734.144206868212,245066.8094341229,1,0.035639849504859454
2011-12-01,0.439517,14.388358,0.07619629371136,False,236332.66522725468,8884.374276751323,245217.039504006,1,0.03623065629827972
2011-12-02,0.436635,14.560172,0.07332570903293276,False,236332.66522725468,8826.117675378458,245158.78290263313,1,0.036001637676932936
2011-12-05,0.450134,14.619814,0.07321544497308528,False,241007.2534644721,4419.718269869458,245426.97173434155,1,0.01800828262124959
2011-12-06,0.447404,14.531769,0.07321347400572777,False,241007.2534644721,4392.913294291645,245400.16675876375,1,0.01790102000464417
2011-12-07,0.463176,14.570109,0.07364140242746688,False,241007.2534644721,4547.773394955849,245555.02685942795,1,0.018520384017873506
2011-12-08,0.423744,14.50763,0.06891202933507988,False,236701.98186717738,8461.574132618636,245163.55599979602,1,0.03451399657714899
2011-12-09,0.439062,14.304584,0.0691518481091466,False,241153.97262697772,4311.005929357534,245464.97855633526,1,0.017562610987164263
2011-12-12,0.403876,14.08591,0.06718887791465443,False,236550.22053515658,8564.67906212955,245114.89959728613,1,0.03494148693613065
2011-12-13,0.374909,13.968056,0.0684725984983586,False,231770.77997288675,12725.064688339107,244495.84466122586,1,0.052046138886208855
2011-12-14,0.356861,13.645724,0.06770381981236245,False,226960.24628090987,16918.21208614755,243878.4583670574,1,0.0693714902063397
2011-12-15,0.355951,13.634364,0.06779342665834019,False,226960.24628090987,16875.070434360456,243835.3167152703,1,0.06920683460331424
2011-12-16,0.364292,13.691159,0.06378832815694457,False,226960.24628090987,17270.503970136448,244230.75025104632,1,0.07071388001872814
2011-12-19,0.333657,13.456868,0.06599865362202169,False,221997.54270931645,20775.893199752853,242773.4359090693,1,0.08557729193870477
2011-12-20,0.377639,13.745119,0.07172665893427878,False,232683.65024754466,12817.725644995699,245501.37589254035,1,0.05221040248102809
2011-12-21,0.366567,13.684061,0.07157879667988978,False,227996.979927874,17123.91100486918,245120.89093274318,1,0.06985904359154634
2011-12-22,0.402663,13.965454,0.07105812532042352,False,238257.86225670902,8538.955930023747,246796.81818673277,1,0.034599132974084595
2011-12-23,0.408426,14.158945,0.07014819780861718,False,238257.86225670902,8661.167315288165,246919.02957199718,1,0.035076953486740975
2011-12-27,0.407365,14.230084,0.0669941402221221,False,238257.86225670902,8638.667527024145,246896.52978373316,1,0.03498901962936097
2011-12-28,0.387496,14.092077,0.067834589950143,False,233345.6586502173,13124.617660940072,246470.27631115736,1,0.05325030611143896
2011-12-29,0.39872,14.05224,0.05764095724869682,False,233345.6586502173,13504.778252601383,246850.43690281868,1,0.054708342517206125
2011-12-30,0.393715,14.111999,0.05745168127196057,False,233345.6586502173,13335.25724749938,246680.91589771665,1,0.05405873088710554
2012-01-03,0.408123,14.33394,0.058191718770910436,False,238509.00926934168,8654.741833814087,247163.75110315578,1,0.03501622626775057
2012-01-04,0.40782,14.160367,0.057652985157106214,False,238509.00926934168,8648.316352340007,247157.3256216817,1,0.034991139067339624
2012-01-05,0.425412,14.312601,0.05860674857795985,False,243348.55981254243,4176.981051468465,247525.5408640109,1,0.016874949699688866
2012-01-06,0.429204,14.413614,0.058027050670382045,False,243348.55981254243,4214.213457106219,247562.77326964863,1,0.017022807595211586
2012-01-09,0.453014,14.656904,0.05574409331392893,False,243348.55981254243,4447.996046303196,247796.55585884562,1,0.017950193177168065
2012-01-10,0.466968,14.912983,0.055598763419494136,False,247928.98060733543,0.0,247928.98060733543,1,0.0
2012-01-11,0.472731,14.901605,0.051736569647911915,False,247928.98060733543,0.0,247928.98060733543,1,0.0
2012-01-12,0.488655,15.028228,0.04820125571168184,True,247928.98060733543,0.0,247928.98060733543,1,0.0
2012-01-13,0.456806,14.875997,0.049584834254265936,False,221039.96832585568,26862.150131348408,247902.11845720408,2,0.10835788858329455
2012-01-17,0.462721,14.930056,0.04946070548978288,True,234723.6774108815,13512.570984539609,248236.2483954211,1,0.0544343184038744
2012-01-18,0.530817,15.327,0.05673041290183214,True,250209.3149546888,0.0,250209.3149546888,1,0.0
2012-01-19,0.563425,15.820685,0.051477074209146004,True,250209.3149546888,0.0,250209.3149546888,1,0.0
2012-01-20,0.571615,15.917434,0.046087158543847206,True,250209.3149546888,0.0,250209.3149546888,1,0.0
2012-01-23,0.567216,15.935926,0.0450690268969771,True,250209.3149546888,0.0,250209.3149546888,1,0.0
2012-01-24,0.57116,15.938774,0.04182650133718655,True,250209.3149546888,0.0,250209.3149546888,1,0.0
2012-01-25,0.578591,15.96012,0.04183276763466316,True,250209.3149546888,0.0,250209.3149546888,1,0.0
2012-01-26,0.560695,16.007066,0.04303740821630219,True,250209.3149546888,0.0,250209.3149546888,0,0.0
2012-01-27,0.56843,15.903212,0.04015848552774018,True,250209.3149546888,0.0,250209.3149546888,0,0.0
2012-01-30,0.548562,15.72536,0.041891805814201835,True,250209.3149546888,0.0,250209.3149546888,0,0.0
2012-01-31,0.550837,15.809307,0.04145510186127557,True,250209.3149546888,0.0,250209.3149546888,0,0.0
2012-02-01,0.587085,16.103813,0.042581187843175085,True,250209.3149546888,0.0,250209.3149546888,0,0.0
2012-02-02,0.598459,16.246084,0.0423476075772152,True,250209.3149546888,0.0,250209.3149546888,0,0.0
2012-02-03,0.623786,16.463757,0.04232553089281601,True,250209.3149546888,0.0,250209.3149546888,0,0.0
2012-02-06,0.603919,16.325754,0.04382976746411591,True,250209.3149546888,0.0,250209.3149546888,0,0.0
2012-02-07,0.604525,16.241816,0.043075893798183135,True,250209.3149546888,0.0,250209.3149546888,0,0.0
2012-02-08,0.627426,16.480827,0.04323586642765559,True,250209.3149546888,0.0,250209.3149546888,0,0.0
2012-02-09,0.632886,16.517815,0.043254331599795005,True,250209.3149546888,0.0,250209.3149546888,0,0.0
2012-02-10,0.593757,16.300145,0.04638619475057917,True,250209.3149546888,0.0,250209.3149546888,0,0.0
2012-02-13,0.599975,16.243237,0.04269181660586484,True,250209.3149546888,0.0,250209.3149546888,0,0.0
2012-02-14,0.60862,16.274541,0.04269167154628416,True,250209.3149546888,0.0,250209.3149546888,1,0.0
2012-02-15,0.61681,16.519247,0.031277070841089924,True,250209.3149546888,0.0,250209.3149546888,1,0.0
2012-02-16,0.66246,16.638758,0.032400996659593215,True,250209.3149546888,0.0,250209.3149546888,1,0.0
2012-02-17,0.646991,16.82371,0.033119024191579756,True,219634.77569681316,30543.995262613033,250178.77095942618,2,0.12208867741046915
2012-02-21,0.621056,16.578998,0.03464903557094237,True,189329.79784752862,59594.325091138264,248924.1229386669,2,0.23940759291465646
2012-02-22,0.611654,16.446681,0.034922321069676895,True,158228.0904702295,89762.77934814159,247990.86981837108,2,0.3619600165678841
2012-02-23,0.615294,16.322906,0.03485712892758189,True,158228.0904702295,90296.96455223938,248525.0550224689,3,0.36333143370223064
2012-02-24,0.610744,16.44953,0.03401001563625255,True,142828.0422486153,105013.89660517329,247841.9388537886,3,0.4237131822436435
2012-02-27,0.61135,16.349948,0.03394329279498916,True,142828.0422486153,105118.09479843057,247946.13704704586,3,0.4239553640574978
2012-02-28,0.642289,16.58469,0.03409209484299799,True,222863.78609063113,30322.017111873985,253185.8032025051,4,0.11976191685448329
2012-02-29,0.612564,16.537742,0.03626752925768541,True,163029.4527291535,88693.2793320908,251722.7320612443,4,0.352345132304188
2012-03-01,0.61317,16.468024,0.0335608648188478,True,163029.4527291535,88781.02220838658,251810.47493754007,4,0.35257080639877325
2012-03-02,0.594364,16.368437,0.03410092110432568,True,102092.96839345139,146933.70596569436,249026.67435914575,4,0.590031996948997
2012-03-05,0.549927,15.998528,0.03672307458010075,True,43923.23426706022,194059.98431684438,237983.2185839046,4,0.8154355818514387
2012-03-06,0.533244,15.624349,0.03666637925161479,True,13559.877605031488,218505.85799104322,232065.7355960747,4,0.9415688077768046
2012-03-07,0.558875,15.866213,0.038534545494724154,True,45319.102682706056,197217.58294296585,242536.6856256719,4,0.8131453698816887
2012-03-08,0.582686,16.108084,0.03880189276932257,True,106830.84522567953,144046.768300783,250877.61352646252,4,0.5741714706066788
2012-03-09,0.601492,16.258891,0.03952633082282553,True,106830.84522567953,148695.83061678943,255526.67584246898,4,0.5819190114947519
2012-03-12,0.585112,16.237537,0.03734071407395918,True,45583.71896792153,205832.4440844913,251416.16305241283,4,0.8186921699285551
2012-03-13,0.623028,16.42534,0.0399115811765288,True,174417.04006383978,90208.36424555455,264625.4043093943,4,0.3408907942190043
2012-03-14,0.617417,16.617411,0.03987065445759092,True,174417.04006383978,89395.94629358157,263812.9863574214,4,0.33886105277799095
2012-03-15,0.652299,16.698503,0.04161179287086972,True,238005.32479407795,30794.582252005388,268799.90704608336,4,0.11456321763804007
2012-03-16,0.653663,16.81233,0.03835660268612614,True,238005.32479407795,30858.97574362769,268864.30053770565,4,0.11477528136651972
2012-03-19,0.669437,16.901964,0.03832990253981543,True,269577.3764548603,0.0,269577.3764548603,4,0.0
2012-03-20,0.656393,16.796667,0.03736939691357198,True,207864.05949077592,61651.6652987856,269515.72478956153,4,0.22874978944892124
2012-03-21,0.662763,16.887726,0.03715164232733107,True,207864.05949077592,62249.96709047635,270114.0265812523,4,0.23045810644620893
2012-03-22,0.651389,16.761108,0.03745074806734048,True,146024.26766689346,122959.6787688862,268983.9464357797,4,0.45712645828193693
2012-03-23,0.656393,16.746883,0.03738475933449823,True,146024.26766689346,123904.26062789749,269928.52829479094,4,0.4590261778205997
2012-03-26,0.684148,16.98188,0.0383171614491545,True,275038.5674049387,0.0,275038.5674049387,4,0.0
2012-03-27,0.68248,17.13295,0.03693041166608591,True,275038.5674049387,0.0,275038.5674049387,4,0.0
2012-03-28,0.65791,16.931995,0.03623130176430142,True,214390.1045493213,60587.87498063674,274977.97952995804,4,0.22033718876036715
2012-03-29,0.660033,16.785197,0.03622636685057446,True,214390.1045493213,60783.38509384963,275173.4896431709,4,0.2208911373427361
2012-03-30,0.667617,16.93199,0.03531112950346658,True,214390.1045493213,61481.806525129214,275871.9110744505,4,0.22286359740530784
2012-04-02,0.66701,16.852178,0.029438380411555106,True,214390.1045493213,61425.90702502549,275816.0115743468,4,0.22270609553959125
2012-04-03,0.636223,16.759537,0.030825321480658235,True,154491.8379857295,118429.11619887783,272920.95418460737,4,0.4339319293115574
2012-04-04,0.592847,16.321981,0.03419811761067108,True,95954.18387464706,168834.1074851993,264788.29135984636,4,0.6376192339099855
2012-04-05,0.598459,16.321988,0.03301287388934298,True,95954.18387464706,170432.3225579026,266386.5064325497,4,0.63979337707579
2012-04-09,0.573586,16.096799,0.03357865196166643,True,35711.22474244586,223531.63428378548,259242.85902623134,4,0.8622479906425023
2012-04-10,0.543557,16.009852,0.0350891603460066,True,2622.4696881274995,244884.7616688824,247507.23135700988,4,0.9894044724521814
2012-04-11,0.568885,16.108197,0.03354784779416419,True,37183.86184391025,221699.61221077797,258883.4740546882,4,0.8563683449486803
2012-04-12,0.600127,16.292054,0.035933471629374394,True,100088.45107216598,170907.34442911946,270995.79550128547,4,0.6306641920882081
2012-04-13,0.567975,16.240755,0.03526361987291785,True,40555.17821505724,221224.726698582,261779.90491363924,4,0.8450791009782194
2012-04-16,0.568885,16.112478,0.035257225821740575,True,40555.17821505724,221579.16923794674,262134.34745300398,4,0.8452885758424769
2012-04-17,0.595274,16.324835,0.036549420507844745,True,102825.17787036175,169525.28139493748,272350.45926529926,4,0.6224527098366346
2012-04-18,0.580411,16.173765,0.03668218651293287,True,41482.97847357562,226573.43604117312,268056.4145147487,4,0.8452453430421708
2012-04-19,0.561453,16.180882,0.03696112488722968,True,2038.7962013855467,258577.6315336863,260616.42773507186,4,0.9921770234551059
2012-04-20,0.522476,15.850227,0.03958848519345167,True,2038.7962013855467,240626.7427784593,242665.53897984486,4,0.9915983282589008
2012-04-23,0.503367,15.404123,0.03974665050188307,True,2038.7962013855467,231826.0774316231,233864.87363300865,4,0.9912821614904642
2012-04-24,0.491233,15.424076,0.03764989378149234,True,2038.7962013855467,226237.75395480535,228276.5501561909,4,0.9910687444680999
2012-04-25,0.523992,15.629313,0.04173189394790927,True,2038.7962013855467,241324.93779995717,243363.73400134273,4,0.9916224321189355
2012-04-26,0.55933,15.921488,0.04482626367734802,True,2038.7962013855467,257599.8821731058,259638.67837449137,4,0.9921475636290026
2012-04-27,0.559785,16.007001,0.04479742630126451,True,2038.7962013855467,257809.43278971632,259848.22899110187,4,0.9921538961058096
2012-04-30,0.550686,16.028387,0.04458614421588855,True,2038.7962013855467,253618.88100831164,255657.6772096972,4,0.992025288566972
2012-05-01,0.557206,16.048334,0.04480623982673015,True,2038.7962013855467,256621.67226171953,258660.4684631051,4,0.9921178670498064
2012-05-02,0.564941,16.021257,0.044136739167527424,True,2038.7962013855467,260184.03274409843,262222.82894548395,4,0.9922249477302016
2012-05-03,0.524447,15.951419,0.044434048893182844,True,2038.7962013855467,241534.4884165677,243573.28461795326,4,0.9916296394960415
2012-05-04,0.490627,15.545228,0.046252169099168516,True,2038.7962013855467,225958.66016652848,227997.45636791404,4,0.9910578116358649
2012-05-07,0.487593,15.399846,0.045616770647480515,True,2038.7962013855467,224561.3490219212,226600.14522330675,4,0.9910026703673275
2012-05-08,0.479101,15.119073,0.04441226609182179,True,2038.7962013855467,220650.35157959908,222689.14778098464,4,0.9908446539865036
2012-05-09,0.475006,15.089149,0.042702326058833916,True,2038.7962013855467,218764.3960301044,220803.19223148996,4,0.9907664550463198
2012-05-10,0.468939,15.184638,0.04009021976199965,True,2038.7962013855467,215970.23429169552,218009.03049308108,4,0.9906481112421155
2012-05-11,0.478949,15.275849,0.039430427144370055,True,2038.7962013855467,220580.34785712702,222619.14405851258,4,0.9908417750413698
2012-05-14,0.464844,15.130472,0.0396331204567541,True,2038.7962013855467,214084.2787422008,216123.07494358637,4,0.9905665038223349
2012-05-15,0.450134,15.074888,0.03766701754781185,True,2038.7962013855467,207309.5763898035,209348.37259118905,4,0.9902612273687607
2012-05-16,0.429355,14.873928,0.03832906993408572,False,2038.7962013855467,197739.79119738587,199778.58739877143,4,0.9897947211063417
2012-05-17,0.398265,14.587457,0.04046283189112345,False,139029.00326184358,46293.9322521569,185322.93551400048,1,0.24980141893262617
2012-05-18,0.376274,14.285296,0.03951409668615142,False,139029.00326184358,43737.720021212226,182766.72328305582,1,0.2393089903651357
2012-05-21,0.404786,14.305253,0.04390482984725115,False,139029.00326184358,47051.92688441511,186080.93014625867,1,0.25285732851524617
2012-05-22,0.3969,14.375092,0.04384099376911568,False,139029.00326184358,46135.26599344927,185164.26925529283,1,0.24915857783469483
2012-05-23,0.401601,14.265343,0.04053895305531947,False,139029.00326184358,46681.70561409731,185710.70887594088,1,0.2513678715495173
2012-05-24,0.385828,14.306681,0.036428828189251534,False,139029.00326184358,44848.267593148266,183877.27085499186,1,0.24390326974406873
2012-05-25,0.399781,14.359411,0.03818534495097621,False,139029.00326184358,46470.150602487134,185499.15386433073,1,0.250514083942799
2012-05-29,0.423289,14.65301,0.04161563326300528,False,139029.00326184358,49202.69742277941,188231.70068462298,1,0.2613943201056084
2012-05-30,0.400388,14.469159,0.04221518453772619,False,139029.00326184358,46540.70768602965,185569.71094787325,1,0.2507990525409774
2012-05-31,0.387041,14.27675,0.0417573380529796,False,139029.00326184358,44989.26552121592,184018.2687830595,1,0.24448260392153837
2012-06-01,0.341695,13.862,0.04650979152053166,False,139029.00326184358,39718.29103963631,178747.29430147988,1,0.22220359303814913
2012-06-04,0.336993,13.6981,0.04528930956172109,False,139029.00326184358,39171.7351799709,178200.7384418145,1,0.21981802950138235
2012-06-05,0.359742,13.84062,0.049006507871376205,False,139029.00326184358,41816.0565860807,180845.05984792428,1,0.23122587158999278
2012-06-06,0.396141,14.262494,0.05497755577295141,False,139029.00326184358,46047.04057926679,185076.04384111037,1,0.2488006530915402
2012-06-07,0.380066,14.43638,0.05543706468936922,False,139029.00326184358,44178.498375072544,183207.50163691613,1,0.24113913448056443
2012-06-08,0.396748,14.306681,0.056736161754539396,False,139029.00326184358,46117.5976628093,185146.60092465288,1,0.24908692588732578
2012-06-11,0.374151,14.409302,0.05735488746456416,False,139029.00326184358,43490.94458733948,182519.94784918305,1,0.2382805008429885
2012-06-12,0.39963,14.346589,0.05976048220627333,False,139029.00326184358,46452.59851086453,185481.60177270812,1,0.2504431602212937
2012-06-13,0.38598,14.413572,0.059819536325567316,False,139029.00326184358,44865.93592378823,183894.9391856318,1,0.24397591430451787
2012-06-14,0.384767,14.256796,0.05909244957126517,False,139029.00326184358,44724.937995720575,183753.94125756415,1,0.24339580250434217
2012-06-15,0.402056,14.426399,0.05768561157205571,False,139029.00326184358,46734.59436699985,185763.59762884345,1,0.25158101459886556
2012-06-18,0.420862,14.630218,0.05687747091554401,False,139029.00326184358,48920.58532762673,187949.5885894703,1,0.26028567391270924
2012-06-19,0.433754,14.885102,0.054978215820770344,False,139029.00326184358,50419.138739537906,189448.1420013815,1,0.2661368868910324
2012-06-20,0.448465,15.012238,0.05508257997211855,False,139029.00326184358,52129.13092404189,191158.1341858855,1,0.27270160982713204
2012-06-21,0.39235,14.723682,0.06328601437389988,False,139029.00326184358,45606.37846442383,184635.3817262674,1,0.24700779470338963
2012-06-22,0.408578,14.606547,0.06324450535342095,False,139029.00326184358,47492.70523827543,186521.708500119,1,0.254622937030652
2012-06-25,0.369146,14.339416,0.06683920085615185,False,139029.00326184358,42909.1683054115,181938.17156725508,1,0.23584478142097706
2012-06-26,0.372482,14.186561,0.06537284239473205,False,139029.00326184358,43296.9416673519,182325.94492919548,1,0.23746999739486255
2012-06-27,0.3878,14.347983,0.06508920972053735,False,139029.00326184358,45077.490935398404,184106.494197242,1,0.24484465435045846
2012-06-28,0.380066,14.253708,0.06480186619195356,False,139029.00326184358,44178.498375072544,183207.50163691613,1,0.24113913448056443
2012-06-29,0.427687,14.797966,0.06311657102520006,False,139029.00326184358,49713.91662116487,188742.91988300846,1,0.2633948688087471
2012-07-02,0.426019,14.925102,0.06294748436296765,False,139029.00326184358,49520.02994019467,188549.03320203826,1,0.2626374110713782
2012-07-03,0.445432,15.013666,0.062183444748580674,False,139029.00326184358,51776.57798436406,190805.58124620764,1,0.2713577749990117
2012-07-05,0.433299,14.956534,0.05930401532139011,False,139029.00326184358,50366.24998663536,189395.25324847893,1,0.2659319551190487
2012-07-06,0.401601,14.667973,0.06118463647862111,False,139029.00326184358,46681.70561409731,185710.70887594088,1,0.2513678715495173
2012-07-09,0.387648,14.503693,0.06098220878200148,False,139029.00326184358,45059.82260475843,184088.825866602,1,0.24477217665243053
2012-07-10,0.360501,14.265131,0.06174989906081609,False,139029.00326184358,41904.28200026318,180933.28526210674,1,0.2316007358157404
2012-07-11,0.349278,14.04371,0.05994309064337286,False,139029.00326184358,40599.731508339566,179628.73477018316,1,0.22602024982407645
2012-07-12,0.333505,13.738009,0.060278755400335164,False,139029.00326184358,38766.293487390525,177795.2967492341,1,0.21803891439303508
2012-07-13,0.341998,13.832295,0.06071197667053051,False,139029.00326184358,39753.51146189888,178782.51472374247,1,0.2223568200913083
2012-07-16,0.330623,13.715154,0.05983585373618579,False,139029.00326184358,38431.2926393353,177460.29590117888,1,0.2165627665849057
2012-07-17,0.326073,13.609443,0.05839332737516531,False,139029.00326184358,37902.40511030986,176931.40837215344,1,0.21422089757284257
2012-07-18,0.359136,13.898004,0.0626927466253519,False,139029.00326184358,41745.61574155555,180774.61900339913,1,0.23092631018500778
2012-07-19,0.382037,14.425124,0.06402420117425746,False,139029.00326184358,44407.60547830532,183436.6087401489,1,0.24208693010244142
2012-07-20,0.362927,14.305124,0.05786917900179311,False,139029.00326184358,42186.2778563985,181215.28111824207,1,0.2327964705629442
2012-07-23,0.35216,13.912289,0.0571665092699074,False,139029.00326184358,40934.732356394794,179963.73561823837,1,0.22746100605085615
2012-07-24,0.348823,13.985144,0.052728806587400354,False,139029.00326184358,40546.84275543702,179575.8460172806,1,0.22579229698594985
2012-07-25,0.367326,14.266557,0.054079496491215705,False,139029.00326184358,42697.613293801325,181726.6165556449,1,0.2349551986553784
2012-07-26,0.393108,14.56226,0.05550964223960481,False,139029.00326184358,45694.48763958896,184723.49090143252,1,0.24736695596539637
2012-07-27,0.420407,14.779392,0.057191885994336444,False,139029.00326184358,48867.69657472418,187896.69983656774,1,0.2600774607389551
2012-07-30,0.409336,14.869393,0.050957749945770146,False,139029.00326184358,47580.81441344054,186609.8176752841,1,0.2549748722022489
2012-07-31,0.419043,14.966523,0.05127517128515073,False,139029.00326184358,48709.14655503392,187738.1498168775,1,0.2594525758485717
2012-08-01,0.418284,14.926534,0.050150964513175626,False,139029.00326184358,48620.92114085144,187649.92440269503,1,0.2591044003647525
2012-08-02,0.414341,14.877964,0.0498481579952462,False,139029.00326184358,48162.59069536852,187191.5939572121,1,0.2572903498347123
2012-08-03,0.43982,15.105093,0.04849784988901036,False,139029.00326184358,51124.24461889357,190153.24788073715,1,0.2688581193783151
2012-08-06,0.447555,15.25366,0.04764064667695543,True,139029.00326184358,52023.3534182368,191052.35668008038,1,0.272298935863694
2012-08-07,0.474551,15.49651,0.045036195209594176,True,139029.00326184358,55161.34193110946,194190.34519295304,2,0.2840581074012695
2012-08-08,0.480921,15.547939,0.04375623376572083,True,139029.00326184358,55901.784471745064,194930.78773358866,2,0.2867776051269329
2012-08-09,0.489717,15.655071,0.041234921712931076,True,195896.30190749106,0.0,195896.30190749106,1,0.0
2012-08-10,0.496087,15.723647,0.04123285551850876,True,195896.30190749106,0.0,195896.30190749106,2,0.0
2012-08-13,0.486532,15.626503,0.04038743926622056,True,172154.72162318745,23717.862421881717,195872.58404506918,2,0.1210882193519455
2012-08-14,0.473186,15.625077,0.04110499762487762,True,148369.19075597645,46829.02972631517,195198.22048229162,2,0.23990500328645928
2012-08-15,0.481224,15.567936,0.03678533709069761,True,148369.19075597645,47624.5134070245,195993.70416300095,3,0.24299001649265678
2012-08-16,0.506248,15.757925,0.03611236791345151,True,198420.11267303806,0.0,198420.11267303806,3,0.0
2012-08-17,0.496087,15.78364,0.0337434218517277,True,162514.3684269214,35869.87437174491,198384.2427986663,3,0.18081009794789032
2012-08-20,0.483044,15.629358,0.03350374355337747,True,114664.72813945814,82728.63071735656,197393.35885681468,4,0.4191054410162112
2012-08-21,0.484106,15.735072,0.03313809844653595,True,114664.72813945814,82910.51436733842,197575.24250679655,4,0.4196402004390115
2012-08-22,0.473944,15.546505,0.033060348451681605,True,66458.88950364254,129327.79828725042,195786.68779089296,4,0.6605546053538484
2012-08-23,0.464389,15.439368,0.031152214062619872,True,18209.88189452579,174921.27782593312,193131.1597204589,4,0.9057123567171499
2012-08-24,0.471973,15.466505,0.028015632274308862,True,18209.88189452579,177777.94103507863,195987.82292960442,4,0.9070866668024244
2012-08-27,0.467726,15.51079,0.027205257433790157,True,5824.259719414282,188551.47363093155,194375.73335034584,4,0.9700360759081148
2012-08-28,0.466513,15.469369,0.026982548235000087,True,5824.259719414282,188062.4844844776,193886.7442038919,4,0.9699605058441257
2012-08-29,0.467423,15.44508,0.026942957795708686,True,5824.259719414282,188429.32712526334,194253.58684467763,4,0.9700172346157434
2012-08-30,0.444219,15.299369,0.029620256266153465,True,5824.259719414282,179075.24290900823,184899.50262842252,4,0.968500403534785
2012-08-31,0.461659,15.353657,0.0278307768584295,True,5824.259719414282,186105.72165109962,191929.9813705139,4,0.9696542474613657
2012-09-04,0.451044,15.286516,0.02816124799398634,True,5824.259719414282,181826.56271490123,187650.82243431552,4,0.9689622478395852
2012-09-05,0.441034,15.269376,0.02500115781146932,True,5824.259719414282,177791.29366625816,183615.55338567245,4,0.9682801396067967
2012-09-06,0.488049,15.535085,0.034194630525232465,True,69328.14054289306,133176.70996213536,202504.85050502841,4,0.657647012553057
2012-09-07,0.478949,15.596504,0.03420375631317828,True,20995.784311220952,178977.61329914152,199973.39761036247,4,0.8950071131354675
2012-09-10,0.453924,15.460789,0.03596133583943086,True,9132.57358301897,181477.4242300178,190609.99781303675,4,0.9520876465673285
2012-09-11,0.461659,15.433653,0.036081167263180836,True,9132.57358301897,184569.8535274755,193702.42711049446,4,0.9528525598814028
2012-09-12,0.464541,15.507939,0.03563037854114621,True,9132.57358301897,185722.06829609512,194854.6418791141,4,0.9531313521969637
2012-09-13,0.477433,15.520793,0.0359827671774525,True,21585.256912128196,178411.1019132497,199996.3588253779,4,0.8920717505113438
2012-09-14,0.495783,15.856498,0.03511954280122862,True,121842.80210526487,84910.37819110308,206753.18029636797,4,0.4106847501421225
2012-09-17,0.482134,15.709364,0.03538034738357958,True,73931.6156351193,130436.10252585844,204367.71816097776,4,0.6382422023380211
2012-09-18,0.475461,15.615076,0.035015902261072124,True,25348.855140969434,177165.02132288163,202513.87646385108,4,0.8748290458728429
2012-09-19,0.466361,15.556508,0.03524916677812254,True,6405.23781103094,192698.8960086826,199104.13381971355,4,0.9678297095688089
2012-09-20,0.454228,15.372228,0.035416212663345575,True,3109.7784754462978,190977.74580005975,194087.52427550606,4,0.9839774427178947
2012-09-21,0.454683,15.460799,0.03515830392939525,True,3109.7784754462978,191169.04812915222,194278.82660459852,4,0.9839932197975675
2012-09-24,0.434209,15.182234,0.036289064867238575,False,3109.7784754462978,182560.86376466913,185670.64224011544,4,0.9832511029319075
2012-09-25,0.400995,15.008715,0.040022881290282995,False,127581.92576553179,43999.4701514765,171581.39591700828,1,0.2564349702152935
2012-09-26,0.394018,14.592604,0.040062274737624665,False,127581.92576553179,43233.91371499511,170815.83948052692,1,0.2531024865520378
2012-09-27,0.420407,14.866666,0.043260346305985846,False,127581.92576553179,46129.466073072675,173711.39183860447,1,0.2655523370391945
2012-09-28,0.408881,14.924058,0.04227497914393041,False,127581.92576553179,44864.767278908366,172446.69304444015,1,0.26016600542955354
2012-10-01,0.405393,14.915461,0.041068448643898824,False,127581.92576553179,44482.04392353399,172063.96968906577,1,0.25852038636512237
2012-10-02,0.412673,14.868102,0.041212400559010647,False,127581.92576553179,45280.847256998866,172862.77302253066,1,0.2619467827876221
2012-10-03,0.405848,14.870964,0.041099886029583206,False,127581.92576553179,44531.969131875536,172113.89489740733,1,0.2587354679203553
2012-10-04,0.415251,14.86523,0.03356061597432751,False,127581.92576553179,45563.72019569013,173145.64596122192,1,0.26315256120211467
2012-10-05,0.413583,15.028807,0.03347426090379222,False,127581.92576553179,45380.69767368197,172962.62343921376,1,0.2623728570446356
2012-10-08,0.399781,14.786318,0.03230781771015391,False,127581.92576553179,43866.26311207727,171448.18887760906,1,0.2558572557648415
2012-10-09,0.380975,14.617002,0.03311054369165316,False,127581.92576553179,41802.76098444808,169384.68674997988,1,0.24679185460342712
2012-10-10,0.365202,14.417553,0.033662075019910455,False,127581.92576553179,40072.05700385172,167653.98276938353,1,0.2390164333821574
2012-10-11,0.367477,14.424725,0.03267640535025173,False,127581.92576553179,40321.68304555949,167903.60881109128,1,0.2401478046307242
2012-10-12,0.361259,14.337205,0.030411277051211355,False,127581.92576553179,39639.408440135776,167221.33420566758,1,0.23704755513661183
2012-10-15,0.377032,14.42616,0.032932035618171714,False,127581.92576553179,41370.11242073214,168952.03818626393,1,0.24486305619540963
2012-10-16,0.401298,14.668655,0.036912003816978296,False,127581.92576553179,44032.71704845999,171614.64281399178,1,0.2565790210348531
2012-10-17,0.398568,14.753316,0.036824415379651504,False,127581.92576553179,43733.16579841066,171315.09156394243,1,0.2552791198905409
2012-10-18,0.388558,14.665784,0.03680051991690877,False,127581.92576553179,42634.81121489646,170216.73698042825,1,0.25047367239684937
2012-10-19,0.355192,14.414687,0.0410145513791897,False,127581.92576553179,38973.70242033751,166555.6281858693,1,0.23399811129074813
2012-10-22,0.354586,14.241064,0.040287726112131106,False,127581.92576553179,38907.20862637051,166489.1343919023,1,0.2336921791832133
2012-10-23,0.357922,14.154968,0.036992389957699524,False,127581.92576553179,39273.25367038684,166855.17943591863,1,0.2353732967904055
2012-10-24,0.341392,14.225279,0.03807604478189345,False,127581.92576553179,37459.48731019804,165041.41307572983,1,0.22697022893890048
2012-10-25,0.355192,14.167884,0.03592440938046166,False,127581.92576553179,38973.70242033751,166555.6281858693,1,0.23399811129074813
2012-10-26,0.360197,14.289852,0.03595379821291512,False,127581.92576553179,39522.87971209461,167104.8054776264,1,0.23651551850426178
2012-10-31,0.359742,14.330029,0.03596705760789017,False,127581.92576553179,39472.954503753055,167054.88026928485,1,0.2362873472485476
2012-11-01,0.396445,14.556733,0.042509137958889213,False,127581.92576553179,43500.218068060945,171082.14383359274,1,0.2542650980009492
2012-11-02,0.374302,14.652871,0.04419561843211543,False,127581.92576553179,41070.56117068281,168652.4869362146,1,0.24352182358399463
2012-11-05,0.392956,14.627044,0.04538004195844019,False,127581.92576553179,43117.38498695395,170699.31075248573,1,0.25259261327349014
2012-11-06,0.408578,14.87384,0.04632614419515325,False,127581.92576553179,44831.52038192487,172413.44614745665,1,0.2600233414717707
2012-11-07,0.377791,14.648566,0.04899457634890299,False,127581.92576553179,41453.39425178981,169035.32001732162,1,0.2452351038087303
2012-11-08,0.363989,14.519429,0.04851936922410063,False,127581.92576553179,39938.95969018511,167520.8854557169,1,0.23841182298873848
2012-11-09,0.366567,14.476384,0.04762447419795506,False,127581.92576553179,40221.83262887638,167803.75839440816,1,0.23969566005988052
2012-11-12,0.366871,14.424727,0.04760384868723838,False,127581.92576553179,40255.1892515925,167837.11501712428,1,0.23984676599979268
2012-11-13,0.358984,14.365898,0.04770281286179115,False,127581.92576553179,39389.782398428004,166971.7081639598,1,0.23590692597903326
2012-11-14,0.341392,14.252538,0.047817099431763106,False,127581.92576553179,37459.48731019804,165041.41307572983,1,0.22697022893890048
2012-11-15,0.327438,14.004315,0.04572136148955594,False,127581.92576553179,35928.37443723528,163510.30020276707,1,0.2197315667128062
2012-11-16,0.327893,13.819218,0.04578983211397889,False,127581.92576553179,35978.29964557683,163560.22541110864,1,0.2199697362555314
2012-11-19,0.346548,14.104752,0.0478499335497423,False,127581.92576553179,38025.23318758058,165607.15895311238,1,0.22961104717910474
2012-11-20,0.344273,14.07462,0.04358342959781839,False,127581.92576553179,37775.60714587281,165357.53291140462,1,0.2284480572536859
2012-11-21,0.345942,14.144927,0.04360682897149055,False,127581.92576553179,37958.73939361359,165540.66515914537,1,0.22930160004565225
2012-11-23,0.363686,14.358724,0.045050576129157416,False,127581.92576553179,39905.712793201616,167487.6385587334,1,0.23826064500400582
2012-11-26,0.369752,14.437642,0.043705811485004374,False,127581.92576553179,40571.30908726727,168153.23485279907,1,0.24127581680354407
2012-11-27,0.365354,14.500772,0.043008725256867913,False,127581.92576553179,40088.73531520977,167670.66108074156,1,0.23909212891994922
2012-11-28,0.378094,14.423293,0.04355669553715534,False,127581.92576553179,41486.641148773306,169068.5669143051,1,0.24538352637602603
2012-11-29,0.381279,14.628477,0.043567149267158184,False,127581.92576553179,41836.11760716419,169418.04337269597,1,0.2469401533290677
2012-11-30,0.379762,14.638523,0.03749960232065692,False,127581.92576553179,41669.66367078147,169251.58943631325,1,0.2461995412247583
2012-12-03,0.374757,14.641396,0.035305610775684115,False,127581.92576553179,41120.48637902437,168702.41214455618,1,0.24374569311901376
2012-12-04,0.381127,14.59117,0.033682224257633286,False,127581.92576553179,41819.439295806136,169401.36506133794,1,0.24686601126657912
2012-12-05,0.378701,14.606959,0.032309915560325184,False,127581.92576553179,41553.24466847292,169135.1704340047,1,0.2456806858197875
2012-12-06,0.392198,14.705958,0.0282301883362547,False,127581.92576553179,43034.21288162889,170616.13864716067,1,0.25222826646326196
2012-12-07,0.394776,14.78631,0.026695273056834903,False,127581.92576553179,43317.085820320164,170899.01158585196,1,0.25346598215145094
2012-12-10,0.402056,14.879584,0.026878724481267095,False,127581.92576553179,44115.88915378504,171697.81491931685,1,0.2569391414475234
2012-12-11,0.426322,15.10342,0.02943301849412884,False,127581.92576553179,46778.49378151289,174360.41954704467,1,0.268286196506263
2012-12-12,0.421317,15.192378,0.02899451717739809,True,127581.92576553179,46229.31648975579,173811.2422552876,1,0.26597425971937916
2012-12-13,0.409488,15.103417,0.027035085687559905,False,117012.73641314011,55490.00152027799,172502.7379334181,2,0.3216760625660086
2012-12-14,0.400995,14.919755,0.025324487543011486,False,155607.44236253382,15695.048399299782,171302.49076183361,1,0.09162183415722205
2012-12-17,0.405696,14.925498,0.025241836895076204,False,155607.44236253382,15879.04675969108,171486.4891222249,1,0.09259648874363206
2012-12-18,0.424502,15.093373,0.02439325590947653,False,172205.9457258275,0.0,172205.9457258275,1,0.0
2012-12-19,0.427839,15.28673,0.024083867884042008,True,172205.9457258275,0.0,172205.9457258275,1,0.0
2012-12-20,0.42708,15.175853,0.024216003440650818,True,172205.9457258275,0.0,172205.9457258275,1,0.0
2012-12-21,0.413583,14.925297,0.024131669948891744,False,161611.53165329006,10583.830242295142,172195.3618955852,1,0.061464084315539826
2012-12-24,0.409943,15.014574,0.024238994418849028,False,156189.80071906306,15906.995138432401,172096.79585749545,1,0.09243051306779802
2012-12-26,0.400691,15.016015,0.0247589917897858,False,150843.61628110416,20888.83389792775,171732.4501790319,1,0.12163591607847579
2012-12-27,0.394321,14.779866,0.02413448499915999,False,145459.54732390578,25935.443154979264,171394.99047888504,1,0.15131972692150752
2012-12-28,0.387496,14.8029,0.0244698354209227,False,140083.6133890624,30857.10981658096,170940.72320564336,1,0.18051350923243467
2012-12-31,0.40782,14.863377,0.02688485517188365,False,151287.46727530012,21260.48311604926,172547.95039134938,1,0.12321492702654059
2013-01-02,0.459688,15.498409,0.03703356767593209,True,175227.96988352877,0.0,175227.96988352877,1,0.0
2013-01-03,0.451499,15.5704,0.03752054739343123,True,164447.05232903175,10770.147407089933,175217.1997361217,1,0.061467409725243005
2013-01-04,0.449982,15.505609,0.03746363814858717,True,164447.05232903175,10733.960585819996,175181.01291485174,1,0.06127353876551297
2013-01-07,0.445432,15.453771,0.0371490652658491,True,153581.96283409043,21479.659235891748,175061.62206998217,1,0.12269770485335213
2013-01-08,0.43072,15.381767,0.03820749630699321,True,142968.59859172956,31372.977419751234,174341.5760114808,1,0.17995120921520896
2013-01-09,0.44346,15.397615,0.03849233607829272,True,142968.59859172956,32300.939279724375,175269.53787145394,1,0.18429294486652043
2013-01-10,0.461356,15.612161,0.037311526753319904,True,165545.17734886927,11005.278255644826,176550.4556045141,1,0.06233503175034252
2013-01-11,0.469394,15.698563,0.03723168271364733,True,176730.99864511038,0.0,176730.99864511038,1,0.0
2013-01-14,0.465451,15.66832,0.03653497193393139,True,176730.99864511038,0.0,176730.99864511038,1,0.0
2013-01-15,0.458474,15.609287,0.03632702433638798,True,155031.3569149578,21677.96376638617,176709.320681344,2,0.1226758366949843
2013-01-16,0.473338,15.723046,0.03675221715663839,True,177389.7523948333,0.0,177389.7523948333,2,0.0
2013-01-17,0.503367,16.008158,0.037788274661596975,True,177389.7523948333,0.0,177389.7523948333,2,0.0
2013-01-18,0.495328,16.035516,0.03818799256393661,True,144682.88033473556,32674.197862235524,177357.0781969711,3,0.18422832736310568
2013-01-22,0.49093,15.980798,0.03831077665641551,True,144682.88033473556,32384.084801398836,177066.9651361344,3,0.18289173690022292
2013-01-23,0.507007,16.103197,0.03755019316833624,True,144682.88033473556,33444.60041737686,178127.4807521124,3,0.18775654534697753
2013-01-24,0.493508,16.036951,0.038246781110489875,True,102590.71631589321,74604.25588478943,177194.97220068262,4,0.42102919150717316
2013-01-25,0.51186,16.206876,0.03792555636783219,True,179891.8897168738,0.0,179891.8897168738,4,0.0
2013-01-28,0.515348,16.264473,0.037369566022074786,True,179891.8897168738,0.0,179891.8897168738,4,0.0
2013-01-29,0.505793,16.16944,0.03742510216793252,True,137360.46132539184,42488.93945202992,179849.40077742175,4,0.23624732286216196
2013-01-30,0.508372,16.198235,0.036378999832189056,True,137360.46132539184,42705.58731953062,180066.04864492244,4,0.23716623783833357
2013-01-31,0.503822,16.188151,0.02605759450047888,True,137360.46132539184,42323.36638229594,179683.82770768777,4,0.23554354847754136
2013-02-01,0.530666,16.332156,0.02751806791644422,True,181894.26884686342,0.0,181894.26884686342,4,0.0
2013-02-04,0.507613,16.335031,0.02984855531266629,True,140546.2199687795,41306.74213594798,181852.96210472748,4,0.22714363108454508
2013-02-05,0.531576,16.379673,0.03087785921274972,True,183759.6819662087,0.0,183759.6819662087,4,0.0
2013-02-06,0.534457,16.425745,0.029245944665421148,True,183759.6819662087,0.0,183759.6819662087,4,0.0
2013-02-07,0.527481,16.379676,0.029377077580178934,True,141076.74128166595,42640.30038415858,183717.04166582454,4,0.23209768673349276
2013-02-08,0.547956,16.533743,0.029296921599999207,True,185327.89616471328,0.0,185327.89616471328,4,0.0
2013-02-11,0.550381,16.615826,0.029237633609397712,True,185327.89616471328,0.0,185327.89616471328,4,0.0
2013-02-12,0.55387,16.646063,0.028987275457350744,True,185327.89616471328,0.0,185327.89616471328,4,0.0
2013-02-13,0.558268,16.707985,0.02844450735251861,True,185327.89616471328,0.0,185327.89616471328,4,0.0
2013-02-14,0.574193,16.75838,0.028302432913400087,True,185327.89616471328,0.0,185327.89616471328,4,0.0
2013-02-15,0.563121,16.817425,0.026209168628827283,True,142926.16553202822,42359.37126142364,185285.53679345187,4,0.2286167177130722
2013-02-19,0.583445,16.892294,0.02649547152594921,True,186770.47075640399,0.0,186770.47075640399,4,0.0
2013-02-20,0.544316,16.80014,0.03152725408489507,True,146456.49558652318,40273.701468412415,186730.1970549356,4,0.21567856781388167
2013-02-21,0.51459,16.376782,0.033656721468687804,True,105549.22694465944,78940.69004051613,184489.91698517557,4,0.4278862028370867
2013-02-22,0.546742,16.532309,0.03550684958454423,True,148925.57532842763,40453.20014154046,189378.7754699681,4,0.21360999954271842
2013-02-25,0.5155,16.559667,0.037420187458991026,True,108089.64831411546,78936.75018313483,187026.39849725028,4,0.42206207689068764
2013-02-26,0.528391,16.39263,0.037794697963394956,True,108089.64831411546,80910.70488073095,189000.35319484642,4,0.4280981676119809
2013-02-27,0.55205,16.618706,0.03863257750361451,True,151733.5505510498,40845.93672726334,192579.48727831314,4,0.21209910413892302
2013-02-28,0.566155,16.762705,0.03891362223990922,True,193581.2204659415,0.0,193581.2204659415,3,0.0
2013-03-01,0.546136,16.571187,0.03989498401122102,True,150673.29486780075,42865.06053760317,193538.3554054039,4,0.2214809588921737
2013-03-04,0.543861,16.562544,0.03829140543546707,True,150673.29486780075,42686.50059516568,193359.79546296643,4,0.22076202807807213
2013-03-05,0.5748,16.856301,0.03852865401617589,True,195743.01735490526,0.0,195743.01735490526,4,0.0
2013-03-06,0.577378,16.980137,0.037365919996828686,True,195743.01735490526,0.0,195743.01735490526,4,0.0
2013-03-07,0.584809,17.043499,0.03741559051821536,True,195743.01735490526,0.0,195743.01735490526,4,0.0
2013-03-08,0.586174,17.017576,0.037190952576959105,True,195743.01735490526,0.0,195743.01735490526,4,0.0
2013-03-11,0.588905,17.000296,0.03638129764046582,True,195743.01735490526,0.0,195743.01735490526,4,0.0
2013-03-12,0.5977,17.082374,0.03646786801008195,True,195743.01735490526,0.0,195743.01735490526,4,0.0
2013-03-13,0.603009,17.147172,0.03648022965540886,True,195743.01735490526,0.0,195743.01735490526,4,0.0
2013-03-14,0.61135,17.312776,0.036534237529651854,True,195743.01735490526,0.0,195743.01735490526,4,0.0
2013-03-15,0.581624,17.127012,0.03801521310585327,True,153341.4058235303,42359.25227909584,195700.65810262616,4,0.21644920711959226
2013-03-18,0.558116,16.815985,0.03892320538094271,True,110555.97486712802,83389.87002989062,193945.84489701863,4,0.42996471553267346
2013-03-19,0.551596,16.726703,0.03805308964508378,True,66480.09846142547,126447.54084830669,192927.63930973216,4,0.6554143372132585
2013-03-20,0.573283,16.867815,0.03569153805603514,True,112197.37204136312,85656.01928693279,197853.39132829593,4,0.43292671766643975
2013-03-21,0.546136,16.741095,0.03506439592764621,True,69748.23275384777,124006.63303916859,193754.86579301636,4,0.6400181617716991
2013-03-22,0.563273,16.831818,0.033066750928759485,True,113441.8931222611,84160.39364817811,197602.2867704392,4,0.4259079944046897
2013-03-25,0.560391,16.843034,0.029942720573007363,True,113441.8931222611,83729.7849477894,197171.6780700505,4,0.4246542189393051
2013-03-26,0.575861,16.908067,0.03003927637330499,True,157499.46065583336,41939.53718672614,199438.9978425595,4,0.21028754476511116
2013-03-27,0.578288,16.893603,0.02856766944588311,True,157499.46065583336,42116.29382895783,199615.7544847912,4,0.21098682284702477
2013-03-28,0.588752,17.02509,0.028305120969241183,True,157499.46065583336,42878.379327232426,200377.8399830658,4,0.21398763122137726
2013-04-01,0.555538,16.934064,0.030227507260529883,True,115530.88086974988,82386.08103246009,197916.96190220997,4,0.416265893739652
2013-04-02,0.539614,16.702883,0.030950069178351813,True,72302.94194279678,123209.31186325321,195512.25380605,4,0.6301871594477041
2013-04-03,0.507158,16.44135,0.03095516415959061,True,30468.476240474087,157591.3516883789,188059.827928853,4,0.8379851955836046
2013-04-04,0.526571,16.35033,0.03240917952729897,True,73817.49729521117,120231.22186812258,194048.71916333376,4,0.6195929681294218
2013-04-05,0.518988,16.267978,0.03221225956049983,True,29933.4571766351,162340.00597499777,192273.46315163287,4,0.8443183126470831
2013-04-08,0.538097,16.441359,0.033532096936447174,True,75342.38720117163,122862.93736945474,198205.32457062637,4,0.6198770776497231
2013-04-09,0.552808,16.702882,0.03420959443446851,True,75342.38720117163,126221.87947774015,201564.26667891178,4,0.6262115877850974
2013-04-10,0.588297,16.975972,0.03704537367302091,True,166730.69874209564,42845.24200864345,209575.9407507391,4,0.20443778925750736
2013-04-11,0.582534,17.064101,0.037025205097844106,True,122586.76327523818,86525.3625475,209112.12582273816,4,0.41377496501970673
2013-04-12,0.57389,16.905167,0.03695016636279083,True,110982.89910325695,96791.07884308184,207773.97794633877,3,0.4658479362997026
2013-04-15,0.532941,16.73611,0.03890221929433168,True,67880.68753352472,132943.85915503625,200824.54668856098,4,0.6619900871042711
2013-04-16,0.564941,16.791017,0.04027987159081747,True,113479.64641483527,95281.75934881161,208761.40576364688,4,0.4564146279829454
2013-04-17,0.509282,16.499155,0.04652978532516019,True,110366.1036595899,88947.33398148218,199313.4376410721,3,0.44626862611070134
2013-04-18,0.49548,16.395128,0.045686565612029745,True,71158.07085926374,125705.64521109567,196863.7160703594,4,0.6385414626947724
2013-04-19,0.50731,16.230405,0.04510402244091748,True,71158.07085926374,128706.97277799499,199865.04363725873,4,0.6439694027315215
2013-04-22,0.522779,16.369113,0.045069720429349855,True,148012.39058278713,55700.28107081453,203712.67165360166,3,0.273425706013658
2013-04-23,0.556448,16.753447,0.047428299946710405,True,172944.22101241685,34330.808500067484,207275.02951248433,4,0.16562925394734881
2013-04-24,0.576468,16.960072,0.04771056152284128,True,172944.22101241685,35565.969352782115,208510.19036519897,4,0.17057185210223755
2013-04-25,0.593302,17.227381,0.04813778300054826,True,185370.28161062548,24166.06654891265,209536.34815953812,4,0.11533114307457977
2013-04-26,0.577075,17.074219,0.048388717533370894,True,139580.55064149512,69249.10385974812,208829.65450124326,4,0.33160570046978577
2013-04-29,0.59679,17.197029,0.047020725565136624,True,186840.01334059867,24308.137939406206,211148.15128000488,4,0.11512361245905976
2013-04-30,0.614535,17.302513,0.046697293927767544,True,211845.90041485327,0.0,211845.90041485327,4,0.0
2013-05-01,0.597245,17.344414,0.04466666619904393,True,164559.17541143738,47239.48551789801,211798.6609293354,4,0.2230395853808491
2013-05-02,0.621966,17.413765,0.04477524653540212,True,213704.78985069654,0.0,213704.78985069654,4,0.0
2013-05-03,0.640014,17.71575,0.044655845427982746,True,213704.78985069654,0.0,213704.78985069654,4,0.0
2013-05-06,0.652906,17.78799,0.04431098336951857,True,213704.78985069654,0.0,213704.78985069654,4,0.0
2013-05-07,0.651995,17.785101,0.044181833920085685,True,213704.78985069654,0.0,213704.78985069654,4,0.0
2013-05-08,0.677627,17.922364,0.042960531383784605,True,213704.78985069654,0.0,213704.78985069654,4,0.0
2013-05-09,0.688394,18.075526,0.042811295223316864,True,213704.78985069654,0.0,213704.78985069654,4,0.0
2013-05-10,0.707201,18.209902,0.04263607311903373,True,213704.78985069654,0.0,213704.78985069654,4,0.0
2013-05-13,0.685968,18.163664,0.03905718906305769,True,164779.5813974976,48876.33212107787,213655.91351857546,4,0.22876189718394344
2013-05-14,0.696432,18.143435,0.037563583092280486,True,164779.5813974976,49621.90908576858,214401.49048326619,4,0.23144386251196103
2013-05-15,0.714936,18.298038,0.026333966869416702,True,215668.99013366838,0.0,215668.99013366838,4,0.0
2013-05-16,0.701286,18.332708,0.025661154775936546,True,166390.7484635029,49229.01265750798,215619.76112101087,4,0.2283140116729816
2013-05-17,0.727675,18.381839,0.026002728720567112,True,217421.13986411062,0.0,217421.13986411062,4,0.0
2013-05-20,0.72358,18.461316,0.02635764927293767,True,217421.13986411062,0.0,217421.13986411062,4,0.0
2013-05-21,0.722064,18.438191,0.024276325163840914,True,217421.13986411062,0.0,217421.13986411062,4,0.0
2013-05-22,0.689001,18.329816,0.027095456218399167,True,169512.0844796879,47861.19419023245,217373.27866992034,4,0.22017975016565539
2013-05-23,0.688243,17.990276,0.026764150235064805,True,169512.0844796879,47808.54000657206,217320.62448625997,4,0.21999080906191093
2013-05-24,0.688091,18.040851,0.025541397744901686,True,169512.0844796879,47797.98138399108,217310.065863679,4,0.2199529101149658
2013-05-28,0.706442,18.344268,0.025219531016244672,True,181409.21686820785,37163.68523682736,218572.9021050352,3,0.17002878618031228
2013-05-29,0.715087,18.300926,0.024760186550876556,True,218990.06981404376,0.0,218990.06981404376,4,0.0
2013-05-30,0.747998,18.571118,0.024574030804272767,True,218990.06981404376,0.0,218990.06981404376,4,0.0
2013-05-31,0.726158,18.543673,0.025173488275105637,True,168797.78083407506,50142.14683313556,218939.92766721064,4,0.2290223960855225
2013-06-03,0.727978,18.446865,0.02470736904367917,True,168797.78083407506,50267.820181410054,219065.60101548512,4,0.22946468979334078
2013-06-04,0.737685,18.618797,0.024559659623119793,True,168797.78083407506,50938.10105597076,219735.88189004583,4,0.2318151255854508
2013-06-05,0.703409,18.39051,0.027318090594480725,True,119420.85188874039,97898.90037498539,217319.7522637258,4,0.4504832135837397
2013-06-06,0.697949,18.241691,0.02615492372817369,True,68000.65697072458,148507.81580888896,216508.47277961354,4,0.6859214972157546
2013-06-07,0.731315,18.386177,0.02790065096555635,True,173004.65208687822,50498.244337010045,223502.89642388828,4,0.22593999963757394
2013-06-10,0.742841,18.565341,0.02750173476565029,True,173004.65208687822,51294.129508554965,224298.7815954332,4,0.22868661676938568
2013-06-11,0.695371,18.339938,0.030705489628485735,True,124489.72289753918,96482.72748649158,220972.45038403076,4,0.43662785708722085
2013-06-12,0.669892,18.196897,0.031632563642877955,True,74521.45317218386,142865.8675651668,217387.32073735064,4,0.6571950336412612
2013-06-13,0.710386,18.170886,0.033905685132605334,True,127404.36065756649,98566.05876319087,225970.41942075736,4,0.43619009521622687
2013-06-14,0.702651,18.358719,0.033711167632516296,True,76063.99802227387,148781.9010611676,224845.89908344147,4,0.6617060914504554
2013-06-17,0.732831,18.571121,0.0340234021421374,True,180528.82753456064,50602.92609304528,231131.7536276059,4,0.21893541367135358
2013-06-18,0.768472,18.757506,0.0355697512140253,True,233539.74668065857,0.0,233539.74668065857,4,0.0
2013-06-19,0.743448,18.78786,0.03646849451003496,True,183298.28422024753,50191.27118922183,233489.55540946935,4,0.21496152622845022
2013-06-20,0.674138,18.215684,0.04146548589253733,True,136200.904144463,92562.38059150393,228763.28473596694,4,0.4046207882455316
2013-06-21,0.679295,18.069744,0.04151120524766689,True,136200.904144463,93270.46142467219,229471.3655691352,4,0.40645795257871353
2013-06-24,0.637133,17.802448,0.04386510381331367,True,87417.71345614079,136215.87284620572,223633.5863023465,4,0.6091029308184754
2013-06-25,0.6843,18.055294,0.04657302742635065,True,139707.64257803475,93957.67192884267,233665.31450687742,4,0.4021036332548074
2013-06-26,0.693096,18.300028,0.046582692093623465,True,139707.64257803475,95165.40491479344,234873.0474928282,4,0.4051780565315793
2013-06-27,0.702196,18.407187,0.045435694781840515,True,188667.22473035794,47406.28781567348,236073.51254603142,4,0.2008115493534237
2013-06-28,0.711599,18.352156,0.04513232993883969,True,188667.22473035794,48041.09821665949,236708.32294701744,4,0.2029548332671537
2013-07-01,0.706291,18.469442,0.045146652950382254,True,188667.22473035794,47682.7473064783,236349.97203683623,4,0.201746363223799
2013-07-02,0.708111,18.428896,0.04502594398511937,True,188667.22473035794,47805.618191280446,236472.8429216384,4,0.20216113444841577
2013-07-03,0.719334,18.449171,0.04386678021160295,True,188667.22473035794,48563.299477068605,237230.52420742653,4,0.20470932077276222
2013-07-05,0.747391,18.631605,0.04457739904661375,True,188667.22473035794,50457.46893580142,239124.69366615935,4,0.21100902697336985
2013-07-08,0.702954,18.549076,0.04558874560445843,True,139716.14058526716,96359.64347697694,236075.7840622441,4,0.4081725021468979
2013-07-09,0.724641,18.530249,0.046006006183819385,True,190076.60444762916,48921.58287577463,238998.18732340378,4,0.2046943678680529
2013-07-10,0.749515,18.651876,0.04397511228369369,True,202843.63958478856,37821.04835694252,240664.68794173107,3,0.15715246254198964
2013-07-11,0.797288,19.052941,0.044681609776212036,True,243035.1150514671,0.0,243035.1150514671,4,0.0
2013-07-12,0.810938,19.225246,0.04317355989232846,True,243035.1150514671,0.0,243035.1150514671,4,0.0
2013-07-15,0.810786,19.255652,0.04300985134459885,True,227980.64723505924,15039.428388019822,243020.07562307906,3,0.061885539083387404
2013-07-16,0.817459,19.315012,0.04222310291149797,True,227980.64723505924,15163.207172598313,243143.85440765755,4,0.06236311096383099
2013-07-17,0.819582,19.341076,0.04104836736943365,True,227980.64723505924,15202.58711560148,243183.23435066073,4,0.06251494744773377
2013-07-18,0.799259,19.219456,0.040713530251884844,True,184845.91249580818,57917.2549024519,242763.1673982601,3,0.238575132806028
2013-07-19,0.794406,19.048596,0.033141275064524287,True,169751.03500324106,72645.38631888173,242396.4213221228,4,0.29969661236187406
2013-07-22,0.788643,19.081896,0.033322188489062765,True,169751.03500324106,72118.38203976538,241869.41704300646,4,0.29817073576913655
2013-07-23,0.779999,19.132574,0.029181771330461105,True,110786.99427339021,130233.05693843254,241020.05121182275,4,0.5403411719632238
2013-07-24,0.73723,18.876295,0.029044939921833525,True,54494.665196194495,179328.19511090734,233822.86030710183,4,0.7669403875881877
2013-07-25,0.750425,18.667809,0.029147439124067028,True,54494.665196194495,182537.82512391332,237032.4903201078,4,0.7700962213129495
2013-07-26,0.730101,18.572238,0.029881758745778853,True,11309.650343944168,220735.96787322348,232045.61821716765,4,0.9512610906819208
2013-07-29,0.718121,18.55342,0.030029836620040527,True,3658.151070219439,224757.83551843933,228415.98658865876,4,0.9839846977225496
2013-07-30,0.742083,18.659116,0.03081122477111609,True,11549.16495955383,224358.56031873028,235907.7252782841,4,0.951043718700055
2013-07-31,0.752699,18.822723,0.03092280737691063,True,55981.88290539245,183090.96636298692,239072.84926837936,4,0.7658375550518993
2013-08-01,0.793496,19.055837,0.032776758324774766,True,116449.43268464897,132486.59260898855,248936.02529363753,4,0.5322114083436148
2013-08-02,0.778482,19.00371,0.03220920417943138,True,57966.47605530547,188404.30211175245,246370.77816705793,4,0.7647185413523359
2013-08-05,0.774842,18.983443,0.028640144532427893,True,57966.47605530547,187523.36760114494,245489.84365645042,4,0.7638742393904231
2013-08-06,0.759069,18.867614,0.028516787218330685,True,14486.236743621412,227142.86790267896,241629.10464630037,4,0.9400476330662793
2013-08-07,0.73541,18.711236,0.028473620441617355,True,5982.113588226492,228558.80555820308,234540.91914642957,4,0.974494371344679
2013-08-08,0.737685,18.682282,0.024400134152323862,True,5982.113588226492,229265.85507159686,235247.96865982335,4,0.9745710297848444
2013-08-09,0.726765,18.622914,0.024003933391263207,True,5982.113588226492,225872.01740730676,231854.13099553325,4,0.9741988052464687
2013-08-12,0.734803,18.598308,0.024262676933497363,True,5982.113588226492,228370.1554242998,234352.2690125263,4,0.974473839688291
2013-08-13,0.759372,18.751783,0.025558900973717803,True,14745.783276460768,227233.53724759293,241979.3205240537,4,0.9390618039404116
2013-08-14,0.725551,18.662012,0.027154562092706634,True,6114.725836868074,225735.41807945562,231850.1439163237,4,0.9736263875726775
2013-08-15,0.675807,18.278307,0.030572608305228555,True,6114.725836868074,210258.92829866224,216373.65413553032,4,0.9717399705555743
2013-08-16,0.68248,18.259486,0.030841551322649985,True,6114.725836868074,212335.0503698112,218449.77620667926,4,0.9720085506927559
2013-08-19,0.668678,18.189995,0.03097442348529296,True,6114.725836868074,208040.93425621942,214155.6600930875,4,0.9714472835590234
2013-08-20,0.682024,18.197238,0.031588257495047865,True,6114.725836868074,212193.1783985173,218307.9042353854,4,0.9719903598622108
2013-08-21,0.66701,18.162486,0.029623788801675495,True,6114.725836868074,207521.98151911816,213636.70735598623,4,0.9713779251115352
2013-08-22,0.689607,18.240672,0.030446592921963927,True,6114.725836868074,214552.4221667659,220667.14800363398,4,0.9722898225123778
2013-08-23,0.690062,18.295692,0.02996275760393707,True,62165.20159063226,158587.40067921538,220752.60226984764,3,0.7183942524281475
2013-08-26,0.685362,18.313071,0.02980692340398816,True,48449.18756713348,171209.57642757837,219658.76399471186,4,0.7794343067126616
2013-08-27,0.634251,17.927921,0.03299614555920736,True,35573.197994427006,171304.71652386594,206877.91451829294,4,0.8280473868984141
2013-08-28,0.655181,17.978599,0.03387948369002793,True,48847.51427006398,163670.09185422774,212517.60612429172,4,0.7701483883575494
2013-08-29,0.680205,18.147997,0.03260889674379989,True,48847.51427006398,169921.31156078237,218768.82583084636,4,0.7767162936284476
2013-08-30,0.66155,18.124843,0.03282646871283267,True,35305.854744010794,178789.2565893213,214095.11133333208,4,0.8350926626762538
2013-09-03,0.677778,18.298586,0.033614058755255645,True,35305.854744010794,183175.00529453103,218480.86003854184,4,0.8384029853334404
2013-09-04,0.729798,18.514325,0.03792780196685193,True,64790.79706255771,167719.3757095595,232510.17277211722,4,0.7213420974657352
2013-09-05,0.746936,18.802456,0.03765020286863651,True,64790.79706255771,171657.9651012959,236448.76216385362,4,0.7259837756407489
2013-09-06,0.737836,18.748881,0.037756856714907465,True,51018.488620080374,183325.1879157618,234343.67653584218,4,0.7822920192502943
2013-09-09,0.76741,18.915391,0.03856641718211184,True,65314.19975954144,176363.2212109009,241677.42097044236,4,0.7297463722623492
2013-09-10,0.810028,19.228138,0.04021864164666344,True,190913.11276777994,60432.88877548569,251346.00154326562,4,0.24043704059116705
2013-09-11,0.803051,19.244072,0.0397657377044319,True,190913.11276777994,59912.36323194083,250825.47599972077,4,0.23886075763694564
2013-09-12,0.789098,19.249855,0.038443646272179936,True,132101.21171607246,117624.53465458046,249725.74637065292,4,0.4710148487453009
2013-09-13,0.799563,19.183252,0.03414224129420962,True,132101.21171607246,119184.4685983494,251285.68031442186,4,0.47429868844583395
2013-09-16,0.809118,19.417809,0.034149817568908905,True,132101.21171607246,120608.7561122254,252709.96782829787,4,0.47726157044257245
2013-09-17,0.825497,19.454015,0.03353823423160981,True,239731.4109575321,15312.3056096494,255043.7165671815,4,0.06003796453309588
2013-09-18,0.84673,19.530743,0.03364332058320077,True,255421.86548411375,0.0,255421.86548411375,4,0.0
2013-09-19,0.837933,19.608938,0.03313177573640627,True,196280.28951059422,59082.4934800395,255362.7829906337,4,0.23136689218415413
2013-09-20,0.824436,19.571288,0.03325973970963412,True,137489.13991408166,116863.23980442352,254352.3797185052,4,0.45945408465907595
2013-09-23,0.813819,19.462703,0.03357593719767584,True,78503.95151619187,174284.54944295093,252788.5009591428,4,0.6894480911183529
2013-09-24,0.830198,19.490935,0.03347633628439904,True,78503.95151619187,177792.21716184923,256296.16867804108,4,0.693698302549312
2013-09-25,0.832322,19.527303,0.026593672218630522,True,78503.95151619187,178247.08536106406,256751.03687725595,4,0.6942409562547474
2013-09-26,0.831108,19.552024,0.02640750292383678,True,78503.95151619187,177987.0994882548,256491.0510044467,4,0.693931031087588
2013-09-27,0.811999,19.386222,0.026799602413752514,True,20220.959474768904,232119.5520642885,252340.5115390574,4,0.9198663767801744
2013-09-30,0.813516,19.287314,0.02545039085135349,True,20220.959474768904,232553.2045201185,252774.1639948874,4,0.9200038518367807
2013-10-01,0.834597,19.496753,0.025490914832343618,True,20220.959474768904,238579.45858824826,258800.41806301716,4,0.9218665888327694
2013-10-02,0.83308,19.476387,0.020737529953438343,True,20220.959474768904,238145.80613241822,258366.76560718712,4,0.9217354467891887
2013-10-03,0.826407,19.472029,0.02059841014716432,True,1411.964112762069,255028.45503498096,256440.41914774303,4,0.9944939876582068
2013-10-04,0.84491,19.598567,0.020512705964429032,True,157871.3743179658,104122.43791952888,261993.81223749468,3,0.39742327129902966
2013-10-07,0.832322,19.541836,0.01955287422413187,True,97957.04539937504,162425.6308679765,260382.67626735155,4,0.6237958423209526
2013-10-08,0.792738,19.377488,0.019226492864320904,True,39964.91891186887,212635.1010336775,252600.01994554634,4,0.8417857650190044
2013-10-09,0.782577,19.108425,0.019337744621189094,True,85449.03774371951,164347.461241681,249796.49898540054,3,0.6579253989115611
2013-10-10,0.83581,19.480761,0.02405760263815233,True,148489.69873061887,112423.05443727154,260912.75316789042,4,0.4308837075699795
2013-10-11,0.843545,19.565116,0.02398451959416674,True,148489.69873061887,113463.47310427994,261953.17183489882,4,0.4331441085805693
2013-10-14,0.860076,19.646559,0.02419468396171566,True,249941.65146513638,14133.517087738319,264075.1685528747,3,0.05352081062823755
2013-10-15,0.838085,19.698919,0.02467320249768103,True,189007.65515822617,74645.26502756028,263652.92018578644,4,0.283119432073654
2013-10-16,0.861896,19.714918,0.024817376332901427,True,189007.65515822617,76766.02653214661,265773.68169037276,4,0.2888398356221716
2013-10-17,0.880096,19.76292,0.025052556354323754,True,267316.30424576026,0.0,267316.30424576026,4,0.0
2013-10-18,0.886011,19.909817,0.024673922500130625,True,267316.30424576026,0.0,267316.30424576026,4,0.0
2013-10-21,0.896475,20.014531,0.024418127573190725,True,267316.30424576026,0.0,267316.30424576026,4,0.0
2013-10-22,0.89056,19.98545,0.024275800135170732,True,204996.17606494576,62257.87031050402,267254.04637544975,4,0.23295389220427945
2013-10-23,0.802596,19.464765,0.03417171289747811,True,148463.643313614,112584.48024805213,261048.12356166614,4,0.4312786420832358
2013-10-24,0.82216,19.518573,0.03465967823360449,True,148463.643313614,115328.82830307969,263792.4716166937,4,0.43719529824436915
2013-10-25,0.83126,19.553478,0.03432281825528275,True,206898.19893200241,58112.285836226154,265010.48476822855,4,0.2192829686985769
2013-10-28,0.848398,19.640748,0.03459189057991325,True,206898.19893200241,59310.38072189519,266208.5796538976,4,0.22279665365784096
2013-10-29,0.885707,19.885086,0.03542560050379778,True,206898.19893200241,61918.60350690081,268816.80243890325,4,0.23033754938355716
2013-10-30,0.872664,19.944723,0.03563718438795649,True,144919.155570557,122923.91088379726,267843.06645435427,4,0.4589400521396208
2013-10-31,0.887527,20.034899,0.03569158819631192,True,144919.155570557,125017.52089574444,269936.67646630143,4,0.46313647531091046
2013-11-01,0.877821,19.992719,0.03555282143620949,True,82694.34218373589,185812.979357325,268507.3215410609,4,0.6920220211906212
2013-11-04,0.876152,19.949089,0.03534467943243331,True,82694.34218373589,185459.6933655939,268154.0355493298,4,0.6916162681858151
2013-11-05,0.868266,19.831272,0.033372488094833765,True,20353.04459470393,246069.44091700728,266422.4855117112,4,0.9236061304825216
2013-11-06,0.877972,19.927277,0.033142820235149535,True,20353.04459470393,248820.1532488739,269173.19784357783,4,0.9243868083532911
2013-11-07,0.827468,19.742554,0.03301197550910942,True,12349.886823484736,242502.31610386918,254852.2029273539,4,0.9515409846113628
2013-11-08,0.854919,19.680011,0.03378130086132679,True,20602.026127685698,242286.85720657834,262888.88333426404,4,0.9216321897434888
2013-11-11,0.854312,19.770186,0.03349227015471899,True,20602.026127685698,242114.83140960295,262716.8575372886,4,0.9215808748596899
2013-11-12,0.868569,19.8051,0.03313004404132396,True,20602.026127685698,246155.31211385003,266757.3382415357,4,0.9227686620975669
2013-11-13,0.893138,19.938898,0.03312501239472385,True,20602.026127685698,253118.24754364917,273720.27367133484,4,0.924733283905659
2013-11-14,0.880702,19.998537,0.032984351773971576,True,11980.431534799576,258206.82584160304,270187.2573764026,4,0.9556587840184135
2013-11-15,0.897385,20.031988,0.03322218031822786,True,76283.73124108053,198730.32991472096,275014.0611558015,4,0.7226187965790442
2013-11-18,0.873119,20.020355,0.03368387892140174,True,15108.574667254461,254470.5471807053,269579.12184795976,4,0.9439549525805802
2013-11-19,0.842635,19.831275,0.03453331126093201,True,71412.71429746413,189216.58846869643,260629.30276616057,3,0.7259989051901182
2013-11-20,0.830047,19.664011,0.0253040908838489,True,55350.013620688645,202436.5637804486,257786.57740113724,4,0.7852874491034518
2013-11-21,0.874332,19.815275,0.02729430864333171,True,76842.12489374843,191723.41551455765,268565.54040830606,4,0.7138794322721983
2013-11-22,0.875849,19.930179,0.02723117670791441,True,76842.12489374843,192056.06309160573,268898.18798535416,4,0.7142333852471563
2013-11-25,0.872816,19.899634,0.026931719375977888,True,76842.12489374843,191390.987217389,268233.1121111374,4,0.7135248355843915
2013-11-26,0.895261,20.061077,0.02576011498970609,True,76842.12489374843,196312.72411049623,273154.84900424466,4,0.7186865795212212
2013-11-27,0.90694,20.098895,0.025636655349265524,True,226207.1965097439,49359.10761979775,275566.3041295416,4,0.1791188069082438
2013-11-29,0.906788,20.226884,0.025395295704119775,True,226207.1965097439,49350.835204469055,275558.03171421296,4,0.17909416356860847
2013-12-02,0.901935,20.199249,0.02528543012013551,True,226207.1965097439,49086.71657558635,275293.9130853303,4,0.17830658159292975
2013-12-03,0.911186,20.20216,0.025348182784185058,True,226207.1965097439,49590.191011150724,275797.38752089464,4,0.17980660171189522
2013-12-04,0.89966,20.139622,0.025445677020776672,True,161772.5965430348,113333.13220155331,275105.7287445881,4,0.4119620944236073
2013-12-05,0.905575,20.206522,0.025377881318229375,True,161772.5965430348,114078.2642258427,275850.8607688775,4,0.4135505102571477
2013-12-06,0.936817,20.417416,0.02195077286291506,True,279668.5044468572,0.0,279668.5044468572,4,0.0
2013-12-09,0.944097,20.488678,0.021060930240036874,True,279668.5044468572,0.0,279668.5044468572,4,0.0
2013-12-10,0.936059,20.43342,0.021244214187723327,True,215032.78341601195,64571.14988096429,279603.93329697626,4,0.23093791678667555
2013-12-11,0.908456,20.319964,0.0223768662701365,True,151764.10161001093,125872.5181894914,277636.6197995023,4,0.45337145467478795
2013-12-12,0.885556,20.127982,0.022342622462084568,True,88199.23223996785,186200.94147374824,274400.1737137161,4,0.6785744300148046
2013-12-13,0.880854,20.05235,0.02214786173054732,True,88199.23223996785,185212.2780500804,273411.51029004826,4,0.6774121464513261
2013-12-16,0.916342,20.271976,0.023514947624791026,True,153842.49092396811,126965.17504732747,280807.66597129556,4,0.4521428380815856
2013-12-17,0.944855,20.405785,0.023400026541264198,True,219514.6757376896,65177.91487585558,284692.59061354515,4,0.22894138107138548
2013-12-18,0.963661,20.411598,0.02169198010348148,True,219514.6757376896,66475.1889201855,285989.8646578751,4,0.23243896772254027
2013-12-19,0.946372,20.507593,0.02186320553630492,True,155482.78991339158,129250.47835946985,284733.26827286143,4,0.4539352887826526
2013-12-20,0.970486,20.622493,0.019640372241868907,True,222361.8344676495,65597.85029280493,287959.6847604544,4,0.22780220205954851
2013-12-23,0.9946,20.804388,0.02008471269979262,True,289522.38936418854,0.0,289522.38936418854,4,0.0
2013-12-24,1.00643,20.912369,0.019981772249653217,True,289522.38936418854,0.0,289522.38936418854,4,0.0
2013-12-26,1.015682,20.97073,0.019525077048500015,True,289522.38936418854,0.0,289522.38936418854,4,0.0
2013-12-27,1.012952,21.008669,0.019558125427099702,True,289522.38936418854,0.0,289522.38936418854,4,0.0
2013-12-30,1.020687,21.027636,0.019516194270957913,True,289522.38936418854,0.0,289522.38936418854,4,0.0
2013-12-31,1.046772,21.163338,0.019782858190822677,True,289522.38936418854,0.0,289522.38936418854,4,0.0
2014-01-02,0.999757,20.964892,0.023081284999431163,True,225714.9494794727,63743.69618852731,289458.64566800004,4,0.22021693648646212
2014-01-03,0.996117,20.853997,0.02280932074648885,True,225714.9494794727,63511.612738122625,289226.56221759535,4,0.2195912168341599
2014-01-06,0.977311,20.798555,0.023433478255398883,True,160026.74172283625,127935.14258862317,287961.88431145943,4,0.44427804358388134
2014-01-07,1.00006,20.858378,0.02281468820418615,True,190750.19373780172,100158.89994172208,290909.0936795238,3,0.3442962152708118
2014-01-08,1.044194,21.125401,0.02449529928435756,True,295224.662313068,0.0,295224.662313068,4,0.0
2014-01-09,1.022051,21.123938,0.02503493004434054,True,227243.6770591393,67913.07218174697,295156.7492408863,4,0.23009154409110621
2014-01-10,1.034487,21.122478,0.023731921552417476,True,243679.2346426011,52287.4078157426,295966.6424583437,3,0.176666557357395
2014-01-13,0.997633,21.020343,0.024600795704323254,True,174773.0878330209,119261.95816308189,294035.0459961028,4,0.40560456920724547
2014-01-14,1.066185,21.189601,0.027885009098983993,True,302102.6324182956,0.0,302102.6324182956,4,0.0
2014-01-15,1.09318,21.541254,0.027246712521675633,True,302102.6324182956,0.0,302102.6324182956,4,0.0
2014-01-16,1.074981,21.482893,0.027311695027410376,True,231669.66493481363,70362.60487860341,302032.26981341705,4,0.2329638648283195
2014-01-17,1.056478,21.373457,0.02762081599084459,True,161275.4566741524,139475.38014870993,300750.83682286233,4,0.4637572471023873
2014-01-21,1.077256,21.370539,0.02727122145856028,True,161275.4566741524,142218.47508180828,303493.9317559607,4,0.46860401543766644
2014-01-22,1.11411,21.555844,0.0276403053710047,True,308212.28343410545,0.0,308212.28343410545,4,0.0
2014-01-23,1.076195,21.459542,0.028794869730600144,True,239019.0160580277,69124.14323284489,308143.1592908726,4,0.224324769668487
2014-01-24,1.000667,21.157499,0.03341749917224892,True,172393.47720387462,130831.94995533398,303225.4271592086,4,0.4314676087063129
2014-01-27,0.981558,20.868587,0.033599127620622546,True,102028.26338216431,198628.46756011085,300656.73094227514,4,0.6606486638020643
2014-01-28,0.993539,20.82628,0.03373951672765828,True,102028.26338216431,201052.94748879323,303081.2108709575,4,0.6633632844181663
2014-01-29,0.979586,20.886098,0.03379907097345544,True,31298.337574086207,268888.67939675116,300187.0169708374,4,0.8957372044603555
2014-01-30,1.017653,21.04223,0.034463159294444774,True,177437.04496101182,133052.78016352642,310489.82512453827,4,0.4285254117752767
2014-01-31,1.00188,20.935708,0.03303767472517735,True,106796.73095112518,201560.28759447072,308357.0185455959,4,0.653658828799016
2014-02-03,0.938637,20.722674,0.036128580337536395,True,39596.44473172218,255970.08330430053,295566.5280360227,4,0.8660320402488327
2014-02-04,0.940154,20.511109,0.03593931550474551,True,39596.44473172218,256383.77530277555,295980.22003449773,4,0.8662192874675644
2014-02-05,0.943945,20.503809,0.035493628131501635,True,39596.44473172218,257417.59624293307,297014.04097465525,4,0.8666849398709032
2014-02-06,0.988837,20.776667,0.03572427220121595,True,110249.27637268508,198936.26991661038,309185.5462892955,4,0.6434203419407962
2014-02-07,1.036611,21.087464,0.03710112528023467,True,252073.19457048926,66581.65782292481,318654.85239341407,4,0.20894600324718268
2014-02-10,1.052536,21.310713,0.0371586809329058,True,252073.19457048926,67604.52262064554,319677.7171911348,4,0.21147711893921245
2014-02-11,1.092725,21.528126,0.03693759836694381,True,252073.19457048926,70185.8672583597,322259.06182884896,4,0.21779330846446532
2014-02-12,1.123513,21.76012,0.0344553143455932,True,324164.4156432756,0.0,324164.4156432756,4,0.0
2014-02-13,1.163855,21.872471,0.03488055981182372,True,324164.4156432756,0.0,324164.4156432756,4,0.0
2014-02-14,1.183117,22.107404,0.03467207304168653,True,324164.4156432756,0.0,324164.4156432756,4,0.0
2014-02-18,1.192672,22.189113,0.03428085677311687,True,324164.4156432756,0.0,324164.4156432756,4,0.0
2014-02-19,1.189941,22.262065,0.03417798435543032,True,303930.7931143554,20213.4091198004,324144.2022341558,4,0.0623593110118274
2014-02-20,1.217999,22.314592,0.03379785317430716,True,303930.7931143554,20690.027568180078,324620.8206825355,4,0.06373598441615054
2014-02-21,1.199496,22.35983,0.03288595150998691,True,229330.82852155948,94901.15810572822,324231.9866272877,4,0.29269523680530424
2014-02-24,1.213297,22.453216,0.027257526243429513,True,229330.82852155948,95993.05910666293,325323.8876282224,4,0.2950691995183675
2014-02-25,1.195552,22.282495,0.027021578460369382,True,154809.54832765,169035.95193670059,323845.50026435056,4,0.5219648004950475
2014-02-26,1.218757,22.448846,0.027099359278758936,True,154809.54832765,172316.8458373349,327126.39416498493,4,0.5267592249081178
2014-02-27,1.217089,22.358367,0.02664170684291221,True,154809.54832765,172081.011705628,326890.560033278,4,0.5264178068895898
2014-02-28,1.213297,22.362754,0.026008524923833723,True,154809.54832765,171544.87080189152,326354.4191295415,4,0.5256397975533444
2014-03-03,1.19343,22.183268,0.026053174014835333,True,80445.22212718999,243025.96410370496,323471.18623089493,4,0.7513063742568777
2014-03-04,1.255308,22.618101,0.021157401182311603,True,335816.18189034873,0.0,335816.18189034873,4,0.0
2014-03-05,1.263194,22.68522,0.02103317969798381,True,335816.18189034873,0.0,335816.18189034873,4,0.0
2014-03-06,1.292009,22.777146,0.020942962036619432,True,335816.18189034873,0.0,335816.18189034873,4,0.0
2014-03-07,1.285944,22.879282,0.020094720543622956,True,335816.18189034873,0.0,335816.18189034873,4,0.0
2014-03-10,1.277754,22.781518,0.018849438025588024,True,260808.4829460438,74932.76617812681,335741.24912417063,4,0.22318605882833795
2014-03-11,1.25743,22.747962,0.01970928407983194,True,186541.11547196942,147934.05726735838,334475.17273932777,4,0.4422871092517541
2014-03-12,1.289128,22.685217,0.01893492624735019,True,186541.11547196942,151663.26187299108,338204.37734496046,4,0.4484367206113898
2014-03-13,1.224671,22.651657,0.02255465565158594,True,114845.6545427595,215703.8652826915,330549.51982545096,4,0.6525614237666885
2014-03-14,1.205259,22.440081,0.021748390766858267,True,40508.95123628166,286547.22997775045,327056.1812140321,4,0.8761406951982608
2014-03-17,1.248483,22.596209,0.022798202754630414,True,117357.72777664596,219897.92265819188,337255.65043483785,4,0.6520214631679804
2014-03-18,1.301716,22.791729,0.024404496640617997,True,270140.7574065252,76337.9967179336,346478.75412445876,4,0.22032518822355324
2014-03-19,1.298834,22.939113,0.024403410001054487,True,288490.96654800524,57800.406628493016,346291.3731764982,3,0.16691263804320425
2014-03-20,1.371936,23.098156,0.026601560998231473,True,349483.4876935865,0.0,349483.4876935865,4,0.0
2014-03-21,1.33584,23.273251,0.027193719590413223,True,272518.69792838086,76887.90186334222,349406.59979172307,4,0.22005280355086065
2014-03-24,1.319309,23.073349,0.0274373274923697,True,194301.0122533921,154075.9613577976,348376.97361118975,4,0.4422679253473162
2014-03-25,1.346608,23.231118,0.02728865031954497,True,194301.0122533921,157264.08458678075,351565.0968401729,4,0.44732564751237386
2014-03-26,1.305811,23.22965,0.028280059977602835,True,117497.17770163126,229226.7001679219,346723.87786955317,4,0.661121759413879
2014-03-27,1.273507,22.887311,0.02897951131808908,True,40236.37450227405,300739.5608689454,340975.9353712194,4,0.8819964392546682
2014-03-28,1.300958,22.986791,0.029254644030669734,True,40236.37450227405,307222.1335484937,347458.5080507677,4,0.8841980450327754
2014-03-31,1.363594,23.242815,0.030395988212314456,True,283521.15579601226,78485.35876560237,362006.5145616146,4,0.21680648167519076
2014-04-01,1.427292,23.554438,0.03004171327277962,True,365590.6744053571,0.0,365590.6744053571,2,0.0
2014-04-02,1.418345,23.63344,0.03017595965126566,True,342861.9103580932,22706.057989274603,365567.96834736783,3,0.06211172738115552
2014-04-03,1.426837,23.749018,0.029917848700528202,True,342861.9103580932,22842.005057473747,365703.91541556694,3,0.06246037872336499
2014-04-04,1.306873,23.431549,0.036401851480427745,True,283048.01001368783,80675.66678918983,363723.6768028777,3,0.22180482584561714
2014-04-07,1.270777,22.916563,0.03694377011943533,True,197518.71925318113,163891.24143116776,361409.9606843489,4,0.4534773782129054
2014-04-08,1.318399,22.983854,0.03763942229104337,True,286075.9037510964,81387.18790517602,367463.0916562724,4,0.22148397962456096
2014-04-09,1.360864,23.232585,0.03788378269353819,True,348236.45733623067,21785.85386455072,370022.3112007814,4,0.05887713579716897
2014-04-10,1.23544,22.997028,0.04238274629581512,True,268166.64009992447,99767.78854125185,367934.4286411763,4,0.2711564365142605
2014-04-11,1.176443,22.452794,0.0436753707750013,True,184079.39016228015,179006.7405513075,363086.1307135876,4,0.4930145367973666
2014-04-14,1.204046,22.408894,0.0432271934233821,True,184079.39016228015,183206.79364307463,367286.18380535475,4,0.49881210271760734
2014-04-15,1.228918,22.43816,0.04235063024310086,True,271741.8343393768,99241.10532161669,370982.93966099346,4,0.2675085420701659
2014-04-16,1.221791,22.457182,0.042355322534927436,True,271741.8343393768,98665.56540957442,370407.3997489512,4,0.2663703950743057
2014-04-17,1.292313,22.878527,0.042453992963172434,True,355330.2902210432,20688.431882435816,376018.722103479,4,0.055019685633478733
2014-04-21,1.326437,23.052619,0.04254354205573837,True,355330.2902210432,21234.71753425255,376565.0077552958,4,0.05639057558967764
2014-04-22,1.364352,23.330591,0.042904106237086966,True,355330.2902210432,21841.69269802677,377171.98291907,4,0.05790910695165116
2014-04-23,1.358742,23.403746,0.04268879433568812,True,355330.2902210432,21751.883106340803,377082.17332738405,4,0.05768472933737905
2014-04-24,1.379822,23.396435,0.04215693936797912,True,355330.2902210432,22089.349450857768,377419.639671901,4,0.05852729198210383
2014-04-25,1.24636,22.988252,0.04791254513474822,True,275576.28851206164,99627.10504536463,375203.3935574263,4,0.2655282621534081
2014-04-28,1.223611,22.606405,0.04775844229300081,True,194041.19630880182,179262.3147350341,373303.5110438359,4,0.48020527380998534
2014-04-29,1.245905,22.720523,0.04658430756430533,True,194041.19630880182,182528.44591945698,376569.6422282588,4,0.48471365041374426
2014-04-30,1.27108,22.783431,0.045470198079396895,True,278570.1493959397,101603.08472757637,380173.2341235161,4,0.26725470287728387
2014-05-01,1.258492,22.932657,0.0454796699232981,True,278570.1493959397,100596.86983114913,379167.01922708884,4,0.26531017923502503
2014-05-02,1.266075,22.881455,0.04548019583370554,True,278570.1493959397,101203.01278949103,379773.16218543076,4,0.2664827925362375
2014-05-05,1.272142,22.830245,0.041223853165012835,True,278570.1493959397,101687.97511683645,380258.12451277615,4,0.26741828395416667
2014-05-06,1.256975,22.913646,0.04083238886816349,True,191345.75135608498,187612.87004477516,378958.62140086014,4,0.49507481674712817
2014-05-07,1.259402,22.786361,0.03988787534159557,True,191345.75135608498,187975.11785049812,379320.8692065831,4,0.49555701547262987
2014-05-08,1.285184,23.027755,0.039454557841172404,True,273419.77057270985,109667.09776427047,383086.86833698035,4,0.28627214041647175
2014-05-09,1.27472,22.882914,0.03277408147987852,True,293912.50513609784,88260.93772337864,382173.4428594765,3,0.23094471730687943
2014-05-12,1.343727,23.200392,0.03241100255711744,True,365368.41318305186,21511.5103756519,386879.92355870374,4,0.05560255021190786
2014-05-13,1.314001,23.286709,0.03278600112018806,True,275848.98632001475,110465.62846776626,386314.614787781,4,0.2859473192036747
2014-05-14,1.280483,23.052616,0.033222134397456644,True,186441.06166523855,196966.4383846928,383407.50004993135,4,0.5137260965396915
2014-05-15,1.235591,22.745395,0.03425021026338863,True,97898.37781875234,278515.29139604245,376413.66921479476,4,0.7399181118396418
2014-05-16,1.272142,22.840485,0.03243072682789349,True,97898.37781875234,286754.27372580755,384652.65154455986,4,0.7454888782759077
2014-05-19,1.312939,23.074575,0.03269281213591864,True,191795.85098840465,201958.88476954418,393754.73575794883,4,0.5129052845060726
2014-05-20,1.294437,23.092132,0.03210310793416424,True,101344.20056418976,289474.15951552737,390818.3600797171,4,0.7406872068561005
2014-05-21,1.31309,23.147726,0.03232178663104671,True,101344.20056418976,293645.5185677201,394989.71913190983,4,0.7434257256444058
2014-05-22,1.332352,23.291096,0.03229912643918186,True,194187.93186154234,205016.3999544278,399204.33181597013,4,0.5135625633665184
2014-05-23,1.368144,23.378875,0.02271385550583609,True,382620.82585215167,21902.39821882413,404523.2240709758,4,0.05414373493419314
2014-05-27,1.420467,23.693417,0.023162499849934196,True,382620.82585215167,22740.028747484514,405360.85459963616,4,0.056098235657077
2014-05-28,1.425017,23.789982,0.023042695353657033,True,382620.82585215167,22812.868968905397,405433.6948210571,4,0.05626781705692746
2014-05-29,1.433814,23.885077,0.02282944216970763,True,382620.82585215167,22953.698733265723,405574.5245854174,4,0.056595514120935574
2014-05-30,1.439729,23.86899,0.02252598550003418,True,382620.82585215167,23048.39102111287,405669.2168732645,4,0.05681572587331279
2014-06-02,1.463084,23.971398,0.022621686899262618,True,406019.6810510156,0.0,406019.6810510156,4,0.0
2014-06-03,1.504337,24.123547,0.023071820393907063,True,406019.6810510156,0.0,406019.6810510156,4,0.0
2014-06-04,1.524812,24.287402,0.022586094204235477,True,406019.6810510156,0.0,406019.6810510156,4,0.0
2014-06-05,1.545892,24.4103,0.02252761752196955,True,406019.6810510156,0.0,406019.6810510156,4,0.0
2014-06-06,1.568945,24.5961,0.022432696388514084,True,406019.6810510156,0.0,406019.6810510156,4,0.0
2014-06-09,1.580168,24.705821,0.022038544517612783,True,406019.6810510156,0.0,406019.6810510156,4,0.0
2014-06-10,1.595941,24.65023,0.01970174383186739,True,406019.6810510156,0.0,406019.6810510156,4,0.0
2014-06-11,1.619145,24.825791,0.018327576695097686,True,406019.6810510156,0.0,406019.6810510156,4,0.0
2014-06-12,1.60231,24.806761,0.016999242819261694,True,315555.7188011589,90373.5886611956,405929.3074623545,4,0.2226338108626876
2014-06-13,1.647809,24.977944,0.013318244638637256,True,315555.7188011589,92939.82609995325,408495.54490111215,4,0.2275173554767946
2014-06-16,1.678596,25.090598,0.012903744016562095,True,410137.31892092095,0.0,410137.31892092095,3,0.0
2014-06-17,1.716361,25.245682,0.0123888782260609,True,410137.31892092095,0.0,410137.31892092095,4,0.0
2014-06-18,1.695735,25.214946,0.012149081970026657,True,316076.3134880014,93967.03839452499,410043.3518825264,4,0.2291636676051894
2014-06-19,1.700436,25.206171,0.012380605080276202,True,316076.3134880014,94227.53844169786,410303.8519296993,4,0.22965306808243816
2014-06-20,1.715299,25.289565,0.012409117881112996,True,316076.3134880014,95051.15303457812,411127.46652257955,4,0.23119630959844376
2014-06-23,1.696341,25.302731,0.013030843543320068,True,221846.58550450907,188136.21151921203,409982.7970237211,4,0.45888806282846717
2014-06-24,1.658578,25.212498,0.013446439853481885,True,128668.33539277839,277033.1927484533,405701.5281412317,4,0.6828497640068373
2014-06-25,1.676473,25.039371,0.013417739441521121,True,128668.33539277839,280022.20441039116,408690.53980316955,4,0.6851692836962983
2014-06-26,1.655089,25.015899,0.014213039113067863,True,34573.0693406877,370451.6879527166,405024.7572934043,4,0.9146396146948553
2014-06-27,1.662975,25.021769,0.014206540210026526,True,124128.34911529606,282571.8538383836,406700.2029536797,3,0.6947915240420143
2014-06-30,1.714996,25.235967,0.015046707121705217,True,271006.3327795598,144386.2266405302,415392.55942008994,4,0.34758982405005284
2014-07-01,1.78567,25.614485,0.016143390172448653,True,421192.29657881666,0.0,421192.29657881666,4,0.0
2014-07-02,1.799168,25.745056,0.016102292840892932,True,421192.29657881666,0.0,421192.29657881666,3,0.0
2014-07-03,1.835415,25.910846,0.016272275250880694,True,421192.29657881666,0.0,421192.29657881666,4,0.0
2014-07-07,1.797044,25.830153,0.01748754959593155,True,321747.4892869111,99345.46183007554,421092.95111698663,4,0.23592288013027252
2014-07-08,1.769897,25.561669,0.018165563476097064,True,221477.1001297635,198014.92104715342,419492.0211769169,4,0.472035011516089
2014-07-09,1.800684,25.640903,0.018328749295039366,True,221477.1001297635,201459.3505107203,422936.4506404838,4,0.47633480208583484
2014-07-10,1.77475,25.530856,0.018767925398498357,True,121111.27798651028,298823.4281059897,419934.7060925,4,0.7115949783873475
2014-07-11,1.778239,25.627693,0.018446855612195716,True,121111.27798651028,299410.88827821775,420522.16626472806,4,0.7119978738284439
2014-07-14,1.802201,25.784669,0.017773679840684977,True,121111.27798651028,303445.4886356066,424556.7666221169,4,0.7147347834069332
2014-07-15,1.787945,25.664375,0.017658318567531958,True,20100.689898221288,401954.81387400854,422055.50377222983,4,0.9523742974121503
2014-07-16,1.849823,25.93285,0.01850438795038177,True,333389.70511104923,102263.22796709252,435652.93307814177,4,0.23473554337059832
2014-07-17,1.706957,25.514719,0.026256270530972365,True,239421.3500216017,188239.688967165,427661.0389887667,4,0.4401609494572393
2014-07-18,1.77384,25.539662,0.02760707032133589,True,336876.52339415834,98062.68183342266,434939.20522758097,4,0.22546296276536298
2014-07-21,1.7884,25.677578,0.02760068837714119,True,336876.52339415834,98867.59808714037,435744.1214812987,4,0.22689370484458407
2014-07-22,1.822523,25.866828,0.027661075736365708,True,336876.52339415834,100754.00999137179,437630.5333855301,4,0.23022618922846652
2014-07-23,1.696645,25.536725,0.03194114941789696,True,241855.4354869361,188721.29480103272,430576.7302879688,4,0.43829887108580234
2014-07-24,1.653724,25.183153,0.03239744260410331,True,142260.62579315994,283442.41853114514,425703.0443243051,4,0.6658219204916367
2014-07-25,1.554234,24.723939,0.0351230908998834,True,46215.19314977811,362339.66914248694,408554.86229226505,4,0.8868813042868219
2014-07-28,1.549228,24.430517,0.0350739517011129,True,46215.19314977811,361172.6168300763,407387.80997985444,4,0.8865572508120371
2014-07-29,1.542101,24.630042,0.034130018943361984,True,46215.19314977811,359511.094291013,405726.28744079114,4,0.8860926822334073
2014-07-30,1.587599,24.71514,0.03341955317378983,True,46215.19314977811,370118.07513601123,416333.26828578935,4,0.8889947148829481
2014-07-31,1.479919,24.345426,0.03618671729331809,True,4908.904670336173,386279.5842091803,391188.4888795165,4,0.9874513059308141
2014-08-01,1.502062,24.28967,0.03598390409446168,True,4908.904670336173,392059.2173060889,396968.12197642506,4,0.987634007874749
2014-08-04,1.520868,24.35129,0.03622076139450105,True,4908.904670336173,396967.8466706946,401876.75134103076,4,0.9877850493865208
2014-08-05,1.475521,24.267669,0.03652618510018053,True,4908.904670336173,385131.6446183297,390040.5492886659,4,0.9874143735073475
2014-08-06,1.488716,24.236856,0.03625618499004464,True,102432.3244806705,290954.6835537001,393387.0080343706,3,0.7396143685769081
2014-08-07,1.430325,24.145898,0.0368842205132682,True,78786.1086741351,303165.33860864677,381951.4472827819,4,0.7937274246906965
2014-08-08,1.478251,24.110685,0.03807991957095883,True,103175.81165642681,288909.4037532617,392085.21540968854,4,0.7368536032438286
2014-08-11,1.522839,24.453996,0.03875962312777876,True,103175.81165642681,297623.6833272654,400799.4949836922,4,0.7425749958576549
2014-08-12,1.517077,24.348357,0.038773438502051734,True,103175.81165642681,296497.55793690454,399673.36959333136,4,0.7418496714919774
2014-08-13,1.560755,24.562554,0.0384694564324722,True,130192.67910301453,277990.075735533,408182.75483854755,4,0.681043166180524
2014-08-14,1.569096,24.67993,0.034621998330417764,True,130192.67910301453,279475.7126367188,409668.39173973334,4,0.6821998432680466
2014-08-15,1.616414,24.866252,0.03410757429043288,True,206366.5330563537,211653.5389102543,418020.07196660805,4,0.5063238660156048
2014-08-18,1.637799,24.976288,0.03422377133447485,True,206366.5330563537,214453.69464362197,420820.2276999757,4,0.5096088080550086
2014-08-19,1.672833,25.191948,0.03430856561881654,True,206366.5330563537,219041.05288364086,425407.58593999455,4,0.5148969132735153
2014-08-20,1.713934,25.346011,0.030944454977686428,True,285082.1284406995,145628.43541707977,430710.56385777926,4,0.3381120586240516
2014-08-21,1.736683,25.480981,0.030432232675955767,True,285082.1284406995,147561.35773340182,432643.4861741013,4,0.34106917692971167
2014-08-22,1.740475,25.569002,0.02638838943996613,True,285082.1284406995,147883.5539364654,432965.6823771649,4,0.34155952759239966
2014-08-25,1.719393,25.579275,0.026622212579118672,True,183583.72914136236,247489.27449484877,431073.00363621116,4,0.574123808281227
2014-08-26,1.720911,25.514717,0.026543768142362756,True,183583.72914136236,247707.7752789529,431291.50442031526,4,0.5743395655610902
2014-08-27,1.730313,25.461907,0.025957841858115307,True,183583.72914136236,249061.09831725803,432644.8274586204,4,0.5756710412563041
2014-08-28,1.767319,25.492712,0.01934827355608146,True,259064.61299884605,178831.2983465899,437895.91134543595,4,0.40838768692114624
2014-08-29,1.786884,25.790535,0.01930482533787776,True,364336.355044726,75433.9204462238,439770.2754909498,4,0.17153028444683088
2014-09-02,1.76277,25.733326,0.019905991597860287,True,263162.1840714964,175489.03754742577,438651.2216189222,4,0.40006508337022645
2014-09-03,1.778239,25.781736,0.017825080846195156,True,263162.1840714964,177029.02286702,440191.2069385164,4,0.40216392348733687
2014-09-04,1.791889,25.888834,0.017828879512983013,True,263162.1840714964,178387.9212840128,441550.1053555092,4,0.4040038018797113
2014-09-05,1.836932,25.925515,0.013846613963551694,True,368382.23173429066,77546.71391826373,445928.9456525544,4,0.1738992605756619
2014-09-08,1.848307,26.130917,0.013036380628752927,True,368382.23173429066,78026.9134416104,446409.14517590107,4,0.17478789197041433
2014-09-09,1.799319,25.984204,0.01481719921721993,True,268697.91280849144,175543.6024244526,444241.51523294405,4,0.3951535288916074
2014-09-10,1.797499,25.802281,0.0147100838809071,True,268697.91280849144,175366.0411602118,444063.9539687033,4,0.3949116779079332
2014-09-11,1.811149,25.799346,0.013944164055359903,True,319246.13898031623,126098.9256451962,445345.06462551246,3,0.28314881125096086
2014-09-12,1.741081,25.723046,0.017454822170221422,True,218752.6561740623,221613.62075029762,440366.2769243599,4,0.5032483919933846
2014-09-15,1.677535,25.472177,0.018862984367566133,True,117850.69220072597,314326.32636428945,432177.0185650154,4,0.7273092109524171
2014-09-16,1.764589,25.501518,0.021689384465756474,True,223776.79833835064,224605.83822702497,448382.6365653756,4,0.5009244781366031
2014-09-17,1.806296,25.906443,0.02178760236195743,True,327826.11984966457,125761.04174599402,453587.1615956586,4,0.2772588212232101
2014-09-18,1.883946,26.155851,0.022997793061464746,True,458862.27590694715,0.0,458862.27590694715,4,0.0
2014-09-19,1.816608,26.188134,0.024651257906600076,True,357738.76627144666,101022.48714835213,458761.2534197988,4,0.22020710422967968
2014-09-22,1.750181,25.78468,0.026186198931990444,True,256659.65793518405,198306.57837968017,454966.23631486425,4,0.43587097800031027
2014-09-23,1.736531,25.635021,0.026095008263416056,True,152521.53102252015,300794.03985403327,453315.5708765534,4,0.6635422632238355
2014-09-24,1.798864,25.774921,0.02722975573584697,True,309870.5233000157,154084.58120328843,463955.1045033041,3,0.3321109730396146
2014-09-25,1.701497,25.613092,0.030121380326073612,True,207346.66951922097,248165.8869951854,455512.55651440634,4,0.5448058092935067
2014-09-26,1.760645,25.670464,0.03075535437466808,True,313222.5276455492,150810.87145702163,464033.39910257084,4,0.3250000360937082
2014-09-29,1.768077,25.63663,0.030662504606264403,True,363800.73798206524,100818.6321618672,464619.3701439324,3,0.2169918833358907
2014-09-30,1.723943,25.632216,0.031033753950721946,True,255378.98996396124,206615.47413554558,461994.46409950685,4,0.44722499984554714
2014-10-01,1.598215,25.184984,0.03510297354167426,True,152076.0418266866,294746.6556796378,446822.6975063244,4,0.6596501415988741
2014-10-02,1.571675,24.628877,0.03505183351142462,True,75800.00634884177,366051.9206653658,441851.9270142076,4,0.8284493023238428
2014-10-03,1.595485,24.951063,0.03465661612544756,True,75800.00634884177,371597.4031799076,447397.40952874935,4,0.8305756700096161
2014-10-06,1.556964,24.787763,0.03471802605586985,True,18614.589338148973,419753.9349954247,438368.52433357364,4,0.9575366653743044
2014-10-07,1.469454,24.465575,0.03623511713949283,True,18614.589338148973,396161.4390536755,414776.02839182445,4,0.9551213472718718
2014-10-08,1.566367,24.444987,0.039820817690551985,True,18614.589338148973,422288.9622990502,440903.5516371991,4,0.9577808133569627
2014-10-09,1.440942,24.425856,0.04314585683346098,True,18614.589338148973,388474.66903549293,407089.2583736419,4,0.9542739363536246
2014-10-10,1.142319,22.856117,0.0654862079502838,False,18614.589338148973,307966.59092312894,326581.18026127794,4,0.9430016471761888
2014-10-13,1.06846,22.358858,0.06620217217224257,False,231539.97212134913,74915.85206906819,306455.8241904173,1,0.24445889474275087
2014-10-14,1.128821,22.498617,0.06646257276151855,False,231539.97212134913,79148.10760202313,310688.07972337224,1,0.25475102769470376
2014-10-15,1.143684,22.238226,0.06612948755458911,False,231539.97212134913,80190.23768579094,311730.20980714005,1,0.2572424332418815
2014-10-16,1.193277,22.579535,0.06614806291253629,False,231539.97212134913,83667.48704623616,315207.4591675853,1,0.26543625353025974
2014-10-17,1.222396,23.178303,0.06687472325626335,False,231539.97212134913,85709.1869661201,317249.1590874692,1,0.27016363798300597
2014-10-20,1.28018,23.117987,0.06831636234463596,False,231539.97212134913,89760.75426481078,321300.7263861599,1,0.27936679532099945
2014-10-21,1.419405,23.93155,0.07331562781243944,True,231539.97212134913,99522.6166689401,331062.58879028924,1,0.30061571448649077
2014-10-22,1.360409,24.156635,0.07284365217512055,True,231539.97212134913,95386.06910640454,326926.0412277537,1,0.29176650703072515
2014-10-23,1.419255,24.237542,0.07318754928405034,True,231539.97212134913,99512.09930955335,331052.07143090246,1,0.3005934953961574
2014-10-24,1.465056,24.36995,0.07311454476089833,True,231539.97212134913,102723.4698247017,334263.44194605085,1,0.3073129063311715
2014-10-27,1.480071,24.440573,0.0731844879917782,True,231539.97212134913,103776.25749931474,335316.22962066386,1,0.3094877263075355
2014-10-28,1.544527,24.783353,0.07395530666912388,True,231539.97212134913,108295.63694352777,339835.6090648769,1,0.31867065738497524
2014-10-29,1.553779,24.870143,0.07210503957308682,True,231539.97212134913,108944.34767050213,340484.3197918513,1,0.3199687660715278
2014-10-30,1.501303,24.628878,0.07240907156844392,True,231539.97212134913,105264.95466264371,336804.92678399285,1,0.31253983030406957
2014-10-31,1.675867,25.564544,0.07659731950728971,True,321257.2011270672,27697.600780800756,348954.80190786795,1,0.07937303235080156
2014-11-03,1.706957,25.799929,0.07640413430285707,True,321257.2011270672,28211.435356143007,349468.6364832102,1,0.08072665873550684
2014-11-04,1.692702,25.70577,0.07506526316613342,True,321257.2011270672,27975.838319426897,349233.0394464941,1,0.0801065052830234
2014-11-05,1.742598,25.855836,0.07407597196540382,True,321257.2011270672,28800.485793575408,350057.6869206426,1,0.08227354196082665
2014-11-06,1.698161,25.760211,0.07151687315930241,True,303749.3931729382,45556.3786303097,349305.7718032479,1,0.13041977060708307
2014-11-07,1.648264,25.567485,0.04516693452590814,True,285699.40791699965,62249.75059435842,347949.1585113581,1,0.17890473096898266
2014-11-10,1.685573,25.623398,0.0404738552599666,True,285699.40791699965,63658.79425782793,349358.2021748276,2,0.18221640099341788
2014-11-11,1.670862,25.657228,0.04031665860025416,True,264121.17160962045,84659.885653965,348781.05726358545,2,0.24273074437636305
2014-11-12,1.667829,25.56896,0.04058036887906955,True,264121.17160962045,84506.20843035917,348627.3800399796,2,0.24239693514797445
2014-11-13,1.67071,25.713138,0.04035570296983623,True,264121.17160962045,84652.18405884858,348773.35566846904,3,0.24271402239601064
2014-11-14,1.711811,25.660167,0.040357565111039426,True,282829.59982192353,68007.55014433412,350837.1499662576,3,0.19384363985078223
2014-11-17,1.689667,25.668995,0.04026271312115734,True,210650.72305568456,139234.57395925414,349885.29701493867,3,0.397943483613458
2014-11-18,1.787338,26.04561,0.03590602774364162,True,357786.45199294505,0.0,357786.45199294505,4,0.0
2014-11-19,1.752911,26.111823,0.034423863308368614,True,272799.2055919029,84902.34405698521,357701.5496488881,4,0.23735525926662454
2014-11-20,1.801746,26.079452,0.03390599252207662,True,272799.2055919029,87267.67006157007,360066.87565347296,4,0.2423651714787454
2014-11-21,1.85589,26.522271,0.03384307257931483,True,362599.45323745155,0.0,362599.45323745155,4,0.0
2014-11-24,1.913218,26.728239,0.03409316150892131,True,362599.45323745155,0.0,362599.45323745155,4,0.0
2014-11-25,1.91246,26.860649,0.03346594983043086,True,362599.45323745155,0.0,362599.45323745155,4,0.0
2014-11-26,2.035761,27.141644,0.03537793845375597,True,362599.45323745155,0.0,362599.45323745155,4,0.0
2014-11-28,2.047439,27.447643,0.03361517178551415,True,362599.45323745155,0.0,362599.45323745155,4,0.0
2014-12-01,1.976006,27.281401,0.027229244082699097,True,278896.3922700041,83619.44152592157,362515.83379592566,4,0.2306642461664012
2014-12-02,2.013618,27.148998,0.02723873995715901,True,278896.3922700041,85211.08367410988,364107.475944114,4,0.2340272839857557
2014-12-03,2.138739,27.677139,0.029281249831002405,True,369311.7658007313,0.0,369311.7658007313,4,0.0
2014-12-04,2.147991,27.925774,0.02903086903414826,True,369311.7658007313,0.0,369311.7658007313,4,0.0
2014-12-05,2.213964,28.074366,0.028032570153221362,True,369311.7658007313,0.0,369311.7658007313,4,0.0
2014-12-08,2.118568,27.940481,0.029333130219386733,True,286435.9917997278,82792.9810199836,369228.9728197114,4,0.2242320812143041
2014-12-09,2.112805,27.588872,0.029427297712438173,True,286435.9917997278,82567.76476559942,369003.7565653272,4,0.22375860217288032
2014-12-10,1.994509,27.505022,0.03299179478458383,True,204652.1800467688,159646.90338191006,364299.08342867886,4,0.43823031855957206
2014-12-11,2.022869,27.527085,0.032912883900356765,True,204652.1800467688,161916.9288267243,366569.1088734931,4,0.4417091481721215
2014-12-12,1.922772,27.122513,0.03556271369044689,True,122229.73991778072,236244.94363179166,358474.68354957236,4,0.659028250733143
2014-12-15,1.868174,26.969511,0.036182178142302734,True,37924.4756234632,313757.70247242955,351682.17809589277,4,0.8921626457479389
2014-12-16,1.836325,26.77091,0.03629964049889932,True,269.1499809658212,346026.40701328043,346295.55699424626,4,0.9992227737967475
2014-12-17,1.954774,26.759129,0.0367998776787917,True,128310.29995459961,240176.92864410958,368487.2285987092,4,0.6517917311746714
2014-12-18,2.062606,27.465298,0.03791460050054871,True,300957.3837298101,80606.0033993265,381563.3871291366,4,0.2112519338026689
2014-12-19,2.046529,27.571222,0.037788215767423784,True,327924.38468755153,52983.724267952144,380908.1089555037,3,0.1390984413885017
2014-12-22,2.137375,27.79631,0.038357848647038895,True,327924.38468755153,55335.68674434333,383260.07143189484,4,0.14438155933542496
2014-12-23,2.125317,28.014045,0.03804849264766113,True,304228.5383941464,78695.6846143686,382924.223008515,4,0.20551242226485802
2014-12-24,2.132748,27.96951,0.03802802061357625,True,304228.5383941464,78970.83774793378,383199.3761420802,4,0.20608289748011877
2014-12-26,2.141089,27.993239,0.03558169918527918,True,304228.5383941464,79279.68612460815,383508.2245187546,4,0.2067222579752815
2014-12-29,2.12198,27.858275,0.03566366024466535,True,223426.2239922367,159293.71585615567,382719.9398483924,4,0.41621483301668843
2014-12-30,2.085428,27.752976,0.034887436931254415,True,143302.1228426217,236593.87154434153,379895.9943869632,4,0.622785907301108
2014-12-31,2.044781,27.735181,0.035011944416631496,True,63375.3646680213,311829.3404099248,375204.70507794607,4,0.8310912315055977
2015-01-02,2.044933,27.551279,0.03209199658212379,True,63375.3646680213,311852.52042760997,375227.88509563124,4,0.8311016659866062
2015-01-05,1.92921,27.232415,0.03438679254647255,True,40796.8777833328,316760.6804169932,357557.558200326,4,0.88590122947289
2015-01-06,1.797867,26.692573,0.03622516260621876,True,40796.8777833328,295195.2219920373,335992.0997753701,4,0.8785778659361103
2015-01-07,1.852315,26.594692,0.03638129762497251,True,40796.8777833328,304135.1432693189,344932.0210526517,4,0.8817248753570913
2015-01-08,2.018998,27.222028,0.0419047436107209,True,64378.9860578311,307897.42991007713,372276.4159679082,4,0.827066708240307
2015-01-09,2.024003,27.36589,0.03983038317582489,True,64378.9860578311,308660.69299240806,373039.67905023915,4,0.8274205408343147
2015-01-12,1.902365,27.087077,0.04205697245305954,True,40886.46700510307,313579.93384257256,354466.4008476756,4,0.8846534765852937
2015-01-13,1.845642,27.011434,0.04107288686740464,True,40886.46700510307,304229.8908238289,345116.35782893194,4,0.8815284582211262
2015-01-14,1.816067,26.527952,0.040735085777927525,True,40886.46700510307,299354.83974614716,340241.30675125023,4,0.8798309723310724
2015-01-15,1.77178,26.593209,0.04092190180685721,True,40886.46700510307,292054.7083149622,332941.1753200653,4,0.8771961234118976
2015-01-16,1.832295,26.381121,0.03899578519099034,True,40886.46700510307,302029.8128277572,342916.2798328603,4,0.8807683699793097
2015-01-20,1.890232,26.762275,0.03756198889221914,True,40886.46700510307,311579.9678332568,352466.4348383599,4,0.8839989770264125
2015-01-21,1.952264,27.014398,0.0384284751073527,True,40886.46700510307,321805.1299110507,362691.5969161538,4,0.8872693292242028
2015-01-22,1.988968,27.020338,0.037255126969000754,True,65399.381328261195,303317.8514160917,368717.2327443529,4,0.8226299843880492
2015-01-23,1.971525,27.278382,0.03727095414110288,True,65399.381328261195,300657.7918866016,366057.1732148628,4,0.8213410742537913
2015-01-26,1.992153,27.208684,0.037373707220189276,True,65399.381328261195,303803.56428666593,369202.9456149271,4,0.8228633273243933
2015-01-27,1.877643,26.889823,0.03933587941092315,True,40884.35015360449,310831.3165974694,351715.6667510739,4,0.8837573812640529
2015-01-28,1.849585,27.067792,0.03937899537558449,True,40884.35015360449,306186.5012193108,347070.8513729153,4,0.8822017176265957
2015-01-29,1.854893,26.529438,0.03935486990842561,True,40884.35015360449,307065.20533319155,347949.5554867961,4,0.8824992028042525
2015-01-30,1.740839,26.480491,0.04133201672988515,True,40884.35015360449,288184.32383271045,329068.6739863149,4,0.8757573923450862
2015-02-02,1.756765,26.047434,0.04147452069236651,True,40884.35015360449,290820.7672610572,331705.1174146617,4,0.876744891751262
2015-02-03,1.851557,26.556127,0.041751114216535275,True,40884.35015360449,306512.95270999894,347397.30286360346,4,0.8823124134338581
2015-02-04,1.8737,26.851263,0.038586012369087874,True,40884.35015360449,310178.5791594453,351062.92931304977,4,0.8835412493321187
2015-02-05,1.924964,26.965462,0.03848342384181141,True,40884.35015360449,318664.99357051955,359549.343724124,4,0.886290015912324
2015-02-06,1.895844,27.131561,0.033104597142110476,True,129295.26391549663,225344.9579771767,354640.22189267335,3,0.6354185004017228
2015-02-09,1.833812,26.763758,0.03374370685619435,True,107833.55124525068,239411.94521377725,347245.4964590279,4,0.6894601878358007
2015-02-10,2.019604,27.257629,0.0379846760920396,True,146278.25448100746,225184.69349218818,371462.94797319564,4,0.6062103763534372
2015-02-11,2.039929,27.625432,0.03718784449244626,True,229995.97132666953,143649.40102949156,373645.3723561611,3,0.38445384757117784
2015-02-12,2.13836,27.932437,0.03797642740475027,True,268423.9035141981,112114.39769915979,380538.3012133579,4,0.29462053449463466
2015-02-13,2.18386,28.226086,0.037264236024298535,True,320277.36182249617,62594.602918916,382871.9647414122,4,0.16348703661599187
2015-02-17,2.2057,28.318035,0.036864769312212706,True,383434.73030884366,0.0,383434.73030884366,3,0.0
2015-02-18,2.184012,28.306162,0.03672538769164609,True,290547.11530649546,92794.820182166,383341.93548866146,4,0.24206801184920376
2015-02-19,2.204032,28.359561,0.03625549726512238,True,290547.11530649546,93645.43469346309,384192.54999995854,4,0.24374609735007405
2015-02-20,2.243314,28.420364,0.03623861715075542,True,290547.11530649546,95314.45763216299,385861.5729386584,4,0.2470172318696151
2015-02-23,2.198724,28.411469,0.03656735768201062,True,198184.32184586555,185690.4300674208,383874.75191328634,4,0.48372660390378186
2015-02-24,2.287752,28.488588,0.037354024259126255,True,391200.28888621915,0.0,391200.28888621915,4,0.0
2015-02-25,2.24938,28.654694,0.03450275928399908,True,298518.9982291844,92588.70195507967,391107.7001842641,4,0.23673454117998186
2015-02-26,2.295033,28.771855,0.034104106833736304,True,298518.9982291844,94467.8651068616,392986.863336046,4,0.24038428232671336
2015-02-27,2.278501,28.757018,0.0343016867814403,True,298518.9982291844,93787.37696314137,392306.3751923258,4,0.23906666547838457
2015-03-02,2.467782,29.252382,0.033026111368445514,True,399995.9578162806,0.0,399995.9578162806,4,0.0
2015-03-03,2.325215,29.175257,0.03723386188135745,True,311275.4609355504,88631.86501571446,399907.3259512648,4,0.22163101114710684
2015-03-04,2.321423,28.776311,0.03624036960700797,True,311275.4609355504,88487.32266924775,399762.78360479814,4,0.22134957604439115
2015-03-05,2.323546,28.975041,0.036314120130122585,True,311275.4609355504,88568.24656206125,399843.70749761164,4,0.22150716617840055
2015-03-06,2.253475,28.739236,0.03723213925890573,True,219881.20306176294,177200.2556055952,397081.45866735815,4,0.44625668546775143
2015-03-09,2.273192,28.705117,0.036832346304714894,True,219881.20306176294,178750.68657987958,398631.8896416425,4,0.4484104037450963
2015-03-10,2.144882,28.414438,0.038705845694390985,True,130952.292293039,257501.20012872308,388453.4924217621,4,0.662888106690368
2015-03-11,2.162929,28.414429,0.03261763322676737,True,130952.292293039,259667.81076684818,390620.1030598872,4,0.664757929079338
2015-03-12,2.1602,28.114848,0.03259525796834032,True,130952.292293039,259340.18399057275,390292.47628361173,4,0.6644765137673815
2015-03-13,2.20479,28.326933,0.03120442673055787,True,130952.292293039,264693.3822148759,395645.6745079149,4,0.669016241727118
2015-03-16,2.301858,28.731818,0.032299508384555066,True,226198.898040749,181004.8152155157,407203.7132562647,4,0.4445067894103517
2015-03-17,2.252869,28.622065,0.03268810060829828,True,134060.90087910823,269198.5544769062,403259.4553560144,4,0.6675567079741414
2015-03-18,2.302313,28.666557,0.03289429087331748,True,134060.90087910823,275106.68909438996,409167.5899734982,4,0.6723569897415596
2015-03-19,2.319148,28.923133,0.032877766560478666,True,134060.90087910823,277118.32743848313,411179.22831759136,4,0.6739599385220872
2015-03-20,2.420916,29.292414,0.03395789137994249,True,423050.3541594827,0.0,423050.3541594827,3,0.0
2015-03-23,2.353122,29.258312,0.034315290731414885,True,329142.1514949212,93814.38827628516,422956.5397712063,4,0.22180621282515933
2015-03-24,2.292909,28.998762,0.03379482764108572,True,234769.03778267323,185692.6481892978,420461.685971971,4,0.4416398791724307
2015-03-25,1.978806,28.191338,0.047182755697314435,True,151196.06546308723,243744.30602985097,394940.3714929382,4,0.6171673589824668
2015-03-26,1.897208,26.940739,0.047393616357086006,True,62348.828366377245,322451.7498909107,384800.57825728797,4,0.8379710637422972
2015-03-27,2.052971,27.565297,0.05136010873075978,True,244830.45906964256,166261.12141643252,411091.5804860751,4,0.40443815759944585
2015-03-30,2.138512,28.148215,0.04863137123414818,True,244830.45906964256,173188.71200932597,418019.17107896856,4,0.41430806047076885
2015-03-31,2.063284,28.066432,0.04756591435972511,True,158051.21161935708,253788.88097139535,411840.0925907524,4,0.6162316042979008
2015-04-01,2.024457,27.733334,0.047640887222963814,True,67846.44519300187,339127.7186159404,406974.1638089423,4,0.8332905348142615
2015-04-02,2.004134,27.83297,0.04761010549026992,True,67846.44519300187,335723.30319717294,403569.7483901748,4,0.831884214652761
2015-04-06,2.032799,27.605446,0.04751407291814113,True,67846.44519300187,340525.1320599869,408371.57725298876,4,0.8338610006862192
2015-04-07,2.037956,27.944488,0.047439216946274045,True,67846.44519300187,341389.0089637208,409235.4541567227,4,0.8342117123434298
2015-04-08,2.07466,27.944487,0.046022479419596835,True,67846.44519300187,347537.49410520797,415383.93929820985,4,0.8366656994306803
2015-04-09,2.155195,28.148221,0.04683579671460132,True,254148.50822205513,174539.7950439087,428688.3032659638,4,0.4071484892733869
2015-04-10,2.17931,28.429271,0.04690260162993474,True,254148.50822205513,176492.76317787517,430641.2713999303,4,0.4098370845974233
2015-04-13,2.136995,28.464959,0.046858887372692566,True,162743.22421544846,264379.82686616457,427123.05108161306,4,0.6189781286602766
2015-04-14,2.07466,28.142267,0.04602531176187153,True,72163.46756151633,347157.27625233936,419320.7438138557,4,0.8279038930791579
2015-04-15,2.179462,28.403986,0.047405959108035814,True,167128.76392677068,269633.66138965444,436762.42531642516,4,0.617346286586605
2015-04-16,2.15201,28.32964,0.0471367052215905,True,76050.15117033862,357225.0431946349,433275.1943649735,4,0.8244761016568213
2015-04-17,2.059796,28.001006,0.0479062360612141,True,9812.702496974953,408089.1658222,417901.868319175,4,0.9765191226915491
2015-04-20,2.110149,28.224058,0.04707414259037434,True,9812.702496974953,418065.1604190655,427877.86291604047,4,0.9770665805655376
2015-04-21,2.156257,28.461987,0.04719841047711202,True,79013.53491140489,357930.02818933636,436943.56310074124,4,0.8191676418100989
2015-04-22,2.24559,28.591358,0.04793746597101569,True,269721.09512850596,181860.48981769674,451581.5849462027,4,0.40271901220100004
2015-04-23,2.140179,28.305844,0.03552803623953333,True,242922.25012657617,200015.67582400603,442937.9259505822,3,0.4515659285547868
2015-04-24,2.035529,28.027782,0.036115590251684454,True,145716.2366218477,287344.2580889548,433060.49471080245,4,0.6635199044901178
2015-04-27,2.056763,28.082791,0.03154910280385504,True,145716.2366218477,290341.74325190805,436057.9798737557,4,0.6658328861129101
2015-04-28,2.059342,27.832969,0.03006633236648724,True,145716.2366218477,290705.8062751375,436422.0428969852,4,0.6661116481317533
2015-04-29,2.024761,27.740772,0.029229968666910574,True,59380.24441813408,372073.9421422445,431454.1865603786,4,0.8623718432505596
2015-04-30,1.978503,27.663439,0.02937780834765252,True,32103.180695425384,390823.2977670218,422926.4784624472,4,0.9240927623823962
2015-05-01,2.132748,28.142273,0.03384547410914651,True,253852.07737971845,199321.1934993742,453173.2708790926,4,0.4398343995724175
2015-05-04,2.118794,28.366819,0.033805800249054205,True,253852.07737971845,198017.08821638237,451869.16559610085,4,0.43821774817310316
2015-05-05,1.984872,27.926649,0.03700748540177212,True,157916.8659809556,281340.45137764385,439257.31735859945,4,0.6404912115509827
2015-05-06,1.977441,27.696159,0.03673277150574509,True,157916.8659809556,280287.1638637955,438204.0298447511,4,0.639627079566331
2015-05-07,2.044023,27.890965,0.036460407742473416,True,157916.8659809556,289724.6540060446,447641.5199870002,4,0.6472247123422742
2015-05-08,2.102566,28.268667,0.036997478286925685,True,259337.56035302675,196500.46068790372,455838.0210409305,4,0.43107518815386314
2015-05-11,2.103173,28.259749,0.036759969437139446,True,321570.05943165335,134262.39548867222,455832.45492032554,3,0.2945432999327347
2015-05-12,2.052819,28.030746,0.03655754363621879,True,217090.44297143677,235423.1371574965,452513.5801289333,4,0.5202565127225974
2015-05-13,2.086339,28.244883,0.034895807000301315,True,217090.44297143677,239267.3063499676,456357.7493214044,4,0.524297673712682
2015-05-14,2.163384,28.448602,0.03582479111586437,True,392668.62216810527,72349.11353741081,465017.73570551607,3,0.1555835573188281
2015-05-15,2.174001,28.558642,0.03429487096642401,True,392668.62216810527,72704.17326717985,465372.79543528514,4,0.15622781129519228
2015-05-18,2.232242,28.692479,0.03437383976233447,True,417615.58621392003,49679.96580770402,467295.55202162405,4,0.10631379989126258
2015-05-19,2.211919,28.848609,0.03417585936382407,True,306503.7453811323,160228.50450650396,466732.2498876363,4,0.3432985497468372
2015-05-20,2.223444,28.842668,0.03292612429675539,True,306503.7453811323,161063.36035540147,467567.10573653376,4,0.34447111094713745
2015-05-21,2.256812,28.824817,0.031096539158990782,True,306503.7453811323,163480.49440885143,469984.2397899837,4,0.347842503148412
2015-05-22,2.273192,29.012187,0.02850933800759702,True,306503.7453811323,164667.0400752237,471170.785456356,4,0.34948482622014476
2015-05-26,2.224053,28.823335,0.029124726438280787,True,196710.12205286225,270791.4149036734,467501.53695653565,4,0.5792310687715435
2015-05-27,2.483706,29.437489,0.03759782922308365,True,498813.39732678706,0.0,498813.39732678706,4,0.0
2015-05-28,2.49038,29.917796,0.037128458978548357,True,498813.39732678706,0.0,498813.39732678706,4,0.0
2015-05-29,2.512221,30.050148,0.036291399667808005,True,498813.39732678706,0.0,498813.39732678706,4,0.0
2015-06-01,2.523747,30.096252,0.033122325985796015,True,498813.39732678706,0.0,498813.39732678706,4,0.0
2015-06-02,2.434566,29.840476,0.03444883855279715,True,386071.64495194494,112629.12325159053,498700.76820353547,4,0.22584509676476586
2015-06-03,2.386033,29.717047,0.030745817123033637,True,271238.3444642209,225102.44697226625,496340.79143648717,4,0.4535239715454071
2015-06-04,2.323546,29.348262,0.031659764579099636,True,157244.52660490677,333087.25410378474,490331.7807086915,4,0.6793099432028729
2015-06-05,2.327186,29.184688,0.03112736738642153,True,157244.52660490677,333609.05896796123,490853.585572868,4,0.6796508547016337
2015-06-08,2.199179,28.973523,0.03368073501921091,True,46614.11273906524,425778.7674319635,472392.8801710288,4,0.9013234223128241
2015-06-09,2.187652,28.597308,0.03372048475635788,True,46614.11273906524,423547.0473890801,470161.16012814536,4,0.9008550329287934
2015-06-10,2.269552,28.994343,0.03398280299646965,True,160556.5502383507,325347.05304984405,485903.60328819475,4,0.6695711882936525
2015-06-11,2.26834,29.11331,0.0338989706327406,True,160556.5502383507,325173.3092324314,485729.8594707821,4,0.669452995100441
2015-06-12,2.206459,28.842669,0.033728043177605346,True,46598.81885999878,430146.37067930785,476745.1895393066,4,0.902256341789146
2015-06-15,2.190079,28.557161,0.03376568870185553,True,46598.81885999878,426953.11054996616,473551.92940996494,4,0.901597235770827
2015-06-16,2.213132,28.747497,0.033302480563210786,True,46598.81885999878,431447.2635268717,478046.08238687046,4,0.9025223287526336
2015-06-17,2.217986,28.83969,0.03324274404728187,True,46598.81885999878,432393.5446421235,478992.3635021223,4,0.9027149023435479
2015-06-18,2.312019,29.147511,0.034502197982830114,True,165769.86245601406,331434.8242495644,497204.68670557847,4,0.6665963397199928
2015-06-19,2.291392,29.201054,0.03444354220350119,True,49645.717311182,444486.0192427271,494131.7365539091,4,0.8995293893539142
2015-06-22,2.334466,29.309594,0.034649770346722356,True,49645.717311182,452841.5475822086,502487.2648933906,4,0.9012000486784177
2015-06-23,2.294425,29.272423,0.0345040892379675,True,10344.05453111549,484336.76334376895,494680.81787488447,4,0.9790894367492298
2015-06-24,2.226479,29.056432,0.023821619698104077,True,10344.05453111549,469993.8470478971,480337.9015790126,4,0.9784650461745543
2015-06-25,2.221625,28.931194,0.023758765270925304,True,10344.05453111549,468969.20224614034,479313.25677725585,4,0.9784190101465886
2015-06-26,2.059644,28.324386,0.028153228530169057,True,10344.05453111549,434776.16771104466,445120.2222421602,4,0.976761211883364
2015-06-29,1.88371,27.659445,0.033012068235955434,True,10344.05453111549,397637.7543298609,407981.8088609764,4,0.9746457947230673
2015-06-30,1.906157,27.504381,0.033115930717383314,True,10344.05453111549,402376.15603258705,412720.21056370257,4,0.9749368839558707
2015-07-01,1.92011,27.680318,0.03333867655316813,True,10344.05453111549,405321.5348786751,415665.58940979064,4,0.9751144795367758
2015-07-02,1.94377,27.638569,0.033506479798375094,True,10344.05453111549,410315.9922354044,420660.0467665199,4,0.9754099429916699
2015-07-06,1.866117,27.392566,0.03414024121639703,True,10344.05453111549,393923.99742889137,404268.0519600069,4,0.9744128815498415
2015-07-07,1.841243,26.803654,0.03243178988207995,False,10344.05453111549,388673.2733252868,399017.3278564023,4,0.9740761771257259
2015-07-08,1.706562,26.620284,0.03570414379531922,False,278342.2649974938,91976.5972584801,370318.8622559739,1,0.2483713540762164
2015-07-09,1.625269,26.529326,0.03461163786762033,False,278342.2649974938,87595.24251078644,365937.5075082803,1,0.23937213516929354
2015-07-10,1.717482,26.523372,0.038052493647461404,False,278342.2649974938,92565.1398617155,370907.4048592093,1,0.24956401152695185
2015-07-13,1.758737,26.7321,0.03880311137973072,False,278342.2649974938,94788.61285589832,373130.87785339216,1,0.25403583161279397
2015-07-14,1.819403,27.022818,0.04010186795261813,False,278342.2649974938,98058.258054422,376400.5230519158,1,0.2605157327076751
2015-07-15,1.782397,26.969156,0.039897464207212026,False,278342.2649974938,96063.78849624167,374406.0534937355,1,0.25657648320541643
2015-07-16,1.793923,26.921442,0.039981762153252096,False,278342.2649974938,96684.99198020606,375027.2569776999,1,0.2578079064422648
2015-07-17,1.778757,26.829003,0.03806783720144005,False,278342.2649974938,95867.60762849654,374209.87262599036,1,0.2561867407606128
2015-07-20,1.742357,26.885662,0.038090758343206486,False,278342.2649974938,93905.79895104522,372248.063948539,1,0.2522667222361353
2015-07-21,1.74721,26.83348,0.037544083501206874,False,278342.2649974938,94167.35547609114,372509.620473585,1,0.2527917409391273
2015-07-22,1.617989,25.961289,0.040055062508547915,False,278342.2649974938,87202.88077529616,365545.14577278995,1,0.23855570723266672
2015-07-23,1.688969,26.493552,0.04211934233402055,False,278342.2649974938,91028.40769632623,369370.6726938201,1,0.24644189272650185
2015-07-24,1.587049,26.244564,0.04336881085987407,False,278342.2649974938,85535.34339946255,363877.60839695635,1,0.23506624597288084
2015-07-27,1.549436,25.689949,0.04115828694712337,False,278342.2649974938,83508.15906471045,361850.42406220426,1,0.23078087936786526
2015-07-28,1.645896,26.047766,0.04039358631502551,False,278342.2649974938,88706.95205995644,367049.21705745027,1,0.24167590594825353
2015-07-29,1.654389,26.187907,0.040258836523191795,False,278342.2649974938,89164.6894527475,367506.9544502413,1,0.24262041404394696
2015-07-30,1.673196,26.296744,0.040344109354418935,False,278342.2649974938,90178.30856804493,368520.57356553874,1,0.24470359333142458
2015-07-31,1.614349,26.252028,0.04057505982538167,False,278342.2649974938,87006.69990755104,365348.9649050449,1,0.23814683567028663
2015-08-03,1.598575,26.001549,0.03989557195013246,False,278342.2649974938,86156.54688342694,364498.8118809208,1,0.236369897720198
2015-08-04,1.545188,25.776421,0.04031199405415645,False,278342.2649974938,83279.20952455075,361621.4745220446,1,0.23029387188529374
2015-08-05,1.602822,26.052238,0.03824227082200645,False,278342.2649974938,86385.44252774386,364727.7075252377,1,0.23684913634307952
2015-08-06,1.519101,25.748095,0.0385604611214125,False,278342.2649974938,81873.22867376305,360215.4936712569,1,0.22728958113190695
2015-08-07,1.543976,25.612421,0.03636849643736674,False,278342.2649974938,83213.88776309276,361556.1527605866,1,0.2301548103323107
2015-08-10,1.659849,26.174491,0.03987064881752565,False,278342.2649974938,89458.96075436518,367801.225751859,1,0.24322638015002052
2015-08-11,1.547009,25.895694,0.041588528109050324,False,278342.2649974938,83377.35385426611,361719.61885175994,1,0.2305027140052247
2015-08-12,1.573096,25.660121,0.04183608207625898,False,278342.2649974938,84783.33470505381,363125.59970254765,1,0.23348211961509632
2015-08-13,1.525168,25.847976,0.04207374467011071,False,278342.2649974938,82200.21475195253,360542.4797494464,1,0.22799037386406268
2015-08-14,1.498475,25.490166,0.04212793831466385,False,278342.2649974938,80761.57302043581,359103.83801792964,1,0.22489754903817955
2015-08-17,1.543369,25.52445,0.04285786186564596,False,278342.2649974938,83181.17298652096,361523.4379840148,1,0.23008514593236115
2015-08-18,1.448121,25.446929,0.0446754128303226,False,278342.2649974938,78047.70175273297,356389.9667502268,1,0.21899522723498024
2015-08-19,1.407474,25.075687,0.042065008233564426,False,278342.2649974938,75856.99743096474,354199.26242845855,1,0.21416475266174897
2015-08-20,1.250954,24.410744,0.04709433705511317,False,278342.2649974938,67421.22011792407,345763.48511541786,1,0.1949923083850756
2015-08-21,1.162379,23.774124,0.0477473125583806,False,278342.2649974938,62647.39584305455,340989.6608405484,1,0.1837222738326643
2015-08-24,1.073199,22.816955,0.04985148242605171,False,278342.2649974938,57840.964583298824,336183.22958079266,1,0.17205190352720523
2015-08-25,1.038012,23.253792,0.04634007086914642,False,278342.2649974938,55944.53156314828,334286.7965606421,1,0.16735489447606566
2015-08-26,1.192106,23.374553,0.058574263286325624,False,278342.2649974938,64249.5575615874,342591.82255908125,1,0.18753967062511342
2015-08-27,1.32618,24.44802,0.06451770553285435,False,278342.2649974938,71475.58878742826,349817.8537849221,1,0.2043223009177041
2015-08-28,1.35166,24.732779,0.06460104657110949,False,278342.2649974938,72848.8548616442,351191.11985913804,1,0.20743364721426813
2015-08-31,1.33528,24.758125,0.0646050422751423,False,278342.2649974938,71966.0409567911,350308.3059542849,1,0.2054362963525696
2015-09-01,1.197566,24.131936,0.068198201191514,False,278342.2649974938,64543.82886320508,342886.0938606989,1,0.18823693937680275
2015-09-02,1.281894,24.234811,0.06974007148331555,False,278342.2649974938,69088.7574937577,347431.0224912515,1,0.1988560405411045
2015-09-03,1.31162,24.764085,0.0693864242098222,False,278342.2649974938,70690.86531644774,349033.13031394157,1,0.2025333963365142
2015-09-04,1.241854,24.315319,0.06992708306521409,False,278342.2649974938,66930.76794856125,345273.03294605506,1,0.19384881401675644
2015-09-08,1.404441,25.022017,0.0739066471044879,False,278342.2649974938,75693.53133979139,354035.7963372852,1,0.21380191529468723
2015-09-09,1.330427,25.230744,0.07327476729499881,False,278342.2649974938,71704.48443174518,350046.749429239,1,0.20484259473530703
2015-09-10,1.349234,24.869941,0.07323041686433714,False,278342.2649974938,72718.10354704263,351060.36854453647,1,0.2071384584039637
2015-09-11,1.348627,24.784963,0.07303770339834198,False,278342.2649974938,72685.38877047085,351027.6537679647,1,0.207064565968689
2015-09-14,1.361975,25.035434,0.07306860372439794,False,278342.2649974938,73404.79047999337,351747.0554774872,1,0.20868629697652574
2015-09-15,1.408688,25.251615,0.07317839666640363,False,278342.2649974938,75922.4269841083,354264.6919816021,1,0.21430988947679594
2015-09-16,1.420215,25.262056,0.07187453576326902,False,278342.2649974938,76543.68436391548,354885.9493614093,1,0.21568530538233513
2015-09-17,1.381994,25.353001,0.07185107563255214,False,278342.2649974938,74483.73135674882,352825.99635424267,1,0.21110613199251343
2015-09-18,1.312834,24.849066,0.06756156076388764,False,278342.2649974938,70756.29486959131,349098.55986708513,1,0.2026828609563181
2015-09-21,1.299487,24.759612,0.06526584694983201,False,278342.2649974938,70036.94705591157,348379.2120534054,1,0.20103652753303528
2015-09-22,1.214553,24.166234,0.06447602227191351,False,278342.2649974938,65459.357544629966,343801.6225421238,1,0.19039862889713285
2015-09-23,1.186647,24.084233,0.06418927751286069,False,278342.2649974938,63955.340155812475,342297.6051533063,1,0.18684133103171588
2015-09-24,1.181793,23.651867,0.056211537467449446,False,278342.2649974938,63693.729734923785,342035.99473241763,1,0.1862193766616663
2015-09-25,1.199993,24.086206,0.05047820633777881,False,278342.2649974938,64674.63407364944,343016.89907114324,1,0.1885464950816771
2015-09-28,1.099893,23.679894,0.053317939296208004,False,278342.2649974938,59279.660210658316,337621.92520815216,1,0.1755800076494172
2015-09-29,1.124159,23.499983,0.05379496695137198,False,278342.2649974938,60587.49673173066,338929.76172922447,1,0.1787612171401307
2015-09-30,1.24974,24.171663,0.054163862207947014,False,278342.2649974938,67355.7905647805,345698.0555622743,1,0.19483994625086049
2015-10-01,1.208487,24.065214,0.0523922703776865,False,278342.2649974938,65132.42536228328,343474.6903597771,1,0.18962801973577575
2015-10-02,1.28614,24.228636,0.05412533811926329,False,278342.2649974938,69317.59924223182,347659.86423972563,1,0.19938338120742782
2015-10-05,1.357727,25.020261,0.05391484565751468,False,278342.2649974938,73175.84093983367,351518.1059373275,1,0.2081709013102166
2015-10-06,1.371681,25.008272,0.04620699415009815,False,278342.2649974938,73927.9035300852,352270.16852757905,1,0.20986137951757167
2015-10-07,1.433561,25.399588,0.04549822229252283,False,278342.2649974938,77262.97828175245,355605.24327924626,1,0.21727176340051918
2015-10-08,1.460255,25.521028,0.045561470376473893,False,278342.2649974938,78701.67390911194,357043.93890660576,1,0.22042573849628752
2015-10-09,1.421428,25.585504,0.04607864178979947,False,278342.2649974938,76609.06002121627,354951.3250187101,1,0.21582976205872192
2015-10-12,1.427495,25.501544,0.046049487127293204,False,278342.2649974938,76936.04609940575,355278.31109689956,1,0.2165514856841965
2015-10-13,1.36986,25.35311,0.046409569313976044,False,278342.2649974938,73829.75920036985,352172.02419786365,1,0.20964118137586502
2015-10-14,1.524562,25.828382,0.05236166284754587,False,360427.6513148461,0.0,360427.6513148461,0,0.0
2015-10-15,1.570061,26.378633,0.05213902666242949,False,360427.6513148461,0.0,360427.6513148461,1,0.0
2015-10-16,1.576129,26.359139,0.05035331839208119,False,360427.6513148461,0.0,360427.6513148461,1,0.0
2015-10-19,1.575521,26.4326,0.050202141480167314,False,350355.3885948661,10062.200519460555,360417.58911432663,1,0.027918172762286485
2015-10-20,1.568242,26.386123,0.046975039679670066,False,350355.3885948661,10015.712559235872,360371.10115410195,1,0.02779277396872329
2015-10-21,1.576735,26.702477,0.04624998138576906,False,350355.3885948661,10069.95383498642,360425.3424298525,1,0.027939083770021737
2015-10-22,1.736896,27.128277,0.04952935767628338,True,361437.13161042443,0.0,361437.13161042443,1,0.0
2015-10-23,1.804843,27.560078,0.049700769713306295,True,361437.13161042443,0.0,361437.13161042443,2,0.0
2015-10-26,1.696856,27.327677,0.047062927640538925,True,322751.3047247967,38647.17970592184,361398.4844307185,2,0.10693785771348648
2015-10-27,1.661669,27.029326,0.048018366737646374,False,279961.44364070205,80592.88311892643,360554.3267596285,2,0.22352493684718824
2015-10-28,1.747817,27.246711,0.044223971983305854,True,364647.8340006825,0.0,364647.8340006825,1,0.0
2015-10-29,1.594329,26.73846,0.04934731518227445,False,343848.91524344933,20778.14061661655,364627.05586006586,1,0.05698463754316314
2015-10-30,1.634976,26.817924,0.04811315051115978,False,343848.91524344933,21307.87386592934,365156.78910937865,1,0.058352670692223677
2015-11-02,1.676229,27.008334,0.047199844614762565,False,365672.57456707885,0.0,365672.57456707885,1,0.0
2015-11-03,1.701102,27.168767,0.04720902572970278,True,365672.57456707885,0.0,365672.57456707885,1,0.0
2015-11-04,1.719302,27.240723,0.04655277011445376,True,365672.57456707885,0.0,365672.57456707885,1,0.0
2015-11-05,1.611922,26.957352,0.04928879205637738,False,344996.2592304472,20655.659676954692,365651.91890740185,1,0.056489952900221366
2015-11-06,1.733256,27.182255,0.05089742790011518,True,367184.5192845756,0.0,367184.5192845756,1,0.0
2015-11-09,1.684116,27.20174,0.051621022115709826,True,347563.56594752567,19601.351985064844,367164.9179325905,1,0.05338568863124212
2015-11-10,1.592509,26.739958,0.05246153264072825,False,328732.9521612875,37346.944129084564,366079.89629037207,1,0.10201856072276971
2015-11-11,1.596148,26.828418,0.046947516860070926,False,328732.9521612875,37432.28463873678,366165.2368000243,1,0.10222784927882127
2015-11-12,1.537302,26.537549,0.047298965157729064,False,318200.7437611771,46573.93627903831,364774.68004021543,1,0.12767864335842513
2015-11-13,1.494228,26.2302,0.047671727407602074,False,307649.74475102423,55809.42955297567,363459.1743039999,1,0.15355075204759105
2015-11-16,1.550042,26.276671,0.048478467854007536,False,318572.9875899932,46959.90595070656,365532.8935406998,1,0.12846971306968813
2015-11-17,1.580376,26.63051,0.048675923940994785,False,318572.9875899932,47878.90155670223,366451.88914669544,1,0.1306553546993332
2015-11-18,1.627089,26.688979,0.049092016075836485,False,329698.0632043498,38157.901761338915,367855.9649656887,1,0.10373055052919435
2015-11-19,1.638616,26.993336,0.04374617329334685,False,329698.0632043498,38428.22878930294,368126.2919936527,1,0.1043887101385454
2015-11-20,1.655602,27.06831,0.04279190289255554,False,349235.6056180793,19269.47879432137,368505.08441240067,1,0.05229094416715442
2015-11-23,1.589476,26.828416,0.04155245208333683,False,338294.3089767471,29430.207466407963,367724.51644315507,1,0.08003330251426805
2015-11-24,1.650749,26.804424,0.042307545195852385,False,349634.6802104028,19212.994940962384,368847.6751513652,1,0.052089239638227036
2015-11-25,1.654996,27.056311,0.04059668319666604,False,349634.6802104028,19262.42558699898,368897.1057974018,1,0.052216255655792264
2015-11-27,1.692002,27.176253,0.03503874909370732,True,349634.6802104028,19693.136791903697,369327.8170023065,1,0.05332156389341426
2015-11-30,1.74357,27.377159,0.03521671128454899,True,369907.72134968237,0.0,369907.72134968237,2,0.0
2015-12-01,1.811517,27.741494,0.03576991511434953,True,369907.72134968237,0.0,369907.72134968237,2,0.0
2015-12-02,1.786036,27.88992,0.03589201365275982,True,324693.55097255536,45169.00137575131,369862.55234830664,2,0.12212374864383349
2015-12-03,1.75267,27.808955,0.036142332878189486,True,256777.53358224226,112173.34163712288,368950.8752193651,3,0.304033271557978
2015-12-04,1.849737,27.834442,0.03451704349338055,True,375044.91378466884,0.0,375044.91378466884,3,0.0
2015-12-07,1.796956,27.916905,0.031697492150482925,True,307632.260920982,67345.30755613075,374977.56847711274,3,0.1795982299144949
2015-12-08,1.753277,27.51959,0.0314996867108775,True,218699.73325588516,154552.0145112401,373251.74776712526,4,0.414069097963518
2015-12-09,1.683509,27.377163,0.030174636705285928,True,131017.44051538386,235996.63760922625,367014.0781246101,4,0.6430179431130696
2015-12-10,1.712629,27.405652,0.030344416804073522,True,131017.44051538386,240078.71978828247,371096.1603036663,4,0.6469447692259255
2015-12-11,1.611922,27.011332,0.032356723138857006,False,45092.70811663903,311800.36569715495,356893.07381379395,4,0.8736520503612638
2015-12-14,1.580982,26.690482,0.0319648179287411,False,258707.684909585,91964.41852317976,350672.10343276476,1,0.26225188038321484
2015-12-15,1.653782,27.005335,0.03248033459040302,False,270346.0123003834,84549.1570901013,354895.1693904847,1,0.23823699047611832
2015-12-16,1.692002,27.111791,0.03258011296954375,True,292749.6095649288,64077.12095655058,356826.7305214794,1,0.17957489020765338
2015-12-17,1.617382,27.213742,0.0337051610612517,True,271017.5400583724,82961.57637229863,353979.11643067107,1,0.23436856165085984
2015-12-18,1.560355,26.697981,0.03456908171131932,False,257768.02995946974,93272.72192478318,351040.75188425294,1,0.2657034017393444
2015-12-21,1.647109,26.924374,0.036738898588270424,False,271726.25367010356,84486.38546552416,356212.6391356277,1,0.23717963986492918
2015-12-22,1.653176,27.048813,0.035482705670709165,True,271726.25367010356,84797.58460329789,356523.83827340143,1,0.23784548324723967
2015-12-23,1.688969,27.212243,0.03479302493602374,True,294374.8644839134,63962.25944464857,358337.123928562,1,0.17849744046447186
2015-12-24,1.706562,27.382741,0.03485340942918393,True,294374.8644839134,64628.51680663076,359003.3812905442,1,0.18002202813328494
2015-12-28,1.686542,27.164881,0.0346237071210621,True,271894.36231613293,86328.3916364273,358222.75395256025,1,0.2409908100027053
2015-12-29,1.747817,27.566038,0.034905656824746105,True,317756.87209788285,43556.43383741743,361313.3059353003,1,0.12055031774893173
2015-12-30,1.693822,27.507445,0.03437221591470375,True,295712.30087938823,64233.40133652965,359945.7022159179,1,0.1784530303906739
2015-12-31,1.624056,27.127313,0.03538485787662939,True,273904.84969535813,83373.3889280546,357278.23862341273,1,0.2333570307816421
2016-01-04,1.568849,26.488758,0.035885966586320546,False,257815.1921716051,96612.83741776568,354428.02958937077,1,0.2725880273343457
2016-01-05,1.520315,26.581916,0.03343552711129146,False,257815.1921716051,93624.01730108535,351439.2094726905,1,0.2664017411192153
2016-01-06,1.397767,25.717986,0.03715785626967455,False,257815.1921716051,86077.26806016262,343892.46023176773,1,0.25030286503562915
2016-01-07,1.254594,25.06741,0.042834369299282284,False,257815.1921716051,77260.3903545238,335075.5825261289,1,0.23057600846966847
2016-01-08,1.192713,24.724843,0.04318361973959312,False,257815.1921716051,73449.63546845844,331264.82764006354,1,0.2217248235851507
2016-01-11,1.210914,24.475433,0.043101875438269335,False,257815.1921716051,74570.4891987032,332385.6813703083,1,0.2243492827106015
2016-01-12,1.241247,24.679769,0.04281627017945227,False,257815.1921716051,76438.45558513878,334253.6477567439,1,0.22868398325085015
2016-01-13,1.123553,24.434871,0.0469946188268825,False,257815.1921716051,69190.62530507581,327005.8174766809,1,0.2115883620633442
2016-01-14,1.192713,24.153907,0.048119766793735606,False,257815.1921716051,73449.63546845844,331264.82764006354,1,0.2217248235851507
2016-01-15,1.031946,23.335051,0.05503652960144467,False,257815.1921716051,63549.28429817887,321364.476469784,1,0.19774831679055863
2016-01-19,1.035585,23.527361,0.0551626745032099,False,257815.1921716051,63773.38114584442,321588.57331744954,1,0.19830736051337197
2016-01-20,1.055606,23.321523,0.05581750200838608,False,257815.1921716051,65006.31409091503,322821.50626252015,1,0.2013692174462861
2016-01-21,1.099286,23.859412,0.05495133073207328,False,257815.1921716051,67696.21524673564,325511.40741834074,1,0.20796879526785314
2016-01-22,1.163593,24.325184,0.05740013892043038,False,257815.1921716051,71656.36803124471,329471.5602028498,1,0.2174887810866806
2016-01-25,1.113846,24.120843,0.05691747427359107,False,257815.1921716051,68592.8489653425,326408.0411369476,1,0.21014448273522687
2016-01-26,1.146606,24.177941,0.057602664343061036,False,257815.1921716051,70610.27483220797,328425.4670038131,1,0.21499634445640653
2016-01-27,1.105959,24.102819,0.0576793229256582,False,257815.1921716051,68107.15184043506,325922.3440120402,1,0.20896742150921405
2016-01-28,1.096253,23.913503,0.05621314333478895,False,257815.1921716051,67509.43708268793,325324.62925429305,1,0.20751406752520588
2016-01-29,1.24428,24.509984,0.06538125592884891,False,257815.1921716051,76625.23374918649,334440.4259207916,1,0.22911474753155084
2016-02-01,1.263087,24.941201,0.06540263077343157,False,257815.1921716051,77783.40616304909,335598.5983346542,1,0.23177512227117403
2016-02-02,1.138113,24.478445,0.06841807594897475,False,257815.1921716051,70087.25902368268,327902.45119528775,1,0.21374423633674225
2016-02-03,1.147213,24.177943,0.06851900497740644,False,257815.1921716051,70647.65509781198,328462.8472694171,1,0.21508568072499298
2016-02-04,1.203634,24.568582,0.06778085030268871,False,257815.1921716051,74122.17233939977,331937.3645110049,1,0.22330168358296512
2016-02-05,1.081693,24.185455,0.06768403081211806,False,257815.1921716051,66612.80336408106,324427.99553568615,1,0.2053238446765111
2016-02-08,0.997973,23.183303,0.06900910816298036,False,257815.1921716051,61457.15948209156,319272.3516536967,1,0.1924913296242825
2016-02-09,0.978558,23.235887,0.06880895817407873,False,257815.1921716051,60261.54522063879,318076.7373922439,1,0.18945599641990116
2016-02-10,0.957325,23.225364,0.06833527010366508,False,257815.1921716051,58953.97490833249,316769.1670799376,1,0.18611020590099064
2016-02-11,0.935485,22.690486,0.0653041082986494,False,257815.1921716051,57609.024330422195,315424.2165020273,1,0.18263982699011294
2016-02-12,0.997365,23.004498,0.06555048601471151,False,257815.1921716051,61419.71763450138,319234.9098061065,1,0.19239662000564361
2016-02-16,1.102926,23.860924,0.06163468031131904,False,257815.1921716051,67920.37367638736,325735.56584799243,1,0.20851384005172785
2016-02-17,1.181793,24.463415,0.06336392527673626,False,257815.1921716051,72777.16017950329,330592.3523511084,1,0.22014169312123014
2016-02-18,1.162986,24.697803,0.06348570512799312,False,257815.1921716051,71618.98776564069,329434.1799372458,1,0.2173999910370061
2016-02-19,1.178759,24.64221,0.0629709228715115,False,257815.1921716051,72590.3204334694,330405.5126050745,1,0.2197006940384642
2016-02-22,1.234574,25.037358,0.06254174233442526,False,257815.1921716051,76027.51899143936,333842.71116304444,1,0.22773454818460453
2016-02-23,1.174514,24.783445,0.06279901935754932,False,257815.1921716051,72328.90490218603,330144.09707379114,1,0.2190828354747765
2016-02-24,1.223654,24.618167,0.06312037243055071,False,257815.1921716051,75355.04370248421,333170.2358740893,1,0.22617579720105058
2016-02-25,1.270974,25.04337,0.06286190246505476,False,257815.1921716051,78269.10328795653,336084.29545956163,1,0.23288533366586311
2016-02-26,1.290387,25.435513,0.06277390626106058,False,257815.1921716051,79464.59438543697,337279.78655704204,1,0.2356043781829114
2016-02-29,1.283714,25.605296,0.05625859781608795,False,257815.1921716051,79053.65779173754,336868.84996334265,1,0.2346719140114617
2016-03-01,1.390488,25.829174,0.058884834027857276,False,257815.1921716051,85629.01278284536,343444.2049544505,1,0.24932437801418708
2016-03-02,1.414148,26.134176,0.053021680519156705,False,257815.1921716051,87086.04257558152,344901.23474718665,1,0.25249559526632537
2016-03-03,1.417181,26.19728,0.05305437196866178,False,257815.1921716051,87272.82073962923,345088.01291123434,1,0.25290018045940665
2016-03-04,1.462075,26.497773,0.05256055244000871,True,257815.1921716051,90037.48242665787,347852.674598263,1,0.2588379765388973
2016-03-07,1.478455,26.511297,0.044846832205285056,True,348770.3413363356,0.0,348770.3413363356,1,0.0
2016-03-08,1.377748,26.234841,0.04375971953160394,True,328490.81055982516,20259.271505005396,348750.0820648306,1,0.05809108742012946
2016-03-09,1.411721,26.165728,0.04296561775914737,True,328490.81055982516,20758.831824337776,349249.64238416293,1,0.05943837675144634
2016-03-10,1.430528,26.312967,0.04193850372339559,True,349505.156936931,0.0,349505.156936931,2,0.0
2016-03-11,1.515461,26.742687,0.04144894095041494,True,349505.156936931,0.0,349505.156936931,2,0.0
2016-03-14,1.497868,26.784745,0.041066372770392115,True,306174.9389084495,43286.93109738412,349461.8700058336,2,0.12386739387808325
2016-03-15,1.489375,26.62549,0.03678616037076636,True,284436.1607685295,64758.55272107295,349194.71348960244,3,0.18545112574563988
2016-03-16,1.530628,26.784745,0.034682303670835926,True,284436.1607685295,66552.24777799445,350988.40854652395,3,0.18961380534928082
2016-03-17,1.563995,27.038666,0.03404230447632901,True,352371.21447248687,0.0,352371.21447248687,3,0.0
2016-03-18,1.626482,27.339164,0.03447151961152677,True,352371.21447248687,0.0,352371.21447248687,4,0.0
2016-03-21,1.634369,27.451853,0.033801615989484585,True,352371.21447248687,0.0,352371.21447248687,4,0.0
2016-03-22,1.630121,27.501428,0.030599519716446102,True,330624.19352933014,21725.295647509236,352349.48917683936,4,0.06165837134676704
2016-03-23,1.564602,27.35541,0.0325618537337797,True,246209.21232621637,105182.74743413276,351391.9597603491,4,0.2993316850672049
2016-03-24,1.560962,27.028393,0.032134401008437896,True,246209.21232621637,104938.04290182341,351147.2552280398,4,0.2988434092519824
2016-03-28,1.559142,27.148956,0.03221109704340453,True,246209.21232621637,104815.69063566875,351024.9029618851,4,0.2985990160562763
2016-03-29,1.618596,27.228821,0.03259825724697684,True,333362.85038120515,21571.697213811647,354934.5475950168,4,0.06077654981736275
2016-03-30,1.667129,27.798478,0.028763982474250605,True,333362.85038120515,22218.516544192993,355581.3669253981,4,0.06248504171157679
2016-03-31,1.638616,27.679423,0.029284294119823848,True,246952.3370737282,108162.70113847175,355115.0382121999,4,0.30458496402464047
2016-04-01,1.670769,27.581469,0.02937701971101256,True,246952.3370737282,110285.07473283753,357237.4118065657,4,0.3087164756208509
2016-04-04,1.624662,27.65531,0.02991799829270425,True,161453.30870223744,192655.2322906967,354108.54099293414,4,0.5440570050936471
2016-04-05,1.595542,27.436794,0.030327257959830406,True,75091.4163480644,275477.7490206814,350569.1653687458,4,0.7858014230399312
2016-04-06,1.644076,27.418714,0.02526166654746052,True,163902.5082480914,194957.37801681794,358859.88626490935,4,0.5432687950887354
2016-04-07,1.567029,27.350897,0.02795880145141117,True,80184.60219845708,269455.2831643837,349639.88536284084,4,0.7706651742113315
2016-04-08,1.590689,27.448852,0.027987961310413194,True,80184.60219845708,273523.69032192155,353708.2925203786,4,0.7733030186340987
2016-04-11,1.588262,27.561872,0.02514382770155977,True,80184.60219845708,273106.36047528824,353290.96267374535,4,0.7730352296826075
2016-04-12,1.583408,27.203205,0.024964088656882967,True,80184.60219845708,272271.70078202157,352456.3029804786,4,0.7724977493085201
2016-04-13,1.691397,27.72916,0.028568078043579165,True,370734.4910140506,0.0,370734.4910140506,4,0.0
2016-04-14,1.650142,27.605584,0.02892477651423443,True,284970.1682036509,85678.64416623344,370648.81236988434,4,0.2311585557725503
2016-04-15,1.605856,27.578456,0.029396534890505838,True,199413.60914458314,168850.31521712214,368263.9243617053,4,0.458503546090708
2016-04-18,1.608282,27.444332,0.028017893430649084,True,199413.60914458314,169105.4008939928,368519.010038576,4,0.4588783652606988
2016-04-19,1.547009,27.307193,0.02925017421482082,True,114865.95607048119,247125.94251815564,361991.89858863683,4,0.6826836276769457
2016-04-20,1.592509,27.308697,0.03009897145547341,True,114865.95607048119,254394.31030695068,369260.26637743186,4,0.6889295531378042
2016-04-21,1.564602,27.26198,0.028900873319091042,True,28464.111659043563,336251.85369759577,364715.96535663935,4,0.9219553999200177
2016-04-22,1.573096,27.308706,0.02891988872120049,True,28464.111659043563,338077.3168155692,366541.42847461277,4,0.9223440805109018
2016-04-25,1.544581,27.212251,0.029220313054688304,True,283.86501981213405,360101.1936996707,360385.05871948285,4,0.9992123285554048
2016-04-26,1.606462,27.542289,0.029349801498933327,True,117156.02512401255,257538.88380739593,374694.9089314085,4,0.6873295517728556
2016-04-27,1.658029,27.510636,0.029463234648765397,True,296693.9676314491,86088.15284278315,382782.12047423224,4,0.2249011859177951
2016-04-28,1.524562,27.379528,0.03477762939166036,True,215843.66213601606,159927.8175542461,375771.4796902622,4,0.42559860499809643
2016-04-29,1.407474,26.540115,0.03823619562825795,True,134559.9870567103,228847.66190326097,363407.64895997127,4,0.6297271467956035
2016-05-02,1.436595,26.386405,0.038476277994837424,True,134559.9870567103,233582.579040121,368142.5660968313,4,0.6344894629182396
2016-05-03,1.388667,26.253788,0.03889581001505358,True,49374.05272720201,310890.5788925281,360264.6316197301,4,0.8629505968842432
2016-05-04,1.33892,26.036771,0.038412080755615606,True,1254.4958742475774,347824.8559674382,349079.35184168577,4,0.9964062730504424
2016-05-05,1.349234,26.077464,0.037541193657710546,True,1254.4958742475774,350504.22856957134,351758.7244438189,4,0.9964336467383116
2016-05-06,1.354694,25.864982,0.03727522706659574,False,1254.4958742475774,351922.6282600549,353177.1241343025,4,0.996447969620562
2016-05-09,1.348627,26.074452,0.037253911232479,True,263414.07001325034,87924.5458754365,351338.61588868685,1,0.25025585546023005
2016-05-10,1.398981,26.119662,0.03857618621190543,True,276514.46880748944,78093.8927901668,354608.3615976563,1,0.22022575113097095
2016-05-11,1.386241,26.345714,0.03463554139725292,True,276514.46880748944,77382.7207341155,353897.18954160495,1,0.21865876028670245
2016-05-12,1.312834,25.961426,0.035915015203426395,True,263673.3520626645,86113.28492686091,349786.6369895254,1,0.24618803527774458
2016-05-13,1.328607,25.938814,0.0360766715422126,True,263673.3520626645,87147.89009640359,350821.2421590681,1,0.24841109837040398
2016-05-16,1.390488,26.128703,0.03806950050556253,True,277246.845419753,77619.79669346007,354866.6421132131,1,0.21872948167581507
2016-05-17,1.363187,26.2131,0.037472420000283134,True,263217.6291109694,90111.00185904356,353328.630970013,1,0.25503453148321653
2016-05-18,1.429315,26.377356,0.03859284732226639,True,277898.01047760993,79787.19680494393,357685.2072825539,1,0.2230654082988563
2016-05-19,1.401408,26.35777,0.03862964402170768,True,263219.3371271495,92893.38208262337,356112.7192097729,1,0.26085387314656205
2016-05-20,1.531841,26.944001,0.044018257514362745,True,324629.949593881,40067.14692365372,364697.09651753475,1,0.10986417853679645
2016-05-23,1.565209,27.47899,0.044111566158337945,True,324629.949593881,40939.927165564266,365569.8767594453,1,0.11198933437424284
2016-05-24,1.678656,27.804506,0.04601846844251732,True,346782.5901923397,21732.454718127407,368515.04491046706,1,0.05897304606222369
2016-05-25,1.708382,28.116466,0.04565200844097611,True,368877.7705758177,0.0,368877.7705758177,0,0.0
2016-05-26,1.725369,28.253596,0.04099562793937668,True,368877.7705758177,0.0,368877.7705758177,0,0.0
2016-05-27,1.756917,28.381693,0.03567496085866494,True,368877.7705758177,0.0,368877.7705758177,0,0.0
2016-05-31,1.78543,28.542956,0.03562768751520847,True,368877.7705758177,0.0,368877.7705758177,0,0.0
2016-06-01,1.81637,28.649943,0.034042874057487876,True,368877.7705758177,0.0,368877.7705758177,0,0.0
2016-06-02,1.815157,28.689127,0.03217004377192232,True,368877.7705758177,0.0,368877.7705758177,0,0.0
2016-06-03,1.832143,28.871481,0.03215188714473295,True,368877.7705758177,0.0,368877.7705758177,0,0.0
2016-06-06,1.81819,28.894078,0.03247176408651752,True,368877.7705758177,0.0,368877.7705758177,0,0.0
2016-06-07,1.871577,29.025201,0.03229119602291896,True,368877.7705758177,0.0,368877.7705758177,1,0.0
2016-06-08,1.866723,29.053828,0.032186949904450333,True,345859.99129802315,22994.784493301253,368854.7757913244,1,0.06234102417128606
2016-06-09,1.874004,28.942308,0.03181425795060808,True,345859.99129802315,23084.473764765597,368944.46506278875,1,0.06256896620155819
2016-06-10,1.77997,28.657479,0.03148283829058185,True,301840.43600558187,65901.7179531324,367742.1539587143,2,0.17920631954674163
2016-06-13,1.755702,28.598715,0.032139922000423364,True,255949.60323626106,110848.20582102893,366797.80905728997,2,0.30220520156846303
2016-06-14,1.750849,28.36361,0.03144856748387047,True,255949.60323626106,110541.8062481803,366491.4094844414,2,0.30162182083253747
2016-06-15,1.751457,28.532396,0.03070473381964918,True,255949.60323626106,110580.19300694641,366529.7962432075,3,0.3016949621568336
2016-06-16,1.749637,28.220449,0.029705644245790072,True,233045.37267865523,133346.6344835111,366392.0071621663,3,0.36394526047750664
2016-06-17,1.705956,28.2099,0.030024095594132057,True,165175.8863523454,197819.2203801971,362995.1067325425,3,0.5449638761272663
2016-06-20,1.76359,28.690638,0.02433630849008667,True,235198.09011620702,134410.0468318716,369608.13694807864,4,0.36365554054550775
2016-06-21,1.78179,28.60921,0.024112117021153394,True,235198.09011620702,135797.13955316172,370995.2296693687,4,0.3660347322368114
2016-06-22,1.773903,28.725623,0.01899764596166912,True,212588.85974077924,157782.68436767015,370371.54410844937,4,0.42601189772146597
2016-06-23,1.912224,29.108104,0.024819243476758325,True,358972.92181968584,23555.277769073666,382528.1995887595,4,0.06157788574645473
2016-06-24,1.589476,28.061946,0.04924640822177988,True,282193.5497891238,96282.2524473226,378475.8022364464,4,0.25439473773060894
2016-06-27,1.400195,26.873666,0.05600201483227088,True,207378.30715299273,159557.08852188775,366935.3956748805,4,0.4348370051039223
2016-06-28,1.512428,27.135214,0.05914865679407233,True,288028.92262680567,91615.08226887301,379644.00489567866,4,0.24131839588523904
2016-06-29,1.603429,27.711213,0.0607803574196037,True,288028.92262680567,97127.45317284312,385156.3757996488,4,0.25217667232222324
2016-06-30,1.69079,28.080093,0.062209476368259554,True,369539.0669906687,20827.59556368504,390366.66255435377,4,0.05335392993705003
2016-07-01,1.636189,28.099733,0.06246399776124624,True,304264.9147839065,85363.94935990941,389628.8641438159,4,0.2190904145345883
2016-07-05,1.553681,27.629567,0.06331046760906515,True,240469.05417570515,144791.4353235235,385260.48949922866,4,0.3758273668595684
2016-07-06,1.560355,27.374071,0.0627941367237263,True,240469.05417570515,145413.4021489846,385882.4563246898,4,0.37683341070740634
2016-07-07,1.617382,27.894132,0.06358859393698375,True,306747.8580146942,84382.74254601945,391130.6005607136,4,0.21574057980902228
2016-07-08,1.753277,28.474664,0.06654106190049781,True,376553.3701393809,21597.32685141917,398150.6969908001,4,0.054244101579252565
2016-07-11,1.81091,29.037052,0.06598612320906938,True,376553.3701393809,22307.265291510404,398860.6354308913,4,0.05592746766652404
2016-07-12,1.884923,29.383254,0.06645458364882527,True,376553.3701393809,23218.976876305096,399772.347015686,4,0.058080497687335156
2016-07-13,1.889778,29.519311,0.06643858479388333,True,376553.3701393809,23278.782042210794,399832.1521815917,4,0.058221385937062595
2016-07-14,1.931031,29.614548,0.06654994964681475,True,400316.5305296419,0.0,400316.5305296419,4,0.0
2016-07-15,1.926783,29.62514,0.06655590031963299,True,400316.5305296419,0.0,400316.5305296419,4,0.0
2016-07-18,2.013539,30.048441,0.0667105585004685,True,400316.5305296419,0.0,400316.5305296419,4,0.0
2016-07-19,1.989877,29.984945,0.06658462244091373,True,400316.5305296419,0.0,400316.5305296419,4,0.0
2016-07-20,2.085732,30.302428,0.06721258031284147,True,400316.5305296419,0.0,400316.5305296419,4,0.0
2016-07-21,2.042052,30.320575,0.06747741706914827,True,339115.00978474773,61140.38036452957,400255.3901492773,4,0.15275342161345273
2016-07-22,2.074204,30.192059,0.06560545983063769,True,339115.00978474773,62103.03239762195,401218.0421823697,4,0.15478624056839804
2016-07-25,2.107572,30.515589,0.04823659863326625,True,339115.00978474773,63102.092270731744,402217.1020554795,4,0.15688565192344262
2016-07-26,2.3648,31.387894,0.04080771556268002,True,409847.87394029,0.0,409847.87394029,4,0.0
2016-07-27,2.35024,31.817256,0.03957067535253158,True,409847.87394029,0.0,409847.87394029,4,0.0
2016-07-28,2.313232,31.620709,0.03946225222752483,True,318592.5080122957,91164.20172626803,409756.70973856375,4,0.22248373134495672
2016-07-29,2.278045,31.492207,0.039256875422986164,True,227289.1886961695,180989.59339340567,408278.7820895752,4,0.44329904303892304
2016-08-01,2.290179,31.472543,0.037712131272683684,True,227289.1886961695,181953.6339308997,409242.8226270692,4,0.44461044609866895
2016-08-02,2.180372,31.105191,0.03746628189065464,True,139060.81555803426,261369.7528341018,400430.568392136,4,0.652721778668371
2016-08-03,2.195539,30.922263,0.037423887942587296,True,139060.81555803426,263187.880677073,402248.69623510726,4,0.6542914449205431
2016-08-04,2.252565,31.186817,0.03722219411767,True,230028.34868102212,178965.21949400334,408993.56817502546,4,0.4375746550063512
2016-08-05,2.338712,31.601059,0.034458366449141874,True,230028.34868102212,185809.55773230054,415837.90641332266,4,0.4468316978000915
2016-08-08,2.329005,31.759799,0.034424971123965,True,230028.34868102212,185038.3411922103,415066.6898732324,4,0.445803880934709
2016-08-09,2.389066,31.918534,0.0339634289872246,True,419648.6976408013,0.0,419648.6976408013,4,0.0
2016-08-10,2.33386,31.791546,0.034821459590599055,True,329204.22953434195,90354.11399246687,419558.34352680884,4,0.21535530251394808
2016-08-11,2.367226,31.776421,0.03473717818822883,True,329204.22953434195,91645.86044147096,420850.08997581294,4,0.21776367078058131
2016-08-12,2.39756,31.960862,0.034617234463647194,True,329204.22953434195,92820.22466805157,422024.45420239354,4,0.21994039384157832
2016-08-15,2.497053,32.276836,0.034454834243873515,True,425779.59926338494,0.0,425779.59926338494,4,0.0
2016-08-16,2.443667,32.264724,0.034859725336168726,True,335161.5526643035,90527.5190800014,425689.0717443049,4,0.21266113012733812
2016-08-17,2.442453,32.11506,0.033825629306762264,True,335161.5526643035,90482.54551847966,425644.0981827832,4,0.2125779398910495
2016-08-18,2.496447,32.298001,0.03324351718021174,True,335161.5526643035,92482.79467894448,427644.34734324797,4,0.21626100111809343
2016-08-19,2.56136,32.615482,0.03340774094017256,True,429954.21169046446,0.0,429954.21169046446,4,0.0
2016-08-22,2.564394,32.685016,0.03344513140950599,True,429954.21169046446,0.0,429954.21169046446,4,0.0
2016-08-23,2.605648,32.940511,0.022595593362269573,True,429954.21169046446,0.0,429954.21169046446,4,0.0
2016-08-24,2.538307,32.733381,0.02353290717854579,True,340019.1371007393,89845.22936036484,429864.36646110413,4,0.20900832069432396
2016-08-25,2.569246,32.69559,0.023127124763460336,True,340019.1371007393,90940.33785243468,430959.47495317395,4,0.21101830482394157
2016-08-26,2.605042,32.89515,0.022676502165485796,True,340019.1371007393,92207.36340536567,432226.50050610496,4,0.21333111990448927
2016-08-29,2.631734,33.055396,0.022686976496503166,True,433078.1311864133,0.0,433078.1311864133,4,0.0
2016-08-30,2.608681,33.014588,0.018918681914964538,True,341564.4455168576,91422.26340614952,432986.7089230071,4,0.21114334810310784
2016-08-31,2.610501,32.858873,0.019005153162504104,True,364540.81057095464,68486.68161164944,433027.4921826041,3,0.15815781410656757
2016-09-01,2.679054,32.985869,0.019018403824052607,True,364540.81057095464,70285.17450037976,434825.9850713344,4,0.1616397752513555
2016-09-02,2.664494,33.18088,0.017985843878673507,True,268923.18433292117,165425.2959864023,434348.4803193235,4,0.380858466144017
2016-09-06,2.642047,33.08261,0.01814526489176652,True,242564.67001182205,190271.68516320008,432836.35517502215,3,0.4395926610329708
2016-09-07,2.583807,32.949583,0.018627268240021554,True,144632.14901824843,283912.1149171558,428544.26393540425,4,0.6625035937010015
2016-09-08,2.572281,32.716766,0.017621604922682457,True,144632.14901824843,282645.622862395,427277.77188064344,4,0.6615032221740516
2016-09-09,2.288966,32.010754,0.03222631756324051,True,162425.88949392887,233579.9891108891,396005.87860481796,3,0.5898397012029792
2016-09-12,2.426073,31.737106,0.034795459159597725,True,227509.27472579075,182422.68613113905,409931.96085692977,4,0.4450072293699645
2016-09-13,2.3557,32.028892,0.03406975968721201,True,135283.5849267626,269264.71499980724,404548.2999265698,4,0.6655934904402809
2016-09-14,2.42304,32.028897,0.03444886277768211,True,233960.86888957652,178185.8515249549,412146.7204145314,3,0.4323359684768037
2016-09-15,2.590482,32.565583,0.03758711856107208,True,318593.63944306923,105781.7364987409,424375.37594181014,4,0.24926454854733504
2016-09-16,2.591694,32.98739,0.037323735923947006,True,318593.63944306923,105831.22823990585,424424.8676829751,4,0.2493520910253465
2016-09-19,2.604434,33.171813,0.03691345667525939,True,318593.63944306923,106351.463208917,424945.10265198624,4,0.2502710645332811
2016-09-20,2.571674,32.975279,0.037036112204182924,True,215244.4816676944,208259.6280092568,423504.1096769512,4,0.49175349955427156
2016-09-21,2.672381,33.099228,0.037871716363350044,True,377234.01210711047,54263.41285512186,431497.42496223236,4,0.12575605256478964
2016-09-22,2.703322,33.45453,0.03736844072152597,True,377234.01210711047,54891.678157543305,432125.69026465376,4,0.1270271113108899
2016-09-23,2.617174,33.18995,0.03812373916123372,True,275668.3220830853,154606.6457135349,430274.9677966202,4,0.35932056774126225
2016-09-26,2.535881,32.763004,0.03866186775723198,True,173996.27233668327,251374.83134257377,425371.10367925704,4,0.590954178994063
2016-09-27,2.672381,32.96948,0.04043797481961781,True,280926.99342944386,157867.937889717,438794.93131916085,4,0.35977612005479287
2016-09-28,2.689974,33.345977,0.04039259655226484,True,280926.99342944386,158907.22481448326,439834.2182439271,4,0.36128890891875787
2016-09-29,2.788862,33.497787,0.04112319763203585,True,445511.16803104186,0.0,445511.16803104186,4,0.0
2016-09-30,2.918689,34.250777,0.04191536875752927,True,445511.16803104186,0.0,445511.16803104186,4,0.0
2016-10-03,2.858023,34.273542,0.042248459406599034,True,342663.438504235,102744.9845422646,445408.4230464996,4,0.2306758903199688
2016-10-04,2.836183,34.091375,0.042237062247421575,True,342663.438504235,101959.84374304675,444623.28224728175,4,0.2293173745371722
2016-10-05,2.902309,34.246231,0.04199343033825019,True,342663.438504235,104337.05164089843,447000.49014513346,4,0.23341596696464909
2016-10-06,2.952662,34.232547,0.04199372679756801,True,448704.5166680509,0.0,448704.5166680509,4,0.0
2016-10-07,2.935676,34.284184,0.03058814481040107,True,448704.5166680509,0.0,448704.5166680509,4,0.0
2016-10-10,2.891996,34.439023,0.02917330936738092,True,345530.912424904,103070.53370943741,448601.4461343414,4,0.22975970005805815
2016-10-11,2.711208,33.686036,0.03246566496376815,True,247381.88788088487,194678.23569574082,442060.1235766257,4,0.44038859266616415
2016-10-12,2.680875,33.285238,0.032310254401402234,True,143773.556860549,296005.0014373614,439778.5582979104,4,0.6730773837246623
2016-10-13,2.583807,32.772117,0.030123491098585954,True,42790.08820817138,386169.9622956635,428960.05050383485,4,0.9002469153994357
2016-10-14,2.646902,33.417323,0.03060876496071708,True,42790.08820817138,395599.9985836079,438390.08679177926,4,0.9023926646669471
2016-10-17,2.602007,33.215421,0.030857739879908554,True,358.25650280028094,431279.53547945595,431637.7919822562,4,0.9991700066364555
2016-10-18,2.697255,33.484116,0.03171457127899218,True,149462.20454878345,297813.5758481579,447275.78039694135,4,0.6658388155599638
2016-10-19,2.657215,33.171391,0.030754241858358247,True,46257.84775409372,396493.8717164726,442751.7194705663,4,0.8955219240945966
2016-10-20,2.714242,33.353553,0.031026155678512506,True,46257.84775409372,405003.1026301832,451260.9503842769,4,0.8974920216014652
2016-10-21,2.692402,33.315603,0.0301460325180141,True,-9.094947017729282e-13,447955.90340427903,447955.90340427903,4,1.0
2016-10-24,2.842248,33.862122,0.03128345597038694,True,371217.8422915914,101297.51849400243,472515.36078559386,4,0.21437931314145506
2016-10-25,2.835575,34.083791,0.029313131384801017,True,371217.8422915914,101059.69324409093,472277.53553568234,4,0.21398369738137904
2016-10-26,2.819196,33.971434,0.029363454914704858,True,371217.8422915914,100475.9468379317,471693.7891295231,4,0.21301095997755837
2016-10-27,2.781582,34.094422,0.028440913341842147,True,267916.0701849163,202333.96006084263,470250.03024575894,4,0.43026889324196366
2016-10-28,2.733655,33.883399,0.026543339386943168,True,165045.13354117598,301615.8895167884,466661.0230579644,4,0.6463275795787308
2016-10-31,2.776728,33.86063,0.0265196052659306,True,165045.13354117598,306368.3184842904,471413.45202546637,4,0.649893033743424
2016-11-01,2.698468,33.614683,0.027182374620283938,True,63369.47625802,399307.6399774533,462677.11623547325,4,0.8630373665902921
2016-11-02,2.644475,33.449197,0.02676130584178186,True,779.8061997552995,453845.1319481545,454624.93814790976,4,0.9982847263000307
2016-11-03,2.626881,33.317132,0.02626309740814278,True,779.8061997552995,450825.6474563383,451605.45365609357,4,0.998273257788536
2016-11-04,2.580774,33.052976,0.026396609507759166,True,779.8061997552995,442912.7583200319,443692.5645197872,4,0.9982424627723945
2016-11-07,2.804029,33.737653,0.03299137284213321,True,172455.21343625704,309380.5549953709,481835.76843162795,4,0.6420871493255937
2016-11-08,2.822228,33.995738,0.029488776997492524,True,278447.06953259354,205290.5747285508,483737.64426114433,4,0.42438412053316504
2016-11-09,2.777335,33.5327,0.02962107562467531,True,254877.23034713996,225466.10574397462,480343.33609111456,3,0.46938531005498696
2016-11-10,2.603221,33.550915,0.03208697858986805,True,154151.1911039676,311956.81650886685,466108.00761283445,4,0.6692801054986145
2016-11-11,2.896848,33.979027,0.03973433980710107,True,424692.8135400963,76331.1537793985,501023.9673194948,4,0.15235030409378275
2016-11-14,2.848316,34.349457,0.03972831043774983,True,420634.8442953335,79005.06761821936,499639.91191355285,2,0.15812401238251905
2016-11-15,3.012723,34.613607,0.04080909256970193,True,504116.58015105827,0.0,504116.58015105827,3,0.0
2016-11-16,3.11707,35.040222,0.04098510671221049,True,504116.58015105827,0.0,504116.58015105827,3,0.0
2016-11-17,3.218991,35.49869,0.041243500972359924,True,504116.58015105827,0.0,504116.58015105827,3,0.0
2016-11-18,3.285118,35.738559,0.041130569970108416,True,504116.58015105827,0.0,504116.58015105827,4,0.0
2016-11-21,3.328798,36.037629,0.03981187668211023,True,504116.58015105827,0.0,504116.58015105827,4,0.0
2016-11-22,3.462266,36.426271,0.04033381141386343,True,504116.58015105827,0.0,504116.58015105827,4,0.0
2016-11-23,3.476219,36.494588,0.04019120612796116,True,504116.58015105827,0.0,504116.58015105827,4,0.0
2016-11-25,3.490779,36.562908,0.039831170966914964,True,504116.58015105827,0.0,504116.58015105827,4,0.0
2016-11-28,3.461658,36.576566,0.039539127315953305,True,441843.3126962806,62211.05639837927,504054.36909465987,4,0.12342132161282035
2016-11-29,3.441639,36.47789,0.039719959536140666,True,441843.3126962806,61851.285693694066,503694.5983899747,4,0.12279521339199878
2016-11-30,3.379758,36.382249,0.03924149136292442,True,324969.3074691009,177496.44161152162,502465.74908062257,4,0.3532508274171771
2016-12-01,2.879863,35.245166,0.05459879182226215,True,223569.71522060255,252541.49977835763,476111.21499896015,4,0.5304254380542353
2016-12-02,2.991489,34.63638,0.055040669081558774,True,328689.1946374013,157105.5243067726,485794.7189441739,4,0.32339899587263055
2016-12-05,3.10069,35.207216,0.05510388787919429,True,328689.1946374013,162840.48785162397,491529.6824890253,4,0.3312932944904295
2016-12-06,3.229304,35.64139,0.05288899753060902,True,328689.1946374013,169594.97362883767,498284.168266239,4,0.34035794117027035
2016-12-07,3.433752,36.159085,0.05426440669629294,True,328689.1946374013,180332.0715200454,509021.2661574467,4,0.3542721758588892
2016-12-08,3.521719,36.846805,0.05401492712574922,True,450228.9712656291,63290.44039828424,513519.41166391334,3,0.12324838937092875
2016-12-09,3.477431,36.868064,0.051314681233239824,True,423800.26870506007,88896.82053425617,512697.08923931624,4,0.17339053097834345
2016-12-12,3.398566,36.417174,0.04704482749988484,True,315296.482704518,195276.1113994531,510572.59410397115,4,0.3824649298737875
2016-12-13,3.513226,36.831618,0.0469834130008296,True,427236.8384505586,89811.88159255573,517048.7200431143,4,0.17370100362121915
2016-12-14,3.505339,36.906007,0.04579794299619166,True,427236.8384505586,89610.25883611465,516847.09728667326,4,0.17337866325756227
2016-12-15,3.689767,37.290109,0.046479052606994746,True,521467.4777522179,0.0,521467.4777522179,4,0.0
2016-12-16,3.569647,37.355365,0.04701278762933771,True,403031.54903494107,118317.61110617068,521349.16014111176,4,0.22694504978994512
2016-12-19,3.680667,37.381177,0.04724329715935545,True,524906.9722884444,0.0,524906.9722884444,4,0.0
2016-12-20,3.783894,37.780455,0.0474743717658954,True,524906.9722884444,0.0,524906.9722884444,4,0.0
2016-12-21,3.783894,37.880774,0.04685001322555795,True,524906.9722884444,0.0,524906.9722884444,4,0.0
2016-12-22,3.844913,38.058824,0.04692084119826286,True,524906.9722884444,0.0,524906.9722884444,4,0.0
2016-12-23,3.90212,38.066433,0.04697033911639334,True,524906.9722884444,0.0,524906.9722884444,4,0.0
2016-12-27,4.044502,38.49706,0.047318609274662395,True,524906.9722884444,0.0,524906.9722884444,4,0.0
2016-12-28,3.809318,38.424026,0.049626459906666795,True,411627.02787519136,113166.77763561736,524793.8055108087,4,0.2156404600192762
2016-12-29,3.808683,37.736234,0.04934578821808278,True,411627.02787519136,113147.91312921525,524774.9410044067,4,0.21561226401674755
2016-12-30,3.629436,37.734699,0.03325127767253999,True,301664.62640361715,217675.41295099058,519340.0393546077,4,0.4191385151460676
2017-01-03,3.635157,37.45623,0.032719272999873615,True,301664.62640361715,218018.52990841665,519683.15631203377,4,0.419522024642091
2017-01-04,3.668208,37.456234,0.03213731140154173,True,301664.62640361715,220000.7635318896,521665.38993550674,4,0.42172773539584096
2017-01-05,3.567143,37.366451,0.0321752033497292,True,179146.29428163788,336335.32665313757,515481.62093477545,4,0.6524681249415379
2017-01-06,3.652953,37.261464,0.02970899049363332,True,179146.29428163788,344426.0968802088,523572.3911618467,4,0.6578385390335447
2017-01-09,3.770545,37.754485,0.029993219450557936,True,422401.3794148614,112014.91384549384,534416.2932603552,4,0.20960235542617103
2017-01-10,3.827752,37.946204,0.029851611397785437,True,422401.3794148614,113714.41277107596,536115.7921859373,4,0.2121079334511325
2017-01-11,3.863983,38.001007,0.02913740372741784,True,422401.3794148614,114790.75911982293,537192.1385346843,4,0.21368659532684386
2017-01-12,3.764189,37.635781,0.02928987726169027,True,299758.5183251577,234346.431283123,534104.9496082807,4,0.4387647623467928
2017-01-13,3.835379,37.99035,0.02945042790832783,True,299758.5183251577,238778.49419044395,538537.0125156017,4,0.44338362757105093
2017-01-17,3.651046,37.637311,0.02962508351360962,True,179905.2649498589,347036.0279257132,526941.2928755721,4,0.6585857525643937
2017-01-18,3.803597,37.725567,0.029964459732172932,True,304516.85266052675,236799.8479856332,541316.7006461599,4,0.4374515837087042
2017-01-19,3.751477,37.993386,0.029464683404374605,True,180322.8469458801,357624.95838552125,537947.8053314013,4,0.6647949017381107
2017-01-20,3.897034,38.322068,0.030047254128756654,True,435795.26185333636,115772.63439713893,551567.8962504753,4,0.20989734026246668
2017-01-23,3.820124,37.984259,0.030426868186566525,True,312359.71137732844,236800.0392689482,549159.7506462766,4,0.4312042879877321
2017-01-24,4.047043,38.504668,0.03287709957190353,True,562975.032079431,0.0,562975.032079431,4,0.0
2017-01-25,4.225018,39.221379,0.0340173680501451,True,562975.032079431,0.0,562975.032079431,4,0.0
2017-01-26,4.151287,39.198548,0.03347746803291199,True,439127.0773875766,123724.2304613931,562851.3078489697,4,0.21981690143747898
2017-01-27,4.308921,39.484633,0.03109294060289923,True,567420.981641629,0.0,567420.981641629,4,0.0
2017-01-30,4.240273,39.186392,0.03146407582659256,True,443471.74037451623,123825.41585126158,567297.1562257778,4,0.21827258341125982
2017-01-31,4.075011,38.947482,0.030755430868113873,True,322413.7657308839,239936.43497347526,562350.2007043592,4,0.426667287880307
2017-02-01,4.268878,39.34159,0.03204351708176882,True,448977.64341423655,124660.74556244416,573638.3889766807,4,0.21731590485920532
2017-02-02,4.258072,39.352244,0.032128789652572994,True,448977.64341423655,124345.18629451763,573322.8297087542,4,0.21688511228077992
2017-02-03,4.331803,39.685502,0.031079511721723484,True,448977.64341423655,126498.29571368222,575475.9391279188,4,0.21981509062807877
2017-02-06,4.376934,39.715925,0.030904388916230312,True,576666.0486256044,0.0,576666.0486256044,4,0.0
2017-02-07,4.425241,39.973095,0.030449391413015028,True,576666.0486256044,0.0,576666.0486256044,4,0.0
2017-02-08,4.446851,40.050692,0.030410379591283357,True,576666.0486256044,0.0,576666.0486256044,4,0.0
2017-02-09,4.330532,39.933524,0.031337642550788074,True,448711.5248459752,127826.6970825466,576538.2219285218,4,0.2217141764772611
2017-02-10,4.320364,39.658107,0.030504474997166377,True,448711.5248459752,127526.56262887316,576238.0874748484,4,0.22130880516369794
2017-02-13,4.350873,39.887886,0.030377276908479876,True,479468.6052428791,97639.24531247705,577107.8505553561,3,0.1691871722391541
2017-02-14,4.305107,39.615501,0.027773534415871135,True,344733.99791472894,231212.2041074195,575946.2020221484,4,0.4014475714843382
2017-02-15,4.412529,39.804189,0.02699222508821051,True,344733.99791472894,236981.46312691135,581715.4610416403,4,0.40738381390545125
2017-02-16,4.429055,39.953312,0.026547714893548867,True,408611.0919747952,173927.98155482818,582539.0735296234,3,0.29856878183465496
2017-02-17,4.500245,39.985263,0.025689328527143476,True,585157.9650262374,0.0,585157.9650262374,4,0.0
2017-02-21,4.693477,40.615249,0.025980891796113258,True,585157.9650262374,0.0,585157.9650262374,4,0.0
2017-02-22,4.694113,40.776538,0.023524914000389422,True,585157.9650262374,0.0,585157.9650262374,4,0.0
2017-02-23,4.460836,40.345897,0.02535387032283695,True,451234.65972785396,133789.5157826009,585024.1755104549,4,0.2286905761900603
2017-02-24,4.453208,39.76463,0.02492894320673388,True,451234.65972785396,133560.736597177,584795.396325031,4,0.2283888304123098
2017-02-27,4.581605,40.307859,0.024370762758259164,True,451234.65972785396,137411.6229462691,588646.2826741231,4,0.23343666135464367
2017-02-28,4.404264,40.262232,0.02585533640026325,True,315527.15358460066,267664.7410144819,583191.8945990825,4,0.4589651253615056
2017-03-01,4.610846,40.393078,0.025681372630983797,True,595466.4895433924,0.0,595466.4895433924,4,0.0
2017-03-02,4.467829,40.499606,0.025155405256304983,True,458626.75200572825,136703.03450316103,595329.7865088893,4,0.22962572611192505
2017-03-03,4.459565,40.125264,0.025148989945695074,True,458626.75200572825,136450.1792848583,595076.9312905866,4,0.22929838498180208
2017-03-06,4.466558,40.017232,0.02490472183920599,True,458626.75200572825,136664.1454684971,595290.8974742254,4,0.22957539926841283
2017-03-07,4.497704,40.295687,0.0248526192865199,True,458626.75200572825,137617.12569952998,596243.8777052582,4,0.23080677361279067
2017-03-08,4.530756,40.523948,0.02479156292349085,True,458626.75200572825,138628.42418396135,597255.1761896897,4,0.23210920509449487
2017-03-09,4.552367,40.348951,0.02479069009085268,True,490487.82408693375,107396.6951157759,597884.5192027097,3,0.1796278238797543
2017-03-10,4.709367,40.870891,0.02492082872252642,True,601477.2679159152,0.0,601477.2679159152,4,0.0
2017-03-13,4.818695,41.12349,0.02521161395140608,True,601477.2679159152,0.0,601477.2679159152,4,0.0
2017-03-14,4.774201,40.977395,0.02542087475582137,True,456551.1056413037,144781.3808937177,601332.4865350213,4,0.24076760217624746
2017-03-15,4.889884,41.252836,0.02550494059522206,True,456551.1056413037,148289.55838476346,604840.6640260671,4,0.24517127766788602
2017-03-16,4.870817,41.461307,0.025225594198548622,True,456551.1056413037,147711.33669080868,604262.4423321123,4,0.2444489783623258
2017-03-17,4.897513,41.456738,0.025224217851818578,True,456551.1056413037,148520.91377906676,605072.0194203705,4,0.2454598940492118
2017-03-20,5.006842,41.700208,0.025400577010250162,True,608235.6704884869,0.0,608235.6704884869,4,0.0
2017-03-21,4.658517,41.363932,0.029251040361731154,True,471907.20625330025,136192.27196322335,608099.4782165235,4,0.22396380336101837
2017-03-22,4.807255,41.007847,0.03010424410730905,True,612307.309843393,0.0,612307.309843393,4,0.0
2017-03-23,4.770387,41.191957,0.027609468917818323,True,466738.93405002507,145422.9528405274,612161.8868905525,4,0.2375563653255129
2017-03-24,4.870817,41.639987,0.027850949371552233,True,466738.93405002507,148484.5130774168,615223.4471274419,4,0.24135054307619494
2017-03-27,4.896242,41.257036,0.02727843300504393,True,466738.93405002507,149259.5819714018,615998.5160214269,4,0.2423050999139257
2017-03-28,4.945186,41.609461,0.025369188543690396,True,617339.7987000358,0.0,617339.7987000358,4,0.0
2017-03-29,4.903871,41.549978,0.02370733406671487,True,472043.85033830226,145150.79756416928,617194.6479024715,4,0.23517831539444242
2017-03-30,4.987772,41.684219,0.022428323169796774,True,472043.85033830226,147634.20242258243,619678.0527608846,4,0.2382433939120805
2017-03-31,4.978237,41.806261,0.02242939979124783,True,472043.85033830226,147351.97378019476,619395.8241184971,4,0.2378962983644603
2017-04-03,4.891794,41.562151,0.023004139725588582,True,328174.4001991681,288519.0520980165,616693.4522971846,4,0.46784841159458124
2017-04-04,4.816789,41.371467,0.023422554907908774,True,183988.50240555865,428137.09715922625,612125.5995647849,4,0.6994268781825616
2017-04-05,4.712546,41.339424,0.02406822216872601,True,40710.67613787812,562006.2187842347,602716.8949221128,4,0.9324547287775317
2017-04-06,4.730343,40.910719,0.02406319994255015,True,40710.67613787812,564128.643621192,604839.3197590701,4,0.9326917500104083
2017-04-07,4.793269,41.174653,0.023038485445761845,True,40710.67613787812,571633.037917442,612343.7140553201,4,0.9335166260330057
2017-04-10,4.682036,41.064805,0.023037127535816663,True,7841.6170502498335,591203.896850686,599045.5139009359,4,0.9869098142490278
2017-04-11,4.568259,40.372159,0.02356044351637601,True,7841.6170502498335,576837.1970277928,584678.8140780426,4,0.9865881628315626
2017-04-12,4.327354,40.178389,0.02540102585708942,True,7841.6170502498335,546417.9574553472,554259.574505597,4,0.9858520855372781
2017-04-13,4.244088,39.932763,0.025566748817601074,True,7841.6170502498335,535903.9025281382,543745.5195783881,4,0.9855785164789402
2017-04-17,4.409986,39.975482,0.027394532394576464,True,7841.6170502498335,556851.956767733,564693.5738179828,4,0.9861135004649842
2017-04-18,4.462743,40.114319,0.026950975423194093,True,7841.6170502498335,563513.619340629,571355.2363908788,4,0.9862754087985899
2017-04-19,4.535841,40.684913,0.022350362004969322,True,7841.6170502498335,572743.7539342099,580585.3709844598,4,0.9864936020744833
2017-04-20,4.753225,40.936641,0.023757668454035655,True,7841.6170502498335,600192.9807049972,608034.597755247,4,0.9871033374100756
2017-04-21,4.686483,40.86647,0.023902705371771443,True,7841.6170502498335,591765.4225906194,599607.0396408692,4,0.9869220730714794
2017-04-24,4.887979,41.578958,0.025348750308163994,True,190402.56095088937,434464.7731165424,624867.3340674317,4,0.695291223320145
2017-04-25,5.04053,41.881034,0.026242228046279313,True,488932.10169321654,149195.79851226148,638127.9002054781,4,0.23380234348665874
2017-04-26,4.910861,41.7712,0.026856809689341052,True,346151.6910912212,287995.4689995536,634147.1600907748,4,0.45414611485184064
2017-04-27,5.119984,42.096146,0.028361000148364627,True,646110.834947433,0.0,646110.834947433,4,0.0
2017-04-28,4.85874,41.786441,0.030604676648064613,True,506963.2450487614,139008.58131735423,645971.8263661156,4,0.2151929474994916
2017-05-01,5.000485,41.690328,0.0313325669556511,True,506963.2450487614,143063.90664013918,650027.1516889005,4,0.22008912438262085
2017-05-02,4.83967,41.560646,0.031961997305401856,True,364942.36364031176,280341.99090597563,645284.3545462873,4,0.43444721529485997
2017-05-03,4.893065,41.487416,0.031858943218957395,True,364942.36364031176,283434.941583279,648377.3052235907,4,0.4371450686194783
2017-05-04,4.880988,41.612528,0.031424876294141105,True,364942.36364031176,282735.37111170316,647677.734752015,4,0.43653711705862147
2017-05-05,4.933108,41.583535,0.031485277523466505,True,435018.4802377102,215608.20347199036,650626.6837097006,3,0.33138543018655436
2017-05-08,4.878445,41.684233,0.031503737925415054,True,285269.4415377092,362818.52187294204,648087.9634106513,4,0.5598291317795197
2017-05-09,5.026546,41.881039,0.03159263538372852,True,658728.6618131255,0.0,658728.6618131255,4,0.0
2017-05-10,5.344996,42.76439,0.033364896632571216,True,658728.6618131255,0.0,658728.6618131255,4,0.0
2017-05-11,5.399023,42.90323,0.030002009799562118,True,658728.6618131255,0.0,658728.6618131255,4,0.0
2017-05-12,5.447968,43.096982,0.02914228101079505,True,658728.6618131255,0.0,658728.6618131255,4,0.0
2017-05-15,5.697768,43.571474,0.029479398779634056,True,658728.6618131255,0.0,658728.6618131255,4,0.0
2017-05-16,5.95202,44.186308,0.030272315379386957,True,658728.6618131255,0.0,658728.6618131255,4,0.0
2017-05-17,5.170833,43.296849,0.046015666143693686,True,518747.4240009987,139841.39641571103,658588.8204167098,4,0.2123349077307887
2017-05-18,5.467035,42.974939,0.04646577835624351,True,666451.53489472,0.0,666451.53489472,4,0.0
2017-05-19,5.646918,43.864395,0.04651621245837365,True,666451.53489472,0.0,666451.53489472,4,0.0
2017-05-22,5.827438,44.18479,0.0461815618393106,True,666451.53489472,0.0,666451.53489472,4,0.0
2017-05-23,5.760062,44.087153,0.04609358021403828,True,510029.1465953083,156266.12217723444,666295.2687725427,4,0.2345298390983772
2017-05-24,5.867481,44.372444,0.04550096685686958,True,510029.1465953083,159180.31834008067,669209.464935389,4,0.2378632202332184
2017-05-25,5.966004,44.595188,0.04489115842534376,True,671720.4661790031,0.0,671720.4661790031,4,0.0
2017-05-26,6.03783,44.625695,0.04261120547906674,True,671720.4661790031,0.0,671720.4661790031,4,0.0
2017-05-30,6.158599,45.040695,0.042460125330902904,True,671720.4661790031,0.0,671720.4661790031,4,0.0
2017-05-31,6.156692,45.258862,0.041332436314792886,True,671720.4661790031,0.0,671720.4661790031,4,0.0
2017-06-01,6.171947,45.138336,0.04138757046658002,True,671720.4661790031,0.0,671720.4661790031,4,0.0
2017-06-02,6.355642,45.432781,0.04142895535176887,True,671720.4661790031,0.0,671720.4661790031,4,0.0
2017-06-05,6.410944,45.823357,0.041437680774302724,True,671720.4661790031,0.0,671720.4661790031,4,0.0
2017-06-06,6.474506,45.885913,0.04105525938734472,True,671720.4661790031,0.0,671720.4661790031,4,0.0
2017-06-07,6.626421,46.238338,0.040946966686008564,True,671720.4661790031,0.0,671720.4661790031,4,0.0
2017-06-08,6.973474,46.682303,0.04037355151789585,True,671720.4661790031,0.0,671720.4661790031,4,0.0
2017-06-09,6.094401,45.901161,0.0522280605394032,True,526289.916850693,145285.26406424606,671575.180914939,4,0.21633507043293748
2017-06-12,5.992065,44.305323,0.05247243450344543,True,384531.1929759873,284462.76884615124,668993.9618221385,4,0.4252097703114691
2017-06-13,6.107749,45.120015,0.05174900290447002,True,384531.1929759873,289954.66370229813,674485.8566782854,4,0.42988990922696246
2017-06-14,5.910704,44.78285,0.051447339290036996,True,243728.1888707604,421262.63993613364,664990.828806894,4,0.6334863906197775
2017-06-15,5.768324,44.190903,0.04006131313157443,True,100915.57597742544,553784.9973071851,654700.5732846105,4,0.8458599547711781
2017-06-16,5.701583,44.357201,0.03841294803669254,True,730.747567380211,647462.3053813055,648193.0529486857,4,0.9988726390015198
2017-06-19,6.02639,44.853032,0.03969214660289893,True,255315.0442318604,429507.7135794173,684822.7578112778,4,0.6271808415832179
2017-06-20,5.826166,44.898804,0.039932080873886173,True,94049.42594306348,576342.0336823196,670391.459625383,4,0.8597096896257918
2017-06-21,6.024482,44.781321,0.04051074396573853,True,260471.1640317165,429371.72823537065,689842.8922670871,4,0.6224195871965734
2017-06-22,5.979351,44.909471,0.040379328861936487,True,260471.1640317165,426155.1902048827,686626.3542365992,4,0.6206507914755006
2017-06-23,6.03465,45.042218,0.04026103291362682,True,260471.1640317165,430096.4132344622,690567.5772661787,4,0.6228158219317643
2017-06-26,5.884643,44.987295,0.040563134589745135,True,97785.97069743217,581927.9132982865,679713.8839957187,4,0.8561365701071245
2017-06-27,5.409194,43.977134,0.04422337365039851,True,7514.615836161436,625092.2935372684,632606.9093734298,4,0.9881211922841558
2017-06-28,5.685692,43.785958,0.04597978348045301,True,102210.72682946578,562253.7987804462,664464.525609912,4,0.8461757958626209
2017-06-29,5.259185,43.287373,0.04881706573552421,True,7101.556744625323,615090.9987721646,622192.5555167899,4,0.9885862396107796
2017-06-30,5.180367,43.090066,0.04803350606617473,True,7101.556744625323,605872.7943657357,612974.351110361,4,0.9884145939683099
2017-07-03,4.957898,42.785711,0.0483822604158265,True,7101.556744625323,579853.804844385,586955.3615890103,4,0.9879010275578709
2017-07-05,5.272533,42.83313,0.050968992558051054,True,7101.556744625323,616652.1217696653,623753.6785142906,4,0.988614805829217
2017-07-06,5.202616,42.952426,0.05035769052362404,True,7101.556744625323,608474.9389245755,615576.4956692008,4,0.9884635674126818
2017-07-07,5.458138,43.527486,0.050157317346274266,True,105611.45412197633,539751.1551395868,645362.609261563,4,0.8363533111364803
2017-07-10,5.653911,43.954196,0.04205604064872802,True,105611.45412197633,559110.9996314524,664722.4537534288,4,0.8411194724570689
2017-07-11,5.786757,44.324326,0.04235113382702984,True,105611.45412197633,572248.040496977,677859.4946189534,4,0.8441986061118109
2017-07-12,6.062619,45.119614,0.043492207397437345,True,272882.046078857,432089.7958799768,704971.8419588339,4,0.6129178077231747
2017-07-13,6.011768,45.31691,0.042873001946591036,True,272882.046078857,428465.5869019275,701347.6329807844,4,0.610917563207441
2017-07-14,6.252037,45.527972,0.04325878622133722,True,569132.1626184719,149043.17035988224,718175.3329783541,4,0.20753033906328056
2017-07-17,6.171947,45.664105,0.043283612491365316,True,404311.9493176858,311789.4515720725,716101.4008897583,4,0.4353984661734681
2017-07-18,6.229789,45.416327,0.04159480329131982,True,404311.9493176858,314711.4671787898,719023.4164964756,4,0.4376929317716211
2017-07-19,6.396961,45.973046,0.041071354707173095,True,727145.320530371,0.0,727145.320530371,4,0.0
2017-07-20,6.45226,46.040333,0.04052643124120986,True,727145.320530371,0.0,727145.320530371,4,0.0
2017-07-21,6.286994,45.797155,0.04099525037472753,True,564575.9273090133,162406.98623512266,726982.913544136,4,0.22339862905906213
2017-07-24,6.22534,45.783386,0.04105287898842817,True,564575.9273090133,160814.32679734682,725390.2541063601,4,0.2216935310158819
2017-07-25,6.221527,45.506566,0.040575876986609236,True,564575.9273090133,160715.8285582019,725291.7558672152,4,0.22158783311418942
2017-07-26,6.407129,46.158098,0.035370228428097734,True,564575.9273090133,165510.33948969177,730086.2667987051,4,0.22669970250971078
2017-07-27,6.117918,45.665618,0.03597006956305644,True,405471.74838311516,316984.61219544767,722456.3605785628,4,0.43875952859159234
2017-07-28,6.05817,45.292453,0.03066566926493541,True,240447.82571841052,478747.9826850296,719195.8084034402,4,0.6656712637797676
2017-07-31,5.922144,45.193037,0.03100059208438131,True,77755.33101824514,630528.4681069518,708283.7991251969,4,0.890220090994202
2017-08-01,6.021302,45.056899,0.02866881235074018,True,77755.33101824514,641085.7834712099,718841.114489455,4,0.8918323820786607
2017-08-02,5.892907,45.096675,0.02671902243603911,True,176834.87818832963,528126.0825215883,704960.9607099179,3,0.7491564951196003
2017-08-03,5.822988,44.773964,0.026668190897347777,True,133291.1346852111,565360.1404227051,698651.2751079162,4,0.8092165012299984
2017-08-04,5.829344,44.874915,0.024744033750612043,True,133291.1346852111,565977.2512689797,699268.3859541909,4,0.8093848694398963
2017-08-07,6.132539,45.214454,0.026004511343799535,True,484106.00689076935,244248.74024925262,728354.747140022,3,0.3353431019820033
2017-08-08,6.06834,45.592207,0.02578976228564547,True,312221.2786135989,413404.81704321806,725626.095656817,4,0.5697215404980926
2017-08-09,6.008592,45.064561,0.02370337063422156,True,183486.33585632144,537940.8292883202,721427.1651446417,4,0.7456620089714342
2017-08-10,5.507081,44.460433,0.030624981393178007,True,266154.18259967235,410125.36933017,676279.5519298423,3,0.6064435456607102
2017-08-11,5.597975,43.990898,0.02931322306996968,True,266154.18259967235,416894.46085431793,683048.6434539903,4,0.6103437359105152
2017-08-14,6.031474,45.084438,0.03426444313271773,True,356485.066639372,358756.8530759624,715241.9197153344,4,0.5015881245030315
2017-08-15,6.075967,45.355155,0.03423544132980703,True,356485.066639372,361403.3319738087,717888.3986131807,4,0.5034255082990182
2017-08-16,6.103299,45.531041,0.03364599060557811,True,356485.066639372,363029.0609926641,719514.1276320361,4,0.5045475092857653
2017-08-17,5.617043,44.907037,0.03802871805424234,True,234908.92943818582,455560.8513046662,690469.780742852,4,0.6597839094631258
2017-08-18,5.668529,44.515504,0.03791413408262937,True,234908.92943818582,459736.5369795439,694645.4664177297,4,0.6618290325140886
2017-08-21,5.547125,44.226435,0.03808207882900315,True,105151.00766980756,579518.5626598457,684669.5703296532,4,0.8464207959188552
2017-08-22,5.810274,44.703627,0.03982449996019783,True,366300.12806304096,345599.701789162,711899.8298522029,4,0.4854611383471067
2017-08-23,5.887185,44.783153,0.0392819350915205,True,366300.12806304096,350174.42901619227,716474.5570792332,4,0.48874649567977235
2017-08-24,5.880193,45.050796,0.03802069424824549,True,366300.12806304096,349758.53931548115,716058.6673785221,4,0.4884495576262499
2017-08-25,5.792478,45.033974,0.03809505298089538,True,235676.76041391498,475034.056381326,710710.816795241,4,0.6683928894221198
2017-08-28,5.837608,44.855039,0.037841901856240874,True,235676.76041391498,478735.1126416156,714411.8730555306,4,0.6701108012022134
2017-08-29,5.878922,44.773958,0.03767163805288457,True,235676.76041391498,482123.2233958279,717799.9838097428,4,0.6716679218031545
2017-08-30,6.178303,45.50351,0.03898936554929684,True,559765.0919564387,182262.3497995054,742027.4417559442,3,0.2456275058617741
2017-08-31,6.359458,46.112216,0.0392692822085587,True,747183.9784650368,0.0,747183.9784650368,4,0.0
2017-09-01,6.442723,46.528217,0.03930672130483548,True,747183.9784650368,0.0,747183.9784650368,4,0.0
2017-09-05,6.170041,45.899624,0.03917116439845208,True,575795.705312284,171217.05609665622,747012.7614089402,4,0.2292023174727616
2017-09-06,6.206906,45.901169,0.039104671006668354,True,575795.705312284,172240.05039653255,748035.7557088165,4,0.2302564403934448
2017-09-07,6.23551,45.974557,0.0390238420278862,True,575795.705312284,173033.8040640671,748829.509376351,4,0.23107236279747462
2017-09-08,6.004778,45.630456,0.034377394165746984,True,403025.89306536963,339228.26524272654,742254.1583080962,4,0.4570244052468064
2017-09-11,6.356913,46.104578,0.036273789445220125,True,761788.2194527312,0.0,761788.2194527312,4,0.0
2017-09-12,6.44209,46.454807,0.03261037737577509,True,761788.2194527312,0.0,761788.2194527312,4,0.0
2017-09-13,6.46815,46.488461,0.03259709871953886,True,761788.2194527312,0.0,761788.2194527312,4,0.0
2017-09-14,6.558409,46.736214,0.032684897107133466,True,761788.2194527312,0.0,761788.2194527312,4,0.0
2017-09-15,6.890841,47.288348,0.02716369868868031,True,761788.2194527312,0.0,761788.2194527312,4,0.0
2017-09-18,7.164162,48.205994,0.027906235407758162,True,761788.2194527312,0.0,761788.2194527312,4,0.0
2017-09-19,7.238532,48.328362,0.026788084934963718,True,761788.2194527312,0.0,761788.2194527312,4,0.0
2017-09-20,6.93343,47.756348,0.028396306189407503,True,590471.4121758307,171145.6616152851,761617.0737911158,4,0.22471353059795532
2017-09-21,6.848892,47.39235,0.028759550938272246,True,413723.7792081881,345629.97685427364,759353.7560624618,4,0.4551633202507572
2017-09-22,6.946779,47.597287,0.028718752820373356,True,413723.7792081881,350569.85348604625,764293.6326942344,4,0.458684775706219
2017-09-25,6.542519,47.098688,0.03218968533615613,True,245193.54244406236,498530.7095764597,743724.252020522,4,0.6703165968059671
2017-09-26,6.531075,46.971898,0.03223390333121527,True,245193.54244406236,497658.69293571427,742852.2353797767,4,0.669929589269245
2017-09-27,6.988729,47.674673,0.03510401733130846,True,424858.11537312006,352686.86416880146,777544.9795419215,4,0.4535903046748259
2017-09-28,7.14573,47.996888,0.0339326284170109,True,785107.4397911986,0.0,785107.4397911986,4,0.0
2017-09-29,7.326248,48.460287,0.033811384476812596,True,785107.4397911986,0.0,785107.4397911986,4,0.0
2017-10-02,7.453373,48.900678,0.033863094345405846,True,785107.4397911986,0.0,785107.4397911986,4,0.0
2017-10-03,7.527106,49.061785,0.031705597445797325,True,785107.4397911986,0.0,785107.4397911986,4,0.0
2017-10-04,7.576685,49.006553,0.03170186812797877,True,785107.4397911986,0.0,785107.4397911986,4,0.0
2017-10-05,7.592576,49.222892,0.03172911949676389,True,785107.4397911986,0.0,785107.4397911986,4,0.0
2017-10-06,7.691097,49.293491,0.029689835958883564,True,785107.4397911986,0.0,785107.4397911986,4,0.0
2017-10-09,7.85191,49.75227,0.02787314926871771,True,785107.4397911986,0.0,785107.4397911986,4,0.0
2017-10-10,8.004461,49.964037,0.027935438820765126,True,785107.4397911986,0.0,785107.4397911986,4,0.0
2017-10-11,8.161466,50.258637,0.02794961078717308,True,785107.4397911986,0.0,785107.4397911986,4,0.0
2017-10-12,8.078831,50.459665,0.028362277685836212,True,608009.127345208,176921.3910549357,784930.5184001436,4,0.2253975185160839
2017-10-13,8.237737,50.61616,0.026948735369760626,True,608009.127345208,180401.3339534783,788410.4612986862,4,0.22881651475846404
2017-10-16,8.355964,50.709756,0.026054731998493747,True,790816.5688810541,0.0,790816.5688810541,4,0.0
2017-10-17,8.33753,50.743531,0.02613870484402783,True,790816.5688810541,0.0,790816.5688810541,4,0.0
2017-10-18,8.419528,50.715901,0.02332381122234348,True,790816.5688810541,0.0,790816.5688810541,4,0.0
2017-10-19,8.345798,50.487264,0.023163987490209655,True,613679.9201000347,176959.68909192743,790639.609191962,4,0.22381839593488262
2017-10-20,8.465927,51.223805,0.023164978306504786,True,613679.9201000347,179506.83802734668,793186.7581273813,4,0.22631093646991884
2017-10-23,8.601957,51.4018,0.01632898352708826,True,795888.6719372858,0.0,795888.6719372858,4,0.0
2017-10-24,8.777388,51.567505,0.015970572699806503,True,795888.6719372858,0.0,795888.6719372858,4,0.0
2017-10-25,8.434782,51.073426,0.015295596713636854,True,624479.1576005924,171238.2760606328,795717.4336612251,4,0.2151998546427941
2017-10-26,8.586062,51.283641,0.015131180090942876,True,624479.1576005924,174309.47889698978,798788.6364975821,4,0.21821727417315032
2017-10-27,9.112362,52.00175,0.018599628412197162,True,809288.2936945305,0.0,809288.2936945305,3,0.0
2017-10-30,9.198171,52.541873,0.018542477804945005,True,809288.2936945305,0.0,809288.2936945305,4,0.0
2017-10-31,9.40475,52.865628,0.01872414832958702,True,809288.2936945305,0.0,809288.2936945305,4,0.0
2017-11-01,9.317034,52.910139,0.019260245321488553,True,671515.7203831527,137634.93837300473,809150.6587561574,3,0.1700980366061617
2017-11-02,9.440346,52.857959,0.01916962950224822,True,671515.7203831527,139456.5523673995,810972.2727505523,4,0.17196217066017383
2017-11-03,9.943761,53.453327,0.021260024017160855,True,818262.0265035831,0.0,818262.0265035831,4,0.0
2017-11-06,10.36709,54.473719,0.02216715675690639,True,818262.0265035831,0.0,818262.0265035831,3,0.0
2017-11-07,10.338486,54.604144,0.022432250916423105,True,716728.0376949782,101432.55625235257,818160.5939473307,4,0.12397634034533117
2017-11-08,10.442732,54.703878,0.022384384564943953,True,716728.0376949782,102455.33059852694,819183.3682935052,4,0.12507008145436155
2017-11-09,9.807103,53.784754,0.02764335120640154,True,529012.1055134579,283747.47557608096,812759.5810895389,4,0.3491161250854839
2017-11-10,9.993344,54.014923,0.027631339082433055,True,529012.1055134579,289135.95916789863,818148.0646813565,4,0.3534029739231959
2017-11-13,10.074703,54.125397,0.027611761403403365,True,529012.1055134579,291489.9072059068,820502.0127193647,4,0.3552580038650128
2017-11-14,10.046733,54.143809,0.027624650465818523,True,529012.1055134579,290680.655290039,819692.7608034969,4,0.35462147427665675
2017-11-15,9.780409,53.674268,0.028783814434139146,True,334170.5401996606,477622.06037683954,811792.6005765002,4,0.5883547842609712
2017-11-16,10.220899,54.403132,0.029623520392027716,True,732625.9944665963,100278.89120003782,832904.8856666341,4,0.12039656979533427
2017-11-17,10.085508,54.578052,0.030060330669815147,True,535031.5229194851,296347.6227002562,831379.1456197413,4,0.35645303861855654
2017-11-20,10.441462,54.791342,0.030583890214378812,True,739191.0890975305,102442.87042336777,841633.9595208983,4,0.12171903149165175
2017-11-21,10.815845,55.464963,0.03103711572957368,True,845200.9756102024,0.0,845200.9756102024,4,0.0
2017-11-22,10.604816,55.506384,0.029616453225308828,True,648790.7273439469,196214.03423202335,845004.7615759703,4,0.23220464919756867
2017-11-24,10.888307,55.626078,0.029775313422912127,True,648790.7273439469,201459.2843880346,850250.0117319815,4,0.2369412309417753
2017-11-27,10.478328,55.211777,0.029580037865076975,True,546118.149155599,296353.4506762326,842471.5998318315,3,0.35176669544158956
2017-11-28,10.468791,55.029176,0.029625666688738245,True,493508.8265644019,348640.48617257667,842149.3127369785,4,0.41398892203509363
2017-11-29,9.092659,53.597556,0.044024164883032776,True,314038.1557821177,482102.7598537333,796140.915635851,4,0.6055495332364548
2017-11-30,9.261101,53.066637,0.04420565927648836,True,314038.1557821177,491033.7395677293,805071.8953498469,4,0.6099253276682187
2017-12-01,8.943921,51.897418,0.044736740913661754,True,113746.96703340227,674307.605496983,788054.5725303853,4,0.8556610531829425
2017-12-04,8.294942,51.937302,0.045597679612088785,True,14188.849257802845,724837.8946616489,739026.7439194517,4,0.9808006281578502
2017-12-05,8.30575,51.295917,0.04410129448953575,True,14188.849257802845,725782.3313997842,739971.180657587,4,0.9808251326150382
2017-12-06,8.389654,50.933789,0.044321087860961575,True,14188.849257802845,733114.1245230746,747302.9737808774,4,0.9810132573325431
2017-12-07,8.635005,51.742435,0.044972450848895444,True,117621.42211308762,651017.5509158092,768638.9730288968,4,0.8469744233113904
2017-12-08,8.501525,51.981803,0.0432331117840315,True,9980.743358133557,748487.2602334273,758468.0035915609,4,0.9868409170711593
2017-12-11,8.649627,51.754708,0.04318574543068702,True,9980.743358133557,761526.3867683832,771507.1301265168,4,0.9870633167622225
2017-12-12,8.390289,51.529148,0.04332564288631664,True,9980.743358133557,738693.8727083273,748674.6160664608,4,0.9866687835490237
2017-12-13,8.389017,51.569052,0.04334995476108925,True,9980.743358133557,738581.8838833792,748562.6272415128,4,0.9866667891303723
2017-12-14,8.369951,51.41253,0.04316537026427841,True,9980.743358133557,736903.2840905642,746884.0274486978,4,0.986636823132733
2017-12-15,8.742425,51.766985,0.04313304322013544,True,9980.743358133557,769696.4645809099,779677.2079390435,4,0.98719887761691
2017-12-18,9.331655,52.865638,0.0460800608162813,True,336452.52943042543,494774.5900844725,831227.1195148979,4,0.5952339360308909
2017-12-19,9.298003,53.131524,0.04517987737777575,True,336452.52943042543,492990.32410962426,829442.8535400496,4,0.5943632186419462
2017-12-20,9.492665,53.44667,0.044599231766175286,True,523444.1508095395,316132.71682216245,839576.867631702,4,0.37653814559459814
2017-12-21,9.1854,53.323688,0.04490118327981439,True,322741.5622346488,506402.0057522013,829143.5679868502,4,0.6107531015186415
2017-12-22,9.161231,52.796421,0.04422320592605089,True,322741.5622346488,505069.54009180283,827811.1023264516,4,0.6101265598786643
2017-12-26,8.896588,52.23686,0.04394783221745182,True,121335.49935302723,691684.315374499,813019.8147275262,4,0.8507594806976613
2017-12-27,8.986288,52.618092,0.04411093598131552,True,121335.49935302723,698658.2342621774,819993.7336152046,4,0.8520287480514261
2017-12-28,9.043541,52.768737,0.03104566977758012,True,121335.49935302723,703109.491542849,824444.9908958762,4,0.8528276589791891
2017-12-29,8.77254,52.519712,0.03141920363192593,True,15268.856260814937,788000.6199673703,803269.4762281852,4,0.9809916140066581
2018-01-02,9.495844,53.036212,0.035382385225290004,True,551465.532902683,316238.58655492746,867704.1194576104,4,0.3644544026742707
2018-01-03,9.968508,54.186087,0.031591263507850166,True,551465.532902683,331979.6407756369,883445.1736783199,4,0.3757784304750951
2018-01-04,10.143451,54.742558,0.03158477637851201,True,551465.532902683,337805.73975616763,889271.2726588506,4,0.37986804492869225
2018-01-05,10.326662,55.103809,0.03163425642195179,True,551465.532902683,343907.1866292749,895372.719531958,4,0.38409388529175537
2018-01-08,10.558855,55.418931,0.031465981982203205,True,551465.532902683,351639.8732791344,903105.4061818174,4,0.3893674767885739
2018-01-09,10.255409,55.386653,0.032186610405438416,True,350677.30260591436,542121.9019261373,892799.2045320517,4,0.6072159329602931
2018-01-10,9.876264,54.321354,0.03378255640433311,True,151554.78247764363,721003.11804128,872557.9005189235,4,0.8263097699447662
2018-01-11,10.051206,54.561167,0.03269784188821163,True,151554.78247764363,733774.5189957683,885329.301473412,4,0.8288153546647353
2018-01-12,10.207063,54.868605,0.03265275142076648,True,356935.608294375,539566.2334520159,896501.8417463909,4,0.6018573619446644
2018-01-16,10.316482,55.374367,0.03252869186846026,True,356935.608294375,545350.3456592283,902285.9539536033,4,0.6044096588998558
2018-01-17,11.203913,56.279791,0.03563488905737011,True,948605.110500518,0.0,948605.110500518,4,0.0
2018-01-18,11.363588,57.037653,0.03341102120728744,True,948605.110500518,0.0,948605.110500518,4,0.0
2018-01-19,11.394121,57.102218,0.03330699575942434,True,948605.110500518,0.0,948605.110500518,4,0.0
2018-01-22,11.658126,57.263616,0.0333470217633092,True,948605.110500518,0.0,948605.110500518,4,0.0
2018-01-23,11.922766,57.815492,0.03183763109628005,True,948605.110500518,0.0,948605.110500518,4,0.0
2018-01-24,11.102132,56.945422,0.036916061035296384,True,756087.1697592679,192325.6151261239,948412.7848853918,4,0.2027868225641485
2018-01-25,10.5245,56.573411,0.038609482984583054,True,559844.6566179493,378365.5866774408,938210.24329539,4,0.40328443371973993
2018-01-26,11.522626,56.957725,0.04276835416485823,True,973679.5543715887,0.0,973679.5543715887,3,0.0
2018-01-29,11.48573,57.259003,0.04289308686943002,True,913248.1150823847,60371.06822098304,973619.1833033677,4,0.06200685982393196
2018-01-30,10.786597,56.541123,0.04512929623593715,True,709054.4873703342,260685.9371650444,969740.4245353786,4,0.2688203261093752
2018-01-31,11.063323,56.760941,0.042320649708798945,True,758245.1611509207,218133.8209891037,976378.9821400244,3,0.2234110166023839
2018-02-01,10.899836,56.722505,0.04146011859205182,True,534783.3260453573,438148.96971560246,972932.2957609597,4,0.45033860179645174
2018-02-02,9.989501,55.451213,0.046083747828719025,True,326364.97511476936,609765.6844808205,936130.6595955899,4,0.6513681378027298
2018-02-05,8.652942,53.746425,0.05577654251140937,True,349744.9070431971,504584.11981650576,854329.0268597028,3,0.5906203628258181
2018-02-06,9.542283,52.848686,0.06036616986291466,True,456386.48494355753,449696.46082907636,906082.9457726339,4,0.4963082716953819
2018-02-07,8.907405,53.703384,0.06183461494574238,True,339190.28655664506,536855.8649029628,876046.1514596079,4,0.6128168750110831
2018-02-08,7.780142,52.124632,0.06793322643311589,True,231572.76204888208,576424.907492731,807997.6695416131,4,0.7133992203464447
2018-02-09,8.488817,51.41752,0.07122728207837414,True,348758.3103154836,511627.2576062247,860385.5679217083,4,0.5946488140684163
2018-02-12,8.936666,53.074646,0.07230907533771264,True,348758.3103154836,538619.4469409329,887377.7572564165,4,0.6069787557062843
2018-02-13,8.923308,53.071572,0.07220693336665918,True,348758.3103154836,537814.350434894,886572.6607503776,4,0.6066218531707244
2018-02-14,9.522564,53.646497,0.07115900736156808,True,473797.9276769363,448767.16911648633,922565.0967934227,4,0.48643415047488253
2018-02-15,9.874355,54.502745,0.07169361818312604,True,473797.9276769363,465345.9236610247,939143.851337961,4,0.4955001547399419
2018-02-16,9.762393,55.246764,0.07166242433473811,True,473797.9276769363,460069.5222854477,933867.4499623841,4,0.49264970344986236
2018-02-20,10.268132,55.564989,0.07254378312949031,True,473797.9276769363,483903.34050308354,957701.2681800199,4,0.5052758689801837
2018-02-21,9.920158,55.747921,0.07247122896524703,True,546034.222967034,395056.6663564345,941090.8893234686,3,0.41978587917308696
2018-02-22,9.846366,55.343609,0.07098182294676668,True,509747.47081102605,428368.50296898396,938115.97378001,4,0.45662638196312944
2018-02-23,10.485698,55.941596,0.07165430048258359,True,739318.6941914572,226381.76982045162,965700.4640119089,4,0.23442234756724722
2018-02-26,11.153021,57.105293,0.06999889562083338,True,739318.6941914572,240788.99018688727,980107.6843783446,4,0.24567605583014393
2018-02-27,11.049963,57.840084,0.07001928340541964,True,739318.6941914572,238564.01170341804,977882.7058948753,4,0.24395974104594118
2018-02-28,10.745884,57.326644,0.06884768220302535,True,590761.9196546035,380407.4413114389,971169.3609660424,4,0.39170041457345783
2018-03-01,10.227418,56.184481,0.06941707398920118,True,454160.7405250309,498518.30745622824,952679.0479812592,4,0.5232804358536023
2018-03-02,10.756063,56.089174,0.07040257419044194,True,597535.661004561,380767.7808930973,978303.4418976583,4,0.389212349242588
2018-03-05,11.049328,57.006911,0.06758691995849649,True,597535.661004561,391149.44779702066,988685.1088015817,4,0.3956259119459643
2018-03-06,11.548709,58.036861,0.05824471727054861,True,945313.119694609,60702.09720264022,1006015.2168972492,4,0.060339144163104756
2018-03-07,11.639675,58.095274,0.05483923940908885,True,945313.119694609,61180.23090348379,1006493.3505980928,4,0.060785529151413074
2018-03-08,11.689298,58.508791,0.051655546039115846,True,945313.119694609,61441.05834051477,1006754.1780351237,4,0.06102885856448982
2018-03-09,12.417691,59.292777,0.03893770161493373,True,1010517.4733784914,0.0,1010517.4733784914,4,0.0
2018-03-12,12.804475,60.316591,0.036004529335601304,True,1010517.4733784914,0.0,1010517.4733784914,4,0.0
2018-03-13,12.206491,59.913821,0.03829325271513829,True,785869.8177660138,224423.23238009764,1010293.0501461114,4,0.22213676749299713
2018-03-14,12.201397,59.312764,0.03826867800708965,True,785869.8177660138,224329.57631253952,1010199.3940785533,4,0.22206465142177229
2018-03-15,12.165776,59.411148,0.036637415509778073,True,785869.8177660138,223674.66410553327,1009544.4818715471,4,0.2215599888088867
2018-03-16,12.156231,59.491084,0.036293761666818844,True,785869.8177660138,223499.17388864228,1009368.9916546561,4,0.2214246482074515
2018-03-19,11.45201,58.239768,0.03930036463815778,True,563852.0340173569,432347.66075596085,996199.6947733178,4,0.4339969817540852
2018-03-20,11.719833,58.547223,0.03820234386225332,True,563852.0340173569,442458.78077302716,1006310.8147903841,4,0.4396840163793648
2018-03-21,11.799351,59.005313,0.036960661852394786,True,792146.6007591371,216937.73349010272,1009084.3342492398,4,0.21498474025117506
2018-03-22,10.830493,57.801321,0.04248330477168491,True,575791.1367360504,415264.05655867653,991055.1932947269,4,0.4190120382479873
2018-03-23,9.747127,56.242601,0.04680803547274475,True,363364.25105034036,585940.178968267,949304.4300186074,4,0.6172310593312853
2018-03-26,10.972991,56.750867,0.05236987860731054,True,602029.5567796184,420727.7318993557,1022757.2886789741,4,0.41136615358936335
2018-03-27,9.749669,56.616874,0.05859088635654133,True,421368.0070577675,554304.0422744701,975672.0493322376,4,0.5681253682052724
2018-03-28,9.131331,54.830171,0.05991121098694362,True,250885.99614807428,689460.9836268232,940346.9797748975,4,0.7331984878516524
2018-03-29,9.721679,55.124347,0.06107534485742675,True,432027.1631914327,552712.7092617019,984739.8724531346,4,0.5612778813198777
2018-04-02,8.595688,54.103161,0.06533396035835728,True,277531.8193729274,643037.0400380974,920568.8594110248,4,0.6985213908381707
2018-04-03,9.08807,53.964526,0.06652477817193274,True,440550.66971064615,516689.7396694537,957240.4093800999,4,0.5397700876460672
2018-04-04,9.434772,53.987642,0.066252554253735,True,440550.66971064615,536401.0057713741,976951.6754820202,4,0.5490558225479455
2018-04-05,9.144689,54.803977,0.06627136223428924,True,284219.2206244022,676084.0089749156,960303.2295993178,4,0.7040317975989819
2018-04-06,8.31006,53.470107,0.06870090832378961,True,137690.81580960593,760760.3444191352,898451.1602287411,4,0.8467464655791078
2018-04-09,8.462098,53.929121,0.06681384673588757,True,137690.81580960593,774678.95406152,912369.7698711259,4,0.8490844169145861
2018-04-10,9.275734,54.623773,0.07051043308454553,True,300919.83041296236,685772.4116046954,986692.2420176577,4,0.6950215907265873
2018-04-11,9.279551,54.927204,0.07019307384734999,True,300919.83041296236,686054.6095736211,986974.4399865834,4,0.6951087908446211
2018-04-12,9.808197,55.685002,0.07183990061199214,True,468259.1520923752,557631.5713409686,1025890.7234333438,4,0.543558449846145
2018-04-13,9.577909,56.002295,0.0718689575325061,True,322798.2349417725,689854.4648927248,1012652.6998344972,4,0.6812350028844747
2018-04-16,9.639614,55.537148,0.07194595192304072,True,322798.2349417725,694298.8033966932,1017097.0383384656,4,0.6826278882208751
2018-04-17,10.182891,56.375044,0.07247267030602438,True,665450.2618315628,390433.6233036518,1055883.8851352148,4,0.36976946878363764
2018-04-18,9.867357,56.025406,0.07235133199872451,True,522345.5668982939,521297.11417789257,1043642.6810761865,4,0.4994976955526003
2018-04-19,8.593145,54.298787,0.07779351430749273,True,393523.8902243733,582672.878226547,976196.7684509204,4,0.5968805645107416
2018-04-20,8.284611,53.383868,0.0762328851301792,True,260703.39749156972,694440.0081500153,955143.405641585,4,0.7270531357367733
2018-04-23,7.951269,52.793943,0.07345364191548898,True,125826.46701880792,801240.5077786532,927066.9747974611,4,0.8642746743876865
2018-04-24,7.757876,52.376541,0.0669439146058881,True,16170.570278321542,891298.8612816064,907469.4315599279,4,0.9821805895428075
2018-04-25,7.730522,51.63721,0.06262132102769548,False,16170.570278321542,888156.1726060595,904326.742884381,4,0.9821186640718542
2018-04-26,8.202547,52.659932,0.06318060989304145,True,779434.2754787195,178359.17821462423,957793.4536933438,1,0.18621883196930827
2018-04-27,8.021244,52.968,0.06119251966731434,True,736563.1489543521,217245.15778195797,953808.3067363101,1,0.22776605765294258
2018-04-30,7.755332,52.304143,0.05546386427612187,True,946396.3762776298,0.0,946396.3762776298,0,0.0
2018-05-01,8.138931,52.334943,0.05505859228029207,True,946396.3762776298,0.0,946396.3762776298,0,0.0
2018-05-02,8.026971,52.709231,0.0541393813472659,True,946396.3762776298,0.0,946396.3762776298,0,0.0
2018-05-03,8.172012,52.461249,0.0541484996229029,True,946396.3762776298,0.0,946396.3762776298,0,0.0
2018-05-04,8.761086,53.313007,0.052257914884060806,True,946396.3762776298,0.0,946396.3762776298,0,0.0
2018-05-07,9.00092,54.662281,0.05243377495764109,True,946396.3762776298,0.0,946396.3762776298,0,0.0
2018-05-08,9.1924,54.75007,0.048361683869543384,True,946396.3762776298,0.0,946396.3762776298,0,0.0
2018-05-09,9.589358,55.47553,0.04929797108965534,True,946396.3762776298,0.0,946396.3762776298,0,0.0
2018-05-10,10.101461,56.495179,0.0491094404979613,True,946396.3762776298,0.0,946396.3762776298,0,0.0
2018-05-11,9.860359,56.647665,0.04912029154873012,True,946396.3762776298,0.0,946396.3762776298,0,0.0
2018-05-14,10.248412,57.417797,0.04981370543235649,True,946396.3762776298,0.0,946396.3762776298,0,0.0
2018-05-15,9.885808,56.504427,0.04898008244718648,True,946396.3762776298,0.0,946396.3762776298,0,0.0
2018-05-16,10.284673,56.914133,0.049264980436320764,True,946396.3762776298,0.0,946396.3762776298,0,0.0
2018-05-17,10.16444,57.085103,0.03685671976318721,True,946396.3762776298,0.0,946396.3762776298,0,0.0
2018-05-18,9.736946,56.344233,0.03729303511251662,True,946396.3762776298,0.0,946396.3762776298,0,0.0
2018-05-21,10.041028,56.844836,0.0357371456189382,True,946396.3762776298,0.0,946396.3762776298,0,0.0
2018-05-22,10.210244,57.251458,0.0347083773021411,True,946396.3762776298,0.0,946396.3762776298,0,0.0
2018-05-23,10.373733,56.954184,0.03447074029464506,True,946396.3762776298,0.0,946396.3762776298,0,0.0
2018-05-24,10.481245,57.374675,0.03283931172118759,True,946396.3762776298,0.0,946396.3762776298,1,0.0
2018-05-25,10.739524,57.896823,0.03189564182975702,True,946396.3762776298,0.0,946396.3762776298,1,0.0
2018-05-29,10.534046,57.827504,0.03089497772305511,True,888320.1602939725,58018.19778587144,946338.3580798439,1,0.061308090589916
2018-05-30,10.742703,58.23414,0.029935127498169675,True,888320.1602939725,59167.414629561565,947487.5749235341,2,0.062446639085833505
2018-05-31,10.509872,57.987699,0.030379059056173302,True,772035.5572948807,174053.48959468302,946089.0468895638,2,0.18397157240844808
2018-06-01,11.214093,58.551428,0.03248076290931409,True,957565.901267673,0.0,957565.901267673,2,0.0
2018-06-04,11.488272,59.287685,0.030016359233047355,True,957565.901267673,0.0,957565.901267673,3,0.0
2018-06-05,11.64095,59.709711,0.029848889395656237,True,957565.901267673,0.0,957565.901267673,3,0.0
2018-06-06,11.865513,59.869892,0.029823979157407837,True,957565.901267673,0.0,957565.901267673,3,0.0
2018-06-07,11.550616,59.765166,0.030229420221166346,True,726149.0743969507,231185.6412294929,957334.7156264435,4,0.24148883087167042
2018-06-08,11.245903,58.934961,0.029492223332995247,True,493804.8775030175,457198.89370829257,951003.77121131,4,0.48075402805811207
2018-06-11,11.162563,59.053552,0.028841092844779852,True,256978.4557896806,690400.5622913763,947379.0180810569,4,0.728747997490806
2018-06-12,11.333688,59.061255,0.027917734132998542,True,256978.4557896806,700984.5828449097,957963.0386345903,4,0.7317449155909411
2018-06-13,11.294884,59.498688,0.02629943930641886,True,256978.4557896806,698584.5692083322,955563.0249980128,4,0.7310711600731779
2018-06-14,11.488272,59.535676,0.025277991500182583,True,256978.4557896806,710545.5484153839,967524.0042050645,4,0.7343957827683885
2018-06-15,11.466008,59.283062,0.025018461314257747,True,256978.4557896806,709168.5279122205,966146.983701901,4,0.7340172249929936
2018-06-18,11.11358,58.770146,0.023921443742395736,True,25977.65514130784,918141.0117329517,944118.6668742596,4,0.9724847563629757
2018-06-19,10.746482,57.876806,0.02481393308092901,True,25977.65514130784,887813.4548948181,913791.110036126,4,0.9715715606597651
2018-06-20,10.915403,58.594571,0.02478365797124659,True,25977.65514130784,901768.7508339253,927746.4059752332,4,0.971999185365746
2018-06-21,10.506168,58.382009,0.026250975221716658,True,25977.65514130784,867960.0737976747,893937.7289389826,4,0.9709401960557803
2018-06-22,10.26267,57.725843,0.026677973036618733,True,25977.65514130784,847843.6486605946,873821.3038019025,4,0.9702712041600704
2018-06-25,9.356237,55.883694,0.03288913333957415,True,25977.65514130784,772959.2899131761,798936.945054484,4,0.9674847241673918
2018-06-26,9.454407,55.902855,0.03297047063203987,True,25977.65514130784,781069.5390967717,807047.1942380796,4,0.9678114795184525
2018-06-27,8.758968,55.43455,0.03598790567692657,True,25977.65514130784,723616.3091691919,749593.9643104997,4,0.9653443645784916
2018-06-28,8.980154,54.718958,0.03670363924847228,True,25977.65514130784,741889.4432826969,767867.0984240047,4,0.9661690737959404
2018-06-29,9.01968,55.431474,0.03266661319538893,True,25977.65514130784,745154.8574543458,771132.5125956537,4,0.9663123332021544
2018-07-02,9.186048,54.827162,0.03235971368461726,True,25977.65514130784,758899.2389983656,784876.8941396734,4,0.9669022552004378
2018-07-03,8.666537,55.068274,0.03344947510548963,True,25977.65514130784,715980.1836492885,741957.8387905963,4,0.9649876936624163
2018-07-05,9.367714,55.406742,0.03873374364260845,True,25977.65514130784,773907.4546262261,799885.109767534,4,0.96752326699911
2018-07-06,9.721489,56.125417,0.04004197203919381,True,25977.65514130784,803134.340690467,829111.9958317749,4,0.9686680987949683
2018-07-09,9.903159,56.714287,0.04024243145069024,True,25977.65514130784,818142.8867756642,844120.541916972,4,0.9692251830736006
2018-07-10,10.212951,57.306231,0.04108797698787159,True,25977.65514130784,843736.1465809452,869713.8017222531,4,0.9701308003967908
2018-07-11,9.419985,56.480914,0.04416602480326361,True,25977.65514130784,778225.7884866288,804203.4436279366,4,0.9676976574184798
2018-07-12,9.62205,56.040423,0.044678013588753174,True,25977.65514130784,794919.2539168339,820896.9090581418,4,0.968354546283877
2018-07-13,9.499027,56.374269,0.04429614487682167,True,25977.65514130784,784755.7906865857,810733.4458278936,4,0.9679578346311094
2018-07-16,9.460144,56.321705,0.0442793419442856,True,25977.65514130784,781543.4975317956,807521.1526731035,4,0.9678303719285679
2018-07-17,9.879574,56.335615,0.04548926826625012,True,25977.65514130784,816194.4277047148,842172.0828460227,4,0.9691539821012359
2018-07-18,10.093113,57.266044,0.04538788886743084,True,25977.65514130784,833835.8100049675,859813.4651462754,4,0.9697868709966196
2018-07-19,10.01917,57.204219,0.04517898970933412,True,25977.65514130784,827727.0582948463,853704.7134361542,4,0.9695706785584585
2018-07-20,9.872562,57.02032,0.04455176335464666,True,25977.65514130784,815615.1359936486,841592.7911349564,4,0.9691327499297198
2018-07-23,9.913998,56.57827,0.04431568575906405,True,25977.65514130784,819038.3435435259,845015.9986848338,4,0.9692577949036006
2018-07-24,9.594003,57.049651,0.03964829410102086,True,25977.65514130784,792602.1696869032,818579.8248282111,4,0.968264970191808
2018-07-25,9.744437,56.21971,0.039727168594418064,True,25977.65514130784,805030.1744305623,831007.8295718702,4,0.9687395783566909
2018-07-26,10.274146,57.436066,0.03679539739936388,True,25977.65514130784,848791.7307593105,874769.3859006184,4,0.9703034244681956
2018-07-27,10.12626,57.721998,0.036895194728495215,True,25977.65514130784,836574.227339068,862551.8824803758,4,0.9698827912048539
2018-07-30,9.838141,57.170217,0.037712161046591794,True,25977.65514130784,812771.4679978398,838749.1231391476,4,0.9690280985998739
2018-07-31,10.021722,57.689533,0.03771629774232279,True,25977.65514130784,827937.8900755994,853915.5452169073,4,0.9695781915590854
2018-08-01,9.966903,57.432965,0.03484599666854899,True,25977.65514130784,823409.0548917803,849386.7100330881,4,0.9694159858702099
2018-08-02,10.276057,57.215047,0.031203809280543417,True,25977.65514130784,848949.6067518729,874927.2618931808,4,0.9703087830580372
2018-08-03,10.326416,57.788451,0.03025823896212712,True,25977.65514130784,853109.9820053789,879087.6371466868,4,0.9704492998836552
2018-08-06,10.512544,57.907448,0.030241034817844653,True,25977.65514130784,868486.8227922209,894464.4779335287,4,0.9709573093373995
2018-08-07,10.770068,58.567406,0.02995613237606213,True,25977.65514130784,889761.9965801018,915739.6517214096,4,0.9716320516508431
2018-08-08,10.852297,58.769877,0.022612096921880275,True,25977.65514130784,896555.2906629976,922532.9458043055,4,0.971840945887673
2018-08-09,10.516369,58.5025,0.023907575623736854,True,25977.65514130784,868802.8226203481,894780.4777616559,4,0.9709675660265941
2018-08-10,9.724039,56.970851,0.030085594076682216,True,25977.65514130784,803345.0072425518,829322.6623838596,4,0.9686760578004272
2018-08-13,9.762287,57.157863,0.030065093475617477,True,25977.65514130784,806504.8402951563,832482.4954364642,4,0.9687949533068705
2018-08-14,9.732964,57.075945,0.028413859870563142,True,25977.65514130784,804082.3401748489,830059.9953161568,4,0.9687038825050069
2018-08-15,9.332017,56.020319,0.029339948272489536,True,25977.65514130784,770958.370740041,796936.0258813489,4,0.9674030859471078
2018-08-16,9.267001,56.154785,0.029337832322325074,True,25977.65514130784,765587.117190885,791564.7723321929,4,0.9671818958481821
2018-08-17,9.055371,55.213543,0.029559140961414862,False,25977.65514130784,748103.4456545261,774081.100795834,4,0.9664406544551983
2018-08-20,9.034337,55.355733,0.029496277927408086,False,585023.1304900702,186760.65532080436,771783.7858108745,1,0.241985720294168
2018-08-21,9.569144,56.201169,0.03178296494024982,True,585023.1304900702,197816.3537954299,782839.4842855001,1,0.2526908232994628
2018-08-22,9.694717,56.524181,0.0317224134621161,True,585023.1304900702,200412.2383379923,785435.3688280626,1,0.25516069977473094
2018-08-23,9.727864,57.080567,0.02918327197413543,True,585023.1304900702,201097.46354510143,786120.5940351717,1,0.25580994197450596
2018-08-24,10.14602,57.466975,0.030686693872009035,True,585023.1304900702,209741.71586669693,794764.8463567671,1,0.26390411808997477
2018-08-27,10.621546,58.590585,0.03150871460687392,True,585023.1304900702,219571.9388683495,804595.0693584197,1,0.27289744522475773
2018-08-28,10.744571,58.728133,0.031376305022897656,True,585023.1304900702,222115.1503536906,807138.2808437608,1,0.2751884721927665
2018-08-29,10.833809,58.95071,0.031320109806170685,True,585023.1304900702,223959.90635067387,808983.0368407441,1,0.27684128857050744
2018-08-30,10.529119,58.779139,0.031486778377374944,True,585023.1304900702,217661.2588605818,802684.389350652,1,0.2711666773993989
2018-08-31,10.708872,58.674055,0.031675198380477235,True,585023.1304900702,221377.16940010234,806400.2998901726,1,0.27452515758023993
2018-09-04,10.954922,58.908974,0.031822808350781225,True,585023.1304900702,226463.59237078452,811486.7228608547,1,0.27907245552015786
2018-09-05,10.797477,58.963072,0.031580814619437514,True,808008.7614722863,0.0,808008.7614722863,0,0.0
2018-09-06,9.931209,58.116112,0.036629559582109845,True,808008.7614722863,0.0,808008.7614722863,0,0.0
2018-09-07,9.81073,57.561248,0.036132184123148364,True,808008.7614722863,0.0,808008.7614722863,0,0.0
2018-09-10,10.130724,57.559708,0.03232784644799105,True,808008.7614722863,0.0,808008.7614722863,0,0.0
2018-09-11,9.827942,57.309324,0.03312154044475581,True,808008.7614722863,0.0,808008.7614722863,0,0.0
2018-09-12,9.490739,55.992508,0.034046450453246536,True,808008.7614722863,0.0,808008.7614722863,0,0.0
2018-09-13,9.824753,57.499426,0.033521514173361355,True,808008.7614722863,0.0,808008.7614722863,0,0.0
2018-09-14,10.143473,57.762162,0.03406227451040587,True,808008.7614722863,0.0,808008.7614722863,0,0.0
2018-09-17,9.688981,57.417501,0.03538651197318945,True,808008.7614722863,0.0,808008.7614722863,0,0.0
2018-09-18,9.961163,57.616889,0.03576667600712434,True,808008.7614722863,0.0,808008.7614722863,1,0.0
2018-09-19,10.017896,57.678708,0.033562534924104166,True,808008.7614722863,0.0,808008.7614722863,1,0.0
2018-09-20,10.362748,58.307756,0.03422902417230868,True,808008.7614722863,0.0,808008.7614722863,1,0.0
2018-09-21,10.269683,58.341767,0.03434021557554251,True,707814.1713149849,100094.49566163975,807908.6669766246,2,0.12389333071053167
2018-09-24,10.378681,58.021826,0.03314011894746521,True,707814.1713149849,101156.85560382369,808971.0269188086,2,0.125043854770804
2018-09-25,9.861051,57.789986,0.033353253806817765,True,610952.0333321138,192877.09548804662,803829.1288201604,2,0.23994788018088697
2018-09-26,9.582998,57.183487,0.03359456583523308,True,463003.018081915,335239.7355799371,798242.7536618521,3,0.41997216265611076
2018-09-27,9.707001,57.107417,0.03371053660676669,True,463003.018081915,339577.7029812784,802580.7210631934,3,0.42310722656212524
2018-09-28,9.882786,57.256441,0.03364076244587659,True,615275.5199744053,193302.22093060162,808577.7409050069,3,0.2390644846520838
2018-10-01,9.965245,57.819957,0.03342429746817513,True,615275.5199744053,194915.07664109828,810190.5966155035,4,0.24057928770753206
2018-10-02,9.981222,57.973644,0.03287838637183943,True,615275.5199744053,195227.57855946507,810503.0985338704,4,0.24087209402729584
2018-10-03,9.997844,57.649195,0.032822645513299345,True,615275.5199744053,195552.69634672755,810828.2163211328,4,0.24117648154128601
2018-10-04,9.46027,56.79849,0.02965395959520907,True,422971.9055920027,377149.5277444896,800121.4333364923,4,0.471365360345095
2018-10-05,8.792296,55.790999,0.03359049896874133,False,233852.193495975,539450.4054046983,773302.5989006733,4,0.6975929036984756
2018-10-08,8.480365,54.820757,0.03303300578238432,False,640935.577208435,112772.12078684887,753707.6979952839,1,0.14962315110592717
2018-10-09,8.473333,54.631366,0.03268159276129033,False,640935.577208435,112678.60906260432,753614.1862710393,1,0.14951763264987047
2018-10-10,7.348968,53.09606,0.044231090416122616,False,618947.7161506165,119692.66835634352,738640.38450696,1,0.1620445765854489
2018-10-11,7.115018,52.307454,0.042972198565322715,False,594331.1852192342,140474.26285383754,734805.4480730718,1,0.19117204863166484
2018-10-12,7.511325,52.662942,0.04454362215251559,False,620266.9352209716,122336.9774016858,742603.9126226574,1,0.16474055054413567
2018-10-15,7.310616,52.434756,0.04405534681265287,False,595518.5163946982,143791.72432497988,739310.2407196781,1,0.19449443062631797
2018-10-16,8.026529,53.386364,0.04945617144973054,False,646603.3235058812,106736.99750979412,753340.3210156753,1,0.14168496565521435
2018-10-17,7.924894,53.895542,0.04930447463740666,False,623731.1188866016,128234.807823071,751965.9267096727,1,0.17053273727997162
2018-10-18,7.331709,52.846131,0.05018668446612238,False,602234.3689004751,140111.59901173762,742345.9679122127,1,0.18874164482335645
2018-10-19,6.985898,52.189467,0.05061283748180603,False,580478.6460542419,155237.015138547,735715.661192789,1,0.2110013736650201
2018-10-22,7.122049,51.823109,0.0509208485481859,False,580478.6460542419,158262.49229955455,738741.1383537964,1,0.2142326778392566
2018-10-23,7.007631,50.959988,0.05034935432522807,False,558332.7049179162,177843.77195223377,736176.47687015,1,0.24157763462958712
2018-10-24,5.621828,49.472794,0.06786636044240092,False,558332.7049179162,142674.05015856033,701006.7550764766,1,0.20352735423069532
2018-10-25,6.004074,49.0816,0.07047040901125244,False,558332.7049179162,152374.91346795173,710707.6183858679,1,0.2143988744823361
2018-10-26,5.684473,48.507215,0.07006446764217214,False,558332.7049179162,144263.89173183206,702596.5966497483,1,0.205329619328841
2018-10-29,5.516999,48.372168,0.0695513297239921,False,558332.7049179162,140013.63827757223,698346.3431954884,1,0.20049312156042629
2018-10-30,6.203508,48.920148,0.07672001778093132,False,558332.7049179162,157436.26655796485,715768.9714758811,1,0.21995402543552406
2018-10-31,6.426591,50.567231,0.07767105934388503,False,558332.7049179162,163097.79784841381,721430.50276633,1,0.22607555020617265
2018-11-01,7.311255,52.006279,0.08418235271696879,False,604115.4806132483,139720.71570660564,743836.1963198539,1,0.1878380164851845
2018-11-02,6.98334,52.273287,0.08336904313603627,False,591001.1178758618,146555.40345599028,737556.5213318521,1,0.19870396263508863
2018-11-05,6.803724,51.462963,0.08324298140796488,False,577496.3902401354,156277.14054021155,733773.530780347,1,0.2129773478937232
2018-11-06,7.050457,52.043554,0.08387436864996844,False,577496.3902401354,161944.4379962677,739440.8282364031,1,0.21900932679429114
2018-11-07,7.303584,52.690898,0.07824647735103636,False,605652.6871218999,139574.12013441106,745226.807256311,1,0.1872907935884362
2018-11-08,7.207703,52.666051,0.07795046626848802,False,605652.6871218999,137741.79969931956,743394.4868212194,1,0.1852876260736184
2018-11-09,6.805642,51.747042,0.07790932589805341,False,591674.0975514641,144022.89415959036,735696.9917110545,1,0.19576387532131634
2018-11-12,5.913947,50.120149,0.083526233903633,False,578802.8482773203,138010.9867509872,716813.8350283075,1,0.19253393281051426
2018-11-13,6.132556,50.47719,0.08071100597781126,False,578802.8482773203,143112.56168945835,721915.4099667786,1,0.19824007039279598
2018-11-14,6.204147,50.457007,0.0809057540196561,False,592278.7167414754,131293.88920715198,723572.6059486273,1,0.18145226633479497
2018-11-15,6.831848,51.138514,0.0828287990770908,False,592278.7167414754,144577.47284068266,736856.1895821581,1,0.19620853415463171
2018-11-16,6.587671,50.891684,0.08253194813226301,False,578827.5856249605,152847.82448658338,731675.4101115438,1,0.208901136179063
2018-11-19,5.821262,50.348345,0.08659717244929177,False,566457.2569814237,147423.4942040811,713880.7511855048,1,0.20650997237180374
2018-11-20,5.848748,49.059871,0.08664567989353884,False,566457.2569814237,148119.57731487276,714576.8342962965,1,0.20728292635002432
2018-11-21,5.918422,50.067367,0.07098296522032839,False,566457.2569814237,149884.07177246205,716341.3287538858,1,0.20923554980862746
2018-11-23,5.915864,49.713426,0.06940622482539562,False,566457.2569814237,149819.2904074979,716276.5473889216,1,0.20916403162108488
2018-11-26,6.250172,50.276938,0.06925086989454247,False,579712.4931886377,145017.13775125652,724729.6309398941,1,0.20009825948910817
2018-11-27,6.29044,50.62778,0.06876900189835862,False,579712.4931886377,145951.44005573192,725663.9332443696,1,0.20112814399249235
2018-11-28,6.722543,51.099696,0.06531342164401,False,579712.4931886377,155977.1385923052,735689.6317809429,1,0.21201486585412221
2018-11-29,6.562742,51.703568,0.06516476705104782,False,562519.2478666329,169445.48850072734,731964.7363673602,1,0.23149405986641086
2018-11-30,6.83249,51.622861,0.0586982532155276,False,594306.566194383,144591.0590237423,738897.6252181253,1,0.19568483385104735
2018-12-03,7.384764,53.546256,0.06046904539892071,False,609444.3495381715,141125.49916592648,750569.848704098,1,0.18802447155263133
2018-12-04,6.307699,52.142901,0.07015666523462626,False,593215.8397336848,136754.69669040872,729970.5364240935,1,0.18734276229877567
2018-12-06,6.204147,50.073585,0.06958189856694236,False,593215.8397336848,134509.6272361299,727725.4669698146,1,0.1848356740849214
2018-12-07,5.509328,49.69946,0.07316101616748788,False,578519.6922792159,134127.0006609459,712646.6929401618,1,0.18820967246417578
2018-12-10,5.742639,49.170095,0.07421026428874325,False,593807.5910580612,124503.85705587917,718311.4481139404,1,0.17332851562200083
2018-12-11,5.844273,50.27694,0.07365331331102469,False,593807.5910580612,126707.34312004189,720514.9341781031,1,0.17585665072241413
2018-12-12,6.103153,50.778357,0.06740962311490571,False,593807.5910580612,132320.016755739,726127.6078138002,1,0.18222694651994228
2018-12-13,6.035397,50.694528,0.06695678073799013,False,593807.5910580612,130851.02604629718,724658.6171043584,1,0.18056919901009508
2018-12-14,5.777795,50.191561,0.06755436974351765,False,577354.3636304694,141702.85085389926,719057.2144843687,1,0.1970675601322121
2018-12-17,5.561104,49.573082,0.06366717045635335,False,560955.857148057,152770.5373590388,713726.3945070958,1,0.21404636081105444
2018-12-18,5.780992,49.990002,0.06426112001946481,False,577968.7065619612,141781.25862263804,719749.9651845993,1,0.19698682248115762
2018-12-19,5.050377,48.708122,0.06539854970466122,False,562334.7594756193,139480.94741867622,701815.7068942955,1,0.1987429834477675
2018-12-20,4.921259,47.504044,0.0654656675562116,False,562334.7594756193,135914.97581520886,698249.7352908282,1,0.19465095215338518
2018-12-21,4.695617,47.236458,0.06581647551286206,False,562334.7594756193,129683.21134743847,692017.9708230578,1,0.18739861797692706
2018-12-24,4.287804,45.851911,0.06807782566438883,False,562334.7594756193,118420.26135189306,680755.0208275124,1,0.17395429740340912
2018-12-26,5.02481,46.435294,0.07711651357336867,False,562334.7594756193,138774.8398582598,701109.5993338791,1,0.19793601455479873
2018-12-27,5.137268,47.33135,0.07738195050450852,False,562334.7594756193,141880.69678434855,704215.4562599679,1,0.2014734205606131
2018-12-28,5.245683,48.726802,0.07566116320801576,False,562334.7594756193,144874.89442828597,707209.6539039053,1,0.20485423753558005
2018-12-31,5.34512,48.756353,0.07591973819050886,False,578848.0533480037,131091.31462023038,709939.367968234,1,0.18465142311434124
2019-01-02,5.486895,48.672358,0.07548989298765332,False,578848.0533480037,134568.4060850213,713416.459433025,1,0.1886253173804921
2019-01-03,4.511789,47.281568,0.08296683127795992,False,566285.6786955057,123203.3464135457,689489.0251090514,1,0.17868790064361
2019-01-04,5.094928,47.745161,0.08289740028368796,False,580443.3694597863,124955.25066142972,705398.620121216,1,0.17714133129429335
2019-01-07,5.393874,49.009923,0.08424431459657271,False,580443.3694597863,132287.02696214127,712730.3964219276,1,0.1856059845718001
2019-01-08,5.311118,49.093929,0.08009491343500652,False,580443.3694597863,130257.40127876805,710700.7707385544,1,0.18328023078321082
2019-01-09,5.721689,49.993104,0.08136319878853492,False,580443.3694597863,140326.82762185158,720770.1970816379,1,0.19469010815101376
2019-01-10,5.882712,50.293358,0.08151217468374251,False,580443.3694597863,144275.9843768156,724719.353836602,1,0.1990784206507401
2019-01-11,6.046938,51.029184,0.08114892469725564,False,597628.6212118381,131101.24184678227,728729.8630586204,1,0.1799037592565851
2019-01-14,5.760822,50.492486,0.08183377981465002,False,584069.7043651183,138443.44687444065,722513.1512395589,1,0.19161373967646697
2019-01-15,5.798671,50.764725,0.08126841586323655,False,584069.7043651183,139353.02992018493,723422.7342853032,1,0.19263015014016263
2019-01-16,5.656898,50.560932,0.0809886757114801,False,570205.3464282199,149796.4640546049,720001.8104828248,1,0.20805012136587983
2019-01-17,5.852559,50.248242,0.0808779470685003,False,570205.3464282199,154977.62976651773,725182.9761947377,1,0.2137083120452357
2019-01-18,6.254148,51.597016,0.07544782452141041,False,600193.4839999491,135593.67889890217,735787.1628988512,1,0.18428383333665507
2019-01-22,5.728106,50.728946,0.0782494053809493,False,586193.5763501413,138174.6946293406,724368.270979482,1,0.1907519975198561
2019-01-23,5.608782,50.263802,0.07751068985205521,False,571752.0520628286,149723.430758765,721475.4828215935,1,0.20752393438681632
2019-01-24,6.56785,52.171054,0.08055752324461539,False,621513.4995625502,125513.97846930927,747027.4780318595,1,0.16801788710636464
2019-01-25,6.987402,53.554054,0.07456280770334293,False,621513.4995625502,133531.76826273568,755045.2678252859,1,0.17685266559889803
2019-01-28,6.561436,52.684432,0.0766197877236276,False,606992.7117177699,139897.68618295577,746890.3979007256,1,0.18730684793399974
2019-01-29,6.277886,52.664207,0.0776079696054813,False,592587.1467942137,148243.23380500945,740830.3805992231,1,0.2001041502713515
2019-01-30,6.822533,53.256917,0.07935314138629676,False,623279.6493396356,130381.0623062573,753660.7116458929,1,0.17299702676755263
2019-01-31,6.827664,53.723611,0.07932111799025825,False,623279.6493396356,130479.11756384175,753758.7669034774,1,0.17310461024534957
2019-02-01,7.066308,54.201209,0.0627294262860564,False,623279.6493396356,135039.690335423,758319.3396750586,1,0.1780776030231377
2019-02-04,7.172802,54.302331,0.058231706044669734,False,623279.6493396356,137074.82902207243,760354.4783617081,1,0.18027753228654567
2019-02-05,7.272877,54.832807,0.057469361019498184,True,762127.9603486792,0.0,762127.9603486792,0,0.0
2019-02-06,7.857299,56.198705,0.05861751321910968,True,762127.9603486792,0.0,762127.9603486792,1,0.0
2019-02-07,7.332541,55.302622,0.06031053941520611,True,727968.7141630114,34125.121064603256,762093.8352276146,1,0.04477810931827195
2019-02-08,7.302387,54.632125,0.06030468474479153,True,727968.7141630114,33984.78650655823,761953.5006695696,1,0.04460217910501621
2019-02-11,7.406954,55.178164,0.060183698764534374,True,727968.7141630114,34471.43384127649,762440.1480042879,2,0.04521198671332642
2019-02-12,7.87398,56.281142,0.05955273948602236,True,764577.0086463979,0.0,764577.0086463979,2,0.0
2019-02-13,7.942619,56.811631,0.0595375525245846,True,764577.0086463979,0.0,764577.0086463979,2,0.0
2019-02-14,8.004848,56.834967,0.0588130738619048,True,764577.0086463979,0.0,764577.0086463979,3,0.0
2019-02-15,8.134433,57.124316,0.05868251672642976,True,764577.0086463979,0.0,764577.0086463979,3,0.0
2019-02-19,8.081831,57.100979,0.057674186265251885,True,691814.5096987985,72689.80913846087,764504.3188372594,3,0.09508096598985258
2019-02-20,8.304436,57.535014,0.05261984769435468,True,691814.5096987985,74691.96866929828,766506.4783680968,4,0.09744466717139631
2019-02-21,8.121604,57.300111,0.05266850652202398,True,530704.9247469893,233996.17277822856,764701.0975252178,4,0.30599690981941086
2019-02-22,8.375002,57.563018,0.041441148618537156,True,771760.5951041011,0.0,771760.5951041011,4,0.0
2019-02-25,8.585422,58.513541,0.039897568248969874,True,771760.5951041011,0.0,771760.5951041011,4,0.0
2019-02-26,8.40772,57.955054,0.036830197335699706,True,583104.207504464,188467.9196799571,771572.127184421,4,0.24426481081905324
2019-02-27,8.110699,57.052753,0.03620694621088864,True,397409.4583250243,367319.1203446884,764728.5786697126,4,0.48032613216006675
2019-02-28,8.130587,57.018533,0.03222817510250964,True,397409.4583250243,368219.812463261,765629.2707882853,4,0.48093748046511475
2019-03-01,8.342929,57.516343,0.03238600321953877,True,397409.4583250243,377836.40366609464,775245.8619911189,4,0.4873762275823964
2019-03-04,8.346779,57.620585,0.03192921998693179,True,397409.4583250243,378010.76331294223,775420.2216379666,4,0.48749149527522956
2019-03-05,8.227453,57.491455,0.03228119432665093,True,207901.88768275784,561924.9535678228,769826.8412505806,4,0.7299368162520522
2019-03-06,7.825223,56.954756,0.03463562487524162,True,25028.71294198031,717143.6219326474,742172.3348746278,4,0.9662764134879693
2019-03-07,7.558993,55.904674,0.030958519257134585,True,25028.71294198031,692744.9375159695,717773.6504579498,4,0.9651300755802171
2019-03-08,7.546806,55.315072,0.02662459537204173,True,25028.71294198031,691628.0582499738,716656.7711919541,4,0.9650757322778766
2019-03-11,8.08504,56.746279,0.03053959933864622,True,213596.222514616,552198.3202570698,765794.5427716858,4,0.7210789440447898
2019-03-12,8.179343,57.286106,0.03050396701595877,True,213596.222514616,558639.0995476115,772235.3220622275,4,0.7234052672646277
2019-03-13,8.279419,57.818147,0.027581948774867575,True,213596.222514616,565474.167660824,779070.39017544,4,0.7258319335348942
2019-03-14,8.138283,57.589466,0.027882494239217355,True,24822.538856945364,744419.8504436621,769242.3893006075,4,0.9677311869415908
2019-03-15,8.839462,58.681541,0.0333076674240104,True,832571.6315172021,0.0,832571.6315172021,4,0.0
2019-03-18,8.781725,58.925791,0.033294833265295594,True,832571.6315172021,0.0,832571.6315172021,4,0.0
2019-03-19,9.137308,59.523164,0.034132553264415375,True,832571.6315172021,0.0,832571.6315172021,4,0.0
2019-03-20,8.877031,59.327932,0.03461327242859006,True,645686.3599313184,186698.57301287068,832384.9329441891,4,0.22429355172553167
2019-03-21,9.797319,60.309107,0.04004012439981493,True,851534.0505809549,0.0,851534.0505809549,4,0.0
2019-03-22,8.96379,60.128157,0.04527785497708723,True,675272.437646806,176085.527406742,851357.965053548,4,0.20682901274749538
2019-03-25,8.621897,58.824078,0.045927878277963866,True,490862.19735034194,353595.3636859059,844457.5610362478,4,0.41872484776144725
2019-03-26,8.884101,59.239021,0.04610462748144167,True,680500.954945409,174520.10925286784,855021.0641982768,4,0.20411205824093842
2019-03-27,8.494651,58.688359,0.04653683018666997,True,500432.79710560356,346757.9866732918,847190.7837788954,4,0.4093033037099122
2019-03-28,8.450307,58.421623,0.04656734501545125,True,500432.79710560356,344947.83153436496,845380.6286399686,4,0.40803848568107143
2019-03-29,8.839114,59.034672,0.04727757385621134,True,687428.4569710935,173636.38042594897,861064.8373970425,4,0.2016530845120135
2019-04-01,9.490129,60.235786,0.04966263423920407,True,873667.0118405063,0.0,873667.0118405063,4,0.0
2019-04-02,9.520332,60.589893,0.0494298201501266,True,873667.0118405063,0.0,873667.0118405063,4,0.0
2019-04-03,10.168774,62.00785,0.04914310966096721,True,873667.0118405063,0.0,873667.0118405063,4,0.0
2019-04-04,10.207335,62.199723,0.04791570032808792,True,873667.0118405063,0.0,873667.0118405063,4,0.0
2019-04-05,10.440619,62.413426,0.04777903111537304,True,873667.0118405063,0.0,873667.0118405063,4,0.0
2019-04-08,10.515809,62.528843,0.046164528772668925,True,873667.0118405063,0.0,873667.0118405063,4,0.0
2019-04-09,10.16106,62.103,0.04737131370670796,True,691929.0394318023,181556.41599271135,873485.4554245137,4,0.2078528209773968
2019-04-10,10.42198,62.396245,0.04748229734686564,True,691929.0394318023,186218.4984979636,878147.5379297659,4,0.21205832784884188
2019-04-11,10.396277,62.694207,0.04712668793326984,True,691929.0394318023,185759.2408456851,877688.2802774875,4,0.2116460308515866
2019-04-12,10.828781,63.194935,0.04470157745771054,True,885222.7148221689,0.0,885222.7148221689,4,0.0
2019-04-15,10.598072,63.062363,0.045119786444051804,True,696454.6185749137,188579.51673052472,885034.1353054384,4,0.21307598114895662
2019-04-16,11.607686,64.177686,0.04828024292790871,True,902792.4170370714,0.0,902792.4170370714,4,0.0
2019-04-17,12.135949,66.17437,0.04779794467217986,True,902792.4170370714,0.0,902792.4170370714,4,0.0
2019-04-18,12.159084,65.979368,0.043672704740735584,True,902792.4170370714,0.0,902792.4170370714,4,0.0
2019-04-22,12.164226,65.810888,0.03699537193289852,True,902792.4170370714,0.0,902792.4170370714,4,0.0
2019-04-23,12.529253,66.562779,0.03482447872171331,True,902792.4170370714,0.0,902792.4170370714,4,0.0
2019-04-24,12.892356,67.350527,0.034802187096623916,True,902792.4170370714,0.0,902792.4170370714,4,0.0
2019-04-25,12.190578,66.359982,0.03594205037213639,True,720868.9900375312,181741.68531422596,902610.6753517572,4,0.2013511365167482
2019-04-26,11.885311,64.903024,0.03689764487829916,True,533235.8065599577,364636.3887182949,897872.1952782526,4,0.40611168341758624
2019-04-29,11.822974,65.450568,0.03660525767002777,True,533235.8065599577,362723.91553492326,895959.7220948809,4,0.4048439975480408
2019-04-30,12.085181,65.725107,0.03418071321588434,True,533235.8065599577,370768.31702989957,904004.1235898572,4,0.41014007276599057
2019-05-01,11.788915,66.174362,0.03512507302845319,True,345585.1333483296,549142.2096093723,894727.3429577019,4,0.6137536914811074
2019-05-02,12.181579,66.05892,0.03310796147597473,True,539098.6419558794,373725.76749961515,912824.4094554945,4,0.40941693016573133
2019-05-03,12.42579,66.232058,0.03316882047321057,True,781138.184167047,138936.2351785528,920074.4193455998,3,0.15100543201426117
2019-05-06,11.815264,64.860935,0.03561482996026507,True,858381.9818606218,54679.18647197247,913061.1683325943,1,0.05988556776741037
2019-05-07,10.952817,64.0092,0.040049593599247583,True,804542.3255585029,104473.78761545819,909016.1131739612,1,0.11493062235241668
2019-05-08,10.689969,63.815784,0.03963117492171544,True,747793.6109982373,158658.62628193657,906452.2372801738,1,0.17503252764645894
2019-05-09,10.309518,62.109234,0.040154439788084105,True,637033.3030264501,263661.69824632094,900695.001272771,2,0.2927313883986709
2019-05-10,10.33972,62.185661,0.04015893367166351,True,637033.3030264501,264434.10202023503,901467.4050466851,2,0.2933373969373197
2019-05-13,8.880247,60.302874,0.05138513121836129,True,587834.1041253319,276258.7269560141,864092.8310813459,2,0.31970954626518255
2019-05-14,9.515835,60.91435,0.05422694157796165,True,640449.3130677163,243363.58075438437,883812.8938221007,3,0.2753564498272302
2019-05-15,9.749117,61.313693,0.04986025818571934,True,640449.3130677163,249329.672310779,889778.9853784953,3,0.2802152853775467
2019-05-16,9.254272,60.845704,0.0491055101840279,True,544938.237795033,332089.8738249642,877028.1116199973,3,0.37865362515181683
2019-05-17,8.707372,60.106319,0.05006439874814965,True,400931.6294292099,456327.093850623,857258.7232798329,4,0.5323096533853121
2019-05-20,7.663693,57.406129,0.055642495757670704,True,268233.1241355473,534196.9658974906,802430.0900330379,4,0.6657239958131387
2019-05-21,8.145687,58.237552,0.057616883977933124,True,408995.6531398194,426890.8777673447,835886.5309071641,4,0.5107043384274323
2019-05-22,7.636058,57.300054,0.05711774956432758,True,285950.3528157183,523105.1375221557,809055.490337874,4,0.6465627435563152
2019-05-23,7.249823,55.758868,0.05701328317938829,False,167358.8496995166,615119.2914720672,782478.1411715839,4,0.7861169010434788
2019-05-24,7.061524,56.281425,0.057013133058300004,True,628123.5972950214,137874.08724531365,765997.6845403351,1,0.179992825080209
2019-05-28,6.869369,55.668384,0.056803171302239136,False,585385.3540707937,176817.86756475834,762203.2216355521,1,0.23198257701579736
2019-05-29,6.962555,55.159859,0.05644876668166739,False,585385.3540707937,179216.479403326,764601.8334741197,1,0.2343919038083135
2019-05-30,7.12129,55.902374,0.05755294566688709,True,629602.4181616633,139041.00003896886,768643.4182006322,1,0.18089142084174617
2019-05-31,6.812171,55.5046,0.05602829199447629,False,587963.902437759,174602.46531092373,762566.3677486827,1,0.22896691054760374
2019-06-03,6.877724,55.602869,0.055601791882038724,False,587963.902437759,176282.6514672206,764246.5539049796,1,0.23066201681445617
2019-06-04,7.750453,56.693245,0.06451298189740708,True,703102.5076543619,83397.67229023171,786500.1799445936,1,0.10603643128995445
2019-06-05,7.596214,57.353092,0.06321595050682138,True,664976.4524549776,119825.97220018053,784802.4246551581,1,0.15268297909863368
2019-06-06,7.911761,57.636991,0.06454802018873762,True,746753.8528922849,42944.28765440955,789698.1405466944,1,0.05438063666286457
2019-06-07,8.159826,58.409134,0.06513020510729876,True,746753.8528922849,44290.760925908915,791044.6138181938,1,0.05599021869591831
2019-06-10,8.796058,60.092289,0.06792120047446404,True,746753.8528922849,47744.167825199766,794498.0207174846,1,0.060093501280322384
2019-06-11,8.862251,60.586772,0.05887630396118299,True,746753.8528922849,48103.45714558095,794857.3100378658,1,0.060518355355239015
2019-06-12,8.236947,59.295173,0.05866765649239595,True,707193.3252135081,84230.37306501342,791423.6982785215,1,0.10642892454222501
2019-06-13,8.39311,59.131387,0.058526726404739486,True,707193.3252135081,85827.2836374563,793020.6088509643,1,0.10822831421974581
2019-06-14,7.727961,57.640102,0.060123984196934634,True,667772.1517805429,118407.31384777663,786179.4656283195,1,0.15061104878024864
2019-06-17,7.572435,57.587189,0.05895349526159799,True,626917.5900232057,156838.10264011443,783755.6926633201,1,0.20011095818284252
2019-06-18,8.560205,59.036029,0.05854818731572567,True,757619.2890394947,46463.98013043049,804083.2691699252,1,0.05778503534639689
2019-06-19,8.57691,59.89907,0.05707440857044812,True,757619.2890394947,46554.653284645705,804173.9423241405,1,0.05789127306226593
2019-06-20,8.814694,60.70573,0.055044914157411834,True,757619.2890394947,47845.322264107555,805464.6113036022,1,0.059400899297949804
2019-06-21,8.632819,60.279684,0.05371245591440084,True,713075.6292569544,91357.28265119257,804432.9119081469,1,0.11356731095759055
2019-06-24,8.690018,60.171623,0.053082681430298,True,713075.6292569544,91962.59421979671,805038.2234767511,2,0.114233823361373
2019-06-25,8.320858,59.839554,0.053791364321225194,True,627086.3708807935,173959.29320383962,801045.6640846331,2,0.2171652641084145
2019-06-26,9.10281,61.001763,0.05671141885054944,True,817203.1683763252,0.0,817203.1683763252,2,0.0
2019-06-27,9.504406,61.939986,0.05707288426976664,True,817203.1683763252,0.0,817203.1683763252,3,0.0
2019-06-28,9.543662,62.358197,0.05544979203029739,True,817203.1683763252,0.0,817203.1683763252,3,0.0
2019-07-01,10.315962,64.345832,0.05705436052658973,True,817203.1683763252,0.0,817203.1683763252,3,0.0
2019-07-02,9.883476,63.116286,0.0536430547318306,True,669204.3827238984,147850.93471770897,817055.3174416074,4,0.18095584419016458
2019-07-03,9.729658,62.563387,0.05351222809038392,True,506537.87887963495,308053.90857932507,814591.78745896,4,0.37816967138874474
2019-07-05,9.574555,61.949362,0.053436339126678604,True,343542.34214184334,465975.84541218245,809518.1875540258,4,0.5756212183695799
2019-07-08,9.342869,61.692507,0.053706437829056534,True,181687.08987901444,616393.6759263112,798080.7658053256,4,0.7723449835359983
2019-07-09,9.558467,61.784926,0.05143091850532583,True,181687.08987901444,630617.7053697681,812304.7952487825,4,0.7763313833160747
2019-07-10,9.759263,63.072422,0.05156208315005616,True,350418.12472866214,474965.24141590204,825383.3661445642,4,0.5754480413562306
2019-07-11,9.833276,62.788921,0.04818453249622228,True,350418.12472866214,478567.31694280554,828985.4416714676,4,0.5772927881313323
2019-07-12,10.395122,63.543914,0.0492729638168195,True,855823.5337895183,0.0,855823.5337895183,4,0.0
2019-07-15,10.63711,64.49935,0.044143992831435025,True,855823.5337895183,0.0,855823.5337895183,4,0.0
2019-07-16,10.292792,63.96524,0.04477336014816308,True,667558.585566651,188076.87135151593,855635.456918167,4,0.21980958109068127
2019-07-17,10.379033,64.098359,0.03697742955182046,True,667558.585566651,189652.7253532509,857211.3109199018,4,0.22124384377257958
2019-07-18,10.854636,64.596474,0.03774250438071947,True,865703.5080095598,0.0,865703.5080095598,4,0.0
2019-07-19,10.782557,65.18695,0.03777017986367026,True,865703.5080095598,0.0,865703.5080095598,4,0.0
2019-07-22,11.413911,65.730462,0.03841558036715882,True,865703.5080095598,0.0,865703.5080095598,4,0.0
2019-07-23,11.848328,66.632651,0.03871968986564218,True,865703.5080095598,0.0,865703.5080095598,4,0.0
2019-07-24,12.928259,68.324274,0.03927385095065419,True,865703.5080095598,0.0,865703.5080095598,4,0.0
2019-07-25,12.27245,68.142575,0.03919887116892844,True,680670.7719591202,184847.88816227738,865518.6601213976,4,0.21356892309675984
2019-07-26,12.263436,68.101878,0.03876148774569314,True,680670.7719591202,184712.11911340005,865382.8910725203,4,0.21344554071836963
2019-07-29,12.358044,67.655468,0.03872794871832873,True,680670.7719591202,186137.10670782957,866807.8786669497,4,0.2147385958167419
2019-07-30,12.274377,67.589679,0.035774722505923416,True,680670.7719591202,184876.91267494508,865547.6846340653,4,0.21359529458288254
2019-07-31,11.088902,66.247333,0.042082215042749886,True,504731.7849189925,342784.4882531967,847516.2731721892,4,0.40445770671774867
2019-08-01,10.423443,65.526853,0.04451866495998476,True,321378.4323531604,505383.74100190925,826762.1733550697,4,0.611280676946092
2019-08-02,9.934959,63.551715,0.045808988355345165,True,135346.14588398061,667545.8886777965,802892.034561777,4,0.831426717344564
2019-08-05,8.636858,60.860792,0.05555281320642702,True,62961.28464757795,652636.9414702052,715598.2261177831,4,0.912015873782763
2019-08-06,8.983747,61.493584,0.056093336034249826,True,138102.962870524,603632.423120366,741735.38599089,4,0.8138110093183282
2019-08-07,9.172962,61.246096,0.05609454016046078,True,138102.962870524,616346.0835719259,754449.0464424499,4,0.8169485884809072
2019-08-08,9.922734,62.782677,0.05897772494243379,True,138102.962870524,666724.4712477813,804827.4341183053,4,0.8284067403569352
2019-08-09,9.367969,62.569637,0.058837190858722174,True,56586.64902842339,710883.7967906846,767470.4458191079,4,0.9262686278843879
2019-08-12,9.032019,61.841299,0.058840587058070985,True,56586.64902842339,685390.393521328,741977.0425497513,4,0.9237353101465682
2019-08-13,9.829413,62.594715,0.06202239163949614,True,141947.37138732066,660454.0830280313,802401.454415352,4,0.8230968169284454
2019-08-14,8.907808,61.813108,0.06555413337059021,True,60096.63802068746,680298.9238646892,740395.5618853767,4,0.9188317149448402
2019-08-15,8.834436,61.418397,0.06438304123153615,True,60096.63802068746,674695.4249296202,734792.0629503077,4,0.9182127284018422
2019-08-16,9.55718,62.602549,0.06739134853310358,True,147738.76395049063,642162.3095126677,789901.0734631583,4,0.8129654852818968
2019-08-19,10.106155,64.317672,0.0673400712204047,True,147738.76395049063,679048.8235120605,826787.5874625511,4,0.8213098912092915
2019-08-20,9.945902,63.955834,0.06658112931903495,True,147738.76395049063,668281.1664640261,816019.9304145167,4,0.8189520152094285
2019-08-21,10.227791,64.480544,0.06332324862610403,True,147738.76395049063,687221.7421637843,834960.506114275,4,0.8230589795940951
2019-08-22,10.216851,64.300419,0.0626362054987282,True,147738.76395049063,686486.6659523844,834225.429902875,4,0.822903068337666
2019-08-23,8.893005,62.793621,0.06894577241514677,True,63984.55827026591,681205.8572074141,745190.41547768,4,0.9141366328104868
2019-08-26,9.113108,62.311187,0.06935045246828028,True,63984.55827026591,698065.7884442597,762050.3467145256,4,0.9160363110572333
2019-08-27,9.017859,62.292404,0.06933164474836108,True,63984.55827026591,690769.6971125726,754754.2553828385,4,0.9152246472094275
2019-08-28,9.183258,61.877345,0.06661735681668196,True,63984.55827026591,703439.2916507798,767423.8499210457,4,0.9166242249614098
2019-08-29,9.804958,63.755334,0.06742297325219127,True,156143.02403657263,658810.9122099517,814953.9362465243,4,0.8084026383678461
2019-08-30,9.972291,64.284762,0.06670447569987087,True,156143.02403657263,670054.2858554919,826197.3098920645,4,0.8110100067295409
2019-09-03,9.453563,63.200871,0.0595511621755847,True,56721.139786691005,734522.6781664332,791243.8179531243,4,0.9283139551934529
2019-09-04,10.226504,64.431983,0.06137683858028499,True,164057.05660664156,687135.2665619496,851192.3231685911,4,0.807262058008308
2019-09-05,11.181577,66.767371,0.06406885881034219,True,569310.2624617789,345649.2942050272,914959.5566668061,4,0.37777548929509647
2019-09-06,11.226627,66.815941,0.06199871807986469,True,569310.2624617789,347041.8974759197,916352.1599376986,4,0.37872109942919163
2019-09-09,11.384307,67.34219,0.060166264033849705,True,569310.2624617789,351916.16348600475,921226.4259477837,4,0.3820083245266694
2019-09-10,11.534259,66.970983,0.059172827832391826,True,751949.7381849957,173729.24050753855,925678.9786925343,4,0.18767763393840986
2019-09-11,12.051056,67.99381,0.05721814840372255,True,751949.7381849957,181513.24729172594,933462.9854767217,4,0.1944514674023488
2019-09-12,12.157247,68.794173,0.05121111459123858,True,751949.7381849957,183112.69826458304,935062.4364495787,4,0.19582938114791548
2019-09-13,12.047194,68.526349,0.0512315832348397,True,751949.7381849957,181455.07777023,933404.8159552257,4,0.19440126584790857
2019-09-16,11.801993,67.895127,0.04957345445518674,True,583715.7669419004,345827.7607257185,929543.5276676188,4,0.3720404160023131
2019-09-17,11.909471,67.921747,0.048413458462001464,True,583715.7669419004,348977.1335534501,932692.9004953505,4,0.37416081259770434
2019-09-18,11.932639,67.848164,0.048106933423412615,True,674799.1264778826,258481.47953022498,933280.6060081075,3,0.276960088815967
2019-09-19,11.751148,68.269464,0.048187976480685936,True,487977.7399464764,441184.82416668563,929162.564113162,4,0.4748198444561463
2019-09-20,11.095982,67.25137,0.050279558969271484,True,308519.3677349284,595866.3803882953,904385.7481232237,4,0.658863080963885
2019-09-23,11.43515,67.177731,0.0375997201830218,True,628061.0946053206,294218.4848232808,922279.5794286014,3,0.31901225115009485
2019-09-24,10.88153,66.95474,0.03994339130220826,True,429119.49799976917,478717.0796394421,907836.5776392112,4,0.5273163600483302
2019-09-25,11.437921,66.531512,0.04067675452891506,True,637815.5044866428,294289.78073294926,932105.285219592,4,0.3157259007104743
2019-09-26,11.474026,67.285156,0.040693223891829715,True,738499.1027497336,194434.3547160759,932933.4574658095,3,0.2084118145405902
2019-09-27,10.637828,66.356875,0.04294743745352088,True,525760.7351827649,392790.3123444144,918551.0475271794,4,0.4276194702535484
2019-09-30,10.974368,66.292331,0.04328777690259405,True,744790.8285256893,185967.34576832512,930758.1742940145,4,0.1998020011045108
2019-10-01,10.673932,66.781675,0.04182741362230173,True,520884.30510326894,404559.11545722,925443.420560489,4,0.4371516469501737
2019-10-02,10.170411,65.036856,0.03982534668533259,True,316360.70261613704,589794.1464498602,906154.8490659972,4,0.6508756721412239
2019-10-03,10.690694,65.132805,0.03594820603974843,True,530917.4811079307,405194.42209897994,936111.9032069106,4,0.43284827456084496
2019-10-04,11.270294,66.776947,0.03799206848036838,True,766861.4991826513,190981.99196606857,957843.4911487198,4,0.19938747168081525
2019-10-07,11.013697,67.096327,0.03818681015352607,True,542193.8370649907,411077.01851132856,953270.8555763192,4,0.43122793076769733
2019-10-08,10.000848,65.373551,0.0434552947480157,True,554001.3380048621,361134.59498101904,915135.9329858811,3,0.3946239918726814
2019-10-09,10.505016,65.820348,0.04380077444106322,True,721397.1896898525,211776.88668523054,933174.0763750831,4,0.22694253092400332
2019-10-10,10.810612,66.490597,0.04439678149155184,True,721397.1896898525,217937.57882158327,939334.7685114358,4,0.23201268187586524
2019-10-11,11.536564,68.199246,0.04712086940721224,True,901037.9003183921,52751.947260600995,953789.8475789931,4,0.055307725695027454
2019-10-14,11.53463,67.840541,0.046922030550631516,True,849870.7925932843,103859.09560993128,953729.8882032156,4,0.10889780942652134
2019-10-15,12.290883,68.943428,0.049075128430371595,True,960428.606119583,0.0,960428.606119583,4,0.0
2019-10-16,11.756412,68.841156,0.05014213407573313,True,758179.6978549067,202046.86140327298,960226.5592581796,4,0.21041582265685688
2019-10-17,11.879551,68.833282,0.05007850242293435,True,758179.6978549067,204163.14045731918,962342.8383122259,4,0.21215218976989964
2019-10-18,11.48305,67.982131,0.048913285591527786,True,557837.0590011005,397491.331345271,955328.3903463716,4,0.4160782149488443
2019-10-21,12.13615,68.790835,0.04999623795205004,True,977515.6641177728,0.0,977515.6641177728,4,0.0
2019-10-22,11.852472,69.029939,0.04888297901431355,True,774772.2341869803,202540.88904175072,977313.123228731,4,0.2072425758211659
2019-10-23,11.163274,67.403141,0.049650990566467004,True,574849.9793478544,390486.06590357935,965336.0452514337,4,0.4045079097837608
2019-10-24,11.973036,68.562675,0.05214962418805847,True,788845.7823937518,204601.1461549023,993446.9285486541,4,0.2059507561755796
2019-10-25,12.709948,69.800907,0.05027325060567414,True,1005822.4505037315,0.0,1005822.4505037315,4,0.0
2019-10-28,13.376584,71.270386,0.05093257197343671,True,1005822.4505037315,0.0,1005822.4505037315,4,0.0
2019-10-29,13.02586,71.574053,0.05088698917464201,True,807338.8006595063,198285.36447974533,1005624.1651392516,4,0.19717641177833886
2019-10-30,13.02779,70.985609,0.04908777513332043,True,807338.8006595063,198314.74378778687,1005653.5444472933,4,0.19719986558271474
2019-10-31,12.7828,70.255588,0.04873237755988888,True,599923.8460367848,401793.14523508557,1001716.9912718704,4,0.40110445239122144
2019-11-01,13.66413,71.574015,0.04948273331178613,True,1028989.748329826,0.0,1028989.748329826,4,0.0
2019-11-04,14.558995,73.506093,0.050250252469817715,True,1028989.748329826,0.0,1028989.748329826,4,0.0
2019-11-05,14.64281,74.058325,0.043120688493556804,True,1028989.748329826,0.0,1028989.748329826,4,0.0
2019-11-06,14.312713,73.185128,0.04347712057842737,True,803936.105488424,224828.81402737467,1028764.9195157986,4,0.21854245781747034
2019-11-07,14.593808,74.066209,0.04337840781616025,True,803936.105488424,229244.34695107857,1033180.4524395026,4,0.22188219532202375
2019-11-08,14.826553,73.664977,0.041759237076837354,True,1036603.587242366,0.0,1036603.587242366,4,0.0
2019-11-11,14.585428,73.636682,0.042174877032941926,True,810181.7222627243,226195.6693103314,1036377.3915730556,4,0.21825608233985347
2019-11-12,14.714372,74.173187,0.040376177734284716,True,810181.7222627243,228195.37575593937,1038377.0980186637,4,0.219761564648682
2019-11-13,14.70599,73.77828,0.03846531613072196,True,810181.7222627243,228065.38491164197,1038247.1071743662,4,0.2196638770632664
2019-11-14,14.584786,73.616222,0.038711476062208296,True,810181.7222627243,226185.71296076817,1036367.4352234924,4,0.21824857215046636
2019-11-15,14.963879,74.682949,0.037401472518311316,True,810181.7222627243,232064.81331119064,1042246.5355739149,4,0.22265827267384847
2019-11-18,14.872973,74.417059,0.036268820971342576,True,810181.7222627243,230655.0128230373,1040836.7350857616,4,0.22160537291569754
2019-11-19,14.64281,74.209361,0.03591647575609646,True,583891.6443493005,453149.5823541499,1037041.2267034504,4,0.4369639033489759
2019-11-20,14.139285,73.295267,0.033707485179635975,True,361967.9305037911,659269.0561739557,1021236.9866777468,4,0.6455593214643226
2019-11-21,13.656393,72.510173,0.03229679589793632,True,140113.82049436186,858385.844045877,998499.6645402389,4,0.8596756459013157
2019-11-22,13.649302,72.52906,0.0297909367923893,True,140113.82049436186,857940.1323546472,998053.9528490091,4,0.8596129797448344
2019-11-25,14.642162,73.520265,0.031643718437091184,True,606864.3857919369,453129.5287627035,1059993.9145546404,4,0.42748314168679663
2019-11-26,14.444236,73.694879,0.031101642976968595,True,380388.40437496454,673254.0642433667,1053642.4686183312,4,0.6389777218511534
2019-11-27,14.753701,74.100821,0.031278508813466,True,380388.40437496454,687678.4040970685,1068066.8084720331,4,0.643853360709575
2019-11-29,14.276609,73.691741,0.0320130059722858,True,385618.34933790914,659875.3151955826,1045493.6645334917,3,0.6311614671429163
2019-12-02,13.648656,72.898788,0.030487670486587265,True,215697.15023474046,800602.315672987,1016299.4659077275,4,0.7877622123494019
2019-12-03,13.02457,70.862883,0.02829071924592397,True,152799.7477473504,826829.2720606634,979629.0198080138,4,0.8440228447118728
2019-12-04,13.636408,72.393759,0.030476890481064098,True,218520.22580144036,799883.8729807276,1018404.098782168,4,0.7854287644140944
2019-12-05,13.800163,72.69427,0.030312056360274734,True,218520.22580144036,809489.4071961865,1028009.6329976269,4,0.7874336788418549
2019-12-06,14.441657,73.720059,0.03179275028467355,True,397954.7935795484,667503.9545330051,1065458.7481125535,4,0.6264944144627653
2019-12-09,14.197954,73.701187,0.03175212614576269,True,216742.58174750645,837271.0041894858,1054013.5859369922,4,0.7943645275171405
2019-12-10,14.35591,73.831759,0.03169805571092498,True,216742.58174750645,846585.8659461695,1063328.447693676,4,0.796165914475801
2019-12-11,15.297197,74.612149,0.034780124155600424,True,1117935.2179527595,0.0,1117935.2179527595,4,0.0
2019-12-12,16.53828,76.268882,0.03869887863631362,True,1117935.2179527595,0.0,1117935.2179527595,3,0.0
2019-12-13,16.266203,77.352895,0.03890290651358505,True,930963.0565865663,186785.37599020288,1117748.432576769,3,0.16710860024165064
2019-12-16,16.727825,77.981821,0.03896983649616104,True,930963.0565865663,192086.19750554662,1123049.2540921129,3,0.17103986918261346
2019-12-17,16.947672,77.898116,0.038903340729612414,True,1125379.1541473772,0.0,1125379.1541473772,3,0.0
2019-12-18,16.923174,77.940751,0.03860733095561509,True,1055220.0636236314,70089.00152222365,1125309.065145855,3,0.06228422367959791
2019-12-19,17.320961,78.267588,0.03743280565756548,True,1055220.0636236314,71736.4757873066,1126956.539410938,3,0.06365505081926529
2019-12-20,17.87735,79.169124,0.03616338001832566,True,1129186.83875411,0.0,1129186.83875411,4,0.0
2019-12-23,17.997913,79.76912,0.036052071623398435,True,1129186.83875411,0.0,1129186.83875411,4,0.0
2019-12-24,18.131502,79.574909,0.03352900602809234,True,1129186.83875411,0.0,1129186.83875411,4,0.0
2019-12-26,18.199921,79.810166,0.03308851602194985,True,1129186.83875411,0.0,1129186.83875411,4,0.0
2019-12-27,17.997267,79.786489,0.03338327303042669,True,854450.1934379325,274462.1831330445,1128912.376570977,4,0.2431208912481867
2019-12-30,17.618425,79.096515,0.032694204145695245,True,581872.556177719,540990.0932793176,1122862.6494570365,4,0.48179543022551774
2019-12-31,17.736538,78.981249,0.03000928073966542,True,581872.556177719,544616.8625783611,1126489.41875608,4,0.4834638066816032
2020-01-02,18.842728,80.411734,0.02827811758454126,True,1159877.4260329108,0.0,1159877.4260329108,4,0.0
2020-01-03,17.824947,79.682269,0.03195459039063418,True,896816.1856648526,262798.4419261321,1159614.6275909846,4,0.2266256700056266
2020-01-06,17.259588,78.463389,0.03354706533153215,True,627304.527822843,523705.60315370304,1151010.130976546,4,0.45499651919603695
2020-01-07,18.149574,79.729639,0.03382364365205432,True,910147.2299534377,267584.5133689899,1177731.7433224276,4,0.2272032785786375
2020-01-08,18.189592,80.067549,0.033240907432257015,True,910147.2299534377,268174.5105257276,1178321.7404791652,4,0.22759022541387913
2020-01-09,18.503893,80.397501,0.033255876340283215,True,1182682.7643209673,0.0,1182682.7643209673,4,0.0
2020-01-10,18.125702,80.378579,0.03177905409975347,True,909943.7930919885,272466.50472425437,1182410.297816243,4,0.23043312903098384
2020-01-13,18.836269,80.686467,0.02826054886668855,True,1192808.4305057202,0.0,1192808.4305057202,4,0.0
2020-01-14,18.9576,81.246965,0.027734398969111757,True,1192808.4305057202,0.0,1192808.4305057202,4,0.0
2020-01-15,18.274141,80.598031,0.02898385305192704,True,924789.7275449488,267750.95200876246,1192540.6795537113,4,0.224521441154497
2020-01-16,19.189943,81.190131,0.03060851542376477,True,1205677.7529649476,0.0,1205677.7529649476,4,0.0
2020-01-17,19.562326,81.818537,0.03068506518423892,True,1205677.7529649476,0.0,1205677.7529649476,4,0.0
2020-01-21,19.526184,82.063237,0.030509327982903647,True,1205677.7529649476,0.0,1205677.7529649476,4,0.0
2020-01-22,19.992157,83.010602,0.0302055715958656,True,1205677.7529649476,0.0,1205677.7529649476,4,0.0
2020-01-23,20.448448,82.776915,0.030443673894473552,True,1205677.7529649476,0.0,1205677.7529649476,4,0.0
2020-01-24,19.757233,83.209545,0.03177503074327449,True,936849.4786477517,268559.71460259345,1205409.193250345,4,0.222795475682769
2020-01-27,17.465473,79.645958,0.0427073172461585,True,690807.9419910244,483203.602850694,1174011.5448417184,4,0.4115833485401032
2020-01-28,18.715586,80.528552,0.04548933249102201,True,953933.4305601598,254400.62557243183,1208334.0561325918,4,0.21053832281005921
2020-01-29,17.683609,80.268058,0.047103796366728866,True,692879.9163760004,501165.70214191714,1194045.6185179176,4,0.41972073291804196
2020-01-30,17.617783,78.927553,0.047085742112515615,True,692879.9163760004,499300.14780234796,1192180.0641783483,4,0.41881269684413497
2020-01-31,15.72228,77.656565,0.0511882959382942,True,454581.76723818394,683640.3716410722,1138222.138879256,4,0.6006212217188244
2020-02-03,16.322485,77.369214,0.05096751883377137,True,701482.7574485466,462590.5071598173,1164073.2646083639,4,0.39738951251960025
2020-02-04,17.844959,79.720182,0.05458065335661752,True,701482.7574485466,505738.47266860073,1207221.2301171473,4,0.41892774915789416
2020-02-05,19.013105,81.34643,0.05527062511817401,True,981602.0994340882,258444.7960151679,1240046.895449256,4,0.2084153405517265
2020-02-06,19.025368,81.455381,0.05527190299954172,True,981602.0994340882,258611.48675471486,1240213.586188803,4,0.20852173338096727
2020-02-07,17.682964,80.503313,0.057630040466115966,True,769735.1314283878,452019.5258987702,1221754.657327158,4,0.3699756929002888
2020-02-10,18.483887,80.206472,0.05836495086433419,True,990755.8081590787,251251.14521181115,1242006.9533708899,4,0.2022944755098985
2020-02-11,19.593304,82.570091,0.05919783507436868,True,990755.8081590787,266331.4306391919,1257087.2387982705,4,0.21186392035432244
2020-02-12,20.454262,83.880572,0.059903559648324854,True,1268512.1910676342,0.0,1268512.1910676342,4,0.0
2020-02-13,20.499435,83.951648,0.059145419364935,True,1268512.1910676342,0.0,1268512.1910676342,4,0.0
2020-02-14,20.367777,84.238991,0.05830888942103814,True,1268512.1910676342,0.0,1268512.1910676342,4,0.0
2020-02-18,19.521675,82.513253,0.05903015322589879,True,1061250.6261566808,207054.5104005528,1268305.1365572335,4,0.16325291480139745
2020-02-19,21.038328,84.411088,0.06135459873804098,True,1284168.209969676,0.0,1284168.209969676,4,0.0
2020-02-20,20.098003,83.597962,0.06212667928654456,True,1087691.2718575976,196280.65745462384,1283971.9293122215,4,0.15286989767740833
2020-02-21,18.293499,81.960636,0.06531578059835934,True,902777.8919753577,363386.20297212,1266164.0949474778,4,0.286997715716456
2020-02-24,15.683552,77.580774,0.07309834203234065,True,736978.6296156371,477175.25400430657,1214153.8836199436,4,0.393010523988632
2020-02-25,14.24305,76.447127,0.07115242915141456,True,579737.7391611139,590431.4948211948,1170169.2339823088,4,0.5045693201246148
2020-02-26,14.362446,75.640301,0.06884646998775786,True,579737.7391611139,595380.9374444862,1175118.6766056,4,0.5066560078546954
2020-02-27,12.335283,72.878805,0.07504685328347473,True,422018.8477581038,668908.2382655272,1090927.086023631,4,0.6131557707524348
2020-02-28,13.230437,71.276206,0.07755741797705178,True,720638.0730434869,418531.8173992492,1139169.890442736,3,0.3674007019590271
2020-03-02,14.540573,73.941399,0.07747393092086145,True,720638.0730434869,459976.6767882613,1180614.7498317482,4,0.3896077673549424
2020-03-03,13.068445,74.872953,0.08008736816221916,True,571507.6472304775,562388.8047175191,1133896.4519479966,4,0.49597897916635486
2020-03-04,14.981373,75.24556,0.08382836713401486,True,868086.0403235321,347834.6764328817,1215920.7167564137,4,0.2860669052179359
2020-03-05,13.637676,75.193481,0.084085061910757,True,727577.8960297283,457004.7508958349,1184582.6469255632,4,0.3857938929646942
2020-03-06,12.818036,72.376727,0.08457321618883126,True,582935.9969802274,574035.641825567,1156971.6388057945,4,0.4961535983873177
2020-03-09,9.570446,68.331592,0.10383799987845332,False,468683.7618268548,542735.5133973946,1011419.2752242493,4,0.5366078407760823
2020-03-10,11.397537,69.049973,0.11252706654051883,False,1052628.2484449395,61819.97323898411,1114448.2216839236,1,0.055471373219632004
2020-03-11,9.46396,68.077389,0.11629356595977174,False,1052628.2484449395,51332.29696335411,1103960.5454082936,1,0.046498307549903556
2020-03-12,6.58553,62.285973,0.135502503832051,False,1052628.2484449395,35719.76018718141,1088348.008632121,1,0.032820164050353186
2020-03-13,8.384871,63.051734,0.15069357991357502,False,1052628.2484449395,45479.343548727586,1098107.5919936672,1,0.041416108840626124
2020-03-16,5.1489,58.817142,0.1798572195378473,False,1052628.2484449395,27927.512778436718,1080555.7612233763,1,0.025845508191838187
2020-03-17,5.660691,58.311876,0.18349368074264655,False,1052628.2484449395,30703.455153000003,1083331.7035979396,1,0.028341693546887165
2020-03-18,4.195017,55.984587,0.18786192918126762,False,1052628.2484449395,22753.673769787576,1075381.9222147272,1,0.02115869097271679
2020-03-19,4.513192,56.504055,0.19087870839476428,False,1052628.2484449395,24479.447503649004,1077107.6959485884,1,0.02272701940179753
2020-03-20,4.12725,58.029264,0.19085654358812468,False,1052628.2484449395,22386.10715197478,1075014.3555969142,1,0.020824007638060454
2020-03-23,4.511255,56.87509,0.19324557703051679,False,1052628.2484449395,24468.9412611017,1077097.1897060412,1,0.022717486866509887
2020-03-24,6.056704,62.715415,0.208768945325599,False,1052628.2484449395,32851.42037235308,1085479.6688172927,1,0.030264427161631725
2020-03-25,5.81958,64.49203,0.20842578225302977,False,1052628.2484449395,31565.265360588623,1084193.5138055282,1,0.02911405109757047
2020-03-26,6.983237,65.990827,0.21276156129279938,False,1052628.2484449395,37876.91362278391,1090505.1620677235,1,0.034733364811373214
2020-03-27,5.908097,65.07347,0.21359257942393337,False,1052628.2484449395,32045.37949149209,1084673.6279364317,1,0.02954379885907039
2020-03-30,6.543877,65.407771,0.21385790257136245,False,1052628.2484449395,35493.83529259029,1088122.0837375298,1,0.03261935018419486
2020-03-31,6.121317,65.955954,0.21338668889857584,False,1052628.2484449395,33201.8797681761,1085830.1282131155,1,0.030577416214094565
2020-04-01,5.130818,62.601902,0.21138501604711307,False,1052628.2484449395,27829.436434740062,1080457.6848796795,1,0.025757081303780228
2020-04-02,5.600546,62.126615,0.213447822623912,False,1052628.2484449395,30377.230084333085,1083005.4785292726,1,0.028049008695307368
2020-04-03,5.267794,62.641509,0.2134447352988065,False,1052628.2484449395,28572.3910445284,1081200.639489468,1,0.026426539164849175
2020-04-06,6.883735,66.770284,0.2159361970087822,False,1052628.2484449395,37337.217109649064,1089965.4655545885,1,0.03425541293700659
2020-04-07,6.797155,69.604683,0.2112175963701544,False,1052628.2484449395,36867.6092212929,1089495.8576662324,1,0.033839145841513894
2020-04-08,7.478164,69.549247,0.20935820083747442,False,1052628.2484449395,40561.386057069554,1093189.634502009,1,0.037103705319660174
2020-04-09,6.987761,70.149701,0.19310397021976136,False,1052628.2484449395,37901.451692625946,1090529.7001375654,1,0.0347550843299773
2020-04-13,7.239747,69.032723,0.18503170419788703,False,1052628.2484449395,39268.217843646,1091896.4662885854,1,0.035963316171468876
2020-04-14,8.201169,72.0937,0.14841105733283602,True,1052628.2484449395,44482.94821138866,1097111.1966563282,1,0.040545523869375856
2020-04-15,7.535667,70.759684,0.14928154929097767,True,1013019.1520470199,80442.80785078087,1093461.9598978008,2,0.07356708399650168
2020-04-16,8.090035,72.006578,0.1300186125403846,True,1013019.1520470199,86360.65407496007,1099379.80612198,2,0.07855397524500105
2020-04-17,8.300025,73.304111,0.12967764026133344,True,1056558.7132040623,45019.14083568222,1101577.8540397445,2,0.040867870274067755
2020-04-20,7.764392,72.464412,0.12866949257754748,True,987404.5568529716,111198.95129239451,1098603.508145366,3,0.10121845640208968
2020-04-21,6.673748,69.484275,0.13413614191626919,False,922688.6556746805,160230.37303159022,1082919.0287062707,3,0.14796154540105588
2020-04-22,7.791531,71.38388,0.12216257723959822,True,1086506.5979992491,23085.360673717743,1109591.9586729668,1,0.020805270345800837
2020-04-23,7.593817,72.229925,0.12188155948901849,True,1086506.5979992491,22499.55808880299,1109006.156088052,1,0.020288037145049523
2020-04-24,8.077115,72.123778,0.11591927294234244,True,1086506.5979992491,23931.511403611905,1110438.109402861,1,0.02155141398783683
2020-04-27,8.403404,74.284833,0.10852531304950595,True,1111379.9658411706,0.0,1111379.9658411706,1,0.0
2020-04-28,8.27224,74.733222,0.10687872350764661,True,1111379.9658411706,0.0,1111379.9658411706,1,0.0
2020-04-29,9.459158,76.193925,0.10853948264244004,True,1111379.9658411706,0.0,1111379.9658411706,1,0.0
2020-04-30,8.464786,75.660035,0.10309754655269605,True,1085204.1838021143,26149.632406649696,1111353.816208764,1,0.023529529502904573
2020-05-01,7.178365,71.708663,0.11024011913031376,True,1059125.8684281646,48227.85101474565,1107353.7194429103,1,0.043552344809035554
2020-05-04,7.379954,70.707372,0.10889798237935223,False,1059125.8684281646,49582.22687306596,1108708.0953012307,1,0.04472072232826505
2020-05-05,7.754055,73.094983,0.09209661792926334,True,1087239.3274616464,23954.02410774993,1111193.3515693964,1,0.02155702612323806
2020-05-06,8.02284,73.985371,0.09219241016443497,True,1087239.3274616464,24784.361572444413,1112023.6890340908,1,0.022287620144110627
2020-05-07,8.258028,74.462239,0.09005537220589793,True,1087239.3274616464,25510.91032943072,1112750.2377910772,1,0.022925998542199802
2020-05-08,8.979737,75.604569,0.08998699509313085,True,1114952.019174908,0.0,1114952.019174908,1,0.0
2020-05-11,8.955188,76.25573,0.08988073230362446,True,1114952.019174908,0.0,1114952.019174908,1,0.0
2020-05-12,8.195999,75.647337,0.08827386302179839,True,1082777.9487429156,32141.92850348883,1114919.8772464045,1,0.028828913323235384
2020-05-13,7.754702,73.364327,0.08703094714830192,True,1048924.626789203,64230.813781321696,1113155.4405705247,1,0.057701567490342165
2020-05-14,8.374329,72.94131,0.0872880901390903,True,1085409.9004338933,32841.27828501359,1118251.1787189068,1,0.029368427156622613
2020-05-15,7.849679,72.673549,0.08831708732826482,True,1051501.646671698,64658.15829656509,1116159.804968263,1,0.05792912270156833
2020-05-18,8.94808,76.007002,0.09178037653451224,True,1125133.6775760492,0.0,1125133.6775760492,1,0.0
2020-05-19,8.840825,77.23485,0.08408508173636277,True,1125133.6775760492,0.0,1125133.6775760492,1,0.0
2020-05-20,9.846185,78.816026,0.08051488172160623,True,1125133.6775760492,0.0,1125133.6775760492,2,0.0
2020-05-21,9.081181,78.161699,0.08277755509471964,True,1052740.359122506,72320.99745608703,1125061.3565785931,2,0.06428182519397992
2020-05-22,9.212987,76.981368,0.08186160348485069,True,1052740.359122506,73370.6782619973,1126111.0373845035,2,0.0651540352827084
2020-05-26,9.498572,79.112305,0.08169390887388095,True,1128309.7432419297,0.0,1128309.7432419297,3,0.0
2020-05-27,9.904334,77.954133,0.08189708232532396,True,1128309.7432419297,0.0,1128309.7432419297,3,0.0
2020-05-28,9.254341,78.706717,0.07802276670660231,True,1019267.36310479,108933.44669044935,1128200.8097952392,3,0.0965550155120169
2020-05-29,9.957315,78.923757,0.07518154628996708,True,1136358.35403432,0.0,1136358.35403432,4,0.0
2020-06-01,9.833909,79.20895,0.06355272804187027,True,1096856.713840789,39462.178015515594,1136318.8918563046,4,0.03472808407774484
2020-06-02,10.467103,80.191238,0.064365004922253,True,1138817.8126480735,0.0,1138817.8126480735,4,0.0
2020-06-03,11.38459,83.041455,0.06571907471927999,True,1138817.8126480735,0.0,1138817.8126480735,4,0.0
2020-06-04,11.684387,83.833624,0.06564759931338528,True,1138817.8126480735,0.0,1138817.8126480735,4,0.0
2020-06-05,12.535325,86.652172,0.06662821723538627,True,1138817.8126480735,0.0,1138817.8126480735,4,0.0
2020-06-08,12.459083,86.065934,0.06517665583385102,True,1138817.8126480735,0.0,1138817.8126480735,4,0.0
2020-06-09,12.480403,85.641356,0.06511557855625026,True,1138817.8126480735,0.0,1138817.8126480735,4,0.0
2020-06-10,12.595412,86.680662,0.06029509576804639,True,1138817.8126480735,0.0,1138817.8126480735,4,0.0
2020-06-11,10.191856,82.699232,0.07825187053021379,True,969401.6605461771,169246.90519669966,1138648.5657428768,4,0.1486384037082413
2020-06-12,10.614417,81.967258,0.07712250824096174,True,1145489.3888745129,0.0,1145489.3888745129,4,0.0
2020-06-15,11.080267,81.634601,0.07523212543666201,True,1145489.3888745129,0.0,1145489.3888745129,4,0.0
2020-06-16,11.66759,84.714886,0.07088629874770476,True,1145489.3888745129,0.0,1145489.3888745129,4,0.0
2020-06-17,11.990647,85.577057,0.07069232901468049,True,1145489.3888745129,0.0,1145489.3888745129,4,0.0
2020-06-18,11.935082,85.329346,0.06734234223865981,True,1145489.3888745129,0.0,1145489.3888745129,4,0.0
2020-06-19,11.694725,85.637415,0.06435479475716518,True,961474.3536720587,183831.2039984559,1145305.5576705146,4,0.16050843616995797
2020-06-22,12.007446,84.835584,0.06442777349372117,True,961474.3536720587,188746.91411097252,1150221.267783031,4,0.16409617818558392
2020-06-23,12.11243,86.177247,0.06430436239856842,True,1151681.1304587529,0.0,1151681.1304587529,4,0.0
2020-06-24,11.298554,84.533897,0.06638871093795858,True,968368.9690732998,183129.03235310002,1151498.0014263997,4,0.15903547563804007
2020-06-25,11.576527,83.616151,0.06410757246508109,True,968368.9690732998,187634.46964271145,1156003.4387160111,4,0.16231307222677438
2020-06-26,10.883539,83.722531,0.06433731248411596,True,783058.3735126292,361527.8633213621,1144586.2368339913,4,0.31585899924969785
2020-06-29,11.25783,82.896875,0.06452885564968883,True,974358.9201343561,182468.97030325295,1156827.890437609,4,0.1577321672580248
2020-06-30,12.16673,85.246798,0.06530579771182526,True,1171362.3074978746,0.0,1171362.3074978746,4,0.0
2020-07-01,11.65798,85.481816,0.06361915740515553,True,985903.4177030261,185273.61617866985,1171177.033881696,4,0.15819437268557718
2020-07-02,12.091744,86.223281,0.0638785616865401,True,1177878.4301537205,0.0,1177878.4301537205,4,0.0
2020-07-06,13.061412,87.965105,0.06428224773850431,True,1177878.4301537205,0.0,1177878.4301537205,4,0.0
2020-07-07,12.578513,87.811069,0.0648779715247375,True,988563.1249429847,189126.17903170412,1177689.3039746888,4,0.16059089472359586
2020-07-08,13.098906,87.798386,0.06549483945579418,True,1185316.802840697,0.0,1185316.802840697,4,0.0
2020-07-09,13.619937,88.755819,0.06599458819129947,True,1185316.802840697,0.0,1185316.802840697,4,0.0
2020-07-10,13.484186,89.125767,0.0425522419003765,True,1135255.3393072898,50011.45208132592,1185266.7913886157,4,0.04219425739814604
2020-07-13,12.811237,89.535417,0.0444394966964029,True,864616.9001749156,317883.6248610017,1182500.5250359173,4,0.2688232420457879
2020-07-14,13.490004,87.725348,0.04482476641157721,True,1149024.9627007518,50033.03044194845,1199057.9931427003,4,0.04172694792752531
2020-07-15,13.354895,88.816158,0.04390997782902224,True,1149024.9627007518,49531.92512648811,1198556.88782724,4,0.04132630301451961
2020-07-16,13.19199,88.327104,0.04382659673497574,True,867549.5778551968,330121.91797506117,1197671.495830258,4,0.2756364488295781
2020-07-17,13.436346,89.14007,0.04386815157238257,True,867549.5778551968,336236.785511249,1203786.3633664458,4,0.2793159947176564
2020-07-20,14.264442,89.965729,0.04498886400472065,True,1224152.0272909629,0.0,1224152.0272909629,4,0.0
2020-07-21,13.962554,90.918388,0.045336206229822165,True,945154.9850791746,278718.32388790045,1223873.308967075,4,0.22773462076980272
2020-07-22,14.129983,90.750081,0.045346242882397435,True,945154.9850791746,282060.5154561642,1227215.500535339,4,0.22983780381939692
2020-07-23,13.471902,90.064147,0.04361612123065212,True,675451.2487473551,538358.3072670876,1213809.5560144428,4,0.44352782081794867
2020-07-24,12.829981,87.928574,0.045280946820547424,True,404097.4984635813,783788.8061724576,1187886.3046360388,4,0.659818034026923
2020-07-27,14.0453,89.895847,0.04623375961140555,True,981182.8915687476,280370.08662618086,1261552.9781949285,4,0.22224202349975314
2020-07-28,13.214617,89.484621,0.04875018456307106,True,720086.0654144908,524624.1123844655,1244710.1777989562,4,0.42148294578274276
2020-07-29,14.07051,90.419812,0.04773436353182781,True,997538.3224534806,280873.32471179287,1278411.6471652733,4,0.21970491690575275
2020-07-30,14.894079,91.596359,0.047439751397097406,True,1294554.289732765,0.0,1294554.289732765,4,0.0
2020-07-31,14.642614,91.837712,0.04750848244683118,True,1028583.0594020734,265705.52480588557,1294288.584207959,4,0.20529078912372875
2020-08-03,15.514022,93.439799,0.0462411950365967,True,1309819.674394635,0.0,1309819.674394635,4,0.0
2020-08-04,16.180506,94.595709,0.04547227446760553,True,1309819.674394635,0.0,1309819.674394635,4,0.0
2020-08-05,16.148829,95.048231,0.04508889373337142,True,1309819.674394635,0.0,1309819.674394635,4,0.0
2020-08-06,16.090004,94.713229,0.044674785625552986,True,1309819.674394635,0.0,1309819.674394635,4,0.0
2020-08-07,15.543111,94.140015,0.04553517578442621,True,1034500.4024043129,275044.2277625596,1309544.6301668724,4,0.21003043456984838
2020-08-10,15.552809,93.576341,0.043470777045192845,True,1034500.4024043129,275215.8394123021,1309716.241816615,4,0.21013394399886928
2020-08-11,15.037592,93.85581,0.04332529929273056,True,759019.3681013908,541304.608766787,1300323.9768681778,4,0.4162844171115846
2020-08-12,16.552208,94.951359,0.04760531810040019,True,1354249.4215029473,0.0,1354249.4215029473,4,0.0
2020-08-13,16.01049,95.418198,0.04836506443986949,True,1081133.3744756486,272843.2038234751,1353976.5782991238,4,0.2015124989578645
2020-08-14,15.954247,95.4579,0.04840593059876458,True,1081133.3744756486,271884.7371986158,1353018.1116742645,4,0.20094685714308555
2020-08-17,16.558031,96.11523,0.04739871087074991,True,1363025.3391076725,0.0,1363025.3391076725,4,0.0
2020-08-18,16.284582,96.058058,0.04725857355091326,True,1133274.2056626442,229521.6118331947,1362795.817495839,3,0.16841966264245267
2020-08-19,15.968473,95.362635,0.0476343026885943,True,902574.4853628826,455535.492323733,1358109.9776866157,3,0.33541870673808416
2020-08-20,15.552809,94.111446,0.046594033007779964,True,675217.3821222363,670807.7441370159,1346025.1262592522,3,0.49836197783414515
2020-08-21,15.895425,94.328958,0.044766537502617686,True,675217.3821222363,685585.1046810339,1360802.4868032702,4,0.5038094149075054
2020-08-24,16.335012,95.667475,0.04090094073101111,True,913531.9314774963,465991.8160950071,1379523.7475725035,4,0.3377918045376135
2020-08-25,16.861208,96.372444,0.03786715953304171,True,1394053.6325046024,0.0,1394053.6325046024,4,0.0
2020-08-26,17.051266,97.037738,0.03594951063014811,True,1394053.6325046024,0.0,1394053.6325046024,4,0.0
2020-08-27,16.386723,96.467707,0.035754657198855934,True,1076436.108875045,317300.22340615105,1393736.332281196,4,0.22766158566506647
2020-08-28,17.315016,96.8869,0.03705389808597573,True,1411375.827245582,0.0,1411375.827245582,4,0.0
2020-08-31,17.266531,97.656958,0.03523254290061716,True,1323323.7985195485,87964.06466137194,1411287.8631809205,4,0.062328931578217193
2020-09-01,18.238781,98.696977,0.03603557532656238,True,1416148.0580026708,0.0,1416148.0580026708,4,0.0
2020-09-02,19.874935,101.535936,0.040138597434955146,True,1416148.0580026708,0.0,1416148.0580026708,4,0.0
2020-09-03,16.483046,98.479476,0.05970993944665379,True,1129282.0035380498,286579.4749896312,1415861.478527681,4,0.20240643547110135
2020-09-04,16.026005,94.786243,0.05952331207260734,True,874567.9933357725,533092.7655975284,1407660.758933301,4,0.37870826633079985
2020-09-08,13.744055,92.493487,0.06889905431323748,True,649198.8712039264,682329.4270833874,1331528.298287314,4,0.5124408005154961
2020-09-09,14.880504,93.369938,0.07112997238173506,True,892715.4761378007,494988.5533447096,1387704.0294825104,4,0.35669605537522014
2020-09-10,14.262505,93.546196,0.06790740485760015,True,681319.0759391396,685616.5055516372,1366935.5814907767,4,0.5015719210439349
2020-09-11,14.212727,92.696703,0.06763715046832733,True,681319.0759391396,683223.6146525034,1364542.690591643,4,0.5006978670313854
2020-09-14,15.111284,94.165426,0.0692929200430583,True,904848.4265307211,502665.27305399446,1407513.6995847155,4,0.3571299328754704
2020-09-15,15.888316,95.937386,0.0697458450314149,True,904848.4265307211,528512.6466095237,1433361.073140245,4,0.36872261742928764
2020-09-16,15.409942,95.737343,0.06996815458792428,True,686764.5416320958,730465.9212557591,1417230.4628878548,4,0.5154178804252536
2020-09-17,15.33948,93.639875,0.06985838908230096,True,686764.5416320958,727125.8639250097,1413890.4055571056,4,0.5142731438498624
2020-09-18,14.624513,93.898678,0.07041144365532677,True,472730.1967652574,907055.3438805466,1379785.540645804,4,0.6573886427712544
2020-09-21,14.554049,92.067956,0.07016781435805582,True,472730.1967652574,902684.9591879965,1375415.1559532539,4,0.656299994427774
2020-09-22,15.081549,93.284206,0.07038997835254795,True,472730.1967652574,935402.0618974672,1408132.2586627246,4,0.6642856565091407
2020-09-23,13.958674,93.22791,0.07169217088133292,True,266488.49569315085,1071793.7145934622,1338282.210286613,4,0.8008727205332287
2020-09-24,14.366581,92.665398,0.07206594321815077,True,266488.49569315085,1103114.179469902,1369602.675163053,4,0.8054264199933567
2020-09-25,14.98652,92.993665,0.07252933128244336,True,487474.3760647739,929508.083597224,1416982.4596619979,4,0.6559771274931276
2020-09-28,16.210239,95.799855,0.07371917444395353,True,953193.7602057769,539221.1683140566,1492414.9285198334,4,0.36130780924903527
2020-09-29,16.34535,97.224478,0.07376488168194047,True,953193.7602057769,543715.5321091912,1496909.292314968,4,0.3632254371728402
2020-09-30,16.367331,97.275497,0.07252915737282417,True,953193.7602057769,544446.7132164354,1497640.4734222123,4,0.36353632455748003
2020-10-01,17.383539,98.6475,0.07103973075472456,True,1530865.6030949508,0.0,1530865.6030949508,4,0.0
2020-10-02,15.83401,97.120906,0.06087203708674688,True,1329718.416003219,200946.24085088086,1530664.6568541,4,0.1312803819903151
2020-10-05,17.379658,98.105718,0.06408835249399811,True,1550059.6034492017,0.0,1550059.6034492017,4,0.0
2020-10-06,17.082941,99.705625,0.05266810502330839,True,1309879.5548587863,239940.1084819334,1549819.6633407196,4,0.15481808248885523
2020-10-07,18.113375,100.513532,0.05142993825580521,True,1564038.3110888444,0.0,1564038.3110888444,4,0.0
2020-10-08,18.742369,101.636973,0.05017006132540858,True,1564038.3110888444,0.0,1564038.3110888444,4,0.0
2020-10-09,19.725607,103.436069,0.05067151931978829,True,1564038.3110888444,0.0,1564038.3110888444,4,0.0
2020-10-12,20.582146,105.109262,0.04996396249676332,True,1564038.3110888444,0.0,1564038.3110888444,4,0.0
2020-10-13,20.557579,105.208074,0.04940337275670607,True,1564038.3110888444,0.0,1564038.3110888444,4,0.0
2020-10-14,20.231777,104.867067,0.048832191712372026,True,1253237.4427816975,310490.377929218,1563727.8207109156,4,0.19855781410096046
2020-10-15,20.0721,103.453605,0.04890336718498774,True,1253237.4427816975,308039.8679183275,1561277.310700025,4,0.19729990681809925
2020-10-16,19.78573,104.459123,0.04724782459699197,True,938793.769516854,617774.5861365993,1556568.3556534532,4,0.39688240088708165
2020-10-19,19.467031,104.071891,0.047569054757641,True,614075.5212250431,932217.6253739701,1546293.1465990134,4,0.6028725066940454
2020-10-20,19.404966,103.440871,0.04745594089580481,True,614075.5212250431,929245.5189999251,1543321.0402249682,4,0.6021077240445514
2020-10-21,18.995125,102.943644,0.043340514926597434,True,292411.14185398736,1230962.5012229076,1523373.6430768948,4,0.808050281568888
2020-10-22,19.06171,102.0991,0.04329808852768597,True,292411.14185398736,1235277.4840484445,1527688.625902432,4,0.8085924468533271
2020-10-23,18.782446,101.611481,0.04322665510136966,True,6377.9973638313095,1502927.4212963358,1509305.4186601671,4,0.9957742168781895
2020-10-26,17.582645,100.081667,0.04347843968924811,True,6377.9973638313095,1406922.1500447232,1413300.1474085546,4,0.995487160051935
2020-10-27,17.400991,99.982886,0.043583237928497755,True,6377.9973638313095,1392386.6216163088,1398764.6189801402,4,0.9954402640177719
2020-10-28,15.669168,96.998197,0.049830913602485566,True,6377.9973638313095,1253810.193629683,1260188.1909935144,4,0.994938853252701
2020-10-29,16.916803,97.909705,0.051030588931727704,True,6377.9973638313095,1353643.0297400095,1360021.0271038408,4,0.995310368562894
2020-10-30,16.093239,97.170308,0.04772520985764092,True,6377.9973638313095,1287743.363701172,1294121.3610650033,4,0.9950715616357785
2020-11-02,16.352457,97.793375,0.0427255870364463,True,6377.9973638313095,1308485.3820886384,1314863.3794524698,4,0.9951493079330513
2020-11-03,17.325356,99.469766,0.04466435091887368,True,6377.9973638313095,1386334.4857278438,1392712.4830916752,4,0.9954204493452425
2020-11-04,19.141218,102.009876,0.04826735324354038,True,6377.9973638313095,1531635.5180369483,1538013.5154007797,4,0.9958530940723435
2020-11-05,21.665586,106.91634,0.055035022471725974,True,1738273.9120149978,0.0,1738273.9120149978,4,0.0
2020-11-06,22.780056,108.431781,0.054994700140782636,True,1738273.9120149978,0.0,1738273.9120149978,1,0.0
2020-11-09,21.909941,110.439653,0.055257656420199516,True,1652686.5650362927,85501.84513357167,1738188.4101698643,1,0.04919020552278105
2020-11-10,19.939577,106.124378,0.05940148810563076,True,1570959.1433183546,159458.42841253115,1730417.5717308857,1,0.0921502595775363
2020-11-11,22.112276,107.682831,0.06371632121915738,True,1661410.8393564257,86291.44177534725,1747702.281131773,2,0.04937422277635688
2020-11-12,21.256384,107.931412,0.06442532079340099,True,1512883.4752715973,231330.37473915002,1744213.8500107473,2,0.1326273006820377
2020-11-13,22.045052,108.710648,0.06471080520024519,True,1666613.8284581278,86029.10533011176,1752642.9337882395,2,0.0490853577027037
2020-11-16,23.67086,110.29303,0.06610795240318712,True,1758895.149694573,0.0,1758895.149694573,3,0.0
2020-11-17,23.094227,110.299379,0.06650275204727668,True,1539531.5748950911,219144.4303691126,1758676.0052642038,3,0.12460761943254625
2020-11-18,22.604223,110.463538,0.06650511675632596,True,1319525.2266053322,434281.2739031295,1753806.5005084616,3,0.24762211439929271
2020-11-19,23.6534,110.025314,0.06699012610496878,True,1549283.2129656076,224450.5031189296,1773733.7160845373,4,0.12654126213172356
2020-11-20,23.269417,111.392556,0.06702336238369525,True,1477686.0601292783,292332.4606002678,1770018.5207295462,4,0.1651578540996156
2020-11-23,24.322474,111.762263,0.06488125107146055,True,1782942.4584152228,0.0,1782942.4584152228,4,0.0
2020-11-24,24.715509,112.12877,0.06457921961372037,True,1782942.4584152228,0.0,1782942.4584152228,4,0.0
2020-11-25,24.451115,112.850644,0.05831908341471172,True,1782942.4584152228,0.0,1782942.4584152228,4,0.0
2020-11-27,25.292784,114.010734,0.05698974240283873,True,1782942.4584152228,0.0,1782942.4584152228,4,0.0
2020-11-30,26.243704,114.091991,0.054633437279501186,True,1782942.4584152228,0.0,1782942.4584152228,4,0.0
2020-12-01,27.636145,116.952409,0.05492495508664945,True,1782942.4584152228,0.0,1782942.4584152228,4,0.0
2020-12-02,27.846239,117.452756,0.054553087747316376,True,1782942.4584152228,0.0,1782942.4584152228,4,0.0
2020-12-03,27.888262,118.241561,0.051701930304445205,True,1782942.4584152228,0.0,1782942.4584152228,4,0.0
2020-12-04,30.209642,119.522747,0.04778887232251797,True,1782942.4584152228,0.0,1782942.4584152228,4,0.0
2020-12-07,30.604624,120.996753,0.04713420191573162,True,1782942.4584152228,0.0,1782942.4584152228,4,0.0
2020-12-08,30.990545,121.62462,0.04542138707584833,True,1782942.4584152228,0.0,1782942.4584152228,4,0.0
2020-12-09,28.340124,120.01993,0.04480557701323705,True,1384305.7858693893,398238.4341117219,1782544.2199811111,4,0.2234101289873986
2020-12-10,28.285177,118.209695,0.04013090886024226,True,1384305.7858693893,397466.31302858423,1781772.0988979735,4,0.22307359806252283
2020-12-11,27.309048,116.93966,0.03984588009732121,True,960058.459788678,807573.1471669096,1767631.6069555876,4,0.4568673381880754
2020-12-14,28.337538,118.598851,0.039863056318061724,True,1399403.8553144152,398202.0953649114,1797605.9506793267,4,0.2215180113385964
2020-12-15,29.519241,119.909793,0.038053308236765934,True,1813796.5593016855,0.0,1813796.5593016855,4,0.0
2020-12-16,29.453951,119.973705,0.03726779132495395,True,1813796.5593016855,0.0,1813796.5593016855,4,0.0
2020-12-17,29.611683,120.443134,0.03646917980299228,True,1813796.5593016855,0.0,1813796.5593016855,4,0.0
2020-12-18,29.225109,119.944939,0.03612336868741554,True,1380522.0234444821,432841.6941630404,1813363.7176075224,4,0.23869546410364598
2020-12-21,28.649775,118.23481,0.03626963856412798,True,950196.643072924,854216.1315056429,1804412.774578567,4,0.47340394811001657
2020-12-22,28.543804,118.641967,0.03549028616931236,True,950196.643072924,851056.5207348154,1801253.1638077395,4,0.4724802364459051
2020-12-23,27.950956,118.696257,0.036011052732270454,True,520414.52497400605,1262733.045150946,1783147.570124952,4,0.7081483699425176
2020-12-24,28.757807,118.793668,0.03610949530266487,True,520414.52497400605,1299183.9422226981,1819598.4671967041,4,0.7139948541637524
2020-12-28,28.594236,119.735764,0.035706829551020614,True,520414.52497400605,1291794.3378410668,1812208.8628150728,4,0.7128286172458081
2020-12-29,28.374424,118.522201,0.035071289490729185,True,520414.52497400605,1281863.9484790456,1802278.4734530516,4,0.7112463292218518
2020-12-30,29.841372,120.088654,0.0349797712123112,True,1425675.3083176997,441968.9251673798,1867644.2334850794,4,0.23664513682172364
2020-12-31,30.158813,120.618773,0.035003133997207676,True,1871899.0579418142,0.0,1871899.0579418142,4,0.0
2021-01-04,29.742455,122.095797,0.03522948525861025,True,1439114.2506721308,432352.45481486834,1871466.7054869991,4,0.2310233217332927
2021-01-05,31.465429,121.723748,0.03283440695629802,True,1896055.391357491,0.0,1896055.391357491,4,0.0
2021-01-06,31.233974,123.299761,0.0327926983599957,True,1896055.391357491,0.0,1896055.391357491,4,0.0
2021-01-07,34.676037,126.019043,0.04012701010890265,True,1896055.391357491,0.0,1896055.391357491,4,0.0
2021-01-08,34.705139,127.772316,0.03338756578169292,True,1896055.391357491,0.0,1896055.391357491,4,0.0
2021-01-11,35.969078,127.900063,0.033733098782411854,True,1896055.391357491,0.0,1896055.391357491,4,0.0
2021-01-12,36.675724,129.477682,0.031875700487204006,True,1896055.391357491,0.0,1896055.391357491,4,0.0
2021-01-13,36.77335,130.007817,0.03153814883824581,True,1896055.391357491,0.0,1896055.391357491,4,0.0
2021-01-14,39.166107,132.564238,0.03292773312809185,True,1896055.391357491,0.0,1896055.391357491,4,0.0
2021-01-15,36.680897,130.654494,0.03733462680350886,True,1485273.1553016207,410371.86419167847,1895645.019493299,4,0.21648138758667473
2021-01-19,40.407436,132.86125,0.0419230825430725,True,1936884.0513952307,0.0,1936884.0513952307,4,0.0
2021-01-20,40.070599,134.689562,0.04176459212625968,True,1936884.0513952307,0.0,1936884.0513952307,4,0.0
2021-01-21,41.854343,134.826852,0.04132002514332303,True,1936884.0513952307,0.0,1936884.0513952307,4,0.0
2021-01-22,39.557255,134.137062,0.044409620451968196,True,1521464.0708183495,415004.97560127976,1936469.0464196294,4,0.21431015195858127
2021-01-25,39.727295,132.822927,0.04364520067140091,True,1521464.0708183495,416788.9074249425,1938252.9782432918,4,0.21503328621359488
2021-01-26,37.875011,132.420561,0.0459129552110575,True,1102167.7652808367,816233.5645742111,1918401.3298550479,4,0.4254759167811277
2021-01-27,32.142338,126.50929,0.060724431083300896,True,736145.3278779504,1058347.1436557989,1794492.4715337493,4,0.5897751929553828
2021-01-28,34.072197,127.523213,0.06173442904394186,True,1123368.9061342622,734280.2041743235,1857649.1103085857,4,0.39527389758356873
2021-01-29,32.391247,126.346409,0.06231018542869716,True,817200.4687237376,1003917.1047687292,1821117.573492467,4,0.5512643002194838
2021-02-01,36.21928,128.522779,0.0668044629655794,True,1158868.207457454,780551.377812443,1939419.5852698968,4,0.40246648210671676
2021-02-02,37.867908,131.238879,0.06701992270712949,True,1158868.207457454,816080.4898461491,1974948.697303603,4,0.4132160450346602
2021-02-03,35.525566,130.975477,0.06822093319610563,True,880186.0272144749,1044005.1216303834,1924191.1488448582,4,0.5425683005854833
2021-02-04,36.403538,129.287663,0.06826144787840573,True,1147370.1914115269,802354.8474385943,1949725.0388501212,3,0.41152205128975256
2021-02-05,35.61285,130.368659,0.06457281984231814,True,854647.1952383497,1077358.1962297235,1932005.3914680732,4,0.5576372617734111
2021-02-08,38.920429,131.959062,0.06746884106740562,True,1402445.4605801832,629072.3023967076,2031517.762976891,4,0.3096563140431982
2021-02-09,38.424549,133.126305,0.0672045652148692,True,1608322.8543338692,414973.8987806659,2023296.753114535,3,0.20509789191421443
2021-02-10,38.787895,133.20297,0.06711497029162997,True,1608322.8543338692,418897.92938480806,2027220.7837186772,4,0.20663656013648074
2021-02-11,42.829937,136.196899,0.0704862726206212,True,2070411.1051414162,0.0,2070411.1051414162,4,0.0
2021-02-12,44.388687,138.338189,0.06961581190580772,True,2070411.1051414162,0.0,2070411.1051414162,2,0.0
2021-02-16,45.174213,140.747712,0.06755333979100227,True,2070411.1051414162,0.0,2070411.1051414162,3,0.0
2021-02-17,42.680588,137.819243,0.06592932348769816,True,1831132.641459096,239039.42425806212,2070172.0657171581,3,0.1154683845930715
2021-02-18,41.395306,135.951036,0.06631209254196631,True,1576642.8540694471,486076.549745954,2062719.4038154013,3,0.2356484109505446
2021-02-19,44.414555,139.441597,0.0674671489569951,True,2097650.8345213616,0.0,2097650.8345213616,4,0.0
2021-02-22,39.573418,136.58655,0.071375184800609,True,1792406.9560065463,304938.93957524025,2097345.8955817865,4,0.14539277484825777
2021-02-23,38.770443,131.558265,0.07151225156595456,True,1473465.8375028642,617373.9906418326,2090839.8281446968,4,0.2952756028134677
2021-02-24,42.423271,134.927478,0.0734058474255308,True,2148331.3036838043,0.0,2148331.3036838043,4,0.0
2021-02-25,35.124073,133.483976,0.07655211260665133,True,1886117.3225981006,261952.02905664733,2148069.351654748,4,0.12194765911764194
2021-02-26,37.540768,132.022932,0.07687849590499521,True,2165812.859889431,0.0,2165812.859889431,4,0.0
2021-03-01,41.271824,135.832866,0.0782199204062314,True,2165812.859889431,0.0,2165812.859889431,4,0.0
2021-03-02,37.384953,135.529435,0.07828414993143785,True,1896260.3135062219,269283.26312008884,2165543.5766263106,4,0.12434903920963987
2021-03-03,33.951942,130.836571,0.08052157962295298,True,1626225.9299474547,514319.95463929966,2140545.8845867543,4,0.24027513651667987
2021-03-04,29.073952,125.262201,0.08637689780075988,True,1378540.8018085805,687863.5628131101,2066404.3646216905,4,0.33287945698810095
2021-03-05,31.760233,123.510523,0.0888669376140626,True,1648570.1401978796,481118.9179073641,2129689.058105244,4,0.2259104051252483
2021-03-08,26.688301,123.393966,0.09641177584053479,True,1427873.2870659144,624763.2879345461,2052636.5750004605,4,0.30437111739295886
2021-03-09,31.469309,125.961569,0.10202675032853484,True,1687586.372139513,476711.8645940814,2164298.2367335944,4,0.22026163331054838
2021-03-10,29.79159,127.186321,0.10250469572819763,True,1470288.5530153646,668377.7280375656,2138666.2810529303,4,0.3125208144715794
2021-03-11,33.428257,129.38509,0.10636231889317738,True,1713624.8127382102,506386.92843875766,2220011.741176968,4,0.22810101363260812
2021-03-12,32.409985,127.904848,0.10343987214411383,True,1499915.7892083507,704457.194202288,2204372.9834106388,4,0.3195725947939814
2021-03-15,34.495014,130.073275,0.10427997313500138,True,1726918.8777976886,522546.66421620315,2249465.542013892,4,0.23229814125020104
2021-03-16,35.862404,133.833707,0.10471280778517733,True,2011578.0982209803,258316.36520850845,2269894.4634294887,4,0.113801046423202
2021-03-17,37.258881,133.113556,0.10470691529685523,True,2011578.0982209803,268375.16837009473,2279953.266591075,4,0.11771081991139323
2021-03-18,32.691219,131.170248,0.108242727119019,True,1815202.8500476223,431653.4356948292,2246856.2857424514,4,0.19211439486980522
2021-03-19,33.699791,129.942378,0.1070060885862972,True,1815202.8500476223,444970.5765743298,2260173.426621952,4,0.19687452800442018
2021-03-22,35.881794,133.578216,0.10550726686301268,True,2030313.1427462788,258456.0310915149,2288769.1738377935,4,0.11292358969434103
2021-03-23,33.015827,131.947909,0.10691900051625843,True,1825896.2897502822,442025.15356565703,2267921.443315939,4,0.19490320304894243
2021-03-24,31.61875,130.542733,0.104613253608761,True,1615868.943237874,633138.2237612387,2249007.166999113,4,0.28151898893503546
2021-03-25,31.832191,127.067709,0.09629086180593778,True,1615868.943237874,637412.1958701243,2253281.1391079985,4,0.2828817872777541
2021-03-26,36.566753,131.76625,0.10037184394567404,True,2084228.054948898,263389.78063035937,2347617.8355792575,4,0.11219448780741176
2021-03-29,34.723381,132.604577,0.09831617114120059,True,1862764.798134382,471354.01419803244,2334118.8123324146,4,0.2019408830894185
2021-03-30,34.461433,131.780648,0.09599616935009408,True,1862764.798134382,467798.18991608394,2330562.988050466,4,0.20072325541709593
2021-03-31,37.071266,135.049034,0.09489231696567302,True,2098730.295256773,267023.78030200547,2365754.0755587784,4,0.11287047248938413
2021-04-01,41.146091,139.347606,0.0895194910941168,True,2394808.6050373684,0.0,2394808.6050373684,4,0.0
2021-04-05,43.658909,142.576029,0.08853586257308187,True,2394808.6050373684,0.0,2394808.6050373684,4,0.0
2021-04-06,42.087185,141.995297,0.07769465089507481,True,2140699.972246773,253854.7780125827,2394554.7502593556,4,0.10601335299812524
2021-04-07,42.087185,141.614521,0.07022011750957857,True,2140699.972246773,253854.7780125827,2394554.7502593556,4,0.10601335299812524
2021-04-08,43.455162,142.830384,0.06836771862528962,True,2140699.972246773,262105.9237630367,2402805.89600981,4,0.10908326977151991
2021-04-09,43.154396,142.37125,0.06466758824224958,True,2140699.972246773,260291.81131613074,2400991.7835629038,4,0.10841012164143099
2021-04-12,41.805824,141.206563,0.06469677806183423,True,1793207.615774573,599302.920814408,2392510.536588981,4,0.2504912357330047
2021-04-13,41.417744,141.245011,0.06378220143483876,True,1793207.615774573,593739.6414610419,2386947.257235615,4,0.24874434894245087
2021-04-14,40.040062,140.43869,0.06406977455935525,True,1441702.8657874798,925143.624818081,2366846.490605561,4,0.3908760574418925
2021-04-15,42.174503,141.136186,0.06451070364747262,True,1811205.757067619,604588.0792062851,2415793.836273904,4,0.2502647660277152
2021-04-16,41.47596,141.641741,0.05627985966567172,True,1457601.4117929558,947825.2848861018,2405426.6966790576,4,0.3940362373938368
2021-04-19,38.419838,138.544528,0.059422395596551485,True,1076622.1895414833,1258584.181951941,2335206.3714934243,4,0.5389605806646734
2021-04-20,36.586159,136.282467,0.05910967611131492,True,705384.148861985,1569382.4039913118,2274766.5528532965,4,0.6899092137708795
2021-04-21,39.535564,137.219946,0.05797539156326343,True,1105748.1343454465,1295133.9220885993,2400882.0564340455,4,0.5394408769967738
2021-04-22,36.848118,137.21995,0.05956002348523072,True,733471.1619274119,1579001.7357306648,2312472.8976580766,4,0.6828195639956585
2021-04-23,38.953442,137.893455,0.060513500323681364,True,1126231.9397799037,1276064.3585686744,2402296.298348578,4,0.5311852494822913
2021-04-26,40.952042,139.976381,0.053434078473496335,True,1531509.6645097616,935852.5004681653,2467362.1649779268,4,0.379292717442045
2021-04-27,40.107983,140.77942,0.05211789856917192,True,2106277.3012864864,341004.983857123,2447282.2851436096,1,0.13934027387327425
2021-04-28,38.245201,138.635741,0.05346424163191644,True,1872567.5831300754,558643.5321673478,2431211.115297423,2,0.22977993505060376
2021-04-29,39.108669,138.469373,0.05123673399394056,True,1872567.5831300754,571256.1162516483,2443823.6993817235,2,0.2337550439486177
2021-04-30,35.800308,136.188064,0.049198940955978945,True,1642775.6875495715,752493.576667809,2395269.2642173804,2,0.31415824012323534
2021-05-03,34.548748,134.506649,0.04700075999186851,True,1323875.7689475396,1044768.1329737544,2368643.901921294,3,0.44108282048065756
2021-05-04,32.957623,130.441671,0.04735100233922644,True,1043879.1880113578,1276368.7325844755,2320247.920595833,3,0.5501001514772214
2021-05-05,33.520336,132.518157,0.047730869466872286,True,1043879.1880113578,1298161.241061765,2342040.429073123,3,0.5542864354290931
2021-05-06,34.345001,131.881428,0.04739323659115902,True,1335079.4696669006,1038606.7411690787,2373686.2108359793,4,0.4375501430761128
2021-05-07,35.829407,135.017023,0.04891235830758095,True,1665139.6447872305,753105.214159516,2418244.8589467467,4,0.31142636833208315
2021-05-10,30.978416,131.403106,0.057514137161726236,True,1258472.0219904887,1057402.6604247813,2315874.6824152702,4,0.45658889423239246
2021-05-11,31.153049,127.174875,0.05768842913812372,True,1258472.0219904887,1063363.5009919025,2321835.5229823915,4,0.4579839917454682
2021-05-12,27.291666,125.415095,0.06337346990267696,True,946814.2772584397,1242907.2707755,2189721.5480339397,4,0.5676097364486616
2021-05-13,28.455902,125.933443,0.06281170872283595,True,1271117.7828208383,971300.3556923907,2242418.138513229,4,0.433148634953686
2021-05-14,30.978416,128.414702,0.06703433245486136,True,1271117.7828208383,1057402.6604247813,2328520.4432456195,4,0.4541092449894558
2021-05-17,30.173151,127.330051,0.06551526596826038,True,972213.4733602643,1328521.827964028,2300735.3013242926,4,0.5774335827330233
2021-05-18,29.3873,128.520296,0.06504096911908319,True,666512.6334747367,1599316.3052397245,2265828.9387144614,4,0.7058415919725657
2021-05-19,31.094837,127.125296,0.06368992147698105,True,989329.8144975833,1369103.6011281519,2358433.415625735,4,0.5805139937626367
2021-05-20,33.607647,132.215825,0.06513766098872456,True,1761893.3233086732,706405.6123321386,2468298.935640812,4,0.2861912721073
2021-05-21,33.122559,133.228493,0.06359765006483832,True,2233315.4845420364,224315.39883952282,2457630.883381559,3,0.09127302246905268
2021-05-24,35.44133,135.148191,0.06456080711113861,True,2233315.4845420364,240018.7761565507,2473334.260698587,4,0.09704259548353888
2021-05-25,35.839108,136.356035,0.06460235634291306,True,2233315.4845420364,242712.64201152854,2476028.126553565,4,0.09802499390399307
2021-05-26,36.071957,136.264859,0.06388235671145491,True,2233315.4845420364,244289.56172671064,2477605.046268747,4,0.09859907336506628
2021-05-27,36.731686,136.917585,0.06380179635132141,True,2233315.4845420364,248757.4343255941,2482072.9188676304,4,0.10022164636447589
2021-05-28,37.624275,138.272611,0.060775655062277466,True,2364099.55725961,123887.31342951217,2487986.870689122,4,0.049794199032568806
2021-06-01,37.197384,138.962112,0.06021648776703885,True,2258882.849978196,227593.26398009178,2486476.113958288,4,0.09153245539036366
2021-06-02,38.022049,138.48217,0.05911784906346885,True,2258882.849978196,232639.00050393288,2491521.850482129,4,0.09337224975928483
2021-06-03,36.013748,136.899967,0.060622151637617507,True,1824763.9522114089,654036.3656212471,2478800.317832656,4,0.2638519774731613
2021-06-04,38.55566,138.888533,0.062186217992673765,True,2397435.9482393474,126954.13094077444,2524390.079180122,4,0.05029101167360273
2021-06-07,37.750397,138.670906,0.06184142044131015,True,1970491.436886818,550820.594943587,2521312.031830405,4,0.21846585745426597
2021-06-08,37.032448,138.478964,0.05150924052081484,True,1540385.218334475,970021.4565175218,2510406.674851997,4,0.3864001264156574
2021-06-09,36.576454,138.029389,0.05172703103664224,True,1540385.218334475,958077.2295508557,2498462.4478853308,4,0.38346673185412933
2021-06-10,37.876526,138.285659,0.04004167157545548,True,1540385.218334475,992131.0878055854,2532516.3061400605,4,0.39175703840491505
2021-06-11,38.313118,139.004816,0.039601446391603595,True,1984476.4598267456,559031.3249130559,2543507.7847398017,4,0.219787542333095
2021-06-14,39.94305,140.297391,0.03664370318838322,True,2566707.5052458597,0.0,2566707.5052458597,4,0.0
2021-06-15,38.846722,140.954084,0.036728843436078684,True,1984435.617574328,581690.1974740581,2566125.8150483863,4,0.22668031086507343
2021-06-16,38.012352,139.571791,0.0364813452525409,True,1398577.7797651251,1154468.919606456,2553046.699371581,4,0.4521926370914494
2021-06-17,39.108669,140.063547,0.03523444386274851,True,1398577.7797651251,1187765.0414180236,2586342.821183149,4,0.4592450125674633
2021-06-18,36.207783,138.051772,0.0368780585225761,True,844479.8577082297,1653206.9326654216,2497686.7903736513,4,0.6618952140184493
2021-06-21,36.983944,137.047534,0.03681247145666694,True,844479.8577082297,1688645.577060317,2533125.4347685464,4,0.6666253292800756
2021-06-22,37.449642,137.925271,0.0338590135201318,True,1416437.2387062388,1137378.916710772,2553816.155417011,4,0.4453644457915375
2021-06-23,37.886227,139.164936,0.033864759996800296,True,1416437.2387062388,1150638.3912433237,2567075.6299495623,4,0.44822925270259034
2021-06-24,39.855736,140.882018,0.03552077063954628,True,2029478.556948204,596799.1570643703,2626277.7140125744,4,0.22724145046814076
2021-06-25,39.448242,141.295196,0.03553566145140653,True,1437063.372958294,1182520.7090177606,2619584.0819760547,4,0.4514154430674884
2021-06-28,42.349136,143.30538,0.03839294175691573,True,2705273.2870700704,0.0,2705273.2870700704,4,0.0
2021-06-29,43.309635,144.601125,0.03833478172212248,True,2705273.2870700704,0.0,2705273.2870700704,4,0.0
2021-06-30,43.212612,145.158511,0.03824042205774597,True,2705273.2870700704,0.0,2705273.2870700704,4,0.0
2021-07-01,41.301331,144.144633,0.03753340437325695,True,2132819.0613943897,571882.3433323486,2704701.404726738,4,0.21144010290116558
2021-07-02,42.028969,143.904391,0.03478218232373893,True,2132819.0613943897,581957.643921031,2714776.705315421,4,0.21436667066635057
2021-07-06,41.75732,143.68176,0.034370986120560026,True,2132819.0613943897,578196.2332613142,2711015.294655704,4,0.21327664008429895
2021-07-07,40.01096,143.116364,0.03562372929316924,True,1559482.312441243,1126779.0980350398,2686261.410476283,4,0.41945995785840445
2021-07-08,38.594471,139.262689,0.0365719584958646,True,982121.9932030679,1663671.80887861,2645793.802081678,4,0.6287987399356871
2021-07-09,40.525169,141.042181,0.03734009611362154,True,1587153.6312970188,1141260.1290630759,2728413.7603600947,4,0.41828704489177365
2021-07-12,42.038666,143.271719,0.038045903104676586,True,2188342.796141986,582091.9142447475,2770434.7103867335,4,0.21010851187447455
2021-07-13,41.349834,143.505597,0.037282840002696736,True,1898912.3074418688,861400.0380269212,2760312.3454687903,3,0.31206614694926044
2021-07-14,40.903542,144.14305,0.03676397196841379,True,1288626.4529888206,1461779.0581614443,2750405.511150265,4,0.5314776501993351
2021-07-15,38.245201,140.606494,0.039640253238624044,True,710334.3610542486,1944491.7069378085,2654826.067992057,4,0.7324365729196336
2021-07-16,35.664478,138.631556,0.04199308149533741,True,254173.16311962635,2268986.1104016965,2523159.2735213228,4,0.8992639244826974
2021-07-19,35.742088,135.428183,0.03837930602251564,True,254173.16311962635,2273923.684758688,2528096.847878314,4,0.899460670055841
2021-07-20,37.197384,137.491232,0.03915965207289104,True,728990.1824823543,1891217.7950844374,2620207.9775667917,4,0.7217815575237971
2021-07-21,40.602783,140.851551,0.043726332905359565,True,1341703.7801026055,1451030.7662958258,2792734.546398431,4,0.5195734654291098
2021-07-22,39.525864,141.700484,0.044220214666267986,True,738560.136429469,2015085.7729303439,2753645.9093598127,4,0.731788268811521
2021-07-23,40.311714,141.75172,0.04295385711061293,True,738560.136429469,2055149.5436971844,2793709.6801266535,4,0.7356346145473547
2021-07-26,40.214706,142.291474,0.04288527504100412,True,738560.136429469,2050203.9354073713,2788764.0718368404,4,0.7351657876376
2021-07-27,37.983246,139.615076,0.0414184549589531,True,258114.82071667607,2416406.224224502,2674521.0449411785,4,0.9034911984690129
2021-07-28,39.952747,141.348103,0.042866558197027414,True,1340216.5360848117,1458516.4205104155,2798732.956595227,3,0.5211345430700756
2021-07-29,42.155094,144.192675,0.04476970675047521,True,2299007.831627012,579164.3328007698,2878172.164427782,4,0.2012264380702588
2021-07-30,43.067078,145.264228,0.04379192789700794,True,2890110.1211878695,0.0,2890110.1211878695,3,0.0
2021-08-02,43.862644,148.023958,0.0438078416324955,True,2890110.1211878695,0.0,2890110.1211878695,3,0.0
2021-08-03,44.599998,147.152626,0.04387397721234985,True,2890110.1211878695,0.0,2890110.1211878695,4,0.0
2021-08-04,46.191116,149.563184,0.043019317144789106,True,2890110.1211878695,0.0,2890110.1211878695,4,0.0
2021-08-05,45.764236,150.050087,0.04200840148891829,True,2537490.917034079,352266.93721657415,2889757.854250653,4,0.12190188762647068
2021-08-06,45.240326,149.383783,0.04111929900574371,True,1865799.6704715327,1019254.4037558736,2885054.074227406,4,0.35328779895705126
2021-08-09,44.774632,148.981786,0.04058435552991818,True,1193475.9575643186,1680414.4831717208,2873890.4407360395,4,0.5847176563701383
2021-08-10,43.125294,147.537032,0.041384467555664904,True,539270.3147586563,2272066.088298188,2811336.403056844,4,0.8081800832613655
2021-08-11,42.853634,146.162808,0.04132216111671256,True,539270.3147586563,2257753.6183693553,2797023.9331280114,4,0.8071985339948197
2021-08-12,41.349834,144.841389,0.03907292669544325,True,230761.37411952333,2486726.3074735543,2717487.6815930777,4,0.9150828260666691
2021-08-13,42.184204,145.132901,0.035109362278343166,True,230761.37411952333,2536904.255688938,2767665.6298084613,4,0.9166223796566446
2021-08-16,41.728203,144.842992,0.03535127805764218,True,68277.8572375191,2671802.132506932,2740079.9897444514,4,0.975081801446283
2021-08-17,39.2542,142.587792,0.03765588780514506,True,68277.8572375191,2513394.9638294657,2581672.821066985,4,0.973552862051164
2021-08-18,37.507851,141.753299,0.03337933411427303,True,657518.2034221005,1811748.3504582518,2469266.5538803525,3,0.7337192283316528
2021-08-19,38.448944,140.550416,0.0335112462439068,True,657518.2034221005,1857206.131827219,2514724.3352493197,4,0.7385326915536801
2021-08-20,39.225101,142.060876,0.03352119788282651,True,657518.2034221005,1894696.980461726,2552215.1838838262,4,0.7423735241549955
2021-08-23,42.387947,145.634217,0.037875373346784084,True,657518.2034221005,2047472.489334614,2704990.6927567143,4,0.756924042222116
2021-08-24,42.426754,147.114192,0.03518723481557011,True,657518.2034221005,2049346.9907086396,2706865.19413074,4,0.7570923720738704
2021-08-25,43.445457,148.15851,0.033867335412291005,True,884752.3962614785,1871091.927119079,2755844.323380558,4,0.678954145284896
2021-08-26,43.348434,147.743646,0.03181440600460294,True,730614.0547221805,2020897.7357352339,2751511.7904574145,4,0.734468135933111
2021-08-27,45.890354,149.500711,0.03391744045030516,True,1439697.4071641073,1429608.533621666,2869305.940785773,4,0.4982419313676118
2021-08-30,46.317249,151.648586,0.0337650536007814,True,1985408.8456453674,896649.7702648474,2882058.615910215,4,0.3111143421285575
2021-08-31,45.162708,150.181435,0.0341522647319821,True,1313682.3388867402,1545354.6082528976,2859036.9471396375,4,0.5405157879470458
2021-09-01,44.590294,150.022858,0.033277751385727264,True,633448.3274970395,2205322.493611426,2838770.8211084655,4,0.776858236393421
2021-09-02,44.920166,149.660874,0.0332880284015788,True,633448.3274970395,2221637.1234636665,2855085.450960706,4,0.7781333209190321
2021-09-03,45.83215,150.420072,0.03350886879249489,True,633448.3274970395,2266741.531813469,2900189.8593105082,4,0.7815838416704086
2021-09-07,45.376148,150.160666,0.033502949220996295,True,306791.4903441677,2570519.339710235,2877310.830054403,4,0.8933756175594115
2021-09-08,43.610394,148.409954,0.03363572695789828,True,89338.16846782854,2687726.99633199,2777065.164799819,4,0.9678300064398134
2021-09-09,44.192516,148.968946,0.03370983409313493,True,89338.16846782854,2723603.420987974,2812941.5894558025,4,0.9682403044547
2021-09-10,45.201523,151.200117,0.0328273036694983,True,314274.96968918794,2560626.985257916,2874901.954947104,4,0.8906832390758973
2021-09-13,46.443378,150.636311,0.03304262368488072,True,1021362.5639176168,1923181.601872568,2944544.165790185,4,0.6531338956352423
2021-09-14,46.443378,151.739878,0.0328600770832495,True,1021362.5639176168,1923181.601872568,2944544.165790185,4,0.6531338956352423
2021-09-15,47.141918,151.365132,0.028928194755137446,True,2971518.0178385326,0.0,2971518.0178385326,4,0.0
2021-09-16,47.607605,151.917644,0.025914051601460757,True,2971518.0178385326,0.0,2971518.0178385326,4,0.0
2021-09-17,45.356754,150.915026,0.028990603313903948,True,2316486.5851390027,654377.055643886,2970863.6407828885,4,0.22026492453603258
2021-09-20,42.009563,145.983374,0.034470508349260874,True,1679193.1037984614,1242742.8364212497,2921935.940219711,4,0.4253148809031738
2021-09-21,42.300625,146.8355,0.02977561889414122,True,1679193.1037984614,1251353.1429710807,2930546.246769542,4,0.4270033767085223
2021-09-22,44.881348,148.957736,0.03260080135120441,True,2358691.7808301887,647518.2143230225,3006209.995153211,4,0.21539354049350828
2021-09-23,46.666519,151.326661,0.03328839253302599,True,2358691.7808301887,673273.4732377334,3031965.254067922,4,0.22205843959933808
2021-09-24,46.520985,151.378622,0.0332971407154569,True,2358691.7808301887,671173.8055583383,3029865.586388527,4,0.2215193335881112
2021-09-27,46.268742,150.681803,0.03085936936499433,True,2358691.7808301887,667534.6114562475,3026226.392286436,4,0.22058317023396856
2021-09-28,40.971455,147.496283,0.04106715012274069,True,1749111.3212019019,1200080.3688229653,2949191.690024867,4,0.4069184017037721
2021-09-29,38.924328,144.620619,0.04210315803183624,True,1093425.6896629063,1795149.298270776,2888574.9879336823,4,0.6214653612142923
2021-09-30,38.846722,144.339654,0.04210030640921582,True,1093425.6896629063,1791570.190715172,2884995.8803780787,4,0.6209957535469295
2021-10-01,38.87582,142.467486,0.04200815218251581,True,1093425.6896629063,1792912.160042968,2886337.8497058745,4,0.621171967178295
2021-10-04,35.916729,140.88597,0.04440574908507584,True,455637.04135010485,2293593.4747104174,2749230.5160605223,4,0.8342674291266763
2021-10-05,37.498146,141.34676,0.04609796585773022,True,1120177.1739404819,1729375.2760061803,2849552.4499466624,4,0.6068936460666132
2021-10-06,37.895931,140.995156,0.04573567722736169,True,1120177.1739404819,1747720.7041819128,2867897.878122395,4,0.6094082768826277
2021-10-07,39.186287,144.773114,0.04642604414787499,True,1576610.562610144,1350340.2944318014,2926950.8570419457,3,0.46134710160337
2021-10-08,38.157887,143.467783,0.04613352845690831,True,916388.4807476795,1974464.652491776,2890853.1332394555,4,0.6830041380480697
2021-10-11,37.236195,142.656937,0.04547689716421287,True,456935.7111499363,2385765.843174367,2842701.5543243038,4,0.8392600480852982
2021-10-12,35.945827,140.857087,0.045709156118789236,True,280005.96997279563,2479843.469406351,2759849.439379147,4,0.898543027029842
2021-10-13,36.527946,140.730253,0.04574612909318669,True,280005.96997279563,2520002.9015587214,2800008.8715315172,4,0.8999981847130215
2021-10-14,39.826622,143.806593,0.05068005150072679,True,1653798.009321353,1372405.9255143018,3026203.9348356547,4,0.4535074155829599
2021-10-15,40.593079,145.699617,0.05015511170301824,True,2163701.059908528,888404.1950128586,3052105.2549213865,4,0.2910791472805027
2021-10-18,41.582687,145.61288,0.04763274731385969,True,2163701.059908528,910062.3672992791,3073763.427207807,4,0.2960743039765997
2021-10-19,43.105892,147.759588,0.048309698693324195,True,2641942.6695191534,464678.30416085845,3106620.973680012,4,0.14957676140659482
2021-10-20,42.882744,148.488518,0.046326426998579355,True,2641942.6695191534,462272.7853464725,3104215.454865626,4,0.1489177513828476
2021-10-21,44.231323,148.853011,0.04598291622517447,True,2641942.6695191534,476810.3664907613,3118753.0360099147,4,0.15288493862302904
2021-10-22,42.737217,149.421403,0.04652615971218999,True,2303939.7033182895,798053.532233611,3101993.2355519,3,0.25727120326605835
2021-10-25,43.717117,149.379638,0.04691104435746626,True,2303939.7033182895,816351.6974191379,3120291.400737427,4,0.2616267497408118
2021-10-26,43.620102,149.996201,0.03769512776076426,True,2118190.189709766,1000104.0372244732,3118294.2269342393,4,0.32072151132695664
2021-10-27,42.77602,148.997521,0.03591158478479217,True,1927812.984559211,1170266.3554424518,3098079.3400016627,3,0.3777393110409573
2021-10-28,45.599297,150.980433,0.03821350432251995,True,3025437.1609720998,148782.66831489312,3174219.829286993,4,0.04687220051432711
2021-10-29,46.229927,151.359381,0.038193893039610315,True,3025437.1609720998,150840.30560959576,3176277.4665816957,4,0.04748965013183493
2021-11-01,48.471081,153.573548,0.033005525493076886,True,3183431.814058967,0.0,3183431.814058967,4,0.0
2021-11-02,50.275646,155.824582,0.03274401285596477,True,3183431.814058967,0.0,3183431.814058967,4,0.0
2021-11-03,52.070518,157.624448,0.03303994063532838,True,3183431.814058967,0.0,3183431.814058967,4,0.0
2021-11-04,57.319294,162.129814,0.03745873646835507,True,3183431.814058967,0.0,3183431.814058967,4,0.0
2021-11-05,59.094753,165.605944,0.03594491858742595,True,3183431.814058967,0.0,3183431.814058967,4,0.0
2021-11-08,61.646374,167.672391,0.03448618318861615,True,3183431.814058967,0.0,3183431.814058967,4,0.0
2021-11-09,61.510548,168.062553,0.032147853836798995,True,2990035.3601410054,193203.25066729425,3183238.6108083,4,0.060693926622809896
2021-11-10,56.222965,164.751756,0.0414140739087641,True,2321534.839126174,844427.7594702947,3165962.5985964686,4,0.2667206996837693
2021-11-11,59.803001,165.710284,0.03970871311913612,True,3031181.8762202654,187839.8838660883,3219021.760086354,4,0.058353095401582275
2021-11-12,61.462025,167.568039,0.039738183238936964,True,3031181.8762202654,193050.84101339016,3224232.7172336555,4,0.05987497117733641
2021-11-15,61.316498,167.858645,0.04006002131211163,True,2830268.587871768,393306.3197454602,3223574.907617228,4,0.12200936259185013
2021-11-16,64.178589,168.963353,0.04032699648194534,True,3241521.7354569486,0.0,3241521.7354569486,4,0.0
2021-11-17,62.597164,169.583043,0.04120650188012101,True,2480482.89504781,760278.5618472914,3240761.4568951013,4,0.23459874228931887
2021-11-18,65.954048,171.802022,0.041804233778796884,True,3280731.6940618637,0.0,3280731.6940618637,4,0.0
2021-11-19,66.565269,172.600053,0.0399157827400874,True,3280731.6940618637,0.0,3280731.6940618637,4,0.0
2021-11-22,63.480045,172.975688,0.042841162955361986,True,2536707.293912509,743281.119030324,3279988.4129428333,4,0.22661089779992422
2021-11-23,62.810608,168.883026,0.04309625079059712,True,2536707.293912509,735442.7521469941,3272150.046059503,4,0.22475826040821487
2021-11-24,64.886841,168.953681,0.04225892836144688,True,2536707.293912509,759753.1442963332,3296460.438208842,4,0.23047543222121938
2021-11-26,59.541042,167.494182,0.04721730276039048,True,1820374.9418546846,1412776.4856974669,3233151.4275521515,4,0.43696576462770037
2021-11-29,66.371246,170.890041,0.051801363534410394,True,3393642.133577107,0.0,3393642.133577107,4,0.0
2021-11-30,62.742699,171.207908,0.0538579842337252,True,2751017.148375871,641983.0021990369,3393000.150574908,4,0.1892080677008693
2021-12-01,61.277695,172.034846,0.05414747104001407,True,2112120.100001657,1265251.877719664,3377371.977721321,4,0.3746261549115229
2021-12-02,61.365013,167.796049,0.053845757264843884,True,2112120.100001657,1267054.8055787932,3379174.90558045,4,0.3749598174058255
2021-12-03,61.054558,169.719542,0.04975719106969704,True,2112120.100001657,1260644.5812435362,3372764.681245193,4,0.37377187571180276
2021-12-06,60.734383,165.819503,0.049363691094645175,True,2112120.100001657,1254033.6599295263,3366153.7599311834,4,0.3725420017519233
2021-12-07,69.844536,174.491406,0.05772125598557133,True,3552816.5784207,0.0,3552816.5784207,4,0.0
2021-12-08,68.583298,174.80932,0.057955285973642245,True,2952863.8654263923,599353.359634673,3552217.2250610655,4,0.16872655067550651
2021-12-09,63.93605,173.789735,0.05639505487158342,True,2385544.8462323598,1125493.0607756372,3511037.907007997,4,0.32055850451775647
2021-12-10,65.585358,173.248648,0.05509135148308994,True,2385544.8462323598,1154526.5201320054,3540071.3663643654,4,0.3261308602706781
2021-12-13,60.482136,171.040165,0.057989131577183495,True,1795596.411184325,1654051.4423113714,3449647.8534956966,4,0.47948414231187114
2021-12-14,59.686569,167.042176,0.05805549737652391,True,1795596.411184325,1632294.4603191128,3427890.871503438,4,0.4761804040754673
2021-12-15,66.089882,169.890308,0.06170205632170531,True,3024214.0895746346,577563.2547527694,3601777.344327404,4,0.1603550690501174
2021-12-16,57.464817,170.157218,0.06918563615572368,True,2763614.3451908673,762289.8482076565,3525904.193398524,3,0.216196982786678
2021-12-17,57.202862,166.295924,0.06789740997377966,True,2620791.711929755,901494.8815972921,3522286.593527047,4,0.2559402415618256
2021-12-20,55.834885,164.316194,0.06788540394328937,True,2087827.2219458157,1412368.1534674112,3500195.375413227,4,0.4035112335124063
2021-12-21,61.622559,168.285313,0.0712802294582883,True,3234597.0590719096,410852.1766191365,3645449.2356910463,4,0.11270275624651611
2021-12-22,63.44696,170.5159,0.07156683569606197,True,3234597.0590719096,423015.8896171008,3657612.9486890105,4,0.11565354113499664
2021-12-23,65.416962,173.848099,0.07152237861871427,True,3234597.0590719096,436150.3589215004,3670747.41799341,4,0.1188178616658727
2021-12-27,70.831978,176.647994,0.07056975678567404,True,3234597.0590719096,472253.5514232505,3706850.6104951603,4,0.12740021140484187
2021-12-28,68.43499,177.746401,0.06707187700009964,True,2726683.9505542144,963677.96827547,3690361.918829684,4,0.2611337287430819
2021-12-29,68.900818,177.024348,0.06568177986111678,True,2726683.9505542144,970237.5977954835,3696921.548349698,4,0.26244473546607894
2021-12-30,66.338875,175.917584,0.06608161427292103,True,2183535.9778981158,1476766.5657880038,3660302.54368612,4,0.4034547822652991
2021-12-31,65.999207,175.409212,0.06611116143876797,True,2183535.9778981158,1469205.2324692209,3652741.210367337,4,0.4022199076954238
2022-01-03,69.968285,176.544946,0.06718562875215733,True,2755255.0764509942,985269.3005802885,3740524.3770312825,4,0.2634040581663742
2022-01-04,68.968735,176.493497,0.06730289712166779,True,3028954.625080178,697220.4594555782,3726175.084535756,3,0.18711425084375627
2022-01-05,62.117466,174.39095,0.06390704962985398,True,2511388.145360387,1145008.8699506212,3656397.0153110083,4,0.3131522274949752
2022-01-06,63.602238,171.506593,0.06416552002008402,True,2511388.145360387,1172377.6153185396,3683765.7606789265,4,0.31825520173749255
2022-01-07,57.973721,170.174631,0.0655722211209283,True,1959869.4434698308,1619595.1113427547,3579464.5548125855,4,0.4524685428621471
2022-01-10,58.226032,165.139497,0.06522659349631918,True,1959869.4434698308,1626643.8509283678,3586513.294398199,4,0.4535446316256612
2022-01-11,61.418766,168.540204,0.06399841975371745,True,2542994.314467233,1132129.7596302726,3675124.074097506,4,0.30805211927662274
2022-01-12,62.670624,172.108224,0.06404963721237285,True,2542994.314467233,1155205.210163278,3698199.524630511,4,0.31236962810401503
2022-01-13,58.42012,171.994043,0.06149461625311911,True,1977963.0625451976,1641322.617980751,3619285.6805259483,4,0.45349352409844496
2022-01-14,62.573578,169.569781,0.05496870644497173,True,2581956.784258963,1153416.3649648402,3735373.1492238035,4,0.3087820999100226
2022-01-18,54.32489,166.78672,0.06390824916800644,True,1970195.515537445,1612518.733818027,3582714.2493554717,4,0.4500829878096246
2022-01-19,49.317455,163.184976,0.06717213642985827,True,1418727.6747501208,2014800.607598992,3433528.282349113,4,0.586801809076851
2022-01-20,44.630253,158.293018,0.06551078452796924,True,895278.5269917212,2346237.2756392444,3241515.8026309656,4,0.7238086804127034
2022-01-21,42.417667,154.824708,0.06504002528078559,True,331826.9392427935,2792809.095446749,3124636.034689543,4,0.8938030107958596
2022-01-24,44.106216,148.940164,0.0654135457450335,False,916537.6366441536,2318688.358468325,3235225.9951124787,4,0.7167005835052062
2022-01-25,39.001736,149.450161,0.06491639631794745,False,2372241.5855790353,593062.0234201917,2965303.608999227,1,0.20000043895011033
2022-01-26,40.874676,152.336104,0.0671235347908215,True,2434927.3016069946,558793.562642052,2993720.8642490464,1,0.18665519865768157
2022-01-27,35.284988,147.584083,0.07184514285619413,False,2320842.114052397,596348.719521454,2917190.8335738513,1,0.2044256798897407
2022-01-28,37.274361,142.899644,0.07448825680487925,False,2441118.648003322,509574.0203150713,2950692.668318393,1,0.17269640643580775
2022-01-31,43.261944,150.408939,0.08438091060357272,True,2441118.648003322,591429.6620866412,3032548.3100899635,1,0.19502728451804807
2022-02-01,44.55262,153.841846,0.08318317139092132,True,2441118.648003322,609074.363178745,3050193.011182067,1,0.19968387605173396
2022-02-02,47.881214,158.161073,0.08583397367088906,True,3095043.3039573366,0.0,3095043.3039573366,0,0.0
2022-02-03,41.369598,154.990378,0.08849632743684806,True,3095043.3039573366,0.0,3095043.3039573366,0,0.0
2022-02-04,42.175056,152.244368,0.08838818242885213,True,3095043.3039573366,0.0,3095043.3039573366,0,0.0
2022-02-07,42.126541,154.313181,0.08681294114476037,True,3095043.3039573366,0.0,3095043.3039573366,0,0.0
2022-02-08,45.222218,154.967857,0.08888393386648574,True,3095043.3039573366,0.0,3095043.3039573366,0,0.0
2022-02-09,49.511539,159.826049,0.09071071085277427,True,3095043.3039573366,0.0,3095043.3039573366,0,0.0
2022-02-10,45.047546,159.901687,0.09226175782186744,True,3095043.3039573366,0.0,3095043.3039573366,0,0.0
2022-02-11,38.370956,153.462168,0.0971025745623776,True,3095043.3039573366,0.0,3095043.3039573366,0,0.0
2022-02-14,38.419483,149.966524,0.0949715423588856,False,3095043.3039573366,0.0,3095043.3039573366,0,0.0
2022-02-15,44.649658,155.173761,0.09839422582350074,True,3095043.3039573366,0.0,3095043.3039573366,0,0.0
2022-02-16,44.737003,156.340051,0.09625828672085737,True,3095043.3039573366,0.0,3095043.3039573366,0,0.0
2022-02-17,39.66164,153.711489,0.09742823294624703,True,3095043.3039573366,0.0,3095043.3039573366,0,0.0
2022-02-18,38.458302,150.230327,0.09704399475269972,False,3095043.3039573366,0.0,3095043.3039573366,0,0.0
2022-02-22,37.468445,149.804062,0.09658357138322012,False,3095043.3039573366,0.0,3095043.3039573366,0,0.0
2022-02-23,34.848282,148.837215,0.0940502057347123,False,3053089.0206153123,41912.370971053424,3095001.3915863656,1,0.013541955452747287
2022-02-24,38.759132,145.426866,0.09670059257812028,False,3099658.393297189,0.0,3099658.393297189,1,0.0
2022-02-25,40.544724,151.155351,0.09097393995663709,False,3099658.393297189,0.0,3099658.393297189,1,0.0
2022-02-28,39.797493,151.69424,0.09041932545479114,False,3099658.393297189,0.0,3099658.393297189,1,0.0
2022-03-01,35.498474,149.115523,0.0871998301641715,False,3099658.393297189,0.0,3099658.393297189,1,0.0
2022-03-02,38.9338,150.328485,0.08979163483045302,False,3099658.393297189,0.0,3099658.393297189,1,0.0
2022-03-03,36.439796,150.140251,0.08872186684994504,False,3053202.918927788,46409.06530409689,3099611.9842318846,1,0.014972540285747259
2022-03-04,33.741989,145.655308,0.08452963112684468,False,3006701.1744685513,89428.476259015,3096129.6507275663,1,0.028883957181185877
2022-03-07,28.705435,141.665777,0.0906689695924179,False,2961906.70561712,120829.50543067616,3082736.211047796,1,0.039195538365446855
2022-03-08,30.238718,140.509166,0.09199764844426304,False,3008999.5632339222,80143.54087917134,3089143.1041130936,1,0.02594361548756444
2022-03-09,33.897259,144.968417,0.09463656992668,False,3008999.5632339222,89839.99792446091,3098839.5611583833,1,0.028991497026996018
2022-03-10,31.781712,141.699607,0.09189097975138558,False,3008999.5632339222,84233.03312270217,3093232.5963566243,1,0.027231393210428587
2022-03-11,29.782614,142.322103,0.09089988660079612,False,3008999.5632339222,78934.70029376182,3087934.263527684,1,0.025562299439491988
2022-03-14,27.084806,137.333669,0.08668444587919012,False,3008999.5632339222,71784.53322212354,3080784.0964560458,1,0.02330073480472075
2022-03-15,30.578375,138.762131,0.09203771304768456,False,3008999.5632339222,81043.75479248595,3090043.318026408,1,0.02622738468412414
2022-03-16,35.226749,145.52657,0.0912443263810993,False,3008999.5632339222,93363.62733770024,3102363.1905716225,1,0.03009435762435591
2022-03-17,35.857533,147.78519,0.09143824135234967,False,3058318.1227407656,45667.50567541073,3103985.6284161764,1,0.01471253773127577
2022-03-18,38.011894,150.442666,0.08888769207660535,False,3058318.1227407656,48411.2608912083,3106729.383631974,1,0.015582709310397775
2022-03-21,37.846916,151.536619,0.08863481986100406,False,3058318.1227407656,48201.14789343687,3106519.2706342023,1,0.01551612711663511
2022-03-22,38.426376,153.386542,0.08849573723297544,True,3107208.3212750987,0.0,3107208.3212750987,1,0.0
2022-03-23,35.611614,151.395009,0.08865611622789223,False,2922285.0093947467,184738.57330704463,3107023.5827017915,2,0.059458374997720644
2022-03-24,40.852898,153.547491,0.09083334588094547,True,3134001.3046990326,0.0,3134001.3046990326,1,0.0
2022-03-25,40.775246,155.444447,0.09028467040228572,True,3134001.3046990326,0.0,3134001.3046990326,1,0.0
2022-03-28,41.454674,155.457339,0.09023961289863665,True,3134001.3046990326,0.0,3134001.3046990326,1,0.0
2022-03-29,44.240318,159.767078,0.08691874143663653,True,3134001.3046990326,0.0,3134001.3046990326,1,0.0
2022-03-30,40.134647,157.93453,0.08792128271282644,True,3041035.734093648,92872.69790747724,3133908.432001125,1,0.02963478350520099
2022-03-31,37.640182,154.417795,0.08783998666472445,True,2946000.704285679,182040.52570983832,3128041.229995517,1,0.058196331929454524
2022-04-01,35.22337,150.464304,0.087373708415535,False,2851088.1431028093,265169.75693586207,3116257.900038671,1,0.08509236572896339
2022-04-04,36.844284,150.836586,0.07877930766747092,False,2950170.041730169,178191.29643853966,3128361.338168709,1,0.05695994713412802
2022-04-05,31.913595,147.782364,0.08547706630608373,False,2901305.255404809,203160.8035200218,3104466.058924831,1,0.06544146389874927
2022-04-06,29.613251,142.107553,0.08290933530921966,False,2852976.50250898,236797.3683732379,3089773.8708822182,1,0.07663906106682995
2022-04-07,29.613251,140.889107,0.0817941391848968,False,2852976.50250898,236797.3683732379,3089773.8708822182,1,0.07663906106682995
2022-04-08,27.458502,139.304849,0.08224532591793517,False,2802556.28650891,269937.12747238064,3072493.4139812905,1,0.08785604754888643
2022-04-11,25.711409,136.192623,0.08079287050987802,False,2751912.728718839,303354.8922139834,3055267.6209328226,1,0.09928913923467178
2022-04-12,25.468758,136.763164,0.07534393769601697,False,2751912.728718839,300491.98540282366,3052404.714121663,1,0.09844434586692445
2022-04-13,27.206146,136.914672,0.06902338902679023,False,2805393.3896978186,267456.28369800356,3072849.6733958223,1,0.08703851867977526
2022-04-14,24.857277,136.344097,0.070704373608713,False,2746710.3215143164,302989.6297999953,3049699.9513143115,1,0.09935063600909906
2022-04-18,26.187008,135.404465,0.07036159044702305,False,2808409.098030807,257437.4128864077,3065846.5109172147,1,0.08396943942552092
2022-04-19,27.904984,137.402962,0.07268619870370252,False,2808409.098030807,274326.37159604486,3082735.469626852,1,0.08898797003469472
2022-04-20,27.662331,140.684439,0.07235510321213887,False,2808409.098030807,271940.9153977222,3080350.0134285293,1,0.08828247251520718
2022-04-21,25.439636,138.492516,0.07270832098811716,False,2752013.7445079316,306429.214832586,3058442.9593405174,1,0.10019124728049869
2022-04-22,23.731371,134.000649,0.06379535313385058,False,2695081.5002003517,342727.9409813702,3037809.441181722,1,0.11282075048395644
2022-04-25,24.915508,132.737083,0.06582059972577499,False,2754735.0967449374,300115.9117840764,3054851.008529014,1,0.09824240558579309
2022-04-26,21.770739,130.722427,0.06944856950046333,False,2695930.522383153,320981.9099809241,3016912.4323640773,1,0.10639417522947461
2022-04-27,21.304852,129.002788,0.06566260426704043,False,2633454.8514524144,376526.25525302417,3009981.1067054383,1,0.12509256434009625
2022-04-28,24.828156,132.612981,0.07644050998380891,False,2773045.92783232,299063.7267302472,3072109.654562567,1,0.0973479987233172
2022-04-29,21.586325,132.229401,0.0803133971408229,False,2722527.069620373,310483.1408535869,3033010.2104739603,1,0.1023679840514182
2022-05-02,23.779898,130.972284,0.0843730055924446,False,2778068.3916857163,286437.0965425363,3064505.4882282526,1,0.09346927184266203
2022-05-03,24.371971,133.942641,0.08367096442604272,False,2778068.3916857163,293568.8206172665,3071637.212302983,1,0.09557405394146827
2022-05-04,27.196438,135.739709,0.08324318196731371,False,2838237.8176375204,267360.84696829773,3105598.664605818,1,0.08608995425435399
2022-05-05,23.284885,134.300445,0.0884260125374496,False,2792475.3487376343,274624.1765376313,3067099.525275266,1,0.0895387235642392
2022-05-06,22.6637,132.094023,0.08843925848555965,False,2743435.4938845104,316288.7248029595,3059724.21868747,1,0.10337164469634386
2022-05-09,19.140392,127.507089,0.09417653897563591,False,2700890.5093708723,309620.8333117933,3010511.3426826657,1,0.1028465925113872
2022-05-10,20.470123,127.787583,0.09531597726077692,False,2746300.2901087636,285675.7325692509,3031976.0226780144,1,0.09422097352766194
2022-05-11,18.587145,126.878513,0.09719133699993568,False,2746300.2901087636,259397.37950015682,3005697.6696089203,1,0.0863018866211876
2022-05-12,18.839502,123.822731,0.09556272430095031,False,2746300.2901087636,262919.2084038707,3009219.498512634,1,0.0873712298268118
2022-05-13,21.828974,129.383124,0.10077601622243922,False,2746300.2901087636,304639.50503302447,3050939.795141788,1,0.09985103787302586
2022-05-16,20.741901,130.129336,0.10025778886920238,False,2746300.2901087636,289468.59591678454,3035768.886025548,1,0.0953526459966322
2022-05-17,23.857548,134.108613,0.10463394080835431,False,2797820.257602733,281378.2191196999,3079198.476722433,1,0.09138034499783368
2022-05-18,20.237179,131.752322,0.11035121903676093,False,2797820.257602733,238679.2384123712,3036499.4960151045,1,0.07860341775969257
2022-05-19,19.907169,129.107497,0.10918406088669065,False,2797820.257602733,234787.06868513467,3032607.326287868,1,0.07742086047537554
2022-05-20,19.761578,126.386969,0.10835019186354308,False,2797820.257602733,233069.9544075125,3030890.212010246,1,0.07689818439610462
2022-05-23,20.023645,127.413633,0.10764093395144644,False,2797820.257602733,236160.79784834062,3033981.0554510737,1,0.07783858683759305
2022-05-24,18.53861,125.405442,0.10487481722484773,False,2797820.257602733,218646.15201673948,3016466.4096194725,1,0.07248419916743636
2022-05-25,19.596582,126.620663,0.10576294399301699,False,2797820.257602733,231123.97569076114,3028944.233293494,1,0.07630512742700801
2022-05-26,21.877506,129.721556,0.1027976214124042,False,2797820.257602733,258025.41305001458,3055845.6706527476,1,0.08443666364698933
2022-05-27,24.517555,136.505285,0.10109203424761228,False,2845909.055216221,241025.4707028848,3086934.525919106,1,0.07807922995422838
2022-05-31,24.129318,136.917832,0.09890470789690763,False,2845909.055216221,237208.81746526482,3083117.872681486,1,0.07693796580633382
2022-06-01,23.013117,136.036281,0.09929891503441945,False,2845909.055216221,226235.74647902534,3072144.8016952462,1,0.07364097758484098
2022-06-02,25.429934,137.241811,0.09873760714390263,False,2845909.055216221,249994.82257889473,3095903.877795116,1,0.08075018878071225
2022-06-03,23.226652,136.35862,0.09446781645694906,False,2845909.055216221,228334.95147261219,3074244.0066888332,1,0.07427352902886333
2022-06-06,23.207237,137.0307,0.09425636119440414,False,2845909.055216221,228144.08784393076,3074053.143060152,1,0.074216051976518
2022-06-07,23.876961,135.356098,0.08542315077069958,False,2845909.055216221,234727.96386015747,3080637.0190763786,1,0.07619461897219311
2022-06-08,22.236631,134.967706,0.08623759750721502,False,2797374.1945178136,267088.69635910523,3064462.890876919,1,0.08715677293865869
2022-06-09,20.470123,132.789231,0.08544578454454642,False,2749842.4075491405,293355.1122495512,3043197.519798692,1,0.09639700030675522
2022-06-10,18.257135,127.343136,0.08945531849378234,False,2703373.6024914705,308063.40394683625,3011437.0064383065,1,0.10229780775364439
2022-06-13,15.092955,120.311896,0.0917136042134971,False,2662190.180456909,295814.60884238925,2958004.789299298,1,0.10000477683893906
2022-06-14,15.296784,118.973778,0.09163970417352035,False,2662190.180456909,299809.558532873,2961999.738989782,1,0.10121863097635717
2022-06-15,16.121801,120.839741,0.08574433961964753,False,2706093.071524061,272032.65429178835,2978125.7258158494,1,0.09134357624114937
2022-06-16,13.171151,115.056262,0.08941995578639746,False,2663672.236968505,264623.0531272909,2928295.290095796,1,0.09036761218115884
2022-06-17,13.29733,113.396897,0.08968515956149922,False,2663672.236968505,267158.1293875622,2930830.3663560674,1,0.09115441564082154
2022-06-21,14.365001,117.835796,0.09227845394078041,False,2709845.710925557,242389.13201659,2952234.842942147,1,0.08210360791454827
2022-06-22,13.88782,116.408896,0.09209569879829387,False,2709845.710925557,234337.37563976774,2944183.086565325,1,0.07959334346735379
2022-06-23,13.6157,115.156322,0.0910569135512212,False,2709845.710925557,229745.73442760532,2939591.4453531625,1,0.07815566846569172
2022-06-24,15.36504,118.604136,0.09483210471744338,False,2709845.710925557,259263.37972410768,2969109.090649665,1,0.08732026066020322
2022-06-27,15.35532,120.450722,0.09044919163514172,False,2709845.710925557,259099.368432831,2968945.079358388,1,0.08726984215175322
2022-06-28,14.150219,119.556496,0.08593126406148875,False,2709845.710925557,238764.98868706383,2948610.699612621,1,0.08097541961657807
2022-06-29,13.168646,114.299213,0.08644512281995759,False,2661626.2151172543,270373.6531696115,2931999.8682868658,1,0.09221475624676197
2022-06-30,12.731313,113.099906,0.0863571375974761,False,2611824.768806285,311146.19223256654,2922970.9610388516,1,0.10644860875456054
2022-07-01,11.273526,109.524589,0.08301740318867037,False,2566165.5115593756,321132.3342469845,2887297.8458063602,1,0.11122244790692841
2022-07-05,11.516491,107.598919,0.08324583108716777,False,2566165.5115593756,328053.32042205683,2894218.8319814326,1,0.1133477941602176
2022-07-06,11.749736,110.09598,0.08382697910965203,False,2613658.400835242,287156.9975648158,2900815.398400058,1,0.09899182061816032
2022-07-07,13.324142,114.316975,0.09022316546823575,False,2665674.6968107717,273566.2381607535,2939240.9349715253,1,0.09307377115833607
2022-07-08,13.518512,114.865761,0.09015719120375851,False,2665674.6968107717,277556.96939968097,2943231.6662104526,1,0.09430347348669582
2022-07-11,12.546657,113.456621,0.08989926014412682,False,2665674.6968107717,257603.21054693693,2923277.9073577086,1,0.08812135510570708
2022-07-12,12.604969,113.614814,0.08754136148323997,False,2665674.6968107717,258800.4504502365,2924475.147261008,1,0.08849466568133522
2022-07-13,12.915961,112.90458,0.07800968961152643,False,2665674.6968107717,265185.62043252046,2930860.317243292,1,0.09048047048586358
2022-07-14,13.674008,114.515515,0.07923377232283826,False,2665674.6968107717,280749.554390823,2946424.2512015947,1,0.09528483696003019
2022-07-15,14.684737,117.905204,0.08006602945103868,False,2719338.212995773,247784.2260729327,2967122.439068706,1,0.08350994310524815
2022-07-18,14.500088,120.12144,0.06532217803521519,False,2719338.212995773,244668.53461995392,2964006.747615727,1,0.08254655115639241
2022-07-19,16.472954,122.576546,0.07086814117893547,False,2719338.212995773,277957.865913773,2997296.078909546,1,0.09273620576546364
2022-07-20,17.687777,125.502979,0.07058032509711921,False,2719338.212995773,298456.2906979961,3017794.503693769,1,0.09889881180865255
2022-07-21,18.562443,127.757954,0.07026063721931565,False,2719338.212995773,313215.0458518887,3032553.258847662,1,0.10328426877188865
2022-07-22,17.153257,126.992846,0.07297365902304215,False,2661012.6763373204,347704.2889540118,3008716.965291332,1,0.11556563577270348
2022-07-25,16.813105,124.355352,0.06853002245920825,False,2601405.943089821,400356.43990367587,3001762.382993497,1,0.13337379473202066
2022-07-26,15.967588,123.979258,0.06966913489619374,False,2539976.3426363184,441591.0813338431,2981567.4239701615,1,0.14810702511158855
2022-07-27,18.202852,127.522298,0.07240692318106179,False,2736040.9749512025,307147.45488054265,3043188.429831745,1,0.10092948956746807
2022-07-28,18.824846,128.574702,0.06972119260972558,False,2736040.9749512025,317642.72639354336,3053683.7013447457,1,0.10401952443655627
2022-07-29,19.2719,130.014531,0.0686565053060017,False,2784994.596050984,276183.508411851,3061178.104462835,1,0.09022131316345434
2022-08-01,19.446835,131.425296,0.06008074943999034,False,2784994.596050984,278690.4829210602,3063685.0789720444,1,0.0909657734843194
2022-08-02,19.359367,131.857876,0.0604913626512948,False,2784994.596050984,277436.9885010098,3062431.584551994,1,0.09059369355400516
2022-08-03,20.943489,133.664142,0.061598662298223465,False,2784994.596050984,300138.86904794077,3085133.465098925,1,0.09728553803046469
2022-08-04,21.448856,135.75445,0.05722555963577285,False,2834699.499444748,257626.57065425836,3092326.0700990064,1,0.08331157996090949
2022-08-05,20.953207,134.940911,0.05816867683067235,False,2759246.287967664,327051.0633774084,3086297.3513450725,1,0.10596874706025095
2022-08-08,19.961924,133.089493,0.05614427512520949,False,2686838.038608974,383914.3974099678,3070752.4360189415,1,0.1250229073847748
2022-08-09,17.192129,127.882215,0.06811318160622229,False,2619054.393889025,398360.7025729552,3017415.09646198,1,0.1320205175085279
2022-08-10,19.349644,130.761876,0.07188371119272273,False,2695192.075040848,372138.8237104499,3067330.898751298,1,0.12132333810543447
2022-08-11,19.223305,134.090278,0.07157484640546878,False,2695192.075040848,369709.029816115,3064901.104856963,1,0.12062674036373813
2022-08-12,20.992086,134.600323,0.07233532156279951,False,2771184.9119144487,327657.91168912756,3098842.823603576,1,0.1057355698047639
2022-08-15,21.167019,135.830311,0.072021069931243,False,2771184.9119144487,330388.377897465,3101573.289811914,1,0.10652283438947867
2022-08-16,20.545029,135.154001,0.06801147632577839,False,3091544.1919038137,0.0,3091544.1919038137,0,0.0
2022-08-17,18.999779,131.701286,0.06925184216121706,False,3032370.0085013723,59115.068334107214,3091485.0768354796,1,0.019121899949334012
2022-08-18,20.302065,133.890069,0.06997769817757457,False,3095473.7846999634,0.0,3095473.7846999634,1,0.0
2022-08-19,18.630476,132.251725,0.07043106331694073,False,3037389.190495245,58026.56763708124,3095415.7581323264,1,0.01874596893313375
2022-08-22,16.560425,127.370548,0.07541169756684939,False,2981481.537337815,107430.9784721776,3088912.5158099923,1,0.03477954714557736
2022-08-23,16.84226,127.672378,0.07453126205393738,False,2981481.537337815,109259.30170770483,3090740.83904552,1,0.035350521896700404
2022-08-24,16.92001,126.849181,0.0681616096519996,False,2981481.537337815,109763.68239698134,3091245.2197347963,1,0.03550791819951384
2022-08-25,18.776253,129.803084,0.07190925087653789,False,3044743.13027487,58480.605362710514,3103223.7356375805,1,0.018845114095743805
2022-08-26,15.530254,128.195382,0.08315893405767834,False,2993770.673324527,99292.13711893436,3093062.8104434614,1,0.032101558618105965
2022-08-29,14.626429,123.238371,0.08372226387723118,False,2943438.405837529,143795.54901619256,3087233.9548537214,1,0.04657747068054836
2022-08-30,14.062752,121.259435,0.08387068141821746,False,2892393.863978187,189247.4682882554,3081641.3322664425,1,0.061411257146226784
2022-08-31,13.644855,119.724358,0.08088494648399598,False,2840970.1875641868,234995.9834516256,3075966.1710158125,1,0.07639745380360283
2022-09-01,12.847933,115.325812,0.08059159395570974,False,2789264.0666160863,272925.60865613027,3062189.6752722166,1,0.08912759743789164
2022-09-02,12.498065,117.553329,0.08059094263129395,False,2735655.9657478663,319047.9916215333,3054703.9573693997,1,0.10444481562667889
2022-09-06,12.070448,115.048165,0.08044687832507112,False,2682432.355335469,361302.3141763242,3043734.669511793,1,0.11870361690701381
2022-09-07,12.624406,115.768079,0.0762779560425712,False,2737987.3750156923,322273.1982682787,3060260.573283971,1,0.1053090710907819
2022-09-08,13.26583,116.728514,0.07133009514015198,False,2794774.9706735956,281802.8960050424,3076577.866678638,1,0.09159621768626537
2022-09-09,14.237687,120.923668,0.0740714787342383,False,2905510.3184180064,191601.63096317177,3097111.9493811782,1,0.06186461261158317
2022-09-12,14.364026,121.412744,0.0702942108189778,False,2905510.3184180064,193301.8199372837,3098812.13835529,1,0.06237932837060577
2022-09-13,11.749736,116.073159,0.08080166013412886,False,2853963.2034526505,209616.00652594256,3063579.209978593,1,0.06842193139422932
2022-09-14,12.109323,115.111144,0.08189162525977686,False,2853963.2034526505,216031.06052704045,3069994.263979691,1,0.07036855510179206
2022-09-15,11.574801,114.512284,0.08112208399531945,False,2802105.872206445,258300.6811820621,3060406.553388507,1,0.08440077377826469
2022-09-16,11.72058,113.004668,0.07880246520202236,False,2802105.872206445,261553.8528782355,3063659.72508468,1,0.08537301017364327
2022-09-19,11.914951,114.184597,0.0781275657993267,False,2802105.872206445,265891.3928240228,3067997.265030468,1,0.08666611142542276
2022-09-20,11.407931,113.44371,0.07505706430371237,False,2747711.9936748124,308916.3864199054,3056628.3800947177,1,0.10106442393573956
2022-09-21,11.115421,114.781831,0.07460025015438236,False,2690138.18086499,358511.7784158493,3048649.9592808397,1,0.11759689803824522
2022-09-22,10.247638,110.328429,0.07552859445142739,False,2635334.913378182,385271.2156737804,3020606.1290519624,1,0.12754765077388636
2022-09-23,9.77962,107.001663,0.0692191036202633,False,2579289.581067285,423664.9074470428,3002954.488514328,1,0.14108269341659102
2022-09-26,9.311602,107.481907,0.0587614672843551,False,2518373.90876051,464244.6219513917,2982618.5307119014,1,0.15565001597458197
2022-09-27,9.565113,107.215735,0.059292267425949896,False,2518373.90876051,476883.81318352546,2995257.7219440355,1,0.15921294841834507
2022-09-28,9.916126,107.42671,0.060465818111397236,False,2583114.712103783,429578.5116418854,3012693.2237456683,1,0.14258953027676421
2022-09-29,9.058092,105.21469,0.0626002700453816,False,2516361.3334470973,459094.1381463518,2975455.471593449,1,0.15429373503630106
2022-09-30,8.638824,104.93718,0.06223776148899241,False,2449006.9571592864,505131.3348607252,2954138.2920200117,1,0.17099109280876665
2022-10-03,9.457858,106.05536,0.06689830838675877,False,2592159.952703014,409725.79039034987,3001885.743093364,1,0.1364894687724318
2022-10-04,10.764406,111.190251,0.07391074961202784,False,2711177.5392301814,347190.29883350694,3058367.8380636885,1,0.11352143274345959
2022-10-05,11.134922,111.662506,0.0735536113752667,False,2711177.5392301814,359140.75487934874,3070318.2941095303,1,0.11697183173756538
2022-10-06,10.910664,113.512614,0.0724126921069859,False,2652117.851831574,410908.325148423,3063026.176979997,1,0.13415109809918754
2022-10-07,8.980088,107.301753,0.08073325240357793,False,2601741.9525623517,388526.15615003655,2990268.108712388,1,0.12993020760179802
2022-10-10,8.073305,103.091922,0.08243484409060636,False,2552282.701374047,398703.7635308909,2950986.464904938,1,0.13510863850869428
2022-10-11,7.381029,99.589713,0.07347869003477625,False,2503002.563256195,413746.3121198636,2916748.8753760583,1,0.14185188022623957
2022-10-12,7.156771,98.85452,0.07240402277717187,False,2444501.2761959033,459618.2911539465,2904119.5673498497,1,0.15826424515068108
2022-10-13,7.800295,98.223215,0.07644100840343347,False,2560110.85057926,385221.0430735852,2945331.893652845,1,0.1307903682786079
2022-10-14,6.757006,99.604305,0.0808186303152373,False,2509833.7280210336,383924.6467571662,2893758.3747782,1,0.1326733600508692
2022-10-17,7.147021,99.291083,0.08242569856680348,False,2562906.59866627,352958.81559464324,2915865.414260913,1,0.12104770469459682
2022-10-18,7.215273,100.177201,0.08267029846967333,False,2562906.59866627,356329.471016247,2919236.0696825166,1,0.12206257476634969
2022-10-19,7.381029,99.62704,0.08328969064326319,False,2562906.59866627,364515.4049092222,2927422.003575492,1,0.12451754631344941
2022-10-20,7.507784,101.847168,0.08240804782135375,False,2562906.59866627,370775.2570449161,2933681.855711186,1,0.12638563937091687
2022-10-21,8.365816,102.246392,0.08650398453472381,False,2562906.59866627,413149.5495595601,2976056.14822583,1,0.13882451438487087
2022-10-24,8.463321,103.791399,0.08604409672086478,False,2614651.5998188956,366168.0794658007,2980819.6792846965,1,0.122841405674586
2022-10-25,9.028842,106.480565,0.08718407126889657,False,2614651.5998188956,390635.51234085986,3005287.1121597555,1,0.12998275963727435
2022-10-26,8.785084,106.547098,0.08684634672664367,False,2565001.3104144516,429689.9392860109,2994691.2497004624,1,0.14348388647042987
2022-10-27,8.307316,105.964477,0.0854087618327944,False,2516565.035110845,454709.5694478825,2971274.6045587277,1,0.15303518858547666
2022-10-28,9.262853,106.326395,0.08835854890163121,False,2622710.595604852,400760.06728139345,3023470.662886245,1,0.1325496794795497
2022-10-31,8.697328,106.538989,0.08705508420504779,False,2575420.799633464,423535.0147631243,2998955.814396588,1,0.14122749415977728
2022-11-01,8.872837,107.317986,0.0814772485036563,False,2575420.799633464,432081.80142059666,3007502.6010540603,1,0.14366797264586303
2022-11-02,8.034303,106.345852,0.08315616292591152,False,2526051.2449713023,440567.8267591274,2966619.07173043,1,0.14850839157524326
2022-11-03,7.693042,102.050027,0.08337449775710615,False,2474877.167463469,472977.4446200217,2947854.6120834905,1,0.16044802300671462
2022-11-04,8.765583,105.669097,0.07856105313242981,False,2586824.8206428713,426858.8381756317,3013683.658818503,1,0.14164022721050265
2022-11-07,9.350604,107.941189,0.07576236518847372,False,2689914.669423837,352154.6469368083,3042069.3163606455,1,0.11576154594600284
2022-11-08,9.916126,111.024689,0.07297798304436033,False,2689914.669423837,373452.8647038101,3063367.534127647,1,0.12190925853438542
2022-11-09,9.009341,108.905184,0.07648315090796899,False,2634728.739822021,394433.08333867625,3029161.8231606977,1,0.13021195511011546
2022-11-10,11.778445,116.276449,0.09451176901568108,False,2831248.1826076466,318949.5682473538,3150197.750855,1,0.1012474750706641
2022-11-11,12.889989,120.890355,0.08731912502122285,False,3179948.301327637,0.0,3179948.301327637,0,0.0
2022-11-14,12.451221,122.57492,0.08836758522699313,False,3130429.933514378,49468.89891434457,3179898.8324287226,1,0.015556752438115
2022-11-15,13.523762,125.002801,0.08908256840928311,False,3184106.3247457547,0.0,3184106.3247457547,1,0.0
2022-11-16,11.827199,120.663154,0.09647760627611791,False,3139160.53806083,44900.88579912579,3184061.4238599557,1,0.014101764954236845
2022-11-17,12.061206,119.153853,0.09647014945170829,False,3139160.53806083,45789.27210117381,3184949.8101620036,1,0.014376764103182123
2022-11-18,12.178211,121.205189,0.09442147573723378,False,3139160.53806083,46233.47094681145,3185394.0090076416,1,0.01451420791778746
2022-11-21,11.593189,119.335592,0.09563665196979426,False,3139160.53806083,44012.4881078505,3183173.0261686803,1,0.013826608778733167
2022-11-22,12.577975,120.791355,0.09616321789466556,False,3186863.9255526783,0.0,3186863.9255526783,1,0.0
2022-11-23,12.987492,123.774253,0.09565051772365826,False,3186863.9255526783,0.0,3186863.9255526783,1,0.0
2022-11-25,12.538975,123.001759,0.09489772474948174,False,3186863.9255526783,0.0,3186863.9255526783,1,0.0
2022-11-28,11.544438,120.2769,0.09518181760453095,False,3186863.9255526783,0.0,3186863.9255526783,1,0.0
2022-11-29,11.437181,119.200894,0.09373114303972956,False,3186863.9255526783,0.0,3186863.9255526783,1,0.0
2022-11-30,13.475011,122.094562,0.09958634271502691,False,3186863.9255526783,0.0,3186863.9255526783,1,0.0
2022-12-01,13.162999,125.061227,0.0961544628680723,False,3186863.9255526783,0.0,3186863.9255526783,1,0.0
2022-12-02,12.704732,122.553831,0.09587357524137814,False,3186863.9255526783,0.0,3186863.9255526783,1,0.0
2022-12-05,12.275715,122.46782,0.09338663137370773,False,3186863.9255526783,0.0,3186863.9255526783,1,0.0
2022-12-06,11.427431,120.234711,0.09467765399485709,False,3186863.9255526783,0.0,3186863.9255526783,1,0.0
2022-12-07,11.407931,119.038623,0.09400377962449347,False,3186863.9255526783,0.0,3186863.9255526783,1,0.0
2022-12-08,12.304967,120.973118,0.09192478412242903,False,3186863.9255526783,0.0,3186863.9255526783,1,0.0
2022-12-09,12.012455,122.409398,0.07039094180304656,False,3186863.9255526783,0.0,3186863.9255526783,1,0.0
2022-12-12,12.655981,122.086444,0.06833984252859805,False,3186863.9255526783,0.0,3186863.9255526783,1,0.0
2022-12-13,13.289753,127.052749,0.06872101471715274,True,3186863.9255526783,0.0,3186863.9255526783,1,0.0
2022-12-14,12.675481,124.761345,0.06694201818754897,False,2935917.1191747887,250696.11026762187,3186613.2294424106,2,0.07867164673495325
2022-12-15,11.115421,120.201234,0.06666544797711074,False,2985259.4451410733,170330.1991067801,3155589.644247853,1,0.0539772968951351
2022-12-16,10.832661,117.865863,0.06662426195943039,False,2918713.298260449,232476.9159893458,3151190.214249795,1,0.07377432023559762
2022-12-19,10.423144,116.544392,0.06692302005525087,False,2852971.1809353735,289364.81920904166,3142336.000144415,1,0.09208589380503647
2022-12-20,10.186343,115.662292,0.06632203460136805,False,2786491.8838564795,349203.69094132853,3135695.574797808,1,0.1113640283667669
2022-12-21,10.90066,117.421579,0.06542681290428043,False,2926107.493061758,233936.2248157145,3160043.7178774728,1,0.07402942671085702
2022-12-22,9.569879,113.597076,0.07019548720939996,False,2865044.885070533,266378.28680631774,3131423.1718768505,1,0.08506620542335107
2022-12-23,9.560096,112.444862,0.07010156540915136,False,2865044.885070533,266105.9762807796,3131150.8613513126,1,0.08498663528653361
2022-12-27,9.070837,111.875255,0.06885236517277948,False,2803378.215867494,314092.480119746,3117470.69598724,1,0.10075234404738463
2022-12-28,8.669642,110.778355,0.06924455881487698,False,2740152.7205390865,363362.7839053239,3103515.5044444106,1,0.1170810274300121
2022-12-29,9.462242,112.566906,0.060462108820361814,False,2873219.6209809273,263382.20298363076,3136601.823964558,1,0.08397055723532183
2022-12-30,9.462242,112.195844,0.060571665669481245,False,2873219.6209809273,263382.20298363076,3136601.823964558,1,0.08397055723532183
2023-01-03,9.158902,113.432698,0.06052809225839287,False,2800588.749338569,327497.02507104346,3128085.7744096126,1,0.10469566651600354
2023-01-04,9.853648,114.33106,0.06354218059142107,False,2878572.891426665,274277.0178214896,3152849.9092481546,1,0.08699336337481893
2023-01-05,9.36439,113.821659,0.0626661272925947,False,2810544.190761404,328619.2252819647,3139163.4160433686,1,0.10468369489861075
2023-01-06,10.636462,116.039885,0.06980118993989406,False,2955392.183672664,228266.34035698793,3183658.524029652,1,0.07169937938823426
2023-01-09,11.282282,121.532508,0.06889564642315821,False,3024561.920491262,172887.13935701054,3197449.0598482722,1,0.054070334232381646
2023-01-10,11.712828,120.894535,0.0693404603204379,False,3087277.366329959,116706.50488663989,3203983.871216599,1,0.036425434576961443
2023-01-11,12.133587,122.447113,0.06875553976026398,True,3087277.366329959,120898.94349238033,3208176.3098223396,1,0.03768463195810937
2023-01-12,12.544565,123.864609,0.06823467187204041,True,3087277.366329959,124993.9243087384,3212271.2906386973,1,0.038911384811425996
2023-01-13,12.671772,124.566044,0.06747014378031135,True,3087277.366329959,126261.41362618716,3213538.779956146,1,0.03929045898363492
2023-01-17,12.77941,125.905408,0.059974350853132394,True,3087277.366329959,127333.91761693885,3214611.283946898,2,0.03961098446111293
2023-01-18,12.544565,126.649164,0.059788334296669084,True,2790439.394369794,421535.3548383738,3211974.7492081677,2,0.13123868889140328
2023-01-19,11.517125,122.712373,0.06253991175826347,True,2509847.2774220067,667322.0660478981,3177169.3434699047,2,0.21003666909334173
2023-01-20,12.515209,123.64979,0.0645107274037338,True,2814146.5418392075,420548.90438141214,3234695.4462206196,3,0.13001190108106672
2023-01-23,14.423315,129.340937,0.0698918610768706,True,3298328.916378633,0.0,3298328.916378633,3,0.0
2023-01-24,14.12976,131.009079,0.06181952645117984,True,2916173.038894783,381774.10338047,3297947.142275253,3,0.11576113470305172
2023-01-25,14.217826,129.441856,0.061714282275799726,True,2916173.038894783,384153.5718348744,3300326.610729657,4,0.11639865296542372
2023-01-26,14.912574,131.990452,0.05955967660881826,True,3318695.1860067626,0.0,3318695.1860067626,4,0.0
2023-01-27,14.658159,132.182443,0.05813628386780073,True,2723870.8134971596,594230.1423672355,3318100.955864395,4,0.17908742086855317
2023-01-30,13.503512,130.187209,0.06102698202501414,True,2150867.0393007398,1119853.0114422122,3270720.050742952,4,0.34238730128793343
2023-01-31,14.208041,130.035872,0.061305991790471526,True,2752561.9806581866,575982.7155776875,3328544.696235874,4,0.17304340729720247
2023-02-01,16.439054,135.784008,0.06600472493327263,True,3418321.7679141355,0.0,3418321.7679141355,4,0.0
2023-02-02,17.534992,140.733086,0.06573200080751919,True,3418321.7679141355,0.0,3418321.7679141355,4,0.0
2023-02-03,16.566267,139.912831,0.06612097808761437,True,2897585.4764143345,520216.0754243765,3417801.551838711,4,0.15220780596360559
2023-02-06,15.754095,137.178745,0.06404206923739511,True,2376453.5324289636,1015323.477082287,3391777.0095112505,4,0.2993485344806301
2023-02-07,17.212086,139.03238,0.06532548113272078,True,3484632.65476852,0.0,3484632.65476852,4,0.0
2023-02-08,16.135715,139.20486,0.06791537319153935,True,2964754.5153299198,519358.78065794264,3484113.295987862,4,0.1490648370292698
2023-02-09,16.223785,139.422959,0.06779737315576315,True,2964754.5153299198,522193.4816806456,3486947.9970105654,4,0.14975660151179002
2023-02-10,15.460541,135.753073,0.0690465387258059,True,2708132.060969075,753743.3193107904,3461875.3802798656,3,0.21772687821300377
2023-02-13,16.067221,136.823939,0.06933019689697847,True,3103826.0411476362,387230.5450284976,3491056.5861761337,4,0.11092073000530868
2023-02-14,16.957668,138.241452,0.06995545831685979,True,3512108.2509355177,0.0,3512108.2509355177,4,0.0
2023-02-15,17.163157,139.481565,0.06953620793686609,True,3512108.2509355177,0.0,3512108.2509355177,4,0.0
2023-02-16,15.930228,138.591362,0.06873965269870513,True,3019557.992260356,492058.2004746866,3511616.1927350424,4,0.1401230013384362
2023-02-17,15.166987,135.627764,0.06832416453203334,True,2506173.3288640194,981354.7492775891,3487528.0781416083,4,0.2813897773119927
2023-02-21,13.708998,132.791129,0.06508784478947664,True,2015874.8968909523,1376826.6115062954,3392701.5083972476,4,0.4058201430625486
2023-02-22,13.532867,130.929344,0.06499893123858136,True,2015874.8968909523,1359137.3647859143,3375012.2616768666,4,0.40270590427740555
2023-02-23,14.756009,133.650443,0.06795709245024548,True,2542564.9463002253,954763.0991265996,3497328.045426825,4,0.2729978677222077
2023-02-24,14.002554,132.09133,0.06808924270838475,True,2025087.5985625738,1422972.4298156835,3448060.0283782575,4,0.4126878355087562
2023-02-27,14.18847,133.679739,0.06809815798027817,True,2025087.5985625738,1441865.6504568332,3466953.2490194067,4,0.4158884031287848
2023-02-28,14.335249,133.770823,0.06543714660118145,True,2025087.5985625738,1456781.6772242296,3481869.275786803,4,0.41839068667936663
2023-03-01,14.364604,133.980806,0.06446077199202131,True,2025087.5985625738,1459764.8012798298,3484852.399842404,4,0.41888855933922625
2023-03-02,14.687514,132.737426,0.05503178968356197,True,2566793.7804295616,950331.2437058908,3517125.0241354527,4,0.2702011549730145
2023-03-03,15.343119,135.089093,0.05381564549415637,True,2566793.7804295616,992751.0783375243,3559544.8587670857,4,0.2788983192310103
2023-03-06,14.844076,136.395915,0.052904666856481486,True,1902960.5268355506,1623631.41187041,3526591.9387059603,4,0.46039673432310446
2023-03-07,14.335249,134.359983,0.052327879035980636,True,1229073.008630004,2241190.6854146393,3470263.694044643,4,0.6458272001810038
2023-03-08,15.470327,135.679835,0.05123459815207535,True,2645323.673059877,1000981.8610860098,3646305.534145887,4,0.27451946955961287
2023-03-09,14.589662,136.620508,0.050887711486082905,True,1966079.5560980763,1622565.443680013,3588644.999778089,4,0.4521387442280715
2023-03-10,13.748137,133.311927,0.052233291990639044,True,1282812.636002825,2211560.950240252,3494373.586243077,4,0.6328919606497995
2023-03-13,13.718784,131.249949,0.051389641911873646,True,1282812.636002825,2206839.1505831494,3489651.7865859745,4,0.6323952318297531
2023-03-14,14.893003,135.006071,0.0542249045002169,True,2021499.2543903852,1656301.0178318569,3677800.2722222423,4,0.45035099658390854
2023-03-15,14.37439,132.836691,0.05288294634457588,True,1364171.598169183,2255295.3048384045,3619466.9030075874,4,0.6231015133649578
2023-03-16,16.067221,136.288489,0.059175713923134914,True,3386752.32104518,496289.6859912548,3883042.0070364345,4,0.1278095073635391
2023-03-17,15.78345,139.203254,0.0568966173902522,True,3046900.1189598218,826794.1197812371,3873694.238741059,3,0.21343814685021273
2023-03-20,16.253138,138.994957,0.05606468555616891,True,3046900.1189598218,851398.0737033396,3898298.192663161,4,0.2184025006875368
2023-03-21,16.336435,140.350597,0.050385281847564814,True,3523483.74692638,378700.78277140076,3902184.5296977805,4,0.09704840452553654
2023-03-22,15.915043,141.367761,0.05076953103838061,True,2776439.3163592825,1115230.4755034226,3891669.791862705,4,0.28656862867330524
2023-03-23,17.14003,142.317862,0.049830033588304526,True,3976308.4416413116,0.0,3976308.4416413116,4,0.0
2023-03-24,16.23844,140.275142,0.04993404149706922,True,3365870.5012679677,609828.1122610831,3975698.6135290507,3,0.1533889189149994
2023-03-27,15.650446,139.536082,0.050875219180130854,True,2743422.034823841,1209572.8728306487,3952994.9076544894,3,0.3059889782525293
2023-03-28,15.317249,136.819562,0.05119417608093843,True,2122884.6271252623,1803738.633503097,3926623.2606283594,3,0.45936126635547236
2023-03-29,16.738234,141.170864,0.05463396010867018,True,4091985.4704354852,0.0,4091985.4704354852,4,0.0
2023-03-30,17.590828,144.166393,0.05535965650687074,True,4091985.4704354852,0.0,4091985.4704354852,4,0.0
2023-03-31,17.933821,144.097898,0.05482255839768618,True,4091985.4704354852,0.0,4091985.4704354852,4,0.0
2023-04-03,17.453627,143.433813,0.05460566478540471,True,3322536.1767356168,768680.6130867813,4091216.789822398,4,0.1878855735533267
2023-04-04,16.454039,142.262357,0.0558553866656447,True,2571628.453265424,1474815.013108461,4046443.466373885,4,0.3644719184548692
2023-04-05,15.601444,138.513096,0.05489102418804381,True,1833039.7999967136,2136245.67909021,3969285.4790869234,4,0.5381940125862709
2023-04-06,15.346647,137.703846,0.05329117266972274,True,1053535.3226966,2880083.058107672,3933618.380804272,4,0.732171446056444
2023-04-10,16.062038,138.566949,0.05202399335422596,True,1867746.7064821697,2199313.042746733,4067059.7492289026,4,0.5407624127390096
2023-04-11,15.885642,140.374689,0.05215128054018673,True,1867746.7064821697,2175159.817390875,4042906.5238730446,4,0.5380188249584124
2023-04-12,15.023252,139.071077,0.05084432754513342,True,1079497.8838137921,2844537.4352194183,3924035.31903321,4,0.724901078596878
2023-04-13,15.356446,137.723401,0.050329518166616447,True,1079497.8838137921,2907625.1612450816,3987123.0450588735,4,0.7292539328196599
2023-04-14,15.268249,138.186764,0.043440561080203555,True,1079497.8838137921,2890925.7363686273,3970423.620182419,4,0.7281151869219953
2023-04-17,15.268249,137.157261,0.043293398764160655,True,1079497.8838137921,2890925.7363686273,3970423.620182419,4,0.7281151869219953
2023-04-18,15.464248,138.973209,0.042825308792866355,True,1079497.8838137921,2928036.642367246,4007534.5261810385,4,0.7306329173806283
2023-04-19,14.954653,136.88643,0.04333230045028526,True,185348.21187724723,3724805.1567134354,3910153.3685906827,4,0.9525982245693725
2023-04-20,14.895853,137.349789,0.043030078655601156,True,185348.21187724723,3710159.645164973,3895507.8570422204,4,0.9524200133386514
2023-04-21,14.562655,135.675821,0.03912510463636833,True,55044.71756809723,3757342.2321918313,3812386.9497599285,4,0.9855616131590306
2023-04-24,14.337259,135.511042,0.03766939242583997,True,55044.71756809723,3699187.320895292,3754232.038463389,4,0.985337955404955
2023-04-25,12.935871,132.683597,0.04300606589760595,True,55044.71756809723,3337612.1605906053,3392656.8781587025,4,0.9837753361023731
2023-04-26,13.102469,131.885758,0.04318649296833726,True,55044.71756809723,3380596.472256211,3435641.1898243083,4,0.9839783276172352
2023-04-27,13.26907,130.513627,0.037168089841774894,True,55044.71756809723,3423581.55795833,3478626.275526427,4,0.9841763060449007
2023-04-28,13.945261,133.32318,0.037169991662449796,True,55044.71756809723,3598047.065884462,3653091.7834525593,4,0.9849320190044406
2023-05-01,14.366658,135.383787,0.03769780766731425,True,55044.71756809723,3706772.6207107585,3761817.3382788557,4,0.9853675198399501
2023-05-02,14.062861,134.97262,0.03759045029091081,True,55044.71756809723,3628389.2971950136,3683434.014763111,4,0.9850561412672307
2023-05-03,13.563066,134.339601,0.03637912658705178,True,55044.71756809723,3499436.1041860245,3554480.8217541217,4,0.9845139922457276
2023-05-04,13.327868,132.414345,0.0349786759923855,True,55044.71756809723,3438752.1575892637,3493796.875157361,4,0.9842450149407675
2023-05-05,14.180458,133.943136,0.038215839793185394,True,55044.71756809723,3658730.754469052,3713775.472037149,4,0.9851782322376363
2023-05-08,14.356858,135.081944,0.036640542330253,True,55044.71756809723,3704244.10143488,3759288.819002977,4,0.9853576779496565
2023-05-09,13.661064,133.65107,0.03793746681088172,True,55044.71756809723,3524720.7809204757,3579765.498488573,4,0.9846233733490817
2023-05-10,14.023662,134.829068,0.036862136337895444,True,981528.0691792751,2690864.715730116,3672392.784909391,3,0.7327279170102464
2023-05-11,13.788462,134.089988,0.036475981295228374,True,755627.9634111775,2871408.8964133942,3627036.8598245718,4,0.791667966824102
2023-05-12,13.739464,133.944761,0.03647810896938422,True,755627.9634111775,2861205.199068,3616833.1624791776,4,0.7910802269648434
2023-05-15,14.807652,135.821028,0.040651156720389874,True,997741.0240330305,2841296.9657718847,3839037.989804915,4,0.7401064988982483
2023-05-16,14.748854,138.062766,0.040513601162004836,True,997741.0240330305,2830014.7868691487,3827755.810902179,4,0.7393404717220274
2023-05-17,15.81704,139.537696,0.042862717061085166,True,2358170.13745778,1673187.7512668616,4031357.888724642,4,0.4150432180547955
2023-05-18,17.316431,143.430588,0.047082028761762804,True,3599957.7899110527,588768.4553153979,4188726.2452264507,4,0.14056026124561596
2023-05-19,17.04203,144.344189,0.046880961142223544,True,2679979.314470407,1498498.0820256385,4178477.3964960454,4,0.3586229958506506
2023-05-22,17.179232,144.228394,0.046555252359140424,True,2679979.314470407,1510562.192571746,4190541.507042153,4,0.3604694500778157
2023-05-23,16.581434,143.903681,0.040005384756328255,True,1767630.046573604,2369435.9116470823,4137065.9582206863,4,0.5727334143510138
2023-05-24,15.709244,140.167481,0.0426738518566196,True,842690.1375435719,3168818.5367699163,4011508.6743134884,4,0.7899318670455607
2023-05-25,18.766811,148.021744,0.056988205861863594,True,4624485.744912375,0.0,4624485.744912375,4,0.0
2023-05-26,22.422178,156.411117,0.06713552495914162,True,4624485.744912375,0.0,4624485.744912375,3,0.0
2023-05-30,22.41238,161.570048,0.06733235374445365,True,4430643.951275349,193648.1454915348,4624292.0967668835,3,0.04187627888535105
2023-05-31,20.726793,157.295392,0.07039762918510198,True,3949898.1089493716,659349.8608117383,4609247.96976111,3,0.14304933584337215
2023-06-01,21.716583,157.238326,0.06938493411593168,True,4452595.150998181,187636.29852621592,4640231.449524397,4,0.04043684039627976
2023-06-02,21.579386,158.298811,0.06908192136115057,True,4266755.340982764,372105.0405824639,4638860.381565228,4,0.08021475318834871
2023-06-05,20.550396,155.990186,0.07031656644857671,True,3601996.1202300745,1018456.7343199928,4620452.854550067,4,0.22042357456738265
2023-06-06,21.295187,156.065233,0.07040087740359943,True,4289471.332684899,367204.4432981623,4656675.775983061,4,0.0788554885422837
2023-06-07,21.206991,158.627269,0.0687559070562517,True,4289471.332684899,365683.6319016188,4655154.964586518,4,0.07855455611757485
2023-06-08,21.834183,157.88062,0.06876856859665939,True,4289471.332684899,376498.64325611223,4665969.975941011,4,0.08069032702684328
2023-06-09,21.95178,159.9408,0.06828134700437294,True,4289471.332684899,378526.43201976735,4667997.764704666,4,0.0810896772234671
2023-06-12,24.107763,162.55643,0.06971895766773467,True,4704758.844078315,0.0,4704758.844078315,4,0.0
2023-06-13,25.048552,165.99708,0.06890268482227367,True,4704758.844078315,0.0,4704758.844078315,4,0.0
2023-06-14,26.106939,166.831951,0.0686000520784485,True,4704758.844078315,0.0,4704758.844078315,4,0.0
2023-06-15,25.430748,167.38905,0.06891712700819284,True,4020101.528701974,683973.3420343075,4704074.870736281,4,0.14540018193359497
2023-06-16,24.734953,167.330256,0.06795013736261811,True,3339560.7365100537,1345120.5008364944,4684681.237346549,4,0.2871317028174972
2023-06-20,24.156757,164.775052,0.06817254644686448,True,2646678.758000278,2005867.201992286,4652545.959992563,4,0.43113323742329934
2023-06-21,22.35865,162.277044,0.0713904271562548,True,1992127.3913830314,2510458.046208373,4502585.437591404,4,0.557559224806472
2023-06-22,22.672728,160.527303,0.07046937185606467,True,1992127.3913830314,2545723.1289498187,4537850.5203328505,4,0.5609975730895363
2023-06-23,21.485107,158.524343,0.07045734180594994,True,1343441.8325832896,3060413.0332972053,4403854.865880495,4,0.6949395760083285
2023-06-26,21.681408,160.414546,0.0592211696387821,True,2063155.3507588087,2367940.875302084,4431096.226060892,3,0.5343916616785165
2023-06-27,23.919237,161.786934,0.04890793132366005,True,3151580.77962511,1522831.0347507824,4674411.814375892,4,0.3257802468467585
2023-06-28,23.28126,163.08903,0.049372336442688444,True,2171257.3129134355,2461558.009934321,4632815.322847757,4,0.5313309161698291
2023-06-29,23.369593,162.914206,0.04563493825006119,True,2171257.3129134355,2470897.573329581,4642154.886243016,4,0.5322738327090428
2023-06-30,24.370728,165.422002,0.045426141834948905,True,3195405.5721050445,1551575.4510844082,4746981.0231894525,4,0.32685520407703655
2023-07-03,25.01852,166.503533,0.045553078841452,True,3744509.4504201994,1043163.9438748674,4787673.394295067,4,0.21788536058409683
2023-07-05,23.40885,164.959678,0.046852138311064516,True,2730408.598707034,1989135.4393342987,4719544.038041333,4,0.42146771452943443
2023-07-06,22.554945,160.581206,0.047297296019284084,True,1714733.9311306262,2931236.021842754,4645969.952973381,4,0.6309201418676391
2023-07-07,22.535316,162.68547,0.04727734385052174,True,1714733.9311306262,2928685.041032437,4643418.972163063,4,0.6307173784208742
2023-07-10,23.870155,163.456625,0.048513108063050585,True,2787486.3391421014,2028334.2091945056,4815820.5483366065,4,0.42118143498829
2023-07-11,23.88979,164.144429,0.04851926229001248,True,2787486.3391421014,2030002.6668227671,4817489.005964869,4,0.4213818992236992
2023-07-12,25.214821,167.309011,0.04537694061708349,True,3877641.6350513184,1051348.8455135967,4928990.480564915,4,0.21329902130245157
2023-07-13,26.77541,170.465401,0.046533263853924735,True,4992943.865246073,0.0,4992943.865246073,3,0.0
2023-07-14,25.744831,170.798716,0.04655605766055571,True,3898219.1481168154,1093631.0860432144,4991850.23416003,4,0.2190833127483116
2023-07-17,27.540981,171.26268,0.04852213600156367,True,5066980.104005934,0.0,5066980.104005934,4,0.0
2023-07-18,27.737284,172.747755,0.047945106948011684,True,5066980.104005934,0.0,5066980.104005934,4,0.0
2023-07-19,26.785229,172.600701,0.048373081262052954,True,3996173.9280619854,1069736.4395044441,5065910.367566429,4,0.2111637123217255
2023-07-20,23.840715,166.87442,0.0524983058846109,True,3017831.7437689803,1929504.5820023566,4947336.325771337,4,0.3900087754194735
2023-07-21,24.459061,167.1734,0.05268817781173798,True,3017831.7437689803,1979549.2824344882,4997381.026203468,4,0.39611734067401305
2023-07-24,24.439432,167.014894,0.05094287352081889,True,3017831.7437689803,1977960.6452883235,4995792.389057304,4,0.3959253089901842
2023-07-25,25.646683,169.244997,0.05179407252341588,True,4068181.9339662753,1024265.7009771748,5092447.63494345,4,0.20113426281477098
2023-07-26,24.596472,167.111297,0.04836314728895831,True,3082792.0017479286,1966728.3726770582,5049520.374424987,4,0.38948815468459597
2023-07-27,25.970573,171.77078,0.04926119634647162,True,4121152.7071757857,1037201.0742529118,5158353.7814286975,4,0.20107210908780293
2023-07-28,27.62932,173.396349,0.050846120230942565,True,5223496.626368196,0.0,5223496.626368196,4,0.0
2023-07-31,27.884508,174.626544,0.05023156488684131,True,5223496.626368196,0.0,5223496.626368196,4,0.0
2023-08-01,28.002291,174.080878,0.05002256348247634,True,5223496.626368196,0.0,5223496.626368196,4,0.0
2023-08-02,24.812405,170.081476,0.05535181382009143,True,4281257.2907069465,941298.0376236249,5222555.328330572,4,0.18023706374490775
2023-08-03,24.684809,167.393949,0.054589761615378526,True,4281257.2907069465,936457.4804745447,5217714.771181491,4,0.1794765566042037
2023-08-04,24.419802,167.867763,0.054686263314262414,True,4281257.2907069465,926404.0185446542,5207661.309251601,4,0.17789252478821224
2023-08-07,25.185375,168.705855,0.05362700767104749,True,4281257.2907069465,955447.2476293654,5236704.538336312,4,0.18245200595810368
2023-08-08,24.007572,165.671996,0.0548092693183555,True,3334878.68714176,1856198.5884067856,5191077.275548546,4,0.3575748327134351
2023-08-09,22.66291,164.976006,0.05473255757625301,True,2417619.4944648976,2668575.9182601958,5086195.412725093,4,0.5246703482103179
2023-08-10,22.388086,164.281675,0.05252971448722639,True,2417619.4944648976,2636215.170758664,5053834.665223561,4,0.5216267142451223
2023-08-11,20.748978,159.912988,0.05426177376365509,True,1478541.233896641,3381349.0031248615,4859890.237021502,4,0.6957665375580994
2023-08-14,22.505869,160.760949,0.05538829280437355,True,2495099.4950210284,2650084.213938928,5145183.708959957,4,0.5150611453044918
2023-08-15,21.39677,161.992768,0.05594312354372939,True,1580823.7973876968,3432849.2480798527,5013673.04546755,4,0.6846974696890555
2023-08-16,20.150263,159.256244,0.05673717689012567,True,684036.5075121166,4128753.890720618,4812790.398232735,4,0.8578711203040763
2023-08-17,19.541729,157.075176,0.051613612613795136,True,17368.20714532731,4670068.629121468,4687436.836266796,4,0.9962947325474448
2023-08-18,19.777288,155.91358,0.05120807021278877,True,17368.20714532731,4726362.35298834,4743730.560133668,4,0.9963387028573482
2023-08-21,21.475292,159.685923,0.05526409813135527,True,1702384.5171222724,3445447.1396615133,5147831.656783786,4,0.6693006627598478
2023-08-22,20.955093,161.680778,0.05385153598787232,True,761934.5623225097,4301498.03633744,5063432.598659949,4,0.849522128027505
2023-08-23,22.181973,161.525514,0.055296365425029054,True,3348135.493834163,1964552.6715491493,5312688.165383313,3,0.36978505238645154
2023-08-24,20.03248,162.133303,0.05744268770953143,True,2449571.0452206023,2671849.0018603485,5121420.047080951,4,0.5217008129187175
2023-08-25,20.277859,157.798955,0.05505670344924407,True,2449571.0452206023,2704576.633997133,5154147.679217735,4,0.5247379008759052
2023-08-28,21.0238,160.118857,0.05601266940333197,True,4001674.6274125827,1250409.907787085,5252084.535199668,3,0.2380787855577706
2023-08-29,22.64328,162.579321,0.05930819827264569,True,4001674.6274125827,1346729.9753991738,5348404.602811757,4,0.25180031718078555
2023-08-30,22.967178,164.830628,0.053490771018549786,True,4001674.6274125827,1365994.1078734372,5367668.73528602,4,0.2544855458187379
2023-08-31,23.418671,166.46925,0.053742248672402376,True,4479475.959571333,914567.458959132,5394043.418530464,4,0.1695513713918702
2023-09-01,23.57571,167.222406,0.05374465555494734,True,4479475.959571333,920700.2902879245,5400176.249859257,4,0.17049448901078376
2023-09-05,23.57571,167.179921,0.053198800700795,True,4479475.959571333,920700.2902879245,5400176.249859257,4,0.17049448901078376
2023-09-06,23.006435,166.021583,0.05241691715626066,True,3436941.9163565664,1939960.9905537285,5376902.906910295,4,0.3607952429381842
2023-09-07,21.465475,161.440569,0.05312872979430629,True,2421953.3936780095,2823997.880459242,5245951.274137251,4,0.5383195025812886
2023-09-08,21.10232,161.891493,0.05318551649937081,True,1366642.981559869,3830477.36479975,5197120.346359619,4,0.7370384192628617
2023-09-11,21.053246,161.285361,0.05033266345122039,True,1366642.981559869,3821569.4889737666,5188212.4705336355,4,0.7365869286730845
2023-09-12,20.552679,161.237994,0.046851062319219205,True,523435.2936576771,4573072.263593452,5096507.557251129,4,0.8972952972643096
2023-09-13,20.837317,161.0452,0.04572094438383839,True,523435.2936576771,4636405.619939098,5159840.913596775,4,0.8985559240250286
2023-09-14,21.249548,161.474877,0.0437653842010134,True,1393491.332256599,3857202.081393221,5250693.41364982,4,0.7346081322070629
2023-09-15,19.42395,158.686046,0.04793684095959602,True,532915.1616645199,4385537.35013431,4918452.511798831,4,0.8916498308388431
2023-09-18,19.561361,157.024555,0.04788297082393598,True,532915.1616645199,4416561.990993626,4949477.152658146,4,0.8923289985532483
2023-09-19,19.10224,156.490283,0.04392739123406014,True,120359.9124711229,4725044.806886046,4845404.719357169,4,0.9751599877735103
2023-09-20,18.168264,155.810666,0.04486335689743307,True,120359.9124711229,4494020.673142768,4614380.5856138915,4,0.973916344731866
2023-09-21,17.126146,151.97789,0.04362893557399372,True,120359.9124711229,4236247.017065655,4356606.9295367785,4,0.9723730154182351
2023-09-22,17.539057,152.745737,0.03893802634991888,True,120359.9124711229,4338382.838637164,4458742.751108287,4,0.9730058630448671
2023-09-25,17.912651,152.204971,0.03921440237251472,True,120359.9124711229,4430793.382614404,4551153.295085527,4,0.9735539752965273
2023-09-26,16.949183,151.24191,0.03934846782262892,True,120359.9124711229,4192474.239414397,4312834.15188552,4,0.9720926174686075
2023-09-27,17.38176,151.384557,0.03507149829843853,True,120359.9124711229,4299474.5549495565,4419834.4674206795,4,0.9727682307203322
2023-09-28,18.325563,153.694718,0.037635493568120466,True,120359.9124711229,4532929.451541446,4653289.364012569,4,0.9741344448935504
2023-09-29,18.551687,156.19997,0.03735911291551395,True,120359.9124711229,4588862.474679692,4709222.387150815,4,0.9744416588183377
2023-10-02,18.758144,155.768757,0.037484982044262274,True,120359.9124711229,4639930.756498749,4760290.668969872,4,0.9747158480771576
2023-10-03,17.588219,154.304619,0.03917914574261478,True,120359.9124711229,4350543.331479685,4470903.243950808,4,0.9730792848997635
2023-10-04,18.325563,153.929182,0.04101283266752837,True,120359.9124711229,4532929.451541446,4653289.364012569,4,0.9741344448935504
2023-10-05,18.089613,154.130814,0.03869172170977403,True,120359.9124711229,4474565.912910126,4594925.825381249,4,0.973805907419379
2023-10-06,19.141563,155.285121,0.04125412526167113,True,120359.9124711229,4734771.56861353,4855131.481084653,4,0.975209752209587
2023-10-09,19.05308,156.062251,0.04124985237550091,True,1211182.6737813803,3620970.1327683534,4832152.8065497335,3,0.7493492606153339
2023-10-10,19.711781,158.701954,0.041874860670787405,True,1636051.7243851295,3320859.5716186333,4956911.296003763,4,0.6699453295232243
2023-10-11,20.164022,159.487305,0.04209966385157554,True,2379980.9833983947,2652375.043045796,5032356.026444191,4,0.5270642675335385
2023-10-12,20.33115,161.066204,0.041874469255488586,True,3523814.645720318,1529380.4157977407,5053195.061518058,3,0.30265612096483985
2023-10-13,18.65983,158.6036,0.04143619343384856,True,2345451.771529981,2580843.551638704,4926295.323168685,4,0.5238913589895494
2023-10-16,19.47583,157.900206,0.04260221294123235,True,3572887.4812522554,1465040.2453086083,5037927.726560864,4,0.29080215612952365
2023-10-17,18.974432,156.031085,0.04267311353542669,True,2315453.834891789,2683500.7979549067,4998954.632846696,4,0.5368123927995652
2023-10-18,17.971638,154.786663,0.04293845653746047,True,1307133.5093319258,3548991.462450676,4856124.971782602,4,0.7308278685315425
2023-10-19,17.135977,153.981668,0.04218649219992193,True,713444.8424109457,3977062.9133220846,4690507.75573303,4,0.8478960318232224
2023-10-20,16.359303,151.446866,0.043015127329110815,True,119140.08388354094,4390516.870054192,4509656.953937733,4,0.9735811204487493
2023-10-23,16.113518,149.572849,0.04268790720852032,True,119140.08388354094,4324552.984618102,4443693.068501643,4,0.9731889484608996
2023-10-24,16.752556,150.35983,0.04207272720890464,True,119140.08388354094,4496058.281610627,4615198.365494167,4,0.9741852734274004
2023-10-25,14.717475,146.939678,0.05046825415429634,False,119140.08388354094,3949882.3557520034,4069022.439635544,4,0.9707202194996467
2023-10-26,14.481524,145.429638,0.048380201206957234,False,3046814.6712153945,955952.5309981133,4002767.202213508,1,0.23882291492482421
2023-10-27,14.845284,146.057596,0.048787815152251175,False,3046814.6712153945,979965.0101181199,4026779.6813335144,1,0.2433619635712459
2023-10-30,14.284897,143.890084,0.04885850410373391,False,3046814.6712153945,942972.8143389713,3989787.485554366,1,0.23634662692014252
2023-10-31,14.648655,143.747435,0.048056728127087285,False,3046814.6712153945,966985.1614352306,4013799.832650625,1,0.24091514319403787
2023-11-01,15.680943,146.847864,0.04988832920662657,False,3046814.6712153945,1035128.4263512008,4081943.0975665953,1,0.2535871768933479
2023-11-02,16.79188,151.40751,0.05268716971177026,True,3046814.6712153945,1108463.4591094556,4155278.13032485,1,0.2667603525790459
2023-11-03,18.06995,155.112939,0.05382227635026725,True,3669820.557518344,569201.7385098061,4239022.29602815,1,0.1342766559739808
2023-11-06,17.942144,155.306411,0.05382932185846812,True,3669820.557518344,565175.861438094,4234996.418956438,1,0.1334536810723824
2023-11-07,18.286238,156.103218,0.05338969013741259,True,3669820.557518344,576014.7903233867,4245835.34784173,1,0.13566583325380013
2023-11-08,18.355061,156.529537,0.05306317153976234,True,3669820.557518344,578182.7084000532,4248003.265918397,1,0.13610693594301015
2023-11-09,18.079784,157.61984,0.05302015200127229,True,3416009.699069948,823068.8097392357,4239078.508809184,1,0.19416220011703608
2023-11-10,20.252504,160.000477,0.0558593452447123,True,4337068.001379179,0.0,4337068.001379179,1,0.0
2023-11-13,19.682287,160.413661,0.055535018435512985,True,4099014.17798601,237816.00738578284,4336830.185371793,1,0.0548363660140396
2023-11-14,21.766525,165.768508,0.0594327930165947,True,4361750.4973015785,0.0,4361750.4973015785,1,0.0
2023-11-15,22.248259,167.806505,0.05772334455064614,True,4361750.4973015785,0.0,4361750.4973015785,1,0.0
2023-11-16,22.33674,167.468716,0.05611177959061337,True,4361750.4973015785,0.0,4361750.4973015785,1,0.0
2023-11-17,22.739822,168.25079,0.0543287163611459,True,4361750.4973015785,0.0,4361750.4973015785,1,0.0
2023-11-20,23.772112,170.495376,0.05413656791713565,True,4361750.4973015785,0.0,4361750.4973015785,1,0.0
2023-11-21,22.45472,168.827909,0.05651818141377654,True,4123115.766038084,238396.334928566,4361512.10096665,1,0.0546591020292549
2023-11-22,22.61202,169.996935,0.04532694348495831,True,4123115.766038084,240066.35100911674,4363182.117047201,1,0.05502093301839587
2023-11-24,22.700499,168.752472,0.0446673282772801,True,4123115.766038084,241005.7111667203,4364121.477204804,2,0.0552243360835783
2023-11-27,22.58252,169.095162,0.04508720843466786,True,3851562.8843028727,511034.75677435024,4362597.641077223,2,0.11714001583885794
2023-11-28,22.159781,167.56708,0.043925818317049205,True,3284190.4599082684,1068273.9355760738,4352464.395484342,2,0.2454411658563829
2023-11-29,22.828306,170.74785,0.04395523230951902,True,3867511.7885723934,516596.8104658135,4384108.599038207,3,0.11783394475655676
2023-11-30,22.425219,168.563925,0.04342674878392231,True,3031094.769655938,1343056.5260552978,4374151.295711236,3,0.3070439121235099
2023-12-01,22.680836,167.894997,0.041773232536159347,True,3031094.769655938,1358365.5439971369,4389460.313653074,3,0.30946071884328163
2023-12-04,21.933657,166.291503,0.04074156070772103,True,2007041.6973099783,2336646.697468025,4343688.394778004,4,0.5379406819966988
2023-12-05,21.560068,165.907851,0.041021585693225115,True,964287.775681972,3338559.5472513097,4302847.322933282,4,0.7758954238179638
2023-12-06,21.107824,167.022751,0.04149746267940806,True,249526.11266862485,3982577.535475211,4232103.648143836,4,0.9410396971780063
2023-12-07,22.78898,168.275404,0.0442873424016541,True,3181523.1738550747,1364842.3371537044,4546365.511008779,4,0.30020514933276093
2023-12-08,23.300211,170.59209,0.04392177109668186,True,4575587.907027732,0.0,4575587.907027732,4,0.0
2023-12-11,25.669558,175.028753,0.04202856381407273,True,4575587.907027732,0.0,4575587.907027732,4,0.0
2023-12-12,26.200447,177.010985,0.04096383078465096,True,4575587.907027732,0.0,4575587.907027732,4,0.0
2023-12-13,27.449022,179.808129,0.03650517570562369,True,4575587.907027732,0.0,4575587.907027732,4,0.0
2023-12-14,29.680731,184.484131,0.03939486537445005,True,4575587.907027732,0.0,4575587.907027732,4,0.0
2023-12-15,30.054321,187.538663,0.039321937989913056,True,4575587.907027732,0.0,4575587.907027732,4,0.0
2023-12-18,29.779043,185.736792,0.03967635628217827,True,4291949.447508851,283355.1044144657,4575304.551923317,4,0.06193141925281279
2023-12-19,30.231281,186.872977,0.03901017699842205,True,4291949.447508851,287658.26303881063,4579607.710547661,4,0.06281286110517323
2023-12-20,27.625984,184.233427,0.0426283589251252,True,3335476.80522434,1218385.330187712,4553862.135412052,4,0.2675498936854547
2023-12-21,29.816395,185.833514,0.04508622472414497,True,4365723.762472366,283710.5181146336,4649434.280587,4,0.06102043840026375
2023-12-22,30.062735,187.136264,0.04504649306173639,True,4365723.762472366,286054.50534153875,4651778.267813905,4,0.06149358135162568
2023-12-26,31.688545,189.703973,0.04560013038786328,True,4666946.735495384,0.0,4666946.735495384,4,0.0
2023-12-27,31.875761,190.867055,0.04490644169202138,True,4666946.735495384,0.0,4666946.735495384,4,0.0
2023-12-28,31.747667,191.141382,0.04508356621163296,True,4666946.735495384,0.0,4666946.735495384,4,0.0
2023-12-29,30.939686,189.68424,0.04543633449840931,True,3647238.38857479,1018689.6572633309,4665928.045838121,4,0.21832519645732082
2024-01-02,27.628944,183.49744,0.05386987379799037,True,2720037.241274486,1835958.2962967474,4555995.537571233,4,0.4029763157484309
2024-01-03,25.865185,179.04711,0.05570350698748294,True,1898437.9545804805,2539534.0634470046,4437972.018027485,4,0.5722284983166104
2024-01-04,25.205002,177.088894,0.05594517258318344,True,1070980.346530736,3301345.9713110616,4372326.317841798,4,0.7550547995101661
2024-01-05,25.549875,178.204347,0.05553507691379027,True,1070980.346530736,3346517.3658288624,4417497.712359598,4,0.7575595017210154
2024-01-08,28.013224,181.754476,0.056611336928844104,True,2876845.074210475,1861493.9104737104,4738338.984684186,4,0.3928579015749293
2024-01-09,28.003372,183.390662,0.05658702159115433,True,2876845.074210475,1860839.2397365614,4737684.313947037,4,0.3927740044347252
2024-01-10,27.757032,182.649769,0.05277748798973622,True,2876845.074210475,1844469.8132861787,4721314.887496654,4,0.39066867117269477
2024-01-11,28.042786,182.748311,0.05265797966744632,True,2876845.074210475,1863458.3213884062,4740303.395598881,4,0.39310950499888425
2024-01-12,27.688063,183.668308,0.05176175216370306,True,2876845.074210475,1839886.7858734308,4716731.860083906,4,0.39007661246206626
2024-01-16,28.762085,184.70328,0.049310394462007294,True,3840144.8303473946,946992.1094489709,4787136.939796366,4,0.19782014205118056
2024-01-17,28.013224,182.577487,0.04949237594468735,True,2907409.375389375,1854139.5003324891,4761548.875721864,4,0.38939839718675495
2024-01-18,30.732765,188.723212,0.05391898512137011,True,3928650.8340343847,1011876.7800230583,4940527.614057443,4,0.20481148149924971
2024-01-19,34.348965,194.658623,0.05921415332509314,True,5058460.116772967,0.0,5058460.116772967,4,0.0
2024-01-22,34.743095,198.573432,0.054684065560701316,True,5058460.116772967,0.0,5058460.116772967,4,0.0
2024-01-23,35.393421,198.05757,0.052563597255598775,True,5058460.116772967,0.0,5058460.116772967,4,0.0
2024-01-24,36.871433,202.660714,0.05305801409877306,True,5058460.116772967,0.0,5058460.116772967,4,0.0
2024-01-25,36.575836,203.546189,0.052231223606748506,True,5058460.116772967,0.0,5058460.116772967,4,0.0
2024-01-26,33.511429,197.390624,0.05636307391759827,True,4229480.057173889,828151.9076913862,5057631.964865276,4,0.16374301519850631
2024-01-29,34.526325,196.899428,0.05666442782159919,True,5081859.371479121,0.0,5081859.371479121,4,0.0
2024-01-30,33.03846,196.518282,0.057316612297542514,True,4282904.324017171,798156.8905713786,5081061.214588549,4,0.15708468307363452
2024-01-31,31.629421,193.454449,0.051713103443767366,True,3492541.4544076333,1553690.0352875306,5046231.489695163,4,0.30789115371744213
2024-02-01,31.974293,192.478639,0.04879769362803061,True,3492541.4544076333,1570630.7244594786,5063172.178867112,4,0.31020685628962913
2024-02-02,33.156704,194.701329,0.04833097136256326,True,4319413.006185003,801013.4784198656,5120426.484604868,4,0.1564349143236802
2024-02-05,34.585442,197.556531,0.04874846881433806,True,5154107.003329876,0.0,5154107.003329876,4,0.0
2024-02-06,33.334064,196.751569,0.04651549845031267,True,4220580.338853031,932594.0704064375,5153174.409259469,4,0.1809746762560002
2024-02-07,34.841637,197.599243,0.04712350144152936,True,5194377.32218468,0.0,5194377.32218468,4,0.0
2024-02-08,36.605396,202.062752,0.04763399882633763,True,5194377.32218468,0.0,5194377.32218468,4,0.0
2024-02-09,38.743584,204.968845,0.048576122138607236,True,5194377.32218468,0.0,5194377.32218468,4,0.0
2024-02-12,38.576077,207.925913,0.04834901735095908,True,5194377.32218468,0.0,5194377.32218468,4,0.0
2024-02-13,36.299934,201.923079,0.05101877345730467,True,4275519.329514142,917940.0526179201,5193459.382132063,4,0.17674925036981412
2024-02-14,38.546513,205.37628,0.05128871608395638,True,5249295.336470131,0.0,5249295.336470131,4,0.0
2024-02-15,38.536663,206.997702,0.048084134470738844,True,4961227.385442228,287780.17085704557,5249007.556299274,2,0.054825634707209345
2024-02-16,37.768093,207.24248,0.042345973738056306,True,4390596.073370937,852101.972833292,5242698.046204229,2,0.16253119392413287
2024-02-20,35.886093,201.507501,0.04409967874990492,True,3800307.5626812344,1399340.1840958765,5199647.746777111,2,0.2691221121590837
2024-02-21,35.610199,200.056887,0.04395992054264735,True,3477505.6082273736,1711061.4647862092,5188567.073013583,3,0.32977533887644317
2024-02-22,40.812794,210.506711,0.05287744826826186,True,5436589.461832745,0.0,5436589.461832745,3,0.0
2024-02-23,39.58112,210.781083,0.0534113280972028,True,4889826.175911813,546217.0688520803,5436043.244763893,2,0.10048063347880973
2024-02-26,40.605877,210.919049,0.04902607616802542,True,4889826.175911813,560358.6536487119,5450184.829560525,3,0.10281461476488979
2024-02-27,40.507339,211.584428,0.04885576783539586,True,4578420.194785578,870093.7214315599,5448513.916217138,3,0.15969376876175062
2024-02-28,39.216545,208.666777,0.04826791330091742,True,3681259.646574323,1738631.8751615537,5419891.521735877,3,0.3207872091515047
2024-02-29,42.211979,212.602933,0.048714282106538685,True,5550820.086201196,0.0,5550820.086201196,4,0.0
2024-03-01,47.621494,220.406229,0.05416411341980167,True,5550820.086201196,0.0,5550820.086201196,4,0.0
2024-03-04,49.04039,226.174113,0.05407558838188707,True,5550820.086201196,0.0,5550820.086201196,4,0.0
2024-03-05,46.153336,221.549584,0.05664193161685779,True,4499981.859680712,1049788.4380824007,5549770.297763113,4,0.18915889879361814
2024-03-06,49.483788,226.507616,0.05657471692023288,True,5624398.11003379,0.0,5624398.11003379,4,0.0
2024-03-07,54.509026,232.305026,0.05893810969151662,True,5624398.11003379,0.0,5624398.11003379,4,0.0
2024-03-08,48.232403,230.639205,0.06678265098181493,True,4713692.951969207,909795.3627018807,5623488.314671088,4,0.1617848765379881
2024-03-11,46.084366,221.437906,0.0672349431512002,True,3844091.0300772525,1738010.6841632272,5582101.71424048,4,0.31135417682006655
2024-03-12,48.853168,223.690169,0.06805248856471258,True,4764097.785654204,921504.6925963011,5685602.478250505,4,0.16207687683431812
2024-03-13,45.404484,221.866693,0.06880082508868261,True,3933727.904594282,1685993.3975795817,5619721.302173864,4,0.3000137029797888
2024-03-14,42.891861,218.308382,0.06939822364472678,True,3098750.5233849497,2426836.031394609,5525586.554779558,4,0.4391997134305005
2024-03-15,42.113445,216.095539,0.06959209287813693,True,2238241.09442189,3242442.7694939747,5480683.863915864,4,0.5916128078179826
2024-03-18,41.916374,217.692327,0.06939026745734053,True,2238241.09442189,3227269.6712345723,5465510.765656462,4,0.5904790621790945
2024-03-19,40.846401,212.088763,0.06853580514080733,True,1384101.2597567542,3998175.7297620126,5382276.989518767,4,0.7428409458576549
2024-03-20,42.798985,215.154198,0.06902111489378317,True,2277283.4614246194,3295224.5881316783,5572508.049556298,4,0.5913359942825126
2024-03-21,45.668686,223.997667,0.06373874516640234,True,4095830.7829392455,1695803.944653023,5791634.727592269,4,0.2928022957963739
2024-03-22,45.787025,222.275882,0.06317428409650588,True,4095830.7829392455,1700198.197270808,5796028.980210054,4,0.29333845691178567
2024-03-25,45.254501,221.175731,0.06315627663645515,True,4095830.7829392455,1680424.1161899026,5776254.899129149,4,0.29091931459659964
2024-03-26,44.40641,221.861486,0.06337138452893853,True,3152343.5414519752,2591476.861072138,5743820.402524114,4,0.4511765130980274
2024-03-27,45.856049,220.60345,0.06303089305880584,True,4124684.1207718,1702761.2482741964,5827445.369045997,4,0.2921968616503655
2024-03-28,45.885635,222.946845,0.06110502153064209,True,4124684.1207718,1703859.8578445811,5828543.978616381,4,0.29233027392358374
2024-04-01,47.32542,225.709557,0.05510938211889112,True,4988455.344037941,892687.1765837345,5881142.520621675,4,0.15178805367385853
2024-04-02,45.24464,220.850119,0.055507693777769526,True,3937149.073866354,1903693.9749224358,5840843.04878879,4,0.325927945507319
2024-04-03,45.550346,221.575352,0.05391060683378973,True,3937149.073866354,1916556.7288375432,5853705.802703897,4,0.32740913080262124
2024-04-04,41.783241,220.884675,0.05448114072839687,True,2906319.8433019742,2787853.073386386,5694172.91668836,4,0.48959754369520564
2024-04-05,43.015938,217.850592,0.049477831280906014,True,2906319.8433019742,2870100.83679,5776420.680091974,4,0.4968649265247595
2024-04-08,43.390671,219.745034,0.04221900889293077,True,3974666.9498363277,1825687.1742275252,5800354.124063853,4,0.31475443312216417
2024-04-09,44.761425,220.060792,0.04184901022894948,True,3974666.9498363277,1883362.4288190268,5858029.3786553545,4,0.3215010214324551
2024-04-10,42.493279,218.383402,0.040810938839807805,True,2700492.910039656,3060830.0338154966,5761322.943855152,4,0.5312720817152045
2024-04-11,45.165745,219.996622,0.04037785810129712,True,4052095.753176301,1900374.422901434,5952470.176077735,4,0.3192581175020097
2024-04-12,40.935158,216.775129,0.04430825175915078,True,2836082.443593988,2937168.578489126,5773251.022083115,4,0.5087546977005223
2024-04-15,39.229115,215.147101,0.04509364885327031,True,1549035.6021557422,4100518.1148839663,5649553.717039708,4,0.7258127491586334
2024-04-16,39.978588,213.375949,0.04537047217899951,True,1549035.6021557422,4178858.5926927677,5727894.1948485095,4,0.7295628114868294
2024-04-17,36.546783,210.82541,0.04919946756232136,True,333621.4762149952,5034340.801796237,5367962.278011233,4,0.9378495118004818
2024-04-18,34.426552,205.329543,0.04900683588631864,True,93546.88550965053,4982112.493466262,5075659.378975912,4,0.9815695107719138
2024-04-19,30.363611,199.088755,0.05192625323101553,True,93546.88550965053,4394135.2508915095,4487682.13640116,4,0.9791547434362923
2024-04-22,31.625883,197.894842,0.053492168253039915,True,93546.88550965053,4576807.657391952,4670354.542901603,4,0.9799700676575335
2024-04-23,33.63763,201.955059,0.056418903014756966,True,93546.88550965053,4867941.949969185,4961488.835478835,4,0.9811454003804844
2024-04-24,34.998524,206.829303,0.0577016006194468,True,93546.88550965053,5064886.651247526,5158433.536757176,4,0.981865253309349
2024-04-25,36.891933,207.579203,0.05870195434482566,True,350299.8644257175,5081885.416810368,5432185.281236086,4,0.935514006557227
2024-04-26,39.248837,211.881143,0.060893552059746676,True,1652966.6147819043,4102579.6046285536,5755546.219410458,4,0.7128045624571115
2024-04-29,40.047619,213.977854,0.060580596106690414,True,1652966.6147819043,4186074.2249084967,5839040.839690401,4,0.7169112770121422
2024-04-30,37.651272,214.076497,0.061225269692967675,True,711176.3648536649,4876439.660068959,5587616.024922624,4,0.872722756595732
2024-05-01,33.894035,206.923031,0.06470494909125761,True,62774.04154457913,5037572.169425002,5100346.210969581,4,0.987692199911926
2024-05-02,35.945229,206.553033,0.06439373744933004,True,749042.3664241277,4655479.9074480375,5404522.273872165,4,0.8614045185741342
2024-05-03,38.430332,213.070096,0.0660563224640547,True,749042.3664241277,4977340.343625503,5726382.71004963,4,0.8691944977569207
2024-05-06,40.728065,216.005495,0.0675266286214997,True,3099313.8250002447,2922309.2965871226,6021623.121587368,4,0.4853025899463414
2024-05-07,39.801086,217.209241,0.06716458380294225,True,2219526.985517671,3734704.877270481,5954231.862788152,4,0.62723537869109
2024-05-08,39.850388,214.851071,0.06628946843597693,True,2219526.985517671,3739331.0932450704,5958858.078762742,4,0.6275247780396006
2024-05-09,39.406624,215.295101,0.06455217557587546,True,2219526.985517671,3697690.833098474,5917217.818616144,4,0.6249036196479328
2024-05-10,40.461803,217.904879,0.061182142631429515,True,2219526.985517671,3796702.758494012,6016229.744011683,4,0.6310767573783397
2024-05-13,40.698479,218.260077,0.06038594995999426,True,3162882.8458376853,2874610.9119156264,6037493.757753312,3,0.4761265232322715
2024-05-14,42.611618,219.478651,0.06108621084640029,True,4821385.612223347,1349576.6257475202,6170962.237970867,4,0.2186979232255499
2024-05-15,46.349133,225.122497,0.05951248410397232,True,4821385.612223347,1467949.5747019756,6289335.186925322,4,0.2334029799769051
2024-05-16,45.619377,227.875355,0.05750681969310186,True,4500418.026862279,1764544.6674995972,6264962.694361876,3,0.28165286109166954
2024-05-17,44.77129,225.862502,0.04803352717760886,True,3379606.321042726,2851432.914751808,6231039.235794534,4,0.45761755091696443
2024-05-20,47.581818,228.699233,0.04871080054022741,True,5951701.733410352,455762.1876259045,6407463.9210362565,4,0.07112988746290057
2024-05-21,47.315556,228.398272,0.0480309041861962,True,6180012.645246285,224672.34720471562,6404684.992451001,3,0.035079375093315254
2024-05-22,48.696171,231.210357,0.04782235654205676,True,6180012.645246285,231228.0349923861,6411240.680238671,4,0.036066035659072807
2024-05-23,48.134064,233.390924,0.04742220892776634,True,5807319.960460251,600879.3005013659,6408199.260961617,4,0.09376726222636181
2024-05-24,50.727642,234.017462,0.04695706604860502,True,6439942.812563549,0.0,6439942.812563549,3,0.0
2024-05-28,53.291634,238.028364,0.04764402736439744,True,6439942.812563549,0.0,6439942.812563549,4,0.0
2024-05-29,50.27401,235.04854,0.047362945259638904,True,5025558.65217114,1412971.1892032064,6438529.841374346,4,0.21945556268503658
2024-05-30,49.307583,233.36132,0.039136069379921624,True,3541951.0971553307,2867934.8008348225,6409885.897990153,4,0.4474236899808272
2024-05-31,47.917114,229.335618,0.03930977744604576,True,1997947.336264941,4329520.620591576,6327467.956856517,4,0.6842422040083281
2024-06-03,47.917114,230.958753,0.03740901127286923,True,1997947.336264941,4329520.620591576,6327467.956856517,4,0.6842422040083281
2024-06-04,46.930965,229.478682,0.03633071763379512,True,442514.96454006503,5794296.2427597465,6236811.207299812,4,0.9290478820295012
2024-06-05,52.778835,236.188174,0.0431407382317501,True,6952297.772807461,0.0,6952297.772807461,4,0.0
2024-06-06,51.782825,237.747138,0.043694394427987365,True,5391893.591379917,1558845.3360914518,6950738.9274713695,4,0.2242704484167051
2024-06-07,51.151684,236.755532,0.04372619455324297,True,3820641.6204239726,3109528.058700561,6930169.679124534,4,0.44869436141906666
2024-06-10,53.202881,237.791531,0.04402784714916078,True,5451635.9859615965,1601594.0210577254,7053230.007019322,4,0.22707242206249206
2024-06-11,53.419834,238.692397,0.04404616103359036,True,7058152.931041242,0.0,7058152.931041242,4,0.0
2024-06-12,57.90683,246.161253,0.04602716245005725,True,7058152.931041242,0.0,7058152.931041242,4,0.0
2024-06-13,60.017193,248.759545,0.0434246788786168,True,7058152.931041242,0.0,7058152.931041242,4,0.0
2024-06-14,59.267712,248.226069,0.04331554225845981,True,5487482.629618058,1569101.2002229607,7056583.829841019,4,0.22235988943935095
2024-06-17,61.802124,250.503273,0.04309032203366524,True,7122045.697579641,0.0,7122045.697579641,4,0.0
2024-06-18,64.336533,255.45288,0.04219805855136381,True,7122045.697579641,0.0,7122045.697579641,4,0.0
2024-06-20,59.18882,252.390276,0.047461956290474616,True,5659229.406936835,1461354.9357070988,7120584.342643933,4,0.2052296364155537
2024-06-21,57.394032,246.803426,0.048164794693612095,True,4195436.247433733,2879372.9650665885,7074809.212500322,4,0.40698948601738816
2024-06-24,52.482998,242.81708,0.052775627154814674,True,2834938.282170381,3992132.542000301,6827070.824170683,4,0.5847504214935759
2024-06-25,54.687298,241.211638,0.05228975981801983,True,4249745.081025529,2743580.158190317,6993325.239215845,4,0.39231410871689304
2024-06-26,54.173058,242.22922,0.051235834349569,True,4249745.081025529,2717781.504533159,6967526.585558688,4,0.39006403078047747
2024-06-27,53.203915,241.774767,0.04955493686836188,True,2875072.9709133315,4042459.857290847,6917532.828204179,4,0.5843788468641481
2024-06-28,54.746624,245.074513,0.049583200965977604,True,2875072.9709133315,4159675.6524815075,7034748.623394839,4,0.591304092750101
2024-07-01,54.746624,241.493215,0.04896448590754649,True,2875072.9709133315,4159675.6524815075,7034748.623394839,4,0.591304092750101
2024-07-02,56.961815,244.600305,0.049481023218629516,True,4343900.353939798,2857689.2829575813,7201589.6368973795,4,0.39681367962375924
2024-07-03,59.720898,249.436306,0.04969099935334991,True,5863995.310001768,1474491.7884350494,7338487.0984368175,4,0.20092585415175468
2024-07-05,60.13625,251.980269,0.043057458321043664,True,5863995.310001768,1484746.7098079673,7348742.019809736,4,0.20204093514312924
2024-07-08,63.597466,255.181185,0.0439696763241452,True,7432628.243834997,0.0,7432628.243834997,4,0.0
2024-07-09,63.538132,256.475408,0.04373637685754389,True,7432628.243834997,0.0,7432628.243834997,4,0.0
2024-07-10,67.83004,260.115923,0.04499855131204562,True,7432628.243834997,0.0,7432628.243834997,4,0.0
2024-07-11,61.303177,258.451282,0.051653964426767424,True,5994572.126998488,1436619.49733917,7431191.624337658,4,0.19332289758672666
2024-07-12,63.231567,257.349746,0.04904845971743819,True,7474900.9898485895,0.0,7474900.9898485895,4,0.0
2024-07-15,63.429348,257.962315,0.04848859686325047,True,7474900.9898485895,0.0,7474900.9898485895,4,0.0
2024-07-16,64.576508,256.732267,0.04846051629957903,True,7474900.9898485895,0.0,7474900.9898485895,4,0.0
2024-07-17,50.978844,245.227649,0.07155606786629748,True,6307459.842564134,1166274.8724120427,7473734.714976177,4,0.15604980868199847
2024-07-18,51.087627,240.648519,0.07066202550339286,True,6307459.842564134,1168763.569084835,7476223.411648969,4,0.15633074411122372
2024-07-19,46.479259,236.978288,0.07129943374306975,True,5379535.505861161,1990332.3938036687,7369867.89966483,4,0.27006351007922214
2024-07-22,52.343552,240.040946,0.07686508098061527,True,6422448.240408067,1197496.1501754164,7619944.3905834835,4,0.157152872618762
2024-07-23,49.970142,240.52503,0.07494285312178453,True,6015365.074058011,1549326.2700777643,7564691.344135775,3,0.20481024269137135
2024-07-24,42.424686,231.791607,0.08230646339960226,True,5152987.068201594,2176895.5915437136,7329882.659745308,4,0.2969891460198838
2024-07-25,39.339252,223.616346,0.0834863373210562,True,4289168.163304977,2881531.743555253,7170699.9068602305,4,0.4018480456556943
2024-07-26,41.455544,226.298621,0.08486991662426303,True,5197638.258347714,2127166.9748751107,7324805.233222825,4,0.29040594352284
2024-07-29,41.346767,228.640041,0.08436062002988519,True,5197638.258347714,2121585.409185706,7319223.66753342,4,0.2898648142967164
2024-07-30,36.827396,222.475279,0.08726752632592504,True,4387673.950491782,2698842.586110152,7086516.536601935,4,0.38084192313255755
2024-07-31,43.898174,229.48476,0.09690905558792495,True,5351220.579003789,2252503.2113948674,7603723.790398657,4,0.2962368536110082
2024-08-01,34.612209,221.694824,0.10789855376454685,True,4725054.431241042,2401562.359813693,7126616.791054735,4,0.33698491587594726
2024-08-02,29.014925,205.324541,0.11252764428260549,False,4125441.288915391,2612209.8694116967,6737651.158327088,4,0.38770334171772264
2024-08-05,27.58099,198.354588,0.1104257876618727,False,5928537.230416552,678212.0482169678,6606749.27863352,1,0.10265442498481539
2024-08-06,28.263344,203.625306,0.1110635576258527,False,5928537.230416552,694991.0218487715,6623528.252265324,1,0.10492761491748397
2024-08-07,25.929491,203.531447,0.10860294131684248,False,5928537.230416552,637601.9570121825,6566139.187428734,1,0.09710454481880455
2024-08-08,31.111435,204.751562,0.11927204743235253,False,6082603.009141647,610805.116557361,6693408.125699008,1,0.09125472481084862
2024-08-09,30.666422,208.668753,0.11840120828158111,True,6082603.009141647,602068.2576714067,6684671.266813054,1,0.0900669956143476
2024-08-12,31.061985,210.358143,0.11859025767474064,True,6082603.009141647,609834.2737462287,6692437.282887876,1,0.09112289708049039
2024-08-13,34.889111,215.693038,0.12288655537228843,True,6082603.009141647,684971.5389514404,6767574.548093088,1,0.1012137412131568
2024-08-14,34.661659,218.35062,0.1129908214622777,True,6082603.009141647,680506.0154109413,6763109.024552588,1,0.10062029355736432
2024-08-15,39.477695,226.071392,0.11778916514646198,True,6253741.817673656,603748.2512345912,6857490.068908247,1,0.08804216195251618
2024-08-16,39.289806,227.350784,0.11621406159507115,True,6253741.817673656,600874.7892663529,6854616.606940009,1,0.08765986833720103
2024-08-19,41.139084,228.640051,0.11311754938171381,True,6882269.20186796,0.0,6882269.20186796,0,0.0
2024-08-20,39.645813,230.102227,0.1129863722068964,True,6882269.20186796,0.0,6882269.20186796,0,0.0
2024-08-21,41.267647,231.747153,0.10760645564906854,True,6882269.20186796,0.0,6882269.20186796,0,0.0
2024-08-22,37.094402,229.262457,0.10895057558903697,True,6882269.20186796,0.0,6882269.20186796,0,0.0
2024-08-23,39.952389,229.548968,0.10964105869436117,True,6882269.20186796,0.0,6882269.20186796,0,0.0
2024-08-26,36.955952,227.182833,0.11095546954093548,True,6882269.20186796,0.0,6882269.20186796,0,0.0
2024-08-27,38.063545,224.569729,0.10808387887903283,True,6882269.20186796,0.0,6882269.20186796,0,0.0
2024-08-28,36.194485,224.421525,0.1004835893417988,True,6882269.20186796,0.0,6882269.20186796,0,0.0
2024-08-29,35.789024,224.871056,0.08500453550224916,True,6882269.20186796,0.0,6882269.20186796,0,0.0
2024-08-30,38.360222,226.748136,0.07509487828836009,True,6882269.20186796,0.0,6882269.20186796,0,0.0
2024-09-03,29.736834,216.908199,0.09542984071625195,True,6682254.549036112,199814.83799385472,6882069.387029966,1,0.029034121389480357
2024-09-04,29.964287,211.425111,0.09531208328188513,False,6682254.549036112,201343.194521191,6883597.743557302,1,0.029249703719198
2024-09-05,29.420382,211.044757,0.0931564410391461,False,6682254.549036112,197688.4581272949,6879943.007163406,1,0.028734025546644993
2024-09-06,25.672371,204.736738,0.08861835687160848,False,6682254.549036112,172503.92736103424,6854758.476397146,1,0.02516557336848754
2024-09-09,27.126085,204.129145,0.08977492012330149,False,6682254.549036112,182272.069705959,6864526.618742071,1,0.026552751533995868
2024-09-10,28.035892,205.166486,0.09011173607098315,False,6682254.549036112,188385.46221810995,6870640.011254221,1,0.027418910306686344
2024-09-11,31.863016,211.17812,0.09097999590726477,False,6896142.0353991715,0.0,6896142.0353991715,1,0.0
2024-09-12,31.457556,215.668345,0.09099804844043875,True,6896142.0353991715,0.0,6896142.0353991715,1,0.0
2024-09-13,33.059608,219.210127,0.0863803273570972,True,6896142.0353991715,0.0,6896142.0353991715,2,0.0
2024-09-16,31.803679,216.379638,0.08662889595755492,True,6459372.5471549295,436333.1550891524,6895705.702244082,2,0.06327606976428181
2024-09-17,31.803679,218.039405,0.08565332417920701,True,6459372.5471549295,436333.1550891524,6895705.702244082,2,0.06327606976428181
2024-09-18,30.794981,218.192546,0.08558961525330948,True,5791798.940072744,1089400.9413984008,6881199.881471145,3,0.1583155496371798
2024-09-19,34.730885,224.372165,0.08995599179859251,True,7019207.489400473,0.0,7019207.489400473,3,0.0
2024-09-20,33.178276,220.316641,0.08746108578705684,True,6386882.891837002,631692.9046588131,7018575.796495815,3,0.09000300388209818
2024-09-23,33.544178,221.546617,0.08554621121594996,True,6386882.891837002,638659.4419557019,7025542.333792703,4,0.09090535813637676
2024-09-24,34.742897,223.571906,0.08446028823977263,True,7047703.685559671,0.0,7047703.685559671,4,0.0
2024-09-25,35.406647,225.611701,0.08427781271236845,True,7047703.685559671,0.0,7047703.685559671,4,0.0
2024-09-26,39.280174,232.073721,0.08679160509997337,True,7047703.685559671,0.0,7047703.685559671,4,0.0
2024-09-27,37.308735,232.063807,0.08762829073704723,True,6185417.221473721,861425.0390469038,7046842.260520625,4,0.12224270207848546
2024-09-30,36.337875,227.488398,0.08636431137262869,True,5304686.964056755,1718859.1643627984,7023546.128419554,4,0.24472810926772942
2024-10-01,33.514462,224.576761,0.0660350993529342,True,4458753.362011632,2430394.207587416,6889147.569599047,4,0.35278591190475345
2024-10-02,34.633919,224.269745,0.06630864346803941,True,5331196.380740623,1638258.4031385672,6969454.783879191,4,0.23506263458771082
2024-10-03,34.881584,225.819688,0.06603596411810789,True,5331196.380740623,1649973.487054231,6981169.867794855,4,0.23634627409165293
2024-10-04,36.337875,228.409453,0.056833420570229505,True,5331196.380740623,1718859.1643627984,7050055.545103421,4,0.24380788964941175
2024-10-07,36.070393,228.29552,0.05636664367867584,True,5331196.380740623,1706206.6939857588,7037403.074726382,4,0.24244834008631755
2024-10-08,37.110603,229.008598,0.05629603424631805,True,5331196.380740623,1755410.8505678873,7086607.2313085105,4,0.2477082182306523
2024-10-09,38.249878,230.929876,0.049746145107927124,True,6256416.04632797,883155.1820153996,7139571.228343369,4,0.12369863031961409
2024-10-10,37.477154,230.474316,0.0499512418618644,True,4710698.447445194,2409487.1073019803,7120185.5547471745,4,0.3384022914537003
2024-10-11,38.309315,231.672639,0.04913414259354171,True,4710698.447445194,2462988.533816372,7173686.981261566,4,0.3433364935283572
2024-10-14,40.439262,236.248062,0.0489347354767018,True,7308025.942947895,0.0,7308025.942947895,4,0.0
2024-10-15,34.148491,230.845706,0.06354392459181543,True,5954035.686783333,1352637.6185460151,7306673.305329349,4,0.18512359346344756
2024-10-16,34.13858,226.062312,0.06299617953114427,True,5954035.686783333,1352245.0392242111,7306280.726007544,4,0.18507980872001534
2024-10-17,34.881584,229.275978,0.057091351392990076,True,5954035.686783333,1381675.7734001416,7335711.460183475,4,0.18834925295243063
2024-10-18,34.941029,227.646868,0.056057899186502204,True,5954035.686783333,1384030.417511194,7338066.104294527,4,0.18860969604800978
2024-10-21,34.762703,225.562178,0.05604673130846673,True,5954035.686783333,1376966.8416722254,7331002.528455559,4,0.18782790434561678
2024-10-22,34.36644,225.349264,0.055554527796492545,True,5954035.686783333,1361270.679852428,7315306.366635761,4,0.1860852589935291
2024-10-23,33.484741,223.512159,0.05563385226730705,True,4575602.551464062,2703402.251428725,7279004.802892787,4,0.3713972341870625
2024-10-24,33.970169,224.705523,0.04991409571282942,True,4575602.551464062,2742593.4504320724,7318196.001896135,4,0.3747635960722383
2024-10-25,34.950935,228.988783,0.0493841900347526,True,6011518.335293964,1384422.7987806713,7395941.134074635,4,0.1871868331134152
2024-10-28,35.020279,227.622103,0.04909216197317048,True,6011518.335293964,1387169.5468879438,7398687.882181907,4,0.1874885883791142
2024-10-29,37.625748,230.414914,0.04801153968002025,True,7500401.348266976,0.0,7500401.348266976,4,0.0
2024-10-30,33.692783,226.651566,0.05406539074787845,True,6037318.077445114,1461621.649172689,7498939.726617803,4,0.19491044100335964
2024-10-31,29.809343,218.644592,0.06038809862305235,False,4751663.588493944,2577524.8302260027,7329188.418719947,4,0.3516794333793606
2024-11-01,30.542442,218.902065,0.059793645431691085,False,6730368.186112218,660228.4276337249,7390596.613745943,1,0.08933357645386174
2024-11-04,30.066919,218.352426,0.0598129759512006,False,6568448.68493198,811706.9077885103,7380155.592720491,1,0.10998506706134321
2024-11-05,31.087311,218.476234,0.059986218785901255,False,7070052.167441842,337148.5131709384,7407200.68061278,1,0.04551631955286068
2024-11-06,33.801754,224.552007,0.06293949103606813,True,7070052.167441842,366587.22601224086,7436639.393454083,1,0.04929474277520034
2024-11-07,35.872261,230.122739,0.06450320178193897,True,7458705.440823049,0.0,7458705.440823049,1,0.0
2024-11-08,35.079723,229.429499,0.06439081912958014,True,7160143.306075356,298263.87087681686,7458407.176952173,1,0.03999029066132326
2024-11-11,32.464348,223.799343,0.06481888914182825,True,6877112.881880942,558774.4313463784,7435887.31322732,1,0.07514562927176198
2024-11-12,31.374607,220.501479,0.05353735421476009,False,6583467.497078563,833369.9066890575,7416837.40376762,1,0.11236189514761649
2024-11-13,29.413076,217.926599,0.05519131978236235,False,6411524.215915562,953039.3802455809,7364563.596161143,1,0.12940880580383105
2024-11-14,29.323914,217.485867,0.05478426424061929,False,6411524.215915562,950150.3625440166,7361674.578459579,1,0.12906715074368777
2024-11-15,26.411335,211.073353,0.05873899775625141,False,6250040.043203254,1017100.1354431309,7267140.178646385,1,0.13995878852478408
2024-11-18,27.411915,210.236506,0.059826961541415334,False,6417307.092738581,888197.9730016862,7305505.065740267,1,0.12157927001747758
2024-11-19,27.590237,211.578446,0.059967950233209215,False,6417307.092738581,893975.9436010261,7311283.036339607,1,0.12227346953436985
2024-11-20,26.876951,209.622496,0.059970631358772925,False,6257537.568504141,1030474.0403275749,7288011.608831716,1,0.14139302948952934
2024-11-21,28.224266,212.01418,0.06122332963306163,False,6424980.959137634,914519.6842562954,7339500.64339393,1,0.12460243941519752
2024-11-22,28.224266,213.549225,0.06062811445919154,False,6424980.959137634,914519.6842562954,7339500.64339393,1,0.12460243941519752
2024-11-25,29.056433,216.480689,0.0612252736632433,False,6424980.959137634,941483.4714487953,7366464.430586429,1,0.12780669482902066
2024-11-26,27.867622,215.084281,0.05851382052981487,False,7327041.738452192,0.0,7327041.738452192,0,0.0
2024-11-27,26.72835,209.607635,0.05449878426677081,False,7327041.738452192,0.0,7327041.738452192,0,0.0
2024-11-29,27.798279,213.965178,0.0488891819108454,False,7327041.738452192,0.0,7327041.738452192,0,0.0
2024-12-02,29.918318,217.376941,0.05152772833374523,False,7327041.738452192,0.0,7327041.738452192,1,0.0
2024-12-03,29.452702,217.916657,0.05152763183282877,False,7129993.520049176,196851.36703598002,7326844.8870851565,1,0.026867139958560462
2024-12-04,30.591974,220.580722,0.05169839679427107,False,7334254.909388835,0.0,7334254.909388835,1,0.0
2024-12-05,28.848392,218.149419,0.04919086921585709,False,7143659.79343726,190404.7112403343,7334064.504677595,1,0.02596169029041073
2024-12-06,29.33382,217.074871,0.046988218491958895,False,7143659.79343726,193608.62562724267,7337268.419064503,1,0.02638701688004044
2024-12-09,28.957365,217.342287,0.04690577187228386,False,6924399.945427487,410164.7603541357,7334564.705781623,1,0.055922168091422635
2024-12-10,26.807608,213.801765,0.046879780048381864,False,6718421.957485285,585486.8793703398,7303908.836855625,1,0.08016075945745173
2024-12-11,28.848392,215.713134,0.04997587042839669,False,6939637.567040749,408621.2192056206,7348258.78624637,1,0.055607897202862674
2024-12-12,28.194546,214.727724,0.04816345194614697,False,6735384.749243245,603408.6280275121,7338793.377270757,1,0.0822217763885206
2024-12-13,30.413654,220.189511,0.05121082023302275,False,7385634.956223348,0.0,7385634.956223348,1,0.0
2024-12-16,32.206772,223.309103,0.04603516677695686,False,7385634.956223348,0.0,7385634.956223348,1,0.0
2024-12-17,30.839642,222.555221,0.04703747286276294,False,7168602.330172968,216815.81024013984,7385418.140413108,1,0.02935728297545142
2024-12-18,27.570421,218.771083,0.05392337079682766,False,6970243.069712318,391992.8944183383,7362235.964130656,1,0.05324372871613406
2024-12-19,26.054691,212.274029,0.05511230999533691,False,6787017.523067941,553484.9336651766,7340502.456733118,1,0.07540150513232094
2024-12-20,27.045364,212.308746,0.054612197162485505,False,6976829.818319965,384527.69781634916,7361357.516136315,1,0.0522359764450311
2024-12-23,29.396921,217.263355,0.057868632822819205,False,7187907.511221853,206672.86751189854,7394580.378733751,1,0.02794923537598887
2024-12-24,30.281113,220.715212,0.05788294180894676,False,7187907.511221853,212889.113630704,7400796.624852557,1,0.02876570245367948
2024-12-26,30.370527,221.513684,0.05695668530788988,False,7187907.511221853,213517.73211002394,7401425.243331877,1,0.028848191407781526
2024-12-27,29.496269,218.99921,0.05649054440020926,False,7009495.773936247,385604.83002147765,7395100.603957725,1,0.05214328386757969
2024-12-30,27.757687,215.730853,0.05770524564001819,False,6835217.652154802,536980.359087541,7372198.011242343,1,0.0728385697547278
2024-12-31,27.131798,214.976993,0.05520706151344315,False,6657955.134227103,701957.7906542482,7359912.924881351,1,0.09537582819508214
2025-01-02,27.48945,215.830053,0.055285863667275364,False,6657955.134227103,711211.0147768469,7369166.149003949,1,0.0965117355744486
2025-01-03,29.62542,218.716511,0.05731705491457179,False,7036755.871458703,387293.2215059092,7424049.092964612,1,0.05216738422068451
2025-01-06,32.278,227.673467,0.058826290926711385,True,7458304.310372446,0.0,7458304.310372446,1,0.0
2025-01-07,30.946741,226.379009,0.05970685981635037,True,6774871.997960826,682749.5628487706,7457621.560809597,2,0.09155057779234531
2025-01-08,29.98307,221.478991,0.06010949253937307,False,6089183.886051813,1346492.0822389375,7435675.968290751,2,0.18108536304984488
2025-01-10,27.876905,217.060014,0.059819200142593947,False,6555820.621686348,784479.781344114,7340300.403030462,1,0.10687298043282255
2025-01-13,27.668274,214.004937,0.05742324497454522,False,6555820.621686348,778608.7278228711,7334429.349509219,1,0.10615805139291054
2025-01-14,27.936514,216.668202,0.0572628531852724,False,6555820.621686348,786157.2292274474,7341977.850913795,1,0.1070770363505797
2025-01-15,29.744637,221.354996,0.05641676430390533,False,6728294.00716455,664393.3144980331,7392687.321662583,1,0.08987169152294323
2025-01-16,29.794312,223.834774,0.05473236879986317,False,6728294.00716455,665502.8838599888,7393796.891024539,1,0.09000827229482791
2025-01-17,32.278,226.989053,0.056960605459086475,True,7448552.994287577,0.0,7448552.994287577,1,0.0
2025-01-21,33.470165,230.311948,0.05059023463250189,True,7448552.994287577,0.0,7448552.994287577,1,0.0
2025-01-22,34.920643,234.418462,0.04856983669928136,True,7448552.994287577,0.0,7448552.994287577,1,0.0
2025-01-23,34.692139,231.393126,0.04848276455376954,True,7448552.994287577,0.0,7448552.994287577,1,0.0
2025-01-24,32.436958,230.713679,0.04858161805399004,True,7045860.405998956,402290.2979906302,7448150.703989587,1,0.054012105014892384
2025-01-27,24.896479,212.938623,0.07695892961551311,False,6715956.042265505,638346.4054391076,7354302.447704612,1,0.0867990417824528
2025-01-28,25.204458,210.161261,0.07706864593612126,False,6715956.042265505,646242.9954589546,7362199.03772446,1,0.0877785281473045
2025-01-29,25.512434,212.432739,0.07706177855344262,False,6715956.042265505,654139.5085587192,7370095.550824224,1,0.08875590608666728
2025-01-30,26.972839,216.11274,0.0772048617696133,False,7072660.22332414,334523.0905735147,7407183.313897654,1,0.045161983495922
2025-01-31,26.843689,219.093426,0.07704734111184369,False,7072660.22332414,332921.3438257004,7405581.56714984,1,0.044955462418035406
2025-02-03,25.442892,212.174864,0.0778652133140204,False,6943288.512286386,444790.8194479382,7388079.331734325,1,0.060203849942083006
2025-02-04,26.078716,213.608156,0.07598226374670385,False,6943288.512286386,455906.24917128356,7399194.7614576705,1,0.06161565736127052
2025-02-05,27.519255,215.998644,0.07425808069445909,False,7082938.509343932,341299.8621643294,7424238.371508262,1,0.04597102693713659
2025-02-06,27.509319,217.516295,0.07383338973040522,False,7082938.509343932,341176.633703731,7424115.143047663,1,0.045955191579056656
2025-02-07,26.158192,216.965765,0.07429443214454819,False,6947609.063619279,459613.9105107545,7407222.9741300335,1,0.06204942285603809
2025-02-10,27.171537,217.560928,0.07323778740345752,False,7087900.188116138,336987.38693663676,7424887.5750527745,1,0.04538619386896798
2025-02-11,27.221212,217.754351,0.0732257409049694,False,7087900.188116138,337603.4672285274,7425503.655344665,1,0.04546539640924291
2025-02-12,27.360298,216.321027,0.07319857985325977,False,7087900.188116138,339328.4424369401,7427228.630553078,1,0.04568708724557892
2025-02-13,28.284227,219.648912,0.07213565863915253,False,7087900.188116138,350787.2134083791,7438687.401524517,1,0.04715713868235507
2025-02-14,28.363707,221.04253,0.07213958080924712,False,7087900.188116138,351772.9418754041,7439673.129991542,1,0.04728338674683199
2025-02-18,29.794312,223.646298,0.07059490653333943,False,7087900.188116138,369515.6202041452,7457415.808320283,1,0.049550089428012645
2025-02-19,31.264654,227.088231,0.07100125947907479,True,7087900.188116138,387751.125559738,7475651.313675876,1,0.05186854085213823
2025-02-20,31.493155,229.225796,0.07023807682324713,True,7087900.188116138,390585.0452935539,7478485.233409692,2,0.05222782864484886
2025-02-21,28.622009,225.64997,0.07309455676445363,True,6543894.667608448,898438.5186247131,7442333.186233161,2,0.1207200075759368
2025-02-24,26.585386,220.144877,0.07338259387396616,False,6004465.517633595,1373399.6337743173,7377865.151407912,2,0.18615136026337273
2025-02-25,24.906414,214.649668,0.04504458577754699,False,6361537.422794986,928966.4249186761,7290503.847713661,1,0.1274214298933543
2025-02-26,26.118454,215.929238,0.046222876003191214,False,6501918.594361332,833651.7400087434,7335570.334370076,1,0.1136451157863966
2025-02-27,21.60808,210.493547,0.06285724749864648,False,6315157.913865974,876263.2239090235,7191421.137774997,1,0.12184840897527195
2025-02-28,22.581682,204.914066,0.0622871745282286,False,6509943.567323846,720764.6551983559,7230708.222522202,1,0.09968105931218728
2025-03-03,20.376169,203.822938,0.06570771207655833,False,7159662.042729039,0.0,7159662.042729039,0,0.0
2025-03-04,20.515257,200.524854,0.06516741047050488,False,7159662.042729039,0.0,7159662.042729039,0,0.0
2025-03-05,21.806772,202.280529,0.06669800646971727,False,7159662.042729039,0.0,7159662.042729039,0,0.0
2025-03-06,19.104521,198.903064,0.07036579560811401,False,7159662.042729039,0.0,7159662.042729039,0,0.0
2025-03-07,20.743753,198.888176,0.07381618910831982,False,7159662.042729039,0.0,7159662.042729039,0,0.0
2025-03-10,17.872612,194.33531,0.07944387602778487,False,7159662.042729039,0.0,7159662.042729039,0,0.0
2025-03-11,17.296396,191.151287,0.07833740850758782,False,7159662.042729039,0.0,7159662.042729039,0,0.0
2025-03-12,18.18059,194.915584,0.07984675939195532,False,7159662.042729039,0.0,7159662.042729039,0,0.0
2025-03-13,17.97196,194.622972,0.0796559716924926,False,7159662.042729039,0.0,7159662.042729039,0,0.0
2025-03-14,19.670801,198.39719,0.0826688925499445,False,7159662.042729039,0.0,7159662.042729039,0,0.0
2025-03-17,20.654343,201.591152,0.08391275535834919,False,7159662.042729039,0.0,7159662.042729039,0,0.0
2025-03-18,19.799953,200.239879,0.08266295271240558,False,7159662.042729039,0.0,7159662.042729039,0,0.0
2025-03-19,20.247017,201.828965,0.08173088212535674,False,7159662.042729039,0.0,7159662.042729039,0,0.0
2025-03-20,19.799953,200.661997,0.08144548721288992,False,7159662.042729039,0.0,7159662.042729039,0,0.0
2025-03-21,19.154196,196.902807,0.07970269086074783,False,7159662.042729039,0.0,7159662.042729039,0,0.0
2025-03-24,20.862972,203.59683,0.081975758322275,False,7159662.042729039,0.0,7159662.042729039,0,0.0
2025-03-25,20.479294,203.239313,0.08104307926387616,False,7038980.204812997,120561.2766394024,7159541.4814524,1,0.016839245495222005
2025-03-26,18.725353,198.884222,0.08173417512804822,False,6922921.6821128,226178.43411013496,7149100.116222935,1,0.031637329234889947
2025-03-27,17.698895,193.878585,0.07171360272875268,False,6803943.222644976,332639.7276220067,7136582.950266983,1,0.046610503926050845
2025-03-28,15.974848,189.538407,0.07336872357121538,False,6674781.277152376,429270.2487257488,7104051.525878125,1,0.0604261170068987
2025-03-31,15.895123,183.946786,0.07057853382514889,False,6674781.277152376,427127.907804592,7101909.184956968,1,0.06014268792810254
2025-04-01,15.895123,184.800917,0.07049737449858628,False,6674781.277152376,427127.907804592,7101909.184956968,1,0.06014268792810254
2025-04-02,16.204056,187.090209,0.06879295758995406,False,6674781.277152376,435429.4419255797,7110210.719077956,1,0.061240019336873563
2025-04-03,11.370743,174.36756,0.09969229364866947,False,6570178.395504114,410048.8132788891,6980227.2087830035,1,0.05874433611028269
2025-04-04,8.699964,159.097438,0.10989054649259815,False,6570178.395504114,313735.8670202165,6883914.262524331,1,0.045575214195821424
2025-04-07,9.118518,158.278061,0.10871609862206998,False,6570178.395504114,328829.6538548263,6899008.049358941,1,0.047663323698452754
2025-04-08,8.221615,159.385459,0.10983202311328602,False,6570178.395504114,296485.768255066,6866664.16375918,1,0.04317755480453755
2025-04-09,12.726064,169.088824,0.1519828040926248,False,6687015.37442568,341970.11818702734,7028985.492612707,1,0.04865141897738011
2025-04-10,9.596867,167.867191,0.16304194491398882,False,6687015.37442568,257883.4855942248,6944898.8600199055,1,0.03713279211001867
2025-04-11,10.194802,167.613941,0.16200170473566697,False,6687015.37442568,273950.9753238191,6960966.3497495,1,0.039355308093635244
2025-04-14,10.433977,172.982068,0.16142268172769852,False,6687015.37442568,280377.9980872896,6967393.37251297,1,0.040241447998817965
2025-04-15,10.56353,173.746826,0.16173961844551418,False,6687015.37442568,283859.29872521537,6970874.673150896,1,0.04072075772908832
2025-04-16,9.307864,164.574816,0.16255987685024784,False,6687015.37442568,250117.50311398538,6937132.877539665,1,0.036054881393981955
2025-04-17,9.168346,165.64249,0.16260656545756533,False,6687015.37442568,246368.4266556855,6933383.801081366,1,0.03553364904121716
2025-04-21,8.680033,160.97453,0.16264084214584956,False,6687015.37442568,233246.65905163588,6920262.033477317,1,0.033704888329847436
2025-04-22,9.148416,165.185638,0.1614719233424697,False,6687015.37442568,245832.87501493722,6932848.249440618,1,0.03545914553008894
2025-04-23,10.254597,173.553174,0.1651370760867587,False,6687015.37442568,275557.7646042277,6962573.139029908,1,0.039577001074436256
2025-04-24,11.958713,178.821968,0.16977073988953761,False,6687015.37442568,321350.1439231125,7008365.518348793,1,0.0458523664443267
2025-04-25,12.297544,182.139202,0.16992997427586085,False,6687015.37442568,330455.08612012083,7017470.460545802,1,0.04709034230753553
2025-04-28,12.247715,181.851186,0.16878201932577105,False,6687015.37442568,329116.0995317191,7016131.4739574,1,0.046908485217721195
2025-04-29,11.819194,181.647559,0.16884176207463958,False,6687015.37442568,317601.0405931798,7004616.41501886,1,0.045341674943427245
2025-04-30,12.118162,179.343413,0.1690493912301925,False,6687015.37442568,325634.79889379337,7012650.173319474,1,0.046435340541114214
2025-05-01,12.058369,184.145424,0.16888869804005086,False,6687015.37442568,324028.06335665035,7011043.43778233,1,0.04621681012707346
2025-05-02,13.244274,188.555129,0.1501712523500893,False,6687015.37442568,355895.2669954649,7042910.641421145,1,0.050532412679262825
2025-05-05,13.0051,187.904604,0.13576571922112196,False,6687015.37442568,349468.27110362716,7036483.645529307,1,0.04966518629310891
2025-05-06,12.596511,184.989631,0.13608944261315764,False,6687015.37442568,338488.8175491016,7025504.191974782,1,0.048180003640985174
2025-05-07,13.234308,186.414836,0.13327740536220692,False,6687015.37442568,355627.464303458,7042642.8387291385,1,0.05049630833865087
2025-05-08,13.613002,191.44032,0.09134247532100048,False,6687015.37442568,365803.59039686114,7052818.964822542,1,0.05186629519648605
2025-05-09,14.061453,192.632146,0.06192575986726139,False,6687015.37442568,377854.20097614866,7064869.575401829,1,0.05348353525049434
2025-05-12,17.071062,205.776885,0.07284899554710053,False,6824764.799136539,320839.99672851834,7145604.795865057,1,0.044900327669139865
2025-05-13,18.536005,210.171689,0.07393077961677513,False,6949121.656178348,223891.3512368836,7173013.007415231,1,0.03121301341645859
2025-05-14,18.775179,213.488926,0.0739252481954633,True,6949121.656178348,226780.2687809138,7175901.924959262,1,0.031603033479613955
2025-05-15,18.40645,211.502539,0.0654965581312541,True,6408866.159821467,762042.2722865811,7170908.432108047,2,0.10626858221679479
2025-05-16,18.326727,210.67324,0.06511420659637894,False,6408866.159821467,758741.6740683748,7167607.833889841,2,0.10585702952118793
2025-05-19,17.997862,208.845791,0.0629477704252022,False,6515792.490321935,637783.9919607153,7153576.482282651,1,0.08915596185213405
2025-05-20,17.908171,209.079195,0.063486464984964,False,6515792.490321935,634605.6431088933,7150398.133430828,1,0.0887510920744218
2025-05-21,16.941509,208.691859,0.06348863292452422,False,6363191.250872521,752799.1678234652,7115990.418695986,1,0.10578979502918114
2025-05-22,16.453196,206.10959,0.0568093980984759,False,6206537.751609928,887597.8892495827,7094135.640859511,1,0.1251171297229444
2025-05-23,15.675879,200.418639,0.058500867457755665,False,6035077.526985623,1016953.0311343801,7052030.558120003,1,0.1442071220130233
2025-05-27,17.230513,206.333059,0.06115964363853246,False,6386892.210917593,765641.11541489,7152533.326332483,1,0.10704474631332873
2025-05-28,16.981373,207.678816,0.06038150666992091,False,6386892.210917593,754570.5322294408,7141462.743147034,1,0.10566050112822174
2025-05-29,17.140823,209.024569,0.060389213456882467,False,6386892.210917593,761655.7232422043,7148547.934159798,1,0.10654691417855412
2025-05-30,16.114365,203.100264,0.0627809618788365,False,6227591.005123795,875186.9309259932,7102777.936049788,1,0.12321755499126989
2025-06-02,16.841854,205.15117,0.0604169794320714,False,6393751.26990605,748370.9789844753,7142122.248890525,1,0.10478271764400687
2025-06-03,18.237036,208.989809,0.06178370342504022,False,6557693.8011951335,646259.5180256007,7203953.319220734,1,0.08970900967685724
2025-06-04,19.024319,214.109647,0.06091885775835571,True,7001618.062219499,229789.56292208156,7231407.625141581,1,0.03177660212697284
2025-06-05,18.745283,215.86262,0.06101316109766259,True,7001618.062219499,226419.16314695554,7228037.225366455,1,0.03132512410870661
2025-06-06,19.114008,217.228228,0.06096298133757262,True,7001618.062219499,230872.89190268362,7232490.954122182,1,0.0319216288505825
2025-06-09,20.509193,220.257437,0.06205376576456635,True,7128478.73415706,120737.29157479233,7249216.025731852,1,0.016655220529533492
2025-06-10,21.814684,223.996748,0.04783304308137345,True,7256773.007698552,0.0,7256773.007698552,1,0.0
2025-06-11,21.565544,225.486522,0.04512319630942212,True,7256773.007698552,0.0,7256773.007698552,1,0.0
2025-06-12,21.615374,224.756527,0.04512003201947519,True,7256773.007698552,0.0,7256773.007698552,1,0.0
2025-06-13,19.971052,220.922874,0.048778051604179744,True,6839314.191185601,417041.77473821276,7256355.965923814,1,0.05747261803261312
2025-06-16,21.824652,224.860714,0.0522507367902818,True,7294607.67354801,0.0,7294607.67354801,1,0.0
2025-06-17,21.346302,226.50306,0.05236808099888605,True,6527877.131006135,765964.577963911,7293841.708970046,2,0.10501524553541099
2025-06-18,21.53565,226.089995,0.05227128058624051,True,6527877.131006135,772758.9098771533,7300636.040883288,2,0.10584816248197176
2025-06-20,21.137024,224.572071,0.050490591891070566,True,6514960.238939829,770603.4855087601,7285563.72444859,1,0.10577129164663006
2025-06-23,21.505751,223.830546,0.0495996211647549,True,6514960.238939829,784046.357665275,7299006.596605104,2,0.10741822839699154
2025-06-24,23.943045,231.828226,0.05157603382738098,True,7386991.3884887155,0.0,7386991.3884887155,2,0.0
2025-06-25,24.572861,234.923771,0.0486364368435786,True,7386991.3884887155,0.0,7386991.3884887155,2,0.0
2025-06-26,25.192682,237.307623,0.04805360409514265,True,7386991.3884887155,0.0,7386991.3884887155,3,0.0
2025-06-27,25.102707,237.690838,0.048286803761172344,True,6530442.345726497,855693.3494128056,7386135.695139302,3,0.11585129013753752
2025-06-30,25.102707,237.755558,0.04468652856853967,True,6530442.345726497,855693.3494128056,7386135.695139302,3,0.11585129013753752
2025-07-01,24.702822,235.530927,0.04515280472173197,True,4719877.880614574,2650817.902022954,7370695.782637528,4,0.35964283158548516
2025-07-02,26.042433,238.945009,0.043638060272833214,True,7511652.596111642,0.0,7511652.596111642,4,0.0
2025-07-03,26.422323,242.319252,0.043259335671559165,True,7511652.596111642,0.0,7511652.596111642,4,0.0
2025-07-07,24.962748,238.825575,0.04580254688809672,True,5769239.752718581,1740672.1712218388,7509911.92394042,4,0.23178330037038772
2025-07-08,26.362341,241.627481,0.04667351617771147,True,7605668.384438676,0.0,7605668.384438676,4,0.0
2025-07-09,26.64226,243.070757,0.0448883040319836,True,7605668.384438676,0.0,7605668.384438676,4,0.0
2025-07-10,27.362051,244.75289,0.04355418949831757,True,7605668.384438676,0.0,7605668.384438676,4,0.0
2025-07-11,27.282074,244.424441,0.04335982681326811,True,7605668.384438676,0.0,7605668.384438676,4,0.0
2025-07-14,26.492304,241.418482,0.044291978274862004,True,5814715.55094413,1789163.669824721,7603879.220768851,4,0.23529617158277447
2025-07-15,27.282074,246.877986,0.039122390912399475,True,5814715.55094413,1842500.9632333075,7657216.514177438,4,0.2406228111510093
2025-07-16,27.02215,241.318921,0.03545088056511364,True,5814715.55094413,1824946.9378183975,7639662.488762528,4,0.23887795311674853
2025-07-17,27.312065,244.379645,0.034599972805720615,True,7657397.436651217,0.0,7657397.436651217,4,0.0
2025-07-18,27.322062,245.479522,0.03469657255788204,True,7657397.436651217,0.0,7657397.436651217,4,0.0
2025-07-21,27.492012,247.415472,0.03398095026711826,True,7657397.436651217,0.0,7657397.436651217,4,0.0
2025-07-22,26.312355,242.463581,0.03626237261275631,True,5896372.406160033,1759265.764726458,7655638.170886491,4,0.22980001476777503
2025-07-23,25.772512,239.611905,0.028701528615467112,True,4093104.7919124924,3524637.5644398564,7617742.356352349,4,0.4626879460553954
2025-07-24,25.61256,239.656684,0.028285738339864645,True,4093104.7919124924,3502762.598285712,7595867.390198205,4,0.4611405674098151
2025-07-25,25.592566,239.268495,0.027772663821503875,True,4093104.7919124924,3500028.2275164444,7593133.019428937,4,0.46094651819752713
2025-07-28,26.872192,243.817276,0.029738488150039915,True,5969558.855412992,1796696.9284488673,7766255.783861859,4,0.231346607483927
2025-07-29,27.02215,245.867704,0.029730977592948304,True,5969558.855412992,1806723.2440540974,7776282.099467089,4,0.23233766740251266
2025-07-30,27.601982,246.534587,0.029596669029646094,True,7813204.654096718,0.0,7813204.654096718,4,0.0
2025-07-31,24.972744,240.353419,0.03583787490866188,True,6150334.50727864,1661208.937880198,7811543.445158837,4,0.21266078202633865
2025-08-01,24.073006,234.874002,0.03641416205837823,True,4375816.417881853,3374102.917287123,7749919.335168976,4,0.4353726498772074
2025-08-04,24.992739,238.203465,0.035395577999221425,True,6214450.7760371175,1662539.0229006074,7876989.798937725,4,0.21106273657036018
2025-08-05,24.512878,238.05417,0.03319762314889289,True,4409156.489787011,3434109.04176218,7843265.531549191,4,0.4378417418036693
2025-08-06,23.983032,234.470879,0.033259114652661334,True,2609301.1137509802,5157938.073644243,7767239.187395223,4,0.6640632468245103
2025-08-07,24.992739,240.010044,0.03414355018040265,True,4481184.489317001,3501334.7261101804,7982519.215427181,4,0.4386252800172944
2025-08-08,25.702532,240.612198,0.0349117958963277,True,6370310.915108242,1709755.078759139,8080065.993867381,4,0.21160162306308034
2025-08-11,25.602562,243.095642,0.03435847848406859,True,6370310.915108242,1703104.9862614984,8073415.90136974,4,0.21095221738453343
2025-08-12,27.991867,245.399885,0.03943851249913063,True,8230492.531862308,0.0,8230492.531862308,4,0.0
2025-08-13,29.261499,251.396885,0.04048692150232208,True,8230492.531862308,0.0,8230492.531862308,4,0.0
2025-08-14,29.411455,251.381957,0.04045763923192241,True,8230492.531862308,0.0,8230492.531862308,4,0.0
2025-08-15,27.362051,248.784071,0.04388401362532422,True,6515925.246916774,1712854.4305150195,8228779.677431793,4,0.20815412462830726
2025-08-18,27.522005,247.256215,0.04388135725445926,True,6515925.246916774,1722867.4926783273,8238792.739595101,4,0.20911649887711561
2025-08-19,26.232378,246.230998,0.04410826530094982,True,4757776.1259515025,3398530.040247918,8156306.166199421,4,0.41667514325685556
2025-08-20,25.792505,239.751238,0.0440226637311932,True,2944017.8119317284,5153488.756822659,8097506.568754387,4,0.6364290924700544
2025-08-21,25.342638,241.433382,0.04418094992750131,True,1131538.9142996576,6874271.008629683,8005809.922929341,4,0.8586602823208641
2025-08-22,27.442028,246.066776,0.047673733931658496,True,6851689.2871737555,1717860.9615966734,8569550.248770429,4,0.20046104074635124
2025-08-25,27.29207,247.296032,0.04648931214081292,True,7278644.227893341,1281091.3223513532,8559735.550244695,3,0.1496648249039342
2025-08-26,27.931885,249.396244,0.046750778622731526,True,7278644.227893341,1311124.274941986,8589768.502835328,4,0.15263790572577218
2025-08-27,28.171816,249.077726,0.04655694164652756,True,7278644.227893341,1322386.6497659946,8601030.877659336,4,0.15374745987725902
2025-08-28,28.521713,251.436718,0.040035036084915696,True,8616116.251960143,0.0,8616116.251960143,4,0.0
2025-08-29,26.032438,245.409829,0.04473506259524014,True,6866123.549878779,1748244.4576237402,8614368.007502519,4,0.20294517904286655
2025-09-02,25.242666,239.422776,0.04464350628219985,True,4999498.265423308,3559966.74818711,8559465.013610419,4,0.41590995962088767
2025-09-03,24.902765,240.204118,0.04452571818688573,True,3100433.7044937937,5409197.990380138,8509631.694873933,4,0.6356559466185303
2025-09-04,25.64255,240.512682,0.04462495680151143,True,3100433.7044937937,5569888.722325501,8670322.426819295,4,0.6424084881891541
2025-09-05,26.442318,245.170955,0.044214705684192314,True,7064303.875789921,1775770.5171611072,8840074.392951028,4,0.2008773272968252
2025-09-08,27.072134,247.584701,0.04409195141732546,True,8880552.4927395,0.0,8880552.4927395,2,0.0
2025-09-09,27.172106,247.301005,0.0440657760079458,True,8880552.4927395,0.0,8880552.4927395,2,0.0
2025-09-10,28.591694,251.859746,0.040834379832348444,True,8880552.4927395,0.0,8880552.4927395,2,0.0
2025-09-11,29.161528,254.377988,0.03981874829513513,True,8880552.4927395,0.0,8880552.4927395,2,0.0
2025-09-12,29.291489,254.094323,0.03981438284109821,True,8880552.4927395,0.0,8880552.4927395,3,0.0
2025-09-15,29.991287,254.995111,0.03630217745767927,True,8880552.4927395,0.0,8880552.4927395,3,0.0
2025-09-16,30.471146,257.157149,0.036389629518960145,True,8880552.4927395,0.0,8880552.4927395,3,0.0
2025-09-17,30.461149,257.127259,0.03422683964916935,True,7214328.116303655,1664559.8166192267,8878887.932922881,4,0.18747390767790248
2025-09-18,33.63023,265.879881,0.03931276634096347,True,9050225.703495154,0.0,9050225.703495154,4,0.0
2025-09-19,33.01041,264.822543,0.039354984871321,True,6867070.846136918,2180973.8834747607,9048044.72961168,4,0.2410436672949961
2025-09-22,34.419998,267.934636,0.036827421797648474,True,9138901.083645215,0.0,9138901.083645215,4,0.0
2025-09-23,34.299999,269.33105,0.036782343266927885,True,9138901.083645215,0.0,9138901.083645215,4,0.0
2025-09-24,34.200001,267.001993,0.036806552207166686,True,9138901.083645215,0.0,9138901.083645215,4,0.0
2025-09-25,33.849998,264.6929,0.037088842947440956,True,6938908.294193921,2197794.9944568384,9136703.288650759,4,0.24054573351274852
2025-09-26,34.02,266.897278,0.037092182181931166,True,6938908.294193921,2208832.795541721,9147741.089735642,4,0.24146210237849586
2025-09-29,34.02,270.143974,0.02881352633771158,True,6938908.294193921,2208832.795541721,9147741.089735642,4,0.24146210237849586
2025-09-30,34.84,268.917134,0.026932010426648455,True,6938908.294193921,2262073.3273566593,9200981.62155058,4,0.24585130374115965
2025-10-01,36.860001,272.093958,0.02741177481491803,True,9329741.964783225,0.0,9329741.964783225,4,0.0
2025-10-02,39.080002,280.357816,0.02870171124901148,True,9329741.964783225,0.0,9329741.964783225,4,0.0
2025-10-03,38.23,280.691979,0.03015232059872855,True,7159785.630288754,2167788.5459485212,9327574.176237274,4,0.23240646549572688
2025-10-06,41.709999,289.688978,0.033844744307126404,True,9522538.432424264,0.0,9522538.432424264,4,0.0
2025-10-07,38.830002,285.773981,0.039628683073698094,True,7454820.567989092,2065652.2122229496,9520472.780212041,4,0.21696949930011178
2025-10-08,42.779999,285.938528,0.04284856677582375,True,9728326.270452676,0.0,9728326.270452676,4,0.0
2025-10-09,42.240002,288.801234,0.043474362720487394,True,7530290.42413005,2195840.0063163093,9726130.43044636,4,0.22576707376270871
2025-10-10,34.209999,280.826618,0.06728090880204195,True,5727068.347890316,3579822.191176903,9306890.539067218,4,0.3846421289849714
2025-10-13,39.139999,282.422568,0.07299431430176398,True,7786030.555269649,2034686.8272255375,9820717.382495187,4,0.20718311585386207
2025-10-14,36.630001,280.34785,0.0751229440003127,True,6491797.259729917,3197145.3224856006,9688942.582215518,4,0.3299787665533391
2025-10-15,39.98,284.20299,0.07707858557550362,True,7901572.368523334,2078354.1499956856,9979926.51851902,4,0.2082534521811394
2025-10-16,40.57,288.362365,0.07442319334153073,True,7901572.368523334,2109025.209237743,10010597.577761076,4,0.21067925194825762
2025-10-17,40.290001,285.94855,0.07423768986471592,True,7901572.368523334,2094469.5042941552,9996041.87281749,4,0.20952988502276118
2025-10-20,42.240002,292.003064,0.07437062874227149,True,7901572.368523334,2195840.0063163093,10097412.374839643,4,0.21746561641751128
2025-10-21,41.509998,290.217634,0.07457113853298872,True,7901572.368523334,2157890.860670651,10059463.229193985,4,0.2145135194100761
2025-10-22,38.389999,283.419975,0.07708687614086959,True,6649139.842981777,3246879.5367931635,9896019.379774941,4,0.32809955318286826
2025-10-23,41.169998,286.322566,0.07828384637613069,True,7989583.282555829,2140216.012971838,10129799.295527667,4,0.21127921200933852
2025-10-24,43.139999,296.072613,0.07870478171852546,True,7989583.282555829,2242626.211917452,10232209.49447328,4,0.21917321113575333
2025-10-27,46.84,301.937654,0.08018815375486532,True,10422118.507103406,0.0,10422118.507103406,4,0.0
2025-10-28,46.959999,303.39888,0.08021981994598208,True,10422118.507103406,0.0,10422118.507103406,4,0.0
2025-10-29,49.380001,309.089343,0.08006517196265205,True,10422118.507103406,0.0,10422118.507103406,4,0.0
2025-10-30,47.389999,307.463487,0.0802911471741315,True,9209959.659142382,1210947.9000609603,10420907.559203343,4,0.11620368889958128
2025-10-31,47.779999,307.004679,0.07994825435261643,True,9209959.659142382,1220913.4980982966,10430873.15724068,4,0.11704806296592621
2025-11-03,48.580002,308.650463,0.07795150009703608,True,9209959.659142382,1241355.8271410228,10451315.486283405,4,0.11877507944049842
2025-11-04,42.799999,299.384148,0.08177892620441946,True,8067620.484803498,2234858.453368677,10302478.938172175,4,0.21692434090675042
2025-11-05,46.830002,302.256821,0.08138440427292237,True,9315023.813292768,1196638.4000504105,10511662.213343179,4,0.11383912227805748
2025-11-06,43.009998,299.852955,0.08376564082902992,True,8717990.194006069,1694929.7698836685,10412919.963889737,3,0.162771804235642
2025-11-07,41.740002,288.282552,0.0679764460804585,True,7497543.43214486,2864109.5448957705,10361652.97704063,4,0.27641434732875825
2025-11-10,44.959999,300.182138,0.0633333660293492,True,9710893.005148638,869493.7047973846,10580386.709946023,4,0.08217976607414762
2025-11-11,41.810001,296.596287,0.06373500930307528,True,10089976.739091445,428254.4693763344,10518231.20846778,1,0.040715445485887874
2025-11-12,43.709999,298.830575,0.06154781451117729,True,10537244.928005312,0.0,10537244.928005312,2,0.0
2025-11-13,39.220001,291.045517,0.0664311568698359,True,9680109.757138688,856278.8919746496,10536388.649113338,2,0.08126872693204112
2025-11-14,38.860001,285.374982,0.06644265865129065,True,9680109.757138688,848419.1165220463,10528528.873660734,2,0.08058287408457795
2025-11-17,36.84,285.155551,0.06634176302626399,True,8410639.334020922,2072519.2422132674,10483158.57623419,3,0.19769988473815184
2025-11-18,34.349998,277.04134,0.06780781775240108,True,7153166.481547458,3188655.067569093,10341821.549116552,3,0.3083262510791905
2025-11-19,35.959999,280.263082,0.06685857986760996,True,8466947.50184143,2023012.75454587,10489960.256387299,3,0.19285228018991443
2025-11-20,30.809999,277.784389,0.0725285084131831,True,6941788.3181639835,3256923.1643093256,10198711.48247331,4,0.31934653410937386
2025-11-21,31.73,266.917208,0.07185927576597682,True,6941788.3181639835,3354176.4153752453,10295964.73353923,4,0.3257758259844243
2025-11-24,35.860001,278.12354,0.07520598437670785,True,8713386.38628704,2017387.1362184312,10730773.52250547,4,0.18800015972636075
2025-11-25,36.169998,277.839296,0.07528547399511622,True,8713386.38628704,2034826.7330568782,10748213.119343918,4,0.18931767638610855
2025-11-26,39.189999,289.604153,0.07689114247406417,True,10061137.280016067,855623.8670215134,10916761.14703758,4,0.07837708048175984
2025-11-28,41.259998,293.658823,0.07779919724865159,True,10961054.016503297,0.0,10961054.016503297,4,0.0
2025-12-01,41.310001,295.219818,0.07774340061019316,True,10961054.016503297,0.0,10961054.016503297,4,0.0
2025-12-02,43.799999,300.995037,0.07897659884936865,True,10961054.016503297,0.0,10961054.016503297,4,0.0
2025-12-03,46.580002,304.740495,0.07484286523882477,True,10961054.016503297,0.0,10961054.016503297,4,0.0
2025-12-04,45.16,305.648146,0.07239542804595381,True,9409688.55705385,1549815.6438056417,10959504.20085949,4,0.1414129339613829
2025-12-05,46.5,310.086785,0.06994617897968229,True,9409688.55705385,1595802.2018813628,11005490.758935211,4,0.14500054898376544
2025-12-08,47.990002,311.17899,0.06973038739611913,True,11054978.198108282,0.0,11054978.198108282,4,0.0
2025-12-09,47.790001,310.351136,0.0679265669818381,True,11054978.198108282,0.0,11054978.198108282,4,0.0
2025-12-10,49.650002,313.153933,0.06591759817624449,True,11054978.198108282,0.0,11054978.198108282,4,0.0
2025-12-11,48.790001,309.493319,0.06559851973726709,True,9273689.638980709,1779509.0500774942,11053198.689058203,4,0.16099493912464163
2025-12-12,41.709999,304.002346,0.0707137002576468,True,7716634.993930025,3076780.539180898,10793415.533110924,4,0.2850608808437208
2025-12-15,41.18,299.598621,0.0707508391371786,True,7716634.993930025,3037684.6233793814,10754319.617309406,4,0.2824618136223267
2025-12-16,40.490002,295.677342,0.06968568649333247,True,7716634.993930025,2986786.21845557,10703421.212385595,4,0.2790496757241856
2025-12-17,36.009998,290.987458,0.07307267613227558,True,6190221.917269786,4181202.3509905213,10371424.268260308,4,0.4031463994570412
2025-12-18,38.580002,293.579638,0.07397404566514114,True,7822306.405906974,2845893.123976343,10668199.529883318,4,0.26676414478418264
2025-12-19,41.720001,297.770058,0.06563651159838804,True,7822306.405906974,3077518.3468934535,10899824.752800427,4,0.2823456722185157
2025-12-22,43.259998,304.412801,0.06573224888335043,True,9433996.663940823,1577814.2317999606,11011810.895740783,4,0.1432838110587458
2025-12-23,43.700001,302.914437,0.06072954563701571,True,9433996.663940823,1593862.3831529652,11027859.047093788,4,0.14453053637578017
2025-12-24,44.209999,305.271869,0.06072991948328556,True,9433996.663940823,1612463.4497223515,11046460.113663174,4,0.14597105616919973
2025-12-26,44.209999,306.080982,0.05845903932742178,True,9433996.663940823,1612463.4497223515,11046460.113663174,4,0.14597105616919973
2025-12-29,43.82,303.843426,0.057539948315577454,True,9433996.663940823,1598239.0853895617,11032235.749330385,4,0.1448699177305533
2025-12-30,43.669998,305.756369,0.057556934950652186,True,9433996.663940823,1592768.0890571426,11026764.752997965,4,0.14444563974434113
2025-12-31,42.029999,303.284026,0.05668564349435894,True,7440199.961756472,3524757.593788301,10964957.555544773,4,0.32145656523822086
2026-01-02,47.240002,311.844689,0.06112797222289751,True,9676668.596079286,1722976.2115536528,11399644.807632938,4,0.15114297336702875
2026-01-05,49.220001,319.411446,0.061285628889474426,True,9676668.596079286,1795192.3637862464,11471860.959865533,4,0.15648658661979536
2026-01-06,54.009998,325.220081,0.06422907267645526,True,11644595.773523528,0.0,11644595.773523528,4,0.0
2026-01-07,52.290001,323.67678,0.06455813496855527,True,9844270.65018396,1798526.596742826,11642797.246926786,4,0.15447547170999323
2026-01-08,49.650002,319.945861,0.0657543656926859,True,8087466.306015434,3462772.5195363285,11550238.825551763,4,0.2998009454034739
2026-01-09,53.950001,325.534782,0.06779148587538333,True,9992606.738885293,1855622.6780871945,11848229.416972488,4,0.15661603204855493
2026-01-12,54.650002,328.09696,0.06762147122511676,True,11870426.412802294,0.0,11870426.412802294,4,0.0
2026-01-13,56.07,333.79077,0.05583048585376262,True,11870426.412802294,0.0,11870426.412802294,4,0.0
2026-01-14,55.380001,329.225729,0.055820007242449114,True,11870426.412802294,0.0,11870426.412802294,4,0.0
2026-01-15,58.080002,340.513415,0.05575470224385709,True,11870426.412802294,0.0,11870426.412802294,4,0.0
2026-01-16,60.75,342.441335,0.0459785016642762,True,11870426.412802294,0.0,11870426.412802294,4,0.0
2026-01-20,57.939999,339.204835,0.04760731140824439,True,9404353.448845275,2463609.3546024156,11867962.80344769,4,0.20758485642428265
2026-01-21,63.48,345.438005,0.048525000909085195,True,12100824.532808034,0.0,12100824.532808034,4,0.0
2026-01-22,63.720001,350.602411,0.04853080156038973,True,12100824.532808034,0.0,12100824.532808034,4,0.0
2026-01-23,61.599998,344.723849,0.0499461488689716,True,9731107.739923034,2367349.443441557,12098457.18336459,4,0.1956736638037343
2026-01-26,60.700001,342.940773,0.05044472248346566,True,7383255.71159806,4678268.181702118,12061523.89330018,4,0.3878670906833554
2026-01-27,64.959999,349.543572,0.05159010238146022,True,12384843.703477934,0.0,12384843.703477934,4,0.0
2026-01-28,70.089996,358.988268,0.0526367517659648,True,12384843.703477934,0.0,12384843.703477934,4,0.0
2026-01-29,70.470001,355.372172,0.05243566453038966,True,12384843.703477934,0.0,12384843.703477934,4,0.0
2026-01-30,61.790001,351.566335,0.06159183915258727,True,10297403.237554763,2085355.110812359,12382758.348367121,4,0.16840796308419834
2026-02-02,65.199997,348.624576,0.0578297391830653,True,12495642.105068805,0.0,12495642.105068805,4,0.0
2026-02-03,61.200001,347.226084,0.06012366833351504,True,10459155.995984688,2034451.6574266907,12493607.65341138,4,0.16283940666819194
2026-02-04,53.189999,333.995524,0.06573324626787076,True,8644413.734434629,3581107.1076409826,12225520.842075612,4,0.29292061695368987
2026-02-05,53.25,329.39555,0.06531112969560529,True,8644413.734434629,3585146.776969902,12229560.511404531,4,0.2931541794675791
2026-02-06,61.75,342.34143,0.07179361236054642,True,10746997.67842356,2052735.0946627953,12799732.773086354,4,0.16037327739990204
2026-02-09,64.029999,348.929217,0.07005979162307148,True,12873397.507289391,0.0,12873397.507289391,2,0.0
2026-02-10,63.34,351.196751,0.07018343666881646,True,12361662.056271609,511224.226790992,12872886.283062601,2,0.039713255873597766
2026-02-11,68.050003,356.45102,0.07155752488322326,True,12910352.00506594,0.0,12910352.00506594,2,0.0
2026-02-12,63.099998,357.824529,0.07393549105966356,True,11972108.874684628,937305.8245567549,12909414.699241383,2,0.07260637653942865
2026-02-13,64.589996,352.760044,0.07342327200368338,True,11972108.874684628,959438.6906144989,12931547.565299127,3,0.07419364819018903
2026-02-17,64.349998,350.827171,0.0728447944547827,True,11478954.738841096,1448535.1645016968,12927489.903342793,3,0.11205076742137964
2026-02-18,66.290001,357.245153,0.07208171126917712,True,12462661.109848049,507514.07371595065,12970175.183564,3,0.03912931525852327
2026-02-19,65.230003,353.659076,0.06939969954963923,True,11971642.153773732,989927.191436607,12961569.34521034,4,0.07637402270292314
2026-02-20,67.110001,356.67578,0.06966301346803316,True,12484920.32863146,504665.9781679983,12989586.306799458,4,0.038851582047984744
2026-02-23,65.860001,356.226252,0.06932954329510276,True,10428651.166132955,2549480.9486170304,12978132.114749985,4,0.19644436703795604
2026-02-24,68.529999,360.996055,0.06965151889560676,True,13078836.533308776,0.0,13078836.533308776,4,0.0
2026-02-25,71.860001,366.764796,0.0688448076803247,True,13078836.533308776,0.0,13078836.533308776,4,0.0
2026-02-26,65.339996,358.054298,0.07018228556977948,True,11151409.910456743,1925501.121730301,13076911.032187045,4,0.14724433904849096
2026-02-27,62.77,350.802199,0.07061506166360375,True,9153158.066703726,3846021.624437811,12999179.691141536,4,0.2958664866413635
2026-03-02,62.759998,347.455828,0.06412268374452912,True,9153158.066703726,3845408.7853699815,12998566.852073707,4,0.2958332890949828
2026-03-03,53.419998,334.734728,0.07226683689260266,True,7218317.789590868,5206038.921207583,12424356.71079845,4,0.4190187904604211
2026-03-04,56.619999,339.92904,0.07265149046466293,True,9264962.795616623,3469200.900583833,12734163.696200456,4,0.2724325667039252
2026-03-05,54.799999,336.777511,0.06566841999383168,True,7318956.76738333,5301748.459387471,12620705.2267708,4,0.4200833760178079
2026-03-06,47.889999,327.907186,0.0723956588958817,True,5378453.352555114,6571789.90566332,11950243.258218434,4,0.5499293833323236
2026-03-09,53.32,326.338915,0.06831441402099263,True,7534663.744688109,5158562.646224501,12693226.39091261,4,0.406402792115773
2026-03-10,54.59,340.563357,0.06794542017783214,True,7534663.744688109,5281431.636485287,12816095.381173395,4,0.4120936587475474
2026-03-11,56.09,342.551199,0.0683895980071496,True,7534663.744688109,5426552.491124011,12961216.23581212,4,0.4186761791791058
2026-03-12,50.279999,332.73191,0.06952391196952389,True,5622052.643194492,6775151.351835308,12397203.9950298,4,0.5465064021332192
2026-03-13,50.720001,333.730831,0.06821202354665255,True,5622052.643194492,6834440.934261717,12456493.57745621,4,0.5486649105355542
2026-03-16,53.689999,338.810281,0.06950014858206144,True,7660296.85877877,5194359.026954816,12854655.885733586,4,0.40408386448676886
2026-03-17,54.950001,338.814112,0.06987233173129544,True,7660296.85877877,5316260.738345817,12976557.597124588,4,0.40968189741814276
2026-03-18,54.02,340.70323,0.06932831624116462,True,7660296.85877877,5226285.711722572,12886582.570501342,4,0.40556025487207564
2026-03-19,54.849998,334.60611,0.06954263939454233,True,7660296.85877877,5306585.724461526,12966882.583240297,4,0.409241441834315
2026-03-20,51.139999,334.436205,0.07026045494357329,True,5703403.673509335,6902591.821091399,12605995.494600734,4,0.547564198642451
2026-03-23,53.029999,339.863604,0.07112001951626878,True,7728564.114192481,5130505.850913777,12859069.965106258,4,0.3989795424424679
2026-03-24,54.959999,338.259367,0.07097605292463006,True,7728564.114192481,5317228.017215602,13045792.131408084,4,0.40758184429554395
2026-03-25,57.040001,344.746286,0.07056552269755023,True,9750067.932165785,3494935.1171571505,13245003.049322935,4,0.2638682002671042
2026-03-26,48.970001,334.046363,0.07516369107281515,True,7973811.832323892,4774954.500089867,12748766.33241376,4,0.37454247537265917
2026-03-27,46.610001,325.900252,0.07535878332026755,True,6122852.990141518,6393945.948078001,12516798.93821952,4,0.5108291648397704
2026-03-30,40.619999,317.29434,0.08006169078558846,True,4432396.029529396,7261007.463922453,11693403.493451849,4,0.6209490220694532
2026-03-31,47.91,321.87714,0.08333227686049713,True,6422252.6815379085,6572279.420728119,12994532.102266029,4,0.5057726872352737
2026-04-01,52.259998,337.339819,0.08472271564035437,True,10385240.133311322,3202056.4346196707,13587296.567930993,4,0.23566545549445267
2026-04-02,52.75,332.552088,0.08449504242318219,True,10385240.133311322,3232079.666864657,13617319.80017598,4,0.23735064713857187
2026-04-06,54.810001,342.682267,0.07884418581353425,True,10385240.133311322,3358299.332188275,13743539.465499597,4,0.2443547632412024
2026-04-07,56.549999,343.042094,0.07549502360839067,True,10385240.133311322,3464911.884912165,13850152.018223487,4,0.25017139742243766
2026-04-08,67.5,366.465972,0.08491051366320919,True,12529775.818334844,1989154.1731468015,14518929.991481645,4,0.1370041851785119
2026-04-09,71.980003,374.946946,0.0856931681300762,True,14648829.80392327,0.0,14648829.80392327,4,0.0
2026-04-10,76.389999,385.951728,0.08126171740105821,True,14648829.80392327,0.0,14648829.80392327,4,0.0
2026-04-13,80.559998,388.785369,0.08151771328858047,True,14648829.80392327,0.0,14648829.80392327,4,0.0
2026-04-14,85.309998,397.286363,0.08152610953839551,True,14648829.80392327,0.0,14648829.80392327,4,0.0
2026-04-15,85.959999,397.051463,0.08160032447729143,True,14648829.80392327,0.0,14648829.80392327,4,0.0
2026-04-16,88.370003,402.543839,0.08107365504817367,True,14648829.80392327,0.0,14648829.80392327,4,0.0
2026-04-17,94.68,412.459153,0.08163519702750958,True,14648829.80392327,0.0,14648829.80392327,4,0.0
2026-04-20,95.940002,415.127872,0.07847230658468178,True,14648829.80392327,0.0,14648829.80392327,4,0.0
2026-04-21,98.089996,419.810661,0.07849010045559848,True,14648829.80392327,0.0,14648829.80392327,4,0.0
2026-04-22,105.639999,427.287111,0.07908626243940454,True,14648829.80392327,0.0,14648829.80392327,4,0.0
2026-04-23,112.769997,440.131005,0.07942022892331285,True,14648829.80392327,0.0,14648829.80392327,4,0.0
2026-04-24,128.320007,457.202896,0.068859182864445,True,14648829.80392327,0.0,14648829.80392327,4,0.0
2026-04-27,123.389999,455.748577,0.06813147113927275,True,12531292.255453074,2115422.126343851,14646714.381796926,4,0.1444298066584078
2026-04-28,109.559998,438.731672,0.06552259508424864,True,10546055.22126814,3861571.681447612,14407626.902715752,4,0.2680227429209545
2026-04-29,117.970001,446.178116,0.06000849047601034,True,12679411.284373568,2022500.627139208,14701911.911512777,4,0.1375671844119422
2026-04-30,126.980003,455.523686,0.059592343198938594,True,12679411.284373568,2176969.8527139835,14856381.137087552,4,0.1465343297688684
2026-05-01,130.399994,460.771195,0.05918175080138606,True,14912778.524696853,0.0,14912778.524696853,4,0.0
2026-05-04,127.550003,463.489909,0.06106619086659468,True,12400801.852749826,2509467.2047422845,14910269.05749211,4,0.16830462247636824
2026-05-05,144.160004,477.978024,0.06355513136970005,True,15234224.267261593,0.0,15234224.267261593,4,0.0
2026-05-06,165.850006,497.163918,0.06001782504428033,True,15234224.267261593,0.0,15234224.267261593,4,0.0
2026-05-07,152.100006,495.669612,0.06657842136523436,True,12818222.570983602,2413588.108169821,15231810.679153424,4,0.15845707112635718
2026-05-08,176.940002,511.36219,0.07118484442387112,True,15623174.626028609,0.0,15623174.626028609,4,0.0
2026-05-11,190.419998,527.449515,0.07149562811145052,True,15623174.626028609,0.0,15623174.626028609,2,0.0
2026-05-12,172.520004,510.187713,0.07806461626682408,True,13981074.907052444,1640459.259716448,15621534.166768892,3,0.105012685835053
2026-05-13,184.240005,523.84626,0.07806437232120851,True,15731225.480838902,0.0,15731225.480838902,3,0.0
2026-05-14,186.190002,527.419547,0.07827879790380382,True,15731225.480838902,0.0,15731225.480838902,3,0.0
2026-05-15,164.179993,512.281729,0.08587386653133906,True,13767363.793104678,1961899.787946278,15729263.581050957,4,0.12472928423106716
2026-05-18,151.75,503.201073,0.08908135581196695,True,11877853.18822651,3700988.224400866,15578841.412627377,4,0.23756504905435666
2026-05-19,151.889999,491.761484,0.08921744056241464,True,11877853.18822651,3704402.6207793034,15582255.809005814,4,0.23773211441172287
2026-05-20,173.199997,513.301245,0.09185578726905823,True,16097755.252239045,0.0,16097755.252239045,4,0.0
2026-05-21,178.389999,520.642804,0.0913707030370745,True,16097755.252239045,0.0,16097755.252239045,4,0.0
2026-05-22,190.559998,535.775611,0.0885527590558385,True,16097755.252239045,0.0,16097755.252239045,4,0.0
2026-05-26,225.789993,563.912229,0.09341332298452988,True,16097755.252239045,0.0,16097755.252239045,4,0.0
2026-05-27,217.979996,567.925306,0.08810757983691009,True,14279970.515642593,1815968.7678286228,16095939.283471216,4,0.11282154684153324
2026-05-28,224.630005,565.046711,0.08761559175902252,True,14279970.515642593,1871369.3039850658,16151339.819627658,4,0.11586464806535209
2026-05-29,224.339996,573.14284,0.08735315564710036,True,14279970.515642593,1868953.2690458356,16148923.784688428,4,0.11573237287910666
2026-06-01,227.029999,567.415528,0.08743120813288208,True,14279970.515642593,1891363.405402409,16171333.921045002,4,0.11695778558755948
2026-06-02,266.320007,593.403207,0.09133586167754865,True,16496436.22355526,0.0,16496436.22355526,4,0.0
2026-06-03,280.540009,608.136226,0.08919455105949604,True,16496436.22355526,0.0,16496436.22355526,4,0.0
2026-06-04,262.700012,594.117871,0.08808401724824735,True,14651856.082996584,1842737.40315552,16494593.486152105,4,0.1117176609840415
2026-06-05,182.539993,559.769222,0.12169142741211242,True,13266223.793831125,2664694.3955494985,15930918.189380623,4,0.16726558782567566
2026-06-08,211.440002,570.813924,0.12143055270560583,True,14868024.68343257,1483168.5664661406,16351193.24989871,4,0.09070705383995925
2026-06-09,201.679993,555.146413,0.12105379629957744,True,13476429.92623003,2804910.489432427,16281340.415662456,4,0.17227761460807836
2026-06-10,180.649994,555.681137,0.12158310525234449,True,12165680.799000114,3821870.6706518624,15987551.469651977,4,0.23905290800199427
2026-06-11,223.990005,571.133803,0.12997703587890222,True,15330092.706585115,1571201.9082301827,16901294.6148153,4,0.09296340570579144
2026-06-12,234.679993,590.329673,0.13023844949429486,True,15330092.706585115,1646187.9753297293,16976280.681914844,4,0.09696988440368123
2026-06-15,272.5,624.084991,0.1294969915979703,True,15330092.706585115,1911480.4698215208,17241573.176406637,4,0.1108646206621789
2026-06-16,226.190002,610.13501,0.13610870652805554,True,14192160.109183729,2723429.8246892923,16915589.93387302,4,0.1610011731979679
2026-06-17,233.860001,610.470001,0.13606314732600744,True,14192160.109183729,2815780.0782249775,17007940.187408708,4,0.16555679566121426
2026-06-18,279.290009,635.290009,0.1383981864641155,True,15594424.626385093,1959109.7160358783,17553534.342420973,4,0.11160770690500606
2026-06-22,300.769989,649.940002,0.13885178772961065,True,17702098.182062346,0.0,17702098.182062346,3,0.0
2026-06-23,231.419998,609.065002,0.15259517077628676,True,16676206.646575809,1024866.6688177234,17701073.315393534,4,0.05789856075712991
2026-06-24,229.570007,598.174988,0.14789415287954585,True,16676206.646575809,1016673.7981501126,17692880.44472592,4,0.057462310974535157
2026-06-25,252.610001,618.649994,0.1491052832089822,True,17793796.659970745,0.0,17793796.659970745,4,0.0
2026-06-26,215.600006,597.200012,0.1534879659887908,True,16720967.347608851,1071757.5548070893,17792724.90241594,4,0.06023571772649413
2026-06-29,236.520004,593.474976,0.15494167432144226,True,17895543.423682116,0.0,17895543.423682116,4,0.0
2026-06-30,266.709991,630.545013,0.15715612143207175,True,17895543.423682116,0.0,17895543.423682116,4,0.0
2026-07-01,217.550003,610.38501,0.15969450324039314,True,16920727.045858506,973842.5352883217,17894569.58114683,4,0.054421120936841774
2026-07-02,181.470001,581.509979,0.16339800733288926,True,15939030.933206249,1793049.1293423981,17732080.06254865,4,0.10111893940347354
2026-07-06,194.649994,589.23999,0.16429631440435025,True,15939030.933206249,1923276.5765411719,17862307.50974742,4,0.10767234723126586
2026-07-07,165.279999,547.089996,0.14709434727745013,True,14966552.181278529,2604587.955938792,17571140.13721732,4,0.14823101606378009
2026-07-08,174.820007,554.184998,0.14351439015606296,True,14966552.181278529,2754925.50486605,17721477.68614458,4,0.15545687293447152
2026-07-09,192.449997,587.065002,0.14510030035613056,True,16096632.05112657,1901539.0844837057,17998171.135610275,4,0.10565179484938979
2026-07-10,192.259995,576.22998,0.14286872299768152,True,16096632.05112657,1899661.7333028167,17996293.784429386,4,0.10555849754722427
2026-07-13,165.369995,558.455017,0.13762383794181485,True,14970074.833870884,2759401.7194545497,17729476.553325433,4,0.15563920971693787
2026-07-14,176.660004,570.454987,0.13815026526302276,True,14970074.833870884,2947789.402765886,17917864.23663677,4,0.16451678413426765
2026-07-15,165.550003,557.205017,0.13300823454478028,True,13702332.82025019,4028880.912370163,17731213.732620355,4,0.22721969139417547
2026-07-16,142.479996,535.48999,0.13092752068401603,True,12494630.170562102,4673937.5662597325,17168567.736821834,4,0.2722380595694903
2026-07-17,135.470001,515.865005,0.13036538391729682,True,11139945.161563965,5797312.197752214,16937257.359316178,4,0.3422816383293283
2026-07-20,136.809998,531.190002,0.12159621305791463,True,11139945.161563965,5854656.1181457145,16994601.27970968,4,0.34450094013889865
2026-07-21,158.539993,547.654999,0.1261017852490078,True,14063306.90124275,3858282.936092724,17921589.837335475,4,0.21528686746612663
2026-07-22,160.990005,549.949982,0.1141516548662212,True,14063306.90124275,3917907.25746394,17981214.15870669,4,0.2178889157808539
2026-07-23,157.5,550.940002,0.11412910655553228,True,14063306.90124275,3832973.3144027833,17896280.215645533,4,0.21417709536375434
2026-07-24,136.809998,535.105011,0.1138939572721791,True,12649664.946826927,4741684.146770486,17391349.093597412,4,0.2726461369530054
