date,close,ref_close,vol,bull,halted,interest,cash,invested,equity,n_active,exposure
2003-05-14,42.062077,11.529377,0.005295664986632498,True,False,2.7301587301587302,100002.73015873016,0.0,100002.73015873016,0,0.0
2003-05-15,42.193645,11.657937,0.005291216508722528,True,False,-3.972903840125553e-16,-1.4552312518750864e-11,99902.82733139877,99902.82733139876,1,1.0000000000000002
2003-05-16,42.501972,11.507495,0.005356423055244433,True,False,-3.973012306706585e-16,-1.4552709819981534e-11,100632.85999491028,100632.85999491026,1,1.0000000000000002
2003-05-19,42.356899,10.985044,0.005432269613254188,True,False,-3.973120776248927e-16,-1.455310713205916e-11,100289.36744124613,100289.36744124611,1,1.0000000000000002
2003-05-20,42.982704,10.995988,0.005900788568969345,True,False,-3.97322924875266e-16,-1.4553504454984034e-11,101771.09979355003,101771.09979355002,1,1.0000000000000002
2003-05-21,42.978172,11.042491,0.005959927662141219,True,False,-3.973337724217863e-16,-1.4553901788756455e-11,101760.36927682256,101760.36927682254,1,1.0000000000000002
2003-05-22,43.359108,11.165583,0.005954760299937753,True,False,-3.97344620264462e-16,-1.455429913337672e-11,102662.31987702109,102662.31987702107,1,1.0000000000000002
2003-05-23,43.467987,11.242167,0.005951056552557287,True,False,-3.973554684033009e-16,-1.455469648884512e-11,102920.11509563791,102920.1150956379,1,1.0000000000000002
2003-05-27,42.683456,11.830261,0.0076844814081532134,True,False,-3.973663168383112e-16,-1.455509385516196e-11,101062.56367932558,101062.56367932557,1,1.0000000000000002
2003-05-28,42.610863,11.876762,0.007684857898250723,True,False,-3.9737716556950105e-16,-1.4555491232327528e-11,100890.68362619274,100890.68362619272,1,1.0000000000000002
2003-05-29,42.982704,12.243299,0.007664227287284925,True,False,-3.9738801459687857e-16,-1.4555888620342123e-11,101771.09979355003,101771.09979355002,1,1.0000000000000002
2003-05-30,42.901077,12.418355,0.007726331338966192,True,False,-3.9739886392045166e-16,-1.4556286019206043e-11,101577.82973862637,101577.82973862636,1,1.0000000000000002
2003-06-02,42.585972,12.166705,0.007688174274671445,True,False,-3.9740971354022846e-16,-1.4556683428919582e-11,100831.7486544664,100831.74865446638,1,1.0000000000000002
2003-06-03,42.927502,12.328091,0.007752396624564208,True,False,-3.9742056345621716e-16,-1.4557080849483037e-11,101640.39679611173,101640.39679611172,1,1.0000000000000002
2003-06-04,43.054993,12.782154,0.007741592940216004,True,False,-3.9743141366842584e-16,-1.4557478280896704e-11,101942.26005915306,101942.26005915305,1,1.0000000000000002
2003-06-05,42.718029,12.924391,0.007840083696720273,True,False,-3.974422641768624e-16,-1.455787572316088e-11,101144.4229367879,101144.42293678789,1,1.0000000000000002
2003-06-06,42.872856,12.7083,0.007846974753124765,True,False,-3.9745311498153514e-16,-1.4558273176275863e-11,101511.0102521819,101511.01025218189,1,1.0000000000000002
2003-06-09,43.159729,12.363648,0.00790393031284531,True,False,-3.974639660824522e-16,-1.4558670640241947e-11,102190.24580495391,102190.2458049539,1,1.0000000000000002
2003-06-10,43.674385,12.473063,0.00814018480735426,True,False,-3.974748174796214e-16,-1.4559068115059425e-11,103408.80820938872,103408.8082093887,1,1.0000000000000002
2003-06-11,43.61972,12.473063,0.008188919129991418,True,False,-3.97485669173051e-16,-1.45594656007286e-11,103279.37667873828,103279.37667873826,1,1.0000000000000002
2003-06-12,43.961319,12.308944,0.007742976138682616,True,False,-3.9749652116274906e-16,-1.455986309724976e-11,104088.18819321111,104088.1881932111,1,1.0000000000000002
2003-06-13,44.257309,11.91232,0.007806574254431165,True,False,-3.9750737344872367e-16,-1.456026060462321e-11,104789.01026871135,104789.01026871134,1,1.0000000000000002
2003-06-16,43.838299,12.120207,0.008148230054340025,True,False,-3.975182260309829e-16,-1.456065812284924e-11,103796.91101584685,103796.91101584684,1,1.0000000000000002
2003-06-17,43.492191,12.194059,0.008352606575263755,True,False,-3.9752907890953483e-16,-1.456105565192815e-11,102977.42344225572,102977.4234422557,1,1.0000000000000002
2003-06-18,42.936596,12.453918,0.008305581918301792,True,False,-3.975399320843876e-16,-1.4561453191860237e-11,101661.92886123083,101661.92886123082,1,1.0000000000000002
2003-06-19,42.854649,12.336295,0.008315973716850753,True,False,-3.9755078555554935e-16,-1.4561850742645792e-11,101467.90113522313,101467.90113522312,1,1.0000000000000002
2003-06-20,42.695221,12.158501,0.008073622821262281,True,False,-3.97561639323028e-16,-1.4562248304285114e-11,101090.41993027412,101090.4199302741,1,1.0000000000000002
2003-06-23,42.95031,11.832997,0.008183441868390281,True,False,-3.9757249338683168e-16,-1.4562645876778502e-11,101694.3998026255,101694.39980262548,1,1.0000000000000002
2003-06-24,43.346512,11.734528,0.007328000251255727,True,False,-3.975833477469686e-16,-1.4563043460126248e-11,102632.49604897622,102632.4960489762,1,1.0000000000000002
2003-06-25,42.654255,11.80291,0.00823474091705381,True,False,-3.975942024034468e-16,-1.4563441054328652e-11,100993.42382518631,100993.4238251863,1,1.0000000000000002
2003-06-26,42.080463,12.084651,0.008503534152885114,True,False,-3.9760505735627434e-16,-1.456383865938601e-11,99634.84380442399,99634.84380442397,1,1.0000000000000002
2003-06-27,41.930153,12.005322,0.008520513205335862,True,False,-3.9761591260545935e-16,-1.4564236275298615e-11,99278.95148992537,99278.95148992536,1,1.0000000000000002
2003-06-30,42.125977,11.926001,0.008482337462794911,True,False,-3.9762676815100983e-16,-1.4564633902066765e-11,99742.60830979349,99742.60830979348,1,1.0000000000000002
2003-07-01,41.917038,12.147559,0.00828916827512157,True,False,-3.976376239929339e-16,-1.4565031539690758e-11,99247.89881409111,99247.8988140911,1,1.0000000000000002
2003-07-02,42.022209,12.552388,0.008277667123262047,True,False,-3.9764848013123977e-16,-1.456542918817089e-11,99496.9145190218,99496.91451902178,1,1.0000000000000002
2003-07-03,41.418751,12.415621,0.00867888793345486,True,False,-3.976593365659354e-16,-1.4565826847507457e-11,98068.09365332624,98068.09365332623,1,1.0000000000000002
2003-07-07,41.153553,13.1651,0.008654947898725243,True,False,-3.97670193297029e-16,-1.4566224517700753e-11,97440.17847788615,97440.17847788613,1,1.0000000000000002
2003-07-08,41.190163,13.321015,0.008442511112739245,True,False,-3.9768105032452854e-16,-1.4566622198751076e-11,97526.8607853427,97526.86078534268,1,1.0000000000000002
2003-07-09,41.322746,13.455042,0.00788057565417468,True,False,-3.9769190764844214e-16,-1.4567019890658723e-11,97840.78048950854,97840.78048950853,1,1.0000000000000002
2003-07-10,41.309032,13.006449,0.007892568333579614,True,False,-3.977027652687779e-16,-1.4567417593423992e-11,97808.30954811387,97808.30954811386,1,1.0000000000000002
2003-07-11,41.505604,13.129539,0.007705632109568142,True,False,-3.9771362318554394e-16,-1.4567815307047178e-11,98273.73742414087,98273.73742414085,1,1.0000000000000002
2003-07-14,41.030151,13.471461,0.007589640926953555,True,False,-3.9772448139874837e-16,-1.4568213031528577e-11,97147.99683066535,97147.99683066533,1,1.0000000000000002
2003-07-15,40.070087,13.493338,0.00872771976719387,True,False,-3.9773533990839933e-16,-1.4568610766868486e-11,94874.83204437842,94874.8320443784,1,1.0000000000000002
2003-07-16,40.298679,13.471461,0.00897341341440843,True,False,-3.977461987145047e-16,-1.4569008513067202e-11,95416.07438325051,95416.0743832505,1,1.0000000000000002
2003-07-17,40.175285,12.88883,0.008717484346393557,True,False,-3.9775705781707285e-16,-1.456940627012502e-11,95123.91167780683,95123.91167780681,1,1.0000000000000002
2003-07-18,40.092983,12.924391,0.008716343684338131,True,False,-3.9776791721611167e-16,-1.4569804038042235e-11,94929.04341044028,94929.04341044027,1,1.0000000000000002
2003-07-21,39.242672,12.689151,0.009612233988269884,True,False,-3.977787769116293e-16,-1.4570201816819145e-11,92915.7432319184,92915.74323191839,1,1.0000000000000002
2003-07-22,39.434654,13.110393,0.009555108779020887,True,False,-3.977896369036338e-16,-1.457059960645605e-11,93370.30326333396,93370.30326333395,1,1.0000000000000002
2003-07-23,39.567257,13.359307,0.009205862079603689,True,False,-3.978004971921334e-16,-1.457099740695324e-11,93684.27032194255,93684.27032194253,1,1.0000000000000002
2003-07-24,39.219818,12.995512,0.008863201477237527,True,False,-3.978113577771361e-16,-1.4571395218311018e-11,92861.6313101863,92861.63131018629,1,1.0000000000000002
2003-07-25,39.114647,13.260837,0.008588884638854904,True,False,-3.9782221865865e-16,-1.4571793040529678e-11,92612.6156052556,92612.61560525559,1,1.0000000000000002
2003-07-28,38.588959,13.419486,0.008868027236556804,True,False,-3.9783307983668325e-16,-1.4572190873609516e-11,91367.9324901991,91367.93249019909,1,1.0000000000000002
2003-07-29,38.06319,13.102188,0.008859098365414167,True,False,-3.978439413112439e-16,-1.4572588717550827e-11,90123.05758964946,90123.05758964944,1,1.0000000000000002
2003-07-30,38.492889,13.020125,0.00957970042609325,True,False,-3.978548030823401e-16,-1.4572986572353908e-11,91140.46542444246,91140.46542444245,1,1.0000000000000002
2003-07-31,37.921455,13.211599,0.009725171660391788,True,False,-3.978656651499797e-16,-1.457338443801906e-11,89787.46849248055,89787.46849248053,1,1.0000000000000002
2003-08-01,37.893009,13.375718,0.009513852853253554,True,False,-3.978765275141712e-16,-1.4573782314546572e-11,89720.11626855514,89720.11626855512,1,1.0000000000000002
2003-08-04,38.21904,13.424954,0.009931401223097474,True,False,-3.978873901749223e-16,-1.4574180201936747e-11,90492.06708479022,90492.06708479021,1,1.0000000000000002
2003-08-05,37.672539,12.992771,0.01014590106263233,True,False,-3.978982531322414e-16,-1.457457810018988e-11,89198.1045688844,89198.10456888439,1,1.0000000000000002
2003-08-06,38.416553,12.883356,0.011379887778965215,True,False,-3.9790911638613644e-16,-1.4574976009306268e-11,90959.72298734868,90959.72298734866,1,1.0000000000000002
2003-08-07,38.577236,12.773949,0.01149299612577741,True,False,-3.979199799366156e-16,-1.4575373929286205e-11,91340.17568358034,91340.17568358032,1,1.0000000000000002
2003-08-08,38.421143,12.442976,0.011331135797222518,True,False,-3.9793084378368686e-16,-1.457577186012999e-11,90970.59083196014,90970.59083196013,1,1.0000000000000002
2003-08-11,38.228222,12.670006,0.011192314301448158,True,False,-3.979417079273585e-16,-1.4576169801837917e-11,90513.80750945742,90513.8075094574,1,1.0000000000000002
2003-08-12,38.049145,12.910715,0.010150915412961694,True,False,-3.9795257236763843e-16,-1.4576567754410285e-11,90089.80293222725,90089.80293222723,1,1.0000000000000002
2003-08-13,37.314331,13.148687,0.010621796319558013,True,False,-3.979634371045348e-16,-1.457696571784739e-11,88349.96755742864,88349.96755742862,1,1.0000000000000002
2003-08-14,37.681725,13.299128,0.011052330617880116,True,False,-3.979743021380558e-16,-1.457736369214953e-11,89219.85446444016,89219.85446444014,1,1.0000000000000002
2003-08-15,37.658787,13.334682,0.01106494258724203,True,False,-3.9798516746820937e-16,-1.4577761677316998e-11,89165.5436540485,89165.54365404848,1,1.0000000000000002
2003-08-18,37.833248,13.950134,0.010304128656176857,True,False,-3.979960330950038e-16,-1.4578159673350093e-11,89578.61882589162,89578.61882589161,1,1.0000000000000002
2003-08-19,38.416553,14.223668,0.010906992822066204,True,False,-3.98006899018447e-16,-1.4578557680249112e-11,90959.72298734868,90959.72298734866,1,1.0000000000000002
2003-08-20,38.209881,14.086904,0.010885521678212579,True,False,-3.9801776523854716e-16,-1.457895569801435e-11,90470.38111773219,90470.38111773218,1,1.0000000000000002
2003-08-21,38.118023,14.551906,0.010759895989318414,True,False,-3.980286317553125e-16,-1.4579353726646106e-11,90252.886897619,90252.88689761898,1,1.0000000000000002
2003-08-22,38.28796,14.825437,0.01083389233624271,True,False,-3.980394985687508e-16,-1.4579751766144675e-11,90655.25049451175,90655.25049451174,1,1.0000000000000002
2003-08-25,37.989414,14.644908,0.010560206865394309,True,False,-3.9805036567887053e-16,-1.4580149816510356e-11,89948.37652122785,89948.37652122784,1,1.0000000000000002
2003-08-26,38.28796,14.702352,0.010266056830299228,True,False,-3.9806123308567955e-16,-1.458054787774344e-11,90655.25049451175,90655.25049451174,1,1.0000000000000002
2003-08-27,38.1134,15.148211,0.00998454861311805,True,False,-3.9807210078918606e-16,-1.458094594984423e-11,90241.940918177,90241.94091817699,1,1.0000000000000002
2003-08-28,38.5084,15.279503,0.009651439012130928,True,False,-3.9808296878939804e-16,-1.4581344032813017e-11,91177.19116251836,91177.19116251834,1,1.0000000000000002
2003-08-29,38.416553,15.3725,0.009671922419676333,True,False,-3.9809383708632363e-16,-1.4581742126650102e-11,90959.72298734868,90959.72298734866,1,1.0000000000000002
2003-09-02,37.854679,15.399852,0.010067904585575426,True,False,-3.9810470567997107e-16,-1.458214023135578e-11,89629.36147902196,89629.36147902194,1,1.0000000000000002
2003-09-03,37.91465,15.098969,0.009524219022525716,True,False,-3.9811557457034834e-16,-1.4582538346930352e-11,89771.35614333436,89771.35614333434,1,1.0000000000000002
2003-09-04,38.126823,15.320529,0.008495681459787562,True,False,-3.981264437574636e-16,-1.4582936473374108e-11,90273.72285242965,90273.72285242964,1,1.0000000000000002
2003-09-05,38.781898,15.522948,0.009306503504062967,True,False,-3.9813731324132483e-16,-1.458333461068735e-11,91824.7584317003,91824.75843170029,1,1.0000000000000002
2003-09-08,38.380569,16.048128,0.009566173715855247,True,False,-3.9814818302194035e-16,-1.4583732758870372e-11,90874.52287395026,90874.52287395025,1,1.0000000000000002
2003-09-09,38.657322,15.864861,0.009621332597603168,True,False,-3.9815905309931806e-16,-1.4584130917923472e-11,91529.79707869001,91529.79707869,1,1.0000000000000002
2003-09-10,39.049454,14.948525,0.009763533280443938,True,False,-3.981699234734662e-16,-1.4584529087846946e-11,92458.2566959408,92458.25669594078,1,1.0000000000000002
2003-09-11,38.795719,15.159147,0.008679350728750996,True,False,-3.9818079414439283e-16,-1.458492726864109e-11,91857.4827193637,91857.48271936369,1,1.0000000000000002
2003-09-12,39.063286,15.238471,0.00856398185348701,True,False,-3.9819166511210597e-16,-1.45853254603062e-11,92491.00702854771,92491.0070285477,1,1.0000000000000002
2003-09-15,39.003319,14.998838,0.008580208839539725,True,False,-3.982025363766138e-16,-1.4585723662842577e-11,92349.02183512387,92349.02183512386,1,1.0000000000000002
2003-09-16,38.943336,15.57878,0.00858242109824613,True,False,-3.982134079379243e-16,-1.4586121876250516e-11,92206.99875814584,92206.99875814583,1,1.0000000000000002
2003-09-17,39.427727,15.483024,0.00835490076129242,True,False,-3.982242797960459e-16,-1.4586520100530312e-11,93353.90205208698,93353.90205208697,1,1.0000000000000002
2003-09-18,39.455387,15.581504,0.008207768456690197,True,False,-3.982351519509863e-16,-1.4586918335682264e-11,93419.39324641226,93419.39324641225,1,1.0000000000000002
2003-09-19,39.501537,15.52133,0.008154576896423212,True,False,-3.9824602440275384e-16,-1.4587316581706668e-11,93528.66362306125,93528.66362306123,1,1.0000000000000002
2003-09-22,39.187836,15.160242,0.008409896483137246,True,False,-3.9825689715135666e-16,-1.458771483860382e-11,92785.90682078245,92785.90682078243,1,1.0000000000000002
2003-09-23,39.455387,15.384545,0.00822103989425203,True,False,-3.9826777019680267e-16,-1.4588113106374016e-11,93419.39324641226,93419.39324641225,1,1.0000000000000002
2003-09-24,39.796722,14.700666,0.00825272204566131,True,False,-3.9827864353910014e-16,-1.4588511385017554e-11,94227.57968224076,94227.57968224074,1,1.0000000000000002
2003-09-25,39.995148,14.703407,0.008132002423950558,True,False,-3.9828951717825706e-16,-1.4588909674534733e-11,94697.39731511082,94697.39731511081,1,1.0000000000000002
2003-09-26,40.354954,14.432588,0.008068130539442322,True,False,-3.983003911142816e-16,-1.4589307974925848e-11,95549.31794654243,95549.31794654242,1,1.0000000000000002
2003-09-29,40.032028,14.676058,0.008336666576270236,True,False,-3.9831126534718195e-16,-1.4589706286191195e-11,94784.7189075445,94784.71890754449,1,1.0000000000000002
2003-09-30,40.696339,14.334108,0.007937776145630935,True,False,-3.9832213987696604e-16,-1.4590104608331073e-11,96357.62276847783,96357.62276847781,1,1.0000000000000002
2003-10-01,40.542053,14.547476,0.008099978275857823,True,False,-3.98333014703642e-16,-1.4590502941345777e-11,95992.31639076023,95992.31639076021,1,1.0000000000000002
2003-10-02,40.356773,14.738968,0.008269607568461386,True,False,-3.9834388982721803e-16,-1.4590901285235603e-11,95553.62483311068,95553.62483311066,1,1.0000000000000002
2003-10-03,39.509052,15.346246,0.009188416336603528,True,False,-3.983547652477022e-16,-1.459129964000085e-11,93546.45705492511,93546.4570549251,1,1.0000000000000002
2003-10-06,39.680443,15.461144,0.00881514309119938,True,False,-3.983656409651026e-16,-1.4591698005641817e-11,93952.26331980589,93952.26331980588,1,1.0000000000000002
2003-10-07,39.221848,15.78394,0.009190652729420417,True,False,-3.9837651697942735e-16,-1.4592096382158797e-11,92866.43778612558,92866.43778612556,1,1.0000000000000002
2003-10-08,39.212563,15.696395,0.008922850442089637,True,False,-3.983873932906846e-16,-1.4592494769552086e-11,92844.45348607822,92844.4534860782,1,1.0000000000000002
2003-10-09,38.934635,15.805818,0.008947375256617348,True,False,-3.983982698988824e-16,-1.4592893167821984e-11,92186.39720782681,92186.3972078268,1,1.0000000000000002
2003-10-10,39.166229,16.002769,0.008912675763349922,True,False,-3.9840914680402875e-16,-1.459329157696879e-11,92734.7474485559,92734.74744855589,1,1.0000000000000002
2003-10-13,39.013393,16.1122,0.008951770958446603,True,False,-3.98420024006132e-16,-1.4593689996992797e-11,92372.87426793779,92372.87426793778,1,1.0000000000000002
2003-10-14,38.744686,16.248972,0.009080470715685643,True,False,-3.9843090150520013e-16,-1.45940884278943e-11,91736.65075551695,91736.65075551694,1,1.0000000000000002
2003-10-15,38.554794,16.281796,0.008627428233693077,True,False,-3.984417793012412e-16,-1.45944868696736e-11,91287.03926336892,91287.0392633689,1,1.0000000000000002
2003-10-16,38.401924,16.432249,0.008638812429433245,True,False,-3.9845265739426336e-16,-1.4594885322330995e-11,90925.08558019812,90925.08558019811,1,1.0000000000000002
2003-10-17,38.698387,16.010986,0.008859279856294772,True,False,-3.984635357842748e-16,-1.459528378586678e-11,91627.02758826944,91627.02758826943,1,1.0000000000000002
2003-10-20,38.828102,16.188789,0.008753110177549013,True,False,-3.984744144712835e-16,-1.459568226028125e-11,91934.15666534474,91934.15666534472,1,1.0000000000000002
2003-10-21,38.971676,16.618263,0.008644107747155468,True,False,-3.984852934552977e-16,-1.4596080745574707e-11,92274.10000352465,92274.10000352464,1,1.0000000000000002
2003-10-22,39.351543,16.22982,0.008708323544003043,True,False,-3.9849617273632534e-16,-1.4596479241747444e-11,93173.51950875812,93173.51950875811,1,1.0000000000000002
2003-10-23,39.064327,15.865994,0.00873103992097622,True,False,-3.9850705231437465e-16,-1.4596877748799757e-11,92493.47182729293,92493.47182729292,1,1.0000000000000002
2003-10-24,39.499779,15.844111,0.00887294268235006,True,False,-3.985179321894537e-16,-1.4597276266731947e-11,93524.50116754339,93524.50116754338,1,1.0000000000000002
2003-10-27,39.421047,15.994572,0.008725025258400182,True,False,-3.9852881236157065e-16,-1.459767479554431e-11,93338.085668208,93338.08566820799,1,1.0000000000000002
2003-10-28,39.629456,16.908228,0.007880232103849973,True,False,-3.985396928307335e-16,-1.459807333523714e-11,93831.54027117745,93831.54027117744,1,1.0000000000000002
2003-10-29,39.272778,17.096981,0.008052050316191411,True,False,-3.985505735969505e-16,-1.4598471885810738e-11,92987.02587459217,92987.02587459216,1,1.0000000000000002
2003-10-30,39.096783,17.233757,0.008050332876704239,True,False,-3.985614546602297e-16,-1.4598870447265398e-11,92570.31861699001,92570.31861699,1,1.0000000000000002
2003-10-31,39.462715,17.042274,0.006949770211611872,True,False,-3.985723360205792e-16,-1.459926901960142e-11,93436.7439142364,93436.74391423639,1,1.0000000000000002
2003-11-03,39.275715,17.616734,0.006944611757568903,True,False,-3.9858321767800703e-16,-1.4599667602819098e-11,92993.97987451023,92993.97987451022,1,1.0000000000000002
2003-11-04,39.498989,17.693325,0.006553850613290915,True,False,-3.985940996325214e-16,-1.4600066196918732e-11,93522.63066705472,93522.6306670547,1,1.0000000000000002
2003-11-05,39.229233,17.805483,0.006749197976646223,True,False,-3.9860498188413047e-16,-1.4600464801900616e-11,92883.92341411156,92883.92341411154,1,1.0000000000000002
2003-11-06,38.861778,17.991488,0.006895033592919388,True,False,-3.986158644328422e-16,-1.460086341776505e-11,92013.89207604965,92013.89207604964,1,1.0000000000000002
2003-11-07,38.83849,18.027056,0.006747786051557479,True,False,-3.986267472786649e-16,-1.460126204451233e-11,91958.75256290985,91958.75256290984,1,1.0000000000000002
2003-11-10,38.805954,17.501844,0.006698956900586823,True,False,-3.9863763042160645e-16,-1.460166068214275e-11,91881.71635544176,91881.71635544175,1,1.0000000000000002
2003-11-11,38.8106,17.447128,0.006513824140476368,True,False,-3.9864851386167505e-16,-1.4602059330656612e-11,91892.71679249294,91892.71679249292,1,1.0000000000000002
2003-11-12,39.094307,18.087238,0.006591727885383131,True,False,-3.9865939759887895e-16,-1.460245799005421e-11,92564.45613697737,92564.45613697736,1,1.0000000000000002
2003-11-13,39.698997,17.849253,0.00725425182387762,True,False,-3.986702816332261e-16,-1.4602856660335844e-11,93996.19403634642,93996.19403634641,1,1.0000000000000002
2003-11-14,39.964138,17.351391,0.007212592351823955,True,False,-3.986811659647246e-16,-1.4603255341501808e-11,94623.97425162468,94623.97425162466,1,1.0000000000000002
2003-11-17,40.02457,17.094242,0.0072009938617020736,True,False,-3.9869205059338275e-16,-1.4603654033552403e-11,94767.06043584249,94767.06043584248,1,1.0000000000000002
2003-11-18,40.271122,16.837101,0.007260514325843238,True,False,-3.9870293551920854e-16,-1.4604052736487922e-11,95350.82706430541,95350.8270643054,1,1.0000000000000002
2003-11-19,39.824589,17.140755,0.007534031283784791,True,False,-3.9871382074220997e-16,-1.4604451450308664e-11,94293.56099504851,94293.5609950485,1,1.0000000000000002
2003-11-20,40.210651,16.809753,0.007550512741299368,True,False,-3.9872470626239526e-16,-1.4604850175014927e-11,95207.64853892423,95207.64853892422,1,1.0000000000000002
2003-11-21,40.23391,17.009453,0.007202018340456911,True,False,-3.9873559207977266e-16,-1.4605248910607007e-11,95262.71938812204,95262.71938812203,1,1.0000000000000002
2003-11-24,39.903698,17.562023,0.00746571003519372,True,False,-3.9874647819435006e-16,-1.46056476570852e-11,94480.86912562976,94480.86912562975,1,1.0000000000000002
2003-11-25,40.12225,17.663229,0.0074720494178398015,True,False,-3.987573646061357e-16,-1.4606046414449806e-11,94998.33953424064,94998.33953424063,1,1.0000000000000002
2003-11-26,39.959469,17.750767,0.00721182582012951,True,False,-3.987682513151375e-16,-1.4606445182701122e-11,94612.91935696435,94612.91935696434,1,1.0000000000000002
2003-11-28,39.596676,17.942255,0.007462754297103364,True,False,-3.9877913832136395e-16,-1.4606843961839443e-11,93753.92633950782,93753.9263395078,1,1.0000000000000002
2003-12-01,39.376034,18.117332,0.007292476728615515,True,False,-3.987900256248229e-16,-1.4607242751865068e-11,93231.5073916294,93231.50739162939,1,1.0000000000000002
2003-12-02,39.544319,17.977819,0.007269145686365752,True,False,-3.988009132255225e-16,-1.4607641552778292e-11,93629.9595115509,93629.95951155089,1,1.0000000000000002
2003-12-03,39.385357,17.67144,0.007218277533438491,True,False,-3.988118011234708e-16,-1.4608040364579417e-11,93253.581665118,93253.58166511799,1,1.0000000000000002
2003-12-04,39.474232,17.469013,0.007058264070502618,True,False,-3.9882268931867617e-16,-1.4608439187268736e-11,93464.01297009482,93464.0129700948,1,1.0000000000000002
2003-12-05,40.105217,16.962944,0.007475653683188829,True,False,-3.988335778111464e-16,-1.4608838020846547e-11,94958.01012307136,94958.01012307135,1,1.0000000000000002
2003-12-08,39.824806,16.921906,0.00770797709535386,True,False,-3.9884446660088984e-16,-1.4609236865313148e-11,94294.07479075236,94294.07479075235,1,1.0000000000000002
2003-12-09,39.544319,16.221617,0.00791993342207173,True,False,-3.9885535568791455e-16,-1.4609635720668835e-11,93629.9595115509,93629.95951155089,1,1.0000000000000002
2003-12-10,39.609779,16.320091,0.007918975745628448,True,False,-3.988662450722285e-16,-1.4610034586913908e-11,93784.95060267644,93784.95060267643,1,1.0000000000000002
2003-12-11,39.894882,16.878145,0.007914373994946449,True,False,-3.988771347538401e-16,-1.4610433464048663e-11,94459.99528726493,94459.99528726492,1,1.0000000000000002
2003-12-12,39.969662,16.88908,0.007168129825155035,True,False,-3.9888802473275717e-16,-1.4610832352073395e-11,94637.05354871263,94637.05354871262,1,1.0000000000000002
2003-12-15,39.946304,16.366594,0.0070134824602216496,True,False,-3.988989150089879e-16,-1.4611231250988403e-11,94581.74829502321,94581.7482950232,1,1.0000000000000002
2003-12-16,40.077194,16.306414,0.007044712906860744,True,False,-3.9890980558254054e-16,-1.4611630160793987e-11,94891.65944561014,94891.65944561013,1,1.0000000000000002
2003-12-17,40.348297,16.145023,0.007073197771461692,True,False,-3.989206964534232e-16,-1.461202908149044e-11,95533.55602027262,95533.5560202726,1,1.0000000000000002
2003-12-18,40.712891,16.686663,0.00681723358685184,True,False,-3.989315876216438e-16,-1.4612428013078063e-11,96396.81330529893,96396.81330529891,1,1.0000000000000002
2003-12-19,40.698875,16.582699,0.006517651081023633,True,False,-3.9894247908721065e-16,-1.4612826955557148e-11,96363.62731181871,96363.6273118187,1,1.0000000000000002
2003-12-22,40.586697,16.569025,0.006560933708318133,True,False,-3.9895337085013167e-16,-1.4613225908928e-11,96098.02097787004,96098.02097787002,1,1.0000000000000002
2003-12-23,40.128601,16.856255,0.006809558197565679,True,False,-3.9896426291041524e-16,-1.461362487319091e-11,95013.37693753638,95013.37693753636,1,1.0000000000000002
2003-12-24,40.507214,16.856255,0.007020287269082247,True,False,-3.9897515526806924e-16,-1.4614023848346178e-11,95909.8273192093,95909.82731920929,1,1.0000000000000002
2003-12-26,40.656826,16.946527,0.006970091184004881,True,False,-3.9898604792310207e-16,-1.46144228343941e-11,96264.0669636559,96264.06696365589,1,1.0000000000000002
2003-12-29,40.292236,17.211872,0.006961645652553899,True,False,-3.9899694087552155e-16,-1.4614821831334978e-11,95400.81914951814,95400.81914951812,1,1.0000000000000002
2003-12-30,40.128601,17.241968,0.006895472724113774,True,False,-3.9900783412533597e-16,-1.4615220839169103e-11,95013.37693753638,95013.37693753636,1,1.0000000000000002
2003-12-31,40.128613,17.165371,0.006853273766270451,True,False,-3.990187276725533e-16,-1.4615619857896777e-11,95013.40535020201,95013.405350202,1,1.0000000000000002
2004-01-02,39.654282,17.233757,0.007348417236936444,True,False,-5.660652770360023e-16,-1.4616185923173813e-11,93890.32134096486,93890.32134096485,1,1.0000000000000002
2004-01-05,39.551003,17.794538,0.0073621811952820715,True,False,-5.660872008340336e-16,-1.4616752010374647e-11,93645.78536631845,93645.78536631844,1,1.0000000000000002
2004-01-06,39.987724,17.986021,0.006877487480418843,True,False,-5.66109125481177e-16,-1.4617318119500127e-11,94679.81934596148,94679.81934596147,1,1.0000000000000002
2004-01-07,40.147423,18.147423,0.006737671490655615,True,False,-5.661310509774653e-16,-1.4617884250551105e-11,95057.94220360977,95057.94220360975,1,1.0000000000000002
2004-01-08,40.133305,18.689051,0.006509191134433232,True,False,-5.661529773229318e-16,-1.4618450403528427e-11,95024.51470247151,95024.5147024715,1,1.0000000000000002
2004-01-09,40.833031,18.697258,0.007489378221380436,True,False,-5.66174904517609e-16,-1.4619016578432944e-11,96681.27144290695,96681.27144290693,1,1.0000000000000002
2004-01-12,40.800163,19.162291,0.007384253838546655,True,False,-5.661968325615301e-16,-1.4619582775265505e-11,96603.4491516892,96603.44915168919,1,1.0000000000000002
2004-01-13,41.077221,18.719151,0.007490800510796637,True,False,-5.662187614547275e-16,-1.462014899402696e-11,97259.44551168093,97259.44551168091,1,1.0000000000000002
2004-01-14,41.279167,18.634344,0.007516054708810363,True,False,-5.662406911972348e-16,-1.4620715234718156e-11,97737.59752647525,97737.59752647523,1,1.0000000000000002
2004-01-15,41.434116,18.84771,0.007522230380306631,True,False,-5.662626217890842e-16,-1.4621281497339946e-11,98104.47370397006,98104.47370397004,1,1.0000000000000002
2004-01-16,41.142971,19.192392,0.007663249641903945,True,False,-5.662845532303091e-16,-1.4621847781893175e-11,97415.12324222636,97415.12324222634,1,1.0000000000000002
2004-01-20,41.133583,19.19512,0.007429139267878188,True,False,-5.663064855209422e-16,-1.4622414088378695e-11,97392.89506679881,97392.8950667988,1,1.0000000000000002
2004-01-21,41.23222,18.708206,0.0074377297328294435,True,False,-5.663284186610163e-16,-1.4622980416797355e-11,97626.4400752826,97626.44007528259,1,1.0000000000000002
2004-01-22,41.532795,18.426449,0.00753288027838919,True,False,-5.663503526505643e-16,-1.4623546767150004e-11,98338.11815678363,98338.11815678362,1,1.0000000000000002
2004-01-23,41.034962,18.136482,0.007596118237118773,True,False,-5.663722874896193e-16,-1.4624113139437493e-11,97159.38794186922,97159.38794186921,1,1.0000000000000002
2004-01-26,40.786037,18.568699,0.0074964757422977465,True,False,-5.663942231782141e-16,-1.462467953366067e-11,96570.00270877384,96570.00270877383,1,1.0000000000000002
2004-01-27,41.039623,18.010647,0.007576049704975967,True,False,-5.664161597163817e-16,-1.4625245949820388e-11,97170.42389475244,97170.42389475243,1,1.0000000000000002
2004-01-28,40.678089,17.865664,0.007565624172194262,True,False,-5.664380971041549e-16,-1.462581238791749e-11,96314.41183946711,96314.4118394671,1,1.0000000000000002
2004-01-29,40.593533,17.660501,0.007515635836131261,True,False,-5.6646003534156645e-16,-1.4626378847952832e-11,96114.20672640248,96114.20672640247,1,1.0000000000000002
2004-01-30,40.875301,17.780863,0.007645771965055161,True,False,-5.664819744286495e-16,-1.4626945329927262e-11,96781.35505766216,96781.35505766215,1,1.0000000000000002
2004-02-02,40.789467,17.507311,0.007074386135502553,True,False,-5.665039143654369e-16,-1.4627511833841627e-11,96578.12399570573,96578.12399570571,1,1.0000000000000002
2004-02-03,40.996967,17.578432,0.00705319990745736,True,False,-5.665258551519615e-16,-1.462807835969678e-11,97069.42633925212,97069.42633925211,1,1.0000000000000002
2004-02-04,40.916771,17.047743,0.00675331126931774,True,False,-5.665477967882563e-16,-1.4628644907493567e-11,96879.54449470731,96879.5444947073,1,1.0000000000000002
2004-02-05,40.75647,17.274796,0.006809824660020457,True,False,-5.665697392743542e-16,-1.4629211477232842e-11,96499.99626833222,96499.99626833221,1,1.0000000000000002
2004-02-06,41.204472,17.917639,0.007171338834444116,True,False,-5.66591682610288e-16,-1.462977806891545e-11,97560.74052140923,97560.74052140921,1,1.0000000000000002
2004-02-09,41.327049,17.862926,0.006132967222067855,True,False,-5.666136267960906e-16,-1.4630344682542247e-11,97850.96879786653,97850.96879786652,1,1.0000000000000002
2004-02-10,41.09597,17.90395,0.006283085360863362,True,False,-5.666355718317951e-16,-1.4630911318114077e-11,97303.83793403828,97303.83793403827,1,1.0000000000000002
2004-02-11,41.402515,18.289665,0.0063203572021746654,True,False,-5.666575177174342e-16,-1.4631477975631795e-11,98029.6513167006,98029.65131670059,1,1.0000000000000002
2004-02-12,41.228031,17.986021,0.006307097093982016,True,False,-5.66679464453041e-16,-1.4632044655096248e-11,97616.52168724831,97616.5216872483,1,1.0000000000000002
2004-02-13,41.402515,17.780863,0.006323123896065599,True,False,-5.667014120386485e-16,-1.4632611356508288e-11,98029.6513167006,98029.65131670059,1,1.0000000000000002
2004-02-17,41.37418,18.013374,0.0061080618042143675,True,False,-5.667233604742894e-16,-1.463317807986876e-11,97962.56190993248,97962.56190993247,1,1.0000000000000002
2004-02-18,41.430752,18.136482,0.006111482610351072,True,False,-5.667453097599966e-16,-1.463374482517852e-11,98096.50868669925,98096.50868669924,1,1.0000000000000002
2004-02-19,41.47324,17.917639,0.0060951262106223964,True,False,-5.667672598958031e-16,-1.4634311592438415e-11,98197.10846488045,98197.10846488044,1,1.0000000000000002
2004-02-20,41.1856,17.764441,0.0060685422470669265,True,False,-5.667892108817419e-16,-1.4634878381649296e-11,97516.05686922895,97516.05686922894,1,1.0000000000000002
2004-02-23,41.44022,17.220076,0.005577111317574877,True,False,-5.668111627178459e-16,-1.4635445192812015e-11,98118.92627989779,98118.92627989777,1,1.0000000000000002
2004-02-24,41.515675,17.239229,0.005362514950569192,True,False,-5.6683311540414805e-16,-1.463601202592742e-11,98297.58275378837,98297.58275378836,1,1.0000000000000002
2004-02-25,41.581715,17.575697,0.005219362126465654,True,False,-5.668550689406811e-16,-1.463657888099636e-11,98453.9471237537,98453.94712375369,1,1.0000000000000002
2004-02-26,41.44965,17.761717,0.004814315070104724,True,False,-5.668770233274781e-16,-1.4637145758019687e-11,98141.25389965512,98141.2538996551,1,1.0000000000000002
2004-02-27,41.808006,17.624941,0.005048981254158122,True,False,-5.668989785645721e-16,-1.4637712656998252e-11,98989.74133398724,98989.74133398723,1,1.0000000000000002
2004-03-01,41.791912,17.931309,0.004896360009280707,True,False,-5.66920934651996e-16,-1.4638279577932905e-11,98951.63521390516,98951.63521390515,1,1.0000000000000002
2004-03-02,41.526783,17.80821,0.005130614461245887,True,False,-5.669428915897825e-16,-1.4638846520824495e-11,98323.88341129254,98323.88341129253,1,1.0000000000000002
2004-03-03,41.451054,17.594851,0.005066427696073697,True,False,-5.669648493779647e-16,-1.4639413485673873e-11,98144.57818153627,98144.57818153626,1,1.0000000000000002
2004-03-04,41.6357,17.80821,0.005101721303031273,True,False,-5.669868080165756e-16,-1.463998047248189e-11,98581.76860335059,98581.76860335057,1,1.0000000000000002
2004-03-05,42.440578,17.715204,0.0064027816601971935,True,False,-5.670087675056479e-16,-1.4640547481249396e-11,100487.49606199612,100487.4960619961,1,1.0000000000000002
2004-03-08,42.691517,17.014923,0.006127094267600707,True,False,-5.670307278452148e-16,-1.464111451197724e-11,101081.64988747655,101081.64988747654,1,1.0000000000000002
2004-03-09,42.975552,16.932848,0.006218751928652449,True,False,-5.67052689035309e-16,-1.4641681564666275e-11,101754.16584482211,101754.1658448221,1,1.0000000000000002
2004-03-10,42.947182,16.593639,0.005996524883334733,True,False,-5.670746510759638e-16,-1.464224863931735e-11,101686.99356777917,101686.99356777915,1,1.0000000000000002
2004-03-11,43.008717,16.38575,0.005869930093244354,True,False,-5.670966139672118e-16,-1.4642815735931318e-11,101832.69134951472,101832.6913495147,1,1.0000000000000002
2004-03-12,42.743587,16.839846,0.005992699880256082,True,False,-5.671185777090861e-16,-1.4643382854509026e-11,101204.93717917998,101204.93717917996,1,1.0000000000000002
2004-03-15,42.81459,16.311884,0.005965609472588789,True,False,-5.671405423016195e-16,-1.4643949995051327e-11,101373.0525541141,101373.05255411408,1,1.0000000000000002
2004-03-16,43.169689,16.495169,0.006112705485539865,True,False,-5.671625077448451e-16,-1.4644517157559073e-11,102213.82831744413,102213.82831744412,1,1.0000000000000002
2004-03-17,43.09869,16.861727,0.006169210077163954,True,False,-5.671844740387959e-16,-1.464508434203311e-11,102045.72241339859,102045.72241339857,1,1.0000000000000002
2004-03-18,42.871418,16.612797,0.006378211014488301,True,False,-5.672064411835047e-16,-1.4645651548474292e-11,101507.60546774809,101507.60546774807,1,1.0000000000000002
2004-03-19,42.81459,16.07937,0.006095756318339492,True,False,-5.672284091790045e-16,-1.4646218776883472e-11,101373.0525541141,101373.05255411408,1,1.0000000000000002
2004-03-22,43.074989,15.841379,0.006092162599672663,True,False,-5.672503780253282e-16,-1.4646786027261497e-11,101989.60503101598,101989.60503101596,1,1.0000000000000002
2004-03-23,43.150749,15.865994,0.006092240036873485,True,False,-5.672723477225089e-16,-1.4647353299609218e-11,102168.9836601585,102168.98366015848,1,1.0000000000000002
2004-03-24,43.127071,16.139555,0.006117269636170172,True,False,-5.672943182705794e-16,-1.464792059392749e-11,102112.92073538505,102112.92073538504,1,1.0000000000000002
2004-03-25,42.961403,16.746836,0.006147771467016649,True,False,-5.673162896695728e-16,-1.464848791021716e-11,101720.66494429759,101720.66494429758,1,1.0000000000000002
2004-03-26,42.506897,16.629208,0.006519373148291835,True,False,-5.673382619195218e-16,-1.4649055248479078e-11,100644.52102643783,100644.52102643781,1,1.0000000000000002
2004-03-29,42.222763,16.946527,0.006731146864809148,True,False,-5.673602350204597e-16,-1.46496226087141e-11,99971.77066460064,99971.77066460063,1,1.0000000000000002
2004-03-30,42.194351,16.905491,0.006542780037987856,True,False,-5.673822089724193e-16,-1.465018999092307e-11,99904.4989432279,99904.49894322788,1,1.0000000000000002
2004-03-31,42.397987,16.867199,0.006571093605976995,True,False,-5.674041837754333e-16,-1.4650757395106846e-11,100386.65240843473,100386.65240843472,1,1.0000000000000002
2004-04-01,42.25919,17.206408,0.00659292451108774,True,False,-5.674261594295351e-16,-1.4651324821266275e-11,100058.019678906,100058.01967890598,1,1.0000000000000002
2004-04-02,41.213493,17.780863,0.007451872941488335,True,False,-5.674481359347574e-16,-1.465189226940221e-11,97582.09974281228,97582.09974281226,1,1.0000000000000002
2004-04-05,40.890285,17.917639,0.007371481876029123,True,False,-5.674701132911333e-16,-1.46524597395155e-11,96816.83300617155,96816.83300617154,1,1.0000000000000002
2004-04-06,41.113678,17.534668,0.007301693231419487,True,False,-5.674920914986957e-16,-1.4653027231607e-11,97345.76555765042,97345.7655576504,1,1.0000000000000002
2004-04-07,41.018635,17.512785,0.007292525039139488,True,False,-5.675140705574775e-16,-1.4653594745677556e-11,97120.73014252906,97120.73014252905,1,1.0000000000000002
2004-04-08,40.899799,17.592106,0.007240086304207284,True,False,-5.675360504675118e-16,-1.4654162281728024e-11,96839.35951458843,96839.35951458842,1,1.0000000000000002
2004-04-12,40.752441,17.622204,0.00719414910518638,True,False,-5.675580312288316e-16,-1.4654729839759253e-11,96490.45671583993,96490.45671583991,1,1.0000000000000002
2004-04-13,40.310406,17.378742,0.007368886962245832,True,False,-5.675800128414695e-16,-1.4655297419772095e-11,95443.84066075784,95443.84066075782,1,1.0000000000000002
2004-04-14,40.277157,17.206408,0.006902660521454432,True,False,-5.676019953054591e-16,-1.4655865021767402e-11,95365.11626740567,95365.11626740565,1,1.0000000000000002
2004-04-15,40.039471,16.752304,0.006909428660419031,True,False,-5.676239786208328e-16,-1.4656432645746022e-11,94802.34186341448,94802.34186341446,1,1.0000000000000002
2004-04-16,40.191612,16.377537,0.007094186827830674,True,False,-5.676459627876238e-16,-1.4657000291708808e-11,95162.56947714697,95162.56947714696,1,1.0000000000000002
2004-04-19,40.106049,16.57723,0.007085114160755104,True,False,-5.67667947805865e-16,-1.4657567959656614e-11,94959.98006788982,94959.9800678898,1,1.0000000000000002
2004-04-20,39.74007,16.062954,0.006843795957630673,False,False,-5.676899336755897e-16,-1.465813564959029e-11,94093.44348770297,94093.44348770296,1,1.0000000000000002
2004-04-21,39.934917,16.495169,0.007016933624815919,True,False,-5.677119203968304e-16,-1.4658703361510687e-11,94554.78704304266,94554.78704304264,1,1.0000000000000002
2004-04-22,40.1726,16.70854,0.007321672156835181,True,False,-5.677339079696204e-16,-1.4659271095418657e-11,95117.55434386745,95117.55434386744,1,1.0000000000000002
2004-04-23,39.94445,16.913706,0.007337288361543987,True,False,-5.677558963939925e-16,-1.4659838851315052e-11,94577.35853818015,94577.35853818014,1,1.0000000000000002
2004-04-26,40.010979,16.536207,0.007234873017342169,True,False,-5.677778856699799e-16,-1.4660406629200723e-11,94734.88072427074,94734.88072427073,1,1.0000000000000002
2004-04-27,40.163124,16.279072,0.007334073097962299,False,False,-5.677998757976154e-16,-1.466097442907652e-11,95095.11780889181,95095.1178088918,1,1.0000000000000002
2004-04-28,39.787598,15.937122,0.007477553120056203,False,False,-5.6782186677693205e-16,-1.4661542250943297e-11,94205.97658545754,94205.97658545752,1,1.0000000000000002
2004-04-29,39.592731,15.38728,0.00726001351200563,False,False,-5.678438586079627e-16,-1.4662110094801904e-11,93744.58567567509,93744.58567567507,1,1.0000000000000002
2004-04-30,39.754299,15.127413,0.007451257276906682,False,False,-5.678658512907405e-16,-1.4662677960653195e-11,94127.1338059985,94127.13380599848,1,1.0000000000000002
2004-05-03,39.804409,15.086378,0.005403964495612971,False,False,-5.678878448252984e-16,-1.466324584849802e-11,94245.78036231227,94245.78036231226,1,1.0000000000000002
2004-05-04,39.532452,15.38728,0.005347679905718541,False,False,-5.679098392116694e-16,-1.466381375833723e-11,93601.86175294431,93601.8617529443,1,1.0000000000000002
2004-05-05,39.422691,15.633482,0.005079510975694497,False,False,-5.679318344498865e-16,-1.4664381690171683e-11,93341.97820340216,93341.97820340215,1,1.0000000000000002
2004-05-06,39.317688,15.551417,0.005080906544734807,False,False,-5.679538305399828e-16,-1.4664949644002223e-11,93093.36027579058,93093.36027579056,1,1.0000000000000002
2004-05-07,38.802406,15.682721,0.005653293823689981,False,False,-5.67975827481991e-16,-1.4665517619829707e-11,91873.31567729765,91873.31567729764,1,1.0000000000000002
2004-05-10,38.711716,15.633482,0.005648868730809313,False,False,-5.679978252759443e-16,-1.4666085617654983e-11,91658.58695664117,91658.58695664116,1,1.0000000000000002
2004-05-11,38.88826,15.893358,0.005503608768428145,False,False,-5.680198239218757e-16,-1.4666653637478904e-11,92076.59409369687,92076.59409369685,1,1.0000000000000002
2004-05-12,38.630592,15.838646,0.005602674750421568,False,False,-5.68041823419818e-16,-1.4667221679302324e-11,91466.50786595268,91466.50786595266,1,1.0000000000000002
2004-05-13,38.482685,15.767518,0.005546784561222986,False,False,-5.680638237698044e-16,-1.4667789743126095e-11,91116.30518775065,91116.30518775064,1,1.0000000000000002
2004-05-14,38.797634,15.466616,0.005862263960244572,False,False,-5.680858249718679e-16,-1.4668357828951068e-11,91862.01690725717,91862.01690725716,1,1.0000000000000002
2004-05-17,39.141174,15.184854,0.0063194807204917675,False,False,-5.681078270260414e-16,-1.4668925936778095e-11,92675.42417039901,92675.424170399,1,1.0000000000000002
2004-05-18,38.988499,15.524067,0.006076018867209625,False,False,-5.68129829932358e-16,-1.4669494066608026e-11,92313.93219304504,92313.93219304502,1,1.0000000000000002
2004-05-19,38.859669,15.729227,0.005935856858833379,False,False,-5.681518336908507e-16,-1.4670062218441717e-11,92008.8985500615,92008.89855006148,1,1.0000000000000002
2004-05-20,39.160259,15.638948,0.006062362580570343,False,False,-5.681738383015523e-16,-1.467063039228002e-11,92720.6121473946,92720.61214739458,1,1.0000000000000002
2004-05-21,39.002804,15.70187,0.0060096465184040215,False,False,-5.68195843764496e-16,-1.4671198588123783e-11,92347.80245822303,92347.80245822301,1,1.0000000000000002
2004-05-24,39.126865,15.871469,0.006056789227658609,False,False,-5.682178500797149e-16,-1.4671766805973864e-11,92641.54443433248,92641.54443433246,1,1.0000000000000002
2004-05-25,39.24136,16.254446,0.006022556891419872,False,False,-5.682398572472418e-16,-1.467233504583111e-11,92912.63678047391,92912.6367804739,1,1.0000000000000002
2004-05-26,39.451324,16.314629,0.005861261129336658,False,False,-5.682618652671098e-16,-1.4672903307696378e-11,93409.77319136729,93409.77319136728,1,1.0000000000000002
2004-05-27,39.761505,16.57723,0.00603786133806384,False,False,-5.682838741393519e-16,-1.4673471591570516e-11,94144.19561172184,94144.19561172182,1,1.0000000000000002
2004-05-28,39.651733,16.692127,0.0060012661800941,True,False,-5.683058838640011e-16,-1.467403989745438e-11,93884.28601723617,93884.28601723615,1,1.0000000000000002
2004-06-01,39.288651,16.549889,0.006321024566001342,False,False,-5.683278944410904e-16,-1.467460822534882e-11,93024.60872808188,93024.60872808186,1,1.0000000000000002
2004-06-02,39.188053,16.32283,0.0061703852415873495,False,False,-5.683499058706528e-16,-1.467517657525469e-11,92786.42061648628,92786.42061648627,1,1.0000000000000002
2004-06-03,39.269505,15.865994,0.006168896984080452,False,False,-5.683719181527215e-16,-1.4675744947172844e-11,92979.2763200359,92979.27632003589,1,1.0000000000000002
2004-06-04,39.039547,16.147758,0.006277229002467882,False,False,-5.683939312873293e-16,-1.4676313341104132e-11,92434.79967272386,92434.79967272385,1,1.0000000000000002
2004-06-07,39.049126,16.714014,0.005502175939576885,True,False,-5.684159452745093e-16,-1.4676881757049407e-11,92457.48008307969,92457.48008307967,1,1.0000000000000002
2004-06-08,39.121006,16.714014,0.005475253527953958,True,False,-5.684379601142946e-16,-1.4677450195009522e-11,92627.67195032844,92627.67195032843,1,1.0000000000000002
2004-06-09,38.953331,16.164177,0.0054903089169485615,False,False,-5.684599758067181e-16,-1.467801865498533e-11,92230.66414091087,92230.66414091086,1,1.0000000000000002
2004-06-10,39.030006,16.205202,0.0052678171822505455,False,False,-5.684819923518129e-16,-1.467858713697768e-11,92412.20923580929,92412.20923580928,1,1.0000000000000002
2004-06-14,38.718636,15.800353,0.0055255854638225025,False,False,-5.685040097496118e-16,-1.467915564098743e-11,91674.97159383316,91674.97159383315,1,1.0000000000000002
2004-06-15,39.537697,15.93439,0.007018407138026174,False,False,-5.685260280001482e-16,-1.467972416701543e-11,93614.2804555559,93614.28045555588,1,1.0000000000000002
2004-06-16,39.384445,15.874205,0.006841056499369578,False,False,-5.685480471034549e-16,-1.4680292715062535e-11,93251.42230252855,93251.42230252853,1,1.0000000000000002
2004-06-17,39.643116,15.368139,0.006900949455275373,False,False,-5.685700670595649e-16,-1.4680861285129594e-11,93863.8833555767,93863.88335557669,1,1.0000000000000002
2004-06-18,39.556881,15.302477,0.006869755806554177,False,False,-5.685920878685113e-16,-1.468142987721746e-11,93659.70283704309,93659.70283704308,1,1.0000000000000002
2004-06-21,39.585629,15.168444,0.006679921174177088,False,False,-5.686141095303272e-16,-1.4681998491326993e-11,93727.77011305404,93727.77011305402,1,1.0000000000000002
2004-06-22,39.46587,15.630746,0.0066476143324669295,False,False,-5.686361320450456e-16,-1.468256712745904e-11,93444.21407758044,93444.21407758043,1,1.0000000000000002
2004-06-23,39.542488,15.989102,0.006628024881681927,False,False,-5.686581554126994e-16,-1.4683135785614452e-11,93625.62421231701,93625.624212317,1,1.0000000000000002
2004-06-24,39.78199,15.86327,0.006723215979493095,False,False,-5.686801796333217e-16,-1.4683704465794086e-11,94192.69839971003,94192.69839971002,1,1.0000000000000002
2004-06-25,39.820362,15.959002,0.006634483032900436,False,False,-5.687022047069456e-16,-1.4684273167998792e-11,94283.552633573,94283.55263357298,1,1.0000000000000002
2004-06-28,39.413189,15.772994,0.0068097264784168395,False,False,-5.687242306336041e-16,-1.4684841892229425e-11,93319.48010765095,93319.48010765093,1,1.0000000000000002
2004-06-29,39.662254,16.076639,0.006947103262305044,False,False,-5.687462574133302e-16,-1.4685410638486837e-11,93909.19682184557,93909.19682184556,1,1.0000000000000002
2004-06-30,40.069439,16.207937,0.006948414825592001,False,False,-5.687682850461569e-16,-1.4685979406771884e-11,94873.29776043327,94873.29776043326,1,1.0000000000000002
2004-07-01,40.144474,15.608857,0.006899833214655369,False,False,-5.687903135321175e-16,-1.4686548197085417e-11,95050.95979102606,95050.95979102605,1,1.0000000000000002
2004-07-02,40.567699,15.316164,0.007205265600388466,False,False,-5.688123428712449e-16,-1.4687117009428288e-11,96053.03899270041,96053.0389927004,1,1.0000000000000002
2004-07-06,40.50037,14.676058,0.007034054723477956,False,False,-5.688343730635719e-16,-1.468768584380135e-11,95893.62262889976,95893.62262889974,1,1.0000000000000002
2004-07-07,40.514801,14.881218,0.007032777530707632,False,False,-5.688564041091318e-16,-1.468825470020546e-11,95927.79122706708,95927.79122706706,1,1.0000000000000002
2004-07-08,40.538857,14.7335,0.007038320182501059,False,False,-5.688784360079577e-16,-1.468882357864147e-11,95984.74915080854,95984.74915080852,1,1.0000000000000002
2004-07-09,40.5821,14.952337,0.006895398014903913,False,False,-5.689004687600824e-16,-1.468939247911023e-11,96087.1365592036,96087.13655920359,1,1.0000000000000002
2004-07-12,40.639839,14.596725,0.006896813172209363,False,False,-5.689225023655392e-16,-1.4689961401612595e-11,96223.84646770495,96223.84646770493,1,1.0000000000000002
2004-07-13,40.519573,14.621341,0.006596309745740217,False,False,-5.68944536824361e-16,-1.469053034614942e-11,95939.08999710759,95939.08999710757,1,1.0000000000000002
2004-07-14,40.534031,14.019526,0.0049258147423450055,False,False,-5.689665721365808e-16,-1.4691099312721557e-11,95973.3225237726,95973.32252377259,1,1.0000000000000002
2004-07-15,40.577332,14.025002,0.004776689330716297,False,False,-5.689886083022319e-16,-1.469166830132986e-11,96075.84726005165,96075.84726005164,1,1.0000000000000002
2004-07-16,41.115974,13.699468,0.0053436808916230965,False,False,-5.690106453213472e-16,-1.4692237311975183e-11,97351.20184767828,97351.20184767827,1,1.0000000000000002
2004-07-19,41.144817,13.78974,0.00526845967929752,False,False,-5.690326831939596e-16,-1.4692806344658377e-11,97419.49405729231,97419.4940572923,1,1.0000000000000002
2004-07-20,40.774494,14.128942,0.005814076955229577,False,False,-5.690547219201024e-16,-1.4693375399380296e-11,96542.67209213984,96542.67209213982,1,1.0000000000000002
2004-07-21,40.663857,13.505249,0.005801714653773335,False,False,-5.690767614998083e-16,-1.4693944476141796e-11,96280.71441800517,96280.71441800515,1,1.0000000000000002
2004-07-22,40.721596,13.882752,0.005800784024853024,False,False,-5.69098801933111e-16,-1.469451357494373e-11,96417.4243265065,96417.42432650649,1,1.0000000000000002
2004-07-23,40.856232,13.434122,0.005719005514830828,False,False,-5.69120843220043e-16,-1.469508269578695e-11,96736.20496422079,96736.20496422077,1,1.0000000000000002
2004-07-26,40.663857,13.313768,0.005877292748856659,False,False,-5.691428853606375e-16,-1.469565183867231e-11,96280.71441800517,96280.71441800515,1,1.0000000000000002
2004-07-27,40.115597,13.384883,0.006246288855709976,False,False,-5.691649283549278e-16,-1.4696221003600667e-11,94982.58707885936,94982.58707885935,1,1.0000000000000002
2004-07-28,40.120422,13.32197,0.006115743304459497,False,False,-5.691869722029466e-16,-1.4696790190572868e-11,94994.01133817315,94994.01133817314,1,1.0000000000000002
2004-07-29,40.211796,13.70494,0.005700697183996147,False,False,-5.692090169047271e-16,-1.4697359399589772e-11,95210.35958077175,95210.35958077174,1,1.0000000000000002
2004-07-30,40.683128,13.866337,0.006247109775242101,False,False,-5.692310624603023e-16,-1.4697928630652232e-11,96326.34279131834,96326.34279131833,1,1.0000000000000002
2004-08-02,40.736259,13.874535,0.005809442555739158,False,False,-5.692531088697057e-16,-1.46984978837611e-11,96452.14223620972,96452.14223620971,1,1.0000000000000002
2004-08-03,40.900406,13.390358,0.005852056674267795,False,False,-5.692751561329697e-16,-1.4699067158917234e-11,96840.79672192593,96840.79672192592,1,1.0000000000000002
2004-08-04,40.919758,13.518923,0.005851972945231034,False,False,-5.692972042501279e-16,-1.4699636456121486e-11,96886.61688073225,96886.61688073224,1,1.0000000000000002
2004-08-05,41.035599,13.32197,0.005875169667233079,False,False,-5.693192532212132e-16,-1.4700205775374708e-11,97160.89618087084,97160.89618087083,1,1.0000000000000002
2004-08-06,41.726009,12.845985,0.006889573614037152,False,False,-5.693413030462586e-16,-1.4700775116677754e-11,98795.59522187266,98795.59522187265,1,1.0000000000000002
2004-08-09,41.581192,12.843256,0.006974921646709715,False,False,-5.693633537252972e-16,-1.470134448003148e-11,98452.70880507576,98452.70880507574,1,1.0000000000000002
2004-08-10,41.431522,13.026534,0.0069962794811751425,False,False,-5.693854052583622e-16,-1.470191386543674e-11,98098.3318327452,98098.33183274519,1,1.0000000000000002
2004-08-11,41.610188,12.421982,0.007029403230798288,False,False,-5.694074576454865e-16,-1.4702483272894387e-11,98521.36327617682,98521.36327617681,1,1.0000000000000002
2004-08-12,41.697041,12.101927,0.007031237498212397,False,False,-5.694295108867034e-16,-1.4703052702405273e-11,98727.00704699145,98727.00704699144,1,1.0000000000000002
2004-08-13,41.832253,12.145698,0.006480913368529689,False,False,-5.694515649820456e-16,-1.4703622153970254e-11,99047.15149265698,99047.15149265697,1,1.0000000000000002
2004-08-16,41.687435,12.307092,0.006553056187412482,False,False,-5.694736199315465e-16,-1.4704191627590187e-11,98704.26270813793,98704.26270813792,1,1.0000000000000002
2004-08-17,41.924007,12.512253,0.0062244123742995735,False,False,-5.694956757352391e-16,-1.4704761123265922e-11,99264.39946966787,99264.39946966786,1,1.0000000000000002
2004-08-18,41.721222,12.993705,0.006316017333016346,False,False,-5.695177323931565e-16,-1.4705330640998315e-11,98784.2609360001,98784.26093600008,1,1.0000000000000002
2004-08-19,41.822628,12.881551,0.006321180698740631,False,False,-5.695397899053317e-16,-1.470590018078822e-11,99024.36216708284,99024.36216708283,1,1.0000000000000002
2004-08-20,41.783981,12.969086,0.006322593511953416,False,False,-5.695618482717977e-16,-1.470646974263649e-11,98932.85680963205,98932.85680963204,1,1.0000000000000002
2004-08-23,41.54258,13.100389,0.0063791577572810355,False,False,-5.69583907492588e-16,-1.470703932654398e-11,98361.28631789978,98361.28631789976,1,1.0000000000000002
2004-08-24,41.566685,12.815897,0.005375241863780637,False,False,-5.696059675677353e-16,-1.4707608932511548e-11,98418.36026002598,98418.36026002596,1,1.0000000000000002
2004-08-25,41.711536,12.949939,0.005373230549025749,False,False,-5.696280284972727e-16,-1.4708178560540046e-11,98761.32717937558,98761.32717937557,1,1.0000000000000002
2004-08-26,41.948109,12.826841,0.005436966811881559,False,False,-5.696500902812336e-16,-1.4708748210630326e-11,99321.46630862766,99321.46630862764,1,1.0000000000000002
2004-08-27,41.919167,12.925322,0.004978345553769287,False,False,-5.696721529196508e-16,-1.4709317882783244e-11,99252.939694522,99252.93969452199,1,1.0000000000000002
2004-08-30,42.117168,12.646295,0.005029485905028075,False,False,-5.696942164125575e-16,-1.4709887576999658e-11,99721.7510454836,99721.75104548359,1,1.0000000000000002
2004-08-31,42.377846,12.512253,0.005104821736433573,False,False,-5.697162807599869e-16,-1.4710457293280417e-11,100338.96411686187,100338.96411686185,1,1.0000000000000002
2004-09-01,42.421444,12.673651,0.005098879038021197,False,False,-5.697383459619718e-16,-1.471102703162638e-11,100442.1920666158,100442.19206661578,1,1.0000000000000002
2004-09-02,42.004627,12.758451,0.005717891840451245,False,False,-5.697604120185456e-16,-1.4711596792038397e-11,99455.28522839899,99455.28522839898,1,1.0000000000000002
2004-09-03,42.009426,12.159374,0.00439959127322972,False,False,-5.697824789297413e-16,-1.4712166574517328e-11,99466.6479269372,99466.64792693719,1,1.0000000000000002
2004-09-07,41.965782,12.052688,0.004321414173568425,False,False,-5.698045466955919e-16,-1.4712736379064023e-11,99363.31106196497,99363.31106196495,1,1.0000000000000002
2004-09-08,42.319664,11.99798,0.004554201642713063,False,False,-5.698266153161305e-16,-1.471330620567934e-11,100201.20530745361,100201.2053074536,1,1.0000000000000002
2004-09-09,42.159725,12.665445,0.00460994993880191,False,False,-5.698486847913904e-16,-1.471387605436413e-11,99822.51419649231,99822.5141964923,1,1.0000000000000002
2004-09-10,42.22271,13.138689,0.004602182102032198,False,False,-5.698707551214045e-16,-1.4714445925119253e-11,99971.64517532734,99971.64517532733,1,1.0000000000000002
2004-09-13,42.406944,13.401299,0.004642116596572495,False,False,-5.698928263062061e-16,-1.4715015817945558e-11,100407.86009562098,100407.86009562097,1,1.0000000000000002
2004-09-14,42.450577,13.436859,0.004538266099609025,False,False,-5.69914898345828e-16,-1.4715585732843904e-11,100511.17091564971,100511.1709156497,1,1.0000000000000002
2004-09-15,42.353607,13.040208,0.004447270578124743,False,False,-5.699369712403036e-16,-1.4716155669815145e-11,100281.57289996924,100281.57289996922,1,1.0000000000000002
2004-09-16,42.833527,13.053888,0.0048656513156806434,False,False,-5.69959044989666e-16,-1.4716725628860133e-11,101417.8901082333,101417.89010823329,1,1.0000000000000002
2004-09-17,42.620213,13.275467,0.005055580096779596,False,False,-5.699811195939481e-16,-1.471729560997973e-11,100912.82182817905,100912.82182817903,1,1.0000000000000002
2004-09-20,42.901402,13.661176,0.005186138523097576,False,False,-5.700031950531832e-16,-1.471786561317478e-11,101578.59924832107,101578.59924832106,1,1.0000000000000002
2004-09-21,43.027447,13.817095,0.004916228788236518,False,False,-5.700252713674044e-16,-1.471843563844615e-11,101877.03878515148,101877.03878515147,1,1.0000000000000002
2004-09-22,43.473392,13.420448,0.005263008481593219,False,False,-5.700473485366446e-16,-1.4719005685794685e-11,102932.91263379148,102932.91263379146,1,1.0000000000000002
2004-09-23,43.298927,13.472424,0.005434681076134401,False,False,-5.700694265609371e-16,-1.4719575755221246e-11,102519.8279910598,102519.82799105979,1,1.0000000000000002
2004-09-24,43.352222,13.144161,0.005361935106318075,False,False,-5.70091505440315e-16,-1.4720145846726685e-11,102646.01574238176,102646.01574238174,1,1.0000000000000002
2004-09-27,43.54126,12.955405,0.005364812490292394,False,False,-5.701135851748114e-16,-1.472071596031186e-11,103093.6051998243,103093.60519982429,1,1.0000000000000002
2004-09-28,43.366776,12.810425,0.005477645389945255,False,False,-5.701356657644594e-16,-1.4721286095977625e-11,102680.475570372,102680.47557037199,1,1.0000000000000002
2004-09-29,42.944992,12.999172,0.005900242886882431,False,False,-5.701577472092923e-16,-1.4721856253724835e-11,101681.80825629788,101681.80825629787,1,1.0000000000000002
2004-09-30,42.780224,13.135952,0.005984430338385093,False,False,-5.701798295093429e-16,-1.4722426433554346e-11,101291.68341513425,101291.68341513423,1,1.0000000000000002
2004-10-01,42.566521,13.748709,0.005632383735610456,False,False,-5.702019126646446e-16,-1.472299663546701e-11,100785.69409116848,100785.69409116847,1,1.0000000000000002
2004-10-04,42.629784,13.899162,0.005633677295068141,False,False,-5.702239966752303e-16,-1.4723566859463684e-11,100935.48329675775,100935.48329675774,1,1.0000000000000002
2004-10-05,42.629784,13.852656,0.005621246606155894,False,False,-5.702460815411333e-16,-1.4724137105545224e-11,100935.48329675775,100935.48329675774,1,1.0000000000000002
2004-10-06,42.435108,13.915574,0.005442314306689201,False,False,-5.702681672623865e-16,-1.4724707373712486e-11,100474.54462190358,100474.54462190357,1,1.0000000000000002
2004-10-07,42.250145,13.814363,0.005465888399993236,False,False,-5.702902538390234e-16,-1.4725277663966324e-11,100036.60363217167,100036.60363217165,1,1.0000000000000002
2004-10-08,42.809853,13.362999,0.0061955271604589995,False,False,-5.7031234127107685e-16,-1.4725847976307597e-11,101361.83665434839,101361.83665434837,1,1.0000000000000002
2004-10-11,42.853691,13.387619,0.006136356045702251,False,False,-5.703344295585801e-16,-1.4726418310737154e-11,101465.63285741533,101465.63285741532,1,1.0000000000000002
2004-10-12,42.951084,13.193401,0.006147998749145857,False,False,-5.70356518701566e-16,-1.4726988667255856e-11,101696.23241955998,101696.23241955996,1,1.0000000000000002
2004-10-13,43.106804,13.398562,0.006144575333189729,False,False,-5.703786087000682e-16,-1.4727559045864554e-11,102064.93411082285,102064.93411082284,1,1.0000000000000002
2004-10-14,43.311234,13.007385,0.005722405161279989,False,False,-5.704006995541194e-16,-1.472812944656411e-11,102548.96754740692,102548.96754740691,1,1.0000000000000002
2004-10-15,43.160339,13.032006,0.0056552190241415485,False,False,-5.70422791263753e-16,-1.4728699869355375e-11,102191.69011545784,102191.69011545782,1,1.0000000000000002
2004-10-18,43.179787,13.122273,0.005479373648637304,False,False,-5.704448838290019e-16,-1.4729270314239203e-11,102237.73757558934,102237.73757558933,1,1.0000000000000002
2004-10-19,43.291775,13.267259,0.005471292618620057,False,False,-5.704669772498994e-16,-1.4729840781216453e-11,102502.89404233189,102502.89404233187,1,1.0000000000000002
2004-10-20,43.588711,13.379416,0.00518449641753083,False,False,-5.704890715264786e-16,-1.4730411270287978e-11,103205.95598297428,103205.95598297426,1,1.0000000000000002
2004-10-21,43.617893,13.803424,0.005091976012062802,False,False,-5.705111666587726e-16,-1.4730981781454638e-11,103275.05085039294,103275.05085039293,1,1.0000000000000002
2004-10-22,43.720135,13.335645,0.005107926617197177,False,False,-5.705332626468146e-16,-1.4731552314717286e-11,103517.13149718268,103517.13149718267,1,1.0000000000000002
2004-10-25,43.75423,13.445065,0.005025115699351583,False,False,-5.705553594906378e-16,-1.4732122870076778e-11,103597.85898346323,103597.85898346321,1,1.0000000000000002
2004-10-26,43.622757,13.349325,0.004985111002111889,False,False,-5.705774571902753e-16,-1.4732693447533967e-11,103286.56745087009,103286.56745087008,1,1.0000000000000002
2004-10-27,43.194397,13.847186,0.004995200950162392,False,False,-5.705995557457601e-16,-1.4733264047089713e-11,102272.3299960193,102272.32999601928,1,1.0000000000000002
2004-10-28,43.335602,13.93746,0.004938151107919496,False,False,-5.706216551571255e-16,-1.473383466874487e-11,102606.6642004553,102606.66420045529,1,1.0000000000000002
2004-10-29,43.535168,13.915574,0.004825133085382207,False,False,-5.706437554244047e-16,-1.4734405312500296e-11,103079.18103656221,103079.1810365622,1,1.0000000000000002
2004-11-01,43.264359,13.967553,0.005096362205200309,False,False,-5.706658565476306e-16,-1.4734975978356842e-11,102437.98057220818,102437.98057220817,1,1.0000000000000002
2004-11-02,43.327919,13.907368,0.005095733196836367,False,False,-5.706879585268366e-16,-1.473554666631537e-11,102588.47299127233,102588.47299127231,1,1.0000000000000002
2004-11-03,43.3475,13.803424,0.004937418586037524,False,False,-5.707100613620557e-16,-1.4736117376376733e-11,102634.83535844814,102634.83535844812,1,1.0000000000000002
2004-11-04,43.391491,13.890953,0.00476959781102917,False,False,-5.707321650533212e-16,-1.4736688108541787e-11,102738.99382300212,102738.9938230021,1,1.0000000000000002
2004-11-05,42.917385,14.112537,0.0046732448630683425,False,False,-5.707542696006662e-16,-1.4737258862811388e-11,101616.44255124591,101616.4425512459,1,1.0000000000000002
2004-11-08,42.765842,14.118001,0.004737943901903517,False,False,-5.707763750041237e-16,-1.4737829639186392e-11,101257.63083535167,101257.63083535165,1,1.0000000000000002
2004-11-09,42.741421,14.014056,0.00470554156978015,False,False,-5.707984812637271e-16,-1.4738400437667656e-11,101199.80869303,101199.80869302999,1,1.0000000000000002
2004-11-10,42.580154,13.806156,0.004676567429096603,False,False,-5.708205883795093e-16,-1.4738971258256036e-11,100817.97324707001,100817.97324707,1,1.0000000000000002
2004-11-11,42.487267,14.087913,0.00451330823283061,False,False,-5.708426963515037e-16,-1.4739542100952388e-11,100598.04264087726,100598.04264087725,1,1.0000000000000002
2004-11-12,42.94672,14.342317,0.00516950846833031,False,False,-5.708648051797434e-16,-1.474011296575757e-11,101685.8996801516,101685.89968015159,1,1.0000000000000002
2004-11-15,42.98579,14.566633,0.005173788077419625,False,False,-5.708869148642615e-16,-1.4740683852672434e-11,101778.4065840666,101778.40658406659,1,1.0000000000000002
2004-11-16,42.98579,14.473623,0.005131855192266039,False,False,-5.709090254050912e-16,-1.474125476169784e-11,101778.4065840666,101778.40658406659,1,1.0000000000000002
2004-11-17,43.352364,14.859324,0.0052655974010652525,False,False,-5.709311368022657e-16,-1.4741825692834644e-11,102646.3519589253,102646.35195892528,1,1.0000000000000002
2004-11-18,43.484322,15.053553,0.005314332574129769,False,False,-5.70953249055818e-16,-1.4742396646083702e-11,102958.79183675516,102958.79183675515,1,1.0000000000000002
2004-11-19,43.137314,14.604931,0.0055572488990635,False,False,-5.709753621657815e-16,-1.474296762144587e-11,102137.17331324022,102137.1733132402,1,1.0000000000000002
2004-11-22,43.362148,14.656898,0.005703868757660887,False,False,-5.709974761321893e-16,-1.4743538618922002e-11,102669.51775231931,102669.5177523193,1,1.0000000000000002
2004-11-23,43.415905,14.552949,0.005682608975994929,False,False,-5.710195909550744e-16,-1.4744109638512957e-11,102796.79939126884,102796.79939126883,1,1.0000000000000002
2004-11-24,43.415905,14.673314,0.0052112700070232245,False,False,-5.710417066344702e-16,-1.474468068021959e-11,102796.79939126884,102796.79939126883,1,1.0000000000000002
2004-11-26,43.132401,14.58851,0.005372745981010359,False,False,-5.7106382317040965e-16,-1.4745251744042763e-11,102125.54069437832,102125.5406943783,1,1.0000000000000002
2004-11-29,42.672989,14.555688,0.00572675491233154,False,False,-5.710859405629261e-16,-1.4745822829983326e-11,101037.78073171161,101037.7807317116,1,1.0000000000000002
2004-11-30,42.492149,14.361466,0.005647570536166875,False,False,-5.711080588120527e-16,-1.4746393938042137e-11,100609.60186035288,100609.60186035286,1,1.0000000000000002
2004-12-01,42.425903,14.963283,0.0056212606270047705,True,False,-5.711301779178225e-16,-1.4746965068220054e-11,100452.74973962722,100452.74973962721,1,1.0000000000000002
2004-12-02,42.254116,14.837441,0.005648137001498536,False,False,-5.711522978802688e-16,-1.4747536220517934e-11,100046.00585677997,100046.00585677996,1,1.0000000000000002
2004-12-03,42.911758,15.127413,0.006767072317880491,True,False,-5.711744186994249e-16,-1.4748107394936634e-11,101603.11937877777,101603.11937877776,1,1.0000000000000002
2004-12-06,43.059006,15.223155,0.006352551437830895,True,False,-5.711965403753237e-16,-1.474867859147701e-11,101951.76172809114,101951.76172809112,1,1.0000000000000002
2004-12-07,43.112961,14.922238,0.006295671729871484,True,False,-5.7121866290799855e-16,-1.4749249810139917e-11,102079.5121760239,102079.51217602388,1,1.0000000000000002
2004-12-08,43.785294,14.667844,0.007131689281611308,False,False,-5.712407862974826e-16,-1.4749821050926215e-11,103671.4099039448,103671.40990394479,1,1.0000000000000002
2004-12-09,43.49577,14.4873,0.007264051433904656,False,False,-5.712629105438092e-16,-1.475039231383676e-11,102985.8975197861,102985.89751978609,1,1.0000000000000002
2004-12-10,43.603748,14.328637,0.00722907931839083,False,False,-5.712850356470111e-16,-1.4750963598872405e-11,103241.55942075697,103241.55942075695,1,1.0000000000000002
2004-12-13,43.69696,14.457209,0.0068841871512552374,False,False,-5.713071616071218e-16,-1.4751534906034013e-11,103462.25953664441,103462.2595366444,1,1.0000000000000002
2004-12-14,43.868744,14.695202,0.006918098327006686,False,False,-5.713292884241745e-16,-1.4752106235322436e-11,103868.99631632527,103868.99631632525,1,1.0000000000000002
2004-12-15,44.266239,14.75812,0.007138837949196331,False,False,-5.713514160982024e-16,-1.4752677586738536e-11,104810.15402739987,104810.15402739985,1,1.0000000000000002
2004-12-16,43.613533,14.558415,0.007807315785126655,False,False,-5.713735446292386e-16,-1.4753248960283164e-11,103264.72758187311,103264.7275818731,1,1.0000000000000002
2004-12-17,43.554642,14.421646,0.007787951197611681,False,False,-5.713956740173163e-16,-1.475382035595718e-11,103125.2900574693,103125.29005746929,1,1.0000000000000002
2004-12-20,43.633183,14.257514,0.007556951386853693,False,False,-5.714178042624687e-16,-1.4754391773761443e-11,103311.25332187643,103311.25332187641,1,1.0000000000000002
2004-12-21,43.765671,14.454469,0.007502461855821326,False,False,-5.71439935364729e-16,-1.475496321369681e-11,103624.9480924392,103624.94809243918,1,1.0000000000000002
2004-12-22,43.618458,14.525599,0.007548007464129816,False,False,-5.714620673241305e-16,-1.4755534675764132e-11,103276.38861340066,103276.38861340065,1,1.0000000000000002
2004-12-23,43.476116,14.558415,0.007588590453653452,False,False,-5.714842001407062e-16,-1.475610615996427e-11,102939.36230889424,102939.36230889423,1,1.0000000000000002
2004-12-27,43.137512,14.476355,0.007651815503166982,False,False,-5.715063338144893e-16,-1.4756677666298087e-11,102137.64212222345,102137.64212222343,1,1.0000000000000002
2004-12-28,43.103146,14.500978,0.007230756314675448,False,False,-5.715284683455133e-16,-1.4757249194766433e-11,102056.27298324362,102056.2729832436,1,1.0000000000000002
2004-12-29,43.059006,14.637753,0.007154888798045385,False,False,-5.715506037338112e-16,-1.4757820745370167e-11,101951.76172809114,101951.76172809112,1,1.0000000000000002
2004-12-30,43.348511,14.697935,0.007257534962592217,True,False,-5.715727399794161e-16,-1.4758392318110146e-11,102637.22912552924,102637.22912552922,1,1.0000000000000002
2004-12-31,43.621941,14.717079,0.0072410857859067255,True,False,-5.715948770823614e-16,-1.475896391298723e-11,103284.63538960583,103284.63538960581,1,1.0000000000000002
2005-01-03,43.715542,14.470881,0.006471946738632308,False,False,-1.4056156107606885e-15,-1.476036952859799e-11,103506.2565494048,103506.25654940479,1,1.0000000000000002
2005-01-04,43.25742,14.033201,0.006925348885567138,False,False,-1.4057494789140942e-15,-1.4761775278076902e-11,102421.55094829557,102421.55094829555,1,1.0000000000000002
2005-01-05,43.488899,13.81162,0.007016714082787297,False,False,-1.4058833598168479e-15,-1.476318116143672e-11,102969.62890097885,102969.62890097883,1,1.0000000000000002
2005-01-06,43.518505,13.745976,0.006062657536232341,False,False,-1.406017253470164e-15,-1.476458717869019e-11,103039.72768258382,103039.7276825838,1,1.0000000000000002
2005-01-07,43.617008,13.814363,0.00589798539435313,False,False,-1.4061511598752562e-15,-1.4765993329850065e-11,103272.95541630118,103272.95541630116,1,1.0000000000000002
2005-01-10,43.68597,13.814363,0.005882609036827064,False,False,-1.4062850790333396e-15,-1.4767399614929097e-11,103436.23827035249,103436.23827035248,1,1.0000000000000002
2005-01-11,43.942123,13.49704,0.0060075793953491725,False,False,-1.4064190109456283e-15,-1.476880603394004e-11,104042.73739905826,104042.73739905824,1,1.0000000000000002
2005-01-12,44.001282,13.683054,0.005952686755876409,False,False,-1.4065529556133372e-15,-1.4770212586895654e-11,104182.80947299494,104182.80947299492,1,1.0000000000000002
2005-01-13,44.424896,13.55175,0.005997835882275428,False,False,-1.4066869130376814e-15,-1.477161927380869e-11,105185.8097185808,105185.80971858079,1,1.0000000000000002
2005-01-14,44.420006,13.70494,0.004848810132651336,False,False,-1.4068208832198755e-15,-1.477302609469191e-11,105174.23155732808,105174.23155732806,1,1.0000000000000002
2005-01-18,44.567753,13.817095,0.004846364651042251,False,False,-1.4069548661611345e-15,-1.4774433049558072e-11,105524.0553999881,105524.05539998808,1,1.0000000000000002
2005-01-19,44.695831,13.447804,0.0048597916217833536,False,False,-1.4070888618626735e-15,-1.4775840138419934e-11,105827.30851592416,105827.30851592415,1,1.0000000000000002
2005-01-20,44.784519,13.32197,0.0048446489940938585,False,False,-1.4072228703257081e-15,-1.477724736129026e-11,106037.29705686125,106037.29705686124,1,1.0000000000000002
2005-01-21,44.833775,13.18519,0.004726832346809984,False,False,-1.4073568915514536e-15,-1.4778654718181813e-11,106153.92157846954,106153.92157846953,1,1.0000000000000002
2005-01-24,45.025936,12.892488,0.0046370395046572985,False,False,-1.407490925541125e-15,-1.4780062209107355e-11,106608.90543214772,106608.9054321477,1,1.0000000000000002
2005-01-25,44.602264,13.108599,0.004825267828699309,False,False,-1.4076249722959387e-15,-1.4781469834079652e-11,105605.76785867786,105605.76785867785,1,1.0000000000000002
2005-01-26,44.685986,13.453271,0.00479024405713434,False,False,-1.4077590318171097e-15,-1.478287759311147e-11,105803.99829147976,105803.99829147974,1,1.0000000000000002
2005-01-27,44.602264,13.600995,0.004820358708113619,False,False,-1.4078931041058543e-15,-1.4784285486215576e-11,105605.76785867786,105605.76785867785,1,1.0000000000000002
2005-01-28,45.050556,13.46695,0.005049381411013868,False,False,-1.4080271891633884e-15,-1.478569351340474e-11,106667.19875117477,106667.19875117476,1,1.0000000000000002
2005-01-31,45.178612,13.633819,0.004950480207542108,False,False,-1.4081612869909277e-15,-1.478710167469173e-11,106970.39977722382,106970.3997772238,1,1.0000000000000002
2005-02-01,45.106899,13.800684,0.005005031631061988,False,False,-1.4082953975896886e-15,-1.4788509970089318e-11,106800.60331957204,106800.60331957202,1,1.0000000000000002
2005-02-02,45.210735,13.800684,0.0041155132549983015,False,False,-1.4084295209608876e-15,-1.4789918399610278e-11,107046.45811544907,107046.45811544906,1,1.0000000000000002
2005-02-03,45.186058,13.606464,0.004090287970913205,False,False,-1.4085636571057408e-15,-1.4791326963267382e-11,106988.02983626019,106988.02983626018,1,1.0000000000000002
2005-02-04,45.814022,14.180915,0.004861560745984489,False,False,-1.4086978060254651e-15,-1.4792735661073408e-11,108474.87410065912,108474.8741006591,1,1.0000000000000002
2005-02-07,46.155266,14.142618,0.004979762712921462,False,False,-1.408831967721277e-15,-1.479414449304113e-11,109282.84507377309,109282.84507377307,1,1.0000000000000002
2005-02-08,46.41729,14.427114,0.0050094440181203915,True,False,-1.4089661421943933e-15,-1.4795553459183324e-11,109903.24509914854,109903.24509914852,1,1.0000000000000002
2005-02-09,46.540905,14.07697,0.0049657130258987025,False,False,-1.409100329446031e-15,-1.479696255951277e-11,110195.93107118463,110195.93107118462,1,1.0000000000000002
2005-02-10,45.912952,14.164508,0.006180917117974883,False,False,-1.4092345294774067e-15,-1.4798371794042248e-11,108709.11285172921,108709.1128517292,1,1.0000000000000002
2005-02-11,45.88327,14.613133,0.005950479840108734,True,False,-1.4093687422897379e-15,-1.4799781162784536e-11,108638.83412324179,108638.83412324177,1,1.0000000000000002
2005-02-14,46.026661,14.656898,0.005945028706070327,True,False,-1.4095029678842417e-15,-1.480119066575242e-11,108978.3441682705,108978.34416827049,1,1.0000000000000002
2005-02-15,45.794266,14.738968,0.006123256527028729,True,False,-1.4096372062621353e-15,-1.4802600302958685e-11,108428.09738210922,108428.0973821092,1,1.0000000000000002
2005-02-16,45.621185,14.629544,0.006216915703234694,True,False,-1.4097714574246367e-15,-1.480401007441611e-11,108018.28966681594,108018.28966681592,1,1.0000000000000002
2005-02-17,45.334335,14.410698,0.006422645894738413,True,False,-1.4099057213729628e-15,-1.480541998013748e-11,107339.10857165312,107339.10857165311,1,1.0000000000000002
2005-02-18,44.928909,14.399761,0.0067686106296437785,True,False,-1.4100399981083316e-15,-1.480683002013559e-11,106379.17245630542,106379.1724563054,1,1.0000000000000002
2005-02-22,44.731102,14.372407,0.0067656698897427025,True,False,-1.4101742876319609e-15,-1.4808240194423223e-11,105910.8204434385,105910.82044343848,1,1.0000000000000002
2005-02-23,44.879467,14.31496,0.006454438677301307,True,False,-1.410308589945069e-15,-1.4809650503013167e-11,106262.10753837953,106262.10753837951,1,1.0000000000000002
2005-02-24,44.780571,14.624078,0.0064668439427845335,True,False,-1.4104429050488733e-15,-1.4811060945918215e-11,106027.94928986211,106027.9492898621,1,1.0000000000000002
2005-02-25,44.998142,14.883952,0.006532814470323632,True,False,-1.410577232944592e-15,-1.481247152315116e-11,106543.09696305601,106543.096963056,1,1.0000000000000002
2005-02-28,44.51355,14.706136,0.006588713882286365,True,False,-1.410711573633444e-15,-1.4813882234724794e-11,105395.71775696521,105395.7177569652,1,1.0000000000000002
2005-03-01,44.499683,15.031664,0.0065396704640028015,True,False,-1.4108459271166471e-15,-1.481529308065191e-11,105362.88455408347,105362.88455408346,1,1.0000000000000002
2005-03-02,44.440102,14.815564,0.0065382421029015056,True,False,-1.41098029339542e-15,-1.4816704060945305e-11,105221.81330140475,105221.81330140473,1,1.0000000000000002
2005-03-03,44.415337,14.615869,0.006499330513961963,True,False,-1.4111146724709815e-15,-1.4818115175617777e-11,105163.17666266774,105163.17666266773,1,1.0000000000000002
2005-03-04,44.896469,14.613133,0.007003976756512095,True,False,-1.4112490643445502e-15,-1.481952642468212e-11,106302.36355016255,106302.36355016254,1,1.0000000000000002
2005-03-07,45.075069,14.856598,0.006266795147566014,True,False,-1.411383469017345e-15,-1.482093780815114e-11,106725.23872393309,106725.23872393307,1,1.0000000000000002
2005-03-08,44.648457,14.632282,0.0062394407692502925,True,False,-1.411517886490585e-15,-1.4822349326037632e-11,105715.14004737878,105715.14004737877,1,1.0000000000000002
2005-03-09,43.919308,14.542012,0.006808795048127824,True,False,-1.4116523167654888e-15,-1.4823760978354396e-11,103988.71781848952,103988.7178184895,1,1.0000000000000002
2005-03-10,44.187164,14.7335,0.006992734529015651,True,False,-1.411786759843276e-15,-1.482517276511424e-11,104622.9263993713,104622.92639937128,1,1.0000000000000002
2005-03-11,43.864765,14.405231,0.0066042023684044614,True,False,-1.4119212157251658e-15,-1.4826584686329966e-11,103859.57514993986,103859.57514993985,1,1.0000000000000002
2005-03-14,44.127636,14.427114,0.006851819014839461,True,False,-1.4120556844123778e-15,-1.482799674201438e-11,104481.98063596584,104481.98063596583,1,1.0000000000000002
2005-03-15,43.84985,14.175447,0.006808979207092671,True,False,-1.4121901659061315e-15,-1.4829408932180286e-11,103824.26057425798,103824.26057425796,1,1.0000000000000002
2005-03-16,44.117737,14.035934,0.007034384020209346,False,False,-1.4123246602076463e-15,-1.4830821256840492e-11,104458.542554526,104458.54255452598,1,1.0000000000000002
2005-03-17,44.261547,14.066029,0.007108937464326816,False,False,-1.4124591673181422e-15,-1.483223371600781e-11,104799.04467513038,104799.04467513037,1,1.0000000000000002
2005-03-18,43.983768,13.885484,0.007108516595131521,False,False,-1.4125936872388392e-15,-1.483364630969505e-11,104141.34118747748,104141.34118747746,1,1.0000000000000002
2005-03-21,43.859802,13.929254,0.006898098411480576,False,False,-1.4127282199709572e-15,-1.4835059037915024e-11,103847.8241449711,103847.82414497109,1,1.0000000000000002
2005-03-22,43.487736,13.797949,0.007057903873878436,False,False,-1.4128627655157166e-15,-1.483647190068054e-11,102966.87524013284,102966.87524013282,1,1.0000000000000002
2005-03-23,43.696083,13.956608,0.007116976766593051,False,False,-1.4129973238743373e-15,-1.4837884898004415e-11,103460.18304432978,103460.18304432977,1,1.0000000000000002
2005-03-24,43.785358,13.975756,0.0071529235270265485,False,False,-1.4131318950480397e-15,-1.4839298029899464e-11,103671.56143816162,103671.5614381616,1,1.0000000000000002
2005-03-28,43.51749,13.942936,0.007091768933927015,False,False,-1.4132664790380441e-15,-1.48407112963785e-11,103037.32444461419,103037.32444461418,1,1.0000000000000002
2005-03-29,43.775421,13.713149,0.006940538476992501,False,False,-1.4134010758455716e-15,-1.4842124697454348e-11,103648.03338328055,103648.03338328053,1,1.0000000000000002
2005-03-30,43.993687,14.060555,0.007061129160145467,True,False,-1.4135356854718426e-15,-1.484353823313982e-11,104164.82662336007,104164.82662336006,1,1.0000000000000002
2005-03-31,44.311153,13.942936,0.007266914658773377,False,False,-1.413670307918078e-15,-1.4844951903447737e-11,104916.49789948683,104916.49789948681,1,1.0000000000000002
2005-04-01,44.460522,13.762387,0.007308025765615598,False,False,-1.4138049431854987e-15,-1.484636570839092e-11,105270.16218745397,105270.16218745396,1,1.0000000000000002
2005-04-04,44.450577,13.710414,0.006858618381476166,False,False,-1.413939591275326e-15,-1.4847779647982198e-11,105246.61519079583,105246.61519079581,1,1.0000000000000002
2005-04-05,44.336063,13.699468,0.006790015461400948,False,False,-1.414074252188781e-15,-1.4849193722234388e-11,104975.47785793379,104975.47785793377,1,1.0000000000000002
2005-04-06,44.490379,13.710414,0.0065319352918905465,False,False,-1.4142089259270847e-15,-1.4850607931160315e-11,105340.85526731549,105340.85526731548,1,1.0000000000000002
2005-04-07,44.131908,13.942936,0.005640303462881156,True,False,-1.4143436124914588e-15,-1.4852022274772807e-11,104492.09554493756,104492.09554493755,1,1.0000000000000002
2005-04-08,44.286285,13.901898,0.005527854104954695,False,False,-1.4144783118831245e-15,-1.485343675308469e-11,104857.61738536967,104857.61738536965,1,1.0000000000000002
2005-04-11,44.525276,13.787008,0.005355807185027763,False,False,-1.414613024103304e-15,-1.4854851366108793e-11,105423.48166675039,105423.48166675038,1,1.0000000000000002
2005-04-12,44.938484,13.754179,0.005568863875299678,False,False,-1.4147477491532185e-15,-1.4856266113857945e-11,106401.84339577268,106401.84339577267,1,1.0000000000000002
2005-04-13,44.828964,13.431389,0.0053680428843629335,False,False,-1.41488248703409e-15,-1.485768099634498e-11,106142.53046726568,106142.53046726566,1,1.0000000000000002
2005-04-14,44.759243,13.231695,0.005265539663484297,False,False,-1.415017237747141e-15,-1.4859096013582728e-11,105977.45051211194,105977.45051211193,1,1.0000000000000002
2005-04-15,45.351742,12.815897,0.005938088129723267,False,False,-1.4151520012935932e-15,-1.4860511165584022e-11,107380.32351090184,107380.32351090183,1,1.0000000000000002
2005-04-18,45.316883,12.878815,0.005693663497899362,False,False,-1.4152867776746688e-15,-1.4861926452361697e-11,107297.78708490818,107297.78708490817,1,1.0000000000000002
2005-04-19,45.754982,13.16331,0.0058742947028726945,False,False,-1.4154215668915904e-15,-1.486334187392859e-11,108335.0837856568,108335.08378565678,1,1.0000000000000002
2005-04-20,45.640461,12.97729,0.005439120802977427,False,False,-1.41555636894558e-15,-1.4864757430297536e-11,108063.9298787398,108063.92987873979,1,1.0000000000000002
2005-04-21,45.16254,13.447804,0.0061228735508684,False,False,-1.4156911838378607e-15,-1.4866173121481374e-11,106932.34574702874,106932.34574702872,1,1.0000000000000002
2005-04-22,45.540905,13.239903,0.006303520372405566,False,False,-1.4158260115696548e-15,-1.4867588947492943e-11,107828.20893361158,107828.20893361156,1,1.0000000000000002
2005-04-25,45.675331,13.289143,0.006009408524736345,False,False,-1.4159608521421852e-15,-1.4869004908345086e-11,108146.49234967698,108146.49234967696,1,1.0000000000000002
2005-04-26,45.605656,13.245376,0.006012168302839457,False,False,-1.416095705556675e-15,-1.4870421004050642e-11,107981.52130974158,107981.52130974157,1,1.0000000000000002
2005-04-27,45.764977,13.152367,0.005983217524201816,False,False,-1.416230571814347e-15,-1.4871837234622456e-11,108358.74916842185,108358.74916842184,1,1.0000000000000002
2005-04-28,46.103539,12.993705,0.005991623489739958,False,False,-1.4163654509164245e-15,-1.487325360007337e-11,109160.36991076285,109160.36991076283,1,1.0000000000000002
2005-04-29,46.023891,13.138689,0.006037860552004882,False,False,-1.4165003428641307e-15,-1.4874670100416234e-11,108971.78557794944,108971.78557794943,1,1.0000000000000002
2005-05-02,46.013874,13.130484,0.0060377580304210405,False,False,-1.416635247658689e-15,-1.4876086735663893e-11,108948.06810529737,108948.06810529735,1,1.0000000000000002
2005-05-03,46.138805,13.097659,0.005954413598973521,False,False,-1.416770165301323e-15,-1.4877503505829195e-11,109243.86999966651,109243.8699996665,1,1.0000000000000002
2005-05-04,45.734077,13.393091,0.006409773195581823,False,False,-1.4169050957932567e-15,-1.4878920410924986e-11,108285.58655437084,108285.58655437082,1,1.0000000000000002
2005-05-05,45.838997,13.425917,0.006010570070801178,False,False,-1.417040039135713e-15,-1.488033745096412e-11,108534.007961045,108534.00796104499,1,1.0000000000000002
2005-05-06,45.499218,13.524395,0.0063456844041243805,False,False,-1.4171749953299164e-15,-1.488175462595945e-11,107729.50570086257,107729.50570086256,1,1.0000000000000002
2005-05-09,45.544174,13.576368,0.006274443480043556,False,False,-1.4173099643770905e-15,-1.4883171935923827e-11,107835.9490172793,107835.94901727929,1,1.0000000000000002
2005-05-10,45.868996,13.431389,0.006146338453975314,False,False,-1.4174449462784598e-15,-1.4884589380870105e-11,108605.03725745007,108605.03725745005,1,1.0000000000000002
2005-05-11,46.008862,13.453271,0.006105833183611114,False,False,-1.4175799410352483e-15,-1.488600696081114e-11,108936.20108194386,108936.20108194384,1,1.0000000000000002
2005-05-12,46.188797,13.505249,0.006093486337320469,False,False,-1.4177149486486803e-15,-1.4887424675759788e-11,109362.23716476807,109362.23716476806,1,1.0000000000000002
2005-05-13,46.368656,13.934723,0.005489134106614191,True,False,-1.4178499691199799e-15,-1.4888842525728907e-11,109788.09330070982,109788.0933007098,1,1.0000000000000002
2005-05-16,46.313675,13.986696,0.005497438485689269,True,False,-1.4179850024503723e-15,-1.4890260510731358e-11,109657.91356986391,109657.9135698639,1,1.0000000000000002
2005-05-17,46.44355,14.096118,0.005140174912740518,True,False,-1.4181200486410818e-15,-1.489167863078e-11,109965.42148248121,109965.4214824812,1,1.0000000000000002
2005-05-18,46.753391,14.265722,0.005241895739406554,True,False,-1.4182551076933334e-15,-1.4893096885887695e-11,110699.03887730898,110699.03887730897,1,1.0000000000000002
2005-05-19,46.633453,14.293077,0.00456255063942118,True,False,-1.418390179608352e-15,-1.4894515276067305e-11,110415.05901957276,110415.05901957274,1,1.0000000000000002
2005-05-20,46.688416,14.399761,0.004277851963458953,True,False,-1.4185252643873626e-15,-1.4895933801331693e-11,110545.19613142016,110545.19613142015,1,1.0000000000000002
2005-05-23,47.053165,14.432588,0.0045094849182752824,True,False,-1.4186603620315898e-15,-1.4897352461693723e-11,111408.8204133778,111408.82041337779,1,1.0000000000000002
2005-05-24,47.183071,14.604931,0.004460327900673801,True,False,-1.4187954725422594e-15,-1.4898771257166265e-11,111716.40172538137,111716.40172538135,1,1.0000000000000002
2005-05-25,46.853264,14.481822,0.004840795724527786,True,False,-1.4189305959205968e-15,-1.4900190187762184e-11,110935.51039035483,110935.51039035482,1,1.0000000000000002
2005-05-26,46.838306,14.728031,0.004623308117308138,True,False,-1.4190657321678272e-15,-1.4901609253494352e-11,110900.094002621,110900.09400262099,1,1.0000000000000002
2005-05-27,46.888283,14.665108,0.004585223471653187,True,False,-1.4192008812851764e-15,-1.4903028454375637e-11,111018.42565189049,111018.42565189047,1,1.0000000000000002
2005-05-31,47.467884,14.635014,0.0052277945432741115,True,False,-1.4193360432738704e-15,-1.490444779041891e-11,112390.75977054996,112390.75977054995,1,1.0000000000000002
2005-06-01,48.049137,14.744439,0.005740627929207846,True,False,-1.4194712181351343e-15,-1.4905867261637046e-11,113767.00536618073,113767.00536618072,1,1.0000000000000002
2005-06-02,48.164497,14.960548,0.005142745954648146,True,False,-1.4196064058701949e-15,-1.4907286868042915e-11,114040.14579197114,114040.14579197112,1,1.0000000000000002
2005-06-03,47.768269,14.831971,0.005687312242080311,True,False,-1.4197416064802777e-15,-1.4908706609649395e-11,113101.98798484485,113101.98798484483,1,1.0000000000000002
2005-06-06,48.01907,14.730762,0.005263261461550186,True,False,-1.4198768199666092e-15,-1.491012648646936e-11,113695.81506467031,113695.8150646703,1,1.0000000000000002
2005-06-07,48.400173,14.613133,0.005371328476703334,True,False,-1.4200120463304153e-15,-1.491154649851569e-11,114598.16107446582,114598.16107446581,1,1.0000000000000002
2005-06-08,48.169472,14.725294,0.005552223158073151,True,False,-1.420147285572923e-15,-1.4912966645801262e-11,114051.92520960557,114051.92520960556,1,1.0000000000000002
2005-06-09,48.129364,15.004309,0.005597764274135406,True,False,-1.4202825376953585e-15,-1.4914386928338958e-11,113956.9606101118,113956.96061011178,1,1.0000000000000002
2005-06-10,47.587738,14.777264,0.0063461948726859395,True,False,-1.4204178026989485e-15,-1.4915807346141658e-11,112674.54073962665,112674.54073962664,1,1.0000000000000002
2005-06-13,47.301899,14.752648,0.006533569665305753,True,False,-1.4205530805849199e-15,-1.4917227899222244e-11,111997.75341154491,111997.7534115449,1,1.0000000000000002
2005-06-14,46.990944,14.654166,0.00673745337604792,True,False,-1.4206883713544995e-15,-1.49186485875936e-11,111261.49837425587,111261.49837425585,1,1.0000000000000002
2005-06-16,47.311928,14.79915,0.0068608448336605786,True,False,-1.4208236750089143e-15,-1.492006941126861e-11,112021.49929686263,112021.49929686262,1,1.0000000000000002
2005-06-17,47.306892,14.79915,0.006729295794147862,True,False,-1.4209589915493916e-15,-1.492149037026016e-11,112009.5754481778,112009.57544817778,1,1.0000000000000002
2005-06-20,47.22662,14.730762,0.006710592938044143,True,False,-1.421094320977158e-15,-1.4922911464581137e-11,111819.51365675054,111819.51365675053,1,1.0000000000000002
2005-06-22,48.149414,14.94139,0.00791138000889251,True,False,-1.4212296632934417e-15,-1.492433269424443e-11,114004.43343897014,114004.43343897013,1,1.0000000000000002
2005-06-23,48.099266,14.946863,0.007790110694451726,True,False,-1.4213650184994698e-15,-1.492575405926293e-11,113885.69690921513,113885.69690921511,1,1.0000000000000002
2005-06-24,48.340008,14.66237,0.00783107860657028,True,False,-1.4215003865964697e-15,-1.4927175559649527e-11,114455.70707205874,114455.70707205872,1,1.0000000000000002
2005-06-27,48.470375,14.432588,0.007591588846525756,True,False,-1.4216357675856692e-15,-1.4928597195417114e-11,114764.37990396771,114764.3799039677,1,1.0000000000000002
2005-06-28,48.139404,14.602191,0.007819977137439198,True,False,-1.4217711614682968e-15,-1.4930018966578583e-11,113980.73254037304,113980.73254037302,1,1.0000000000000002
2005-06-29,48.064182,14.539278,0.007847419618022612,True,False,-1.4219065682455794e-15,-1.493144087314683e-11,113802.62774574052,113802.62774574051,1,1.0000000000000002
2005-06-30,48.495453,14.421646,0.0076318610807345295,True,False,-1.4220419879187457e-15,-1.4932862915134748e-11,114823.75763973377,114823.75763973375,1,1.0000000000000002
2005-07-01,47.907707,14.459942,0.007710950280189356,True,False,-1.4221774204890236e-15,-1.4934285092555238e-11,113432.13842426377,113432.13842426376,1,1.0000000000000002
2005-07-05,47.4548,14.665108,0.007959132297187433,True,False,-1.4223128659576417e-15,-1.4935707405421196e-11,112359.78049410196,112359.78049410194,1,1.0000000000000002
2005-07-06,47.716484,14.793674,0.007869232052068789,True,False,-1.4224483243258282e-15,-1.493712985374552e-11,112979.37549395063,112979.37549395062,1,1.0000000000000002
2005-07-07,47.817093,14.853856,0.007789182529596186,True,False,-1.4225837955948116e-15,-1.4938552437541114e-11,113217.58965048972,113217.58965048971,1,1.0000000000000002
2005-07-08,47.62085,15.171176,0.00759116555800154,True,False,-1.4227192797658204e-15,-1.493997515682088e-11,112752.94075504596,112752.94075504594,1,1.0000000000000002
2005-07-11,47.62085,15.515853,0.007534747334367803,True,False,-1.4228547768400839e-15,-1.494139801159772e-11,112752.94075504596,112752.94075504594,1,1.0000000000000002
2005-07-12,47.35413,15.647167,0.0076188999465856755,True,False,-1.4229902868188307e-15,-1.494282100188454e-11,112121.42190651248,112121.42190651246,1,1.0000000000000002
2005-07-13,47.283665,15.690929,0.007211723344043617,True,False,-1.4231258097032896e-15,-1.4944244127694242e-11,111954.5803660884,111954.58036608838,1,1.0000000000000002
2005-07-14,47.162907,15.852324,0.007108312583529327,True,False,-1.4232613454946899e-15,-1.4945667389039738e-11,111668.65897619934,111668.65897619932,1,1.0000000000000002
2005-07-15,47.288727,15.805818,0.006966342811076299,True,False,-1.4233968941942606e-15,-1.494709078593393e-11,111966.56577554879,111966.56577554878,1,1.0000000000000002
2005-07-18,46.936447,15.723757,0.006997966255009182,True,False,-1.4235324558032316e-15,-1.4948514318389733e-11,111132.46462092455,111132.46462092454,1,1.0000000000000002
2005-07-19,47.102512,16.043806,0.0070530275674650904,True,False,-1.423668030322832e-15,-1.4949937986420057e-11,111525.66039770062,111525.6603977006,1,1.0000000000000002
2005-07-20,47.359154,16.199734,0.0071537452823063645,True,False,-1.4238036177542912e-15,-1.495136179003781e-11,112133.31734253165,112133.31734253163,1,1.0000000000000002
2005-07-21,46.715046,15.937122,0.006241023629111638,True,False,-1.423939218098839e-15,-1.4952785729255908e-11,110608.24857194375,110608.24857194374,1,1.0000000000000002
2005-07-22,47.077381,16.041075,0.006574838769225498,True,False,-1.4240748313577055e-15,-1.4954209804087265e-11,111466.15717266129,111466.15717266127,1,1.0000000000000002
2005-07-25,46.906223,16.008244,0.006437597976870342,True,False,-1.4242104575321205e-15,-1.4955634014544797e-11,111060.90258703854,111060.90258703852,1,1.0000000000000002
2005-07-26,46.981762,16.235296,0.006404864380745462,True,False,-1.4243460966233141e-15,-1.495705836064142e-11,111239.75794958869,111239.75794958867,1,1.0000000000000002
2005-07-27,46.906223,16.1122,0.00628299989950618,True,False,-1.4244817486325162e-15,-1.4958482842390052e-11,111060.90258703854,111060.90258703852,1,1.0000000000000002
2005-07-28,47.323963,16.19425,0.006680062556957534,True,False,-1.4246174135609573e-15,-1.4959907459803615e-11,112049.99483278832,112049.9948327883,1,1.0000000000000002
2005-07-29,46.855961,16.095789,0.006568368194480865,True,False,-1.4247530914098683e-15,-1.4961332212895024e-11,110941.89613695985,110941.89613695984,1,1.0000000000000002
2005-08-01,46.681683,16.123142,0.006114961109372088,True,False,-1.4248887821804786e-15,-1.4962757101677203e-11,110529.25425826789,110529.25425826787,1,1.0000000000000002
2005-08-02,46.530144,16.467815,0.005826677362943106,True,False,-1.4250244858740196e-15,-1.4964182126163076e-11,110170.45201326221,110170.4520132622,1,1.0000000000000002
2005-08-03,46.757446,16.388487,0.005791589653598917,True,False,-1.4251602024917215e-15,-1.4965607286365568e-11,110708.63999057685,110708.63999057683,1,1.0000000000000002
2005-08-04,46.661472,16.035603,0.005748131774993552,True,False,-1.4252959320348159e-15,-1.4967032582297602e-11,110481.40022614542,110481.4002261454,1,1.0000000000000002
2005-08-05,46.297825,15.953534,0.005904106061127941,True,False,-1.4254316745045335e-15,-1.4968458013972108e-11,109620.38517398338,109620.38517398336,1,1.0000000000000002
2005-08-08,46.211914,15.849589,0.005895381505794917,True,False,-1.4255674299021056e-15,-1.496988358140201e-11,109416.97179742233,109416.97179742232,1,1.0000000000000002
2005-08-09,46.383671,16.062954,0.005921558095442725,True,False,-1.425703198228763e-15,-1.4971309284600237e-11,109823.64464860548,109823.64464860546,1,1.0000000000000002
2005-08-10,46.333191,15.838646,0.005920619901073531,True,False,-1.425838979485737e-15,-1.4972735123579724e-11,109704.12203510078,109704.12203510077,1,1.0000000000000002
2005-08-11,46.656445,16.013714,0.0061670096801138986,True,False,-1.4259747736742594e-15,-1.49741610983534e-11,110469.49768695982,110469.4976869598,1,1.0000000000000002
2005-08-12,47.131252,15.729227,0.006582682367464575,True,False,-1.426110580795562e-15,-1.4975587208934195e-11,111593.70873193449,111593.70873193447,1,1.0000000000000002
2005-08-15,47.010014,15.93439,0.006384430132534852,True,False,-1.4262464008508757e-15,-1.4977013455335046e-11,111306.6508354194,111306.65083541938,1,1.0000000000000002
2005-08-16,47.338326,15.614336,0.006526447589180061,True,False,-1.426382233841433e-15,-1.4978439837568886e-11,112084.00242585028,112084.00242585027,1,1.0000000000000002
2005-08-17,47.025131,15.83317,0.006579777326249798,True,False,-1.4265180797684655e-15,-1.4979866355648653e-11,111342.44369097309,111342.44369097307,1,1.0000000000000002
2005-08-18,47.37365,15.688188,0.005992466948646521,True,False,-1.4266539386332051e-15,-1.4981293009587288e-11,112167.6398426379,112167.63984263789,1,1.0000000000000002
2005-08-19,47.368607,15.690929,0.005760557809192706,True,False,-1.4267898104368847e-15,-1.4982719799397725e-11,112155.69941989813,112155.69941989811,1,1.0000000000000002
2005-08-22,47.318096,15.920708,0.005696021513076107,True,False,-1.4269256951807358e-15,-1.4984146725092904e-11,112036.10340700718,112036.10340700716,1,1.0000000000000002
2005-08-23,47.535275,15.871469,0.005766469414189153,True,False,-1.427061592865991e-15,-1.498557378668577e-11,112550.32293312316,112550.32293312314,1,1.0000000000000002
2005-08-24,47.580723,15.75658,0.005743565060044905,True,False,-1.427197503493883e-15,-1.4987000984189265e-11,112657.93116883158,112657.93116883156,1,1.0000000000000002
2005-08-25,47.732273,15.855057,0.0054521037588727145,True,False,-1.4273334270656443e-15,-1.4988428317616332e-11,113016.75945878077,113016.75945878075,1,1.0000000000000002
2005-08-26,47.717171,15.712807,0.004883986174493248,True,False,-1.427469363582508e-15,-1.4989855786979914e-11,112981.00211905915,112981.00211905914,1,1.0000000000000002
2005-08-29,47.777756,15.896091,0.004760538166874094,True,False,-1.4276053130457064e-15,-1.499128339229296e-11,113124.450564764,113124.45056476399,1,1.0000000000000002
2005-08-30,48.080841,15.959002,0.004774940894567247,True,False,-1.4277412754564726e-15,-1.4992711133568417e-11,113842.07162883034,113842.07162883032,1,1.0000000000000002
2005-08-31,48.484955,16.125874,0.004960008686139573,True,False,-1.4278772508160399e-15,-1.499413901081923e-11,114798.90129273354,114798.90129273353,1,1.0000000000000002
2005-09-01,48.192917,15.969946,0.0051980719690516985,True,False,-1.428013239125641e-15,-1.4995567024058357e-11,114107.43645512099,114107.43645512097,1,1.0000000000000002
2005-09-02,48.233471,15.912495,0.004707989925606008,True,False,-1.4281492403865104e-15,-1.4996995173298743e-11,114203.45705868812,114203.4570586881,1,1.0000000000000002
2005-09-06,47.893917,16.166901,0.005065731167385581,True,False,-1.4282852545998803e-15,-1.4998423458553344e-11,113399.48753598664,113399.48753598663,1,1.0000000000000002
2005-09-07,47.442753,16.177849,0.00562798807743255,True,False,-1.4284212817669853e-15,-1.4999851879835112e-11,112331.25654551062,112331.25654551061,1,1.0000000000000002
2005-09-08,47.493427,16.407633,0.005603869423351975,True,False,-1.4285573218890586e-15,-1.5001280437157e-11,112451.23849711,112451.23849710998,1,1.0000000000000002
2005-09-09,47.6455,16.470549,0.0054634182637427085,True,False,-1.4286933749673334e-15,-1.5002709130531967e-11,112811.30510573715,112811.30510573713,1,1.0000000000000002
2005-09-12,47.316097,16.440456,0.005301321457483198,True,False,-1.4288294410030446e-15,-1.500413795997297e-11,112031.37033045417,112031.37033045416,1,1.0000000000000002
2005-09-13,47.564438,16.588175,0.005373610655220961,True,False,-1.428965519997426e-15,-1.5005566925492968e-11,112619.3728138212,112619.37281382119,1,1.0000000000000002
2005-09-14,47.381935,16.495169,0.005240591421837831,True,False,-1.4291016119517113e-15,-1.500699602710492e-11,112187.2564205477,112187.25642054768,1,1.0000000000000002
2005-09-15,46.991673,16.331043,0.005361501662261329,True,False,-1.4292377168671355e-15,-1.500842526482179e-11,111263.22444369417,111263.22444369415,1,1.0000000000000002
2005-09-16,46.682487,16.38575,0.005253807937571688,True,False,-1.4293738347449326e-15,-1.5009854638656533e-11,110531.1579068665,110531.15790686649,1,1.0000000000000002
2005-09-19,46.783855,16.150496,0.005292628999848278,True,False,-1.4295099655863367e-15,-1.501128414862212e-11,110771.16916450801,110771.169164508,1,1.0000000000000002
2005-09-20,46.905495,16.043806,0.005339576874064729,True,False,-1.4296461093925828e-15,-1.501271379473151e-11,111059.1788853224,111059.17888532238,1,1.0000000000000002
2005-09-21,47.341404,15.822223,0.005662951172790094,True,False,-1.4297822661649059e-15,-1.5014143576997674e-11,112091.29027458973,112091.29027458972,1,1.0000000000000002
2005-09-22,47.295818,15.74837,0.005658518410974042,True,False,-1.4299184359045405e-15,-1.501557349543358e-11,111983.35529322631,111983.3552932263,1,1.0000000000000002
2005-09-23,46.940952,15.876935,0.005816479528201011,True,False,-1.4300546186127218e-15,-1.501700355005219e-11,111143.13120915434,111143.13120915432,1,1.0000000000000002
2005-09-26,46.728096,15.920452,0.005873177757192912,True,False,-1.430190814290685e-15,-1.501843374086648e-11,110639.14734583907,110639.14734583905,1,1.0000000000000002
2005-09-27,46.793995,15.742558,0.005876175194457147,True,False,-1.4303270229396648e-15,-1.501986406788942e-11,110795.17786698301,110795.177866983,1,1.0000000000000002
2005-09-28,47.10825,15.731615,0.00590108497795076,True,False,-1.4304632445608971e-15,-1.502129453113398e-11,111539.24638732601,111539.246387326,1,1.0000000000000002
2005-09-29,46.895367,15.977933,0.005512738072001499,True,False,-1.4305994791556172e-15,-1.5022725130613137e-11,111035.19859551305,111035.19859551304,1,1.0000000000000002
2005-09-30,46.733185,16.218781,0.005434666189871048,True,False,-1.4307357267250607e-15,-1.502415586633986e-11,110651.19668379718,110651.19668379717,1,1.0000000000000002
2005-10-03,46.367821,16.37204,0.005579891907614026,True,False,-1.430871987270463e-15,-1.502558673832713e-11,109786.11625272494,109786.11625272493,1,1.0000000000000002
2005-10-04,46.520462,16.153093,0.005562732390393345,True,False,-1.43100826079306e-15,-1.5027017746587923e-11,110147.52772752623,110147.52772752622,1,1.0000000000000002
2005-10-05,46.724033,15.884872,0.005370968502118381,True,False,-1.4311445472940878e-15,-1.5028448891135217e-11,110629.52729079411,110629.5272907941,1,1.0000000000000002
2005-10-06,46.545902,15.668669,0.005394414703292796,True,False,-1.4312808467747827e-15,-1.502988017198199e-11,110207.76257870608,110207.76257870607,1,1.0000000000000002
2005-10-07,46.734196,15.756245,0.005432027309215597,True,False,-1.4314171592363803e-15,-1.5031311589141228e-11,110653.59045087827,110653.59045087826,1,1.0000000000000002
2005-10-10,46.703655,15.756245,0.0052470003515081,True,False,-1.431553484680117e-15,-1.503274314262591e-11,110581.27784907464,110581.27784907463,1,1.0000000000000002
2005-10-11,46.606949,15.009082,0.005066877711315105,True,False,-1.4316898231072295e-15,-1.5034174832449014e-11,110352.30491203851,110352.3049120385,1,1.0000000000000002
2005-10-12,46.154099,14.976231,0.005402514846564957,True,False,-1.4318261745189537e-15,-1.5035606658623532e-11,109280.08194203855,109280.08194203854,1,1.0000000000000002
2005-10-13,45.986156,15.233503,0.005183556136200496,True,False,-1.4319625389165268e-15,-1.5037038621162447e-11,108882.43958308813,108882.43958308811,1,1.0000000000000002
2005-10-14,45.914917,15.211607,0.005020963843153542,True,False,-1.4320989163011854e-15,-1.503847072007875e-11,108713.76542572955,108713.76542572954,1,1.0000000000000002
2005-10-17,45.90472,15.238974,0.004974067743405925,True,False,-1.4322353066741668e-15,-1.5039902955385425e-11,108689.62176309271,108689.6217630927,1,1.0000000000000002
2005-10-18,45.955601,15.129496,0.0049291554370655835,True,False,-1.4323717100367072e-15,-1.5041335327095463e-11,108810.09383317457,108810.09383317456,1,1.0000000000000002
2005-10-19,45.975956,15.189705,0.004318639628798746,True,False,-1.4325081263900441e-15,-1.5042767835221853e-11,108858.28881728486,108858.28881728485,1,1.0000000000000002
2005-10-20,46.098087,15.217085,0.004415295108855818,True,False,-1.4326445557354145e-15,-1.5044200479777588e-11,109147.46108966881,109147.4610896688,1,1.0000000000000002
2005-10-21,46.525547,15.364866,0.004745197958026298,True,False,-1.4327809980740563e-15,-1.5045633260775663e-11,110159.56759459579,110159.56759459578,1,1.0000000000000002
2005-10-24,46.164261,15.54003,0.004944530944646609,True,False,-1.432917453407206e-15,-1.504706617822907e-11,109304.14273440058,109304.14273440056,1,1.0000000000000002
2005-10-25,45.767372,15.304663,0.005230734431117705,True,False,-1.433053921736102e-15,-1.5048499232150806e-11,108364.41986294134,108364.41986294133,1,1.0000000000000002
2005-10-26,45.431492,15.29371,0.005069189108432335,True,False,-1.4331904030619816e-15,-1.5049932422553867e-11,107569.14935137329,107569.14935137327,1,1.0000000000000002
2005-10-27,45.594341,14.965281,0.00516375068538914,True,False,-1.4333268973860825e-15,-1.5051365749451254e-11,107954.73053375493,107954.73053375492,1,1.0000000000000002
2005-10-28,45.599403,14.951598,0.0051506403708807295,True,False,-1.4334634047096432e-15,-1.5052799212855963e-11,107966.71594321533,107966.71594321531,1,1.0000000000000002
2005-10-31,45.685909,15.271821,0.004948286301987021,True,False,-1.4335999250339014e-15,-1.5054232812780997e-11,108171.53811444822,108171.53811444821,1,1.0000000000000002
2005-11-01,45.633278,15.107608,0.004856845602114957,True,False,-1.4337364583600948e-15,-1.5055666549239358e-11,108046.92253062561,108046.9225306256,1,1.0000000000000002
2005-11-02,45.418587,15.638562,0.004755889869440476,True,False,-1.4338730046894626e-15,-1.5057100422244047e-11,107538.59389718792,107538.59389718791,1,1.0000000000000002
2005-11-03,45.111897,15.928669,0.004878821320861063,True,False,-1.4340095640232428e-15,-1.5058534431808072e-11,106812.43719481563,106812.43719481562,1,1.0000000000000002
2005-11-04,45.040363,15.98888,0.004697667554605584,True,False,-1.4341461363626735e-15,-1.5059968577944433e-11,106643.06455942648,106643.06455942646,1,1.0000000000000002
2005-11-07,45.193748,16.010771,0.004837174203477494,True,False,-1.4342827217089938e-15,-1.5061402860666143e-11,107006.23761949812,107006.2376194981,1,1.0000000000000002
2005-11-08,45.633278,15.991615,0.005456322154256931,True,False,-1.4344193200634422e-15,-1.5062837279986207e-11,108046.92253062561,108046.9225306256,1,1.0000000000000002
2005-11-09,45.163044,16.235199,0.005507612753703352,True,False,-1.4345559314272578e-15,-1.5064271835917634e-11,106933.53907898608,106933.53907898607,1,1.0000000000000002
2005-11-10,45.715061,16.355621,0.006208883134142075,True,False,-1.4346925558016797e-15,-1.5065706528473436e-11,108240.56195020274,108240.56195020273,1,1.0000000000000002
2005-11-11,45.740612,16.311831,0.006204360238850153,True,False,-1.4348291931879465e-15,-1.5067141357666625e-11,108301.05961853988,108301.05961853986,1,1.0000000000000002
2005-11-14,45.398167,16.366571,0.006416992769620253,True,False,-1.434965843587298e-15,-1.5068576323510213e-11,107490.24501113867,107490.24501113866,1,1.0000000000000002
2005-11-15,45.694637,16.246151,0.006601656458866224,True,False,-1.4351025070009726e-15,-1.5070011426017214e-11,108192.20359326496,108192.20359326495,1,1.0000000000000002
2005-11-16,46.175064,16.237932,0.007026031864115744,True,False,-1.4352391834302111e-15,-1.5071446665200645e-11,109329.72123665277,109329.72123665275,1,1.0000000000000002
2005-11-17,46.287533,16.421303,0.0070221847750813115,True,False,-1.4353758728762522e-15,-1.507288204107352e-11,109596.01657774349,109596.01657774347,1,1.0000000000000002
2005-11-18,46.07288,16.71142,0.00676439025557197,True,False,-1.4355125753403352e-15,-1.507431755364886e-11,109087.777917747,109087.77791774698,1,1.0000000000000002
2005-11-21,46.210857,16.634789,0.006578598043358819,True,False,-1.435649290823701e-15,-1.5075753202939686e-11,109414.46911512292,109414.4691151229,1,1.0000000000000002
2005-11-22,46.272186,16.864681,0.0062556076780877,True,False,-1.435786019327589e-15,-1.5077188988959013e-11,109559.67914609813,109559.67914609812,1,1.0000000000000002
2005-11-23,46.093292,16.905731,0.0060690214570427595,True,False,-1.4359227608532394e-15,-1.5078624911719866e-11,109136.10786201914,109136.10786201913,1,1.0000000000000002
2005-11-25,46.261959,17.015205,0.006070888243208299,True,False,-1.4360595154018919e-15,-1.5080060971235267e-11,109535.46445179718,109535.46445179716,1,1.0000000000000002
2005-11-28,46.49197,16.820896,0.006141403154878424,True,False,-1.4361962829747874e-15,-1.5081497167518242e-11,110080.0665883825,110080.06658838248,1,1.0000000000000002
2005-11-29,46.05241,16.73605,0.006564919506371198,True,False,-1.4363330635731658e-15,-1.5082933500581816e-11,109039.31064559089,109039.31064559087,1,1.0000000000000002
2005-11-30,46.001297,16.927628,0.006564401391028547,True,False,-1.4364698571982683e-15,-1.5084369970439014e-11,108918.28926397311,108918.2892639731,1,1.0000000000000002
2005-12-01,45.929413,17.502375,0.006472266170001194,True,False,-1.436606663851335e-15,-1.5085806577102864e-11,108748.0879258358,108748.08792583579,1,1.0000000000000002
2005-12-02,45.944801,17.488691,0.006239263771729908,True,False,-1.4367434835336063e-15,-1.5087243320586397e-11,108784.52243408878,108784.52243408877,1,1.0000000000000002
2005-12-05,45.739491,17.253323,0.006333086596147492,True,False,-1.4368803162463234e-15,-1.5088680200902645e-11,108298.40540202367,108298.40540202365,1,1.0000000000000002
2005-12-06,46.206596,17.420269,0.0066531762593219895,True,False,-1.4370171619907281e-15,-1.5090117218064635e-11,109404.38025109471,109404.3802510947,1,1.0000000000000002
2005-12-07,46.032082,17.195848,0.006417295529094746,True,False,-1.4371540207680606e-15,-1.5091554372085403e-11,108991.1795899783,108991.17958997829,1,1.0000000000000002
2005-12-08,46.329865,16.957735,0.0060174958882717525,True,False,-1.4372908925795623e-15,-1.5092991662977982e-11,109696.24699127121,109696.2469912712,1,1.0000000000000002
2005-12-09,45.965397,17.190376,0.0057757326747726045,True,False,-1.4374277774264744e-15,-1.5094429090755407e-11,108833.28803923425,108833.28803923423,1,1.0000000000000002
2005-12-12,45.87809,17.321743,0.005795487820202507,True,False,-1.4375646753100389e-15,-1.5095866655430717e-11,108626.56932256915,108626.56932256914,1,1.0000000000000002
2005-12-13,46.047459,17.338161,0.005551855365345468,True,False,-1.4377015862314969e-15,-1.509730435701695e-11,109027.58805328776,109027.58805328775,1,1.0000000000000002
2005-12-14,46.519764,17.291645,0.0058104882780552905,True,False,-1.4378385101920904e-15,-1.509874219552714e-11,110145.87505747422,110145.8750574742,1,1.0000000000000002
2005-12-15,46.406822,17.22048,0.005393723923333424,True,False,-1.4379754471930611e-15,-1.510018017097433e-11,109878.45978381242,109878.4597838124,1,1.0000000000000002
2005-12-16,46.560837,17.132902,0.00541602402238686,True,False,-1.4381123972356507e-15,-1.5101618283371568e-11,110243.12450883073,110243.12450883072,1,1.0000000000000002
2005-12-19,46.607029,16.788042,0.005290509111445649,True,False,-1.4382493603211019e-15,-1.510305653273189e-11,110352.4943298095,110352.49432980949,1,1.0000000000000002
2005-12-20,46.550587,16.818157,0.005273007704914936,True,False,-1.4383863364506564e-15,-1.510449491906834e-11,110218.85535692061,110218.8553569206,1,1.0000000000000002
2005-12-21,46.468437,16.861952,0.005288694437388094,True,False,-1.4385233256255564e-15,-1.5105933442393964e-11,110024.34698331899,110024.34698331897,1,1.0000000000000002
2005-12-22,46.838062,17.06995,0.005464005674805982,True,False,-1.4386603278470443e-15,-1.510737210272181e-11,110899.51627841944,110899.51627841943,1,1.0000000000000002
2005-12-23,47.125515,17.121944,0.005558724856517366,True,False,-1.438797343116363e-15,-1.5108810900064926e-11,111580.12511003122,111580.12511003121,1,1.0000000000000002
2005-12-27,47.51054,16.941313,0.005723087822521283,True,False,-1.4389343714347549e-15,-1.511024983443636e-11,112491.75732605028,112491.75732605027,1,1.0000000000000002
2005-12-28,47.378101,16.952263,0.0052469785398450075,True,False,-1.439071412803463e-15,-1.5111688905849165e-11,112178.17857387225,112178.17857387224,1,1.0000000000000002
2005-12-29,47.48114,16.801727,0.005214934555384438,True,False,-1.43920846722373e-15,-1.511312811431639e-11,112422.14629520565,112422.14629520563,1,1.0000000000000002
2005-12-30,47.372906,16.686783,0.005240158930001728,True,False,-1.4393455346967992e-15,-1.5114567459851086e-11,112165.87825736756,112165.87825736754,1,1.0000000000000002
2006-01-03,47.311081,17.141109,0.0052728818383555205,True,False,-2.1976101259085072e-15,-1.5116765069976994e-11,112019.4938362121,112019.49383621209,1,1.0000000000000002
2006-01-04,47.424423,17.390169,0.005085753601144973,True,False,-2.197929651444274e-15,-1.511896299962844e-11,112287.8561987289,112287.85619872888,1,1.0000000000000002
2006-01-05,47.36776,17.754175,0.004725402911574827,True,False,-2.1982492234380395e-15,-1.5121161248851875e-11,112153.6939592476,112153.69395924758,1,1.0000000000000002
2006-01-06,47.280128,18.159239,0.00463617045043765,True,False,-2.1985688418965584e-15,-1.512335981769377e-11,111946.2057328878,111946.20573288779,1,1.0000000000000002
2006-01-09,47.311081,18.356283,0.004478352991134112,True,False,-2.1988885068265865e-15,-1.5125558706200596e-11,112019.4938362121,112019.49383621209,1,1.0000000000000002
2006-01-10,46.929588,18.378181,0.004499368957459432,True,False,-2.1992082182348804e-15,-1.5127757914418833e-11,111116.22441478295,111116.22441478293,1,1.0000000000000002
2006-01-11,46.852245,18.597122,0.004491056713030097,True,False,-2.1995279761281985e-15,-1.512995744239496e-11,110933.09768149664,110933.09768149663,1,1.0000000000000002
2006-01-12,47.166718,18.400078,0.0046318667452017355,True,False,-2.1998477805132992e-15,-1.5132157290175474e-11,111677.68236526565,111677.68236526563,1,1.0000000000000002
2006-01-13,47.439919,18.255022,0.004270505617397334,True,False,-2.200167631396942e-15,-1.513435745780687e-11,112324.54642097275,112324.54642097274,1,1.0000000000000002
2006-01-17,47.651295,17.970388,0.004258304315243365,True,False,-2.200487528785888e-15,-1.5136557945335655e-11,112825.02605552437,112825.02605552436,1,1.0000000000000002
2006-01-18,47.635811,17.803432,0.004246508681724345,True,False,-2.2008074726868985e-15,-1.513875875280834e-11,112788.3642459462,112788.36424594618,1,1.0000000000000002
2006-01-19,47.496582,18.301538,0.004343081922967038,True,False,-2.2011274631067366e-15,-1.514095988027145e-11,112458.70866045404,112458.70866045402,1,1.0000000000000002
2006-01-20,47.620319,17.617321,0.004327078929592524,True,False,-2.2014475000521665e-15,-1.51431613277715e-11,112751.68349459092,112751.6834945909,1,1.0000000000000002
2006-01-23,47.604851,17.691227,0.004288022004595203,True,False,-2.2017675835299517e-15,-1.514536309535503e-11,112715.05956856693,112715.05956856691,1,1.0000000000000002
2006-01-24,47.372906,17.871861,0.004187587655674548,True,False,-2.2020877135468585e-15,-1.514756518306858e-11,112165.87825736756,112165.87825736754,1,1.0000000000000002
2006-01-25,46.857426,17.888273,0.004703135454918773,True,False,-2.202407890109654e-15,-1.514976759095869e-11,110945.36484989138,110945.36484989137,1,1.0000000000000002
2006-01-26,46.65641,18.268711,0.004339017337821097,True,False,-2.2027281132251045e-15,-1.5151970319071913e-11,110469.41481668502,110469.414816685,1,1.0000000000000002
2006-01-27,46.65641,18.435658,0.004320066652500651,True,False,-2.2030483828999798e-15,-1.5154173367454814e-11,110469.41481668502,110469.414816685,1,1.0000000000000002
2006-01-30,46.609997,18.424707,0.004264315738009902,True,False,-2.203368699141049e-15,-1.5156376736153956e-11,110359.52172911384,110359.52172911383,1,1.0000000000000002
2006-01-31,46.738831,18.181129,0.0043284882731139335,True,False,-2.203689061955083e-15,-1.515858042521591e-11,110664.56484298591,110664.5648429859,1,1.0000000000000002
2006-02-01,46.579006,18.364502,0.004370521254407751,True,False,-2.204009471348853e-15,-1.516078443468726e-11,110286.1436523483,110286.14365234828,1,1.0000000000000002
2006-02-02,46.666969,18.090809,0.0043526134142798205,True,False,-2.204329927329132e-15,-1.516298876461459e-11,110494.41559473565,110494.41559473563,1,1.0000000000000002
2006-02-03,46.99799,17.899225,0.004692552258195,True,False,-2.2046504299026924e-15,-1.516519341504449e-11,111278.18134443722,111278.18134443721,1,1.0000000000000002
2006-02-06,47.091122,18.118179,0.004707997894933824,True,False,-2.2049709790763104e-15,-1.5167398386023567e-11,111498.69204255367,111498.69204255365,1,1.0000000000000002
2006-02-07,46.868717,18.159239,0.0048095976407382,True,False,-2.20529157485676e-15,-1.5169603677598422e-11,110972.09880054672,110972.09880054671,1,1.0000000000000002
2006-02-08,46.760086,18.476709,0.004490378427556373,True,False,-2.2056122172508185e-15,-1.5171809289815673e-11,110714.89077702003,110714.89077702002,1,1.0000000000000002
2006-02-09,46.972157,18.408289,0.004595133940232637,True,False,-2.205932906265263e-15,-1.517401522272194e-11,111217.0159784573,111217.01597845729,1,1.0000000000000002
2006-02-10,46.713493,18.282387,0.004487389781918905,True,False,-2.2062536419068725e-15,-1.5176221476363847e-11,110604.57149946409,110604.57149946407,1,1.0000000000000002
2006-02-13,46.718708,18.055229,0.004243754780946999,True,False,-2.206574424182426e-15,-1.517842805078803e-11,110616.91917041154,110616.91917041152,1,1.0000000000000002
2006-02-14,46.553131,18.235867,0.00410117932171363,True,False,-2.206895253098704e-15,-1.518063494604113e-11,110224.87884203861,110224.8788420386,1,1.0000000000000002
2006-02-15,46.666969,18.285131,0.004177020625361594,True,False,-2.2072161286624882e-15,-1.5182842162169792e-11,110494.41559473565,110494.41559473563,1,1.0000000000000002
2006-02-16,46.67728,18.47397,0.004160950694517616,True,False,-2.2075370508805606e-15,-1.5185049699220673e-11,110518.82917769617,110518.82917769616,1,1.0000000000000002
2006-02-17,47.04977,18.164709,0.004549372788793948,True,False,-2.2078580197597042e-15,-1.518725755724043e-11,111400.78199672076,111400.78199672075,1,1.0000000000000002
2006-02-21,46.972157,17.817118,0.004554771052411164,True,False,-2.208179035306704e-15,-1.5189465736275737e-11,111217.0159784573,111217.01597845729,1,1.0000000000000002
2006-02-22,47.292862,17.981333,0.00473188712062042,True,False,-2.2085000975283452e-15,-1.5191674236373266e-11,111976.35630658765,111976.35630658764,1,1.0000000000000002
2006-02-23,47.173923,17.787014,0.00403887564134477,True,False,-2.2088212064314146e-15,-1.5193883057579697e-11,111694.74180326686,111694.74180326685,1,1.0000000000000002
2006-02-24,47.101475,17.822596,0.003917411291303425,True,False,-2.2091423620226987e-15,-1.519609219994172e-11,111523.20506984397,111523.20506984396,1,1.0000000000000002
2006-02-27,47.023903,17.899225,0.00394516315354057,True,False,-2.2094635643089866e-15,-1.5198301663506027e-11,111339.53612818813,111339.53612818812,1,1.0000000000000002
2006-02-28,47.256683,17.778809,0.004056834597712693,True,False,-2.2097848132970667e-15,-1.5200511448319324e-11,111890.69448737241,111890.6944873724,1,1.0000000000000002
2006-03-01,46.971176,18.465761,0.004292390303824188,True,False,-2.21010610899373e-15,-1.5202721554428317e-11,111214.69324304032,111214.69324304031,1,1.0000000000000002
2006-03-02,46.644157,18.495865,0.004520578211874683,True,False,-2.2104274514057683e-15,-1.5204931981879724e-11,110440.40311733334,110440.40311733332,1,1.0000000000000002
2006-03-03,46.374207,18.274181,0.004682127709367502,True,False,-2.2107488405399726e-15,-1.5207142730720263e-11,109801.23652629548,109801.23652629547,1,1.0000000000000002
2006-03-06,45.969234,18.101748,0.004707127396964151,True,False,-2.211070276403137e-15,-1.5209353800996666e-11,108842.3729890761,108842.37298907609,1,1.0000000000000002
2006-03-07,46.00037,17.617321,0.004671050867105372,True,False,-2.211391759002055e-15,-1.521156519275567e-11,108916.09438555158,108916.09438555157,1,1.0000000000000002
2006-03-08,45.984821,17.548903,0.004597450157863698,True,False,-2.2117132883435227e-15,-1.5213776906044012e-11,108879.27867403445,108879.27867403443,1,1.0000000000000002
2006-03-09,46.00037,17.310791,0.00459423197533584,True,False,-2.212034864434336e-15,-1.5215988940908448e-11,108916.09438555158,108916.09438555157,1,1.0000000000000002
2006-03-10,45.829067,17.253323,0.004457661863917883,True,False,-2.212356487281292e-15,-1.521820129739573e-11,108510.4964802189,108510.49648021889,1,1.0000000000000002
2006-03-13,45.792732,17.182163,0.00434204193435586,True,False,-2.212678156891189e-15,-1.5220413975552622e-11,108424.46529635019,108424.46529635017,1,1.0000000000000002
2006-03-14,46.099033,17.579012,0.004665354614498116,True,False,-2.212999873270826e-15,-1.5222626975425893e-11,109149.70095481095,109149.70095481093,1,1.0000000000000002
2006-03-15,45.849834,17.781534,0.00474424067130269,True,False,-2.213321636427003e-15,-1.522484029706232e-11,108559.66696584989,108559.66696584987,1,1.0000000000000002
2006-03-16,46.265121,17.313526,0.005185163933510186,True,False,-2.2136434463665212e-15,-1.5227053940508687e-11,109542.95118919619,109542.95118919617,1,1.0000000000000002
2006-03-17,46.124966,17.319008,0.005214575648407231,True,False,-2.2139653030961836e-15,-1.5229267905811783e-11,109211.10309300464,109211.10309300463,1,1.0000000000000002
2006-03-20,46.19767,17.349112,0.00484675494320245,True,False,-2.2142872066227926e-15,-1.5231482193018406e-11,109383.24596329476,109383.24596329474,1,1.0000000000000002
2006-03-21,45.958874,17.351845,0.004938482082370235,True,False,-2.2146091569531526e-15,-1.523369680217536e-11,108817.84338773086,108817.84338773084,1,1.0000000000000002
2006-03-22,46.05751,17.354586,0.004647755018517003,True,False,-2.214931154094068e-15,-1.5235911733329452e-11,109051.3860284925,109051.38602849249,1,1.0000000000000002
2006-03-23,45.912132,17.507849,0.00465867170262221,True,False,-2.215253198052346e-15,-1.5238126986527504e-11,108707.17131957642,108707.1713195764,1,1.0000000000000002
2006-03-24,46.249554,17.710382,0.005045643806303132,True,False,-2.215575288834793e-15,-1.524034256181634e-11,109506.0928586806,109506.09285868058,1,1.0000000000000002
2006-03-27,46.078262,17.685755,0.005082406794703246,True,False,-2.215897426448217e-15,-1.5242558459242786e-11,109100.52099829142,109100.52099829141,1,1.0000000000000002
2006-03-28,45.647385,17.371006,0.005207680509034642,True,False,-2.2162196108994273e-15,-1.5244774678853684e-11,108080.32398682035,108080.32398682034,1,1.0000000000000002
2006-03-29,45.429329,17.852697,0.005159607662265268,True,False,-2.2165418421952342e-15,-1.524699122069588e-11,107564.02796838974,107564.02796838972,1,1.0000000000000002
2006-03-30,45.112671,17.943012,0.005160057102196033,True,False,-2.2168641203424484e-15,-1.5249208084816222e-11,106814.26981175011,106814.2698117501,1,1.0000000000000002
2006-03-31,45.097099,17.841743,0.005073471233020816,True,False,-2.2171864453478824e-15,-1.525142527126157e-11,106777.39964262383,106777.39964262382,1,1.0000000000000002
2006-04-03,45.111675,17.967644,0.004776563596780058,True,False,-2.217508817218349e-15,-1.5253642780078788e-11,106811.91156050109,106811.91156050107,1,1.0000000000000002
2006-04-04,45.064838,18.025122,0.0047613456043507476,True,False,-2.217831235960662e-15,-1.5255860611314747e-11,106701.01455874358,106701.01455874357,1,1.0000000000000002
2006-04-05,45.127342,18.391869,0.004790003161092723,True,False,-2.2181537015816362e-15,-1.5258078765016328e-11,106849.00666323045,106849.00666323044,1,1.0000000000000002
2006-04-06,44.783375,18.588923,0.005005981229202243,True,False,-2.2184762140880886e-15,-1.5260297241230415e-11,106034.58838273586,106034.58838273585,1,1.0000000000000002
2006-04-07,44.345715,18.274181,0.005333529627707003,True,False,-2.218798773486835e-15,-1.52625160400039e-11,104998.33111200563,104998.33111200562,1,1.0000000000000002
2006-04-10,44.429031,18.047024,0.005389108789463686,True,False,-2.219121379784694e-15,-1.5264735161383684e-11,105195.60024961967,105195.60024961966,1,1.0000000000000002
2006-04-11,44.585403,17.86912,0.005179301879622153,True,False,-2.219444032988485e-15,-1.5266954605416672e-11,105565.84569571624,105565.84569571623,1,1.0000000000000002
2006-04-12,44.314384,18.025122,0.005207236342199571,True,False,-2.2197667331050275e-15,-1.5269174372149776e-11,104924.14800971333,104924.14800971332,1,1.0000000000000002
2006-04-13,44.001743,18.104475,0.004680481421175871,True,False,-2.220089480141142e-15,-1.527139446162992e-11,104183.90099290035,104183.90099290034,1,1.0000000000000002
2006-04-17,44.163307,17.863646,0.004876455383367359,True,False,-2.2204122741036518e-15,-1.527361487390402e-11,104566.43965233522,104566.4396523352,1,1.0000000000000002
2006-04-18,44.24144,18.427446,0.004884431050044097,True,False,-2.2207351149993783e-15,-1.527583560901902e-11,104751.4368861102,104751.43688611018,1,1.0000000000000002
2006-04-19,43.970482,18.635443,0.0049202867548039046,True,False,-2.2210580028351466e-15,-1.5278056667021854e-11,104109.88363115767,104109.88363115766,1,1.0000000000000002
2006-04-20,43.934002,18.723028,0.004825768124416506,True,False,-2.2213809376177805e-15,-1.5280278047959473e-11,104023.50912757902,104023.509127579,1,1.0000000000000002
2006-04-21,44.189335,18.298811,0.005152027298199516,True,False,-2.2217039193541074e-15,-1.5282499751878826e-11,104628.06672413196,104628.06672413195,1,1.0000000000000002
2006-04-24,44.366489,18.249544,0.004885312373402431,True,False,-2.222026948050953e-15,-1.5284721778826877e-11,105047.51817169158,105047.51817169157,1,1.0000000000000002
2006-04-25,43.840187,18.312496,0.005353496278884061,True,False,-2.222350023715146e-15,-1.5286944128850593e-11,103801.3812752426,103801.38127524259,1,1.0000000000000002
2006-04-26,43.767262,18.219439,0.005101834306927134,True,False,-2.2226731463535146e-15,-1.5289166801996947e-11,103628.71513836009,103628.71513836007,1,1.0000000000000002
2006-04-27,43.824577,18.441124,0.005115071179347188,True,False,-2.2229963159728894e-15,-1.529138979831292e-11,103764.42113267508,103764.42113267507,1,1.0000000000000002
2006-04-28,43.855843,18.260489,0.004991818261496308,True,False,-2.223319532580101e-15,-1.5293613117845502e-11,103838.45033302845,103838.45033302844,1,1.0000000000000002
2006-05-01,43.526272,18.090809,0.005167201623886583,True,False,-2.223642796181981e-15,-1.5295836760641686e-11,103058.11778042636,103058.11778042634,1,1.0000000000000002
2006-05-02,43.64135,18.246799,0.005242104387414271,True,False,-2.2239661067853627e-15,-1.529806072674847e-11,103330.590508574,103330.59050857398,1,1.0000000000000002
2006-05-03,43.547153,18.411013,0.0052411459654617566,True,False,-2.2242894643970793e-15,-1.5300285016212867e-11,103107.55818638102,103107.55818638101,1,1.0000000000000002
2006-05-04,43.473961,18.616297,0.005190322879934624,True,False,-2.224612869023966e-15,-1.5302509629081893e-11,102934.25986768778,102934.25986768777,1,1.0000000000000002
2006-05-05,43.735516,18.753139,0.005286128354266504,True,False,-2.2249363206728594e-15,-1.5304734565402564e-11,103553.54943138068,103553.54943138067,1,1.0000000000000002
2006-05-08,43.761673,18.712072,0.004888590123038317,True,False,-2.2252598193505953e-15,-1.5306959825221916e-11,103615.4819393332,103615.48193933319,1,1.0000000000000002
2006-05-09,43.735516,18.534193,0.0048521009944417605,True,False,-2.225583365064012e-15,-1.530918540858698e-11,103553.54943138068,103553.54943138067,1,1.0000000000000002
2006-05-10,43.814014,18.145548,0.0047866708656167135,True,False,-2.2259069578199482e-15,-1.53114113155448e-11,103739.4108837359,103739.41088373588,1,1.0000000000000002
2006-05-11,43.599472,17.672058,0.004725380068471818,True,False,-2.2262305976252437e-15,-1.5313637546142425e-11,103231.4350408967,103231.43504089669,1,1.0000000000000002
2006-05-12,43.238506,17.516062,0.004818611399292567,True,False,-2.22655428448674e-15,-1.531586410042691e-11,102376.76785178551,102376.7678517855,1,1.0000000000000002
2006-05-15,43.411179,17.354586,0.004835009729969603,True,False,-2.226878018411278e-15,-1.5318090978445323e-11,102785.60953644665,102785.60953644663,1,1.0000000000000002
2006-05-16,43.735516,17.269737,0.0051533802114039125,True,False,-2.227201799405701e-15,-1.5320318180244728e-11,103553.54943138068,103553.54943138067,1,1.0000000000000002
2006-05-17,43.463478,16.982365,0.005158889187947782,False,False,-2.2275256274768526e-15,-1.5322545705872205e-11,102909.4390365196,102909.43903651959,1,1.0000000000000002
2006-05-18,44.054634,16.71142,0.006042989833100401,False,False,-2.227849502631578e-15,-1.5324773555374835e-11,104309.13218447873,104309.13218447872,1,1.0000000000000002
2006-05-19,44.169743,17.031633,0.005926883959422159,False,False,-2.2281734248767218e-15,-1.5327001728799713e-11,104581.67831201262,104581.6783120126,1,1.0000000000000002
2006-05-22,44.263885,16.610142,0.0058745583719581745,False,False,-2.228497394219133e-15,-1.5329230226193933e-11,104804.58040948803,104804.58040948801,1,1.0000000000000002
2006-05-23,44.237698,16.385725,0.005180092097409122,False,False,-2.2288214106656577e-15,-1.53314590476046e-11,104742.57686987141,104742.5768698714,1,1.0000000000000002
2006-05-24,44.258663,16.489725,0.005156128328454656,False,False,-2.2291454742231447e-15,-1.533368819307882e-11,104792.21616448562,104792.21616448561,1,1.0000000000000002
2006-05-25,44.086021,16.538996,0.00524732650685405,False,False,-2.2294695848984444e-15,-1.533591766266372e-11,104383.44787921074,104383.44787921073,1,1.0000000000000002
2006-05-26,44.054634,16.651209,0.005251060580875924,False,False,-2.2297937426984076e-15,-1.533814745640642e-11,104309.13218447873,104309.13218447872,1,1.0000000000000002
2006-05-30,44.03373,16.270771,0.0049285880134815364,False,False,-2.230117947629886e-15,-1.534037757435405e-11,104259.6373209149,104259.63732091489,1,1.0000000000000002
2006-05-31,43.772102,16.530787,0.005111082240729694,False,False,-2.230442199699732e-15,-1.534260801655375e-11,103640.17491350594,103640.17491350592,1,1.0000000000000002
2006-06-01,43.96748,16.91394,0.00516740515203216,False,False,-2.2307664989147995e-15,-1.5344838783052666e-11,104102.77572930069,104102.77572930067,1,1.0000000000000002
2006-06-02,44.534782,16.881102,0.00582382227123878,False,False,-2.2310908452819432e-15,-1.5347069873897947e-11,105445.98923339015,105445.98923339014,1,1.0000000000000002
2006-06-05,44.477005,16.380264,0.005735646772201003,False,False,-2.231415238808019e-15,-1.5349301289136755e-11,105309.1893514476,105309.18935144758,1,1.0000000000000002
2006-06-06,44.687061,16.30089,0.005799888925625553,False,False,-2.2317396794998838e-15,-1.5351533028816255e-11,105806.54359277764,105806.54359277763,1,1.0000000000000002
2006-06-07,44.69759,15.942359,0.005790439935361556,False,False,-2.232064167364395e-15,-1.535376509298362e-11,105831.47333916415,105831.47333916413,1,1.0000000000000002
2006-06-08,44.786892,15.849301,0.005791916518286027,False,False,-2.2323887024084123e-15,-1.535599748168603e-11,106042.91566149371,106042.9156614937,1,1.0000000000000002
2006-06-09,45.023247,15.764458,0.0056822668322688355,False,False,-2.232713284638794e-15,-1.535823019497067e-11,106602.53862731978,106602.53862731977,1,1.0000000000000002
2006-06-12,45.060028,15.31287,0.005188646202308031,False,False,-2.2330379140624022e-15,-1.5360463232884732e-11,106689.62581526187,106689.62581526185,1,1.0000000000000002
2006-06-13,45.091522,15.271821,0.005176593430606428,False,False,-2.2333625906860976e-15,-1.5362696595475417e-11,106764.19485626258,106764.19485626256,1,1.0000000000000002
2006-06-14,44.639805,15.518132,0.005648856178761511,False,False,-2.2336873145167433e-15,-1.5364930282789934e-11,105694.6545154445,105694.65451544449,1,1.0000000000000002
2006-06-15,44.382435,16.117514,0.005618754718011456,False,False,-2.2340120855612033e-15,-1.5367164294875496e-11,105085.27386889732,105085.2738688973,1,1.0000000000000002
2006-06-16,44.282669,15.934146,0.004828367679283919,False,False,-2.234336903826342e-15,-1.5369398631779322e-11,104849.0557021202,104849.05570212018,1,1.0000000000000002
2006-06-19,44.219616,15.794565,0.004809199767820004,False,False,-2.2346617693190253e-15,-1.537163329354864e-11,104699.76371817982,104699.7637181798,1,1.0000000000000002
2006-06-20,44.146091,15.698776,0.0047979407166176945,False,False,-2.23498668204612e-15,-1.5373868280230688e-11,104525.67694801475,104525.67694801473,1,1.0000000000000002
2006-06-21,44.156612,16.046358,0.004797355534135785,False,False,-2.2353116420144937e-15,-1.5376103591872704e-11,104550.58775262417,104550.58775262415,1,1.0000000000000002
2006-06-22,43.904465,15.789085,0.0049565905987661255,False,False,-2.2356366492310152e-15,-1.5378339228521934e-11,103953.57371880152,103953.5737188015,1,1.0000000000000002
2006-06-23,43.815201,15.695152,0.004904264272368554,False,False,-2.2359617037025544e-15,-1.538057519022564e-11,103742.2213699132,103742.22136991318,1,1.0000000000000002
2006-06-26,43.731178,15.774575,0.004916913992411159,False,False,-2.236286805435982e-15,-1.5382811477031075e-11,103543.2782527479,103543.27825274788,1,1.0000000000000002
2006-06-27,43.946495,15.39116,0.005056323420793704,False,False,-2.236611954438169e-15,-1.5385048088985514e-11,104053.08908024372,104053.0890802437,1,1.0000000000000002
2006-06-28,43.715401,15.363775,0.00501660325137495,False,False,-2.2369371507159892e-15,-1.538728502613623e-11,103505.92270058341,103505.9227005834,1,1.0000000000000002
2006-06-29,43.862499,15.87591,0.004970482274332758,False,False,-2.2372623942763155e-15,-1.5389522288530508e-11,103854.20989157613,103854.20989157612,1,1.0000000000000002
2006-06-30,44.287903,15.87043,0.0045707809246768585,False,False,-2.237587685126023e-15,-1.5391759876215633e-11,104861.44835978826,104861.44835978825,1,1.0000000000000002
2006-07-03,44.244194,16.001881,0.004567657194580278,False,False,-2.237913023271987e-15,-1.5393997789238906e-11,104757.95759287708,104757.95759287706,1,1.0000000000000002
2006-07-05,43.890869,15.569174,0.004722341174918537,False,False,-2.2382384087210854e-15,-1.5396236027647628e-11,103921.38216861908,103921.38216861906,1,1.0000000000000002
2006-07-06,44.159798,15.555476,0.004972565814365578,False,False,-2.238563841480195e-15,-1.5398474591489108e-11,104558.13131535446,104558.13131535445,1,1.0000000000000002
2006-07-07,44.444496,15.306262,0.005188534486640112,False,False,-2.2388893215561943e-15,-1.5400713480810665e-11,105232.21707247724,105232.21707247723,1,1.0000000000000002
2006-07-10,44.486694,14.91738,0.005028611995158578,False,False,-2.2392148489559634e-15,-1.540295269565962e-11,105332.13021123855,105332.13021123853,1,1.0000000000000002
2006-07-11,44.629074,15.281624,0.005091605694215175,False,False,-2.239540423686383e-15,-1.5405192236083307e-11,105669.2464891862,105669.24648918619,1,1.0000000000000002
2006-07-12,44.639595,14.889991,0.005087012766702088,False,False,-2.239866045754335e-15,-1.5407432102129062e-11,105694.15729379561,105694.1572937956,1,1.0000000000000002
2006-07-13,44.813602,14.673635,0.004643953055172776,False,False,-2.2401917151667016e-15,-1.5409672293844228e-11,106106.15751978829,106106.15751978828,1,1.0000000000000002
2006-07-14,44.839962,14.594213,0.004425808001606469,False,False,-2.240517431930367e-15,-1.541191281127616e-11,106168.5706753347,106168.57067533469,1,1.0000000000000002
2006-07-17,44.908543,14.596949,0.004382079428132598,False,False,-2.2408431960522164e-15,-1.541415365447221e-11,106330.95142725161,106330.9514272516,1,1.0000000000000002
2006-07-18,44.523598,14.553139,0.004836435841652183,False,False,-2.241169007539134e-15,-1.541639482347975e-11,105419.50862900354,105419.50862900353,1,1.0000000000000002
2006-07-19,44.945396,14.903687,0.0052154384472047986,False,False,-2.2414948663980082e-15,-1.541863631834615e-11,106418.20909118759,106418.20909118757,1,1.0000000000000002
2006-07-20,45.077251,14.544927,0.005232231416702384,False,False,-2.241820772635726e-15,-1.5420878139118786e-11,106730.40509363727,106730.40509363725,1,1.0000000000000002
2006-07-21,44.992836,13.94516,0.005037629561274069,False,False,-2.242146726259176e-15,-1.5423120285845045e-11,106530.53382939404,106530.53382939403,1,1.0000000000000002
2006-07-24,44.966545,14.353218,0.004998518119543026,False,False,-2.242472727275248e-15,-1.542536275857232e-11,106468.28404667512,106468.28404667511,1,1.0000000000000002
2006-07-25,44.834702,14.596949,0.005037970261217164,False,False,-2.2427987756908326e-15,-1.542760555734801e-11,106156.11645689108,106156.11645689106,1,1.0000000000000002
2006-07-26,44.998169,14.643515,0.004997118931943725,False,False,-2.2431248715128218e-15,-1.5429848682219525e-11,106543.16089155372,106543.1608915537,1,1.0000000000000002
2006-07-27,44.929634,14.7065,0.00480904441703406,False,False,-2.243451014748109e-15,-1.5432092133234273e-11,106380.88905485516,106380.88905485514,1,1.0000000000000002
2006-07-28,45.187969,15.144688,0.0048893623163491036,False,False,-2.2437772054035864e-15,-1.5434335910439676e-11,106992.5545532651,106992.55455326509,1,1.0000000000000002
2006-07-31,45.246006,15.188501,0.004496271222134252,False,False,-2.2441034434861496e-15,-1.543658001388316e-11,107129.97004296342,107129.97004296341,1,1.0000000000000002
2006-08-01,45.241745,14.876299,0.004479161385649367,False,False,-2.2444297290026945e-15,-1.5438824443612164e-11,107119.88117893522,107119.8811789352,1,1.0000000000000002
2006-08-02,45.41114,15.040621,0.003958717802294631,False,False,-2.244756061960118e-15,-1.5441069199674124e-11,107520.96147042942,107520.9614704294,1,1.0000000000000002
2006-08-03,45.421734,15.292565,0.0038304721931106313,False,False,-2.245082442365317e-15,-1.544331428211649e-11,107546.04511875486,107546.04511875485,1,1.0000000000000002
2006-08-04,45.697025,15.158378,0.0038048871652421683,False,False,-2.245408870225191e-15,-1.5445559690986715e-11,108197.85771372948,108197.85771372946,1,1.0000000000000002
2006-08-07,45.723515,15.07622,0.0038080347318769996,False,False,-2.2457353455466397e-15,-1.5447805426332263e-11,108260.5786731538,108260.57867315378,1,1.0000000000000002
2006-08-08,45.622925,14.991325,0.003862823445373035,False,False,-2.2460618683365642e-15,-1.5450051488200598e-11,108022.40950333532,108022.40950333531,1,1.0000000000000002
2006-08-09,45.474686,15.057049,0.003981014500444577,False,False,-2.246388438601865e-15,-1.54522978766392e-11,107671.42074138363,107671.42074138361,1,1.0000000000000002
2006-08-10,45.405857,15.251493,0.0039525952216654964,False,False,-2.2467150563494456e-15,-1.5454544591695548e-11,107508.4527943766,107508.45279437659,1,1.0000000000000002
2006-08-11,45.209953,14.854383,0.004106667757568654,False,False,-2.24704172158621e-15,-1.5456791633417134e-11,107044.60655673749,107044.60655673748,1,1.0000000000000002
2006-08-14,45.130554,15.057049,0.004125301784208379,False,False,-2.2473684343190627e-15,-1.5459039001851452e-11,106856.61178673632,106856.6117867363,1,1.0000000000000002
2006-08-15,45.511711,15.615731,0.003954283273402776,False,False,-2.2476951945549096e-15,-1.5461286697046006e-11,107759.08565352726,107759.08565352725,1,1.0000000000000002
2006-08-16,45.818817,16.127857,0.003691971342334643,False,False,-2.2480220023006574e-15,-1.5463534719048308e-11,108486.22732830879,108486.22732830877,1,1.0000000000000002
2006-08-17,45.802906,16.16346,0.0036727405964461506,False,False,-2.2483488575632143e-15,-1.5465783067905872e-11,108448.55450137786,108448.55450137785,1,1.0000000000000002
2006-08-18,45.93523,16.171673,0.0036445141766557783,False,False,-2.2486757603494887e-15,-1.5468031743666222e-11,108761.86096551006,108761.86096551004,1,1.0000000000000002
2006-08-22,46.115238,15.87591,0.003677761120218808,False,False,-2.2490027106663902e-15,-1.547028074637689e-11,109188.06989205032,109188.0698920503,1,1.0000000000000002
2006-08-23,46.136429,15.769096,0.0035499400786617387,False,False,-2.24932970852083e-15,-1.547253007608541e-11,109238.24429186764,109238.24429186762,1,1.0000000000000002
2006-08-24,46.221107,15.87591,0.003513595960776772,False,False,-2.24965675391972e-15,-1.5474779732839328e-11,109438.73826703306,109438.73826703304,1,1.0000000000000002
2006-08-25,46.28994,15.884117,0.0034482778756188166,False,False,-2.2499838468699723e-15,-1.5477029716686196e-11,109601.71568492861,109601.7156849286,1,1.0000000000000002
2006-08-28,46.332275,16.111423,0.0033015118000830086,False,False,-2.2503109873785007e-15,-1.5479280027673575e-11,109701.95320162277,109701.95320162276,1,1.0000000000000002
2006-08-29,46.395817,16.404463,0.003301615018807792,False,False,-2.2506381754522218e-15,-1.5481530665849027e-11,109852.40300168844,109852.40300168842,1,1.0000000000000002
2006-08-30,46.517586,16.724886,0.003299053622147972,False,False,-2.250965411098049e-15,-1.5483781631260124e-11,110140.71815865858,110140.71815865856,1,1.0000000000000002
2006-08-31,46.628731,16.555088,0.0032621026005359684,False,False,-2.251292694322901e-15,-1.5486032923954447e-11,110403.87863563914,110403.87863563912,1,1.0000000000000002
2006-09-01,46.644703,16.404463,0.003260273348161824,False,False,-2.2516200251336943e-15,-1.548828454397958e-11,110441.69589362045,110441.69589362043,1,1.0000000000000002
2006-09-05,46.35236,16.601629,0.003480262475872681,False,False,-2.251947403537348e-15,-1.5490536491383117e-11,109749.50890075591,109749.5089007559,1,1.0000000000000002
2006-09-06,46.288597,16.070353,0.003511524971685768,False,False,-2.2522748295407833e-15,-1.5492788766212658e-11,109598.53583409786,109598.53583409784,1,1.0000000000000002
2006-09-07,46.378922,16.015577,0.0034585791541425735,False,False,-2.25260230315092e-15,-1.5495041368515808e-11,109812.40033617415,109812.40033617413,1,1.0000000000000002
2006-09-08,46.416149,16.171673,0.003323245743568526,False,False,-2.2529298243746796e-15,-1.549729429834018e-11,109900.54352818956,109900.54352818955,1,1.0000000000000002
2006-09-11,46.373661,16.45923,0.003301788746990588,False,False,-2.253257393218985e-15,-1.54995475557334e-11,109799.94375000836,109799.94375000834,1,1.0000000000000002
2006-09-12,46.607464,17.015171,0.0031592014051932764,True,False,-2.253585009690761e-15,-1.550180114074309e-11,110353.52428893936,110353.52428893934,1,1.0000000000000002
2006-09-13,46.628746,16.933016,0.003075907629630276,False,False,-2.2539126737969318e-15,-1.5504055053416884e-11,110403.9141514712,110403.91415147118,1,1.0000000000000002
2006-09-14,46.522449,16.987783,0.0027476592473727073,True,False,-2.2542403855444233e-15,-1.550630929380243e-11,110152.23239141359,110152.23239141358,1,1.0000000000000002
2006-09-15,46.485241,16.968618,0.0024338957680876115,True,False,-2.2545681449401627e-15,-1.550856386194737e-11,110064.13418611877,110064.13418611875,1,1.0000000000000002
2006-09-18,46.410854,17.179502,0.002478642771120693,True,False,-2.2548959519910778e-15,-1.551081875789936e-11,109888.00643947112,109888.00643947111,1,1.0000000000000002
2006-09-19,46.931713,16.897419,0.0033921214845957282,False,False,-2.255223806704098e-15,-1.5513073981706064e-11,111121.25582432529,111121.25582432527,1,1.0000000000000002
2006-09-20,47.00082,17.034348,0.0033279521487151777,True,False,-2.2555517090861518e-15,-1.551532953341515e-11,111284.88199808654,111284.88199808652,1,1.0000000000000002
2006-09-21,47.431324,16.705711,0.0037915094273980356,False,False,-2.255879659144171e-15,-1.5517585413074294e-11,112304.19584920029,112304.19584920027,1,1.0000000000000002
2006-09-22,47.665165,16.508526,0.0038726198022492496,False,False,-2.256207656885088e-15,-1.551984162073118e-11,112857.86636157252,112857.86636157251,1,1.0000000000000002
2006-09-25,48.000023,16.91111,0.004060482279692995,False,False,-2.256535702315835e-15,-1.5522098156433494e-11,113650.71706111595,113650.71706111594,1,1.0000000000000002
2006-09-26,47.798061,16.900152,0.004276626998503209,False,False,-2.2568637954433464e-15,-1.5524355020228936e-11,113172.52716276742,113172.52716276741,1,1.0000000000000002
2006-09-27,47.659855,16.845345,0.004391290232580824,False,False,-2.2571919362745566e-15,-1.5526612212165212e-11,112845.29375702201,112845.293757022,1,1.0000000000000002
2006-09-28,47.58017,17.026243,0.004430376253900151,True,False,-2.2575201248164025e-15,-1.552886973229003e-11,112656.62181848951,112656.6218184895,1,1.0000000000000002
2006-09-29,47.521698,16.850824,0.004450114018220833,False,False,-2.2578483610758202e-15,-1.5531127580651107e-11,112518.17636966133,112518.17636966132,1,1.0000000000000002
2006-10-02,47.651897,16.691845,0.004465118934814912,False,False,-2.2581766450597485e-15,-1.5533385757296167e-11,112826.4514242512,112826.45142425118,1,1.0000000000000002
2006-10-03,47.587856,16.590427,0.004163177781308754,False,False,-2.2585049767751254e-15,-1.5535644262272943e-11,112674.8201308389,112674.82013083888,1,1.0000000000000002
2006-10-04,47.934669,16.952225,0.004314534365767742,True,False,-2.2588333562288913e-15,-1.553790309562917e-11,113495.976948537,113495.97694853699,1,1.0000000000000002
2006-10-05,47.598515,16.913857,0.004739417369919319,False,False,-2.2591617834279875e-15,-1.55401622574126e-11,112700.05768110328,112700.05768110327,1,1.0000000000000002
2006-10-06,47.102238,16.782293,0.005423681127280012,False,False,-2.2594902583793558e-15,-1.554242174767098e-11,111525.01164183494,111525.01164183492,1,1.0000000000000002
2006-10-09,47.230316,16.946743,0.005426337371590259,True,False,-2.259818781089939e-15,-1.5544681566452068e-11,111828.26475777102,111828.264757771,1,1.0000000000000002
2006-10-10,46.856831,16.897413,0.0056778674086192535,False,False,-2.2601473515666816e-15,-1.5546941713803634e-11,110943.95605521955,110943.95605521953,1,1.0000000000000002
2006-10-11,46.718037,17.067352,0.005723256799001126,True,False,-2.2604759698165286e-15,-1.5549202189773452e-11,110615.33042885723,110615.33042885721,1,1.0000000000000002
2006-10-12,46.744736,17.278397,0.00569636263622059,True,False,-2.260804635846426e-15,-1.5551462994409298e-11,110678.5462422083,110678.54624220828,1,1.0000000000000002
2006-10-13,46.50993,17.511364,0.005814517220159778,True,False,-2.26113334966332e-15,-1.5553724127758962e-11,110122.5908779733,110122.59087797329,1,1.0000000000000002
2006-10-16,46.718037,17.629229,0.0058829301378022,True,False,-2.26146211127416e-15,-1.5555985589870235e-11,110615.33042885723,110615.33042885721,1,1.0000000000000002
2006-10-17,46.755424,17.182463,0.0053070186174834265,True,False,-2.2617909206858947e-15,-1.555824738079092e-11,110703.85245641466,110703.85245641465,1,1.0000000000000002
2006-10-18,46.851471,16.752157,0.005318153416357745,False,False,-2.2621197779054735e-15,-1.5560509500568825e-11,110931.26506456215,110931.26506456213,1,1.0000000000000002
2006-10-19,46.766064,16.664444,0.004856345487903136,False,False,-2.2624486829398485e-15,-1.5562771949251765e-11,110729.04501995844,110729.04501995843,1,1.0000000000000002
2006-10-20,46.718037,16.472582,0.004672435833137693,False,False,-2.262777635795971e-15,-1.556503472688756e-11,110615.33042885723,110615.33042885721,1,1.0000000000000002
2006-10-23,46.531277,16.489027,0.004314542303347749,False,False,-2.2631066364807945e-15,-1.5567297833524042e-11,110173.13464244409,110173.13464244407,1,1.0000000000000002
2006-10-24,46.531277,16.341017,0.004280472306327619,False,False,-2.2634356850012736e-15,-1.5569561269209045e-11,110173.13464244409,110173.13464244407,1,1.0000000000000002
2006-10-25,46.899513,16.656216,0.004729631968634508,False,False,-2.2637647813643628e-15,-1.557182503399041e-11,111045.01517149543,111045.01517149541,1,1.0000000000000002
2006-10-26,47.203644,16.831629,0.004993549493774268,False,False,-2.2640939255770184e-15,-1.5574089127915988e-11,111765.11287291766,111765.11287291764,1,1.0000000000000002
2006-10-27,47.422432,16.456133,0.005112340683398741,False,False,-2.2644231176461977e-15,-1.5576353551033633e-11,112283.142063953,112283.14206395298,1,1.0000000000000002
2006-10-30,47.555836,16.595922,0.005114504562019469,False,False,-2.2647523575788584e-15,-1.557861830339121e-11,112599.0056679938,112599.00566799378,1,1.0000000000000002
2006-10-31,47.924004,16.686365,0.005391989613974123,False,False,-2.2650816453819604e-15,-1.5580883385036592e-11,113470.72519193978,113470.72519193977,1,1.0000000000000002
2006-11-01,48.18919,16.393097,0.005287498056043541,False,False,-2.2654109810624636e-15,-1.5583148796017653e-11,114098.61195471426,114098.61195471424,1,1.0000000000000002
2006-11-02,47.990955,16.308126,0.0051128976265548244,False,False,-2.2657403646273286e-15,-1.558541453638228e-11,113629.24655677244,113629.24655677243,1,1.0000000000000002
2006-11-03,47.423149,16.379389,0.005279381373850992,False,False,-2.2660697960835188e-15,-1.5587680606178364e-11,112284.83972072565,112284.83972072563,1,1.0000000000000002
2006-11-06,47.562431,16.645254,0.005284747829770275,False,False,-2.2663992754379973e-15,-1.5589947005453802e-11,112614.62079549108,112614.62079549106,1,1.0000000000000002
2006-11-07,47.782059,16.754889,0.004985111110755654,False,False,-2.2667288026977275e-15,-1.55922137342565e-11,113134.63887312198,113134.63887312196,1,1.0000000000000002
2006-11-08,47.953487,16.743929,0.004927122128608059,False,False,-2.2670583778696753e-15,-1.559448079263437e-11,113540.53274372187,113540.53274372185,1,1.0000000000000002
2006-11-09,47.926716,16.445169,0.004942429184490137,False,False,-2.267388000960807e-15,-1.559674818063533e-11,113477.1464543769,113477.14645437688,1,1.0000000000000002
2006-11-10,48.135586,16.582211,0.004756370074925324,False,False,-2.2677176719780894e-15,-1.5599015898307308e-11,113971.69257725179,113971.69257725177,1,1.0000000000000002
2006-11-13,48.124878,16.867254,0.004729304265919834,True,False,-2.268047390928491e-15,-1.5601283945698237e-11,113946.33900860265,113946.33900860263,1,1.0000000000000002
2006-11-14,48.312363,17.314026,0.004756153968719641,True,False,-2.268377157818982e-15,-1.5603552322856056e-11,114390.25139356553,114390.25139356552,1,1.0000000000000002
2006-11-15,48.130295,17.459293,0.004905612372695293,True,False,-2.268706972656531e-15,-1.560582102982871e-11,113959.16495942188,113959.16495942186,1,1.0000000000000002
2006-11-16,47.910633,17.50588,0.005035965483909459,True,False,-2.269036835448111e-15,-1.560809006666416e-11,113439.0663792383,113439.06637923828,1,1.0000000000000002
2006-11-17,48.183815,17.407217,0.00510234192813798,True,False,-2.269366746200694e-15,-1.561035943341036e-11,114085.8854482248,114085.88544822478,1,1.0000000000000002
2006-11-20,48.258793,17.637447,0.0049326666534278965,True,False,-2.2696967049212523e-15,-1.561262913011528e-11,114263.41251865574,114263.41251865572,1,1.0000000000000002
2006-11-21,48.376671,17.322252,0.004915355951469409,True,False,-2.270026711616762e-15,-1.5614899156826897e-11,114542.51486878858,114542.51486878857,1,1.0000000000000002
2006-11-22,48.457031,17.571665,0.004712467811274434,True,False,-2.2703567662941964e-15,-1.5617169513593193e-11,114732.78501976395,114732.78501976393,1,1.0000000000000002
2006-11-27,48.719513,17.064602,0.004660892809053703,True,False,-2.270686868960534e-15,-1.5619440200462152e-11,115354.2694618784,115354.26946187839,1,1.0000000000000002
2006-11-28,48.821278,17.086536,0.004607909428052143,True,False,-2.271017019622751e-15,-1.5621711217481773e-11,115595.22070520853,115595.22070520851,1,1.0000000000000002
2006-11-29,48.708786,17.072826,0.004670274158723008,True,False,-2.271347218287826e-15,-1.562398256470006e-11,115328.87090650866,115328.87090650864,1,1.0000000000000002
2006-11-30,49.03019,17.234541,0.004593199921094191,True,False,-2.271677464962739e-15,-1.5626254242165022e-11,116089.86627241319,116089.86627241317,1,1.0000000000000002
2006-12-01,49.154915,16.990601,0.004490971810776911,True,False,-2.2720077596544703e-15,-1.5628526249924677e-11,116385.18041602199,116385.18041602198,1,1.0000000000000002
2006-12-04,49.240944,17.305799,0.004328005273943164,True,False,-2.272338102370001e-15,-1.5630798588027046e-11,116588.87318379525,116588.87318379524,1,1.0000000000000002
2006-12-05,49.009705,17.363358,0.0033663203154295075,True,False,-2.272668493116313e-15,-1.5633071256520163e-11,116041.36348442499,116041.36348442498,1,1.0000000000000002
2006-12-06,48.912975,17.440094,0.003445517851686028,True,False,-2.272998931900392e-15,-1.5635344255452063e-11,115812.33372205756,115812.33372205755,1,1.0000000000000002
2006-12-07,48.875359,17.190683,0.0033914411173571564,True,False,-2.2733294187292207e-15,-1.5637617584870794e-11,115723.26948613062,115723.26948613061,1,1.0000000000000002
2006-12-08,48.520462,17.108461,0.0038217091749665234,True,False,-2.2736599536097853e-15,-1.5639891244824403e-11,114882.97200267235,114882.97200267234,1,1.0000000000000002
2006-12-11,48.730175,17.072826,0.00389925994584094,True,False,-2.273990536549072e-15,-1.5642165235360953e-11,115379.51411530921,115379.5141153092,1,1.0000000000000002
2006-12-12,48.832333,16.968681,0.0038240877583724984,True,False,-2.274321167554069e-15,-1.5644439556528506e-11,115621.3958734394,115621.39587343938,1,1.0000000000000002
2006-12-13,48.396797,16.839855,0.004393791745273637,True,False,-2.274651846631764e-15,-1.5646714208375138e-11,114590.16764452937,114590.16764452936,1,1.0000000000000002
2006-12-14,48.219383,17.094765,0.004392420412627796,True,False,-2.274982573789147e-15,-1.564898919094893e-11,114170.100589214,114170.10058921398,1,1.0000000000000002
2006-12-15,48.246227,17.092018,0.0043074228716480445,True,False,-2.2753133490332092e-15,-1.565126450429796e-11,114233.659722275,114233.65972227498,1,1.0000000000000002
2006-12-18,48.262367,17.048164,0.004163281500493856,True,False,-2.2756441723709416e-15,-1.5653540148470332e-11,114271.87475757542,114271.87475757541,1,1.0000000000000002
2006-12-19,48.197887,16.853565,0.00398323005420734,True,False,-2.275975043809337e-15,-1.565581612351414e-11,114119.20403414471,114119.2040341447,1,1.0000000000000002
2006-12-20,48.192482,16.930305,0.003966710077883457,True,False,-2.276305963355389e-15,-1.5658092429477494e-11,114106.40649599113,114106.40649599112,1,1.0000000000000002
2006-12-21,48.434425,16.69455,0.004091778770085935,True,False,-2.2766369310160927e-15,-1.566036906640851e-11,114679.26029312197,114679.26029312196,1,1.0000000000000002
2006-12-22,48.0634,16.593117,0.004420253511074639,False,False,-2.2769679467984435e-15,-1.5662646034355308e-11,113800.77618702893,113800.77618702891,1,1.0000000000000002
2006-12-26,48.208622,16.72197,0.0042853628850919685,True,False,-2.2772990107094383e-15,-1.566492333336602e-11,114144.62153129156,114144.62153129154,1,1.0000000000000002
2006-12-27,47.854141,16.815166,0.004498978994715901,True,False,-2.277630122756075e-15,-1.5667200963488777e-11,113305.30902024252,113305.30902024251,1,1.0000000000000002
2006-12-28,47.746246,16.820654,0.004498234447949022,True,False,-2.2779612829453524e-15,-1.5669478924771722e-11,113049.84364020909,113049.84364020907,1,1.0000000000000002
2006-12-29,47.708485,16.724707,0.0041320290875029985,True,False,-2.2782924912842692e-15,-1.5671757217263006e-11,112960.4360845722,112960.43608457218,1,1.0000000000000002
2007-01-03,48.048374,16.675364,0.004470717424846578,True,False,-2.094542789989754e-15,-1.5673851760052995e-11,113765.19879418977,113765.19879418975,1,1.0000000000000002
2007-01-04,48.339703,17.001577,0.0047133721611696084,True,False,-2.094822727295972e-15,-1.567594658278029e-11,114454.98491680677,114454.98491680676,1,1.0000000000000002
2007-01-05,48.129295,16.678102,0.004699409514425195,True,False,-2.0951027020160326e-15,-1.5678041685482306e-11,113956.7972372843,113956.79723728429,1,1.0000000000000002
2007-01-08,48.215626,16.7439,0.004729711444501178,True,False,-2.0953827141549367e-15,-1.5680137068196462e-11,114161.20505714313,114161.20505714312,1,1.0000000000000002
2007-01-09,48.215626,16.804209,0.00473239950290351,True,False,-2.0956627637176862e-15,-1.568223273096018e-11,114161.20505714313,114161.20505714312,1,1.0000000000000002
2007-01-10,47.999821,17.092039,0.004564989583718997,True,False,-2.095942850709281e-15,-1.568432867381089e-11,113650.23878124416,113650.23878124414,1,1.0000000000000002
2007-01-11,47.71928,17.144125,0.004562723073845733,True,False,-2.0962229751347254e-15,-1.5686424896786023e-11,112985.99564504728,112985.99564504727,1,1.0000000000000002
2007-01-12,47.498081,17.187983,0.004567334428194602,True,False,-2.096503136999021e-15,-1.5688521399923023e-11,112462.25787593826,112462.25787593824,1,1.0000000000000002
2007-01-16,47.600586,17.04818,0.0042633587478775724,True,False,-2.0967833363071724e-15,-1.569061818325933e-11,112704.96123365019,112704.96123365017,1,1.0000000000000002
2007-01-17,47.45491,16.927557,0.004244157679478082,True,False,-2.0970635730641834e-15,-1.5692715246832394e-11,112360.0409435371,112360.04094353708,1,1.0000000000000002
2007-01-18,47.600586,16.310768,0.004322668572871388,False,False,-2.09734384727506e-15,-1.569481259067967e-11,112704.96123365019,112704.96123365017,1,1.0000000000000002
2007-01-19,47.471088,16.464285,0.004339201223503762,False,False,-2.097624158944807e-15,-1.5696910214838617e-11,112398.34595227876,112398.34595227875,1,1.0000000000000002
2007-01-22,47.584419,16.286093,0.004395588855845492,False,False,-2.097904508078431e-15,-1.5699008119346695e-11,112666.68226985204,112666.68226985203,1,1.0000000000000002
2007-01-23,47.271507,16.269646,0.004589509514580169,False,False,-2.0981848946809397e-15,-1.5701106304241375e-11,111925.79360033979,111925.79360033978,1,1.0000000000000002
2007-01-24,47.266129,16.51911,0.004376670395657503,False,False,-2.0984653187573394e-15,-1.570320476956013e-11,111913.05999068392,111913.0599906839,1,1.0000000000000002
2007-01-25,46.92622,16.450579,0.004341045005606539,False,False,-2.0987457803126398e-15,-1.5705303515340445e-11,111108.2499266236,111108.24992662358,1,1.0000000000000002
2007-01-26,46.888462,16.672619,0.004228433848584474,True,False,-2.09902627935185e-15,-1.5707402541619796e-11,111018.8494741531,111018.84947415309,1,1.0000000000000002
2007-01-29,46.785934,16.57942,0.003994101302993773,True,False,-2.099306815879979e-15,-1.5709501848435677e-11,110776.09165883203,110776.09165883201,1,1.0000000000000002
2007-01-30,46.839924,16.653425,0.004016131218219351,True,False,-2.099587389902038e-15,-1.571160143582558e-11,110903.9249770396,110903.92497703958,1,1.0000000000000002
2007-01-31,47.233704,16.669878,0.0045264147525963284,True,False,-2.099868001423038e-15,-1.5713701303827004e-11,111836.28660037312,111836.2866003731,1,1.0000000000000002
2007-02-01,47.176857,16.809685,0.00415858254710154,True,False,-2.10014865044799e-15,-1.571580145247745e-11,111701.6887000185,111701.68870001848,1,1.0000000000000002
2007-02-02,47.23642,16.916599,0.0038643692243544095,True,False,-2.100429336981907e-15,-1.5717901881814433e-11,111842.71733369876,111842.71733369875,1,1.0000000000000002
2007-02-05,47.301456,16.979647,0.0038264983745251806,True,False,-2.1007100610298025e-15,-1.5720002591875464e-11,111996.70451063797,111996.70451063795,1,1.0000000000000002
2007-02-06,47.56144,16.916599,0.004044180366704318,True,False,-2.1009908225966892e-15,-1.572210358269806e-11,112612.27438285275,112612.27438285273,1,1.0000000000000002
2007-02-07,47.702263,17.144125,0.0041237125570409,True,False,-2.101271621687582e-15,-1.5724204854319748e-11,112945.70411743221,112945.7041174322,1,1.0000000000000002
2007-02-08,47.740227,17.078346,0.004025338222591183,True,False,-2.101552458307497e-15,-1.5726306406778054e-11,113035.59232066303,113035.59232066301,1,1.0000000000000002
2007-02-09,47.469372,16.823389,0.004012922895949757,True,False,-2.101833332461448e-15,-1.5728408240110517e-11,112394.28294109069,112394.28294109067,1,1.0000000000000002
2007-02-12,47.361012,16.6315,0.0039106066681798436,True,False,-2.1021142441544533e-15,-1.5730510354354672e-11,112137.71657026326,112137.71657026325,1,1.0000000000000002
2007-02-13,47.258068,16.719219,0.003896432442359226,True,False,-2.1023951933915293e-15,-1.5732612749548063e-11,111893.97378253295,111893.97378253294,1,1.0000000000000002
2007-02-14,47.707703,17.04818,0.004412507627230175,True,False,-2.1026761801776937e-15,-1.573471542572824e-11,112958.58452586061,112958.5845258606,1,1.0000000000000002
2007-02-15,47.84856,17.138639,0.004408679171687608,True,False,-2.102957204517965e-15,-1.5736818382932757e-11,113292.09476299273,113292.09476299271,1,1.0000000000000002
2007-02-16,48.016483,17.127678,0.004406750673165909,True,False,-2.1032382664173623e-15,-1.5738921621199175e-11,113689.68976750041,113689.6897675004,1,1.0000000000000002
2007-02-20,48.124809,17.127678,0.004404009075560921,True,False,-2.1035193658809056e-15,-1.5741025140565056e-11,113946.17563577514,113946.17563577513,1,1.0000000000000002
2007-02-21,48.043598,17.113976,0.0041108726500425985,True,False,-2.1038005029136154e-15,-1.574312894106797e-11,113753.89055326072,113753.8905532607,1,1.0000000000000002
2007-02-22,47.78352,17.475821,0.004339142628651231,True,False,-2.1040816775205125e-15,-1.5745233022745488e-11,113138.09811516499,113138.09811516498,1,1.0000000000000002
2007-02-23,48.124809,17.571775,0.0041701767828506596,True,False,-2.1043628897066195e-15,-1.5747337385635196e-11,113946.17563577514,113946.17563577513,1,1.0000000000000002
2007-02-26,48.44442,17.5471,0.004304855447911583,True,False,-2.1046441394769583e-15,-1.574944202977467e-11,114702.92567588702,114702.925675887,1,1.0000000000000002
2007-02-27,49.056515,16.927557,0.0048447210141963,True,False,-2.1049254268365515e-15,-1.575154695520151e-11,116152.19655768479,116152.19655768477,1,1.0000000000000002
2007-02-28,48.834461,16.963196,0.005081203402478567,True,False,-2.105206751790424e-15,-1.57536521619533e-11,115626.43438614815,115626.43438614813,1,1.0000000000000002
2007-03-01,48.803467,16.842579,0.004890227749117492,True,False,-2.1054881143436e-15,-1.5755757650067642e-11,115553.04920621621,115553.0492062162,1,1.0000000000000002
2007-03-02,49.048153,16.5054,0.004897478301720143,True,False,-2.105769514501104e-15,-1.5757863419582144e-11,116132.39766517041,116132.3976651704,1,1.0000000000000002
2007-03-05,49.129692,16.327223,0.004895360022077633,False,False,-2.106050952267963e-15,-1.5759969470534412e-11,116325.45936054598,116325.45936054597,1,1.0000000000000002
2007-03-06,48.982914,16.716476,0.005018895427313052,True,False,-2.1063324276492028e-15,-1.576207580296206e-11,115977.92984063728,115977.92984063727,1,1.0000000000000002
2007-03-07,49.173218,16.647947,0.004968645855321199,True,False,-2.10661394064985e-15,-1.5764182416902712e-11,116428.51683430598,116428.51683430596,1,1.0000000000000002
2007-03-08,49.129692,16.815166,0.004990364225596133,True,False,-2.106895491274934e-15,-1.5766289312393987e-11,116325.45936054598,116325.45936054597,1,1.0000000000000002
2007-03-09,48.613121,16.919334,0.005672266661903257,True,False,-2.107177079529482e-15,-1.5768396489473515e-11,115102.36276821773,115102.36276821772,1,1.0000000000000002
2007-03-12,48.803467,17.053659,0.005487887041502114,True,False,-2.1074587054185242e-15,-1.5770503948178935e-11,115553.04920621621,115553.0492062162,1,1.0000000000000002
2007-03-13,49.097118,16.705515,0.005508812436569437,True,False,-2.1077403689470893e-15,-1.577261168854788e-11,116248.33317963668,116248.33317963667,1,1.0000000000000002
2007-03-14,48.874111,16.806942,0.0056235273763051595,True,False,-2.108022070120209e-15,-1.5774719710618002e-11,115720.31456890292,115720.3145689029,1,1.0000000000000002
2007-03-15,48.868725,16.798725,0.005325316071828482,True,False,-2.1083038089429142e-15,-1.5776828014426945e-11,115707.56201746994,115707.56201746993,1,1.0000000000000002
2007-03-16,48.857838,16.689064,0.005317798425816223,True,False,-2.1085855854202363e-15,-1.5778936600012365e-11,115681.78462655819,115681.78462655818,1,1.0000000000000002
2007-03-19,48.754528,16.601345,0.005329460733602995,True,False,-2.1088673995572084e-15,-1.5781045467411923e-11,115437.17525252553,115437.17525252551,1,1.0000000000000002
2007-03-20,48.781715,16.768562,0.005317972108762579,True,False,-2.1091492513588635e-15,-1.578315461666328e-11,115501.54651427972,115501.5465142797,1,1.0000000000000002
2007-03-21,48.803467,17.072851,0.005289313406589567,True,False,-2.1094311408302353e-15,-1.578526404780411e-11,115553.04920621621,115553.0492062162,1,1.0000000000000002
2007-03-22,48.417362,16.837103,0.0054715312448244645,True,False,-2.1097130679763587e-15,-1.5787373760872086e-11,114638.85985028856,114638.85985028854,1,1.0000000000000002
2007-03-23,48.281406,16.938524,0.005302558703264313,True,False,-2.1099950328022695e-15,-1.578948375590489e-11,114316.95381935267,114316.95381935265,1,1.0000000000000002
2007-03-26,48.341286,16.92617,0.005089962682896688,True,False,-2.110277035313003e-15,-1.5791594032940203e-11,114458.73302095055,114458.73302095053,1,1.0000000000000002
2007-03-27,48.259682,16.860321,0.004131200755758921,True,False,-2.1105590755135957e-15,-1.5793704592015717e-11,114265.51742363603,114265.51742363602,1,1.0000000000000002
2007-03-28,48.161789,16.651766,0.004049695392652918,True,False,-2.110841153409085e-15,-1.5795815433169126e-11,114033.7340004226,114033.73400042258,1,1.0000000000000002
2007-03-29,48.09655,16.495348,0.0040523511204621065,True,False,-2.111123269004509e-15,-1.579792655643813e-11,113879.26617588948,113879.26617588947,1,1.0000000000000002
2007-03-30,48.004101,16.547478,0.003826480591616819,True,False,-2.1114054223049058e-15,-1.5800037961860436e-11,113660.37263199298,113660.37263199297,1,1.0000000000000002
2007-04-02,48.083805,16.52553,0.0038264028473808352,True,False,-2.1116876133153156e-15,-1.5802149649473753e-11,113849.0895572461,113849.08955724609,1,1.0000000000000002
2007-04-03,48.023773,16.638039,0.003800224845742809,True,False,-2.111969842040778e-15,-1.5804261619315793e-11,113706.95046188332,113706.9504618833,1,1.0000000000000002
2007-04-04,48.07288,16.777996,0.003658779721822373,True,False,-2.1122521084863333e-15,-1.580637387142428e-11,113823.22219289311,113823.2221928931,1,1.0000000000000002
2007-04-05,47.892757,16.912464,0.00370456059401961,True,False,-2.1125344126570228e-15,-1.5808486405836936e-11,113396.74097830706,113396.74097830705,1,1.0000000000000002
2007-04-09,47.576191,16.874041,0.003262809399089317,True,False,-2.112816754557889e-15,-1.5810599222591493e-11,112647.2006521041,112647.20065210409,1,1.0000000000000002
2007-04-10,47.718132,17.01948,0.003193987877171943,True,False,-2.1130991341939744e-15,-1.5812712321725686e-11,112983.27750003335,112983.27750003333,1,1.0000000000000002
2007-04-11,47.685379,16.846594,0.002724572091917427,True,False,-2.113381551570322e-15,-1.5814825703277256e-11,112905.72749686142,112905.72749686141,1,1.0000000000000002
2007-04-12,47.696293,17.01948,0.0026475052375567816,True,False,-2.1136640066919763e-15,-1.5816939367283948e-11,112931.56881627088,112931.56881627087,1,1.0000000000000002
2007-04-13,47.548927,16.986549,0.002665716100707475,True,False,-2.1139464995639814e-15,-1.581905331378351e-11,112582.6470757453,112582.64707574529,1,1.0000000000000002
2007-04-16,47.810917,17.107298,0.003070890980056162,True,False,-2.1142290301913838e-15,-1.58211675428137e-11,113202.96659856808,113202.96659856806,1,1.0000000000000002
2007-04-17,48.078346,17.090826,0.003399040902771649,True,False,-2.1145115985792282e-15,-1.582328205441228e-11,113836.1641620971,113836.16416209709,1,1.0000000000000002
2007-04-18,48.318478,17.447573,0.0036217763540882194,True,False,-2.114794204732562e-15,-1.5825396848617014e-11,114404.73001443679,114404.73001443678,1,1.0000000000000002
2007-04-19,48.236607,17.551859,0.003624713167329679,True,False,-2.115076848656433e-15,-1.582751192546567e-11,114210.88223531154,114210.88223531152,1,1.0000000000000002
2007-04-20,48.111076,17.617714,0.0032293411689040667,True,False,-2.115359530355888e-15,-1.5829627284996026e-11,113913.65970765986,113913.65970765984,1,1.0000000000000002
2007-04-23,48.28574,17.483244,0.0032877983080596284,True,False,-2.1156422498359767e-15,-1.5831742927245862e-11,114327.21552709691,114327.2155270969,1,1.0000000000000002
2007-04-24,48.465851,17.916826,0.0033824447634860943,True,False,-2.1159250071017485e-15,-1.5833858852252964e-11,114753.66832901734,114753.66832901732,1,1.0000000000000002
2007-04-25,48.296654,18.084223,0.0034569171962075653,True,False,-2.1162078021582534e-15,-1.5835975060055122e-11,114353.05684650638,114353.05684650637,1,1.0000000000000002
2007-04-26,47.947369,18.078733,0.0038020060877422624,True,False,-2.1164906350105416e-15,-1.5838091550690132e-11,113526.04701968419,113526.04701968418,1,1.0000000000000002
2007-04-27,47.936455,17.809813,0.003792678890105429,True,False,-2.1167735056636656e-15,-1.5840208324195797e-11,113500.20570027472,113500.2057002747,1,1.0000000000000002
2007-04-30,48.438572,17.554605,0.004440712380154717,True,False,-2.1170564141226762e-15,-1.584232538060992e-11,114689.0792368265,114689.07923682648,1,1.0000000000000002
2007-05-01,48.473606,17.598503,0.004432230229481452,True,False,-2.1173393603926274e-15,-1.584444271997031e-11,114772.03001419421,114772.0300141942,1,1.0000000000000002
2007-05-02,48.446213,17.743952,0.004421430130920479,True,False,-2.117622344478572e-15,-1.584656034231479e-11,114707.17100167969,114707.17100167967,1,1.0000000000000002
2007-05-03,48.336636,17.848227,0.004459484139277685,True,False,-2.117905366385564e-15,-1.5848678247681177e-11,114447.72311301084,114447.72311301083,1,1.0000000000000002
2007-05-04,48.533875,18.015623,0.004430751334153612,True,False,-2.118188426118659e-15,-1.5850796436107296e-11,114914.73025970362,114914.7302597036,1,1.0000000000000002
2007-05-07,48.665359,17.941526,0.004101104594281649,True,False,-2.118471523682912e-15,-1.585291490763098e-11,115226.04783724027,115226.04783724026,1,1.0000000000000002
2007-05-08,48.55579,17.900366,0.0041437585844747715,True,False,-2.1187546590833786e-15,-1.585503366229006e-11,114966.61889034853,114966.61889034852,1,1.0000000000000002
2007-05-09,48.364056,18.224174,0.00427097020986837,True,False,-2.119037832325116e-15,-1.5857152700122386e-11,114512.64605402309,114512.64605402308,1,1.0000000000000002
2007-05-10,48.479088,17.889387,0.004285284076998736,True,False,-2.1193210434131823e-15,-1.5859272021165798e-11,114785.00986695239,114785.00986695237,1,1.0000000000000002
2007-05-11,48.309296,18.139114,0.004306110032590135,True,False,-2.1196042923526352e-15,-1.586139162545815e-11,114382.9895897696,114382.98958976958,1,1.0000000000000002
2007-05-14,48.183296,18.114412,0.004220949459371226,True,False,-2.1198875791485338e-15,-1.58635115130373e-11,114084.65660043538,114084.65660043537,1,1.0000000000000002
2007-05-15,48.166878,17.872925,0.00404159696903132,True,False,-2.1201709038059377e-15,-1.5865631683941104e-11,114045.7833383807,114045.78333838069,1,1.0000000000000002
2007-05-16,48.134007,17.875662,0.0038759537251615685,True,False,-2.1204542663299063e-15,-1.5867752138207434e-11,113967.95394399654,113967.95394399653,1,1.0000000000000002
2007-05-17,47.936806,17.793343,0.003961679994711157,True,False,-2.1207376667255017e-15,-1.586987287587416e-11,113501.03677074499,113501.03677074498,1,1.0000000000000002
2007-05-18,47.61908,17.820789,0.004182025467104934,True,False,-2.1210211049977846e-15,-1.587199389697916e-11,112748.74988686245,112748.74988686244,1,1.0000000000000002
2007-05-21,47.761528,17.837259,0.004151169179478704,True,False,-2.1213045811518177e-15,-1.587411520156031e-11,113086.02716991547,113086.02716991545,1,1.0000000000000002
2007-05-22,47.514996,17.919579,0.00414639604401047,True,False,-2.121588095192664e-15,-1.5876236789655505e-11,112502.3078958953,112502.30789589528,1,1.0000000000000002
2007-05-23,47.378033,17.661627,0.004129184750480697,True,False,-2.1218716471253865e-15,-1.587835866130263e-11,112178.0175687669,112178.01756876688,1,1.0000000000000002
2007-05-24,47.421852,17.351519,0.0038695172627087326,True,False,-2.12215523695505e-15,-1.5880480816539584e-11,112281.7687851132,112281.76878511319,1,1.0000000000000002
2007-05-25,47.312332,17.442085,0.0038883753930561596,True,False,-2.1224388646867193e-15,-1.588260325540427e-11,112022.4558566062,112022.45585660619,1,1.0000000000000002
2007-05-29,47.306828,17.551859,0.0028959530612648735,True,False,-2.1227225303254598e-15,-1.5884725977934597e-11,112009.42391396101,112009.423913961,1,1.0000000000000002
2007-05-30,47.40543,17.433849,0.0029582870087838356,True,False,-2.1230062338763387e-15,-1.5886848984168474e-11,112242.88605216998,112242.88605216997,1,1.0000000000000002
2007-05-31,47.31778,17.702785,0.002959697565706742,True,False,-2.1232899753444216e-15,-1.5888972274143818e-11,112035.3552068117,112035.35520681168,1,1.0000000000000002
2007-06-01,47.069206,17.86195,0.003090936990456488,True,False,-2.123573754734777e-15,-1.589109584789855e-11,111446.80104418662,111446.8010441866,1,1.0000000000000002
2007-06-04,47.283699,17.818037,0.0031360544811364108,True,False,-2.123857572052473e-15,-1.5893219705470604e-11,111954.66086864108,111954.66086864106,1,1.0000000000000002
2007-06-05,46.986732,17.732973,0.003176224427731362,True,False,-2.1241414273025793e-15,-1.5895343846897908e-11,111251.52552861243,111251.52552861242,1,1.0000000000000002
2007-06-06,46.964745,17.505207,0.003186548717741436,True,False,-2.1244253204901648e-15,-1.58974682722184e-11,111199.4664219736,111199.46642197359,1,1.0000000000000002
2007-06-07,46.123333,17.181387,0.00485081317085051,True,False,-2.1247092516203005e-15,-1.589959298147002e-11,109207.23660275398,109207.23660275397,1,1.0000000000000002
2007-06-08,46.08485,17.661627,0.004737232012708926,True,False,-2.1249932206980564e-15,-1.5901717974690717e-11,109116.11955173376,109116.11955173375,1,1.0000000000000002
2007-06-11,45.952827,17.593006,0.004732452050282999,True,False,-2.1252772277285056e-15,-1.5903843251918447e-11,108803.52577196494,108803.52577196492,1,1.0000000000000002
2007-06-12,45.287403,17.45307,0.005450329347499523,True,False,-2.1255612727167198e-15,-1.5905968813191165e-11,107227.98663629252,107227.98663629251,1,1.0000000000000002
2007-06-13,45.826347,17.73572,0.00637548238544052,True,False,-2.1258453556677716e-15,-1.5908094658546834e-11,108504.0562760047,108504.05627600469,1,1.0000000000000002
2007-06-14,45.710884,17.966225,0.006361280070060757,True,False,-2.126129476586736e-15,-1.591022078802342e-11,108230.67197483411,108230.6719748341,1,1.0000000000000002
2007-06-15,46.024334,18.268095,0.006685488766152584,True,False,-2.126413635478686e-15,-1.59123472016589e-11,108972.83447885638,108972.83447885637,1,1.0000000000000002
2007-06-18,45.93082,18.2626,0.006596893925668459,True,False,-2.1266978323486973e-15,-1.5914473899491246e-11,108751.41931088337,108751.41931088336,1,1.0000000000000002
2007-06-19,46.359787,18.111668,0.006977936106745768,True,False,-2.126982067201846e-15,-1.591660088155845e-11,109767.09397307168,109767.09397307166,1,1.0000000000000002
2007-06-20,45.985813,17.990923,0.007088989065385535,True,False,-2.1272663400432085e-15,-1.5918728147898492e-11,108881.62745439493,108881.62745439491,1,1.0000000000000002
2007-06-21,45.765881,18.523306,0.007119470486199828,True,False,-2.127550650877862e-15,-1.592085569854937e-11,108360.88958923421,108360.8895892342,1,1.0000000000000002
2007-06-22,46.062809,18.303762,0.007332947852876647,True,False,-2.127834999710884e-15,-1.592298353354908e-11,109063.93258809952,109063.9325880995,1,1.0000000000000002
2007-06-25,46.315849,18.073246,0.007490184734195772,True,False,-2.1281193865473535e-15,-1.592511165293563e-11,109663.06099779099,109663.06099779098,1,1.0000000000000002
2007-06-26,46.326824,17.977207,0.0074929540342979495,True,False,-2.1284038113923495e-15,-1.5927240056747023e-11,109689.04674825087,109689.04674825085,1,1.0000000000000002
2007-06-27,46.3708,18.38061,0.007472303552983291,True,False,-2.1286882742509515e-15,-1.5929368745021273e-11,109793.16969697278,109793.16969697276,1,1.0000000000000002
2007-06-28,46.359787,18.207718,0.007472518543943657,True,False,-2.1289727751282402e-15,-1.5931497717796402e-11,109767.09397307168,109767.09397307166,1,1.0000000000000002
2007-06-29,46.838238,18.090105,0.007807953851200685,True,False,-2.129257314029297e-15,-1.5933626975110433e-11,110899.93299751564,110899.93299751563,1,1.0000000000000002
2007-07-02,47.084465,18.32918,0.007831973835411475,True,False,-2.129541890959204e-15,-1.593575651700139e-11,111482.93011628385,111482.93011628384,1,1.0000000000000002
2007-07-03,46.797367,18.378637,0.00782454247264845,True,False,-2.129826505923043e-15,-1.5937886343507312e-11,110803.1618260309,110803.16182603089,1,1.0000000000000002
2007-07-05,46.272934,18.494059,0.008207306374300415,True,False,-2.130111158925898e-15,-1.594001645466624e-11,109561.45020225704,109561.45020225702,1,1.0000000000000002
2007-07-06,46.085232,18.647945,0.007183728108491831,True,False,-2.130395849972853e-15,-1.594214685051621e-11,109117.0240215903,109117.02402159029,1,1.0000000000000002
2007-07-09,46.250858,18.782597,0.007225954282150882,True,False,-2.1306805790689923e-15,-1.594427753109528e-11,109509.18036834798,109509.18036834797,1,1.0000000000000002
2007-07-10,47.034763,18.634211,0.008078187255746567,True,False,-2.1309653462194007e-15,-1.59464084964415e-11,111365.24959060218,111365.24959060216,1,1.0000000000000002
2007-07-11,46.548958,18.617722,0.007692259150070192,True,False,-2.1312501514291655e-15,-1.594853974659293e-11,110214.99833755851,110214.9983375585,1,1.0000000000000002
2007-07-12,46.388893,19.112366,0.0073501108928562256,True,False,-2.1315349947033726e-15,-1.5950671281587632e-11,109836.00889360788,109836.00889360787,1,1.0000000000000002
2007-07-13,46.515831,19.076632,0.007326119585978504,True,False,-2.131819876047109e-15,-1.595280310146368e-11,110136.56280630712,110136.5628063071,1,1.0000000000000002
2007-07-16,46.963001,19.181059,0.0074673204499488555,True,False,-2.1321047954654634e-15,-1.5954935206259146e-11,111195.33711456567,111195.33711456566,1,1.0000000000000002
2007-07-17,46.863663,19.477852,0.007469136343858527,True,False,-2.1323897529635244e-15,-1.595706759601211e-11,110960.13233286345,110960.13233286343,1,1.0000000000000002
2007-07-18,47.040276,19.137102,0.0072449644367578985,True,False,-2.1326747485463805e-15,-1.5959200270760658e-11,111378.30284274663,111378.30284274662,1,1.0000000000000002
2007-07-19,47.029255,19.268997,0.006947926249692826,True,False,-2.132959782219123e-15,-1.5961333230542878e-11,111352.20817706843,111352.20817706842,1,1.0000000000000002
2007-07-20,47.454308,19.035414,0.00701395847799099,True,False,-2.133244853986842e-15,-1.5963466475396863e-11,112358.61557481028,112358.61557481026,1,1.0000000000000002
2007-07-23,47.377048,19.032663,0.006964586499935007,True,False,-2.1335299638546286e-15,-1.596560000536072e-11,112175.68536246139,112175.68536246137,1,1.0000000000000002
2007-07-24,47.553696,18.645203,0.0069214762608621454,True,False,-2.1338151118275755e-15,-1.5967733820472547e-11,112593.9387426194,112593.93874261939,1,1.0000000000000002
2007-07-25,47.647572,18.689165,0.006918076433061573,True,False,-2.1341002979107757e-15,-1.596986792077046e-11,112816.21102600619,112816.21102600617,1,1.0000000000000002
2007-07-26,48.045006,18.364904,0.007086102797511239,True,False,-2.1343855221093217e-15,-1.597200230629257e-11,113757.22430603042,113757.2243060304,1,1.0000000000000002
2007-07-27,48.183048,18.068113,0.007073740284244514,True,False,-2.134670784428309e-15,-1.5974136977076998e-11,114084.06940534528,114084.06940534526,1,1.0000000000000002
2007-07-30,48.045006,18.392384,0.006865527361934392,True,False,-2.1349560848728307e-15,-1.597627193316187e-11,113757.22430603042,113757.2243060304,1,1.0000000000000002
2007-07-31,48.392849,18.098349,0.006939267746885129,True,False,-2.1352414234479837e-15,-1.597840717458532e-11,114580.81987753023,114580.81987753022,1,1.0000000000000002
2007-08-01,48.288074,18.197281,0.0067691358277954,True,False,-2.1355268001588636e-15,-1.5980542701385478e-11,114332.74179056603,114332.74179056601,1,1.0000000000000002
2007-08-02,48.410015,18.205517,0.006057610648558447,True,False,-2.1358122150105675e-15,-1.598267851360049e-11,114621.46419574381,114621.4641957438,1,1.0000000000000002
2007-08-03,48.73143,17.664162,0.005940641458835229,True,False,-2.1360976680081922e-15,-1.5984814611268497e-11,115382.48560659187,115382.48560659186,1,1.0000000000000002
2007-08-06,48.376724,17.897745,0.00634912488212065,True,False,-2.1363831591568375e-15,-1.5986950994427655e-11,114542.64035806188,114542.64035806186,1,1.0000000000000002
2007-08-07,48.337959,17.883997,0.00536907846582719,True,False,-2.136668688461601e-15,-1.5989087663116115e-11,114450.85560939884,114450.85560939883,1,1.0000000000000002
2007-08-08,47.750511,18.28521,0.005592763932807905,True,False,-2.1369542559275827e-15,-1.5991224617372044e-11,113059.94197512584,113059.94197512582,1,1.0000000000000002
2007-08-09,47.816994,18.153311,0.005481443827196707,True,False,-2.137239861559883e-15,-1.5993361857233602e-11,113217.3552459981,113217.35524599809,1,1.0000000000000002
2007-08-10,47.706165,18.04888,0.0055385745454505165,True,False,-2.1375255053636024e-15,-1.5995499382738966e-11,112954.942969213,112954.94296921299,1,1.0000000000000002
2007-08-13,47.844723,17.98567,0.005202938828984711,True,False,-2.1378111873438427e-15,-1.599763719392631e-11,113283.00981315087,113283.00981315086,1,1.0000000000000002
2007-08-14,47.972168,17.757595,0.0051651952866312665,True,False,-2.138096907505707e-15,-1.5999775290833814e-11,113584.76416097388,113584.76416097386,1,1.0000000000000002
2007-08-15,47.800392,17.268442,0.005232006520336736,False,False,-2.138382665854297e-15,-1.600191367349967e-11,113178.04632307011,113178.0463230701,1,1.0000000000000002
2007-08-16,48.293602,17.254707,0.005633928540888779,False,False,-2.138668462394718e-15,-1.6004052341962064e-11,114345.83055854253,114345.83055854251,1,1.0000000000000002
2007-08-17,48.099644,17.554241,0.005450206004972057,True,False,-2.1389542971320727e-15,-1.6006191296259195e-11,113886.59190818312,113886.59190818311,1,1.0000000000000002
2007-08-20,48.127357,17.760344,0.005423364564600071,True,False,-2.1392401700714672e-15,-1.6008330536429267e-11,113952.2085917817,113952.20859178169,1,1.0000000000000002
2007-08-21,48.360088,17.897745,0.005460253438134129,True,False,-2.139526081218007e-15,-1.6010470062510486e-11,114503.2509325812,114503.25093258118,1,1.0000000000000002
2007-08-22,48.282539,18.021404,0.0054797919564106975,True,False,-2.1398120305767985e-15,-1.6012609874541063e-11,114319.63644853455,114319.63644853454,1,1.0000000000000002
2007-08-23,48.448776,17.856525,0.005224488336764711,True,False,-2.1400980181529486e-15,-1.6014749972559217e-11,114713.23947351829,114713.23947351828,1,1.0000000000000002
2007-08-24,48.687084,18.112089,0.0052941956629137836,True,False,-2.1403840439515655e-15,-1.601689035660317e-11,115277.48660067904,115277.48660067903,1,1.0000000000000002
2007-08-27,48.942047,17.952703,0.005330624865785226,True,False,-2.140670107977757e-15,-1.6019031026711148e-11,115881.16814004109,115881.16814004107,1,1.0000000000000002
2007-08-28,49.025185,17.488287,0.005126915312304371,True,False,-2.140956210236633e-15,-1.6021171982921384e-11,116078.01582311463,116078.01582311462,1,1.0000000000000002
2007-08-29,48.892181,17.991175,0.0051442370236350924,True,False,-2.1412423507333026e-15,-1.602331322527212e-11,115763.09930792886,115763.09930792885,1,1.0000000000000002
2007-08-30,49.219151,18.010416,0.005305688001857634,True,False,-2.141528529472877e-15,-1.6025454753801593e-11,116537.27341525113,116537.27341525111,1,1.0000000000000002
2007-08-31,49.257969,18.345661,0.00512809608185624,True,False,-2.141814746460467e-15,-1.6027596568548054e-11,116629.18365318744,116629.18365318743,1,1.0000000000000002
2007-09-04,49.281292,18.661686,0.004785502983756364,True,False,-2.1421010017011845e-15,-1.6029738669549756e-11,116684.40603660206,116684.40603660204,1,1.0000000000000002
2007-09-05,49.676414,18.474819,0.005016334791030204,True,False,-2.142387295200142e-15,-1.6031881056844955e-11,117619.9451430442,117619.94514304418,1,1.0000000000000002
2007-09-06,49.548405,18.634211,0.004001671847858595,True,False,-2.142673626962453e-15,-1.6034023730471917e-11,117316.85539993561,117316.8553999356,1,1.0000000000000002
2007-09-07,50.249569,18.156055,0.0048393447896109415,True,False,-2.142959996993231e-15,-1.603616669046891e-11,118977.01692480489,118977.01692480488,1,1.0000000000000002
2007-09-10,50.639107,18.191778,0.004835929879274331,True,False,-2.1432464052975908e-15,-1.6038309936874206e-11,119899.33467083082,119899.33467083081,1,1.0000000000000002
2007-09-11,50.600143,18.419861,0.004908329187240513,True,False,-2.143532851880648e-15,-1.6040453469726088e-11,119807.07874546242,119807.07874546241,1,1.0000000000000002
2007-09-12,50.410946,18.134068,0.005122281335879593,True,False,-2.1438193367475185e-15,-1.6042597289062834e-11,119359.11282020001,119359.1128202,1,1.0000000000000002
2007-09-13,49.96019,18.068113,0.005580129020094795,True,False,-2.1441058599033188e-15,-1.6044741394922737e-11,118291.84786035612,118291.84786035611,1,1.0000000000000002
2007-09-14,50.032543,17.955454,0.005248656194154456,True,False,-2.144392421353166e-15,-1.604688578734409e-11,118463.15966017595,118463.15966017594,1,1.0000000000000002
2007-09-17,50.27182,17.900492,0.005104208935843026,True,False,-2.1446790211021785e-15,-1.604903046636519e-11,119029.70111008802,119029.701110088,1,1.0000000000000002
2007-09-18,49.893421,18.430861,0.0055458428763102375,True,False,-2.144965659155475e-15,-1.6051175432024345e-11,118133.7574209525,118133.75742095249,1,1.0000000000000002
2007-09-19,49.431526,18.513296,0.006019841786430602,True,False,-2.1452523355181746e-15,-1.6053320684359863e-11,117040.1184042182,117040.11840421818,1,1.0000000000000002
2007-09-20,48.4967,18.527039,0.007516703209626959,True,False,-2.1455390501953976e-15,-1.605546622341006e-11,114826.71018923933,114826.71018923931,1,1.0000000000000002
2007-09-21,48.908466,18.609476,0.007710913209699058,True,False,-2.1458258031922653e-15,-1.605761204921325e-11,115801.65766293924,115801.65766293922,1,1.0000000000000002
2007-09-24,49.047588,18.55452,0.0076620593196151604,True,False,-2.1461125945138984e-15,-1.6059758161807766e-11,116131.05990216267,116131.05990216265,1,1.0000000000000002
2007-09-25,48.87508,18.661686,0.007619906604949912,True,False,-2.146399424165419e-15,-1.606190456123193e-11,115722.60889165422,115722.6088916542,1,1.0000000000000002
2007-09-26,48.919613,18.593178,0.007612340025222464,True,False,-2.1466862921519503e-15,-1.6064051247524082e-11,115828.05066160677,115828.05066160676,1,1.0000000000000002
2007-09-27,49.259033,18.661961,0.007742137708193829,True,False,-2.1469731984786156e-15,-1.606619822072256e-11,116631.70290954183,116631.70290954181,1,1.0000000000000002
2007-09-28,49.370327,18.565668,0.007615302509478291,True,False,-2.147260143150539e-15,-1.606834548086571e-11,116895.21617712088,116895.21617712086,1,1.0000000000000002
2007-10-01,49.652496,18.953596,0.007715364369958186,True,False,-2.147547126172846e-15,-1.6070493027991882e-11,117563.31396495772,117563.3139649577,1,1.0000000000000002
2007-10-02,49.808903,18.989359,0.007739812665377101,True,False,-2.147834147550661e-15,-1.607264086213943e-11,117933.64228132911,117933.6422813291,1,1.0000000000000002
2007-10-03,49.663635,18.579428,0.007569382537193323,True,False,-2.1481212072891115e-15,-1.607478898334672e-11,117589.68802184815,117589.68802184814,1,1.0000000000000002
2007-10-04,49.853596,18.546402,0.007590335344892378,True,False,-2.1484083053933237e-15,-1.6076937391652113e-11,118039.46288682368,118039.46288682366,1,1.0000000000000002
2007-10-05,49.317253,18.857307,0.007249475952846128,True,False,-2.1486954418684254e-15,-1.6079086087093982e-11,116769.55169239132,116769.55169239131,1,1.0000000000000002
2007-10-08,49.278172,18.884821,0.006958401490937374,True,False,-2.148982616719545e-15,-1.60812350697107e-11,116677.01874353283,116677.01874353281,1,1.0000000000000002
2007-10-09,49.216724,18.747248,0.006957080436731675,True,False,-2.149269829951811e-15,-1.608338433954065e-11,116531.52695362324,116531.52695362322,1,1.0000000000000002
2007-10-10,49.244644,18.703226,0.006946916726544894,True,False,-2.1495570815703538e-15,-1.608553389662222e-11,116597.63375570429,116597.63375570427,1,1.0000000000000002
2007-10-11,49.194363,18.301544,0.006699443545987524,True,False,-2.1498443715803032e-15,-1.60876837409938e-11,116478.58231890497,116478.58231890496,1,1.0000000000000002
2007-10-12,48.954163,18.524401,0.006738827379585104,True,False,-2.1501316999867907e-15,-1.608983387269379e-11,115909.85546145993,115909.85546145991,1,1.0000000000000002
2007-10-15,48.965332,18.524401,0.0066061490224802915,True,False,-2.1504190667949478e-15,-1.6091984291760584e-11,115936.30055001446,115936.30055001445,1,1.0000000000000002
2007-10-16,48.982082,18.494133,0.006447729915240868,True,False,-2.1507064720099068e-15,-1.6094134998232595e-11,115975.95989581881,115975.9598958188,1,1.0000000000000002
2007-10-17,49.518421,18.838045,0.006644430990431136,True,False,-2.150993915636801e-15,-1.6096285992148233e-11,117245.86161936261,117245.8616193626,1,1.0000000000000002
2007-10-18,49.792118,18.846292,0.0049740519613458815,True,False,-2.151281397680764e-15,-1.6098437273545915e-11,117893.90006524995,117893.90006524994,1,1.0000000000000002
2007-10-19,50.535126,18.293301,0.005615837780834859,True,False,-2.1515689181469304e-15,-1.6100588842464062e-11,119653.13655524384,119653.13655524382,1,1.0000000000000002
2007-10-22,50.540703,18.452858,0.005618197096476088,True,False,-2.151856477040435e-15,-1.6102740698941102e-11,119666.34134160508,119666.34134160506,1,1.0000000000000002
2007-10-23,50.473679,18.494133,0.005535711871888171,True,False,-2.152144074366414e-15,-1.6104892843015468e-11,119507.64713305638,119507.64713305637,1,1.0000000000000002
2007-10-24,50.847958,17.92737,0.005680281846766578,True,False,-2.152431710130004e-15,-1.6107045274725597e-11,120393.83580698508,120393.83580698507,1,1.0000000000000002
2007-10-25,50.674763,17.335846,0.005672978085064846,False,False,-2.1527193843363417e-15,-1.6109197994109933e-11,119983.75817136811,119983.7581713681,1,1.0000000000000002
2007-10-26,50.55743,17.393618,0.005729278137769931,False,False,-2.153007096990566e-15,-1.6111351001206925e-11,119705.94622980026,119705.94622980025,1,1.0000000000000002
2007-10-29,50.752987,17.555943,0.005667505001904684,False,False,-2.153294848097815e-15,-1.6113504296055024e-11,120168.97086785763,120168.97086785761,1,1.0000000000000002
2007-10-30,50.725079,17.621971,0.005657413865191176,False,False,-2.1535826376632273e-15,-1.6115657878692686e-11,120102.89247844226,120102.89247844224,1,1.0000000000000002
2007-10-31,50.266994,17.787052,0.006031521679926277,True,False,-2.1538704656919434e-15,-1.611781174915838e-11,119018.27448305208,119018.27448305207,1,1.0000000000000002
2007-11-01,50.920113,17.49267,0.006602112856458954,False,False,-2.154158332189104e-15,-1.6119965907490568e-11,120564.67879782167,120564.67879782166,1,1.0000000000000002
2007-11-02,51.08279,17.613724,0.005990727352597975,False,False,-2.1544462371598507e-15,-1.6122120353727728e-11,120949.85273199565,120949.85273199563,1,1.0000000000000002
2007-11-05,51.060349,17.528442,0.005983323199017662,False,False,-2.154734180609325e-15,-1.6124275087908336e-11,120896.71867950638,120896.71867950636,1,1.0000000000000002
2007-11-06,50.813499,17.781551,0.0061313198323553015,True,False,-2.15502216254267e-15,-1.612643011007088e-11,120312.24646984646,120312.24646984645,1,1.0000000000000002
2007-11-07,50.903248,17.30558,0.006126584499461033,False,False,-2.155310182965029e-15,-1.6128585420253845e-11,120524.7471639715,120524.74716397148,1,1.0000000000000002
2007-11-08,50.813499,17.060722,0.006145902713844422,False,False,-2.1555982418815458e-15,-1.6130741018495728e-11,120312.24646984646,120312.24646984645,1,1.0000000000000002
2007-11-09,51.245567,16.912151,0.00612676680765266,False,False,-2.155886339297366e-15,-1.6132896904835024e-11,121335.26343838338,121335.26343838336,1,1.0000000000000002
2007-11-12,51.430702,16.474689,0.0061135626203086095,False,False,-2.1561744752176338e-15,-1.613505307931024e-11,121773.61167632295,121773.61167632294,1,1.0000000000000002
2007-11-13,51.239922,16.848869,0.006253184305128479,False,False,-2.1564626496474958e-15,-1.613720954195989e-11,121321.89764691677,121321.89764691675,1,1.0000000000000002
2007-11-14,51.296021,16.719549,0.005915599519588685,False,False,-2.1567508625921e-15,-1.6139366292822484e-11,121454.72449111249,121454.72449111247,1,1.0000000000000002
2007-11-15,51.778568,16.620504,0.00610372856945005,False,False,-2.1570391140565928e-15,-1.614152333193654e-11,122597.26170543196,122597.26170543194,1,1.0000000000000002
2007-11-16,51.851524,16.507704,0.0053009200634648625,False,False,-2.157327404046122e-15,-1.6143680659340587e-11,122770.00124170072,122770.00124170071,1,1.0000000000000002
2007-11-19,52.188198,16.207811,0.005416288726653613,False,False,-2.1576157325658373e-15,-1.6145838275073153e-11,123567.151724646,123567.15172464598,1,1.0000000000000002
2007-11-20,52.132061,16.009722,0.005409432512049576,False,False,-2.1579040996208883e-15,-1.6147996179172775e-11,123434.23490700907,123434.23490700906,1,1.0000000000000002
2007-11-21,52.435059,15.693331,0.005331152667763772,False,False,-2.158192505216425e-15,-1.615015437167799e-11,124151.64997924943,124151.64997924941,1,1.0000000000000002
2007-11-23,52.59219,15.921686,0.005209204091431295,False,False,-2.1584809493575984e-15,-1.6152312852627348e-11,124523.69252644843,124523.69252644842,1,1.0000000000000002
2007-11-26,53.630245,15.921686,0.006436465376908712,False,False,-2.15876943204956e-15,-1.6154471622059398e-11,126981.51832996683,126981.51832996681,1,1.0000000000000002
2007-11-27,53.119625,15.844649,0.007011130171985595,False,False,-2.1590579532974626e-15,-1.6156630680012695e-11,125772.51205207927,125772.51205207926,1,1.0000000000000002
2007-11-28,52.760498,16.518711,0.007277023272979619,False,False,-2.1593465131064586e-15,-1.61587900265258e-11,124922.19910397906,124922.19910397904,1,1.0000000000000002
2007-11-29,53.215008,16.504955,0.006929775519848468,False,False,-2.1596351114817023e-15,-1.616094966163728e-11,125998.35249272738,125998.35249272737,1,1.0000000000000002
2007-11-30,52.956879,16.271095,0.0067078121885072615,False,False,-2.1599237484283476e-15,-1.616310958538571e-11,125387.1747450778,125387.17474507779,1,1.0000000000000002
2007-12-03,53.377163,16.254578,0.00683493408517079,False,False,-2.1602124239515506e-15,-1.6165269797809662e-11,126382.29047594556,126382.29047594554,1,1.0000000000000002
2007-12-04,53.371513,16.128023,0.006828567211792165,False,False,-2.160501138056466e-15,-1.6167430298947717e-11,126368.91284586827,126368.91284586825,1,1.0000000000000002
2007-12-05,52.734932,16.587498,0.0073826101983103225,False,False,-2.1607898907482505e-15,-1.6169591088838465e-11,124861.66591980988,124861.66591980986,1,1.0000000000000002
2007-12-06,52.273022,16.868124,0.00775773246032603,False,False,-2.1610786820320618e-15,-1.6171752167520496e-11,123767.9913872435,123767.99138724348,1,1.0000000000000002
2007-12-07,51.687107,16.843365,0.00823387282052857,False,False,-2.161367511913057e-15,-1.617391353503241e-11,122380.70747100738,122380.70747100736,1,1.0000000000000002
2007-12-10,51.377258,16.989172,0.008165388878077539,False,False,-2.161656380396395e-15,-1.6176075191412804e-11,121647.0711344025,121647.07113440249,1,1.0000000000000002
2007-12-11,52.385693,16.653521,0.00921962943406246,False,False,-2.1619452874872355e-15,-1.617823713670029e-11,124034.765008206,124034.76500820598,1,1.0000000000000002
2007-12-12,51.844837,16.859869,0.00951166142113111,False,False,-2.1622342331907377e-15,-1.618039937093348e-11,122754.16828376678,122754.16828376676,1,1.0000000000000002
2007-12-13,51.281483,16.703047,0.009851575805142895,False,False,-2.1625232175120626e-15,-1.6182561894150995e-11,121420.30254667645,121420.30254667644,1,1.0000000000000002
2007-12-14,51.044868,16.526962,0.009645172421780406,False,False,-2.162812240456371e-15,-1.618472470639145e-11,120860.0639730946,120860.06397309458,1,1.0000000000000002
2007-12-17,51.501179,16.161051,0.009874648584376068,False,False,-2.1631013020288258e-15,-1.618688780769348e-11,121940.4816294127,121940.48162941268,1,1.0000000000000002
2007-12-18,51.833626,16.235329,0.009873284852093708,False,False,-2.163390402234589e-15,-1.6189051198095713e-11,122727.62375088246,122727.62375088244,1,1.0000000000000002
2007-12-19,52.52087,16.273848,0.010321279157824366,False,False,-2.1636795410788243e-15,-1.6191214877636792e-11,124354.82658359672,124354.8265835967,1,1.0000000000000002
2007-12-20,52.408211,16.493948,0.010254191238486752,False,False,-2.1639687185666955e-15,-1.619337884635536e-11,124088.08137529987,124088.08137529985,1,1.0000000000000002
2007-12-21,51.642033,16.705807,0.010733996915932678,False,False,-2.1642579347033676e-15,-1.6195543104290064e-11,122273.98476337841,122273.9847633784,1,1.0000000000000002
2007-12-24,51.399837,16.879133,0.009612560944533608,False,False,-2.164547189494006e-15,-1.6197707651479557e-11,121700.53193254677,121700.53193254676,1,1.0000000000000002
2007-12-26,50.949146,16.909393,0.009583056458518877,False,False,-2.164836482943776e-15,-1.61998724879625e-11,120633.42087464183,120633.42087464182,1,1.0000000000000002
2007-12-27,51.504528,16.560934,0.009932368493388211,False,False,-2.1651258150578453e-15,-1.620203761377756e-11,121948.41113085143,121948.41113085141,1,1.0000000000000002
2007-12-28,52.307709,16.505833,0.010398616311077236,False,False,-2.1654151858413818e-15,-1.62042030289634e-11,123850.1205650295,123850.12056502949,1,1.0000000000000002
2007-12-31,52.624489,16.365341,0.010463241045618826,False,False,-2.165704595299553e-15,-1.6206368733558697e-11,124600.16758376989,124600.16758376987,1,1.0000000000000002
2008-01-02,53.382416,15.927354,0.010819296129320435,False,False,-6.2767523349021e-16,-1.6206996408792186e-11,126394.72812033423,126394.72812033421,1,1.0000000000000002
2008-01-03,53.308857,15.737297,0.010823726123390913,False,False,-6.27699543451634e-16,-1.6207624108335638e-11,126220.56084761649,126220.56084761648,1,1.0000000000000002
2008-01-04,53.320164,14.979766,0.010452786818912228,False,False,-6.277238543545867e-16,-1.6208251832189992e-11,126247.33268182602,126247.33268182601,1,1.0000000000000002
2008-01-07,53.552071,14.621662,0.010245052338187129,False,False,-6.277481661991046e-16,-1.620887958035619e-11,126796.42401958418,126796.42401958417,1,1.0000000000000002
2008-01-08,53.489845,14.277332,0.009838178303610185,False,False,-6.27772478985224e-16,-1.6209507352835174e-11,126649.09014185157,126649.09014185156,1,1.0000000000000002
2008-01-09,53.591679,14.368232,0.009668731865943853,False,False,-6.2779679271298145e-16,-1.621013514962789e-11,126890.20475800917,126890.20475800916,1,1.0000000000000002
2008-01-10,52.867645,14.426079,0.009370262184074059,False,False,-6.278211073824136e-16,-1.621076297073527e-11,125175.89342785362,125175.8934278536,1,1.0000000000000002
2008-01-11,53.280582,13.977071,0.00914199896611687,False,False,-6.278454229935566e-16,-1.6211390816158262e-11,126153.61350417662,126153.61350417661,1,1.0000000000000002
2008-01-14,53.478577,14.401295,0.008680436049593246,False,False,-6.278697395464471e-16,-1.6212018685897808e-11,126622.4106488054,126622.41064880538,1,1.0000000000000002
2008-01-15,54.07811,13.861379,0.00875375757595196,False,False,-6.278940570411216e-16,-1.621264657995485e-11,128041.93820511099,128041.93820511097,1,1.0000000000000002
2008-01-16,53.687794,13.685081,0.008912918716989772,False,False,-6.279183754776165e-16,-1.6213274498330328e-11,127117.778371262,127117.77837126199,1,1.0000000000000002
2008-01-17,54.383541,13.431655,0.009190642147512659,False,False,-6.279426948559683e-16,-1.6213902441025184e-11,128765.11394531206,128765.11394531204,1,1.0000000000000002
2008-01-18,54.010227,13.784248,0.009046835520221945,False,False,-6.2796701517621365e-16,-1.621453040804036e-11,127881.21012324611,127881.2101232461,1,1.0000000000000002
2008-01-22,54.587147,13.525313,0.009232288663581023,False,False,-6.279913364383887e-16,-1.6215158399376797e-11,129247.19637885476,129247.19637885474,1,1.0000000000000002
2008-01-23,54.462711,13.844849,0.008427217773354288,False,False,-6.2801565864253e-16,-1.621578641503544e-11,128952.56650694371,128952.5665069437,1,1.0000000000000002
2008-01-24,53.371059,14.238765,0.00975435862678847,False,False,-6.280399817886743e-16,-1.6216414455017228e-11,126367.83790001781,126367.8379000178,1,1.0000000000000002
2008-01-25,54.270382,13.952282,0.009949551022515305,False,False,-6.280643058768579e-16,-1.6217042519323106e-11,128497.18487594642,128497.1848759464,1,1.0000000000000002
2008-01-28,54.066776,14.134085,0.009891535826015038,False,False,-6.280886309071172e-16,-1.6217670607954013e-11,128015.10244240372,128015.1024424037,1,1.0000000000000002
2008-01-29,53.699089,14.158876,0.009595840486089706,False,False,-6.281129568794888e-16,-1.6218298720910893e-11,127144.5217928059,127144.52179280588,1,1.0000000000000002
2008-01-30,53.348454,14.147864,0.009682073493468547,False,False,-6.281372837940093e-16,-1.6218926858194687e-11,126314.31554109797,126314.31554109795,1,1.0000000000000002
2008-01-31,53.727421,14.106541,0.009273584874477976,False,False,-6.28161611650715e-16,-1.6219555019806337e-11,127211.60409640762,127211.60409640761,1,1.0000000000000002
2008-02-01,54.050373,14.858559,0.009348616149263592,False,False,-6.281859404496424e-16,-1.6220183205746788e-11,127976.26469618111,127976.2646961811,1,1.0000000000000002
2008-02-04,53.494106,14.594118,0.00966959445491772,False,False,-6.282102701908282e-16,-1.622081141601698e-11,126659.17900587976,126659.17900587975,1,1.0000000000000002
2008-02-05,53.902771,13.957791,0.009771073489526808,False,False,-6.282346008743086e-16,-1.6221439650617854e-11,127626.78417323106,127626.78417323105,1,1.0000000000000002
2008-02-06,53.738194,13.605193,0.009795434263445838,False,False,-6.282589325001202e-16,-1.6222067909550354e-11,127237.11156699569,127237.11156699568,1,1.0000000000000002
2008-02-07,52.580341,13.731912,0.01094678394041064,False,False,-6.282832650682995e-16,-1.622269619281542e-11,124495.6373868403,124495.63738684029,1,1.0000000000000002
2008-02-08,53.181976,13.891676,0.010852163815132786,False,False,-6.28307598578883e-16,-1.6223324500414e-11,125920.14189507908,125920.14189507907,1,1.0000000000000002
2008-02-11,53.403336,14.213976,0.010750348890185347,False,False,-6.283319330319075e-16,-1.622395283234703e-11,126444.26086745226,126444.26086745225,1,1.0000000000000002
2008-02-12,53.085487,14.145107,0.010797786968111529,False,False,-6.283562684274089e-16,-1.622458118861546e-11,125691.68275374679,125691.68275374678,1,1.0000000000000002
2008-02-13,52.523586,14.668492,0.010673104134946898,False,False,-6.283806047654243e-16,-1.6225209569220224e-11,124361.25731692236,124361.25731692235,1,1.0000000000000002
2008-02-14,51.751663,14.172653,0.011017236313760307,False,False,-6.284049420459898e-16,-1.622583797416227e-11,122533.55814132055,122533.55814132054,1,1.0000000000000002
2008-02-15,52.148956,13.913715,0.010707444939141664,False,False,-6.28429280269142e-16,-1.622646640344254e-11,123474.23757252336,123474.23757252334,1,1.0000000000000002
2008-02-19,51.621128,13.811792,0.010809502566811482,False,False,-6.284536194349176e-16,-1.6227094857061974e-11,122224.48753209245,122224.48753209243,1,1.0000000000000002
2008-02-20,51.978741,14.081753,0.01060611498408036,False,False,-6.284779595433528e-16,-1.6227723335021518e-11,123071.21574887636,123071.21574887635,1,1.0000000000000002
2008-02-21,52.529213,14.043183,0.010996689722164743,False,False,-6.285023005944842e-16,-1.622835183732211e-11,124374.58048939047,124374.58048939046,1,1.0000000000000002
2008-02-22,52.228455,14.090009,0.010163228170648055,False,False,-6.285266425883486e-16,-1.62289803639647e-11,123662.46911473827,123662.46911473825,1,1.0000000000000002
2008-02-25,51.69492,14.224991,0.00944225056789919,False,False,-6.28550985524982e-16,-1.6229608914950222e-11,122399.20648406824,122399.20648406823,1,1.0000000000000002
2008-02-26,51.711975,14.453625,0.009456240077949278,False,False,-6.285753294044215e-16,-1.6230237490279626e-11,122439.58798512456,122439.58798512454,1,1.0000000000000002
2008-02-27,51.757355,14.580344,0.009415891924283342,False,False,-6.285996742267031e-16,-1.6230866089953854e-11,122547.0352157276,122547.03521572759,1,1.0000000000000002
2008-02-28,52.676826,14.236012,0.010289186441325085,False,False,-6.286240199918637e-16,-1.6231494713973845e-11,124724.08705728405,124724.08705728404,1,1.0000000000000002
2008-02-29,53.482758,13.825569,0.010757869279053455,False,False,-6.286483666999395e-16,-1.6232123362340544e-11,126632.31009506258,126632.31009506257,1,1.0000000000000002
2008-03-03,53.344898,13.742928,0.010667364149436389,False,False,-6.286727143509673e-16,-1.6232752035054894e-11,126305.89592117677,126305.89592117675,1,1.0000000000000002
2008-03-04,52.8265,13.817296,0.010640413374067612,False,False,-6.286970629449833e-16,-1.6233380732117838e-11,125078.47350050317,125078.47350050315,1,1.0000000000000002
2008-03-05,52.194183,13.955037,0.010746474802858865,False,False,-6.287214124820244e-16,-1.623400945353032e-11,123581.32254163938,123581.32254163937,1,1.0000000000000002
2008-03-06,52.473301,13.552854,0.010850299495949657,False,False,-6.287457629621268e-16,-1.623463819929328e-11,124242.1964092345,124242.19640923449,1,1.0000000000000002
2008-03-07,52.541695,13.569386,0.009712842726585688,False,False,-6.287701143853272e-16,-1.6235266969407667e-11,124404.13439711166,124404.13439711164,1,1.0000000000000002
2008-03-10,53.316422,13.357276,0.009939198205635253,False,False,-6.287944667516622e-16,-1.6235895763874418e-11,126238.47266558724,126238.47266558722,1,1.0000000000000002
2008-03-11,52.860687,13.825569,0.010074744500528102,False,False,-6.28818820061168e-16,-1.6236524582694477e-11,125159.41881722037,125159.41881722036,1,1.0000000000000002
2008-03-12,53.880444,13.723643,0.01088732913265155,False,False,-6.288431743138815e-16,-1.6237153425868793e-11,127573.92004106546,127573.92004106544,1,1.0000000000000002
2008-03-13,53.458839,13.966052,0.010750986260341693,False,False,-6.288675295098391e-16,-1.6237782293398303e-11,126575.67654925397,126575.67654925396,1,1.0000000000000002
2008-03-14,54.119678,13.566633,0.010370272977180012,False,False,-6.288918856490773e-16,-1.6238411185283954e-11,128140.35967892561,128140.3596789256,1,1.0000000000000002
2008-03-17,54.535553,13.514294,0.010370476003555465,False,False,-6.289162427316326e-16,-1.6239040101526687e-11,129125.0361228888,129125.03612288879,1,1.0000000000000002
2008-03-18,54.324776,14.054202,0.010064822786617644,False,False,-6.289406007575417e-16,-1.6239669042127442e-11,128625.97475389758,128625.97475389756,1,1.0000000000000002
2008-03-19,55.224873,13.478481,0.01049789163077463,False,False,-6.289649597268408e-16,-1.6240298007087168e-11,130757.15434676068,130757.15434676067,1,1.0000000000000002
2008-03-20,55.361588,13.742928,0.010348233548870002,False,False,-6.289893196395666e-16,-1.6240926996406807e-11,131080.85747879898,131080.85747879895,1,1.0000000000000002
2008-03-24,54.290562,14.178163,0.011346754534847544,False,False,-6.290136804957558e-16,-1.6241556010087303e-11,128544.96550868265,128544.96550868264,1,1.0000000000000002
2008-03-25,54.518452,14.219479,0.010983031686720806,False,False,-6.290380422954448e-16,-1.62421850481296e-11,129084.54570661418,129084.54570661417,1,1.0000000000000002
2008-03-26,54.290562,14.067975,0.011079519565727117,False,False,-6.290624050386703e-16,-1.624281411053464e-11,128544.96550868265,128544.96550868264,1,1.0000000000000002
2008-03-27,53.908897,13.704362,0.011278328876793644,False,False,-6.290867687254686e-16,-1.6243443197303363e-11,127641.28883904584,127641.28883904582,1,1.0000000000000002
2008-03-28,54.432999,13.506028,0.010832473672675164,False,False,-6.291111333558764e-16,-1.6244072308436718e-11,128882.21674679215,128882.21674679214,1,1.0000000000000002
2008-03-31,54.626694,13.652024,0.010369390735169595,False,False,-6.291354989299301e-16,-1.6244701443935647e-11,129340.83268622936,129340.83268622935,1,1.0000000000000002
2008-04-01,53.737633,14.222234,0.011062650420388636,False,False,-6.291598654476665e-16,-1.6245330603801093e-11,127235.78327487652,127235.7832748765,1,1.0000000000000002
2008-04-02,53.852085,14.324155,0.01080601796130254,False,False,-6.291842329091218e-16,-1.6245959788034e-11,127506.77380896603,127506.77380896601,1,1.0000000000000002
2008-04-03,53.972263,14.527997,0.010364332231345108,False,False,-6.292086013143329e-16,-1.6246588996635314e-11,127791.32192001528,127791.32192001527,1,1.0000000000000002
2008-04-04,54.464214,14.547283,0.010467051532658369,False,False,-6.292329706633361e-16,-1.624721822960598e-11,128956.12519331647,128956.12519331646,1,1.0000000000000002
2008-04-07,54.17815,14.4371,0.010587888363248867,False,False,-6.292573409561682e-16,-1.6247847486946935e-11,128278.80512775379,128278.80512775377,1,1.0000000000000002
2008-04-08,53.989399,14.131328,0.010174943444070971,False,False,-6.292817121928656e-16,-1.6248476768659127e-11,127831.89520656473,127831.89520656472,1,1.0000000000000002
2008-04-09,54.550072,14.274571,0.010152743318025313,False,False,-6.293060843734648e-16,-1.62491060747435e-11,129159.41308060424,129159.41308060422,1,1.0000000000000002
2008-04-10,54.36697,14.607883,0.009319278841453081,False,False,-6.293304574980023e-16,-1.6249735405201e-11,128725.87842177034,128725.87842177032,1,1.0000000000000002
2008-04-11,54.73312,14.073485,0.009204596049006681,False,False,-6.29354831566515e-16,-1.6250364760032564e-11,129592.81988244271,129592.8198824427,1,1.0000000000000002
2008-04-14,54.412693,13.820057,0.008943062194017295,False,False,-6.293792065790391e-16,-1.6250994139239142e-11,128834.13778106657,128834.13778106656,1,1.0000000000000002
2008-04-15,53.737633,13.855868,0.009197920918464214,False,False,-6.294035825356113e-16,-1.625162354282168e-11,127235.78327487652,127235.7832748765,1,1.0000000000000002
2008-04-16,53.211323,14.417816,0.009399686515631257,False,False,-6.294279594362683e-16,-1.6252252970781115e-11,125989.62743665044,125989.62743665042,1,1.0000000000000002
2008-04-17,53.119766,14.318645,0.008452873422860272,False,False,-6.294523372810465e-16,-1.6252882423118395e-11,125772.84590090066,125772.84590090065,1,1.0000000000000002
2008-04-18,53.074043,14.627167,0.008393878103893472,False,False,-6.294767160699825e-16,-1.6253511899834464e-11,125664.58654160441,125664.5865416044,1,1.0000000000000002
2008-04-21,53.285728,14.786936,0.007414334983099967,False,False,-6.295010958031127e-16,-1.6254141400930266e-11,126165.79780229655,126165.79780229654,1,1.0000000000000002
2008-04-22,53.468792,14.398537,0.007388625604563607,False,False,-6.295254764804739e-16,-1.6254770926406746e-11,126599.24248768923,126599.24248768922,1,1.0000000000000002
2008-04-23,53.291443,14.817245,0.007371291906124409,False,False,-6.295498581021026e-16,-1.625540047626485e-11,126179.32933431279,126179.32933431277,1,1.0000000000000002
2008-04-24,52.839466,15.081685,0.007442178210115406,False,False,-6.295742406680355e-16,-1.6256030050505515e-11,125109.17338573893,125109.17338573892,1,1.0000000000000002
2008-04-25,52.530544,15.026589,0.0070707034464122746,False,False,-6.295986241783089e-16,-1.6256659649129693e-11,124377.7319275556,124377.73192755558,1,1.0000000000000002
2008-04-28,52.690681,14.919167,0.007051421623936216,False,False,-6.296230086329597e-16,-1.6257289272138327e-11,124756.89184750013,124756.89184750011,1,1.0000000000000002
2008-04-29,52.890942,14.990785,0.006250692737469682,False,False,-6.296473940320242e-16,-1.625791891953236e-11,125231.05425049266,125231.05425049264,1,1.0000000000000002
2008-04-30,53.268497,14.707058,0.006468935083164464,False,False,-6.296717803755391e-16,-1.6258548591312736e-11,126124.99958214405,126124.99958214404,1,1.0000000000000002
2008-05-01,53.271969,15.257984,0.006438120277363483,False,False,-6.29696167663541e-16,-1.62591782874804e-11,126133.22031340569,126133.22031340568,1,1.0000000000000002
2008-05-02,52.600216,15.266247,0.006545949888701859,False,False,-6.297205558960664e-16,-1.6259808008036295e-11,124542.69586432459,124542.69586432457,1,1.0000000000000002
2008-05-05,52.600216,15.156062,0.006502466222054933,False,False,-6.297449450731519e-16,-1.626043775298137e-11,124542.69586432459,124542.69586432457,1,1.0000000000000002
2008-05-06,52.221233,15.412246,0.006616208111302388,False,False,-6.297693351948341e-16,-1.6261067522316564e-11,123645.36942546073,123645.36942546071,1,1.0000000000000002
2008-05-07,52.445137,15.224926,0.006161389897544623,False,False,-6.297937262611496e-16,-1.6261697316042824e-11,124175.51188295189,124175.51188295188,1,1.0000000000000002
2008-05-08,52.915997,15.288283,0.006612249590494166,False,False,-6.298181182721349e-16,-1.6262327134161095e-11,125290.37752864954,125290.37752864952,1,1.0000000000000002
2008-05-09,53.11116,15.285528,0.006450441967244713,False,False,-6.298425112278266e-16,-1.6262956976672322e-11,125752.4692841847,125752.46928418468,1,1.0000000000000002
2008-05-12,53.030861,15.472848,0.006368224461165266,False,False,-6.298669051282616e-16,-1.626358684357745e-11,125562.34356425973,125562.34356425972,1,1.0000000000000002
2008-05-13,52.450912,15.538957,0.006237907671316844,False,False,-6.29891299973476e-16,-1.6264216734877426e-11,124189.18547829638,124189.18547829636,1,1.0000000000000002
2008-05-14,52.473869,15.737297,0.005903917122555164,False,False,-6.299156957635068e-16,-1.626484665057319e-11,124243.54127540864,124243.54127540863,1,1.0000000000000002
2008-05-15,52.950409,16.103664,0.006283904618070579,True,False,-6.299400924983903e-16,-1.626547659066569e-11,125371.8555828477,125371.85558284768,1,1.0000000000000002
2008-05-16,52.732288,16.191809,0.006345253430544602,True,False,-6.299644901781633e-16,-1.6266106555155867e-11,124855.40566247812,124855.40566247811,1,1.0000000000000002
2008-05-19,52.801121,16.114677,0.00627758180034223,True,False,-6.299888888028623e-16,-1.626673654404467e-11,125018.38308037371,125018.3830803737,1,1.0000000000000002
2008-05-20,53.076759,15.718012,0.0063476724308548955,False,False,-6.300132883725238e-16,-1.6267366557333043e-11,125671.01727493007,125671.01727493005,1,1.0000000000000002
2008-05-21,53.088234,15.467342,0.006310194022131074,False,False,-6.300376888871846e-16,-1.626799659502193e-11,125698.18688645872,125698.1868864587,1,1.0000000000000002
2008-05-22,52.462402,15.55549,0.006580662022579857,False,False,-6.300620903468812e-16,-1.6268626657112276e-11,124216.39060565708,124216.39060565707,1,1.0000000000000002
2008-05-23,52.692051,15.437032,0.006527621011228238,False,False,-6.300864927516502e-16,-1.626925674360503e-11,124760.1356268286,124760.13562682859,1,1.0000000000000002
2008-05-27,52.336086,15.718012,0.006666733736201968,False,False,-6.301108961015282e-16,-1.6269886854501132e-11,123917.3094161274,123917.30941612739,1,1.0000000000000002
2008-05-28,51.870975,15.778615,0.006855953498627071,False,False,-6.301353003965519e-16,-1.627051698980153e-11,122816.05580499867,122816.05580499866,1,1.0000000000000002
2008-05-29,51.497746,15.723518,0.006713867111680548,False,False,-6.301597056367578e-16,-1.6271147149507166e-11,121932.35323931441,121932.3532393144,1,1.0000000000000002
2008-05-30,51.83654,15.954918,0.006955793498690717,True,False,-6.301841118221824e-16,-1.627177733361899e-11,122734.52329319133,122734.52329319132,1,1.0000000000000002
2008-06-02,52.036541,15.795136,0.0065073695729901985,False,False,-6.302085189528626e-16,-1.6272407542137943e-11,123208.07008842808,123208.07008842807,1,1.0000000000000002
2008-06-03,52.411072,15.572013,0.006732323870570242,False,False,-6.302329270288347e-16,-1.627303777506497e-11,124094.85542833546,124094.85542833545,1,1.0000000000000002
2008-06-04,51.944286,15.817168,0.00683697381377453,False,False,-6.302573360501355e-16,-1.627366803240102e-11,122989.63588262627,122989.63588262626,1,1.0000000000000002
2008-06-05,51.633091,16.021019,0.006864020293241236,True,False,-6.302817460168016e-16,-1.6274298314147036e-11,122252.81259202423,122252.81259202422,1,1.0000000000000002
2008-06-06,52.301552,15.800652,0.00720420298125827,False,False,-6.303061569288695e-16,-1.6274928620303966e-11,123835.54249982846,123835.54249982844,1,1.0000000000000002
2008-06-09,52.301552,15.472848,0.007136195163123073,False,False,-6.30330568786376e-16,-1.6275558950872754e-11,123835.54249982846,123835.54249982844,1,1.0000000000000002
2008-06-10,51.961601,15.161571,0.007250655966198502,False,False,-6.303549815893576e-16,-1.6276189305854343e-11,123030.63299143837,123030.63299143835,1,1.0000000000000002
2008-06-11,51.840569,14.676748,0.006872073491918061,False,False,-6.303793953378509e-16,-1.627681968524968e-11,122744.06284568363,122744.06284568361,1,1.0000000000000002
2008-06-12,51.321918,14.737352,0.007183351070641841,False,False,-6.304038100318925e-16,-1.627745008905971e-11,121516.0413913092,121516.04139130919,1,1.0000000000000002
2008-06-13,51.212463,15.117497,0.006775290813640455,False,False,-6.304282256715191e-16,-1.6278080517285384e-11,121256.88236474115,121256.88236474113,1,1.0000000000000002
2008-06-16,51.223957,15.420505,0.006762028614007383,False,False,-6.304526422567674e-16,-1.6278710969927642e-11,121284.09696299041,121284.0969629904,1,1.0000000000000002
2008-06-17,51.327705,15.211164,0.006779334383685863,False,False,-6.304770597876738e-16,-1.627934144698743e-11,121529.74339931936,121529.74339931934,1,1.0000000000000002
2008-06-18,51.759884,14.875081,0.006977072987675932,False,False,-6.305014782642753e-16,-1.6279971948465696e-11,122553.02318501353,122553.02318501352,1,1.0000000000000002
2008-06-19,51.454445,15.263493,0.007043472147021757,False,False,-6.305258976866081e-16,-1.6280602474363382e-11,121829.82850303536,121829.82850303534,1,1.0000000000000002
2008-06-20,51.754147,14.919167,0.006787452576817304,False,False,-6.305503180547088e-16,-1.6281233024681436e-11,122539.43956311028,122539.43956311027,1,1.0000000000000002
2008-06-23,51.863625,14.720313,0.0067175693087072885,False,False,-6.305747393686145e-16,-1.6281863599420806e-11,122798.6530472875,122798.65304728749,1,1.0000000000000002
2008-06-24,52.209385,14.794882,0.006758441538562521,False,False,-6.305991616283615e-16,-1.6282494198582435e-11,123617.31665357476,123617.31665357474,1,1.0000000000000002
2008-06-25,52.232468,15.054488,0.006432831787136296,False,False,-6.306235848339865e-16,-1.628312482216727e-11,123671.97078367636,123671.97078367634,1,1.0000000000000002
2008-06-26,52.584,14.377851,0.0063233689568560165,False,False,-6.306480089855261e-16,-1.6283755470176256e-11,124504.3008821417,124504.30088214169,1,1.0000000000000002
2008-06-27,53.200546,14.28395,0.006651681797058066,False,False,-6.30672434083017e-16,-1.6284386142610338e-11,125964.11049517382,125964.11049517381,1,1.0000000000000002
2008-06-30,53.212059,14.140341,0.006627890155101092,False,False,-6.306968601264958e-16,-1.6285016839470466e-11,125991.37008014371,125991.3700801437,1,1.0000000000000002
2008-07-01,53.085987,14.090626,0.006511563277570208,False,False,-6.307212871159991e-16,-1.6285647560757583e-11,125692.86661481559,125692.86661481558,1,1.0000000000000002
2008-07-02,53.36359,13.753687,0.006175632879872724,False,False,-6.307457150515637e-16,-1.6286278306472636e-11,126350.15338337228,126350.15338337226,1,1.0000000000000002
2008-07-03,53.247948,13.358757,0.005991844558192065,False,False,-6.30770143933226e-16,-1.628690907661657e-11,126076.34525993906,126076.34525993904,1,1.0000000000000002
2008-07-07,53.490845,13.438842,0.0054267144780751845,False,False,-6.307945737610228e-16,-1.628753987119033e-11,126651.45786398914,126651.45786398913,1,1.0000000000000002
2008-07-08,53.83786,13.516178,0.0055474973897110275,False,False,-6.308190045349907e-16,-1.6288170690194866e-11,127473.09296155904,127473.09296155903,1,1.0000000000000002
2008-07-09,54.074921,12.969344,0.00525128601260451,False,False,-6.308434362551664e-16,-1.628880153363112e-11,128034.38753921427,128034.38753921425,1,1.0000000000000002
2008-07-10,54.069195,13.159904,0.005177863023135036,False,False,-6.308678689215864e-16,-1.6289432401500042e-11,128020.82996225452,128020.8299622545,1,1.0000000000000002
2008-07-11,53.299988,13.112951,0.005761351103152569,False,False,-6.308923025342874e-16,-1.6290063293802576e-11,126199.56151997835,126199.56151997834,1,1.0000000000000002
2008-07-14,53.768421,12.95277,0.005874064348342409,False,False,-6.309167370933062e-16,-1.629069421053967e-11,127308.6807040481,127308.68070404809,1,1.0000000000000002
2008-07-15,53.75106,13.079812,0.005886169034135153,False,False,-6.309411725986794e-16,-1.6291325151712267e-11,127267.57468001771,127267.5746800177,1,1.0000000000000002
2008-07-16,52.77948,13.502362,0.007483252301994593,False,False,-6.309656090504435e-16,-1.6291956117321318e-11,124967.14320559448,124967.14320559446,1,1.0000000000000002
2008-07-17,52.50766,13.792359,0.007430200812683028,False,False,-6.309900464486353e-16,-1.6292587107367766e-11,124323.54897415938,124323.54897415936,1,1.0000000000000002
2008-07-18,52.311005,13.726074,0.007343663072016381,False,False,-6.310144847932914e-16,-1.629321812185256e-11,123857.92457719494,123857.92457719492,1,1.0000000000000002
2008-07-21,52.513447,13.610075,0.007286866684530233,False,False,-6.310389240844484e-16,-1.6293849160776645e-11,124337.2509821695,124337.25098216948,1,1.0000000000000002
2008-07-22,52.253151,13.190284,0.007387413487314968,False,False,-6.310633643221432e-16,-1.6294480224140966e-11,123720.94238064779,123720.94238064777,1,1.0000000000000002
2008-07-23,52.149082,13.314566,0.007252804284874336,False,False,-6.310878055064122e-16,-1.6295111311946472e-11,123474.53590551269,123474.53590551268,1,1.0000000000000002
2008-07-24,52.658054,12.679355,0.007575493898752848,False,False,-6.311122476372921e-16,-1.6295742424194108e-11,124679.64017731753,124679.64017731752,1,1.0000000000000002
2008-07-25,52.13171,12.803633,0.007765855312301727,False,False,-6.311366907148195e-16,-1.629637356088482e-11,123433.40383653877,123433.40383653875,1,1.0000000000000002
2008-07-28,52.658054,12.596502,0.007641225051511593,False,False,-6.311611347390313e-16,-1.6297004722019562e-11,124679.64017731753,124679.64017731752,1,1.0000000000000002
2008-07-29,52.444019,12.91963,0.007679787613648482,False,False,-6.311855797099642e-16,-1.6297635907599273e-11,124172.86476960208,124172.86476960206,1,1.0000000000000002
2008-07-30,52.496075,13.02458,0.007678700788227123,False,False,-6.312100256276545e-16,-1.62982671176249e-11,124296.11891319558,124296.11891319556,1,1.0000000000000002
2008-07-31,53.016613,12.977624,0.007929143250763318,False,False,-6.312344724921392e-16,-1.6298898352097394e-11,125528.60825924359,125528.60825924357,1,1.0000000000000002
2008-08-01,53.133884,12.861632,0.007936021753262358,False,False,-6.312589203034548e-16,-1.6299529611017698e-11,125806.27340203892,125806.2734020389,1,1.0000000000000002
2008-08-04,53.011967,12.886488,0.007871928260886375,False,False,-6.31283369061638e-16,-1.630016089438676e-11,125517.60782219243,125517.60782219241,1,1.0000000000000002
2008-08-05,52.617237,13.204089,0.007844440532524524,False,False,-6.313078187667254e-16,-1.6300792202205525e-11,124582.99686282822,124582.99686282821,1,1.0000000000000002
2008-08-06,52.402473,13.369801,0.007757984459877543,False,False,-6.313322694187538e-16,-1.6301423534474945e-11,124074.49538567447,124074.49538567445,1,1.0000000000000002
2008-08-07,53.255753,13.499599,0.008712600649643432,False,False,-6.313567210177599e-16,-1.6302054891195963e-11,126094.8253312228,126094.82533122279,1,1.0000000000000002
2008-08-08,53.400883,13.781303,0.008129509217611876,False,False,-6.313811735637803e-16,-1.6302686272369525e-11,126438.45284504879,126438.45284504877,1,1.0000000000000002
2008-08-11,52.890049,14.071295,0.008137402256207425,False,False,-6.314056270568516e-16,-1.6303317677996582e-11,125228.93987462379,125228.93987462377,1,1.0000000000000002
2008-08-12,53.383427,14.043677,0.00844626408227614,False,False,-6.314300814970107e-16,-1.630394910807808e-11,126397.12188741531,126397.1218874153,1,1.0000000000000002
2008-08-13,53.197697,14.11272,0.007377435959270034,False,False,-6.314545368842941e-16,-1.6304580562614964e-11,125957.36485480386,125957.36485480385,1,1.0000000000000002
2008-08-14,53.54015,14.256332,0.007372686114653296,False,False,-6.314789932187384e-16,-1.6305212041608182e-11,126768.19840398217,126768.19840398215,1,1.0000000000000002
2008-08-15,54.004501,14.322617,0.00747441633275564,False,False,-6.315034505003805e-16,-1.630584354505868e-11,127867.65254628635,127867.65254628634,1,1.0000000000000002
2008-08-18,54.21933,14.140341,0.007476174221610446,False,False,-6.315279087292569e-16,-1.6306475072967412e-11,128376.30792537905,128376.30792537903,1,1.0000000000000002
2008-08-19,54.010315,13.87521,0.007428955550679341,False,False,-6.315523679054046e-16,-1.6307106625335318e-11,127881.41848279421,127881.4184827942,1,1.0000000000000002
2008-08-20,54.161224,13.836541,0.007382205687085149,False,False,-6.3157682802886e-16,-1.6307738202163345e-11,128238.72906285322,128238.7290628532,1,1.0000000000000002
2008-08-21,54.062511,13.759211,0.007187185737068972,False,False,-6.316012890996598e-16,-1.6308369803452444e-11,128005.00410748698,128005.00410748697,1,1.0000000000000002
2008-08-22,54.027729,13.930445,0.006695579165212306,False,False,-6.316257511178408e-16,-1.630900142920356e-11,127922.64999609791,127922.6499960979,1,1.0000000000000002
2008-08-25,54.56752,13.712257,0.006688839545616,False,False,-6.316502140834397e-16,-1.6309633079417644e-11,129200.7250964606,129200.72509646059,1,1.0000000000000002
2008-08-26,54.613968,13.593504,0.006551239112112772,False,False,-6.31674677996493e-16,-1.6310264754095642e-11,129310.7010543066,129310.70105430658,1,1.0000000000000002
2008-08-27,54.706898,13.728831,0.006547263319243321,False,False,-6.316991428570377e-16,-1.6310896453238498e-11,129530.73347255128,129530.73347255126,1,1.0000000000000002
2008-08-28,54.712643,13.858636,0.006293798256556793,False,False,-6.317236086651102e-16,-1.6311528176847163e-11,129544.33603623162,129544.3360362316,1,1.0000000000000002
2008-08-29,54.468861,13.549318,0.0064337833396265545,False,False,-6.317480754207474e-16,-1.6312159924922583e-11,128967.12799808978,128967.12799808977,1,1.0000000000000002
2008-09-02,54.975708,13.336658,0.0066158699681079,False,False,-6.317725431239859e-16,-1.6312791697465708e-11,130167.20086035227,130167.20086035226,1,1.0000000000000002
2008-09-03,55.20866,12.73183,0.006258602819827371,False,False,-6.317970117748625e-16,-1.6313423494477482e-11,130718.76646774421,130718.7664677442,1,1.0000000000000002
2008-09-04,55.651447,12.339655,0.006181273736298842,False,False,-6.318214813734137e-16,-1.6314055315958855e-11,131767.16304987375,131767.16304987372,1,1.0000000000000002
2008-09-05,55.62236,12.502604,0.005388795248387912,False,False,-6.318459519196764e-16,-1.6314687161910773e-11,131698.29311605816,131698.29311605814,1,1.0000000000000002
2008-09-08,55.855328,12.428029,0.005406428110187327,False,False,-6.318704234136872e-16,-1.6315319032334187e-11,132249.89660700428,132249.89660700425,1,1.0000000000000002
2008-09-09,56.408775,11.944719,0.004886738733928015,False,False,-6.31894895855483e-16,-1.6315950927230043e-11,133560.3053208777,133560.30532087767,1,1.0000000000000002
2008-09-10,56.059261,12.01929,0.005098843739081331,False,False,-6.319193692451002e-16,-1.6316582846599288e-11,132732.753285686,132732.75328568596,1,1.0000000000000002
2008-09-11,56.030125,12.02205,0.004958492749923443,False,False,-6.319438435825758e-16,-1.631721479044287e-11,132663.76733348565,132663.76733348562,1,1.0000000000000002
2008-09-12,55.307735,12.038622,0.005965533487035281,False,False,-6.319683188679462e-16,-1.631784675876174e-11,130953.34853852425,130953.34853852424,1,1.0000000000000002
2008-09-15,57.102016,11.569115,0.00893875945274834,False,False,-6.319927951012485e-16,-1.6318478751556842e-11,135201.70738325096,135201.70738325093,1,1.0000000000000002
2008-09-16,57.090393,11.690636,0.008958422029940816,False,False,-6.32017272282519e-16,-1.6319110768829126e-11,135174.18734884597,135174.18734884594,1,1.0000000000000002
2008-09-17,57.375809,11.298459,0.008841252814413328,False,False,-6.320417504117949e-16,-1.6319742810579538e-11,135849.9731304635,135849.97313046348,1,1.0000000000000002
2008-09-18,56.536953,11.867386,0.009692307444034345,False,False,-6.320662294891124e-16,-1.6320374876809027e-11,133863.79520902754,133863.7952090275,1,1.0000000000000002
2008-09-19,54.742668,12.154616,0.012367202653802721,False,False,-6.320907095145084e-16,-1.632100696751854e-11,129615.42689341225,129615.42689341224,1,1.0000000000000002
2008-09-22,54.736847,11.602258,0.012364885221643288,False,False,-6.321151904880198e-16,-1.6321639082709028e-11,129601.64438284944,129601.64438284942,1,1.0000000000000002
2008-09-23,54.527168,11.425506,0.012202869183596133,False,False,-6.32139672409683e-16,-1.6322271222381437e-11,129105.18277276527,129105.18277276526,1,1.0000000000000002
2008-09-24,54.765957,11.541502,0.012241649995265006,False,False,-6.321641552795352e-16,-1.6322903386536715e-11,129670.56877427419,129670.56877427417,1,1.0000000000000002
2008-09-25,54.655285,11.707204,0.012244966827461238,False,False,-6.321886390976125e-16,-1.6323535575175813e-11,129408.5282298647,129408.52822986469,1,1.0000000000000002
2008-09-26,55.05143,11.770727,0.012352560824936819,False,False,-6.322131238639522e-16,-1.6324167788299676e-11,130346.4895160536,130346.48951605358,1,1.0000000000000002
2008-09-29,56.653473,10.770962,0.013815758996303197,False,False,-6.322376095785907e-16,-1.6324800025909255e-11,134139.68219249754,134139.6821924975,1,1.0000000000000002
2008-09-30,55.272804,11.196279,0.01491277935753556,False,False,-6.32262096241565e-16,-1.6325432288005497e-11,130870.64163653669,130870.64163653667,1,1.0000000000000002
2008-10-01,55.968143,11.135512,0.015141368002554084,False,False,-6.322865838529114e-16,-1.632606457458935e-11,132517.0111799546,132517.01117995457,1,1.0000000000000002
2008-10-02,56.418121,10.461641,0.015141863606490715,False,False,-6.32311072412667e-16,-1.6326696885661764e-11,133582.43405197543,133582.4340519754,1,1.0000000000000002
2008-10-03,56.914787,10.342885,0.015244968466588642,False,False,-6.323355619208685e-16,-1.6327329221223683e-11,134758.4011351553,134758.40113515526,1,1.0000000000000002
2008-10-06,57.949036,9.992136,0.015696614367869312,False,False,-6.323600523775523e-16,-1.6327961581276062e-11,137207.21538821812,137207.2153882181,1,1.0000000000000002
2008-10-07,57.773773,9.340355,0.015614387625963944,False,False,-6.323845437827555e-16,-1.6328593965819843e-11,136792.24130322062,136792.2413032206,1,1.0000000000000002
2008-10-08,56.944019,9.318262,0.01592637475989541,False,False,-6.324090361365147e-16,-1.632922637485598e-11,134827.61438868084,134827.6143886808,1,1.0000000000000002
2008-10-09,56.464836,9.158077,0.01605870018738794,False,False,-6.324335294388667e-16,-1.632985880838542e-11,133693.04219163218,133693.04219163215,1,1.0000000000000002
2008-10-10,56.067497,9.042082,0.01585279037005709,False,False,-6.324580236898482e-16,-1.633049126640911e-11,132752.25384521103,132752.253845211,1,1.0000000000000002
2008-10-13,55.348751,9.87062,0.01429527787223965,False,False,-6.324825188894958e-16,-1.6331123748927997e-11,131050.46302971894,131050.46302971893,1,1.0000000000000002
2008-10-14,54.992352,9.461874,0.014332455426195092,False,False,-6.325070150378463e-16,-1.6331756255943035e-11,130206.60922761004,130206.60922761002,1,1.0000000000000002
2008-10-15,55.518173,8.586393,0.014481548513516504,False,False,-6.325315121349367e-16,-1.633238878745517e-11,131451.60724971085,131451.60724971083,1,1.0000000000000002
2008-10-16,55.231869,9.003418,0.014181693887443822,False,False,-6.325560101808035e-16,-1.633302134346535e-11,130773.71893083514,130773.71893083512,1,1.0000000000000002
2008-10-17,54.852089,8.862571,0.012259990723728503,False,False,-6.325805091754834e-16,-1.6333653923974524e-11,129874.50541742763,129874.50541742762,1,1.0000000000000002
2008-10-20,55.290325,9.127703,0.012384820028604906,False,False,-6.326050091190135e-16,-1.6334286528983642e-11,130912.12649610911,130912.1264961091,1,1.0000000000000002
2008-10-21,55.58252,8.694098,0.012384263932333753,False,False,-6.326295100114301e-16,-1.6334919158493653e-11,131603.96306609726,131603.96306609723,1,1.0000000000000002
2008-10-22,56.710281,8.340594,0.013090641180022,False,False,-6.326540118527702e-16,-1.6335551812505507e-11,134274.1877516888,134274.18775168876,1,1.0000000000000002
2008-10-23,57.130997,8.166595,0.013117280681562772,False,False,-6.326785146430705e-16,-1.633618449102015e-11,135270.32633851998,135270.32633851995,1,1.0000000000000002
2008-10-24,56.523315,8.158307,0.013366719057248993,False,False,-6.327030183823678e-16,-1.6336817194038532e-11,133831.5042145153,133831.50421451527,1,1.0000000000000002
2008-10-27,56.564152,8.141744,0.011713837291964273,False,False,-6.327275230706988e-16,-1.6337449921561603e-11,133928.19488344737,133928.19488344734,1,1.0000000000000002
2008-10-28,55.740246,8.873616,0.010785513515984817,False,False,-6.327520287081003e-16,-1.633808267359031e-11,131977.4144079681,131977.41440796808,1,1.0000000000000002
2008-10-29,55.459763,8.727239,0.010459845152649028,False,False,-6.32776535294609e-16,-1.6338715450125604e-11,131313.30859965523,131313.3085996552,1,1.0000000000000002
2008-10-30,54.957226,9.105606,0.010430826927968515,False,False,-6.328010428302616e-16,-1.6339348251168433e-11,130123.44061980565,130123.44061980564,1,1.0000000000000002
2008-10-31,54.244339,9.221598,0.010462553171427533,False,False,-6.32825551315095e-16,-1.633998107671975e-11,128435.5222883176,128435.52228831759,1,1.0000000000000002
2008-11-03,54.391033,9.199504,0.009396336530306132,False,False,-6.328500607491459e-16,-1.6340613926780497e-11,128782.85291956675,128782.85291956674,1,1.0000000000000002
2008-11-04,55.411839,9.541968,0.010582328453447918,False,False,-6.328745711324512e-16,-1.634124680135163e-11,131199.83788393415,131199.83788393412,1,1.0000000000000002
2008-11-05,56.06892,9.04761,0.010594305772183529,False,False,-6.328990824650474e-16,-1.6341879700434097e-11,132755.6231138128,132755.62311381276,1,1.0000000000000002
2008-11-06,55.664116,8.359924,0.010551705581266242,False,False,-6.329235947469715e-16,-1.6342512624028842e-11,131797.15972163467,131797.15972163464,1,1.0000000000000002
2008-11-07,55.300365,8.544961,0.010536291335087796,False,False,-6.3294810797826e-16,-1.634314557213682e-11,130935.89842637033,130935.89842637032,1,1.0000000000000002
2008-11-10,55.570244,8.296399,0.010195929536919954,False,False,-6.3297262215895e-16,-1.634377854475898e-11,131574.8969091364,131574.89690913638,1,1.0000000000000002
2008-11-11,55.734512,8.119648,0.010089014380771099,False,False,-6.329971372890781e-16,-1.634441154189627e-11,131963.83788923128,131963.83788923125,1,1.0000000000000002
2008-11-12,56.092392,7.710903,0.009968570706858415,False,False,-6.330216533686811e-16,-1.634504456354964e-11,132811.19828782592,132811.1982878259,1,1.0000000000000002
2008-11-13,54.748947,8.219073,0.011356562497209899,False,False,-6.330461703977956e-16,-1.6345677609720038e-11,129630.29382071408,129630.29382071407,1,1.0000000000000002
2008-11-14,55.834236,7.647379,0.01208796821804888,False,False,-6.330706883764587e-16,-1.6346310680408415e-11,132199.9566116786,132199.95661167856,1,1.0000000000000002
2008-11-17,56.08062,7.448533,0.012004384424314521,False,False,-6.33095207304707e-16,-1.634694377561572e-11,132783.32546282242,132783.3254628224,1,1.0000000000000002
2008-11-18,56.802273,7.280065,0.012269369646312046,False,False,-6.331197271825772e-16,-1.6347576895342903e-11,134491.99924656842,134491.9992465684,1,1.0000000000000002
2008-11-19,58.257214,6.735993,0.012739794646371375,False,False,-6.3314424801010615e-16,-1.6348210039590914e-11,137936.89526113108,137936.89526113105,1,1.0000000000000002
2008-11-20,61.266895,6.457053,0.016793462202111767,False,False,-6.331687697873308e-16,-1.63488432083607e-11,145062.98359186412,145062.9835918641,1,1.0000000000000002
2008-11-21,60.381077,6.752563,0.016986747042150953,False,False,-6.331932925142876e-16,-1.6349476401653216e-11,142965.61270340343,142965.6127034034,1,1.0000000000000002
2008-11-24,59.436478,7.169592,0.017510616920583047,False,False,-6.332178161910136e-16,-1.6350109619469407e-11,140729.06473997404,140729.064739974,1,1.0000000000000002
2008-11-25,61.184765,7.089502,0.017975629595911143,False,False,-6.3324234081754545e-16,-1.6350742861810224e-11,144868.52257270523,144868.5225727052,1,1.0000000000000002
2008-11-26,61.266895,7.567289,0.01785045752022997,False,False,-6.332668663939199e-16,-1.6351376128676617e-11,145062.98359186412,145062.9835918641,1,1.0000000000000002
2008-11-28,62.023735,7.476152,0.017601218648720777,False,False,-6.332913929201739e-16,-1.6352009420069538e-11,146854.97041446491,146854.9704144649,1,1.0000000000000002
2008-12-01,64.398941,6.909985,0.01833508148306161,False,False,-6.333159203963441e-16,-1.6352642735989935e-11,152478.79824196125,152478.79824196122,1,1.0000000000000002
2008-12-02,64.64621,7.02598,0.018317721340529718,False,False,-6.333404488224674e-16,-1.6353276076438757e-11,153064.2625271968,153064.26252719678,1,1.0000000000000002
2008-12-03,64.828682,7.365683,0.01820568578612441,False,False,-6.333649781985805e-16,-1.6353909441416954e-11,153496.30552108405,153496.30552108402,1,1.0000000000000002
2008-12-04,66.106026,6.951414,0.018374798948794478,False,False,-6.333895085247203e-16,-1.635454283092548e-11,156520.70118718018,156520.70118718015,1,1.0000000000000002
2008-12-05,65.034706,7.202734,0.018883425892328578,False,False,-6.334140398009235e-16,-1.6355176244965282e-11,153984.1131067554,153984.11310675537,1,1.0000000000000002
2008-12-08,64.893425,7.313208,0.018733180529563544,False,False,-6.334385720272269e-16,-1.635580968353731e-11,153649.59895543693,153649.5989554369,1,1.0000000000000002
2008-12-09,66.176682,7.64462,0.018892028118240905,False,False,-6.334631052036674e-16,-1.6356443146642512e-11,156687.99496253254,156687.9949625325,1,1.0000000000000002
2008-12-10,66.017731,7.788234,0.019015878674328683,False,False,-6.334876393302815e-16,-1.6357076634281843e-11,156311.64316104315,156311.64316104312,1,1.0000000000000002
2008-12-11,66.147278,7.608716,0.019067114674778507,False,False,-6.335121744071064e-16,-1.635771014645625e-11,156618.37446079933,156618.3744607993,1,1.0000000000000002
2008-12-12,66.147278,7.989846,0.017607967432441765,False,False,-6.335367104341786e-16,-1.6358343683166683e-11,156618.37446079933,156618.3744607993,1,1.0000000000000002
2008-12-15,66.900764,7.868326,0.017452696101179204,False,False,-6.335612474115351e-16,-1.6358977244414096e-11,158402.4199433507,158402.41994335066,1,1.0000000000000002
2008-12-16,68.554802,8.285356,0.017744364083505854,False,False,-6.335857853392127e-16,-1.6359610830199434e-11,162318.72233233775,162318.72233233773,1,1.0000000000000002
2008-12-17,70.415031,8.368212,0.018129659523766165,False,False,-6.33610324217248e-16,-1.636024444052365e-11,166723.22771659316,166723.22771659313,1,1.0000000000000002
2008-12-18,71.892555,7.851756,0.017966002217101953,False,False,-6.33634864045678e-16,-1.6360878075387695e-11,170221.59400018866,170221.59400018863,1,1.0000000000000002
2008-12-19,71.969078,8.031269,0.015410171215370784,False,False,-6.336594048245394e-16,-1.636151173479252e-11,170402.77920132215,170402.77920132212,1,1.0000000000000002
2008-12-22,71.415749,7.724571,0.014950619190570565,False,False,-6.336839465538692e-16,-1.6362145418739075e-11,169092.649878661,169092.64987866097,1,1.0000000000000002
2008-12-23,71.321541,7.49615,0.014043344707845887,False,False,-6.33708489233704e-16,-1.6362779127228308e-11,168869.59151152452,168869.5915115245,1,1.0000000000000002
2008-12-24,71.16848,7.582507,0.013436849581134955,False,False,-6.337330328640806e-16,-1.6363412860261172e-11,168507.18559342544,168507.1855934254,1,1.0000000000000002
2008-12-26,71.403946,7.532362,0.01339618390019351,False,False,-6.33757577445036e-16,-1.6364046617838617e-11,169064.70365427123,169064.7036542712,1,1.0000000000000002
2008-12-29,71.318329,7.49615,0.013490099796915825,False,False,-6.337821229766069e-16,-1.6364680399961594e-11,168861.98638801865,168861.98638801862,1,1.0000000000000002
2008-12-30,71.997513,7.830425,0.011443607569875261,False,False,-6.338066694588301e-16,-1.6365314206631052e-11,170470.10538030404,170470.105380304,1,1.0000000000000002
2008-12-31,70.491447,7.90285,0.01291212421367982,False,False,-6.338312168917425e-16,-1.6365948037847944e-11,166904.15957145792,166904.1595714579,1,1.0000000000000002
2009-01-02,68.719543,8.270552,0.014532498644751913,False,False,0.0,-1.6365948037847944e-11,162708.7832450037,162708.78324500367,1,1.0000000000000002
2009-01-05,66.947617,8.267771,0.01534900028116125,False,False,0.0,-1.6365948037847944e-11,158513.3548286624,158513.35482866238,1,1.0000000000000002
2009-01-06,66.274307,8.713472,0.015046662128488994,False,False,0.0,-1.6365948037847944e-11,156919.14383621307,156919.14383621304,1,1.0000000000000002
2009-01-07,66.534203,8.303984,0.015041832622713365,False,False,0.0,-1.6365948037847944e-11,157534.5053488798,157534.50534887976,1,1.0000000000000002
2009-01-08,66.481056,8.295629,0.014411598174724545,False,False,0.0,-1.6365948037847944e-11,157408.66802043418,157408.66802043415,1,1.0000000000000002
2009-01-09,66.581482,8.003135,0.014400515627059119,False,False,0.0,-1.6365948037847944e-11,157646.4488838221,157646.44888382207,1,1.0000000000000002
2009-01-12,67.27253,7.758001,0.014567958870211659,False,False,0.0,-1.6365948037847944e-11,159282.6585315477,159282.65853154767,1,1.0000000000000002
2009-01-13,67.343376,7.769139,0.014566652784963718,False,False,0.0,-1.6365948037847944e-11,159450.40217410622,159450.4021741062,1,1.0000000000000002
2009-01-14,68.453743,7.457153,0.014797648849626584,False,False,0.0,-1.6365948037847944e-11,162079.44270083678,162079.44270083675,1,1.0000000000000002
2009-01-15,68.56591,7.59086,0.0137514803296161,False,False,0.0,-1.6365948037847944e-11,162345.02298984193,162345.0229898419,1,1.0000000000000002
2009-01-16,67.508789,7.90285,0.012625674959415367,False,False,0.0,-1.6365948037847944e-11,159842.05419604856,159842.05419604853,1,1.0000000000000002
2009-01-20,67.496971,7.370795,0.011441752849209511,False,False,0.0,-1.6365948037847944e-11,159814.07245582674,159814.0724558267,1,1.0000000000000002
2009-01-21,65.364754,7.551863,0.013083518940219335,False,False,0.0,-1.6365948037847944e-11,154765.5750628171,154765.57506281708,1,1.0000000000000002
2009-01-22,64.106743,7.365225,0.013476800785193123,False,False,0.0,-1.6365948037847944e-11,151786.9545688067,151786.95456880666,1,1.0000000000000002
2009-01-23,63.604691,7.680002,0.013451973298420726,False,False,0.0,-1.6365948037847944e-11,150598.23493419387,150598.23493419384,1,1.0000000000000002
2009-01-26,63.049477,7.744072,0.013440751915478508,False,False,0.0,-1.6365948037847944e-11,149283.64245530337,149283.64245530334,1,1.0000000000000002
2009-01-27,64.532005,7.991992,0.014838283431370641,False,False,0.0,-1.6365948037847944e-11,152793.85682047528,152793.85682047525,1,1.0000000000000002
2009-01-28,62.919586,8.270552,0.015473573642475284,False,False,0.0,-1.6365948037847944e-11,148976.09665913187,148976.09665913184,1,1.0000000000000002
2009-01-29,61.472542,7.855496,0.01545249976393374,False,False,0.0,-1.6365948037847944e-11,145549.8985462896,145549.89854628957,1,1.0000000000000002
2009-01-30,61.277649,7.696716,0.015161882495176672,False,False,0.0,-1.6365948037847944e-11,145088.44607573157,145088.44607573154,1,1.0000000000000002
2009-02-02,62.417744,7.785855,0.015522481096190815,False,False,0.0,-1.6365948037847944e-11,147787.87424616792,147787.8742461679,1,1.0000000000000002
2009-02-03,60.931175,7.91121,0.01538253797998999,False,False,0.0,-1.6365948037847944e-11,144268.0919158381,144268.09191583807,1,1.0000000000000002
2009-02-04,60.717953,8.01149,0.015331314514829825,False,False,0.0,-1.6365948037847944e-11,143763.2414662205,143763.24146622047,1,1.0000000000000002
2009-02-05,60.771248,8.340199,0.015259745889615218,False,False,0.0,-1.6365948037847944e-11,143889.42921754243,143889.4292175424,1,1.0000000000000002
2009-02-06,60.581741,8.649406,0.015238674078274148,False,False,0.0,-1.6365948037847944e-11,143440.7292984174,143440.72929841737,1,1.0000000000000002
2009-02-09,60.777199,8.604836,0.015279816763828466,False,False,0.0,-1.6365948037847944e-11,143903.51953198315,143903.51953198313,1,1.0000000000000002
2009-02-10,62.097969,8.209272,0.016038155659775514,False,False,0.0,-1.6365948037847944e-11,147030.7358996255,147030.73589962546,1,1.0000000000000002
2009-02-11,62.90337,8.058847,0.016447514672705603,False,False,0.0,-1.6365948037847944e-11,148937.701676949,148937.70167694896,1,1.0000000000000002
2009-02-12,62.311089,8.161918,0.01581565964340848,False,False,0.0,-1.6365948037847944e-11,147535.3448415851,147535.34484158506,1,1.0000000000000002
2009-02-13,60.652802,8.295629,0.016491680859337794,False,False,0.0,-1.6365948037847944e-11,143608.98200123548,143608.98200123545,1,1.0000000000000002
2009-02-17,62.542095,7.730141,0.0182481828993798,False,False,0.0,-1.6365948037847944e-11,148082.30286169727,148082.30286169724,1,1.0000000000000002
2009-02-18,62.009132,7.741285,0.018256308854753583,False,False,0.0,-1.6365948037847944e-11,146820.39456808992,146820.3945680899,1,1.0000000000000002
2009-02-19,60.954849,7.376368,0.01733851371016511,False,False,0.0,-1.6365948037847944e-11,144324.145369723,144324.14536972297,1,1.0000000000000002
2009-02-20,61.547127,7.420935,0.017150466665701497,False,False,0.0,-1.6365948037847944e-11,145726.4951019205,145726.49510192047,1,1.0000000000000002
2009-02-23,62.115662,7.10895,0.017269257815897592,False,False,0.0,-1.6365948037847944e-11,147072.62800740558,147072.62800740555,1,1.0000000000000002
2009-02-24,62.050571,7.471078,0.017176874634641154,False,False,0.0,-1.6365948037847944e-11,146918.5106057488,146918.51060574877,1,1.0000000000000002
2009-02-25,61.33392,7.682788,0.016358178726371044,False,False,0.0,-1.6365948037847944e-11,145221.68016813495,145221.68016813492,1,1.0000000000000002
2009-02-26,60.688374,7.613145,0.015593316223010046,False,False,0.0,-1.6365948037847944e-11,143693.20661311323,143693.2066131132,1,1.0000000000000002
2009-02-27,60.338894,7.571363,0.014796407950128444,False,False,0.0,-1.6365948037847944e-11,142865.7350804742,142865.73508047417,1,1.0000000000000002
2009-03-03,60.928043,7.276085,0.014973232939762375,False,False,0.0,-1.6365948037847944e-11,144260.6762101032,144260.67621010318,1,1.0000000000000002
2009-03-04,60.648914,7.599217,0.014329446415051843,False,False,0.0,-1.6365948037847944e-11,143599.77629756456,143599.77629756453,1,1.0000000000000002
2009-03-05,62.335602,7.49615,0.014668460636715983,False,False,0.0,-1.6365948037847944e-11,147593.38481434342,147593.3848143434,1,1.0000000000000002
2009-03-06,61.919876,7.401437,0.014738690586297766,False,False,0.0,-1.6365948037847944e-11,146609.06116097872,146609.0611609787,1,1.0000000000000002
2009-03-09,61.557625,7.259371,0.014818117056503287,False,False,0.0,-1.6365948037847944e-11,145751.35144892073,145751.3514489207,1,1.0000000000000002
2009-03-10,60.375702,7.822071,0.015467692510389815,False,False,0.0,-1.6365948037847944e-11,142952.88619691395,142952.88619691393,1,1.0000000000000002
2009-03-12,61.320015,8.368055,0.015849371356802772,False,False,0.0,-1.6365948037847944e-11,145188.756991812,145188.75699181197,1,1.0000000000000002
2009-03-13,61.011204,8.451623,0.015086621453944937,False,False,0.0,-1.6365948037847944e-11,144457.57835078592,144457.5783507859,1,1.0000000000000002
2009-03-16,60.049137,8.195348,0.01507674182723149,False,False,0.0,-1.6365948037847944e-11,142179.67101705744,142179.6710170574,1,1.0000000000000002
2009-03-17,59.722439,8.515693,0.015003356654631305,False,False,0.0,-1.6365948037847944e-11,141406.14093015657,141406.14093015654,1,1.0000000000000002
2009-03-18,61.985233,8.791473,0.01622007572285238,False,False,0.0,-1.6365948037847944e-11,146763.80837672408,146763.80837672405,1,1.0000000000000002
2009-03-19,62.062439,8.77197,0.014653950838848448,False,False,0.0,-1.6365948037847944e-11,146946.61073207753,146946.6107320775,1,1.0000000000000002
2009-03-20,61.71796,8.423766,0.014581207935208843,False,False,0.0,-1.6365948037847944e-11,146130.9801778485,146130.98017784848,1,1.0000000000000002
2009-03-23,61.183414,8.964177,0.014182337425846825,False,False,0.0,-1.6365948037847944e-11,144865.3237800974,144865.32378009736,1,1.0000000000000002
2009-03-24,61.76543,8.699547,0.01417529629641086,False,False,0.0,-1.6365948037847944e-11,146243.3759477191,146243.37594771906,1,1.0000000000000002
2009-03-25,60.933998,8.763617,0.014325440563448396,False,False,0.0,-1.6365948037847944e-11,144274.77599543246,144274.77599543243,1,1.0000000000000002
2009-03-26,61.640759,9.189819,0.014595033931740413,False,False,0.0,-1.6365948037847944e-11,145948.18966110575,145948.18966110572,1,1.0000000000000002
2009-03-27,62.098038,9.033816,0.014439522728397143,False,False,0.0,-1.6365948037847944e-11,147030.899272453,147030.89927245298,1,1.0000000000000002
2009-03-30,62.335602,8.65219,0.01420882960309819,False,False,0.0,-1.6365948037847944e-11,147593.38481434342,147593.3848143434,1,1.0000000000000002
2009-03-31,62.781021,8.674475,0.014161510595523919,False,False,0.0,-1.6365948037847944e-11,148648.01324113907,148648.01324113904,1,1.0000000000000002
2009-04-01,63.354023,8.824898,0.014144067025287288,False,False,0.0,-1.6365948037847944e-11,150004.7227614127,150004.72276141268,1,1.0000000000000002
2009-04-02,62.579792,9.184247,0.014433619131237117,False,False,0.0,-1.6365948037847944e-11,148171.55888311737,148171.55888311734,1,1.0000000000000002
2009-04-03,61.299149,9.460026,0.013895038679297825,False,False,0.0,-1.6365948037847944e-11,145139.3521016894,145139.35210168938,1,1.0000000000000002
2009-04-06,61.037144,9.2901,0.013852016153065623,False,False,0.0,-1.6365948037847944e-11,144518.99706303456,144518.99706303453,1,1.0000000000000002
2009-04-07,61.191978,8.953038,0.013814968303830574,False,False,0.0,-1.6365948037847944e-11,144885.60095248354,144885.6009524835,1,1.0000000000000002
2009-04-08,61.733944,9.156386,0.013189190362018667,False,False,0.0,-1.6365948037847944e-11,146168.82584849547,146168.82584849544,1,1.0000000000000002
2009-04-09,60.959671,9.54359,0.013071852909024921,False,False,0.0,-1.6365948037847944e-11,144335.56252587037,144335.56252587034,1,1.0000000000000002
2009-04-13,61.519543,9.440522,0.013184881543971511,False,False,0.0,-1.6365948037847944e-11,145661.18385447768,145661.18385447765,1,1.0000000000000002
2009-04-14,61.841217,9.471169,0.012644435011423,False,False,0.0,-1.6365948037847944e-11,146422.81850535935,146422.81850535932,1,1.0000000000000002
2009-04-15,61.733944,9.295676,0.012564313668319286,False,False,0.0,-1.6365948037847944e-11,146168.82584849547,146168.82584849544,1,1.0000000000000002
2009-04-16,61.245525,9.677302,0.009534306258305857,False,False,0.0,-1.6365948037847944e-11,145012.38536978417,145012.38536978414,1,1.0000000000000002
2009-04-17,60.572514,9.688446,0.009801672350431527,False,False,0.0,-1.6365948037847944e-11,143418.88232625398,143418.88232625395,1,1.0000000000000002
2009-04-20,61.489758,9.237172,0.010385017584700689,False,False,0.0,-1.6365948037847944e-11,145590.66125061005,145590.66125061002,1,1.0000000000000002
2009-04-21,60.882244,9.217669,0.010441587338307731,False,False,0.0,-1.6365948037847944e-11,144152.2369039245,144152.23690392447,1,1.0000000000000002
2009-04-22,60.512978,9.496236,0.010257517214058537,False,False,0.0,-1.6365948037847944e-11,143277.91762107145,143277.91762107142,1,1.0000000000000002
2009-04-23,60.507027,9.429379,0.009824690150242314,False,False,0.0,-1.6365948037847944e-11,143263.82730663076,143263.82730663073,1,1.0000000000000002
2009-04-24,59.899494,9.563094,0.00963609319708077,False,False,0.0,-1.6365948037847944e-11,141825.35797322457,141825.35797322454,1,1.0000000000000002
2009-04-27,60.155598,9.504589,0.009510006783643667,False,False,0.0,-1.6365948037847944e-11,142431.74108354558,142431.74108354555,1,1.0000000000000002
2009-04-28,59.172894,9.348599,0.009973688507932366,False,False,0.0,-1.6365948037847944e-11,140104.97106806398,140104.97106806395,1,1.0000000000000002
2009-04-29,58.648769,9.512951,0.009793253494586101,False,False,0.0,-1.6365948037847944e-11,138863.9887027085,138863.98870270848,1,1.0000000000000002
2009-04-30,58.416492,9.752516,0.009341611998634322,True,False,0.0,-1.6365948037847944e-11,138314.02130775945,138314.02130775942,1,1.0000000000000002
2009-05-01,58.014431,9.780374,0.009167547701432443,True,False,0.0,-1.6365948037847944e-11,137362.0525774047,137362.05257740468,1,1.0000000000000002
2009-05-04,58.205521,10.239999,0.00837588118506195,True,False,0.0,-1.6365948037847944e-11,137814.50060067352,137814.5006006735,1,1.0000000000000002
2009-05-05,58.133881,10.142504,0.008371191701830266,True,False,0.0,-1.6365948037847944e-11,137644.8769867378,137644.87698673777,1,1.0000000000000002
2009-05-06,57.996471,10.212145,0.008289377085568494,True,False,0.0,-1.6365948037847944e-11,137319.52828781388,137319.52828781385,1,1.0000000000000002
2009-05-07,56.580608,9.663374,0.009184086202141733,True,False,0.0,-1.6365948037847944e-11,133967.15811894328,133967.15811894325,1,1.0000000000000002
2009-05-08,56.718021,9.365315,0.009087372381291908,False,False,0.0,-1.6365948037847944e-11,134292.51392103362,134292.5139210336,1,1.0000000000000002
2009-05-11,57.524551,9.404311,0.009513071466805056,False,False,0.0,-1.6365948037847944e-11,136202.1528566504,136202.15285665038,1,1.0000000000000002
2009-05-12,57.733616,9.170319,0.009444157827397904,False,False,0.0,-1.6365948037847944e-11,136697.16068534213,136697.1606853421,1,1.0000000000000002
2009-05-13,58.360878,8.91961,0.009965064412213065,False,False,0.0,-1.6365948037847944e-11,138182.34280880046,138182.34280880043,1,1.0000000000000002
2009-05-14,58.587917,9.14246,0.009995220960138376,False,False,0.0,-1.6365948037847944e-11,138719.9080751929,138719.90807519289,1,1.0000000000000002
2009-05-15,58.569969,9.033816,0.009782029431449521,False,False,0.0,-1.6365948037847944e-11,138677.41219826776,138677.41219826773,1,1.0000000000000002
2009-05-18,57.661942,9.345813,0.009420813133144973,False,False,0.0,-1.6365948037847944e-11,136527.45656885373,136527.4565688537,1,1.0000000000000002
2009-05-19,57.357281,9.554736,0.009303243369245756,True,False,0.0,-1.6365948037847944e-11,135806.10397469855,135806.10397469852,1,1.0000000000000002
2009-05-20,57.96059,9.655018,0.009738501313342713,True,False,0.0,-1.6365948037847944e-11,137234.57204979562,137234.5720497956,1,1.0000000000000002
2009-05-21,56.502995,9.46281,0.01102413989055908,True,False,0.0,-1.6365948037847944e-11,133783.39210067983,133783.3921006798,1,1.0000000000000002
2009-05-22,55.875702,9.465596,0.01106083348143267,True,False,0.0,-1.6365948037847944e-11,132298.1365778352,132298.13657783516,1,1.0000000000000002
2009-05-26,55.033363,9.785942,0.011198702435016653,True,False,0.0,-1.6365948037847944e-11,130303.71188019405,130303.71188019404,1,1.0000000000000002
2009-05-27,54.059574,9.922439,0.01128074469227096,True,False,0.0,-1.6365948037847944e-11,127998.05010756892,127998.05010756891,1,1.0000000000000002
2009-05-28,54.842155,10.103507,0.011983519100389452,True,False,0.0,-1.6365948037847944e-11,129850.98446571299,129850.98446571297,1,1.0000000000000002
2009-05-29,56.257999,10.145292,0.013604816985760463,True,False,0.0,-1.6365948037847944e-11,133203.30964786297,133203.30964786294,1,1.0000000000000002
2009-06-01,54.594795,10.682917,0.014966524692502483,True,False,0.0,-1.6365948037847944e-11,129265.3047177629,129265.30471776289,1,1.0000000000000002
2009-06-02,54.888504,10.398779,0.015019840264896963,True,False,0.0,-1.6365948037847944e-11,129960.72601906736,129960.72601906734,1,1.0000000000000002
2009-06-03,55.403938,10.217717,0.015267157609281221,True,False,0.0,-1.6365948037847944e-11,131181.13051132517,131181.13051132514,1,1.0000000000000002
2009-06-04,54.259151,10.434996,0.01581603400553992,True,False,0.0,-1.6365948037847944e-11,128470.59298861935,128470.59298861933,1,1.0000000000000002
2009-06-05,53.845634,10.267856,0.01504302369020817,True,False,0.0,-1.6365948037847944e-11,127491.49963345654,127491.49963345652,1,1.0000000000000002
2009-06-08,53.707767,10.273431,0.014998741602356825,True,False,0.0,-1.6365948037847944e-11,127165.06888551575,127165.06888551574,1,1.0000000000000002
2009-06-09,53.701775,10.73863,0.014486270382600742,True,False,0.0,-1.6365948037847944e-11,127150.88149446741,127150.8814944674,1,1.0000000000000002
2009-06-10,52.856731,10.777633,0.014640592907343918,True,False,0.0,-1.6365948037847944e-11,125150.05210844414,125150.05210844413,1,1.0000000000000002
2009-06-11,53.444084,10.713558,0.014654077673821554,True,False,0.0,-1.6365948037847944e-11,126540.74080911407,126540.74080911405,1,1.0000000000000002
2009-06-12,53.923557,10.565924,0.014846501356234077,True,False,0.0,-1.6365948037847944e-11,127675.99964558265,127675.99964558263,1,1.0000000000000002
2009-06-15,54.409058,10.45171,0.015115004966204796,True,False,0.0,-1.6365948037847944e-11,128825.53111109651,128825.5311110965,1,1.0000000000000002
2009-06-16,55.356033,10.237216,0.015530359113985235,True,False,0.0,-1.6365948037847944e-11,131067.70478232474,131067.70478232473,1,1.0000000000000002
2009-06-17,55.044319,10.373708,0.015534411834640487,True,False,0.0,-1.6365948037847944e-11,130329.65264393331,130329.6526439333,1,1.0000000000000002
2009-06-18,54.21122,10.17872,0.015507617663817348,True,False,0.0,-1.6365948037847944e-11,128357.10569884333,128357.10569884331,1,1.0000000000000002
2009-06-19,54.954418,10.292927,0.01502793551600971,True,False,0.0,-1.6365948037847944e-11,130116.79205604334,130116.79205604333,1,1.0000000000000002
2009-06-22,55.487858,9.923116,0.015036461088165642,True,False,0.0,-1.6365948037847944e-11,131379.82975311033,131379.8297531103,1,1.0000000000000002
2009-06-23,56.141155,9.839258,0.014840632738171218,True,False,0.0,-1.6365948037847944e-11,132926.6555224204,132926.65552242036,1,1.0000000000000002
2009-06-24,55.577789,10.05729,0.014416978769705956,True,False,0.0,-1.6365948037847944e-11,131592.76137266442,131592.7613726644,1,1.0000000000000002
2009-06-25,56.596638,10.261344,0.014620358905259173,True,False,0.0,-1.6365948037847944e-11,134005.11270480856,134005.11270480853,1,1.0000000000000002
2009-06-26,56.692528,10.244573,0.013496856488875818,True,False,0.0,-1.6365948037847944e-11,134232.15358058046,134232.15358058043,1,1.0000000000000002
2009-06-29,56.776485,10.241776,0.011445380732118838,True,False,0.0,-1.6365948037847944e-11,134430.9404280847,134430.94042808466,1,1.0000000000000002
2009-06-30,56.680573,10.247365,0.01144361066381402,True,False,0.0,-1.6365948037847944e-11,134203.84746242577,134203.84746242574,1,1.0000000000000002
2009-07-01,56.568115,10.412288,0.011320077312525205,True,False,0.0,-1.6365948037847944e-11,133937.57816627857,133937.57816627854,1,1.0000000000000002
2009-07-02,56.700447,10.314452,0.010076132975923593,True,False,0.0,-1.6365948037847944e-11,134250.9035721879,134250.90357218788,1,1.0000000000000002
2009-07-06,56.592175,10.157919,0.009860239413967244,True,False,0.0,-1.6365948037847944e-11,133994.5455609086,133994.54556090856,1,1.0000000000000002
2009-07-07,56.970978,9.88678,0.009827425848977722,True,False,0.0,-1.6365948037847944e-11,134891.4458097877,134891.44580978766,1,1.0000000000000002
2009-07-08,58.023224,9.797333,0.010372929907588965,True,False,0.0,-1.6365948037847944e-11,137382.87195816037,137382.87195816034,1,1.0000000000000002
2009-07-09,57.331745,10.001385,0.010015248011226921,True,False,0.0,-1.6365948037847944e-11,135745.6418221935,135745.64182219346,1,1.0000000000000002
2009-07-10,57.860889,10.05729,0.00995530391985036,True,False,0.0,-1.6365948037847944e-11,136998.50778495744,136998.50778495742,1,1.0000000000000002
2009-07-13,57.536194,10.306067,0.01010460661911951,True,False,0.0,-1.6365948037847944e-11,136229.72024549817,136229.72024549815,1,1.0000000000000002
2009-07-14,56.580139,10.470985,0.010940260507627104,True,False,0.0,-1.6365948037847944e-11,133966.04765726076,133966.04765726073,1,1.0000000000000002
2009-07-15,55.125061,10.943381,0.011988644103261408,True,False,0.0,-1.6365948037847944e-11,130520.82726476523,130520.82726476522,1,1.0000000000000002
2009-07-16,55.720325,11.16141,0.012156261777289764,True,False,0.0,-1.6365948037847944e-11,131930.24701526552,131930.2470152655,1,1.0000000000000002
2009-07-17,54.860512,11.295579,0.012177058656735622,True,False,0.0,-1.6365948037847944e-11,129894.44874099242,129894.4487409924,1,1.0000000000000002
2009-07-20,55.149128,11.415777,0.011845337395220642,True,False,0.0,-1.6365948037847944e-11,130577.8112334502,130577.81123345018,1,1.0000000000000002
2009-07-21,56.2495,11.376645,0.012469437874274826,True,False,0.0,-1.6365948037847944e-11,133183.18637741572,133183.1863774157,1,1.0000000000000002
2009-07-22,55.744389,11.650575,0.012365892732740242,True,False,0.0,-1.6365948037847944e-11,131987.22388078406,131987.22388078403,1,1.0000000000000002
2009-07-23,54.72221,11.88538,0.012848647422619921,True,False,0.0,-1.6365948037847944e-11,129566.98803392178,129566.98803392176,1,1.0000000000000002
2009-07-24,54.986752,11.748411,0.012140233991121756,True,False,0.0,-1.6365948037847944e-11,130193.34998363964,130193.34998363962,1,1.0000000000000002
2009-07-27,54.355427,11.787549,0.01231992849940545,True,False,0.0,-1.6365948037847944e-11,128698.54780513632,128698.5478051363,1,1.0000000000000002
2009-07-28,54.836464,11.809904,0.012539305745527626,True,False,0.0,-1.6365948037847944e-11,129837.50975902805,129837.50975902803,1,1.0000000000000002
2009-07-29,55.1371,11.787549,0.012642469409530396,True,False,0.0,-1.6365948037847944e-11,130549.33227157946,130549.33227157945,1,1.0000000000000002
2009-07-30,55.918755,11.754006,0.013103783706430616,True,False,0.0,-1.6365948037847944e-11,132400.07411902412,132400.0741190241,1,1.0000000000000002
2009-07-31,57.007088,11.832272,0.01382937427111,True,False,0.0,-1.6365948037847944e-11,134976.94425617545,134976.94425617543,1,1.0000000000000002
2009-08-03,56.14315,11.997188,0.014256318813745212,True,False,0.0,-1.6365948037847944e-11,132931.37912808484,132931.3791280848,1,1.0000000000000002
2009-08-04,55.696697,11.980415,0.014250453278491115,True,False,0.0,-1.6365948037847944e-11,131874.30247659894,131874.3024765989,1,1.0000000000000002
2009-08-05,54.864132,11.871405,0.013801613188264427,True,False,0.0,-1.6365948037847944e-11,129903.01989513042,129903.0198951304,1,1.0000000000000002
2009-08-06,55.051128,11.678535,0.013690896704580676,True,False,0.0,-1.6365948037847944e-11,130345.77446396803,130345.77446396802,1,1.0000000000000002
2009-08-07,54.592648,11.700891,0.01349516282180582,True,False,0.0,-1.6365948037847944e-11,129260.22121833354,129260.22121833352,1,1.0000000000000002
2009-08-10,55.274345,11.605855,0.013900408118883437,True,False,0.0,-1.6365948037847944e-11,130874.29029635068,130874.29029635066,1,1.0000000000000002
2009-08-11,55.913895,11.477271,0.01375764909602718,True,False,0.0,-1.6365948037847944e-11,132388.56698943552,132388.5669894355,1,1.0000000000000002
2009-08-12,55.316605,11.703686,0.012647347961659878,True,False,0.0,-1.6365948037847944e-11,130974.35023388453,130974.35023388451,1,1.0000000000000002
2009-08-13,56.100929,11.952465,0.012815087861934098,True,False,0.0,-1.6365948037847944e-11,132831.41153171437,132831.41153171434,1,1.0000000000000002
2009-08-14,56.318077,11.712075,0.012271761935584734,True,False,0.0,-1.6365948037847944e-11,133345.5576584441,133345.55765844407,1,1.0000000000000002
2009-08-17,57.150642,11.376645,0.012607403276260518,True,False,0.0,-1.6365948037847944e-11,135316.8402399126,135316.84023991256,1,1.0000000000000002
2009-08-18,56.818836,11.619832,0.011969381625135606,True,False,0.0,-1.6365948037847944e-11,134531.21582833302,134531.215828333,1,1.0000000000000002
2009-08-19,57.289402,11.675734,0.011868609932248437,True,False,0.0,-1.6365948037847944e-11,135645.38536372225,135645.38536372222,1,1.0000000000000002
2009-08-20,57.759956,11.76798,0.010983827985987916,True,False,0.0,-1.6365948037847944e-11,136759.5264864458,136759.52648644577,1,1.0000000000000002
2009-08-21,56.571499,11.9888,0.012154282330490897,True,False,0.0,-1.6365948037847944e-11,133945.59053799213,133945.5905379921,1,1.0000000000000002
2009-08-24,57.597076,11.874199,0.012287850041767858,True,False,0.0,-1.6365948037847944e-11,136373.8719046779,136373.87190467786,1,1.0000000000000002
2009-08-25,57.92289,11.930103,0.01222784082046172,True,False,0.0,-1.6365948037847944e-11,137145.30892520913,137145.3089252091,1,1.0000000000000002
2009-08-26,58.188324,12.041915,0.01221895723354078,True,False,0.0,-1.6365948037847944e-11,137773.7828830737,137773.78288307367,1,1.0000000000000002
2009-08-27,57.959045,12.06707,0.011997854050692579,True,False,0.0,-1.6365948037847944e-11,137230.9139190931,137230.91391909306,1,1.0000000000000002
2009-08-31,58.278812,12.142542,0.011317458655803919,True,False,0.0,-1.6365948037847944e-11,137988.0333238584,137988.03332385837,1,1.0000000000000002
2009-09-01,58.137783,11.832272,0.01068614667504463,True,False,0.0,-1.6365948037847944e-11,137654.1158385186,137654.11583851857,1,1.0000000000000002
2009-09-02,58.9851,11.804317,0.010789131892352024,True,False,0.0,-1.6365948037847944e-11,139660.3270569606,139660.32705696058,1,1.0000000000000002
2009-09-03,58.622005,11.986009,0.010177556466062975,True,False,0.0,-1.6365948037847944e-11,138800.6189874185,138800.61898741848,1,1.0000000000000002
2009-09-04,57.623367,12.296279,0.011161259192754552,True,False,0.0,-1.6365948037847944e-11,136436.12168739684,136436.1216873968,1,1.0000000000000002
2009-09-08,57.217865,12.545054,0.011099558308461608,True,False,0.0,-1.6365948037847944e-11,135476.0056251667,135476.00562516667,1,1.0000000000000002
2009-09-09,57.151253,12.68482,0.01086448352891651,True,False,0.0,-1.6365948037847944e-11,135318.28691813865,135318.28691813862,1,1.0000000000000002
2009-09-10,58.204376,12.880485,0.011283244640406385,True,False,0.0,-1.6365948037847944e-11,137811.789558826,137811.78955882599,1,1.0000000000000002
2009-09-11,58.525181,12.642891,0.010895252061398316,True,False,0.0,-1.6365948037847944e-11,138571.36665917013,138571.3666591701,1,1.0000000000000002
2009-09-14,57.944115,12.645687,0.010914664945532431,True,False,0.0,-1.6365948037847944e-11,137195.5638275791,137195.56382757908,1,1.0000000000000002
2009-09-15,57.647575,12.74911,0.011002151661713715,True,False,0.0,-1.6365948037847944e-11,136493.4395049032,136493.43950490316,1,1.0000000000000002
2009-09-16,57.750462,12.70159,0.010536882562527149,True,False,0.0,-1.6365948037847944e-11,136737.04733247167,136737.04733247164,1,1.0000000000000002
2009-09-17,58.476749,12.452816,0.010750457319729788,True,False,0.0,-1.6365948037847944e-11,138456.6931406032,138456.69314060317,1,1.0000000000000002
2009-09-18,57.956226,12.547852,0.010863892274003112,True,False,0.0,-1.6365948037847944e-11,137224.23931038726,137224.23931038723,1,1.0000000000000002
2009-09-21,58.08939,12.533876,0.010725991694723064,True,False,0.0,-1.6365948037847944e-11,137539.53466111503,137539.534661115,1,1.0000000000000002
2009-09-22,58.210373,12.642891,0.009511257734416223,True,False,0.0,-1.6365948037847944e-11,137825.98878848503,137825.988788485,1,1.0000000000000002
2009-09-23,58.385933,12.690409,0.00869548134061598,True,False,0.0,-1.6365948037847944e-11,138241.66608695735,138241.66608695732,1,1.0000000000000002
2009-09-24,58.555374,12.385731,0.008634539779238353,True,False,0.0,-1.6365948037847944e-11,138642.85529366988,138642.85529366985,1,1.0000000000000002
2009-09-25,59.299889,12.352184,0.009012483671230413,True,False,0.0,-1.6365948037847944e-11,140405.65994092508,140405.65994092505,1,1.0000000000000002
2009-09-28,59.820332,12.592579,0.00909594417953773,True,False,0.0,-1.6365948037847944e-11,141637.92435337,141637.92435336998,1,1.0000000000000002
2009-09-29,59.765858,12.416477,0.00906340466347675,True,False,0.0,-1.6365948037847944e-11,141508.94505764786,141508.94505764783,1,1.0000000000000002
2009-09-30,59.711372,12.519898,0.009037354936838899,True,False,0.0,-1.6365948037847944e-11,141379.93734926006,141379.93734926003,1,1.0000000000000002
2009-10-01,60.529121,11.921716,0.00897288860145664,True,False,0.0,-1.6365948037847944e-11,143316.1397595383,143316.13975953826,1,1.0000000000000002
2009-10-02,60.110226,11.779162,0.00900818894716438,True,False,0.0,-1.6365948037847944e-11,142324.31279471962,142324.3127947196,1,1.0000000000000002
2009-10-05,60.116329,12.008368,0.00790844482661933,True,False,0.0,-1.6365948037847944e-11,142338.76300292523,142338.7630029252,1,1.0000000000000002
2009-10-06,59.521332,12.243169,0.00810845588076909,True,False,0.0,-1.6365948037847944e-11,140929.97543423568,140929.97543423565,1,1.0000000000000002
2009-10-07,60.219536,12.218016,0.008350821179559934,True,False,0.0,-1.6365948037847944e-11,142583.12850157774,142583.1285015777,1,1.0000000000000002
2009-10-08,59.588139,12.131362,0.007986251271486857,True,False,0.0,-1.6365948037847944e-11,141088.15584708052,141088.1558470805,1,1.0000000000000002
2009-10-09,58.222168,12.547852,0.009585242939339834,True,False,0.0,-1.6365948037847944e-11,137853.91607109772,137853.9160710977,1,1.0000000000000002
2009-10-12,58.31321,12.735134,0.009312897455294587,True,False,0.0,-1.6365948037847944e-11,138069.47822994663,138069.4782299466,1,1.0000000000000002
2009-10-13,58.616737,12.687617,0.00928104052677768,True,False,0.0,-1.6365948037847944e-11,138788.1458271978,138788.14582719776,1,1.0000000000000002
2009-10-14,57.748592,12.886076,0.00992068543909383,True,False,0.0,-1.6365948037847944e-11,136732.61969207443,136732.6196920744,1,1.0000000000000002
2009-10-15,57.481472,12.659663,0.009516036200794812,True,False,0.0,-1.6365948037847944e-11,136100.1537546859,136100.15375468586,1,1.0000000000000002
2009-10-16,57.948925,12.388519,0.009517108467140744,True,False,0.0,-1.6365948037847944e-11,137206.95257106083,137206.9525710608,1,1.0000000000000002
2009-10-19,58.404293,12.575808,0.009666741032408504,True,False,0.0,-1.6365948037847944e-11,138285.1374654032,138285.13746540318,1,1.0000000000000002
2009-10-20,58.719982,12.528286,0.00972751150431598,True,False,0.0,-1.6365948037847944e-11,139032.6012992915,139032.60129929148,1,1.0000000000000002
2009-10-21,58.367844,12.313051,0.009810762756643217,True,False,0.0,-1.6365948037847944e-11,138198.8363612108,138198.83636121076,1,1.0000000000000002
2009-10-22,58.082527,12.444433,0.009843787067428908,True,False,0.0,-1.6365948037847944e-11,137523.28498408486,137523.28498408484,1,1.0000000000000002
2009-10-23,57.645393,12.117382,0.009464038330710807,True,False,0.0,-1.6365948037847944e-11,136488.273135199,136488.27313519898,1,1.0000000000000002
2009-10-26,56.898624,12.072662,0.009487167578618007,True,False,0.0,-1.6365948037847944e-11,134720.13164224572,134720.1316422457,1,1.0000000000000002
2009-10-27,57.675747,11.793135,0.0101445561904847,True,False,0.0,-1.6365948037847944e-11,136560.1429729629,136560.14297296287,1,1.0000000000000002
2009-10-28,57.948925,11.454913,0.010247729720859666,True,False,0.0,-1.6365948037847944e-11,137206.95257106083,137206.9525710608,1,1.0000000000000002
2009-10-29,57.317532,11.737229,0.00980488395314535,True,False,0.0,-1.6365948037847944e-11,135711.98938745217,135711.98938745214,1,1.0000000000000002
2009-10-30,58.149292,11.348694,0.01046178151443325,True,False,0.0,-1.6365948037847944e-11,137681.36595259994,137681.3659525999,1,1.0000000000000002
2009-11-02,57.892246,11.351484,0.01047073193625803,True,False,0.0,-1.6365948037847944e-11,137072.75244802533,137072.7524480253,1,1.0000000000000002
2009-11-03,57.313625,11.239678,0.01047473944780699,True,False,0.0,-1.6365948037847944e-11,135702.73869706067,135702.73869706065,1,1.0000000000000002
2009-11-04,56.789833,11.329128,0.010085086788009364,True,False,0.0,-1.6365948037847944e-11,134462.544783177,134462.54478317697,1,1.0000000000000002
2009-11-05,56.789833,11.670145,0.009940946526426337,True,False,0.0,-1.6365948037847944e-11,134462.544783177,134462.54478317697,1,1.0000000000000002
2009-11-06,56.844654,11.695301,0.008668681574723095,True,False,0.0,-1.6365948037847944e-11,134592.3456784809,134592.34567848087,1,1.0000000000000002
2009-11-09,56.911648,12.053095,0.008662661590275724,True,False,0.0,-1.6365948037847944e-11,134750.96885536547,134750.96885536544,1,1.0000000000000002
2009-11-10,56.80814,12.075455,0.008530550998539903,True,False,0.0,-1.6365948037847944e-11,134505.89067234955,134505.89067234952,1,1.0000000000000002
2009-11-11,57.045631,12.248757,0.008009884311328121,True,False,0.0,-1.6365948037847944e-11,135068.20337052393,135068.2033705239,1,1.0000000000000002
2009-11-12,56.942078,12.190062,0.007959992705275401,True,False,0.0,-1.6365948037847944e-11,134823.0186400118,134823.01864001178,1,1.0000000000000002
2009-11-13,57.204025,12.285103,0.0077981412575876645,True,False,0.0,-1.6365948037847944e-11,135443.23635078268,135443.23635078265,1,1.0000000000000002
2009-11-16,57.874023,12.575808,0.008058805082959152,True,False,0.0,-1.6365948037847944e-11,137029.60544751235,137029.60544751232,1,1.0000000000000002
2009-11-17,58.184593,12.603756,0.008057331213502114,True,False,0.0,-1.6365948037847944e-11,137764.9489117784,137764.94891177837,1,1.0000000000000002
2009-11-18,57.843533,12.503129,0.008052449767072296,True,False,0.0,-1.6365948037847944e-11,136957.41359953774,136957.41359953771,1,1.0000000000000002
2009-11-19,57.947094,12.092228,0.007996653739107934,True,False,0.0,-1.6365948037847944e-11,137202.61727182695,137202.61727182692,1,1.0000000000000002
2009-11-20,57.934875,11.997188,0.007803420643483298,True,False,0.0,-1.6365948037847944e-11,137173.68607502792,137173.6860750279,1,1.0000000000000002
2009-11-23,57.861813,12.122976,0.007166118394917611,True,False,0.0,-1.6365948037847944e-11,137000.69556021257,137000.69556021254,1,1.0000000000000002
2009-11-24,58.227257,12.220811,0.006652605652959736,True,False,0.0,-1.6365948037847944e-11,137865.96540905582,137865.9654090558,1,1.0000000000000002
2009-11-25,58.495232,12.268329,0.006648179921278738,True,False,0.0,-1.6365948037847944e-11,138500.45574887196,138500.45574887193,1,1.0000000000000002
2009-11-27,58.714485,12.097818,0.006109320040237904,True,False,0.0,-1.6365948037847944e-11,139019.5859307013,139019.58593070126,1,1.0000000000000002
2009-11-30,58.854588,12.120178,0.005276515777827556,True,False,0.0,-1.6365948037847944e-11,139351.31090534167,139351.31090534164,1,1.0000000000000002
2009-12-01,58.199024,12.511518,0.005806989984878629,True,False,0.0,-1.6365948037847944e-11,137799.11750994573,137799.1175099457,1,1.0000000000000002
2009-12-02,58.247803,12.698797,0.005275695446972774,True,False,0.0,-1.6365948037847944e-11,137914.6126280944,137914.61262809436,1,1.0000000000000002
2009-12-03,57.642948,12.855328,0.0054068653699993275,True,False,0.0,-1.6365948037847944e-11,136482.48405457265,136482.48405457262,1,1.0000000000000002
2009-12-04,57.031921,13.059385,0.0059790349383577945,True,False,0.0,-1.6365948037847944e-11,135035.74190001778,135035.74190001775,1,1.0000000000000002
2009-12-07,57.105255,13.1656,0.005981582721620936,True,False,0.0,-1.6365948037847944e-11,135209.37643525458,135209.37643525455,1,1.0000000000000002
2009-12-08,57.190796,13.092922,0.005984671166217686,True,False,0.0,-1.6365948037847944e-11,135411.9137546247,135411.91375462466,1,1.0000000000000002
2009-12-09,56.928066,13.154423,0.006067045461626784,True,False,0.0,-1.6365948037847944e-11,134789.84211742014,134789.8421174201,1,1.0000000000000002
2009-12-10,56.274261,13.115288,0.006514570258915696,True,False,0.0,-1.6365948037847944e-11,133241.8135452642,133241.81354526416,1,1.0000000000000002
2009-12-11,56.268169,13.017448,0.006510087932291369,True,False,0.0,-1.6365948037847944e-11,133227.3893820021,133227.38938200206,1,1.0000000000000002
2009-12-14,56.335346,13.213121,0.006411262585424021,True,False,0.0,-1.6365948037847944e-11,133386.44585203784,133386.4458520378,1,1.0000000000000002
2009-12-15,56.084858,13.148831,0.005747538200068224,True,False,0.0,-1.6365948037847944e-11,132793.35986924142,132793.3598692414,1,1.0000000000000002
2009-12-16,56.017632,13.341703,0.005514219383747849,True,False,0.0,-1.6365948037847944e-11,132634.18738082095,132634.18738082092,1,1.0000000000000002
2009-12-17,56.940296,13.143241,0.006765606091059397,True,False,0.0,-1.6365948037847944e-11,134818.79935916266,134818.79935916263,1,1.0000000000000002
2009-12-18,56.695892,13.299775,0.006780617952198063,True,False,0.0,-1.6365948037847944e-11,134240.11859785125,134240.11859785122,1,1.0000000000000002
2009-12-21,55.687683,13.614865,0.007749464725910536,True,False,0.0,-1.6365948037847944e-11,131852.95982925085,131852.95982925082,1,1.0000000000000002
2009-12-22,55.376095,13.690692,0.007789229117881576,True,False,0.0,-1.6365948037847944e-11,131115.20602384873,131115.2060238487,1,1.0000000000000002
2009-12-23,55.388313,13.710352,0.007555609329188957,True,False,0.0,-1.6365948037847944e-11,131144.1348529256,131144.13485292558,1,1.0000000000000002
2009-12-24,54.813984,13.87324,0.007559915190100077,True,False,0.0,-1.6365948037847944e-11,129784.2833653754,129784.28336537539,1,1.0000000000000002
2009-12-28,54.66124,13.738436,0.007380967887339061,True,False,0.0,-1.6365948037847944e-11,129422.62801519396,129422.62801519394,1,1.0000000000000002
2009-12-29,55.02174,13.718776,0.0076148090620657815,True,False,0.0,-1.6365948037847944e-11,130276.19184578904,130276.19184578903,1,1.0000000000000002
2009-12-30,55.383537,13.912552,0.007688038125130004,True,False,0.0,-1.6365948037847944e-11,131132.82661199654,131132.8266119965,1,1.0000000000000002
2009-12-31,55.119865,13.825497,0.007662943261592262,True,False,0.0,-1.6365948037847944e-11,130508.52458053839,130508.52458053837,1,1.0000000000000002
2010-01-04,55.070805,13.993999,0.007453956499834077,True,False,0.0,-1.6365948037847944e-11,130392.36413246907,130392.36413246905,1,1.0000000000000002
2010-01-05,55.426468,13.971531,0.007423164724871498,True,False,0.0,-1.6365948037847944e-11,131234.4752910847,131234.47529108467,1,1.0000000000000002
2010-01-06,54.684513,13.929403,0.00786025447022049,True,False,0.0,-1.6365948037847944e-11,129477.7320125017,129477.73201250168,1,1.0000000000000002
2010-01-07,54.776508,13.819882,0.007864874343671668,True,False,0.0,-1.6365948037847944e-11,129695.55061054773,129695.55061054771,1,1.0000000000000002
2010-01-08,54.751999,14.027695,0.007851695006043685,True,False,0.0,-1.6365948037847944e-11,129637.52010867794,129637.52010867793,1,1.0000000000000002
2010-01-11,54.451496,13.98557,0.007573963388384275,True,False,0.0,-1.6365948037847944e-11,128926.01250317083,128926.01250317082,1,1.0000000000000002
2010-01-12,55.383537,13.496922,0.008643908674896733,True,False,0.0,-1.6365948037847944e-11,131132.82661199654,131132.8266119965,1,1.0000000000000002
2010-01-13,54.739681,13.654186,0.008962542412411918,True,False,0.0,-1.6365948037847944e-11,129608.35450738731,129608.3545073873,1,1.0000000000000002
2010-01-14,55.506214,13.628914,0.009557690867518521,True,False,0.0,-1.6365948037847944e-11,131423.2916606676,131423.29166066757,1,1.0000000000000002
2010-01-15,55.849548,13.185194,0.009671315581027034,True,False,0.0,-1.6365948037847944e-11,132236.21117304912,132236.2111730491,1,1.0000000000000002
2010-01-19,55.69017,13.336843,0.008868155247385602,True,False,0.0,-1.6365948037847944e-11,131858.848354207,131858.84835420697,1,1.0000000000000002
2010-01-20,56.25433,13.336843,0.009173515719755118,True,False,0.0,-1.6365948037847944e-11,133194.62247534023,133194.6224753402,1,1.0000000000000002
2010-01-21,56.511822,13.252591,0.008240123857430599,True,False,0.0,-1.6365948037847944e-11,133804.2919839882,133804.29198398817,1,1.0000000000000002
2010-01-22,56.413689,12.629142,0.008127895250835437,True,False,0.0,-1.6365948037847944e-11,133571.94030746171,133571.9403074617,1,1.0000000000000002
2010-01-25,56.156124,12.803262,0.008220120047489319,True,False,0.0,-1.6365948037847944e-11,132962.0979550977,132962.09795509768,1,1.0000000000000002
2010-01-26,56.174576,12.688114,0.007795809444232978,True,False,0.0,-1.6365948037847944e-11,133005.78716398022,133005.7871639802,1,1.0000000000000002
2010-01-27,56.143917,12.865042,0.0077509735682445005,True,False,0.0,-1.6365948037847944e-11,132933.19517096438,132933.19517096435,1,1.0000000000000002
2010-01-28,56.113228,12.485913,0.007660848911227744,True,False,0.0,-1.6365948037847944e-11,132860.5321462844,132860.53214628436,1,1.0000000000000002
2010-01-29,56.603794,12.070278,0.007757646191640687,True,False,0.0,-1.6365948037847944e-11,134022.05612442506,134022.05612442503,1,1.0000000000000002
2010-02-01,56.08997,12.480293,0.007987988543326023,True,False,0.0,-1.6365948037847944e-11,132805.46366480872,132805.4636648087,1,1.0000000000000002
2010-02-02,56.249966,12.609482,0.007988313028498903,True,False,0.0,-1.6365948037847944e-11,133184.28973593184,133184.28973593182,1,1.0000000000000002
2010-02-03,55.597733,12.60667,0.008363453353220265,True,False,0.0,-1.6365948037847944e-11,131639.98322297615,131639.98322297612,1,1.0000000000000002
2010-02-04,56.477642,12.061856,0.008405420642772051,True,False,0.0,-1.6365948037847944e-11,133723.36324132595,133723.36324132592,1,1.0000000000000002
2010-02-05,56.600712,12.33707,0.008406361927594327,True,False,0.0,-1.6365948037847944e-11,134014.75880479705,134014.75880479702,1,1.0000000000000002
2010-02-08,56.674583,12.286522,0.00839260306821978,True,False,0.0,-1.6365948037847944e-11,134189.6648068217,134189.66480682167,1,1.0000000000000002
2010-02-09,56.108459,12.432556,0.008655397982310777,True,False,0.0,-1.6365948037847944e-11,132849.2404794103,132849.24047941028,1,1.0000000000000002
2010-02-10,55.573067,12.508382,0.008180930324162365,True,False,0.0,-1.6365948037847944e-11,131581.5809887308,131581.58098873077,1,1.0000000000000002
2010-02-11,55.271542,12.766746,0.007814947398769355,True,False,0.0,-1.6365948037847944e-11,130867.65357119906,130867.65357119904,1,1.0000000000000002
2010-02-12,55.499187,12.881893,0.007213228814287602,True,False,0.0,-1.6365948037847944e-11,131406.6536772069,131406.65367720686,1,1.0000000000000002
2010-02-16,55.603863,13.162725,0.007082733364305188,True,False,0.0,-1.6365948037847944e-11,131654.4973596795,131654.49735967946,1,1.0000000000000002
2010-02-17,54.970039,13.151492,0.007500541136420136,True,False,0.0,-1.6365948037847944e-11,130153.77824355438,130153.77824355436,1,1.0000000000000002
2010-02-18,54.748508,13.196424,0.00709068230702314,True,False,0.0,-1.6365948037847944e-11,129629.25439069569,129629.25439069567,1,1.0000000000000002
2010-02-19,55.043861,13.232935,0.007128675893573268,True,False,0.0,-1.6365948037847944e-11,130328.5682271943,130328.56822719428,1,1.0000000000000002
2010-02-22,54.816193,13.207659,0.0071564336991536475,True,False,0.0,-1.6365948037847944e-11,129789.51366357731,129789.5136635773,1,1.0000000000000002
2010-02-23,55.671528,12.867848,0.008043857637910521,True,False,0.0,-1.6365948037847944e-11,131814.70927811836,131814.70927811833,1,1.0000000000000002
2010-02-24,55.806931,13.109369,0.008068008518697522,True,False,0.0,-1.6365948037847944e-11,132135.30595871215,132135.30595871212,1,1.0000000000000002
2010-02-25,56.120758,13.056009,0.008175888292141957,True,False,0.0,-1.6365948037847944e-11,132878.36109398032,132878.3610939803,1,1.0000000000000002
2010-02-26,56.409962,13.033543,0.008255130040960615,True,False,0.0,-1.6365948037847944e-11,133563.115807055,133563.11580705497,1,1.0000000000000002
2010-03-01,56.385239,13.342463,0.008012699675612254,True,False,0.0,-1.6365948037847944e-11,133504.57861264778,133504.57861264775,1,1.0000000000000002
2010-03-02,56.311207,13.342463,0.007740553237148583,True,False,0.0,-1.6365948037847944e-11,133329.29140735898,133329.29140735895,1,1.0000000000000002
2010-03-03,56.169231,13.277868,0.007736918151076776,True,False,0.0,-1.6365948037847944e-11,132993.1316891549,132993.13168915486,1,1.0000000000000002
2010-03-04,56.465515,13.266637,0.007316527933210623,True,False,0.0,-1.6365948037847944e-11,133694.6498749636,133694.64987496356,1,1.0000000000000002
2010-03-05,55.724731,13.415477,0.007063327581625513,True,False,0.0,-1.6365948037847944e-11,131940.67919900367,131940.67919900364,1,1.0000000000000002
2010-03-08,55.434628,13.409859,0.007099909963547282,True,False,0.0,-1.6365948037847944e-11,131253.7959037273,131253.79590372727,1,1.0000000000000002
2010-03-09,55.446915,13.373351,0.007085200749139823,True,False,0.0,-1.6365948037847944e-11,131282.88810563166,131282.88810563163,1,1.0000000000000002
2010-03-10,55.304966,13.634528,0.0067790821989432235,True,False,0.0,-1.6365948037847944e-11,130946.79231592531,130946.7923159253,1,1.0000000000000002
2010-03-11,55.508694,13.547471,0.00650946838604896,True,False,0.0,-1.6365948037847944e-11,131429.1636115688,131429.16361156877,1,1.0000000000000002
2010-03-12,55.854382,13.522195,0.006523640715330248,True,False,0.0,-1.6365948037847944e-11,132247.65674186216,132247.65674186213,1,1.0000000000000002
2010-03-15,55.780285,13.376162,0.0064794977204249895,True,False,0.0,-1.6365948037847944e-11,132072.2156346344,132072.21563463437,1,1.0000000000000002
2010-03-16,56.224781,13.746861,0.006697412221645691,True,False,0.0,-1.6365948037847944e-11,133124.65865389706,133124.65865389703,1,1.0000000000000002
2010-03-17,56.465515,13.968722,0.00610959206299512,True,False,0.0,-1.6365948037847944e-11,133694.6498749636,133694.64987496356,1,1.0000000000000002
2010-03-18,56.280308,13.839535,0.006076933133750765,True,False,0.0,-1.6365948037847944e-11,133256.1311610301,133256.13116103006,1,1.0000000000000002
2010-03-19,56.335903,13.648571,0.0060036758955529235,True,False,0.0,-1.6365948037847944e-11,133387.76467326848,133387.76467326845,1,1.0000000000000002
2010-03-22,56.397629,13.918169,0.005872904378007546,True,False,0.0,-1.6365948037847944e-11,133533.9146899323,133533.91468993228,1,1.0000000000000002
2010-03-23,56.132229,14.199005,0.004999469757855124,True,False,0.0,-1.6365948037847944e-11,132905.52123462042,132905.5212346204,1,1.0000000000000002
2010-03-24,55.107456,13.864808,0.006504753261810185,True,False,0.0,-1.6365948037847944e-11,130479.14351653325,130479.14351653324,1,1.0000000000000002
2010-03-25,54.755592,13.856385,0.0064528282788894244,True,False,0.0,-1.6365948037847944e-11,129646.02733431825,129646.02733431823,1,1.0000000000000002
2010-03-26,54.909904,13.803028,0.0063521362088991,True,False,0.0,-1.6365948037847944e-11,130011.39527281141,130011.3952728114,1,1.0000000000000002
2010-03-29,54.700001,13.892897,0.006371827452368502,True,False,0.0,-1.6365948037847944e-11,129514.40329296842,129514.4032929684,1,1.0000000000000002
2010-03-30,54.872875,13.977144,0.006457132603781656,True,False,0.0,-1.6365948037847944e-11,129923.72088977923,129923.72088977922,1,1.0000000000000002
2010-03-31,55.249413,13.878856,0.006698125416426413,True,False,0.0,-1.6365948037847944e-11,130815.2582480167,130815.25824801669,1,1.0000000000000002
2010-04-01,55.114349,13.87324,0.006549594574533376,True,False,0.0,-1.6365948037847944e-11,130495.46422522754,130495.46422522752,1,1.0000000000000002
2010-04-05,54.197338,14.272023,0.006931501159277498,True,False,0.0,-1.6365948037847944e-11,128324.23698012954,128324.23698012953,1,1.0000000000000002
2010-04-06,54.284054,14.182158,0.006900821289057091,True,False,0.0,-1.6365948037847944e-11,128529.55637301132,128529.5563730113,1,1.0000000000000002
2010-04-07,54.978035,14.235515,0.007555121704534526,True,False,0.0,-1.6365948037847944e-11,130172.7105497664,130172.71054976639,1,1.0000000000000002
2010-04-08,55.0028,14.04174,0.007540258925574838,True,False,0.0,-1.6365948037847944e-11,130231.34718850341,130231.3471885034,1,1.0000000000000002
2010-04-09,55.132915,14.196197,0.007509682131691816,True,False,0.0,-1.6365948037847944e-11,130539.42335443372,130539.4233544337,1,1.0000000000000002
2010-04-12,55.424164,14.316957,0.007469395161823757,True,False,0.0,-1.6365948037847944e-11,131229.02005927975,131229.02005927972,1,1.0000000000000002
2010-04-13,55.603844,14.451764,0.007508755406117896,True,False,0.0,-1.6365948037847944e-11,131654.45237295888,131654.45237295885,1,1.0000000000000002
2010-04-14,55.213474,15.03871,0.007405244194333676,True,False,0.0,-1.6365948037847944e-11,130730.16468211447,130730.16468211445,1,1.0000000000000002
2010-04-15,55.275444,15.103295,0.007322295138691442,True,False,0.0,-1.6365948037847944e-11,130876.89242297987,130876.89242297986,1,1.0000000000000002
2010-04-16,55.678204,14.884242,0.007530711678895691,True,False,0.0,-1.6365948037847944e-11,131830.5161911088,131830.51619110876,1,1.0000000000000002
2010-04-19,55.541847,14.75225,0.007533320788673677,True,False,0.0,-1.6365948037847944e-11,131507.66070359576,131507.66070359573,1,1.0000000000000002
2010-04-20,55.74015,14.94602,0.00758450690869912,True,False,0.0,-1.6365948037847944e-11,131977.1871066429,131977.18710664287,1,1.0000000000000002
2010-04-21,56.198677,14.75225,0.007761723929551691,True,False,0.0,-1.6365948037847944e-11,133062.85163521787,133062.85163521784,1,1.0000000000000002
2010-04-22,56.031361,14.957263,0.00649005790516048,True,False,0.0,-1.6365948037847944e-11,132666.69383804768,132666.69383804765,1,1.0000000000000002
2010-04-23,55.833069,14.965684,0.006352244936320323,True,False,0.0,-1.6365948037847944e-11,132197.19347994405,132197.19347994402,1,1.0000000000000002
2010-04-26,55.895069,15.03309,0.0063376785156640655,True,False,0.0,-1.6365948037847944e-11,132343.99225247357,132343.99225247354,1,1.0000000000000002
2010-04-27,56.681965,14.547242,0.006868679172801063,True,False,0.0,-1.6365948037847944e-11,134207.14333164127,134207.14333164124,1,1.0000000000000002
2010-04-28,56.198677,14.617449,0.007235164737247826,True,False,0.0,-1.6365948037847944e-11,133062.85163521787,133062.85163521784,1,1.0000000000000002
2010-04-29,56.434124,14.617449,0.0071499340524725594,True,False,0.0,-1.6365948037847944e-11,133620.32470934303,133620.324709343,1,1.0000000000000002
2010-04-30,57.084721,14.159685,0.00746049499041713,True,False,0.0,-1.6365948037847944e-11,135160.75762888166,135160.75762888163,1,1.0000000000000002
2010-05-03,57.010056,14.454566,0.006119073722914425,True,False,0.0,-1.6365948037847944e-11,134983.97165547975,134983.97165547972,1,1.0000000000000002
2010-05-04,58.036045,13.901321,0.007002505104812571,True,False,0.0,-1.6365948037847944e-11,137413.2285236862,137413.22852368618,1,1.0000000000000002
2010-05-05,58.377968,13.760905,0.006681121942274497,True,False,0.0,-1.6365948037847944e-11,138222.8071801316,138222.80718013158,1,1.0000000000000002
2010-05-06,60.181065,13.261017,0.009027740010289022,True,False,0.0,-1.6365948037847944e-11,142492.03986322315,142492.03986322312,1,1.0000000000000002
2010-05-07,59.428776,13.092516,0.00979911692683012,True,False,0.0,-1.6365948037847944e-11,140710.82854407045,140710.82854407042,1,1.0000000000000002
2010-05-10,58.197666,13.774945,0.011232343905637713,True,False,0.0,-1.6365948037847944e-11,137795.9021432829,137795.90214328287,1,1.0000000000000002
2010-05-11,58.048431,13.696313,0.01128557358796191,True,False,0.0,-1.6365948037847944e-11,137442.55513008218,137442.55513008215,1,1.0000000000000002
2010-05-12,57.60696,14.07263,0.011311572500098793,True,False,0.0,-1.6365948037847944e-11,136397.27447028566,136397.27447028563,1,1.0000000000000002
2010-05-13,57.986237,13.738436,0.01135160427795797,True,False,0.0,-1.6365948037847944e-11,137295.29701945797,137295.29701945794,1,1.0000000000000002
2010-05-14,58.9935,13.322803,0.0117865668852924,True,False,0.0,-1.6365948037847944e-11,139680.21592291622,139680.2159229162,1,1.0000000000000002
2010-05-17,58.775898,13.494114,0.011819470402136005,True,False,0.0,-1.6365948037847944e-11,139164.99485033602,139164.994850336,1,1.0000000000000002
2010-05-18,59.677456,13.123412,0.01214071360177295,True,False,0.0,-1.6365948037847944e-11,141299.63368524212,141299.6336852421,1,1.0000000000000002
2010-05-19,59.876457,13.202044,0.012088531430545496,True,False,0.0,-1.6365948037847944e-11,141770.81275834132,141770.8127583413,1,1.0000000000000002
2010-05-20,61.138634,12.808875,0.012614181352979495,False,False,0.0,-1.6365948037847944e-11,144759.29718277688,144759.29718277685,1,1.0000000000000002
2010-05-21,61.200806,13.00265,0.012504453624744534,True,False,0.0,-1.6365948037847944e-11,144906.50320351406,144906.50320351403,1,1.0000000000000002
2010-05-24,60.989414,12.808875,0.012612672651504456,False,False,0.0,-1.6365948037847944e-11,144405.9856854082,144405.98568540817,1,1.0000000000000002
2010-05-25,61.287872,12.848191,0.012409934696723319,False,False,0.0,-1.6365948037847944e-11,145112.651299144,145112.65129914397,1,1.0000000000000002
2010-05-26,61.113758,12.870656,0.012171121750531705,False,False,0.0,-1.6365948037847944e-11,144700.39772688257,144700.39772688254,1,1.0000000000000002
2010-05-27,59.727215,13.449181,0.013600392210892126,True,False,0.0,-1.6365948037847944e-11,141417.44917108564,141417.4491710856,1,1.0000000000000002
2010-05-28,60.000771,13.232935,0.013456855113794687,True,False,0.0,-1.6365948037847944e-11,142065.15376815156,142065.15376815153,1,1.0000000000000002
2010-06-01,60.422546,12.952103,0.013461704004600252,False,False,0.0,-1.6365948037847944e-11,143063.79977272643,143063.7997727264,1,1.0000000000000002
2010-06-02,59.848598,13.370543,0.013254142177084564,True,False,0.0,-1.6365948037847944e-11,141704.85038731067,141704.85038731064,1,1.0000000000000002
2010-06-03,59.411888,13.530619,0.013355033897083667,True,False,0.0,-1.6365948037847944e-11,140670.84245261113,140670.8424526111,1,1.0000000000000002
2010-06-04,61.008991,12.926823,0.012923267137164511,False,False,0.0,-1.6365948037847944e-11,144452.33858169548,144452.33858169545,1,1.0000000000000002
2010-06-07,61.476891,12.452217,0.012618434078190638,False,False,0.0,-1.6365948037847944e-11,145560.1957698659,145560.19576986588,1,1.0000000000000002
2010-06-08,61.171185,12.449406,0.011573942080591707,False,False,0.0,-1.6365948037847944e-11,144836.368906077,144836.36890607697,1,1.0000000000000002
2010-06-09,61.102596,12.306178,0.011545161499420907,False,False,0.0,-1.6365948037847944e-11,144673.969212383,144673.96921238297,1,1.0000000000000002
2010-06-10,60.010765,12.741469,0.012241518648447148,False,False,0.0,-1.6365948037847944e-11,142088.81678319446,142088.81678319443,1,1.0000000000000002
2010-06-11,60.771919,12.924014,0.012431943355842703,False,False,0.0,-1.6365948037847944e-11,143891.01795909676,143891.01795909673,1,1.0000000000000002
2010-06-14,60.459984,12.954912,0.012022673568305957,False,False,0.0,-1.6365948037847944e-11,143152.4425541129,143152.44255411287,1,1.0000000000000002
2010-06-15,60.210442,13.600827,0.012032567460349763,True,False,0.0,-1.6365948037847944e-11,142561.59643645864,142561.5964364586,1,1.0000000000000002
2010-06-16,60.553547,13.651381,0.011630020599502008,True,False,0.0,-1.6365948037847944e-11,143373.97374047065,143373.97374047062,1,1.0000000000000002
2010-06-17,61.046432,13.668234,0.011734838254000452,True,False,0.0,-1.6365948037847944e-11,144540.98846624835,144540.98846624832,1,1.0000000000000002
2010-06-18,60.946579,13.637339,0.010765849625649176,True,False,0.0,-1.6365948037847944e-11,144304.56430764525,144304.56430764523,1,1.0000000000000002
2010-06-21,60.771919,13.534377,0.010778614946225052,True,False,0.0,-1.6365948037847944e-11,143891.01795909676,143891.01795909673,1,1.0000000000000002
2010-06-22,61.495659,13.269219,0.011084918352525197,True,False,0.0,-1.6365948037847944e-11,145604.63317894388,145604.63317894386,1,1.0000000000000002
2010-06-23,61.913612,13.322817,0.011133021884756298,True,False,0.0,-1.6365948037847944e-11,146594.22974950896,146594.22974950893,1,1.0000000000000002
2010-06-24,61.545521,12.970209,0.01120404966313669,False,False,0.0,-1.6365948037847944e-11,145722.69254016754,145722.6925401675,1,1.0000000000000002
2010-06-25,61.795044,13.006886,0.009785448641070503,False,False,0.0,-1.6365948037847944e-11,146313.49367110117,146313.49367110114,1,1.0000000000000002
2010-06-28,62.375271,13.097149,0.009916520131908791,False,False,0.0,-1.6365948037847944e-11,147687.3099838188,147687.30998381876,1,1.0000000000000002
2010-06-29,63.055336,12.541443,0.010055878276646155,False,False,0.0,-1.6365948037847944e-11,149297.5149393074,149297.51493930738,1,1.0000000000000002
2010-06-30,63.479473,12.329878,0.009713371555970513,False,False,0.0,-1.6365948037847944e-11,150301.75350357124,150301.7535035712,1,1.0000000000000002
2010-07-01,63.579666,12.307315,0.009417530847329507,False,False,0.0,-1.6365948037847944e-11,150538.9826877011,150538.98268770106,1,1.0000000000000002
2010-07-02,63.072777,12.242435,0.00801315382516902,False,False,0.0,-1.6365948037847944e-11,149338.81038110884,149338.8103811088,1,1.0000000000000002
2010-07-06,63.592136,12.208584,0.008036102446796803,False,False,0.0,-1.6365948037847944e-11,150568.50818275663,150568.5081827566,1,1.0000000000000002
2010-07-07,62.8475,12.860196,0.00846528320835584,False,False,0.0,-1.6365948037847944e-11,148805.41704112277,148805.41704112274,1,1.0000000000000002
2010-07-08,62.447041,12.843271,0.008626830623617517,False,False,0.0,-1.6365948037847944e-11,147857.2414016324,147857.24140163237,1,1.0000000000000002
2010-07-09,62.090294,13.026627,0.00756519522666982,False,False,0.0,-1.6365948037847944e-11,147012.56363221962,147012.5636322196,1,1.0000000000000002
2010-07-12,62.065292,13.105609,0.007125069379985017,False,False,0.0,-1.6365948037847944e-11,146953.36584333604,146953.365843336,1,1.0000000000000002
2010-07-13,61.533306,13.398975,0.007322922293709741,True,False,0.0,-1.6365948037847944e-11,145693.7708142571,145693.77081425706,1,1.0000000000000002
2010-07-14,62.152882,13.37641,0.007494629477020798,True,False,0.0,-1.6365948037847944e-11,147160.75462536604,147160.754625366,1,1.0000000000000002
2010-07-15,62.772427,13.356666,0.007674168253652863,True,False,0.0,-1.6365948037847944e-11,148627.66503708877,148627.66503708874,1,1.0000000000000002
2010-07-16,63.079067,12.961744,0.007567613380645269,False,False,0.0,-1.6365948037847944e-11,149353.70335335415,149353.70335335413,1,1.0000000000000002
2010-07-19,62.691063,13.311526,0.007736845433404793,True,False,0.0,-1.6365948037847944e-11,148435.01769308725,148435.01769308723,1,1.0000000000000002
2010-07-20,62.784908,13.2946,0.007671012915712945,True,False,0.0,-1.6365948037847944e-11,148657.21657708782,148657.2165770878,1,1.0000000000000002
2010-07-21,63.848694,13.026627,0.008087586476888104,False,False,0.0,-1.6365948037847944e-11,151175.96623892811,151175.9662389281,1,1.0000000000000002
2010-07-22,63.110382,13.463854,0.008535806832314646,True,False,0.0,-1.6365948037847944e-11,149427.84857209228,149427.84857209225,1,1.0000000000000002
2010-07-23,62.440716,13.568226,0.008797379522285799,True,False,0.0,-1.6365948037847944e-11,147842.26555911227,147842.26555911225,1,1.0000000000000002
2010-07-26,62.334354,13.78543,0.00877697509725549,True,False,0.0,-1.6365948037847944e-11,147590.4298971157,147590.42989711568,1,1.0000000000000002
2010-07-27,61.733635,13.666959,0.008791542366726867,True,False,0.0,-1.6365948037847944e-11,146168.09422235496,146168.09422235494,1,1.0000000000000002
2010-07-28,61.933887,13.441286,0.008431388080470312,True,False,0.0,-1.6365948037847944e-11,146642.23531584823,146642.2353158482,1,1.0000000000000002
2010-07-29,61.915035,13.111249,0.008242367108830723,False,False,0.0,-1.6365948037847944e-11,146597.59901811072,146597.5990181107,1,1.0000000000000002
2010-07-30,62.878807,12.970209,0.009037588494597591,False,False,0.0,-1.6365948037847944e-11,148879.54331808377,148879.54331808374,1,1.0000000000000002
2010-08-02,61.99609,13.170485,0.009400476832384113,False,False,0.0,-1.6365948037847944e-11,146789.5147359717,146789.51473597166,1,1.0000000000000002
2010-08-03,62.353958,13.052014,0.009291712514260893,False,False,0.0,-1.6365948037847944e-11,147636.84672190069,147636.84672190066,1,1.0000000000000002
2010-08-04,61.876789,13.17331,0.009084037686083757,False,False,0.0,-1.6365948037847944e-11,146507.0431172371,146507.04311723707,1,1.0000000000000002
2010-08-05,62.165573,13.139458,0.009060581539381605,False,False,0.0,-1.6365948037847944e-11,147190.803387014,147190.80338701396,1,1.0000000000000002
2010-08-06,62.843616,13.142282,0.009286075690440617,False,False,0.0,-1.6365948037847944e-11,148796.22080834044,148796.2208083404,1,1.0000000000000002
2010-08-09,62.611366,13.226909,0.009334075459065214,True,False,0.0,-1.6365948037847944e-11,148246.3173418891,148246.31734188908,1,1.0000000000000002
2010-08-10,62.743179,12.90815,0.009091852574548708,False,False,0.0,-1.6365948037847944e-11,148558.413900009,148558.41390000898,1,1.0000000000000002
2010-08-11,63.584423,12.400399,0.009292378882016688,False,False,0.0,-1.6365948037847944e-11,150550.24594190952,150550.2459419095,1,1.0000000000000002
2010-08-12,63.427509,12.208584,0.00908694669584905,False,False,0.0,-1.6365948037847944e-11,150178.7171904144,150178.71719041438,1,1.0000000000000002
2010-08-13,64.218513,12.126777,0.00942590135828177,False,False,0.0,-1.6365948037847944e-11,152051.59487212324,152051.5948721232,1,1.0000000000000002
2010-08-16,65.825714,12.16063,0.01065748727130266,False,False,0.0,-1.6365948037847944e-11,155857.0002593528,155857.00025935276,1,1.0000000000000002
2010-08-17,65.449036,12.329878,0.010812849960555102,False,False,0.0,-1.6365948037847944e-11,154965.13142001606,154965.13142001603,1,1.0000000000000002
2010-08-18,65.624794,12.476559,0.01024708039914751,False,False,0.0,-1.6365948037847944e-11,155381.2775274716,155381.27752747157,1,1.0000000000000002
2010-08-19,66.64814,12.296028,0.010229228107954536,False,False,0.0,-1.6365948037847944e-11,157804.27650606845,157804.27650606842,1,1.0000000000000002
2010-08-20,66.572792,12.298853,0.009784581888094253,False,False,0.0,-1.6365948037847944e-11,157625.87337844662,157625.8733784466,1,1.0000000000000002
2010-08-23,66.585335,12.166272,0.009743664266855329,False,False,0.0,-1.6365948037847944e-11,157655.57171721818,157655.57171721815,1,1.0000000000000002
2010-08-24,67.652641,11.980096,0.009628396531443014,False,False,0.0,-1.6365948037847944e-11,160182.6557609827,160182.65576098269,1,1.0000000000000002
2010-08-25,67.432892,12.078822,0.009784099382726391,False,False,0.0,-1.6365948037847944e-11,159662.35118897317,159662.35118897315,1,1.0000000000000002
2010-08-26,68.066971,11.89547,0.009785789166626646,False,False,0.0,-1.6365948037847944e-11,161163.67407424335,161163.67407424332,1,1.0000000000000002
2010-08-27,66.13961,12.157809,0.011979903383184042,False,False,0.0,-1.6365948037847944e-11,156600.21876744844,156600.21876744842,1,1.0000000000000002
2010-08-30,67.407829,11.833411,0.011843989114176725,False,False,0.0,-1.6365948037847944e-11,159603.0089690392,159603.00896903916,1,1.0000000000000002
2010-08-31,68.154922,11.613387,0.01193892356620602,False,False,0.0,-1.6365948037847944e-11,161371.91760396506,161371.91760396503,1,1.0000000000000002
2010-09-01,66.745674,11.946244,0.012966681100991098,False,False,0.0,-1.6365948037847944e-11,158035.2099170345,158035.20991703446,1,1.0000000000000002
2010-09-02,66.040459,12.188835,0.013356958487367442,False,False,0.0,-1.6365948037847944e-11,156365.45674978592,156365.4567497859,1,1.0000000000000002
2010-09-03,65.22187,12.422968,0.013652582410455407,False,False,0.0,-1.6365948037847944e-11,154427.2654529121,154427.26545291208,1,1.0000000000000002
2010-09-07,66.55677,12.132421,0.0141802689875055,False,False,0.0,-1.6365948037847944e-11,157587.9377343584,157587.93773435836,1,1.0000000000000002
2010-09-08,66.027824,12.078822,0.014393511739026784,False,False,0.0,-1.6365948037847944e-11,156335.54058057765,156335.54058057762,1,1.0000000000000002
2010-09-09,64.724419,12.10139,0.01499264885620955,False,False,0.0,-1.6365948037847944e-11,153249.43970785427,153249.43970785424,1,1.0000000000000002
2010-09-10,64.42852,11.951887,0.015024945604500692,False,False,0.0,-1.6365948037847944e-11,152548.83309506855,152548.83309506852,1,1.0000000000000002
2010-09-13,64.743324,12.3327,0.014811674246751092,False,False,0.0,-1.6365948037847944e-11,153294.2014948651,153294.20149486506,1,1.0000000000000002
2010-09-14,65.366684,12.561189,0.013860164470731295,False,False,0.0,-1.6365948037847944e-11,154770.14476654265,154770.14476654262,1,1.0000000000000002
2010-09-15,64.397011,12.541443,0.01419735362022804,False,False,0.0,-1.6365948037847944e-11,152474.22853823577,152474.22853823574,1,1.0000000000000002
2010-09-16,63.761036,12.642992,0.014313536417271655,False,False,0.0,-1.6365948037847944e-11,150968.41645179273,150968.4164517927,1,1.0000000000000002
2010-09-17,64.019188,12.651455,0.013822348024858978,False,False,0.0,-1.6365948037847944e-11,151579.64865705147,151579.64865705144,1,1.0000000000000002
2010-09-20,64.390671,12.758642,0.013931658427639772,False,False,0.0,-1.6365948037847944e-11,152459.21717988353,152459.2171798835,1,1.0000000000000002
2010-09-21,65.284805,12.786854,0.014352619604661832,False,False,0.0,-1.6365948037847944e-11,154576.2780456403,154576.27804564027,1,1.0000000000000002
2010-09-22,65.870407,12.586576,0.014001208192390703,False,False,0.0,-1.6365948037847944e-11,155962.82086484734,155962.8208648473,1,1.0000000000000002
2010-09-23,66.059319,12.662739,0.014023888528780974,False,False,0.0,-1.6365948037847944e-11,156410.11198930055,156410.11198930052,1,1.0000000000000002
2010-09-24,65.171494,13.226909,0.014065460763003763,False,False,0.0,-1.6365948037847944e-11,154307.98908250974,154307.9890825097,1,1.0000000000000002
2010-09-27,66.304939,13.159204,0.013229327092718698,False,False,0.0,-1.6365948037847944e-11,156991.67190073125,156991.67190073122,1,1.0000000000000002
2010-09-28,66.758247,13.390512,0.01257940171124168,True,False,0.0,-1.6365948037847944e-11,158064.9792874702,158064.97928747017,1,1.0000000000000002
2010-09-29,66.481232,13.424365,0.012303540215354371,True,False,0.0,-1.6365948037847944e-11,157409.08473953043,157409.0847395304,1,1.0000000000000002
2010-09-30,66.437141,13.34538,0.011401493812554519,True,False,0.0,-1.6365948037847944e-11,157304.68950276266,157304.68950276263,1,1.0000000000000002
2010-10-01,66.11602,13.331277,0.011195736329874702,True,False,0.0,-1.6365948037847944e-11,156544.36420222308,156544.36420222305,1,1.0000000000000002
2010-10-04,66.286736,13.147923,0.01080832578586242,False,False,0.0,-1.6365948037847944e-11,156948.572254661,156948.57225466098,1,1.0000000000000002
2010-10-05,65.888565,13.483598,0.009876649808405765,True,False,0.0,-1.6365948037847944e-11,156005.8139634214,156005.81396342136,1,1.0000000000000002
2010-10-06,66.716461,13.277685,0.010118715256055172,True,False,0.0,-1.6365948037847944e-11,157966.04165022957,157966.04165022954,1,1.0000000000000002
2010-10-07,66.160309,13.328453,0.009174482935581147,True,False,0.0,-1.6365948037847944e-11,156649.22824797404,156649.228247974,1,1.0000000000000002
2010-10-08,65.869537,13.455395,0.009168783693614508,True,False,0.0,-1.6365948037847944e-11,155960.76094658763,155960.7609465876,1,1.0000000000000002
2010-10-11,65.882225,13.559766,0.009127183942159186,True,False,0.0,-1.6365948037847944e-11,155990.80260506918,155990.80260506916,1,1.0000000000000002
2010-10-12,65.231209,13.655671,0.009189795109860562,True,False,0.0,-1.6365948037847944e-11,154449.37760995494,154449.3776099549,1,1.0000000000000002
2010-10-13,65.130112,13.630286,0.008514509898271981,True,False,0.0,-1.6365948037847944e-11,154210.0080050127,154210.00800501267,1,1.0000000000000002
2010-10-14,64.156761,13.596438,0.008915267307267398,True,False,0.0,-1.6365948037847944e-11,151905.38329468382,151905.3832946838,1,1.0000000000000002
2010-10-15,63.373081,13.652849,0.009295308460255386,True,False,0.0,-1.6365948037847944e-11,150049.84680991055,150049.84680991052,1,1.0000000000000002
2010-10-18,63.885029,13.559766,0.009389099633243135,True,False,0.0,-1.6365948037847944e-11,151261.99742279682,151261.9974227968,1,1.0000000000000002
2010-10-19,64.270554,13.370769,0.008920164685309385,True,False,0.0,-1.6365948037847944e-11,152174.81349988468,152174.81349988465,1,1.0000000000000002
2010-10-20,64.409607,13.461033,0.008656773588547675,True,False,0.0,-1.6365948037847944e-11,152504.0523662806,152504.05236628058,1,1.0000000000000002
2010-10-21,63.644871,13.38205,0.00892701783983513,True,False,0.0,-1.6365948037847944e-11,150693.37000968156,150693.37000968153,1,1.0000000000000002
2010-10-22,64.074677,13.641567,0.008679286274168713,True,False,0.0,-1.6365948037847944e-11,151711.03119074326,151711.03119074323,1,1.0000000000000002
2010-10-25,64.257957,13.799531,0.007634305281086446,True,False,0.0,-1.6365948037847944e-11,152144.98730411768,152144.98730411765,1,1.0000000000000002
2010-10-26,63.265633,13.740297,0.007973496002586898,True,False,0.0,-1.6365948037847944e-11,149795.43980167262,149795.4398016726,1,1.0000000000000002
2010-10-27,62.709461,14.174709,0.008086500132009984,True,False,0.0,-1.6365948037847944e-11,148478.57904497432,148478.5790449743,1,1.0000000000000002
2010-10-28,62.880089,14.180346,0.008171051416805275,True,False,0.0,-1.6365948037847944e-11,148882.57873786415,148882.57873786413,1,1.0000000000000002
2010-10-29,63.467922,14.267795,0.008582467822769037,True,False,0.0,-1.6365948037847944e-11,150274.40394516013,150274.4039451601,1,1.0000000000000002
2010-11-01,63.194561,14.222657,0.00852530476099122,True,False,0.0,-1.6365948037847944e-11,149627.16105391103,149627.161053911,1,1.0000000000000002
2010-11-02,64.02523,14.318568,0.009142527100954628,True,False,0.0,-1.6365948037847944e-11,151593.95443420668,151593.95443420665,1,1.0000000000000002
2010-11-03,62.719051,14.465254,0.009479435670679145,True,False,0.0,-1.6365948037847944e-11,148501.28550027366,148501.28550027363,1,1.0000000000000002
2010-11-04,63.207264,14.91659,0.009689970110113667,True,False,0.0,-1.6365948037847944e-11,149657.23822822463,149657.2382282246,1,1.0000000000000002
2010-11-05,62.123108,15.012489,0.010251423317030224,True,False,0.0,-1.6365948037847944e-11,147090.25806644195,147090.25806644192,1,1.0000000000000002
2010-11-08,62.402096,15.009675,0.01036434755202825,True,False,0.0,-1.6365948037847944e-11,147750.8241301592,147750.82413015916,1,1.0000000000000002
2010-11-09,61.026237,14.848886,0.011156017081504066,True,False,0.0,-1.6365948037847944e-11,144493.17231768006,144493.17231768003,1,1.0000000000000002
2010-11-10,61.108612,14.834781,0.011199141369636569,True,False,0.0,-1.6365948037847944e-11,144688.21342876265,144688.21342876262,1,1.0000000000000002
2010-11-11,61.076942,14.671169,0.010854611474813567,True,False,0.0,-1.6365948037847944e-11,144613.2276686657,144613.22766866567,1,1.0000000000000002
2010-11-12,60.747238,14.66553,0.010633475145977244,True,False,0.0,-1.6365948037847944e-11,143832.58020901933,143832.5802090193,1,1.0000000000000002
2010-11-15,59.479145,14.555521,0.011151733609328418,True,False,0.0,-1.6365948037847944e-11,140830.0883404179,140830.08834041786,1,1.0000000000000002
2010-11-16,60.95649,14.346779,0.01265699726077358,True,False,0.0,-1.6365948037847944e-11,144328.03080175075,144328.03080175072,1,1.0000000000000002
2010-11-17,60.620438,14.335496,0.012619986656305777,True,False,0.0,-1.6365948037847944e-11,143532.35304197506,143532.35304197503,1,1.0000000000000002
2010-11-18,60.867699,14.595013,0.012532484667007317,True,False,0.0,-1.6365948037847944e-11,144117.7983854335,144117.79838543347,1,1.0000000000000002
2010-11-22,61.501743,15.009675,0.012694459075233958,True,False,0.0,-1.6365948037847944e-11,145619.03840042886,145619.03840042884,1,1.0000000000000002
2010-11-23,61.806084,14.899663,0.012745180762300815,True,False,0.0,-1.6365948037847944e-11,146339.6333235,146339.63332349996,1,1.0000000000000002
2010-11-24,60.702869,15.274833,0.012893706729965702,True,False,0.0,-1.6365948037847944e-11,143727.52674549734,143727.5267454973,1,1.0000000000000002
2010-11-26,61.546097,15.178923,0.01325661075468808,True,False,0.0,-1.6365948037847944e-11,145724.0563481188,145724.05634811876,1,1.0000000000000002
2010-11-29,62.072372,15.15636,0.013403272773541553,True,False,0.0,-1.6365948037847944e-11,146970.12931607006,146970.12931607003,1,1.0000000000000002
2010-11-30,62.395733,14.964542,0.01327356553607926,True,False,0.0,-1.6365948037847944e-11,147735.75831419782,147735.7583141978,1,1.0000000000000002
2010-12-01,61.008686,15.415875,0.014117676032816006,True,False,0.0,-1.6365948037847944e-11,144451.6164264435,144451.61642644348,1,1.0000000000000002
2010-12-02,60.849674,15.720529,0.013680004370254881,True,False,0.0,-1.6365948037847944e-11,144075.12019390374,144075.1201939037,1,1.0000000000000002
2010-12-03,60.372478,15.79951,0.013077763089743105,True,False,0.0,-1.6365948037847944e-11,142945.25266074244,142945.2526607424,1,1.0000000000000002
2010-12-06,61.225037,15.79105,0.013392821911087968,True,False,0.0,-1.6365948037847944e-11,144963.87547862958,144963.87547862955,1,1.0000000000000002
2010-12-07,59.914433,15.774124,0.013692351917210131,True,False,0.0,-1.6365948037847944e-11,141860.7293742378,141860.72937423777,1,1.0000000000000002
2010-12-08,59.335438,15.909519,0.01371688367684323,True,False,0.0,-1.6365948037847944e-11,140489.83009519367,140489.83009519364,1,1.0000000000000002
2010-12-09,59.628101,15.957478,0.012982087759631443,True,False,0.0,-1.6365948037847944e-11,141182.77475914222,141182.7747591422,1,1.0000000000000002
2010-12-10,59.265427,15.960293,0.013013185427659564,True,False,0.0,-1.6365948037847944e-11,140324.06350062005,140324.06350062002,1,1.0000000000000002
2010-12-13,59.488129,15.853102,0.013065581750542057,True,False,0.0,-1.6365948037847944e-11,140851.35995610183,140851.3599561018,1,1.0000000000000002
2010-12-14,58.622837,15.748736,0.013377618598391984,True,False,0.0,-1.6365948037847944e-11,138802.58893223698,138802.58893223695,1,1.0000000000000002
2010-12-15,57.85936,15.57948,0.012880639972411689,True,False,0.0,-1.6365948037847944e-11,136994.88753780912,136994.8875378091,1,1.0000000000000002
2010-12-16,58.260159,15.664106,0.011548049581988651,True,False,0.0,-1.6365948037847944e-11,137943.86820282624,137943.8682028262,1,1.0000000000000002
2010-12-17,59.322651,15.765661,0.012373099873937997,True,False,0.0,-1.6365948037847944e-11,140459.55403222053,140459.5540322205,1,1.0000000000000002
2010-12-20,59.259087,15.633079,0.01231367880139744,True,False,0.0,-1.6365948037847944e-11,140309.05214226784,140309.0521422678,1,1.0000000000000002
2010-12-21,59.672611,15.731815,0.012165881545812683,True,False,0.0,-1.6365948037847944e-11,141288.1620714856,141288.16207148557,1,1.0000000000000002
2010-12-22,59.246387,15.748736,0.012129368584892082,True,False,0.0,-1.6365948037847944e-11,140278.98207112064,140278.9820711206,1,1.0000000000000002
2010-12-23,59.125443,15.703606,0.011539143169485093,True,False,0.0,-1.6365948037847944e-11,139992.620284914,139992.62028491398,1,1.0000000000000002
2010-12-27,59.653534,15.723343,0.011249620816923135,True,False,0.0,-1.6365948037847944e-11,141242.99303626711,141242.9930362671,1,1.0000000000000002
2010-12-28,58.485256,15.658466,0.011686318988764275,True,False,0.0,-1.6365948037847944e-11,138476.83535282753,138476.8353528275,1,1.0000000000000002
2010-12-29,59.474785,15.661293,0.01237901910791797,True,False,0.0,-1.6365948037847944e-11,140819.76507189806,140819.76507189803,1,1.0000000000000002
2010-12-30,59.430084,15.709242,0.011441656434529357,True,False,0.0,-1.6365948037847944e-11,140713.92552462642,140713.9255246264,1,1.0000000000000002
2010-12-31,60.087669,15.712061,0.011760818573203186,True,False,0.0,-1.6365948037847944e-11,142270.9040864624,142270.90408646237,1,1.0000000000000002
2011-01-03,59.634392,15.796691,0.011751252852877382,True,False,0.0,-1.6365948037847944e-11,141197.67009910967,141197.67009910964,1,1.0000000000000002
2011-01-04,59.704617,15.836175,0.011249417672982948,True,False,0.0,-1.6365948037847944e-11,141363.94338622075,141363.94338622072,1,1.0000000000000002
2011-01-05,58.389496,15.886958,0.011310655782199586,True,False,0.0,-1.6365948037847944e-11,138250.10228093353,138250.1022809335,1,1.0000000000000002
2011-01-06,58.644863,16.171862,0.011196371814072376,True,False,0.0,-1.6365948037847944e-11,138854.74038003915,138854.74038003912,1,1.0000000000000002
2011-01-07,58.957703,16.216995,0.01120707835459484,True,False,0.0,-1.6365948037847944e-11,139595.45857355752,139595.4585735575,1,1.0000000000000002
2011-01-10,59.276859,16.391886,0.011203123297008274,True,False,0.0,-1.6365948037847944e-11,140351.13130009678,140351.13130009675,1,1.0000000000000002
2011-01-11,58.944901,16.4342,0.01123423813415485,True,False,0.0,-1.6365948037847944e-11,139565.14699475231,139565.1469947523,1,1.0000000000000002
2011-01-12,58.485256,16.755775,0.01087845756918865,True,False,0.0,-1.6365948037847944e-11,138476.83535282753,138476.8353528275,1,1.0000000000000002
2011-01-13,59.008755,16.767063,0.010605275266779205,True,False,0.0,-1.6365948037847944e-11,139716.33552412488,139716.33552412485,1,1.0000000000000002
2011-01-14,58.632069,17.212742,0.01063174038425815,True,False,0.0,-1.6365948037847944e-11,138824.44774301106,138824.44774301103,1,1.0000000000000002
2011-01-18,58.357525,17.164797,0.009818407581469398,True,False,0.0,-1.6365948037847944e-11,138174.40383647318,138174.40383647315,1,1.0000000000000002
2011-01-19,58.778885,16.750128,0.009979910931398854,True,False,0.0,-1.6365948037847944e-11,139172.06723636098,139172.06723636095,1,1.0000000000000002
2011-01-20,57.968124,16.578058,0.010255294074833138,True,False,0.0,-1.6365948037847944e-11,137252.4104683801,137252.41046838008,1,1.0000000000000002
2011-01-24,58.453327,16.840397,0.010385349040955701,True,False,0.0,-1.6365948037847944e-11,138401.23635269696,138401.23635269693,1,1.0000000000000002
2011-01-25,59.008755,16.721924,0.010621236126435434,True,False,0.0,-1.6365948037847944e-11,139716.33552412488,139716.33552412485,1,1.0000000000000002
2011-01-26,58.114979,16.857327,0.0109143326348981,True,False,0.0,-1.6365948037847944e-11,137600.12230289337,137600.12230289335,1,1.0000000000000002
2011-01-27,58.37669,17.187361,0.010068942557860531,True,False,0.0,-1.6365948037847944e-11,138219.7812312398,138219.78123123976,1,1.0000000000000002
2011-01-28,58.683117,16.716282,0.009356672426502436,True,False,0.0,-1.6365948037847944e-11,138945.31522268988,138945.31522268985,1,1.0000000000000002
2011-01-31,58.236252,16.781164,0.00948587319200096,True,False,0.0,-1.6365948037847944e-11,137887.26306968328,137887.26306968325,1,1.0000000000000002
2011-02-01,57.94799,17.198643,0.009084520251501586,True,False,0.0,-1.6365948037847944e-11,137204.7387508622,137204.73875086216,1,1.0000000000000002
2011-02-02,57.960785,17.288914,0.00899114224777423,True,False,0.0,-1.6365948037847944e-11,137235.03375561244,137235.0337556124,1,1.0000000000000002
2011-02-03,57.480236,17.303017,0.009096953825204904,True,False,0.0,-1.6365948037847944e-11,136097.22725012386,136097.22725012383,1,1.0000000000000002
2011-02-04,56.897301,17.666904,0.008008899704809636,True,False,0.0,-1.6365948037847944e-11,134716.9991458577,134716.99914585767,1,1.0000000000000002
2011-02-07,57.191975,17.596378,0.008040654603062702,True,False,0.0,-1.6365948037847944e-11,135414.7052990249,135414.70529902488,1,1.0000000000000002
2011-02-08,56.66666,17.596378,0.008072550210002501,True,False,0.0,-1.6365948037847944e-11,134170.90534432573,134170.9053443257,1,1.0000000000000002
2011-02-09,57.15995,17.472263,0.00826073491105029,True,False,0.0,-1.6365948037847944e-11,135338.87899756915,135338.87899756912,1,1.0000000000000002
2011-02-10,56.50008,17.494827,0.008510803669323778,True,False,0.0,-1.6365948037847944e-11,133776.4901906488,133776.49019064876,1,1.0000000000000002
2011-02-11,57.313713,17.635876,0.009143985345363249,True,False,0.0,-1.6365948037847944e-11,135702.94705660877,135702.94705660874,1,1.0000000000000002
2011-02-14,57.352127,17.779734,0.008854395221053751,True,False,0.0,-1.6365948037847944e-11,135793.90073480151,135793.9007348015,1,1.0000000000000002
2011-02-15,57.608425,17.599203,0.008865988152356362,True,False,0.0,-1.6365948037847944e-11,136400.74318321722,136400.7431832172,1,1.0000000000000002
2011-02-16,57.422619,17.782553,0.008838868768497718,True,False,0.0,-1.6365948037847944e-11,135960.8062037233,135960.80620372327,1,1.0000000000000002
2011-02-17,57.512321,18.050541,0.008658366690405464,True,False,0.0,-1.6365948037847944e-11,136173.1956149079,136173.19561490786,1,1.0000000000000002
2011-02-18,57.33292,18.00823,0.008139829528434924,True,False,0.0,-1.6365948037847944e-11,135748.42389570514,135748.4238957051,1,1.0000000000000002
2011-02-22,58.191418,17.303017,0.008630941074185853,True,False,0.0,-1.6365948037847944e-11,137781.10861536732,137781.1086153673,1,1.0000000000000002
2011-02-23,58.402843,16.970152,0.008381576117569551,True,False,0.0,-1.6365948037847944e-11,138281.70426830373,138281.7042683037,1,1.0000000000000002
2011-02-24,58.774399,17.235312,0.007749380178742437,True,False,0.0,-1.6365948037847944e-11,139161.4456348518,139161.44563485179,1,1.0000000000000002
2011-02-25,59.120358,17.681013,0.0077920802788751286,True,False,0.0,-1.6365948037847944e-11,139980.58041784447,139980.58041784444,1,1.0000000000000002
2011-02-28,59.197296,17.511755,0.007719089724279036,True,False,0.0,-1.6365948037847944e-11,140162.74822366505,140162.74822366502,1,1.0000000000000002
2011-03-01,59.368885,17.170437,0.007494919779657995,True,False,0.0,-1.6365948037847944e-11,140569.0232975291,140569.02329752906,1,1.0000000000000002
2011-03-02,58.456169,17.387642,0.008263597261360365,True,False,0.0,-1.6365948037847944e-11,138407.96541901195,138407.96541901192,1,1.0000000000000002
2011-03-03,57.884167,17.723314,0.008577276503289884,True,False,0.0,-1.6365948037847944e-11,137053.62362087588,137053.62362087585,1,1.0000000000000002
2011-03-04,58.36623,17.576641,0.008539943200001643,True,False,0.0,-1.6365948037847944e-11,138195.01485768077,138195.01485768074,1,1.0000000000000002
2011-03-07,57.993401,17.094275,0.008323520725726228,True,False,0.0,-1.6365948037847944e-11,137312.25938085152,137312.2593808515,1,1.0000000000000002
2011-03-08,57.639919,17.111198,0.008404871437919126,True,False,0.0,-1.6365948037847944e-11,136475.31222421792,136475.3122242179,1,1.0000000000000002
2011-03-09,58.199078,16.580883,0.00832780082176016,True,False,0.0,-1.6365948037847944e-11,137799.24536694115,137799.24536694112,1,1.0000000000000002
2011-03-10,59.176014,16.160578,0.008871030682062055,True,False,0.0,-1.6365948037847944e-11,140112.35836113323,140112.3583611332,1,1.0000000000000002
2011-03-11,58.841808,16.343931,0.008491714541372897,True,False,0.0,-1.6365948037847944e-11,139321.0514164235,139321.05141642346,1,1.0000000000000002
2011-03-14,58.816116,16.307259,0.007996116170991645,True,False,0.0,-1.6365948037847944e-11,139260.21989926495,139260.21989926492,1,1.0000000000000002
2011-03-15,59.696693,16.092867,0.008548386102665772,True,False,0.0,-1.6365948037847944e-11,141345.18155600264,141345.18155600262,1,1.0000000000000002
2011-03-16,60.371552,15.754377,0.008782262980055189,True,False,0.0,-1.6365948037847944e-11,142943.06015004305,142943.06015004302,1,1.0000000000000002
2011-03-17,59.908745,15.943367,0.008985779653834666,True,False,0.0,-1.6365948037847944e-11,141847.26177071928,141847.26177071925,1,1.0000000000000002
2011-03-18,60.06945,16.011068,0.008985601223149908,True,False,0.0,-1.6365948037847944e-11,142227.76655683795,142227.76655683792,1,1.0000000000000002
2011-03-21,59.715961,16.298794,0.00909265575168655,True,False,0.0,-1.6365948037847944e-11,141390.8028261494,141390.80282614936,1,1.0000000000000002
2011-03-22,59.915199,16.143654,0.00858810116794523,True,False,0.0,-1.6365948037847944e-11,141862.54304939517,141862.54304939514,1,1.0000000000000002
2011-03-23,59.838104,16.298794,0.008593135202159386,True,False,0.0,-1.6365948037847944e-11,141680.00351119897,141680.00351119894,1,1.0000000000000002
2011-03-24,59.38818,16.696541,0.008717247406197242,True,False,0.0,-1.6365948037847944e-11,140614.70849617355,140614.70849617352,1,1.0000000000000002
2011-03-25,59.240288,16.662359,0.008647423885621192,True,False,0.0,-1.6365948037847944e-11,140264.5413338036,140264.54133380356,1,1.0000000000000002
2011-03-28,59.323864,16.665165,0.008648255903416164,True,False,0.0,-1.6365948037847944e-11,140462.4260791734,140462.42607917337,1,1.0000000000000002
2011-03-29,58.86755,16.831858,0.008792738923709149,True,False,0.0,-1.6365948037847944e-11,139382.0013196889,139382.00131968886,1,1.0000000000000002
2011-03-30,59.336765,16.851635,0.0082217476293592,True,False,0.0,-1.6365948037847944e-11,140492.97206247022,140492.9720624702,1,1.0000000000000002
2011-03-31,59.214619,16.69343,0.007871517631936123,True,False,0.0,-1.6365948037847944e-11,140203.76427425424,140203.7642742542,1,1.0000000000000002
2011-04-01,59.502472,16.509794,0.0077433228729873495,True,False,0.0,-1.6365948037847944e-11,140885.32019472105,140885.32019472102,1,1.0000000000000002
2011-04-04,59.567055,16.362888,0.007546623565184932,True,False,0.0,-1.6365948037847944e-11,141038.23479353194,141038.2347935319,1,1.0000000000000002
2011-04-05,59.328243,16.730154,0.007451612949157342,True,False,0.0,-1.6365948037847944e-11,140472.79433441383,140472.7943344138,1,1.0000000000000002
2011-04-06,58.437515,16.987238,0.008050754259954091,True,False,0.0,-1.6365948037847944e-11,138363.79793025766,138363.79793025763,1,1.0000000000000002
2011-04-07,58.321346,16.930735,0.007065766696736489,True,False,0.0,-1.6365948037847944e-11,138088.74201725793,138088.7420172579,1,1.0000000000000002
2011-04-08,58.011517,16.78948,0.007053764981576558,True,False,0.0,-1.6365948037847944e-11,137355.1530350958,137355.15303509578,1,1.0000000000000002
2011-04-11,58.063171,16.648232,0.007062708688878999,True,False,0.0,-1.6365948037847944e-11,137477.45535439,137477.45535438997,1,1.0000000000000002
2011-04-12,58.689255,16.295094,0.006632288960355447,True,False,0.0,-1.6365948037847944e-11,138959.8483011703,138959.84830117028,1,1.0000000000000002
2011-04-13,59.057095,16.334642,0.006235221964159038,True,False,0.0,-1.6365948037847944e-11,139830.79121225516,139830.79121225514,1,1.0000000000000002
2011-04-14,59.011921,16.360069,0.006038912991305139,True,False,0.0,-1.6365948037847944e-11,139723.83173241245,139723.83173241242,1,1.0000000000000002
2011-04-15,59.812294,16.444822,0.006796543457685508,True,False,0.0,-1.6365948037847944e-11,141618.89260282821,141618.8926028282,1,1.0000000000000002
2011-04-18,59.947876,16.151014,0.006681193523104048,True,False,0.0,-1.6365948037847944e-11,141939.91310568465,141939.91310568462,1,1.0000000000000002
2011-04-19,60.206009,16.218811,0.0067084965742456,True,False,0.0,-1.6365948037847944e-11,142551.1003242228,142551.10032422276,1,1.0000000000000002
2011-04-20,59.818741,16.9053,0.006868030500329557,True,False,0.0,-1.6365948037847944e-11,141634.15730744915,141634.15730744912,1,1.0000000000000002
2011-04-21,59.767128,16.922255,0.0066411427851940505,True,False,0.0,-1.6365948037847944e-11,141511.9520647626,141511.95206476256,1,1.0000000000000002
2011-04-25,59.992962,16.933554,0.006649299566416651,True,False,0.0,-1.6365948037847944e-11,142046.66422597924,142046.6642259792,1,1.0000000000000002
2011-04-26,60.57391,17.210419,0.0069477884367417165,True,False,0.0,-1.6365948037847944e-11,143422.18766635805,143422.18766635802,1,1.0000000000000002
2011-04-27,59.954277,17.199112,0.007138743649876362,True,False,0.0,-1.6365948037847944e-11,141955.06889508723,141955.0688950872,1,1.0000000000000002
2011-04-28,60.412529,17.11154,0.007122273149753094,True,False,0.0,-1.6365948037847944e-11,143040.08230007437,143040.08230007434,1,1.0000000000000002
2011-04-29,60.599709,17.170868,0.007102792539629522,True,False,0.0,-1.6365948037847944e-11,143483.2725297853,143483.27252978526,1,1.0000000000000002
2011-05-02,60.696911,17.015488,0.007050850566048342,True,False,0.0,-1.6365948037847944e-11,143713.41985700166,143713.41985700163,1,1.0000000000000002
2011-05-03,61.040466,16.806435,0.007127243934153325,True,False,0.0,-1.6365948037847944e-11,144526.8626359756,144526.86263597556,1,1.0000000000000002
2011-05-04,61.312737,16.800776,0.007050751313250336,True,False,0.0,-1.6365948037847944e-11,145171.52471009473,145171.5247100947,1,1.0000000000000002
2011-05-05,61.896118,16.845984,0.006044602815539943,True,False,0.0,-1.6365948037847944e-11,146552.80881843425,146552.80881843422,1,1.0000000000000002
2011-05-06,61.623878,16.978762,0.006169919187419338,True,False,0.0,-1.6365948037847944e-11,145908.22014370136,145908.22014370133,1,1.0000000000000002
2011-05-09,61.559071,16.908138,0.00594521962985581,True,False,0.0,-1.6365948037847944e-11,145754.77517513168,145754.77517513165,1,1.0000000000000002
2011-05-10,61.118252,16.990063,0.006354034340868626,True,False,0.0,-1.6365948037847944e-11,144711.03827016885,144711.03827016882,1,1.0000000000000002
2011-05-11,61.468285,16.865757,0.006109279671081804,True,False,0.0,-1.6365948037847944e-11,145539.81915314996,145539.81915314993,1,1.0000000000000002
2011-05-12,61.079399,17.086119,0.006327564340154261,True,False,0.0,-1.6365948037847944e-11,144619.04516195774,144619.0451619577,1,1.0000000000000002
2011-05-13,61.630356,16.877056,0.006501887526457028,True,False,0.0,-1.6365948037847944e-11,145923.55824770854,145923.5582477085,1,1.0000000000000002
2011-05-16,61.9739,16.639759,0.005999349827347591,True,False,0.0,-1.6365948037847944e-11,146736.97498173895,146736.97498173892,1,1.0000000000000002
2011-05-17,62.609058,16.433523,0.006288621912596776,True,False,0.0,-1.6365948037847944e-11,148240.85263919557,148240.85263919554,1,1.0000000000000002
2011-05-18,61.779419,16.732977,0.007152197267741069,True,False,0.0,-1.6365948037847944e-11,146276.4980127016,146276.49801270157,1,1.0000000000000002
2011-05-19,61.753506,16.591724,0.00693227195314382,True,False,0.0,-1.6365948037847944e-11,146215.14322895068,146215.14322895065,1,1.0000000000000002
2011-05-20,61.785927,16.557825,0.006913324613212637,True,False,0.0,-1.6365948037847944e-11,146291.90714837293,146291.9071483729,1,1.0000000000000002
2011-05-23,62.084072,16.218811,0.006933971449635917,True,False,0.0,-1.6365948037847944e-11,146997.83166507966,146997.83166507963,1,1.0000000000000002
2011-05-24,62.317413,16.077555,0.0067009569363879065,True,False,0.0,-1.6365948037847944e-11,147550.31831638308,147550.31831638305,1,1.0000000000000002
2011-05-25,62.025723,16.221634,0.006291259818257595,True,False,0.0,-1.6365948037847944e-11,146859.6774460744,146859.67744607438,1,1.0000000000000002
2011-05-26,62.557262,16.374193,0.006339902158086135,True,False,0.0,-1.6365948037847944e-11,148118.21410335787,148118.21410335784,1,1.0000000000000002
2011-05-27,62.531338,16.56912,0.0063491287081299435,True,False,0.0,-1.6365948037847944e-11,148056.8332746634,148056.83327466337,1,1.0000000000000002
2011-05-31,62.673962,16.820557,0.006351114680959686,True,False,0.0,-1.6365948037847944e-11,148394.52727681265,148394.52727681262,1,1.0000000000000002
2011-06-01,63.520973,16.331814,0.006831742112017793,True,False,0.0,-1.6365948037847944e-11,150400.01397228052,150400.0139722805,1,1.0000000000000002
2011-06-02,62.310928,16.312037,0.008281838171290237,True,False,0.0,-1.6365948037847944e-11,147534.9636383209,147534.96363832089,1,1.0000000000000002
2011-06-03,62.668697,16.026707,0.00811637210032184,True,False,0.0,-1.6365948037847944e-11,148382.0612197583,148382.06121975827,1,1.0000000000000002
2011-06-06,62.193806,15.910884,0.00825106405233456,True,False,0.0,-1.6365948037847944e-11,147257.6512861241,147257.65128612408,1,1.0000000000000002
2011-06-07,62.480045,15.975862,0.008293022055397038,True,False,0.0,-1.6365948037847944e-11,147935.38570306086,147935.38570306083,1,1.0000000000000002
2011-06-08,62.968006,15.6651,0.008214745153586327,True,False,0.0,-1.6365948037847944e-11,149090.74176503316,149090.74176503313,1,1.0000000000000002
2011-06-09,62.714283,15.676403,0.008240341914121194,True,False,0.0,-1.6365948037847944e-11,148489.9962011217,148489.99620112168,1,1.0000000000000002
2011-06-10,63.195694,15.424963,0.008177256973743786,False,False,0.0,-1.6365948037847944e-11,149629.8436830929,149629.84368309288,1,1.0000000000000002
2011-06-13,62.876873,15.289359,0.008122052183899525,False,False,0.0,-1.6365948037847944e-11,148874.96414346973,148874.9641434697,1,1.0000000000000002
2011-06-14,61.927055,15.557741,0.008808466753239534,False,False,0.0,-1.6365948037847944e-11,146626.05903820434,146626.05903820432,1,1.0000000000000002
2011-06-15,63.052589,15.272408,0.009437297568442549,False,False,0.0,-1.6365948037847944e-11,149291.0108065955,149291.01080659547,1,1.0000000000000002
2011-06-16,63.338818,15.097255,0.008903509880043186,False,False,0.0,-1.6365948037847944e-11,149968.7215463109,149968.72154631087,1,1.0000000000000002
2011-06-17,63.039528,14.874074,0.008997848762868101,False,False,0.0,-1.6365948037847944e-11,149260.08598775664,149260.0859877566,1,1.0000000000000002
2011-06-20,63.117649,14.893848,0.008997152784796706,False,False,0.0,-1.6365948037847944e-11,149445.054808866,149445.05480886597,1,1.0000000000000002
2011-06-21,62.837879,15.244159,0.009032231049742389,False,False,0.0,-1.6365948037847944e-11,148782.6371864372,148782.63718643718,1,1.0000000000000002
2011-06-22,62.876873,15.18484,0.009001879936032846,False,False,0.0,-1.6365948037847944e-11,148874.96414346973,148874.9641434697,1,1.0000000000000002
2011-06-23,63.358315,15.404777,0.009053101591436557,False,False,0.0,-1.6365948037847944e-11,150014.88502482715,150014.88502482712,1,1.0000000000000002
2011-06-24,63.091591,15.050935,0.008947722127301126,False,False,0.0,-1.6365948037847944e-11,149383.35670540514,149383.3567054051,1,1.0000000000000002
2011-06-27,62.226357,15.127372,0.009498218233362016,False,False,0.0,-1.6365948037847944e-11,147334.72300942423,147334.7230094242,1,1.0000000000000002
2011-06-28,61.725403,15.331183,0.00963496678496676,False,False,0.0,-1.6365948037847944e-11,146148.60313371845,146148.60313371842,1,1.0000000000000002
2011-06-29,61.315529,15.351,0.009110998529893525,False,False,0.0,-1.6365948037847944e-11,145178.13539030284,145178.1353903028,1,1.0000000000000002
2011-06-30,61.217979,15.710499,0.008132418104885379,False,False,0.0,-1.6365948037847944e-11,144947.1640957826,144947.16409578256,1,1.0000000000000002
2011-07-01,61.120071,16.047348,0.007982627550238099,True,False,0.0,-1.6365948037847944e-11,144715.3451567371,144715.34515673708,1,1.0000000000000002
2011-07-05,61.257145,15.919964,0.007872912312849966,True,False,0.0,-1.6365948037847944e-11,145039.89830102277,145039.89830102274,1,1.0000000000000002
2011-07-06,61.570507,15.792597,0.007891983410126311,False,False,0.0,-1.6365948037847944e-11,145781.85244549694,145781.85244549692,1,1.0000000000000002
2011-07-07,61.387753,16.092644,0.007643891123431831,True,False,0.0,-1.6365948037847944e-11,145349.14175396692,145349.1417539669,1,1.0000000000000002
2011-07-08,62.255859,15.871848,0.008337124439560173,True,False,0.0,-1.6365948037847944e-11,147404.5755479269,147404.57554792688,1,1.0000000000000002
2011-07-11,63.189392,15.59727,0.00884482412253863,False,False,0.0,-1.6365948037847944e-11,149614.9222981819,149614.92229818186,1,1.0000000000000002
2011-07-12,63.404751,15.150016,0.008792605359091361,False,False,0.0,-1.6365948037847944e-11,150124.8325700075,150124.83257000748,1,1.0000000000000002
2011-07-13,63.58102,15.101894,0.007992321706198366,False,False,0.0,-1.6365948037847944e-11,150542.18858347536,150542.18858347533,1,1.0000000000000002
2011-07-14,62.673717,14.878275,0.007707599601772007,False,False,0.0,-1.6365948037847944e-11,148393.94718488894,148393.9471848889,1,1.0000000000000002
2011-07-15,62.778152,14.937712,0.007639427139731053,False,False,0.0,-1.6365948037847944e-11,148641.22024632635,148641.22024632632,1,1.0000000000000002
2011-07-18,62.171013,14.756544,0.007864632455157838,False,False,0.0,-1.6365948037847944e-11,147203.6837954424,147203.68379544237,1,1.0000000000000002
2011-07-19,63.463589,15.217952,0.009191599532623258,False,False,0.0,-1.6365948037847944e-11,150264.14460513802,150264.144605138,1,1.0000000000000002
2011-07-20,62.712818,15.158508,0.009537755086299792,False,False,0.0,-1.6365948037847944e-11,148486.52748819016,148486.52748819013,1,1.0000000000000002
2011-07-21,62.229771,15.27173,0.009686285841643816,False,False,0.0,-1.6365948037847944e-11,147342.8064128019,147342.80641280187,1,1.0000000000000002
2011-07-22,62.699791,15.64256,0.009681747587057666,False,False,0.0,-1.6365948037847944e-11,148455.683171904,148455.68317190398,1,1.0000000000000002
2011-07-25,62.014374,15.458564,0.009933047155088234,False,False,0.0,-1.6365948037847944e-11,146832.80616753508,146832.80616753505,1,1.0000000000000002
2011-07-26,62.438705,15.563296,0.009582627725463155,False,False,0.0,-1.6365948037847944e-11,147837.5040698936,147837.50406989356,1,1.0000000000000002
2011-07-27,62.445187,15.008482,0.009384316237844588,False,False,0.0,-1.6365948037847944e-11,147852.85164478933,147852.8516447893,1,1.0000000000000002
2011-07-28,62.680172,14.977344,0.009249341825741445,False,False,0.0,-1.6365948037847944e-11,148409.23083128696,148409.23083128693,1,1.0000000000000002
2011-07-29,63.92046,14.852789,0.010098930697992227,False,False,0.0,-1.6365948037847944e-11,151345.88818585317,151345.88818585314,1,1.0000000000000002
2011-08-01,64.565651,14.835805,0.010205784834618006,False,False,0.0,-1.6365948037847944e-11,152873.52119951608,152873.52119951605,1,1.0000000000000002
2011-08-02,66.504318,14.405539,0.011836318550093369,False,False,0.0,-1.6365948037847944e-11,157463.7459727984,157463.74597279838,1,1.0000000000000002
2011-08-03,66.6353,14.575377,0.011843229391359619,False,False,0.0,-1.6365948037847944e-11,157773.874953822,157773.87495382197,1,1.0000000000000002
2011-08-04,69.006195,13.734653,0.013585292372456509,False,False,0.0,-1.6365948037847944e-11,163387.4955311833,163387.49553118326,1,1.0000000000000002
2011-08-05,67.015167,13.457242,0.015525136490569285,False,False,0.0,-1.6365948037847944e-11,158673.2944590555,158673.29445905547,1,1.0000000000000002
2011-08-08,69.130653,12.738242,0.01652994157432578,False,False,0.0,-1.6365948037847944e-11,163682.17749298134,163682.1774929813,1,1.0000000000000002
2011-08-09,69.340233,13.307214,0.016531457873850217,False,False,0.0,-1.6365948037847944e-11,164178.4046985739,164178.40469857387,1,1.0000000000000002
2011-08-10,71.403389,13.052449,0.017429088966211127,False,False,0.0,-1.6365948037847944e-11,169063.38483304062,169063.3848330406,1,1.0000000000000002
2011-08-11,67.801079,13.697857,0.02128618094787177,False,False,0.0,-1.6365948037847944e-11,160534.1156996398,160534.11569963978,1,1.0000000000000002
2011-08-12,69.143738,13.641244,0.021561999422444033,False,False,0.0,-1.6365948037847944e-11,163713.1591371515,163713.15913715147,1,1.0000000000000002
2011-08-15,68.442955,13.904497,0.021578887673932796,False,False,0.0,-1.6365948037847944e-11,162053.89971441662,162053.8997144166,1,1.0000000000000002
2011-08-16,69.576042,13.655393,0.021438515817862158,False,False,0.0,-1.6365948037847944e-11,164736.73488811287,164736.73488811284,1,1.0000000000000002
2011-08-17,70.794266,13.564811,0.02125090165150687,False,False,0.0,-1.6365948037847944e-11,167621.15082143567,167621.15082143564,1,1.0000000000000002
2011-08-18,72.248268,12.780703,0.021218685729122295,False,False,0.0,-1.6365948037847944e-11,171063.82354491117,171063.82354491114,1,1.0000000000000002
2011-08-19,72.831146,12.545752,0.021219070164895763,False,False,0.0,-1.6365948037847944e-11,172443.9166890155,172443.91668901546,1,1.0000000000000002
2011-08-22,72.647789,12.62218,0.020913087816589324,False,False,0.0,-1.6365948037847944e-11,172009.77826103652,172009.7782610365,1,1.0000000000000002
2011-08-23,71.645706,13.270415,0.021475200732947803,False,False,0.0,-1.6365948037847944e-11,169637.1241582509,169637.12415825087,1,1.0000000000000002
2011-08-24,69.608757,13.281739,0.022884905555650023,False,False,0.0,-1.6365948037847944e-11,164814.1949178436,164814.19491784356,1,1.0000000000000002
2011-08-25,70.361984,12.933561,0.022911545459945924,False,False,0.0,-1.6365948037847944e-11,166597.62716036133,166597.6271603613,1,1.0000000000000002
2011-08-26,71.056274,13.293063,0.022704679878484374,False,False,0.0,-1.6365948037847944e-11,168241.51296325692,168241.5129632569,1,1.0000000000000002
2011-08-29,70.073822,13.757301,0.023070201865891565,False,False,0.0,-1.6365948037847944e-11,165915.339613754,165915.33961375398,1,1.0000000000000002
2011-08-30,71.200363,13.754474,0.02247092960906509,False,False,0.0,-1.6365948037847944e-11,168582.6756783377,168582.67567833766,1,1.0000000000000002
2011-08-31,70.100029,13.683702,0.022869098130534463,False,False,0.0,-1.6365948037847944e-11,165977.3905078134,165977.39050781337,1,1.0000000000000002
2011-09-01,71.586006,13.460073,0.022023562551476673,False,False,0.0,-1.6365948037847944e-11,169495.77114663777,169495.77114663774,1,1.0000000000000002
2011-09-02,73.91153,13.140203,0.0217258360315157,False,False,0.0,-1.6365948037847944e-11,175001.96580289523,175001.9658028952,1,1.0000000000000002
2011-09-06,74.680145,13.052449,0.02088934130572407,False,False,0.0,-1.6365948037847944e-11,176821.83255366594,176821.8325536659,1,1.0000000000000002
2011-09-07,73.254631,13.607273,0.021521752626194518,False,False,0.0,-1.6365948037847944e-11,173446.61149844562,173446.6114984456,1,1.0000000000000002
2011-09-08,73.91153,13.547829,0.0206623993002908,False,False,0.0,-1.6365948037847944e-11,175001.96580289523,175001.9658028952,1,1.0000000000000002
2011-09-09,74.699867,13.403462,0.01643902093734996,False,False,0.0,-1.6365948037847944e-11,176868.52876966316,176868.52876966313,1,1.0000000000000002
2011-09-12,74.778694,13.791271,0.016081621730975958,False,False,0.0,-1.6365948037847944e-11,177055.16920260162,177055.1692026016,1,1.0000000000000002
2011-09-13,73.714432,14.063017,0.016298352026766424,False,False,0.0,-1.6365948037847944e-11,174535.29250502386,174535.29250502383,1,1.0000000000000002
2011-09-14,74.338608,14.425355,0.016066732120473815,False,False,0.0,-1.6365948037847944e-11,176013.16783796562,176013.1678379656,1,1.0000000000000002
2011-09-15,73.202057,14.657469,0.016228628669016486,False,False,0.0,-1.6365948037847944e-11,173322.13087478484,173322.1308747848,1,1.0000000000000002
2011-09-16,73.734116,14.677291,0.01569165603984984,False,False,0.0,-1.6365948037847944e-11,174581.89874757983,174581.8987475798,1,1.0000000000000002
2011-09-19,75.139969,14.521595,0.016128607470673764,False,False,0.0,-1.6365948037847944e-11,177910.5680178533,177910.56801785328,1,1.0000000000000002
2011-09-20,75.455345,14.33477,0.016109015183361733,False,False,0.0,-1.6365948037847944e-11,178657.29075471257,178657.29075471254,1,1.0000000000000002
2011-09-21,77.95163,14.046037,0.017034051349753693,False,False,0.0,-1.6365948037847944e-11,184567.80001090412,184567.8000109041,1,1.0000000000000002
2011-09-22,80.881592,13.573305,0.016657392376972908,False,False,0.0,-1.6365948037847944e-11,191505.13590055198,191505.13590055195,1,1.0000000000000002
2011-09-23,79.377197,13.819574,0.017634149336880647,False,False,0.0,-1.6365948037847944e-11,187943.14655539775,187943.14655539772,1,1.0000000000000002
2011-09-26,78.102776,13.809926,0.018286540019707972,False,False,0.0,-1.6365948037847944e-11,184925.67174110978,184925.67174110975,1,1.0000000000000002
2011-09-27,76.90715,14.062513,0.018370167999841314,False,False,0.0,-1.6365948037847944e-11,182094.76159265183,182094.7615926518,1,1.0000000000000002
2011-09-28,76.88089,13.670863,0.018203335143205195,False,False,0.0,-1.6365948037847944e-11,182032.58520931914,182032.5852093191,1,1.0000000000000002
2011-09-29,77.412956,13.494905,0.017626419617620428,False,False,0.0,-1.6365948037847944e-11,183292.3696561691,183292.36965616906,1,1.0000000000000002
2011-09-30,79.357513,13.032305,0.017829356112008227,False,False,0.0,-1.6365948037847944e-11,187896.54031284177,187896.54031284174,1,1.0000000000000002
2011-10-03,81.54142,12.549836,0.017476814182254913,False,False,0.0,-1.6365948037847944e-11,193067.42526314253,193067.4252631425,1,1.0000000000000002
2011-10-04,80.507393,13.04933,0.01785836163547282,False,False,0.0,-1.6365948037847944e-11,190619.13664439425,190619.13664439422,1,1.0000000000000002
2011-10-05,79.927864,13.463684,0.01723287946442302,False,False,0.0,-1.6365948037847944e-11,189246.97300172868,189246.97300172865,1,1.0000000000000002
2011-10-06,78.452591,13.62829,0.01793575321434707,False,False,0.0,-1.6365948037847944e-11,185753.93646066487,185753.93646066485,1,1.0000000000000002
2011-10-07,77.873009,13.690725,0.01798505925982946,False,False,0.0,-1.6365948037847944e-11,184381.647328726,184381.64732872596,1,1.0000000000000002
2011-10-10,76.773148,14.076705,0.018351678817844493,False,False,0.0,-1.6365948037847944e-11,181777.48209077277,181777.48209077274,1,1.0000000000000002
2011-10-11,76.516304,14.062513,0.018020034331452436,False,False,0.0,-1.6365948037847944e-11,181169.34686606997,181169.34686606994,1,1.0000000000000002
2011-10-12,75.40329,14.167524,0.01831421169402319,False,False,0.0,-1.6365948037847944e-11,178534.0389788412,178534.03897884118,1,1.0000000000000002
2011-10-13,76.154083,14.454166,0.018013952726327366,False,False,0.0,-1.6365948037847944e-11,180311.7081856761,180311.70818567608,1,1.0000000000000002
2011-10-14,75.047638,14.618772,0.018338717993195478,False,False,0.0,-1.6365948037847944e-11,177691.95386516908,177691.95386516905,1,1.0000000000000002
2011-10-17,76.345039,14.238474,0.018252402504376455,False,False,0.0,-1.6365948037847944e-11,180763.8389341785,180763.83893417846,1,1.0000000000000002
2011-10-18,75.870911,14.525115,0.018299078182775992,False,False,0.0,-1.6365948037847944e-11,179641.23557253528,179641.23557253525,1,1.0000000000000002
2011-10-19,75.844498,14.232795,0.016649660627372425,False,False,0.0,-1.6365948037847944e-11,179578.69692771556,179578.69692771553,1,1.0000000000000002
2011-10-20,75.304466,13.985885,0.01402806364684755,False,False,0.0,-1.6365948037847944e-11,178300.0512063177,178300.05120631767,1,1.0000000000000002
2011-10-21,74.507568,14.283881,0.013677573252329376,False,False,0.0,-1.6365948037847944e-11,176413.21817033002,176413.21817033,1,1.0000000000000002
2011-10-24,74.632713,14.760672,0.01336222006126849,False,False,0.0,-1.6365948037847944e-11,176709.52675723657,176709.52675723654,1,1.0000000000000002
2011-10-25,76.529427,14.516599,0.014301881981512315,False,False,0.0,-1.6365948037847944e-11,181200.4184836813,181200.41848368128,1,1.0000000000000002
2011-10-26,75.192474,14.564843,0.014820654833808207,False,False,0.0,-1.6365948037847944e-11,178034.88526868663,178034.8852686866,1,1.0000000000000002
2011-10-27,72.643738,15.180702,0.01644360705825689,False,False,0.0,-1.6365948037847944e-11,172000.1866186572,172000.18661865717,1,1.0000000000000002
2011-10-28,73.407707,15.240299,0.015440707154616937,False,False,0.0,-1.6365948037847944e-11,173809.05293237677,173809.05293237674,1,1.0000000000000002
2011-10-31,76.318695,14.871357,0.016842684302976488,False,False,0.0,-1.6365948037847944e-11,180701.4636621863,180701.46366218626,1,1.0000000000000002
2011-11-01,78.873421,14.397404,0.018509135789991128,False,False,0.0,-1.6365948037847944e-11,186750.34496781972,186750.3449678197,1,1.0000000000000002
2011-11-02,77.889572,14.451324,0.018640921947371512,False,False,0.0,-1.6365948037847944e-11,184420.86391049062,184420.8639104906,1,1.0000000000000002
2011-11-03,76.81987,14.882707,0.018435666654751926,False,False,0.0,-1.6365948037847944e-11,181888.10680448444,181888.1068044844,1,1.0000000000000002
2011-11-04,76.912315,15.05299,0.018379731350400115,False,False,0.0,-1.6365948037847944e-11,182106.9908774924,182106.99087749238,1,1.0000000000000002
2011-11-07,77.400948,15.044477,0.01815233203170889,False,False,0.0,-1.6365948037847944e-11,183263.93804874114,183263.9380487411,1,1.0000000000000002
2011-11-08,76.4105,15.112588,0.018379755669222748,False,False,0.0,-1.6365948037847944e-11,180918.83239302615,180918.83239302612,1,1.0000000000000002
2011-11-09,77.995277,14.44565,0.018592828473185836,False,False,0.0,-1.6365948037847944e-11,184671.1439790428,184671.14397904277,1,1.0000000000000002
2011-11-10,76.833107,14.54214,0.018846415980531193,False,False,0.0,-1.6365948037847944e-11,181919.4483424195,181919.44834241946,1,1.0000000000000002
2011-11-11,76.364281,15.05299,0.018582159972294832,False,False,0.0,-1.6365948037847944e-11,180809.3986435497,180809.39864354968,1,1.0000000000000002
2011-11-14,77.592476,14.888382,0.018529383715432713,False,False,0.0,-1.6365948037847944e-11,183717.42313430624,183717.4231343062,1,1.0000000000000002
2011-11-15,77.486801,15.075702,0.018463903914738268,False,False,0.0,-1.6365948037847944e-11,183467.21409741818,183467.21409741815,1,1.0000000000000002
2011-11-16,78.193352,15.024602,0.01854633682820146,False,False,0.0,-1.6365948037847944e-11,185140.13054144257,185140.13054144254,1,1.0000000000000002
2011-11-17,78.82061,14.442813,0.018482602497930364,False,False,0.0,-1.6365948037847944e-11,186625.30319401238,186625.30319401235,1,1.0000000000000002
2011-11-18,78.800819,14.306586,0.01824483563584588,False,False,0.0,-1.6365948037847944e-11,186578.44360518767,186578.44360518764,1,1.0000000000000002
2011-11-21,79.269592,14.039806,0.018255840531565905,False,False,0.0,-1.6365948037847944e-11,187688.3678147842,187688.36781478417,1,1.0000000000000002
2011-11-22,80.154434,13.861011,0.01762205347253043,False,False,0.0,-1.6365948037847944e-11,189783.42780643862,189783.4278064386,1,1.0000000000000002
2011-11-23,80.94017,13.423956,0.017045690364123973,False,False,0.0,-1.6365948037847944e-11,191643.8323279267,191643.83232792668,1,1.0000000000000002
2011-11-25,79.764854,13.259344,0.015182039615802178,False,False,0.0,-1.6365948037847944e-11,188861.0106160829,188861.01061608287,1,1.0000000000000002
2011-11-28,79.725243,13.662346,0.015159963686566925,False,False,0.0,-1.6365948037847944e-11,188767.22277449153,188767.2227744915,1,1.0000000000000002
2011-11-29,79.071495,13.577209,0.01297794177449976,False,False,0.0,-1.6365948037847944e-11,187219.3291624974,187219.32916249736,1,1.0000000000000002
2011-11-30,77.836777,14.340638,0.01128037942101921,False,False,0.0,-1.6365948037847944e-11,184295.86002023745,184295.86002023742,1,1.0000000000000002
2011-12-01,77.446198,14.437132,0.010984589812705822,False,False,0.0,-1.6365948037847944e-11,183371.0774754663,183371.07747546627,1,1.0000000000000002
2011-12-02,78.531822,14.439975,0.010936292785381713,False,False,0.0,-1.6365948037847944e-11,185941.53345334693,185941.5334533469,1,1.0000000000000002
2011-12-05,78.372917,14.559173,0.010958528847446719,False,False,0.0,-1.6365948037847944e-11,185565.2905670759,185565.29056707586,1,1.0000000000000002
2011-12-06,77.624924,14.52228,0.011123313267265377,False,False,0.0,-1.6365948037847944e-11,183794.25098222616,183794.25098222613,1,1.0000000000000002
2011-12-07,77.902931,14.715266,0.010710195229807859,False,False,0.0,-1.6365948037847944e-11,184452.49431052647,184452.49431052644,1,1.0000000000000002
2011-12-08,78.876015,14.281035,0.010064408673101186,False,False,0.0,-1.6365948037847944e-11,186756.4868390446,186756.48683904458,1,1.0000000000000002
2011-12-09,77.25428,14.471189,0.010601837041468866,False,False,0.0,-1.6365948037847944e-11,182916.66897826755,182916.66897826752,1,1.0000000000000002
2011-12-12,78.114738,14.085216,0.010752277654710226,False,False,0.0,-1.6365948037847944e-11,184953.9944333194,184953.99443331937,1,1.0000000000000002
2011-12-13,78.842903,13.750333,0.010364509121007979,False,False,0.0,-1.6365948037847944e-11,186678.08682362532,186678.0868236253,1,1.0000000000000002
2011-12-14,80.332245,13.534637,0.011090861252330116,False,False,0.0,-1.6365948037847944e-11,190204.43484744264,190204.4348474426,1,1.0000000000000002
2011-12-15,80.034393,13.500581,0.011017911289873833,False,False,0.0,-1.6365948037847944e-11,189499.2040733222,189499.20407332218,1,1.0000000000000002
2011-12-16,80.967697,13.631127,0.01116393396395305,False,False,0.0,-1.6365948037847944e-11,191709.0086152077,191709.00861520768,1,1.0000000000000002
2011-12-19,81.993729,13.236644,0.011433507502047484,False,False,0.0,-1.6365948037847944e-11,194138.36729546607,194138.36729546604,1,1.0000000000000002
2011-12-20,79.948334,13.824118,0.012900472180912361,False,False,0.0,-1.6365948037847944e-11,189295.44027388483,189295.4402738848,1,1.0000000000000002
2011-12-21,78.836327,13.685053,0.013028054114078437,False,False,0.0,-1.6365948037847944e-11,186662.5166828486,186662.51668284857,1,1.0000000000000002
2011-12-22,79.167259,14.141161,0.012848267364935793,False,False,0.0,-1.6365948037847944e-11,187446.07170527993,187446.0717052799,1,1.0000000000000002
2011-12-23,78.286888,14.203726,0.012679475507766554,False,False,0.0,-1.6365948037847944e-11,185361.5977993026,185361.59779930257,1,1.0000000000000002
2011-12-27,78.658745,14.186659,0.012742887550248256,False,False,0.0,-1.6365948037847944e-11,186242.0518502141,186242.05185021408,1,1.0000000000000002
2011-12-28,80.113075,13.97623,0.01328549731977967,False,False,0.0,-1.6365948037847944e-11,189685.5011865507,189685.50118655068,1,1.0000000000000002
2011-12-29,80.259125,14.098512,0.01271304138861616,False,False,0.0,-1.6365948037847944e-11,190031.30700474328,190031.30700474326,1,1.0000000000000002
2011-12-30,80.518173,14.047326,0.012622424847887566,False,False,0.0,-1.6365948037847944e-11,190644.66068903732,190644.6606890373,1,1.0000000000000002
2012-01-03,79.309547,14.223627,0.012841048329423227,False,False,0.0,-1.6365948037847944e-11,187782.97015279092,187782.9701527909,1,1.0000000000000002
2012-01-04,78.366531,14.223627,0.01313250270185809,False,False,0.0,-1.6365948037847944e-11,185550.17029350533,185550.1702935053,1,1.0000000000000002
2012-01-05,78.227112,14.416992,0.01294728106028619,False,False,0.0,-1.6365948037847944e-11,185220.06484080706,185220.06484080703,1,1.0000000000000002
2012-01-06,78.844681,14.453956,0.013038063543842364,False,False,0.0,-1.6365948037847944e-11,186682.29663358588,186682.29663358585,1,1.0000000000000002
2012-01-09,78.705231,14.746854,0.012744145220521244,False,False,0.0,-1.6365948037847944e-11,186352.11778150132,186352.1177815013,1,1.0000000000000002
2012-01-10,78.572441,14.894713,0.011794357400101972,False,False,0.0,-1.6365948037847944e-11,186037.707958853,186037.70795885296,1,1.0000000000000002
2012-01-11,79.595108,14.945905,0.011885991689272396,True,False,0.0,-1.6365948037847944e-11,188459.09925411842,188459.0992541184,1,1.0000000000000002
2012-01-12,79.48217,15.105147,0.01173063023332235,True,False,0.0,-1.6365948037847944e-11,188191.6934513452,188191.69345134517,1,1.0000000000000002
2012-01-13,80.272469,14.798033,0.011157871670051738,False,False,0.0,-1.6365948037847944e-11,190062.90188894706,190062.90188894703,1,1.0000000000000002
2012-01-17,80.644318,14.840689,0.011168967223215552,False,False,0.0,-1.6365948037847944e-11,190943.33699808145,190943.33699808142,1,1.0000000000000002
2012-01-18,79.668129,15.594242,0.011177672254220339,True,False,0.0,-1.6365948037847944e-11,188631.99269232614,188631.9926923261,1,1.0000000000000002
2012-01-19,78.572441,15.904183,0.01107234498539446,True,False,0.0,-1.6365948037847944e-11,186037.707958853,186037.70795885296,1,1.0000000000000002
2012-01-20,77.682526,15.980965,0.009921830762021243,True,False,0.0,-1.6365948037847944e-11,183930.63651279468,183930.63651279465,1,1.0000000000000002
2012-01-23,77.191132,15.929784,0.009552027964076866,True,False,0.0,-1.6365948037847944e-11,182767.1520607241,182767.15206072407,1,1.0000000000000002
2012-01-24,77.330605,15.986664,0.009497878177005679,True,False,0.0,-1.6365948037847944e-11,183097.38537041785,183097.38537041782,1,1.0000000000000002
2012-01-25,77.144661,16.054893,0.009209478135117839,True,False,0.0,-1.6365948037847944e-11,182657.12164526896,182657.12164526893,1,1.0000000000000002
2012-01-26,78.167351,15.887127,0.00965537273760312,True,False,0.0,-1.6365948037847944e-11,185078.56739814352,185078.5673981435,1,1.0000000000000002
2012-01-27,78.413086,15.93831,0.008658674900882748,True,False,0.0,-1.6365948037847944e-11,185660.39959762007,185660.39959762004,1,1.0000000000000002
2012-01-30,79.336128,15.773384,0.009103006571242727,True,False,0.0,-1.6365948037847944e-11,187845.90657492977,187845.90657492974,1,1.0000000000000002
2012-01-31,80.252548,15.784758,0.009464872106363282,True,False,0.0,-1.6365948037847944e-11,190015.73449624446,190015.73449624443,1,1.0000000000000002
2012-02-01,79.333267,16.13736,0.00919559086176989,True,False,0.0,-1.6365948037847944e-11,187839.13252189418,187839.13252189415,1,1.0000000000000002
2012-02-02,79.299957,16.225515,0.00875608182218644,True,False,0.0,-1.6365948037847944e-11,187760.2636974916,187760.26369749158,1,1.0000000000000002
2012-02-03,77.59584,16.4786,0.010076521399959603,True,False,0.0,-1.6365948037847944e-11,183725.388151577,183725.38815157698,1,1.0000000000000002
2012-02-06,78.368034,16.290916,0.010174408723001486,True,False,0.0,-1.6365948037847944e-11,185553.7289798781,185553.72897987807,1,1.0000000000000002
2012-02-07,77.396156,16.299454,0.010531200669418768,True,False,0.0,-1.6365948037847944e-11,183252.5919242579,183252.59192425787,1,1.0000000000000002
2012-02-08,77.456047,16.495653,0.010535131749742714,True,False,0.0,-1.6365948037847944e-11,183394.39717079926,183394.39717079923,1,1.0000000000000002
2012-02-09,76.876961,16.549683,0.01012488875184288,True,False,0.0,-1.6365948037847944e-11,182023.2824290406,182023.28242904058,1,1.0000000000000002
2012-02-10,77.875481,16.228359,0.010641993389808096,True,False,0.0,-1.6365948037847944e-11,184387.50033785007,184387.50033785004,1,1.0000000000000002
2012-02-13,77.975304,16.276699,0.010347234919967568,True,False,0.0,-1.6365948037847944e-11,184623.85346478902,184623.853464789,1,1.0000000000000002
2012-02-14,78.387955,16.336411,0.010368534496997392,True,False,0.0,-1.6365948037847944e-11,185600.89637258073,185600.8963725807,1,1.0000000000000002
2012-02-15,78.248222,16.421722,0.010056631332859136,True,False,0.0,-1.6365948037847944e-11,185270.0474551312,185270.04745513116,1,1.0000000000000002
2012-02-16,77.622513,16.83404,0.009741469411123499,True,False,0.0,-1.6365948037847944e-11,183788.5424041525,183788.54240415248,1,1.0000000000000002
2012-02-17,77.602539,16.677643,0.009405182183445292,True,False,0.0,-1.6365948037847944e-11,183741.2495221766,183741.24952217657,1,1.0000000000000002
2012-02-21,76.743782,16.450163,0.009631675628335504,True,False,0.0,-1.6365948037847944e-11,181707.9515624808,181707.95156248077,1,1.0000000000000002
2012-02-22,77.709015,16.390444,0.010042215713268014,True,False,0.0,-1.6365948037847944e-11,183993.35510449682,183993.3551044968,1,1.0000000000000002
2012-02-23,77.709015,16.418875,0.010023170930286898,True,False,0.0,-1.6365948037847944e-11,183993.35510449682,183993.3551044968,1,1.0000000000000002
2012-02-24,78.214928,16.367691,0.009679394657962616,True,False,0.0,-1.6365948037847944e-11,185191.21651428286,185191.21651428283,1,1.0000000000000002
2012-02-27,78.907211,16.38476,0.009856789004726555,True,False,0.0,-1.6365948037847944e-11,186830.35029884835,186830.35029884832,1,1.0000000000000002
2012-02-28,78.647606,16.649214,0.009509132509904915,True,False,0.0,-1.6365948037847944e-11,186215.67779332367,186215.67779332364,1,1.0000000000000002
2012-02-29,78.168358,16.401819,0.009155624394787105,True,False,0.0,-1.6365948037847944e-11,185080.95169433605,185080.95169433602,1,1.0000000000000002
2012-03-01,77.432465,16.413191,0.009045596940705466,True,False,0.0,-1.6365948037847944e-11,183338.561547351,183338.56154735098,1,1.0000000000000002
2012-03-02,78.159637,16.228359,0.009349204413849458,True,False,0.0,-1.6365948037847944e-11,185060.3027895743,185060.30278957429,1,1.0000000000000002
2012-03-05,77.539146,15.84163,0.008152537939775316,True,False,0.0,-1.6365948037847944e-11,183591.15251270946,183591.15251270944,1,1.0000000000000002
2012-03-06,78.479858,15.693769,0.008303787260958415,True,False,0.0,-1.6365948037847944e-11,185818.49714019007,185818.49714019004,1,1.0000000000000002
2012-03-07,77.999557,15.924088,0.007911188053145264,True,False,0.0,-1.6365948037847944e-11,184681.2778297916,184681.27782979156,1,1.0000000000000002
2012-03-08,77.218925,16.160112,0.00824708305714025,True,False,0.0,-1.6365948037847944e-11,182832.95816209365,182832.95816209362,1,1.0000000000000002
2012-03-09,77.372375,16.336411,0.00807303891079511,True,False,0.0,-1.6365948037847944e-11,183196.28512410427,183196.28512410424,1,1.0000000000000002
2012-03-12,77.359039,16.180019,0.007510159711886931,True,False,0.0,-1.6365948037847944e-11,183164.70918167758,183164.70918167755,1,1.0000000000000002
2012-03-13,75.998016,16.532612,0.0084426976054414,True,False,0.0,-1.6365948037847944e-11,179942.1848948315,179942.18489483147,1,1.0000000000000002
2012-03-14,74.083214,16.4786,0.009870491995819979,True,False,0.0,-1.6365948037847944e-11,175408.4658103623,175408.46581036228,1,1.0000000000000002
2012-03-15,74.196602,16.805605,0.00991656708725162,True,False,0.0,-1.6365948037847944e-11,175676.93708809745,175676.93708809742,1,1.0000000000000002
2012-03-16,74.343407,16.83404,0.009883709990220405,True,False,0.0,-1.6365948037847944e-11,176024.53053650385,176024.53053650382,1,1.0000000000000002
2012-03-19,73.456078,16.953476,0.010111374047822672,True,False,0.0,-1.6365948037847944e-11,173923.5820198933,173923.58201989328,1,1.0000000000000002
2012-03-20,73.749649,16.81982,0.010016359484171275,True,False,0.0,-1.6365948037847944e-11,174618.67657554278,174618.67657554275,1,1.0000000000000002
2012-03-21,74.583557,16.888073,0.009924316988318393,True,False,0.0,-1.6365948037847944e-11,176593.13900784202,176593.139007842,1,1.0000000000000002
2012-03-22,74.823792,16.797066,0.00998518708734913,True,False,0.0,-1.6365948037847944e-11,177161.9487355619,177161.94873556186,1,1.0000000000000002
2012-03-23,75.530983,16.831194,0.010134285309303508,True,False,0.0,-1.6365948037847944e-11,178836.38052175433,178836.3805217543,1,1.0000000000000002
2012-03-26,75.144058,17.063362,0.009845290514293498,True,False,0.0,-1.6365948037847944e-11,177920.24963367387,177920.24963367384,1,1.0000000000000002
2012-03-27,75.684456,17.057657,0.010072894237773779,True,False,0.0,-1.6365948037847944e-11,179199.76194137408,179199.76194137405,1,1.0000000000000002
2012-03-28,75.577728,16.861107,0.010024658385367724,True,False,0.0,-1.6365948037847944e-11,178947.05969307516,178947.05969307513,1,1.0000000000000002
2012-03-29,76.144791,16.86396,0.010048628838325673,True,False,0.0,-1.6365948037847944e-11,180289.70731157376,180289.70731157373,1,1.0000000000000002
2012-03-30,74.857086,16.935173,0.010369296774319244,True,False,0.0,-1.6365948037847944e-11,177240.77967641025,177240.77967641022,1,1.0000000000000002
2012-04-02,75.271858,16.949417,0.010410233883423756,True,False,0.0,-1.6365948037847944e-11,178222.84452285568,178222.84452285565,1,1.0000000000000002
2012-04-03,73.967514,16.678793,0.010482906367667244,True,False,0.0,-1.6365948037847944e-11,175134.5203590451,175134.52035904507,1,1.0000000000000002
2012-04-04,74.984245,16.311323,0.01108397906700064,True,False,0.0,-1.6365948037847944e-11,177541.85685570192,177541.8568557019,1,1.0000000000000002
2012-04-05,75.526016,16.33696,0.011092997904873215,True,False,0.0,-1.6365948037847944e-11,178824.620045897,178824.62004589697,1,1.0000000000000002
2012-04-09,77.291946,16.120461,0.012339076079740023,True,False,0.0,-1.6365948037847944e-11,183005.8516003014,183005.85160030136,1,1.0000000000000002
2012-04-10,78.168221,15.81566,0.012595955221570766,True,False,0.0,-1.6365948037847944e-11,185080.62731640323,185080.6273164032,1,1.0000000000000002
2012-04-11,77.231773,16.080578,0.012219782056317578,True,False,0.0,-1.6365948037847944e-11,182863.37865611722,182863.3786561172,1,1.0000000000000002
2012-04-12,76.910721,16.385384,0.010627985012797493,True,False,0.0,-1.6365948037847944e-11,182103.2167284051,182103.21672840507,1,1.0000000000000002
2012-04-13,78.154854,16.094822,0.01108905490988422,True,False,0.0,-1.6365948037847944e-11,185048.9779745903,185048.97797459026,1,1.0000000000000002
2012-04-16,78.04113,16.08914,0.011125696623977355,True,False,0.0,-1.6365948037847944e-11,184779.71114221693,184779.7111422169,1,1.0000000000000002
2012-04-17,77.994286,16.339815,0.010628039806283986,True,False,0.0,-1.6365948037847944e-11,184668.79756640445,184668.79756640442,1,1.0000000000000002
2012-04-18,78.221756,16.220161,0.01062548138422097,True,False,0.0,-1.6365948037847944e-11,185207.38332103819,185207.38332103816,1,1.0000000000000002
2012-04-19,78.295265,16.020763,0.010450207718354981,True,False,0.0,-1.6365948037847944e-11,185381.43220764905,185381.43220764902,1,1.0000000000000002
2012-04-20,78.308716,15.650431,0.010460297465262279,True,False,0.0,-1.6365948037847944e-11,185413.28043812155,185413.28043812152,1,1.0000000000000002
2012-04-23,78.877235,15.459581,0.010393395467835175,True,False,0.0,-1.6365948037847944e-11,186759.37546005246,186759.37546005243,1,1.0000000000000002
2012-04-24,78.322075,15.345628,0.010473300608893604,True,False,0.0,-1.6365948037847944e-11,185444.91083815738,185444.91083815735,1,1.0000000000000002
2012-04-25,77.920708,15.687469,0.010519541091222676,True,False,0.0,-1.6365948037847944e-11,184494.58530696612,184494.5853069661,1,1.0000000000000002
2012-04-26,78.388954,16.04925,0.010543551881217327,True,False,0.0,-1.6365948037847944e-11,185603.26172699613,185603.2617269961,1,1.0000000000000002
2012-04-27,78.455841,16.052094,0.010460469024140023,True,False,0.0,-1.6365948037847944e-11,185761.631557612,185761.63155761198,1,1.0000000000000002
2012-04-30,78.475922,15.983723,0.009518466016354555,True,False,0.0,-1.6365948037847944e-11,185809.1777858566,185809.17778585656,1,1.0000000000000002
2012-05-01,78.068893,16.032158,0.009632231969874455,True,False,0.0,-1.6365948037847944e-11,184845.44621192236,184845.44621192233,1,1.0000000000000002
2012-05-02,78.618767,16.10907,0.008544381577711955,True,False,0.0,-1.6365948037847944e-11,186147.39505459822,186147.3950545982,1,1.0000000000000002
2012-05-03,78.598602,15.707406,0.00819485957093776,True,False,0.0,-1.6365948037847944e-11,186099.64993769405,186099.64993769402,1,1.0000000000000002
2012-05-04,79.215515,15.391208,0.008215269734525474,True,False,0.0,-1.6365948037847944e-11,187560.32850475065,187560.32850475062,1,1.0000000000000002
2012-05-07,79.228928,15.345628,0.006614450182187188,True,False,0.0,-1.6365948037847944e-11,187592.08676178192,187592.0867617819,1,1.0000000000000002
2012-05-08,79.65139,15.257318,0.0062636228707996415,True,False,0.0,-1.6365948037847944e-11,188592.35939146535,188592.35939146532,1,1.0000000000000002
2012-05-09,79.70504,15.203199,0.005470527965191236,True,False,0.0,-1.6365948037847944e-11,188719.38768414612,188719.3876841461,1,1.0000000000000002
2012-05-10,79.470299,15.146226,0.005409766378660465,True,False,0.0,-1.6365948037847944e-11,188163.58622185007,188163.58622185004,1,1.0000000000000002
2012-05-11,80.127411,15.251625,0.004524070359241033,True,False,0.0,-1.6365948037847944e-11,189719.44485111497,189719.44485111494,1,1.0000000000000002
2012-05-14,81.247177,15.10349,0.005278449837622218,True,False,0.0,-1.6365948037847944e-11,192370.7395982166,192370.73959821658,1,1.0000000000000002
2012-05-15,81.57576,14.943979,0.005259410523783126,True,False,0.0,-1.6365948037847944e-11,193148.7328413468,193148.73284134676,1,1.0000000000000002
2012-05-16,81.810417,14.713235,0.005259152051944644,False,False,0.0,-1.6365948037847944e-11,193704.33541498327,193704.33541498324,1,1.0000000000000002
2012-05-17,83.258759,14.388485,0.006258859458501379,False,False,0.0,-1.6365948037847944e-11,197133.60683116008,197133.60683116005,1,1.0000000000000002
2012-05-18,83.278854,14.112169,0.006257181743373428,False,False,0.0,-1.6365948037847944e-11,197181.18620751463,197181.1862075146,1,1.0000000000000002
2012-05-21,83.104538,14.465401,0.006278674439114201,False,False,0.0,-1.6365948037847944e-11,196768.45435538146,196768.45435538143,1,1.0000000000000002
2012-05-22,82.179176,14.360002,0.006669786125643367,False,False,0.0,-1.6365948037847944e-11,194577.45426271256,194577.45426271253,1,1.0000000000000002
2012-05-23,82.749184,14.416971,0.006494653658004364,False,False,0.0,-1.6365948037847944e-11,195927.07482290632,195927.0748229063,1,1.0000000000000002
2012-05-24,82.434021,14.211872,0.006626303519751971,False,False,0.0,-1.6365948037847944e-11,195180.85641086238,195180.85641086235,1,1.0000000000000002
2012-05-25,82.742424,14.3543,0.0066195665044783475,False,False,0.0,-1.6365948037847944e-11,195911.06902125632,195911.0690212563,1,1.0000000000000002
2012-05-29,82.487656,14.661955,0.006724688751207646,False,False,0.0,-1.6365948037847944e-11,195307.8491877111,195307.84918771108,1,1.0000000000000002
2012-05-30,84.579613,14.456858,0.008152718008173562,False,False,0.0,-1.6365948037847944e-11,200261.022087462,200261.02208746198,1,1.0000000000000002
2012-05-31,85.558609,14.305876,0.008300534866072878,False,False,0.0,-1.6365948037847944e-11,202579.0125892575,202579.01258925747,1,1.0000000000000002
2012-06-01,87.589813,13.693416,0.009264393922263496,False,False,0.0,-1.6365948037847944e-11,207388.33926598445,207388.33926598442,1,1.0000000000000002
2012-06-04,86.897751,13.670629,0.009708230080600788,False,False,0.0,-1.6365948037847944e-11,205749.72874801137,205749.72874801134,1,1.0000000000000002
2012-06-05,85.735352,13.932706,0.010485561776016953,False,False,0.0,-1.6365948037847944e-11,202997.4909030186,202997.49090301857,1,1.0000000000000002
2012-06-06,84.021973,14.371398,0.011780877097716875,False,False,0.0,-1.6365948037847944e-11,198940.6855146658,198940.68551466576,1,1.0000000000000002
2012-06-07,84.149689,14.243205,0.011774846749649962,False,False,0.0,-1.6365948037847944e-11,199243.08151518807,199243.08151518804,1,1.0000000000000002
2012-06-08,84.129517,14.391341,0.011721730051328125,False,False,0.0,-1.6365948037847944e-11,199195.31982422897,199195.31982422894,1,1.0000000000000002
2012-06-11,84.512474,14.189084,0.011661353069325971,False,False,0.0,-1.6365948037847944e-11,200102.0555908675,200102.05559086747,1,1.0000000000000002
2012-06-12,83.739815,14.44261,0.011634336749442163,False,False,0.0,-1.6365948037847944e-11,198272.61377177242,198272.6137717724,1,1.0000000000000002
2012-06-13,84.566231,14.328665,0.011771502810763699,False,False,0.0,-1.6365948037847944e-11,200229.33722981703,200229.337229817,1,1.0000000000000002
2012-06-14,84.458725,14.297333,0.011788100989571781,False,False,0.0,-1.6365948037847944e-11,199974.7928936951,199974.79289369506,1,1.0000000000000002
2012-06-15,84.929054,14.522375,0.011225273480342366,False,False,0.0,-1.6365948037847944e-11,201088.40127893767,201088.40127893764,1,1.0000000000000002
2012-06-18,85.385994,14.72463,0.011265622296746314,False,False,0.0,-1.6365948037847944e-11,202170.3082324803,202170.30823248028,1,1.0000000000000002
2012-06-19,84.270538,14.918205,0.011701121630223398,False,False,0.0,-1.6365948037847944e-11,199529.21836779165,199529.21836779162,1,1.0000000000000002
2012-06-20,84.687218,15.049536,0.011389916577360517,True,False,0.0,-1.6365948037847944e-11,200515.8008280756,200515.80082807556,1,1.0000000000000002
2012-06-21,85.13736,14.435687,0.011355294885613059,False,False,0.0,-1.6365948037847944e-11,201581.612006527,201581.61200652696,1,1.0000000000000002
2012-06-22,84.001839,14.644114,0.011783951734796167,False,False,0.0,-1.6365948037847944e-11,198893.0137971479,198893.01379714787,1,1.0000000000000002
2012-06-25,85.224686,14.170155,0.012155483609657706,False,False,0.0,-1.6365948037847944e-11,201788.3757099127,201788.37570991268,1,1.0000000000000002
2012-06-26,84.888748,14.224401,0.012174111636519451,False,False,0.0,-1.6365948037847944e-11,200992.96787046068,200992.96787046065,1,1.0000000000000002
2012-06-27,85.02314,14.407134,0.01083619118042902,False,False,0.0,-1.6365948037847944e-11,201311.1707839734,201311.17078397336,1,1.0000000000000002
2012-06-28,85.23143,14.315772,0.010526197434440185,False,False,0.0,-1.6365948037847944e-11,201804.3436280085,201804.34362800847,1,1.0000000000000002
2012-06-29,84.12281,14.938199,0.009305607790678556,False,False,0.0,-1.6365948037847944e-11,199179.43951185225,199179.43951185222,1,1.0000000000000002
2012-07-02,84.990738,14.915356,0.009582504360589422,False,False,0.0,-1.6365948037847944e-11,201234.45185127173,201234.4518512717,1,1.0000000000000002
2012-07-03,84.337578,15.09808,0.009273428286629722,True,False,0.0,-1.6365948037847944e-11,199687.95045989452,199687.9504598945,1,1.0000000000000002
2012-07-05,84.768562,14.983884,0.008149912986370687,False,False,0.0,-1.6365948037847944e-11,200708.40081763433,200708.4008176343,1,1.0000000000000002
2012-07-06,85.556335,14.606996,0.008383672825250604,False,False,0.0,-1.6365948037847944e-11,202573.62838911667,202573.62838911664,1,1.0000000000000002
2012-07-09,86.310486,14.412848,0.008563645754178163,False,False,0.0,-1.6365948037847944e-11,204359.2484068895,204359.24840688947,1,1.0000000000000002
2012-07-10,86.485603,14.115906,0.008531631787476448,False,False,0.0,-1.6365948037847944e-11,204773.8768044549,204773.87680445486,1,1.0000000000000002
2012-07-11,86.593315,13.958875,0.008177860208783678,False,False,0.0,-1.6365948037847944e-11,205028.90889133717,205028.90889133714,1,1.0000000000000002
2012-07-12,87.206055,13.739025,0.008055215823327544,False,False,0.0,-1.6365948037847944e-11,206479.7069539137,206479.70695391367,1,1.0000000000000002
2012-07-13,86.977173,13.836101,0.008085751862485282,False,False,0.0,-1.6365948037847944e-11,205937.77797562166,205937.77797562163,1,1.0000000000000002
2012-07-16,87.381157,13.707617,0.008063895402879651,False,False,0.0,-1.6365948037847944e-11,206894.29983564702,206894.299835647,1,1.0000000000000002
2012-07-17,86.694382,13.650517,0.008265070850161316,False,False,0.0,-1.6365948037847944e-11,205268.2074646153,205268.20746461526,1,1.0000000000000002
2012-07-18,86.741447,14.115906,0.007591887100100942,False,False,0.0,-1.6365948037847944e-11,205379.64430702012,205379.6443070201,1,1.0000000000000002
2012-07-19,86.519272,14.398574,0.007595715741757581,False,False,0.0,-1.6365948037847944e-11,204853.59564110485,204853.59564110482,1,1.0000000000000002
2012-07-20,87.576469,14.15874,0.007942606079310377,False,False,0.0,-1.6365948037847944e-11,207356.74438178068,207356.74438178065,1,1.0000000000000002
2012-07-23,88.06794,14.041675,0.007173826947057142,False,False,0.0,-1.6365948037847944e-11,208520.41114845584,208520.4111484558,1,1.0000000000000002
2012-07-24,88.761513,13.976007,0.0067259455469378115,False,False,0.0,-1.6365948037847944e-11,210162.59929457877,210162.59929457874,1,1.0000000000000002
2012-07-25,88.990501,14.255812,0.006577080755135462,False,False,0.0,-1.6365948037847944e-11,210704.77925141738,210704.77925141735,1,1.0000000000000002
2012-07-26,88.175667,14.569879,0.007067619527157752,False,False,0.0,-1.6365948037847944e-11,208775.4787511702,208775.47875117016,1,1.0000000000000002
2012-07-27,86.512489,14.926769,0.0084630522013294,False,False,0.0,-1.6365948037847944e-11,204837.5353818457,204837.53538184566,1,1.0000000000000002
2012-07-30,87.158913,14.792578,0.007924376830146239,False,False,0.0,-1.6365948037847944e-11,206368.0877969042,206368.08779690418,1,1.0000000000000002
2012-07-31,87.333992,14.901076,0.007669674644335128,False,False,0.0,-1.6365948037847944e-11,206782.62622102836,206782.62622102833,1,1.0000000000000002
2012-08-01,86.897423,14.898221,0.007523761830821172,False,False,0.0,-1.6365948037847944e-11,205748.95213515023,205748.9521351502,1,1.0000000000000002
2012-08-02,87.390022,14.809712,0.007538770648723689,False,False,0.0,-1.6365948037847944e-11,206915.2896923966,206915.28969239656,1,1.0000000000000002
2012-08-03,85.979713,15.140906,0.008284816778136429,True,False,0.0,-1.6365948037847944e-11,203576.06985227807,203576.06985227804,1,1.0000000000000002
2012-08-06,86.013474,15.192306,0.008039000010714227,True,False,0.0,-1.6365948037847944e-11,203656.0065193647,203656.00651936466,1,1.0000000000000002
2012-08-07,84.90683,15.543491,0.008507232945652376,True,False,0.0,-1.6365948037847944e-11,201035.78102215228,201035.78102215225,1,1.0000000000000002
2012-08-08,84.454742,15.580603,0.008546295949323365,True,False,0.0,-1.6365948037847944e-11,199965.36225642113,199965.3622564211,1,1.0000000000000002
2012-08-09,84.39399,15.70338,0.008322740078649646,True,False,0.0,-1.6365948037847944e-11,199821.5184011193,199821.51840111928,1,1.0000000000000002
2012-08-10,84.81913,15.783324,0.008449825057579338,True,False,0.0,-1.6365948037847944e-11,200828.13179068713,200828.1317906871,1,1.0000000000000002
2012-08-13,84.677498,15.646269,0.00833534467100532,True,False,0.0,-1.6365948037847944e-11,200492.78656889836,200492.78656889833,1,1.0000000000000002
2012-08-14,83.530312,15.526359,0.008657683317418821,True,False,0.0,-1.6365948037847944e-11,197776.56888078447,197776.56888078444,1,1.0000000000000002
2012-08-15,82.356186,15.614873,0.009057710764488114,True,False,0.0,-1.6365948037847944e-11,194996.56475828437,194996.56475828434,1,1.0000000000000002
2012-08-16,81.654457,15.860405,0.009155281460610237,True,False,0.0,-1.6365948037847944e-11,193335.06547040737,193335.06547040734,1,1.0000000000000002
2012-08-17,82.052544,15.746199,0.008656975376550401,True,False,0.0,-1.6365948037847944e-11,194277.62487298742,194277.6248729874,1,1.0000000000000002
2012-08-20,82.221268,15.640557,0.008501141257529989,True,False,0.0,-1.6365948037847944e-11,194677.11642292727,194677.11642292724,1,1.0000000000000002
2012-08-21,82.58564,15.64913,0.008294053915313756,True,False,0.0,-1.6365948037847944e-11,195539.84807363906,195539.84807363903,1,1.0000000000000002
2012-08-22,83.948708,15.53492,0.009342440787867242,True,False,0.0,-1.6365948037847944e-11,198767.2143522565,198767.21435225647,1,1.0000000000000002
2012-08-23,84.299484,15.446414,0.009347526890301749,True,False,0.0,-1.6365948037847944e-11,199597.75445278583,199597.7544527858,1,1.0000000000000002
2012-08-24,84.21859,15.523501,0.008471015263395556,True,False,0.0,-1.6365948037847944e-11,199406.219938189,199406.21993818897,1,1.0000000000000002
2012-08-27,84.711105,15.463543,0.008390227457902428,True,False,0.0,-1.6365948037847944e-11,200572.3586067758,200572.35860677576,1,1.0000000000000002
2012-08-28,84.913582,15.440698,0.008398847062701675,True,False,0.0,-1.6365948037847944e-11,201051.7678820252,201051.76788202516,1,1.0000000000000002
2012-08-29,84.542458,15.457828,0.008385759262583314,True,False,0.0,-1.6365948037847944e-11,200173.0493714405,200173.04937144046,1,1.0000000000000002
2012-08-30,84.981094,15.220852,0.00836534410555893,True,False,0.0,-1.6365948037847944e-11,201211.617538977,201211.61753897698,1,1.0000000000000002
2012-08-31,86.182182,15.403582,0.008273793184613304,True,False,0.0,-1.6365948037847944e-11,204055.46018575033,204055.4601857503,1,1.0000000000000002
2012-09-04,86.095604,15.283665,0.008277250331210705,True,False,0.0,-1.6365948037847944e-11,203850.46753852355,203850.46753852352,1,1.0000000000000002
2012-09-05,85.689896,15.200871,0.007787302400105484,False,False,0.0,-1.6365948037847944e-11,202889.86372553307,202889.86372553304,1,1.0000000000000002
2012-09-06,84.263069,15.663404,0.008613327778708246,True,False,0.0,-1.6365948037847944e-11,199511.53385114612,199511.5338511461,1,1.0000000000000002
2012-09-07,83.87085,15.620582,0.008672926560266062,True,False,0.0,-1.6365948037847944e-11,198582.86824206935,198582.86824206932,1,1.0000000000000002
2012-09-10,84.073746,15.349339,0.008607828281934335,True,False,0.0,-1.6365948037847944e-11,199063.26959289436,199063.26959289433,1,1.0000000000000002
2012-09-11,83.546341,15.449268,0.008704080840629574,True,False,0.0,-1.6365948037847944e-11,197814.52109892762,197814.5210989276,1,1.0000000000000002
2012-09-12,82.504936,15.483531,0.008621123583787074,True,False,0.0,-1.6365948037847944e-11,195348.76342624836,195348.76342624833,1,1.0000000000000002
2012-09-13,82.180298,15.620582,0.008061284797508369,True,False,0.0,-1.6365948037847944e-11,194580.1108469509,194580.11084695088,1,1.0000000000000002
2012-09-14,79.996193,15.826141,0.009910745499073966,True,False,0.0,-1.6365948037847944e-11,189408.75708766692,189408.7570876669,1,1.0000000000000002
2012-09-17,80.956398,15.663404,0.010251959187800409,True,False,0.0,-1.6365948037847944e-11,191682.25572277524,191682.2557227752,1,1.0000000000000002
2012-09-18,81.362099,15.597734,0.010314134751752675,True,False,0.0,-1.6365948037847944e-11,192642.8429617108,192642.84296171076,1,1.0000000000000002
2012-09-19,81.896355,15.503515,0.010378456223362753,True,False,0.0,-1.6365948037847944e-11,193907.812720042,193907.81272004198,1,1.0000000000000002
2012-09-20,82.099182,15.352193,0.009633733342060545,True,False,0.0,-1.6365948037847944e-11,194388.05069803956,194388.05069803953,1,1.0000000000000002
2012-09-21,82.193909,15.369325,0.009570060503036848,True,False,0.0,-1.6365948037847944e-11,194612.33791296545,194612.33791296542,1,1.0000000000000002
2012-09-24,82.836258,15.149469,0.009782127258647945,False,False,0.0,-1.6365948037847944e-11,196133.24186031334,196133.2418603133,1,1.0000000000000002
2012-09-25,83.65448,14.772352,0.009964512154058828,False,False,0.0,-1.6365948037847944e-11,198070.56420316268,198070.56420316265,1,1.0000000000000002
2012-09-26,84.553871,14.66624,0.010265358855528182,False,False,0.0,-1.6365948037847944e-11,200200.07218419662,200200.0721841966,1,1.0000000000000002
2012-09-27,83.952057,14.998908,0.010342695765040683,False,False,0.0,-1.6365948037847944e-11,198775.14385369522,198775.1438536952,1,1.0000000000000002
2012-09-28,83.999313,14.878456,0.010264134267151108,False,False,0.0,-1.6365948037847944e-11,198887.03293102837,198887.03293102834,1,1.0000000000000002
2012-10-01,84.311066,14.8211,0.009736284160217427,False,False,0.0,-1.6365948037847944e-11,199625.1774105832,199625.17741058316,1,1.0000000000000002
2012-10-02,84.195908,14.892804,0.009736439392793925,False,False,0.0,-1.6365948037847944e-11,199352.51526466457,199352.51526466454,1,1.0000000000000002
2012-10-03,84.222954,14.846915,0.009703342496612363,False,False,0.0,-1.6365948037847944e-11,199416.55267759736,199416.55267759733,1,1.0000000000000002
2012-10-04,83.172638,14.924349,0.009377748251812857,False,False,0.0,-1.6365948037847944e-11,196929.6962329502,196929.69623295017,1,1.0000000000000002
2012-10-05,82.095261,14.907141,0.009746027494169383,False,False,0.0,-1.6365948037847944e-11,194378.7668595381,194378.76685953807,1,1.0000000000000002
2012-10-08,82.7864,14.743673,0.009947623977177023,False,False,0.0,-1.6365948037847944e-11,196015.19196997824,196015.19196997822,1,1.0000000000000002
2012-10-09,82.637329,14.517113,0.009866791940513398,False,False,0.0,-1.6365948037847944e-11,195662.23326320807,195662.23326320804,1,1.0000000000000002
2012-10-10,83.220093,14.316362,0.009580752712567283,False,False,0.0,-1.6365948037847944e-11,197042.0564869887,197042.05648698867,1,1.0000000000000002
2012-10-11,83.796059,14.359381,0.009626778676010106,False,False,0.0,-1.6365948037847944e-11,198405.7839356781,198405.78393567808,1,1.0000000000000002
2012-10-12,84.006111,14.276211,0.007036954744623835,False,False,0.0,-1.6365948037847944e-11,198903.1287061196,198903.12870611958,1,1.0000000000000002
2012-10-15,83.81636,14.468359,0.0067393246793288316,False,False,0.0,-1.6365948037847944e-11,198453.851062793,198453.85106279296,1,1.0000000000000002
2012-10-16,82.657692,14.798163,0.007537710399213667,False,False,0.0,-1.6365948037847944e-11,195710.44718909546,195710.44718909543,1,1.0000000000000002
2012-10-17,81.891891,14.769487,0.0077317008858078925,False,False,0.0,-1.6365948037847944e-11,193897.24320841988,193897.24320841985,1,1.0000000000000002
2012-10-18,81.390442,14.626095,0.007825913447419109,False,False,0.0,-1.6365948037847944e-11,192709.951310256,192709.95131025597,1,1.0000000000000002
2012-10-19,82.495003,14.187306,0.00842027917644033,False,False,0.0,-1.6365948037847944e-11,195325.24484225584,195325.2448422558,1,1.0000000000000002
2012-10-22,81.966492,14.224589,0.008344321983659593,False,False,0.0,-1.6365948037847944e-11,194073.877647605,194073.87764760497,1,1.0000000000000002
2012-10-23,83.138763,14.259004,0.00868037272774387,False,False,0.0,-1.6365948037847944e-11,196849.48964553987,196849.48964553984,1,1.0000000000000002
2012-10-24,82.31884,14.029575,0.008527134673445399,False,False,0.0,-1.6365948037847944e-11,194908.13980733455,194908.13980733452,1,1.0000000000000002
2012-10-25,81.89872,14.236063,0.008466371378594205,False,False,0.0,-1.6365948037847944e-11,193913.41238289737,193913.41238289734,1,1.0000000000000002
2012-10-26,83.104858,14.281944,0.009177375065930476,False,False,0.0,-1.6365948037847944e-11,196769.21202646545,196769.21202646542,1,1.0000000000000002
2012-10-31,83.592743,14.307756,0.009241982217485855,False,False,0.0,-1.6365948037847944e-11,197924.3881415553,197924.38814155528,1,1.0000000000000002
2012-11-01,82.908325,14.758014,0.009404301542950614,False,False,0.0,-1.6365948037847944e-11,196303.87649160184,196303.8764916018,1,1.0000000000000002
2012-11-02,82.847382,14.482697,0.009400813078799648,False,False,0.0,-1.6365948037847944e-11,196159.5804013717,196159.58040137167,1,1.0000000000000002
2012-11-05,83.314934,14.73507,0.009080732760101486,False,False,0.0,-1.6365948037847944e-11,197266.61362223825,197266.61362223822,1,1.0000000000000002
2012-11-06,82.528923,14.95589,0.008841740836354132,False,False,0.0,-1.6365948037847944e-11,195405.55797716236,195405.55797716233,1,1.0000000000000002
2012-11-07,84.026436,14.551523,0.009538783117683572,False,False,0.0,-1.6365948037847944e-11,198951.2526585658,198951.25265856576,1,1.0000000000000002
2012-11-08,85.273323,14.385192,0.010011213853593558,False,False,0.0,-1.6365948037847944e-11,201903.53461151785,201903.53461151783,1,1.0000000000000002
2012-11-09,85.368202,14.402397,0.009928538444466816,False,False,0.0,-1.6365948037847944e-11,202128.1817202086,202128.18172020858,1,1.0000000000000002
2012-11-12,85.510506,14.410998,0.00984113046345571,False,False,0.0,-1.6365948037847944e-11,202465.11805127384,202465.1180512738,1,1.0000000000000002
2012-11-13,85.795074,14.302018,0.00984935863857212,False,False,0.0,-1.6365948037847944e-11,203138.89600451873,203138.8960045187,1,1.0000000000000002
2012-11-14,85.876373,14.069722,0.009818605538353509,False,False,0.0,-1.6365948037847944e-11,203331.38944658128,203331.38944658125,1,1.0000000000000002
2012-11-15,85.706985,13.894785,0.009192896249306458,False,False,0.0,-1.6365948037847944e-11,202930.32572914206,202930.32572914203,1,1.0000000000000002
2012-11-16,85.632469,13.897653,0.008842685001424076,False,False,0.0,-1.6365948037847944e-11,202753.89254633864,202753.8925463386,1,1.0000000000000002
2012-11-19,85.151321,14.178701,0.0088180787241366,False,False,0.0,-1.6365948037847944e-11,201614.66777528962,201614.6677752896,1,1.0000000000000002
2012-11-20,84.297523,14.115613,0.00881364191498977,False,False,0.0,-1.6365948037847944e-11,199593.11134967403,199593.111349674,1,1.0000000000000002
2012-11-21,84.250038,14.167235,0.008646692706102927,False,False,0.0,-1.6365948037847944e-11,199480.6800639714,199480.68006397138,1,1.0000000000000002
2012-11-23,84.1688,14.402397,0.008111035079793497,False,False,0.0,-1.6365948037847944e-11,199288.33105295923,199288.3310529592,1,1.0000000000000002
2012-11-26,84.568596,14.462628,0.007764445624539672,False,False,0.0,-1.6365948037847944e-11,200234.93689267238,200234.93689267235,1,1.0000000000000002
2012-11-27,84.90062,14.43107,0.0076301922057864565,False,False,0.0,-1.6365948037847944e-11,201021.07746767794,201021.0774676779,1,1.0000000000000002
2012-11-28,84.778656,14.583076,0.0070315694998218025,False,False,0.0,-1.6365948037847944e-11,200732.30060489097,200732.30060489094,1,1.0000000000000002
2012-11-29,84.792175,14.626095,0.006939251688800081,False,False,0.0,-1.6365948037847944e-11,200764.30984046884,200764.3098404688,1,1.0000000000000002
2012-11-30,84.561775,14.606016,0.006670347556670642,False,False,0.0,-1.6365948037847944e-11,200218.786659972,200218.78665997196,1,1.0000000000000002
2012-12-03,84.639893,14.537192,0.006658101918255671,False,False,0.0,-1.6365948037847944e-11,200403.74837791492,200403.7483779149,1,1.0000000000000002
2012-12-04,85.12867,14.626095,0.006662865657829496,False,False,0.0,-1.6365948037847944e-11,201561.03650115148,201561.03650115145,1,1.0000000000000002
2012-12-05,85.087982,14.628957,0.006200270119829775,False,False,0.0,-1.6365948037847944e-11,201464.6986228179,201464.69862281787,1,1.0000000000000002
2012-12-06,85.271294,14.772352,0.004853055448420079,False,False,0.0,-1.6365948037847944e-11,201898.7305033007,201898.73050330067,1,1.0000000000000002
2012-12-07,84.483711,14.803898,0.004123749195586258,False,False,0.0,-1.6365948037847944e-11,200033.9527990245,200033.95279902447,1,1.0000000000000002
2012-12-10,84.857178,14.901399,0.004254066016473493,False,False,0.0,-1.6365948037847944e-11,200918.2188825775,200918.21888257746,1,1.0000000000000002
2012-12-11,84.212135,15.18532,0.004527072753229626,True,False,0.0,-1.6365948037847944e-11,199390.93629179097,199390.93629179095,1,1.0000000000000002
2012-12-12,83.234398,15.127955,0.005029054756156097,True,False,0.0,-1.6365948037847944e-11,197075.92675216668,197075.92675216665,1,1.0000000000000002
2012-12-13,83.295525,14.984571,0.005023788458812163,False,False,0.0,-1.6365948037847944e-11,197220.6585032701,197220.65850327007,1,1.0000000000000002
2012-12-14,83.920174,14.869856,0.005408631296368224,False,False,0.0,-1.6365948037847944e-11,198699.653768783,198699.65376878297,1,1.0000000000000002
2012-12-17,82.664085,14.932946,0.006251101148606266,False,False,0.0,-1.6365948037847944e-11,195725.58403672097,195725.58403672095,1,1.0000000000000002
2012-12-18,81.822144,15.214,0.006481575392322025,True,False,0.0,-1.6365948037847944e-11,193732.10169249057,193732.10169249054,1,1.0000000000000002
2012-12-19,82.093712,15.233571,0.0062914730588510305,True,False,0.0,-1.6365948037847944e-11,194375.099257947,194375.09925794697,1,1.0000000000000002
2012-12-20,82.107338,15.204792,0.006298227896745391,True,False,0.0,-1.6365948037847944e-11,194407.3618397936,194407.36183979356,1,1.0000000000000002
2012-12-21,83.003609,15.063766,0.006859835885250436,False,False,0.0,-1.6365948037847944e-11,196529.48252775834,196529.48252775831,1,1.0000000000000002
2012-12-24,82.854156,14.994697,0.006741954576420718,False,False,0.0,-1.6365948037847944e-11,196175.61935113164,196175.6193511316,1,1.0000000000000002
2012-12-26,83.152199,14.89684,0.0067296992889836925,False,False,0.0,-1.6365948037847944e-11,196881.3023601803,196881.30236018027,1,1.0000000000000002
2012-12-27,83.431221,14.819137,0.006799612486917435,False,False,0.0,-1.6365948037847944e-11,197541.94892645022,197541.9489264502,1,1.0000000000000002
2012-12-28,83.907547,14.724156,0.006951632654774353,False,False,0.0,-1.6365948037847944e-11,198669.75654135185,198669.75654135182,1,1.0000000000000002
2012-12-31,82.458145,14.977429,0.007907909141628205,False,False,0.0,-1.6365948037847944e-11,195237.9753397092,195237.97533970917,1,1.0000000000000002
2013-01-02,81.35582,15.630746,0.008340993056483123,True,False,0.0,-1.6365948037847944e-11,192627.97603440896,192627.97603440893,1,1.0000000000000002
2013-01-03,80.253487,15.524262,0.008520041126215686,True,False,0.0,-1.6365948037847944e-11,190017.95778733166,190017.95778733163,1,1.0000000000000002
2013-01-04,80.566483,15.515617,0.008641922848518016,True,False,0.0,-1.6365948037847944e-11,190759.04534550346,190759.04534550343,1,1.0000000000000002
2013-01-07,80.60051,15.46094,0.008599038532586898,True,False,0.0,-1.6365948037847944e-11,190839.61182667865,190839.61182667862,1,1.0000000000000002
2013-01-08,81.131294,15.282497,0.008701496160495495,True,False,0.0,-1.6365948037847944e-11,192096.36085374822,192096.3608537482,1,1.0000000000000002
2013-01-09,81.056358,15.429279,0.008574684283843522,True,False,0.0,-1.6365948037847944e-11,191918.93322764707,191918.93322764704,1,1.0000000000000002
2013-01-10,80.831856,15.653767,0.008483804637587262,True,False,0.0,-1.6365948037847944e-11,191387.37487231762,191387.3748723176,1,1.0000000000000002
2013-01-11,81.553146,15.7286,0.008501269902297992,True,False,0.0,-1.6365948037847944e-11,193095.1891729277,193095.18917292767,1,1.0000000000000002
2013-01-14,81.328575,15.702695,0.008499196501840153,True,False,0.0,-1.6365948037847944e-11,192563.4674447708,192563.46744477077,1,1.0000000000000002
2013-01-15,81.702896,15.616355,0.008368056728378299,True,False,0.0,-1.6365948037847944e-11,193449.75556302926,193449.75556302923,1,1.0000000000000002
2013-01-16,81.872917,15.80343,0.007741136390752914,True,False,0.0,-1.6365948037847944e-11,193852.3180485816,193852.31804858157,1,1.0000000000000002
2013-01-17,81.056358,16.102743,0.007727092430158332,True,False,0.0,-1.6365948037847944e-11,191918.93322764707,191918.93322764704,1,1.0000000000000002
2013-01-18,81.682465,16.03367,0.007900165374247113,True,False,0.0,-1.6365948037847944e-11,193401.3806320365,193401.38063203648,1,1.0000000000000002
2013-01-22,81.838951,15.978986,0.007914677869536669,True,False,0.0,-1.6365948037847944e-11,193771.89599845675,193771.89599845672,1,1.0000000000000002
2013-01-23,81.716438,16.157429,0.007479444552386317,True,False,0.0,-1.6365948037847944e-11,193481.8192562163,193481.81925621626,1,1.0000000000000002
2013-01-24,81.430634,16.004892,0.007501310112758797,True,False,0.0,-1.6365948037847944e-11,192805.11479840934,192805.1147984093,1,1.0000000000000002
2013-01-25,80.31469,16.20923,0.007951779300600773,True,False,0.0,-1.6365948037847944e-11,190162.86948531753,190162.8694853175,1,1.0000000000000002
2013-01-28,80.022102,16.249525,0.007869764366876248,True,False,0.0,-1.6365948037847944e-11,189470.10240052931,189470.1024005293,1,1.0000000000000002
2013-01-29,79.579796,16.145922,0.007684074198165152,True,False,0.0,-1.6365948037847944e-11,188422.84469274792,188422.8446927479,1,1.0000000000000002
2013-01-30,79.443733,16.163183,0.006851921147376421,True,False,0.0,-1.6365948037847944e-11,188100.6853155433,188100.68531554326,1,1.0000000000000002
2013-01-31,79.831551,16.122894,0.006432131293870234,True,False,0.0,-1.6365948037847944e-11,189018.93057949262,189018.9305794926,1,1.0000000000000002
2013-02-01,78.795021,16.436607,0.006373595193241663,True,False,0.0,-1.6365948037847944e-11,186564.71555223403,186564.715552234,1,1.0000000000000002
2013-02-04,79.804314,16.183329,0.006999912860222339,True,False,0.0,-1.6365948037847944e-11,188954.44093163154,188954.4409316315,1,1.0000000000000002
2013-02-05,79.095093,16.436607,0.0072447019544904945,True,False,0.0,-1.6365948037847944e-11,187275.20266949985,187275.20266949982,1,1.0000000000000002
2013-02-06,79.74295,16.476894,0.007339754202609551,True,False,0.0,-1.6365948037847944e-11,188809.1480303815,188809.14803038148,1,1.0000000000000002
2013-02-07,79.565651,16.387672,0.007346093503871499,True,False,0.0,-1.6365948037847944e-11,188389.35326311196,188389.35326311193,1,1.0000000000000002
2013-02-08,79.87249,16.589144,0.0074075318413733245,True,False,0.0,-1.6365948037847944e-11,189115.86275608273,189115.8627560827,1,1.0000000000000002
2013-02-11,79.811165,16.629433,0.007063791686142781,True,False,0.0,-1.6365948037847944e-11,188970.66219599606,188970.66219599603,1,1.0000000000000002
2013-02-12,79.613373,16.658213,0.007060608480368556,True,False,0.0,-1.6365948037847944e-11,188502.3456989612,188502.34569896117,1,1.0000000000000002
2013-02-13,78.965469,16.692741,0.0070990222706528465,True,False,0.0,-1.6365948037847944e-11,186968.28905513906,186968.28905513903,1,1.0000000000000002
2013-02-14,79.681564,16.865435,0.007455017516275938,True,False,0.0,-1.6365948037847944e-11,188663.80303924443,188663.8030392444,1,1.0000000000000002
2013-02-15,79.449699,16.773335,0.007184594338708612,True,False,0.0,-1.6365948037847944e-11,188114.81114581606,188114.81114581603,1,1.0000000000000002
2013-02-19,79.054138,16.966171,0.006932036069667338,True,False,0.0,-1.6365948037847944e-11,187178.23260935553,187178.2326093555,1,1.0000000000000002
2013-02-20,79.292801,16.603525,0.0069659762965378945,True,False,0.0,-1.6365948037847944e-11,187743.32027787511,187743.3202778751,1,1.0000000000000002
2013-02-21,79.756584,16.292698,0.007160637688639221,True,False,0.0,-1.6365948037847944e-11,188841.42955400518,188841.42955400515,1,1.0000000000000002
2013-02-22,79.811165,16.635181,0.00715137711264009,True,False,0.0,-1.6365948037847944e-11,188970.66219599606,188970.66219599603,1,1.0000000000000002
2013-02-25,81.379684,16.318594,0.007852484464837014,True,False,0.0,-1.6365948037847944e-11,192684.4793555,192684.47935549996,1,1.0000000000000002
2013-02-26,80.909119,16.427973,0.007928891009747141,True,False,0.0,-1.6365948037847944e-11,191570.31218783295,191570.31218783293,1,1.0000000000000002
2013-02-27,80.670418,16.698502,0.007844877566983337,True,False,0.0,-1.6365948037847944e-11,191005.1345458721,191005.13454587208,1,1.0000000000000002
2013-02-28,80.820457,16.710014,0.007828184146139757,True,False,0.0,-1.6365948037847944e-11,191360.38520767144,191360.3852076714,1,1.0000000000000002
2013-03-01,81.26059,16.640949,0.007844307792623422,True,False,0.0,-1.6365948037847944e-11,192402.49785524787,192402.49785524784,1,1.0000000000000002
2013-03-04,80.830002,16.594896,0.0072901882539979845,True,False,0.0,-1.6365948037847944e-11,191382.98511547456,191382.98511547453,1,1.0000000000000002
2013-03-05,80.597687,16.920122,0.006819840063035164,True,False,0.0,-1.6365948037847944e-11,190832.92774708426,190832.92774708424,1,1.0000000000000002
2013-03-06,79.866356,16.940262,0.006833664698587337,True,False,0.0,-1.6365948037847944e-11,189101.33914849084,189101.3391484908,1,1.0000000000000002
2013-03-07,79.251274,17.017963,0.006818329641023354,True,False,0.0,-1.6365948037847944e-11,187644.9958806681,187644.99588066808,1,1.0000000000000002
2013-03-08,78.424301,17.040995,0.007181318906128365,True,False,0.0,-1.6365948037847944e-11,185686.95360139292,185686.9536013929,1,1.0000000000000002
2013-03-11,78.499481,17.058256,0.0071132345133645735,True,False,0.0,-1.6365948037847944e-11,185864.95895169568,185864.95895169565,1,1.0000000000000002
2013-03-12,79.06675,17.13022,0.007338658265176894,True,False,0.0,-1.6365948037847944e-11,187208.0943209546,187208.09432095458,1,1.0000000000000002
2013-03-13,78.984764,17.182016,0.007324904698995557,True,False,0.0,-1.6365948037847944e-11,187013.97425378353,187013.9742537835,1,1.0000000000000002
2013-03-14,78.745529,17.271236,0.007125244538226112,True,False,0.0,-1.6365948037847944e-11,186447.53224820126,186447.53224820123,1,1.0000000000000002
2013-03-15,79.114586,16.989189,0.006893237551916304,True,False,0.0,-1.6365948037847944e-11,187321.35667712757,187321.35667712754,1,1.0000000000000002
2013-03-18,79.716072,16.773335,0.007084750189069422,True,False,0.0,-1.6365948037847944e-11,188745.50839476782,188745.5083947678,1,1.0000000000000002
2013-03-19,80.255913,16.704256,0.007121126585814018,True,False,0.0,-1.6365948037847944e-11,190023.70188123742,190023.7018812374,1,1.0000000000000002
2013-03-20,79.360641,16.925869,0.007579744648059844,True,False,0.0,-1.6365948037847944e-11,187903.9465476881,187903.94654768807,1,1.0000000000000002
2013-03-21,80.126083,16.652452,0.0077754453114536924,True,False,0.0,-1.6365948037847944e-11,189716.30051611626,189716.30051611623,1,1.0000000000000002
2013-03-22,80.187607,16.836647,0.007775723529104174,True,False,0.0,-1.6365948037847944e-11,189861.97225290834,189861.9722529083,1,1.0000000000000002
2013-03-25,80.112404,16.819035,0.006323170718298733,True,False,0.0,-1.6365948037847944e-11,189683.91244499641,189683.9124449964,1,1.0000000000000002
2013-03-26,80.208076,16.94899,0.006223858924531428,True,False,0.0,-1.6365948037847944e-11,189910.43715734233,189910.4371573423,1,1.0000000000000002
2013-03-27,80.891525,16.983643,0.006499663873358855,True,False,0.0,-1.6365948037847944e-11,191528.65448454447,191528.65448454444,1,1.0000000000000002
2013-03-28,80.481453,17.099161,0.006587608451792051,True,False,0.0,-1.6365948037847944e-11,190557.71793214564,190557.7179321456,1,1.0000000000000002
2013-04-01,81.087631,16.74972,0.006696426717336957,True,False,0.0,-1.6365948037847944e-11,191992.9790020554,191992.97900205536,1,1.0000000000000002
2013-04-02,80.758842,16.602448,0.006650956159041834,True,False,0.0,-1.6365948037847944e-11,191214.49800816487,191214.49800816484,1,1.0000000000000002
2013-04-03,81.484886,16.267452,0.006906653406094833,True,False,0.0,-1.6365948037847944e-11,192933.56845981698,192933.56845981695,1,1.0000000000000002
2013-04-04,82.457428,16.481148,0.006954892273240885,True,False,0.0,-1.6365948037847944e-11,195236.27768293652,195236.2776829365,1,1.0000000000000002
2013-04-05,84.121758,16.394522,0.0077177324742335835,True,False,0.0,-1.6365948037847944e-11,199176.9486681635,199176.94866816347,1,1.0000000000000002
2013-04-08,83.477974,16.593777,0.0074817494095879835,True,False,0.0,-1.6365948037847944e-11,197652.6470395482,197652.64703954817,1,1.0000000000000002
2013-04-09,83.272484,16.752609,0.007572459164600775,True,False,0.0,-1.6365948037847944e-11,197166.1038174983,197166.10381749828,1,1.0000000000000002
2013-04-10,82.128723,17.128044,0.00836960480490042,True,False,0.0,-1.6365948037847944e-11,194457.9955777056,194457.99557770556,1,1.0000000000000002
2013-04-11,82.28627,17.047178,0.008341059177102017,True,False,0.0,-1.6365948037847944e-11,194831.02309731382,194831.0230973138,1,1.0000000000000002
2013-04-12,83.512192,16.977877,0.008713347009321274,True,False,0.0,-1.6365948037847944e-11,197733.66575565166,197733.66575565163,1,1.0000000000000002
2013-04-15,84.238243,16.564905,0.00880014728333473,True,False,0.0,-1.6365948037847944e-11,199452.7527813587,199452.75278135866,1,1.0000000000000002
2013-04-16,83.546501,16.905674,0.009086695292665517,True,False,0.0,-1.6365948037847944e-11,197814.89993446966,197814.89993446963,1,1.0000000000000002
2013-04-17,84.101295,16.339643,0.009083410507327654,True,False,0.0,-1.6365948037847944e-11,199128.49797006234,199128.4979700623,1,1.0000000000000002
2013-04-18,84.306755,16.201033,0.008505486971267694,True,False,0.0,-1.6365948037847944e-11,199614.9701604481,199614.97016044808,1,1.0000000000000002
2013-04-19,84.128639,16.322319,0.008431824685967166,True,False,0.0,-1.6365948037847944e-11,199193.24096419217,199193.24096419214,1,1.0000000000000002
2013-04-22,84.190269,16.498482,0.008432195700352679,True,False,0.0,-1.6365948037847944e-11,199339.1636795308,199339.16367953076,1,1.0000000000000002
2013-04-23,83.89579,16.839254,0.008505421668083735,True,False,0.0,-1.6365948037847944e-11,198641.91923218043,198641.9192321804,1,1.0000000000000002
2013-04-24,84.108086,17.055845,0.008501457583204725,True,False,0.0,-1.6365948037847944e-11,199144.57717109862,199144.5771710986,1,1.0000000000000002
2013-04-25,83.745094,17.223339,0.008499380326951748,True,False,0.0,-1.6365948037847944e-11,198285.11297693668,198285.11297693665,1,1.0000000000000002
2013-04-26,84.512207,17.055845,0.008493187724240292,True,False,0.0,-1.6365948037847944e-11,200101.4234090568,200101.42340905676,1,1.0000000000000002
2013-04-29,84.203972,17.266649,0.008509740298216967,True,False,0.0,-1.6365948037847944e-11,199371.60857598193,199371.6085759819,1,1.0000000000000002
2013-04-30,84.251961,17.399504,0.008401662824740095,True,False,0.0,-1.6365948037847944e-11,199485.23319364194,199485.2331936419,1,1.0000000000000002
2013-05-01,85.117462,17.263779,0.008460629644718606,True,False,0.0,-1.6365948037847944e-11,201534.49907143356,201534.49907143353,1,1.0000000000000002
2013-05-02,85.007652,17.491909,0.008174688131504203,True,False,0.0,-1.6365948037847944e-11,201274.49950350664,201274.4995035066,1,1.0000000000000002
2013-05-03,83.003433,17.627651,0.008817026236268889,True,False,0.0,-1.6365948037847944e-11,196529.06580866213,196529.0658086621,1,1.0000000000000002
2013-05-06,82.797493,17.766258,0.008674876910996015,True,False,0.0,-1.6365948037847944e-11,196041.45711165032,196041.4571116503,1,1.0000000000000002
2013-05-07,82.474899,17.780708,0.008698759484501476,True,False,0.0,-1.6365948037847944e-11,195277.64415640206,195277.64415640204,1,1.0000000000000002
2013-05-08,82.605339,17.97131,0.008117153690794802,True,False,0.0,-1.6365948037847944e-11,195586.48983202712,195586.4898320271,1,1.0000000000000002
2013-05-09,82.392609,18.104145,0.0081319465864569,True,False,0.0,-1.6365948037847944e-11,195082.8043017012,195082.80430170117,1,1.0000000000000002
2013-05-10,81.507126,18.262978,0.007695023965222751,True,False,0.0,-1.6365948037847944e-11,192986.2266001566,192986.22660015657,1,1.0000000000000002
2013-05-13,80.8825,18.086821,0.007455855480297001,True,False,0.0,-1.6365948037847944e-11,191507.28579225286,191507.28579225283,1,1.0000000000000002
2013-05-14,80.003906,18.170563,0.007595940368575295,True,False,0.0,-1.6365948037847944e-11,189427.01932851403,189427.019328514,1,1.0000000000000002
2013-05-15,80.539337,18.34672,0.0075990939682196185,True,False,0.0,-1.6365948037847944e-11,190694.7711603569,190694.77116035688,1,1.0000000000000002
2013-05-16,81.376701,18.21677,0.008043589479486288,True,False,0.0,-1.6365948037847944e-11,192677.41644036362,192677.4164403636,1,1.0000000000000002
2013-05-17,80.347115,18.450689,0.008409716816576754,True,False,0.0,-1.6365948037847944e-11,190239.64287562834,190239.6428756283,1,1.0000000000000002
2013-05-20,80.251076,18.416039,0.008384142861967276,True,False,0.0,-1.6365948037847944e-11,190012.24920925795,190012.24920925792,1,1.0000000000000002
2013-05-21,80.8825,18.413149,0.0086834516723259,True,False,0.0,-1.6365948037847944e-11,191507.28579225286,191507.28579225283,1,1.0000000000000002
2013-05-22,79.681358,18.121471,0.009092647404294014,True,False,0.0,-1.6365948037847944e-11,188663.31528848413,188663.3152884841,1,1.0000000000000002
2013-05-23,80.058907,18.124363,0.00923190148171628,True,False,0.0,-1.6365948037847944e-11,189557.2464138027,189557.24641380267,1,1.0000000000000002
2013-05-24,80.168739,18.118589,0.008885796684782787,True,False,0.0,-1.6365948037847944e-11,189817.29807161662,189817.2980716166,1,1.0000000000000002
2013-05-28,78.137024,18.283192,0.010273561379198812,True,False,0.0,-1.6365948037847944e-11,185006.76148887735,185006.76148887732,1,1.0000000000000002
2013-05-29,79.015602,18.352495,0.010769825322002552,True,False,0.0,-1.6365948037847944e-11,187086.990069062,187086.99006906198,1,1.0000000000000002
2013-05-30,78.82341,18.635515,0.010300876844082055,True,False,0.0,-1.6365948037847944e-11,186631.93281599757,186631.93281599754,1,1.0000000000000002
2013-05-31,78.555733,18.390047,0.010284173175205968,True,False,0.0,-1.6365948037847944e-11,185998.14805737845,185998.14805737842,1,1.0000000000000002
2013-06-03,78.971954,18.456465,0.009335137233648873,True,False,0.0,-1.6365948037847944e-11,186983.64373320123,186983.6437332012,1,1.0000000000000002
2013-06-04,78.242691,18.540213,0.009457715109444351,True,False,0.0,-1.6365948037847944e-11,185256.95158398827,185256.95158398824,1,1.0000000000000002
2013-06-05,79.322884,18.257206,0.01014742195779218,True,False,0.0,-1.6365948037847944e-11,187814.54846293974,187814.5484629397,1,1.0000000000000002
2013-06-06,79.274727,18.231215,0.01011913467482973,True,False,0.0,-1.6365948037847944e-11,187700.52606796063,187700.5260679606,1,1.0000000000000002
2013-06-07,77.857353,18.502672,0.01073307874726544,True,False,0.0,-1.6365948037847944e-11,184344.57827094017,184344.57827094014,1,1.0000000000000002
2013-06-10,77.485825,18.615299,0.010580986462641878,True,False,0.0,-1.6365948037847944e-11,183464.90320061194,183464.9032006119,1,1.0000000000000002
2013-06-11,78.407837,18.196548,0.010972801416049506,True,False,0.0,-1.6365948037847944e-11,185647.97142411993,185647.9714241199,1,1.0000000000000002
2013-06-12,77.286308,17.985744,0.011155554577307356,True,False,0.0,-1.6365948037847944e-11,182992.50238288977,182992.50238288974,1,1.0000000000000002
2013-06-13,78.497238,18.352495,0.01167187977832636,True,False,0.0,-1.6365948037847944e-11,185859.6481509411,185859.64815094107,1,1.0000000000000002
2013-06-14,78.311462,18.277414,0.01134697679347822,True,False,0.0,-1.6365948037847944e-11,185419.78220311133,185419.7822031113,1,1.0000000000000002
2013-06-17,77.898643,18.543098,0.011092804903934316,True,False,0.0,-1.6365948037847944e-11,184442.34151800055,184442.34151800052,1,1.0000000000000002
2013-06-18,77.939949,18.849224,0.011102393398192077,True,False,0.0,-1.6365948037847944e-11,184540.14264861515,184540.14264861512,1,1.0000000000000002
2013-06-19,77.134926,18.626852,0.011046630453275252,True,False,0.0,-1.6365948037847944e-11,182634.07187025965,182634.07187025962,1,1.0000000000000002
2013-06-20,75.868973,18.037727,0.011147036966414892,True,False,0.0,-1.6365948037847944e-11,179636.64692703265,179636.64692703262,1,1.0000000000000002
2013-06-21,74.582336,18.115696,0.011471279063557313,True,False,0.0,-1.6365948037847944e-11,176590.24801911204,176590.248019112,1,1.0000000000000002
2013-06-24,74.891953,17.728718,0.011550242840337102,True,False,0.0,-1.6365948037847944e-11,177323.335044181,177323.33504418097,1,1.0000000000000002
2013-06-25,74.224541,18.161901,0.010401944214844262,True,False,0.0,-1.6365948037847944e-11,175743.0888768991,175743.08887689907,1,1.0000000000000002
2013-06-26,74.706207,18.254791,0.01012372182036174,True,False,0.0,-1.6365948037847944e-11,176883.5401280154,176883.54012801536,1,1.0000000000000002
2013-06-27,75.469894,18.31846,0.010532075593200057,True,False,0.0,-1.6365948037847944e-11,178691.73874409212,178691.7387440921,1,1.0000000000000002
2013-06-28,75.985916,18.38213,0.010715522197500741,True,False,0.0,-1.6365948037847944e-11,179913.53545696687,179913.53545696684,1,1.0000000000000002
2013-07-01,76.139015,18.358984,0.010628500407700674,True,False,0.0,-1.6365948037847944e-11,180276.03134850715,180276.03134850712,1,1.0000000000000002
2013-07-02,76.090721,18.385021,0.01048434358805749,True,False,0.0,-1.6365948037847944e-11,180161.6845755952,180161.68457559517,1,1.0000000000000002
2013-07-03,75.863197,18.468945,0.009864694976157568,True,False,0.0,-1.6365948037847944e-11,179622.970963966,179622.97096396598,1,1.0000000000000002
2013-07-05,73.277161,18.709137,0.01222903561291869,True,False,0.0,-1.6365948037847944e-11,173499.95627820515,173499.95627820512,1,1.0000000000000002
2013-07-08,73.987419,18.335823,0.012114567000910632,True,False,0.0,-1.6365948037847944e-11,175181.64986819352,175181.6498681935,1,1.0000000000000002
2013-07-09,74.063324,18.53261,0.012127808054497256,True,False,0.0,-1.6365948037847944e-11,175361.37181704596,175361.37181704593,1,1.0000000000000002
2013-07-10,73.484009,18.723608,0.011716057897597382,True,False,0.0,-1.6365948037847944e-11,173989.71486691784,173989.7148669178,1,1.0000000000000002
2013-07-11,74.346046,19.131645,0.01185794198286522,True,False,0.0,-1.6365948037847944e-11,176030.77895522493,176030.7789552249,1,1.0000000000000002
2013-07-12,74.284027,19.235828,0.011129974079836602,True,False,0.0,-1.6365948037847944e-11,175883.93519597477,175883.93519597474,1,1.0000000000000002
2013-07-15,74.677025,19.235828,0.011274413400384221,True,False,0.0,-1.6365948037847944e-11,176814.44526059672,176814.4452605967,1,1.0000000000000002
2013-07-16,74.932259,19.311069,0.011323916856936182,True,False,0.0,-1.6365948037847944e-11,177418.76845265803,177418.768452658,1,1.0000000000000002
2013-07-17,75.070152,19.316868,0.011342709815767951,True,False,0.0,-1.6365948037847944e-11,177745.26076137437,177745.26076137435,1,1.0000000000000002
2013-07-18,74.132294,19.154806,0.011439279669697747,True,False,0.0,-1.6365948037847944e-11,175524.6736128744,175524.67361287438,1,1.0000000000000002
2013-07-19,75.304543,19.105604,0.011549947204762715,True,False,0.0,-1.6365948037847944e-11,178300.23352092228,178300.23352092225,1,1.0000000000000002
2013-07-22,75.414925,19.067995,0.010859981744299418,True,False,0.0,-1.6365948037847944e-11,178561.58742591186,178561.58742591183,1,1.0000000000000002
2013-07-23,75.097717,19.013008,0.010875454774634865,True,False,0.0,-1.6365948037847944e-11,177810.5270220966,177810.52702209656,1,1.0000000000000002
2013-07-24,74.146095,18.657047,0.011074049134966981,True,False,0.0,-1.6365948037847944e-11,175557.35054609505,175557.35054609503,1,1.0000000000000002
2013-07-25,74.118492,18.75255,0.010967158568724262,True,False,0.0,-1.6365948037847944e-11,175491.99431193163,175491.9943119316,1,1.0000000000000002
2013-07-26,74.573624,18.604956,0.010797928914663059,True,False,0.0,-1.6365948037847944e-11,176569.6204238495,176569.62042384947,1,1.0000000000000002
2013-07-29,74.028793,18.486311,0.01075012449660719,True,False,0.0,-1.6365948037847944e-11,175279.61200391344,175279.6120039134,1,1.0000000000000002
2013-07-30,74.001244,18.709137,0.010724584782691693,True,False,0.0,-1.6365948037847944e-11,175214.38362674546,175214.38362674543,1,1.0000000000000002
2013-07-31,74.270126,18.801746,0.010783265367740415,True,False,0.0,-1.6365948037847944e-11,175851.02149054038,175851.02149054036,1,1.0000000000000002
2013-08-01,72.839134,19.128765,0.011528983030231177,True,False,0.0,-1.6365948037847944e-11,172462.83005345042,172462.8300534504,1,1.0000000000000002
2013-08-02,73.64106,19.024576,0.0089558569207585,True,False,0.0,-1.6365948037847944e-11,174361.56799634584,174361.5679963458,1,1.0000000000000002
2013-08-05,73.074165,18.984064,0.00883809622804119,True,False,0.0,-1.6365948037847944e-11,173019.31815516634,173019.31815516631,1,1.0000000000000002
2013-08-06,73.288467,18.868307,0.008866950347110472,True,False,0.0,-1.6365948037847944e-11,173526.72574469252,173526.7257446925,1,1.0000000000000002
2013-08-07,73.834633,18.662838,0.008860594167285548,True,False,0.0,-1.6365948037847944e-11,174819.89507368227,174819.89507368224,1,1.0000000000000002
2013-08-08,74.035149,18.671524,0.008470644982941464,True,False,0.0,-1.6365948037847944e-11,175294.66124581988,175294.66124581985,1,1.0000000000000002
2013-08-09,74.152672,18.576025,0.008478534743372722,True,False,0.0,-1.6365948037847944e-11,175572.92305459385,175572.92305459382,1,1.0000000000000002
2013-08-12,73.647995,18.645477,0.008507431704816092,True,False,0.0,-1.6365948037847944e-11,174377.9881493699,174377.98814936986,1,1.0000000000000002
2013-08-13,72.583344,18.86541,0.008986697540662702,True,False,0.0,-1.6365948037847944e-11,171857.1904078806,171857.19040788058,1,1.0000000000000002
2013-08-14,72.693924,18.578909,0.008980619653217468,True,False,0.0,-1.6365948037847944e-11,172119.01312185344,172119.0131218534,1,1.0000000000000002
2013-08-15,71.712227,18.159306,0.009049125048093298,True,False,0.0,-1.6365948037847944e-11,169794.6274025644,169794.62740256437,1,1.0000000000000002
2013-08-16,71.463341,18.222965,0.008077924412713365,True,False,0.0,-1.6365948037847944e-11,169205.33451063238,169205.33451063235,1,1.0000000000000002
2013-08-19,70.841156,18.092735,0.008128773391600166,True,False,0.0,-1.6365948037847944e-11,167732.17331246648,167732.17331246645,1,1.0000000000000002
2013-08-20,71.387314,18.220074,0.008472946981437558,True,False,0.0,-1.6365948037847944e-11,169025.3236996791,169025.32369967908,1,1.0000000000000002
2013-08-21,70.606102,18.081165,0.008370318297977334,True,False,0.0,-1.6365948037847944e-11,167175.6307531414,167175.63075314136,1,1.0000000000000002
2013-08-22,71.325089,18.280844,0.008824493183451073,True,False,0.0,-1.6365948037847944e-11,168877.99218966864,168877.9921896686,1,1.0000000000000002
2013-08-23,72.099403,18.280844,0.009106225719681485,True,False,0.0,-1.6365948037847944e-11,170711.35258890135,170711.35258890133,1,1.0000000000000002
2013-08-26,72.458916,18.24612,0.009120439468912509,True,False,0.0,-1.6365948037847944e-11,171562.57947774668,171562.57947774665,1,1.0000000000000002
2013-08-27,73.371429,17.797556,0.009614321876035815,True,False,0.0,-1.6365948037847944e-11,173723.15670866988,173723.15670866985,1,1.0000000000000002
2013-08-28,72.776894,18.029074,0.00971254646982667,True,False,0.0,-1.6365948037847944e-11,172315.46302760788,172315.46302760785,1,1.0000000000000002
2013-08-29,73.357613,18.217176,0.008870711089557896,True,False,0.0,-1.6365948037847944e-11,173690.44425961716,173690.44425961713,1,1.0000000000000002
2013-08-30,73.274696,18.060907,0.008515504666802856,True,False,0.0,-1.6365948037847944e-11,173494.11984313602,173494.119843136,1,1.0000000000000002
2013-09-03,72.241142,18.211391,0.008928115027583422,True,False,0.0,-1.6365948037847944e-11,171046.95115695882,171046.9511569588,1,1.0000000000000002
2013-09-04,72.081718,18.671524,0.008895915287783602,True,False,0.0,-1.6365948037847944e-11,170669.47942289838,170669.47942289835,1,1.0000000000000002
2013-09-05,71.07666,18.813322,0.009139175431143192,True,False,0.0,-1.6365948037847944e-11,168289.7813467535,168289.78134675347,1,1.0000000000000002
2013-09-06,71.430176,18.726505,0.00921250930656612,True,False,0.0,-1.6365948037847944e-11,169126.80900593978,169126.80900593975,1,1.0000000000000002
2013-09-09,71.464828,18.975382,0.009194537211925763,True,False,0.0,-1.6365948037847944e-11,169208.85531345094,169208.8553134509,1,1.0000000000000002
2013-09-10,70.965782,19.345798,0.009199711432428974,True,False,0.0,-1.6365948037847944e-11,168027.25305158368,168027.25305158366,1,1.0000000000000002
2013-09-11,71.596512,19.293709,0.00898468777835266,True,False,0.0,-1.6365948037847944e-11,169520.64643541514,169520.6464354151,1,1.0000000000000002
2013-09-12,71.499496,19.166382,0.00897052030166664,True,False,0.0,-1.6365948037847944e-11,169290.9395045163,169290.93950451628,1,1.0000000000000002
2013-09-13,71.776718,19.256086,0.0084999291097385,True,False,0.0,-1.6365948037847944e-11,169947.3241709386,169947.32417093858,1,1.0000000000000002
2013-09-16,71.298477,19.319756,0.008599588304222874,True,False,0.0,-1.6365948037847944e-11,168814.98236814354,168814.9823681435,1,1.0000000000000002
2013-09-17,71.887688,19.452879,0.008540575213257245,True,False,0.0,-1.6365948037847944e-11,170210.07029654508,170210.07029654505,1,1.0000000000000002
2013-09-18,72.77491,19.626513,0.00879469742542088,True,False,0.0,-1.6365948037847944e-11,172310.76546688695,172310.76546688692,1,1.0000000000000002
2013-09-19,72.345192,19.568628,0.008499250610024892,True,False,0.0,-1.6365948037847944e-11,171293.3126453733,171293.31264537328,1,1.0000000000000002
2013-09-20,72.72641,19.461561,0.008297609496236686,True,False,0.0,-1.6365948037847944e-11,172195.93094321465,172195.93094321463,1,1.0000000000000002
2013-09-23,73.260132,19.380527,0.008114985408547312,True,False,0.0,-1.6365948037847944e-11,173459.6363379244,173459.63633792437,1,1.0000000000000002
2013-09-24,74.050346,19.502905,0.008368877106217943,True,False,0.0,-1.6365948037847944e-11,175330.64351914456,175330.64351914453,1,1.0000000000000002
2013-09-25,74.202827,19.523262,0.007932560855094025,True,False,0.0,-1.6365948037847944e-11,175691.67615840383,175691.6761584038,1,1.0000000000000002
2013-09-26,73.682953,19.511631,0.007872384184488195,True,False,0.0,-1.6365948037847944e-11,174460.7589798552,174460.75897985516,1,1.0000000000000002
2013-09-27,73.863113,19.354654,0.007696914691129373,True,False,0.0,-1.6365948037847944e-11,174887.32780016033,174887.3278001603,1,1.0000000000000002
2013-09-30,73.752289,19.375011,0.007701095471965967,True,False,0.0,-1.6365948037847944e-11,174624.92736198596,174624.92736198593,1,1.0000000000000002
2013-10-01,73.528465,19.561045,0.0069614746397627875,True,False,0.0,-1.6365948037847944e-11,174094.9743222658,174094.97432226577,1,1.0000000000000002
2013-10-02,73.639641,19.526169,0.006924097871677199,True,False,0.0,-1.6365948037847944e-11,174358.2081986326,174358.20819863258,1,1.0000000000000002
2013-10-03,73.521515,19.476751,0.005991266143865847,True,False,0.0,-1.6365948037847944e-11,174078.51865340964,174078.5186534096,1,1.0000000000000002
2013-10-04,73.465942,19.625008,0.005963344822638208,True,False,0.0,-1.6365948037847944e-11,173946.9372310583,173946.93723105828,1,1.0000000000000002
2013-10-07,73.764755,19.526169,0.005987824640544599,True,False,0.0,-1.6365948037847944e-11,174654.4433861529,174654.44338615288,1,1.0000000000000002
2013-10-08,73.785576,19.215118,0.005649648623137503,True,False,0.0,-1.6365948037847944e-11,174703.74172877937,174703.74172877934,1,1.0000000000000002
2013-10-09,73.194901,19.145355,0.005823261841583641,True,False,0.0,-1.6365948037847944e-11,173305.18745516837,173305.18745516834,1,1.0000000000000002
2013-10-10,73.313011,19.572681,0.00579502439848412,True,False,0.0,-1.6365948037847944e-11,173584.83911683713,173584.8391168371,1,1.0000000000000002
2013-10-11,73.292175,19.61047,0.0057706682853106706,True,False,0.0,-1.6365948037847944e-11,173535.50525837866,173535.50525837863,1,1.0000000000000002
2013-10-14,72.701447,19.764538,0.005877480850904623,True,False,0.0,-1.6365948037847944e-11,172136.8254954944,172136.82549549438,1,1.0000000000000002
2013-10-15,72.652817,19.587212,0.005630959376074874,True,False,0.0,-1.6365948037847944e-11,172021.68316794423,172021.6831679442,1,1.0000000000000002
2013-10-16,73.563248,19.77326,0.005651607663355818,True,False,0.0,-1.6365948037847944e-11,174177.33080137701,174177.330801377,1,1.0000000000000002
2013-10-17,74.230423,19.918612,0.005740113511750322,True,False,0.0,-1.6365948037847944e-11,175757.0158185123,175757.01581851227,1,1.0000000000000002
2013-10-18,74.390251,19.973848,0.005668653294253658,True,False,0.0,-1.6365948037847944e-11,176135.44411231636,176135.44411231633,1,1.0000000000000002
2013-10-21,74.153908,20.023264,0.005550873370757692,True,False,0.0,-1.6365948037847944e-11,175575.8495591559,175575.84955915587,1,1.0000000000000002
2013-10-22,74.980988,19.976753,0.005586210083952246,True,False,0.0,-1.6365948037847944e-11,177534.14518469982,177534.1451846998,1,1.0000000000000002
2013-10-23,75.272842,19.31687,0.005625691564319239,True,False,0.0,-1.6365948037847944e-11,178225.17436143907,178225.17436143904,1,1.0000000000000002
2013-10-24,74.980988,19.488373,0.005438559601559305,True,False,0.0,-1.6365948037847944e-11,177534.14518469982,177534.1451846998,1,1.0000000000000002
2013-10-25,75.258942,19.549431,0.005464872693546675,True,False,0.0,-1.6365948037847944e-11,178192.26302372682,178192.2630237268,1,1.0000000000000002
2013-10-28,75.001808,19.683142,0.005526503684717791,True,False,0.0,-1.6365948037847944e-11,177583.4411596041,177583.44115960406,1,1.0000000000000002
2013-10-29,75.099106,20.000008,0.005450837555484368,True,False,0.0,-1.6365948037847944e-11,177813.8157881457,177813.81578814567,1,1.0000000000000002
2013-10-30,74.647385,19.889544,0.0056742110719929,True,False,0.0,-1.6365948037847944e-11,176744.26597643906,176744.26597643903,1,1.0000000000000002
2013-10-31,74.807213,20.020359,0.005656593258150786,True,False,0.0,-1.6365948037847944e-11,177122.69427024308,177122.69427024305,1,1.0000000000000002
2013-11-01,73.997498,19.933147,0.00623336074141397,True,False,0.0,-1.6365948037847944e-11,175205.51413961808,175205.51413961806,1,1.0000000000000002
2013-11-04,74.067169,19.918612,0.006174701938661145,True,False,0.0,-1.6365948037847944e-11,175370.47570866498,175370.47570866495,1,1.0000000000000002
2013-11-05,73.182182,19.872099,0.0067523401765521235,True,False,0.0,-1.6365948037847944e-11,173275.0723973006,173275.07239730057,1,1.0000000000000002
2013-11-06,73.217003,19.912796,0.006510232286656256,True,False,0.0,-1.6365948037847944e-11,173357.51884985302,173357.518849853,1,1.0000000000000002
2013-11-07,73.837212,19.561045,0.006771838238330732,True,False,0.0,-1.6365948037847944e-11,174826.00142907506,174826.00142907503,1,1.0000000000000002
2013-11-08,72.06031,19.77326,0.0087442344055987,True,False,0.0,-1.6365948037847944e-11,170618.79122737722,170618.7912273772,1,1.0000000000000002
2013-11-11,71.788521,19.77326,0.008608265758722769,True,False,0.0,-1.6365948037847944e-11,169975.27039532838,169975.27039532835,1,1.0000000000000002
2013-11-12,72.122986,19.895357,0.008688789968944574,True,False,0.0,-1.6365948037847944e-11,170767.19058007174,170767.1905800717,1,1.0000000000000002
2013-11-13,72.387833,20.055231,0.008215714122282294,True,False,0.0,-1.6365948037847944e-11,171394.27468504157,171394.27468504154,1,1.0000000000000002
2013-11-14,72.833771,19.970932,0.008057680234691094,True,False,0.0,-1.6365948037847944e-11,172450.13195962663,172450.1319596266,1,1.0000000000000002
2013-11-15,72.980125,20.098839,0.008054839171807108,True,False,0.0,-1.6365948037847944e-11,172796.65756534899,172796.65756534896,1,1.0000000000000002
2013-11-18,73.419098,19.918612,0.008181878650032037,True,False,0.0,-1.6365948037847944e-11,173836.02365524587,173836.02365524584,1,1.0000000000000002
2013-11-19,72.861656,19.688969,0.007850021735772438,True,False,0.0,-1.6365948037847944e-11,172516.15589143283,172516.1558914328,1,1.0000000000000002
2013-11-20,71.621254,19.584311,0.00848539386909973,True,False,0.0,-1.6365948037847944e-11,169579.22861654294,169579.2286165429,1,1.0000000000000002
2013-11-21,71.739731,19.938959,0.008527603897626069,True,False,0.0,-1.6365948037847944e-11,169859.7492322362,169859.74923223618,1,1.0000000000000002
2013-11-22,72.408714,19.965126,0.008817601252272387,True,False,0.0,-1.6365948037847944e-11,171443.71509099624,171443.7150909962,1,1.0000000000000002
2013-11-25,72.617744,19.938959,0.00887398057774961,True,False,0.0,-1.6365948037847944e-11,171938.64004941314,171938.6400494131,1,1.0000000000000002
2013-11-26,72.889519,20.107567,0.008932667269322394,True,False,0.0,-1.6365948037847944e-11,172582.12773335207,172582.12773335204,1,1.0000000000000002
2013-11-27,72.764099,20.162794,0.008869136918529927,True,False,0.0,-1.6365948037847944e-11,172285.16802285763,172285.1680228576,1,1.0000000000000002
2013-11-29,72.784973,20.194773,0.008841213591539695,True,False,0.0,-1.6365948037847944e-11,172334.5918547573,172334.59185475728,1,1.0000000000000002
2013-12-02,72.218857,20.145355,0.008692577761314824,True,False,0.0,-1.6365948037847944e-11,170994.18646912303,170994.186469123,1,1.0000000000000002
2013-12-03,72.484489,20.21512,0.008749499157793994,True,False,0.0,-1.6365948037847944e-11,171623.12923597082,171623.1292359708,1,1.0000000000000002
2013-12-04,71.792503,20.122099,0.008605375535754954,True,False,0.0,-1.6365948037847944e-11,169984.69866488018,169984.69866488015,1,1.0000000000000002
2013-12-05,71.589859,20.162794,0.008608087806952323,True,False,0.0,-1.6365948037847944e-11,169504.89398003384,169504.8939800338,1,1.0000000000000002
2013-12-06,71.93232,20.39826,0.008431157292084292,True,False,0.0,-1.6365948037847944e-11,170315.74647098925,170315.74647098922,1,1.0000000000000002
2013-12-09,72.100052,20.444771,0.006475822522462718,True,False,0.0,-1.6365948037847944e-11,170712.88924056868,170712.88924056865,1,1.0000000000000002
2013-12-10,72.617218,20.389544,0.006597536025454729,True,False,0.0,-1.6365948037847944e-11,171937.39462756875,171937.39462756872,1,1.0000000000000002
2013-12-11,72.058136,20.212214,0.00677338858048728,True,False,0.0,-1.6365948037847944e-11,170613.64379945016,170613.64379945013,1,1.0000000000000002
2013-12-12,71.785538,20.046513,0.006763591778921914,True,False,0.0,-1.6365948037847944e-11,169968.207480192,169968.20748019198,1,1.0000000000000002
2013-12-13,72.135002,20.005819,0.006703836686024088,True,False,0.0,-1.6365948037847944e-11,170795.64112927683,170795.6411292768,1,1.0000000000000002
2013-12-16,71.869446,20.252905,0.006713487138418132,True,False,0.0,-1.6365948037847944e-11,170166.87830931146,170166.87830931143,1,1.0000000000000002
2013-12-17,72.190941,20.465128,0.006640528698529552,True,False,0.0,-1.6365948037847944e-11,170928.0891379305,170928.08913793048,1,1.0000000000000002
2013-12-18,71.827507,20.572678,0.006526189803893855,True,False,0.0,-1.6365948037847944e-11,170067.5784105838,170067.57841058378,1,1.0000000000000002
2013-12-19,71.757629,20.488373,0.00525849999874727,True,False,0.0,-1.6365948037847944e-11,169902.12672305445,169902.12672305442,1,1.0000000000000002
2013-12-20,72.861877,20.671515,0.00625764282565047,True,False,0.0,-1.6365948037847944e-11,172516.67915802528,172516.67915802525,1,1.0000000000000002
2013-12-23,72.449554,20.825792,0.00607880083263894,True,False,0.0,-1.6365948037847944e-11,171540.41286309474,171540.4128630947,1,1.0000000000000002
2013-12-24,71.869446,20.872452,0.0062955978687418744,True,False,0.0,-1.6365948037847944e-11,170166.87830931146,170166.87830931143,1,1.0000000000000002
2013-12-26,71.592422,20.954115,0.0062545198984343305,True,False,0.0,-1.6365948037847944e-11,169510.96245187244,169510.96245187242,1,1.0000000000000002
2013-12-27,71.389076,20.971617,0.00626732541968035,True,False,0.0,-1.6365948037847944e-11,169029.49562608553,169029.4956260855,1,1.0000000000000002
2013-12-30,71.879936,21.006609,0.006503238540881592,True,False,0.0,-1.6365948037847944e-11,170191.71571453463,170191.7157145346,1,1.0000000000000002
2013-12-31,71.424171,21.204924,0.006426698671347788,True,False,0.0,-1.6365948037847944e-11,169112.59083450364,169112.59083450362,1,1.0000000000000002
2014-01-02,71.641518,20.91329,0.006406325222260657,True,False,0.0,-1.6365948037847944e-11,169627.20813793875,169627.20813793872,1,1.0000000000000002
2014-01-03,71.641518,20.852036,0.006045366230997019,True,False,0.0,-1.6365948037847944e-11,169627.20813793875,169627.20813793872,1,1.0000000000000002
2014-01-06,71.943024,20.749964,0.006082940349614537,True,False,0.0,-1.6365948037847944e-11,170341.09056874982,170341.0905687498,1,1.0000000000000002
2014-01-07,72.125336,20.892868,0.00601543655717716,True,False,0.0,-1.6365948037847944e-11,170772.75472709507,170772.75472709505,1,1.0000000000000002
2014-01-08,71.929008,21.204924,0.006024538003024618,True,False,0.0,-1.6365948037847944e-11,170307.9045752696,170307.90457526958,1,1.0000000000000002
2014-01-09,72.349724,21.047434,0.005947736118867386,True,False,0.0,-1.6365948037847944e-11,171304.04316210077,171304.04316210074,1,1.0000000000000002
2014-01-10,73.212227,21.143682,0.006244577758114422,True,False,0.0,-1.6365948037847944e-11,173346.21060892395,173346.21060892392,1,1.0000000000000002
2014-01-13,73.576836,20.904539,0.006213155899337018,True,False,0.0,-1.6365948037847944e-11,174209.50340978234,174209.5034097823,1,1.0000000000000002
2014-01-14,73.240273,21.353651,0.006281602502211479,True,False,0.0,-1.6365948037847944e-11,173412.61574399436,173412.61574399433,1,1.0000000000000002
2014-01-15,73.163124,21.543222,0.006210634482628948,True,False,0.0,-1.6365948037847944e-11,173229.94834880272,173229.9483488027,1,1.0000000000000002
2014-01-16,73.653992,21.4324,0.006297225023084154,True,False,0.0,-1.6365948037847944e-11,174392.18737902894,174392.1873790289,1,1.0000000000000002
2014-01-17,73.962479,21.315748,0.006167287396596355,True,False,0.0,-1.6365948037847944e-11,175122.59887808244,175122.5988780824,1,1.0000000000000002
2014-01-21,74.01857,21.4324,0.006143371609971303,True,False,0.0,-1.6365948037847944e-11,175255.40678050104,175255.406780501,1,1.0000000000000002
2014-01-22,73.836319,21.662786,0.005277732712589828,True,False,0.0,-1.6365948037847944e-11,174823.8870532062,174823.88705320618,1,1.0000000000000002
2014-01-23,74.881096,21.446978,0.005843531702499441,True,False,0.0,-1.6365948037847944e-11,177297.62868493338,177297.62868493336,1,1.0000000000000002
2014-01-24,75.364914,20.948273,0.005464511252934095,True,False,0.0,-1.6365948037847944e-11,178443.1752740897,178443.17527408968,1,1.0000000000000002
2014-01-27,74.838989,20.802462,0.005693507108239843,True,False,0.0,-1.6365948037847944e-11,177197.93100888658,177197.93100888655,1,1.0000000000000002
2014-01-28,75.021347,20.887035,0.005567461292353413,True,False,0.0,-1.6365948037847944e-11,177629.70408245016,177629.70408245013,1,1.0000000000000002
2014-01-29,75.638351,20.808294,0.005630453226416033,True,False,0.0,-1.6365948037847944e-11,179090.59811222128,179090.59811222125,1,1.0000000000000002
2014-01-30,75.420982,21.070766,0.005389086558649145,True,False,0.0,-1.6365948037847944e-11,178575.92871889914,178575.92871889911,1,1.0000000000000002
2014-01-31,75.925835,20.974525,0.005461048336480797,True,False,0.0,-1.6365948037847944e-11,179771.28034321935,179771.28034321932,1,1.0000000000000002
2014-02-03,76.851044,20.50499,0.005784075370924732,True,False,0.0,-1.6365948037847944e-11,181961.91817440116,181961.91817440113,1,1.0000000000000002
2014-02-04,76.035545,20.539991,0.006590014343264021,True,False,0.0,-1.6365948037847944e-11,180031.04313893247,180031.04313893244,1,1.0000000000000002
2014-02-05,75.332535,20.566236,0.007120848289645547,True,False,0.0,-1.6365948037847944e-11,178366.51079899722,178366.5107989972,1,1.0000000000000002
2014-02-06,75.009178,20.892868,0.0071863519928965815,True,False,0.0,-1.6365948037847944e-11,177600.89127175804,177600.891271758,1,1.0000000000000002
2014-02-07,75.072449,21.222412,0.007136276144931997,True,False,0.0,-1.6365948037847944e-11,177750.6994191244,177750.69941912437,1,1.0000000000000002
2014-02-10,75.283356,21.330326,0.006744805762879563,True,False,0.0,-1.6365948037847944e-11,178250.0685919935,178250.06859199348,1,1.0000000000000002
2014-02-11,74.84745,21.610298,0.0068734865786110365,True,False,0.0,-1.6365948037847944e-11,177217.9643058926,177217.96430589256,1,1.0000000000000002
2014-02-12,74.460815,21.799864,0.006899478405351062,True,False,0.0,-1.6365948037847944e-11,176302.52005723203,176302.520057232,1,1.0000000000000002
2014-02-13,74.882607,22.047758,0.0069658023215119136,True,False,0.0,-1.6365948037847944e-11,177301.20631308324,177301.2063130832,1,1.0000000000000002
2014-02-14,74.924767,22.190653,0.006843666982996692,True,False,0.0,-1.6365948037847944e-11,177401.02947840333,177401.0294784033,1,1.0000000000000002
2014-02-18,75.093521,22.248976,0.006807841209735475,True,False,0.0,-1.6365948037847944e-11,177800.59206000733,177800.5920600073,1,1.0000000000000002
2014-02-19,74.777161,22.228567,0.006898335930058137,True,False,0.0,-1.6365948037847944e-11,177051.53948456474,177051.5394845647,1,1.0000000000000002
2014-02-20,74.594383,22.380213,0.0068979290762626365,True,False,0.0,-1.6365948037847944e-11,176618.7719677034,176618.77196770336,1,1.0000000000000002
2014-02-21,74.988052,22.283974,0.006238438904162958,True,False,0.0,-1.6365948037847944e-11,177550.87077387964,177550.8707738796,1,1.0000000000000002
2014-02-24,74.798279,22.371468,0.006076879100100914,True,False,0.0,-1.6365948037847944e-11,177101.541040666,177101.54104066596,1,1.0000000000000002
2014-02-25,75.46611,22.251898,0.006202622162505802,True,False,0.0,-1.6365948037847944e-11,178682.77928352356,178682.77928352353,1,1.0000000000000002
2014-02-26,75.866837,22.403547,0.006284082872455961,True,False,0.0,-1.6365948037847944e-11,179631.5894725468,179631.58947254677,1,1.0000000000000002
2014-02-27,76.28154,22.400639,0.0061371500852739815,True,False,0.0,-1.6365948037847944e-11,180613.49094616476,180613.49094616473,1,1.0000000000000002
2014-02-28,76.32373,22.383131,0.006087766973378343,True,False,0.0,-1.6365948037847944e-11,180713.38514314895,180713.38514314892,1,1.0000000000000002
2014-03-03,76.833267,22.243149,0.0060868391039611905,True,False,0.0,-1.6365948037847944e-11,181919.82717796153,181919.8271779615,1,1.0000000000000002
2014-03-04,75.677536,22.636852,0.006416156461967979,True,False,0.0,-1.6365948037847944e-11,179183.37730418207,179183.37730418204,1,1.0000000000000002
2014-03-05,75.839653,22.680597,0.006001977088828454,True,False,0.0,-1.6365948037847944e-11,179567.225313959,179567.22531395897,1,1.0000000000000002
2014-03-06,75.092606,22.838087,0.006052344159891774,True,False,0.0,-1.6365948037847944e-11,177798.42559425146,177798.42559425143,1,1.0000000000000002
2014-03-07,74.620461,22.811844,0.006140564862201272,True,False,0.0,-1.6365948037847944e-11,176680.51742560705,176680.51742560702,1,1.0000000000000002
2014-03-10,74.726181,22.773928,0.006147309235772847,True,False,0.0,-1.6365948037847944e-11,176930.83300999124,176930.8330099912,1,1.0000000000000002
2014-03-11,74.923523,22.648523,0.00614305348266596,True,False,0.0,-1.6365948037847944e-11,177398.08403206422,177398.0840320642,1,1.0000000000000002
2014-03-12,75.444992,22.829336,0.006195823928241971,True,False,0.0,-1.6365948037847944e-11,178632.77772742228,178632.77772742225,1,1.0000000000000002
2014-03-13,76.459763,22.458958,0.00668516381839081,True,False,0.0,-1.6365948037847944e-11,181035.47348868943,181035.4734886894,1,1.0000000000000002
2014-03-14,76.473808,22.330647,0.006610389896124601,True,False,0.0,-1.6365948037847944e-11,181068.72814611165,181068.72814611162,1,1.0000000000000002
2014-03-17,75.903046,22.607697,0.006881498413924645,True,False,0.0,-1.6365948037847944e-11,179717.32232342617,179717.32232342614,1,1.0000000000000002
2014-03-18,76.17791,22.93433,0.006904941886469085,True,False,0.0,-1.6365948037847944e-11,180368.12390104803,180368.123901048,1,1.0000000000000002
2014-03-19,75.585945,22.913912,0.007083755909309975,True,False,0.0,-1.6365948037847944e-11,178966.5152658796,178966.51526587957,1,1.0000000000000002
2014-03-20,75.452034,23.336788,0.007070395996030054,True,False,0.0,-1.6365948037847944e-11,178649.45122671506,178649.45122671503,1,1.0000000000000002
2014-03-21,76.269531,23.132647,0.007364291058301529,True,False,0.0,-1.6365948037847944e-11,180585.05697101462,180585.0569710146,1,1.0000000000000002
2014-03-24,76.81208,23.039314,0.007445638970335103,True,False,0.0,-1.6365948037847944e-11,181869.66224903276,181869.66224903273,1,1.0000000000000002
2014-03-25,76.523186,23.211546,0.007305791243405136,True,False,0.0,-1.6365948037847944e-11,181185.6415298207,181185.64152982068,1,1.0000000000000002
2014-03-26,77.122185,22.948372,0.007409361371567646,True,False,0.0,-1.6365948037847944e-11,182603.90472250484,182603.9047225048,1,1.0000000000000002
2014-03-27,77.509796,22.778786,0.007395589372784852,True,False,0.0,-1.6365948037847944e-11,183521.65986797167,183521.65986797164,1,1.0000000000000002
2014-03-28,77.07283,22.927917,0.007535335399624204,True,False,0.0,-1.6365948037847944e-11,182487.0457964049,182487.04579640488,1,1.0000000000000002
2014-03-31,76.882553,23.302193,0.00741772490092429,True,False,0.0,-1.6365948037847944e-11,182036.52273123394,182036.5227312339,1,1.0000000000000002
2014-04-01,76.225525,23.673557,0.0068317912069529125,True,False,0.0,-1.6365948037847944e-11,180480.8629906286,180480.86299062858,1,1.0000000000000002
2014-04-02,75.787498,23.638472,0.006950980784632115,True,False,0.0,-1.6365948037847944e-11,179443.73676587388,179443.73676587385,1,1.0000000000000002
2014-04-03,76.119583,23.673557,0.00660911307322921,True,False,0.0,-1.6365948037847944e-11,180230.02177192984,180230.0217719298,1,1.0000000000000002
2014-04-04,76.628242,23.003935,0.006523156121097254,True,False,0.0,-1.6365948037847944e-11,181434.3849467056,181434.38494670557,1,1.0000000000000002
2014-04-07,77.08744,22.796326,0.0066055336898268625,True,False,0.0,-1.6365948037847944e-11,182521.63821683486,182521.63821683484,1,1.0000000000000002
2014-04-08,77.271133,23.094582,0.00660356591709343,True,False,0.0,-1.6365948037847944e-11,182956.5721994521,182956.57219945206,1,1.0000000000000002
2014-04-09,76.889664,23.337286,0.006627397673408716,True,False,0.0,-1.6365948037847944e-11,182053.3596033542,182053.35960335418,1,1.0000000000000002
2014-04-10,77.603226,22.615026,0.006275755463573418,True,False,0.0,-1.6365948037847944e-11,183742.87614728513,183742.8761472851,1,1.0000000000000002
2014-04-11,78.232033,22.261215,0.006483153980003845,True,False,0.0,-1.6365948037847944e-11,185231.71640144603,185231.716401446,1,1.0000000000000002
2014-04-14,78.027115,22.439585,0.006228537616917044,True,False,0.0,-1.6365948037847944e-11,184746.52751645882,184746.5275164588,1,1.0000000000000002
2014-04-15,78.514633,22.585791,0.006304854483302283,True,False,0.0,-1.6365948037847944e-11,185900.8346775242,185900.83467752417,1,1.0000000000000002
2014-04-16,78.613579,22.547779,0.005913946565369732,True,False,0.0,-1.6365948037847944e-11,186135.11131214848,186135.11131214845,1,1.0000000000000002
2014-04-17,77.751579,22.971767,0.006549396622787701,True,False,0.0,-1.6365948037847944e-11,184094.13482956053,184094.1348295605,1,1.0000000000000002
2014-04-21,77.687973,23.179373,0.00618837723347937,True,False,0.0,-1.6365948037847944e-11,183943.53349527804,183943.533495278,1,1.0000000000000002
2014-04-22,77.949425,23.386997,0.006047367929074094,True,False,0.0,-1.6365948037847944e-11,184562.5791835908,184562.57918359077,1,1.0000000000000002
2014-04-23,78.394531,23.366526,0.006046662735882974,True,False,0.0,-1.6365948037847944e-11,185616.4665133574,185616.46651335736,1,1.0000000000000002
2014-04-24,78.542885,23.498102,0.005848907619949492,True,False,0.0,-1.6365948037847944e-11,185967.72756335489,185967.72756335486,1,1.0000000000000002
2014-04-25,78.655914,22.729073,0.005771099309026968,True,False,0.0,-1.6365948037847944e-11,186235.34882884263,186235.3488288426,1,1.0000000000000002
2014-04-28,78.274422,22.600409,0.00572753822865093,True,False,0.0,-1.6365948037847944e-11,185332.08177513562,185332.0817751356,1,1.0000000000000002
2014-04-29,78.168396,22.75539,0.005699617064898179,True,False,0.0,-1.6365948037847944e-11,185081.0416677773,185081.04166777726,1,1.0000000000000002
2014-04-30,78.493401,22.869421,0.005289310209235037,True,False,0.0,-1.6365948037847944e-11,185850.56320109926,185850.56320109923,1,1.0000000000000002
2014-05-01,79.335457,22.796326,0.005382841483058392,True,False,0.0,-1.6365948037847944e-11,187844.31783337545,187844.31783337542,1,1.0000000000000002
2014-05-02,79.824165,22.875277,0.005433193610741837,True,False,0.0,-1.6365948037847944e-11,189001.4425837845,189001.44258378446,1,1.0000000000000002
2014-05-05,79.34259,22.895748,0.0056450183750156886,True,False,0.0,-1.6365948037847944e-11,187861.20679538275,187861.20679538272,1,1.0000000000000002
2014-05-06,79.661316,22.808018,0.005584203643423251,True,False,0.0,-1.6365948037847944e-11,188615.86140140286,188615.86140140283,1,1.0000000000000002
2014-05-07,79.378029,22.816792,0.005699776757926267,True,False,0.0,-1.6365948037847944e-11,187945.11650021622,187945.1165002162,1,1.0000000000000002
2014-05-08,79.038048,22.974695,0.00566338403242957,True,False,0.0,-1.6365948037847944e-11,187140.13596016198,187140.13596016195,1,1.0000000000000002
2014-05-09,78.783104,22.901594,0.005434284593291594,True,False,0.0,-1.6365948037847944e-11,186536.49940752055,186536.49940752052,1,1.0000000000000002
2014-05-12,78.464386,23.319736,0.005248293485183846,True,False,0.0,-1.6365948037847944e-11,185781.86374327756,185781.86374327753,1,1.0000000000000002
2014-05-13,79.144272,23.135513,0.005530956267100668,True,False,0.0,-1.6365948037847944e-11,187391.64487650353,187391.6448765035,1,1.0000000000000002
2014-05-14,80.001251,22.942532,0.0058532276553735375,True,False,0.0,-1.6365948037847944e-11,189420.73302623877,189420.73302623874,1,1.0000000000000002
2014-05-15,80.638664,22.673515,0.006059296570611958,True,False,0.0,-1.6365948037847944e-11,190929.94989711564,190929.9498971156,1,1.0000000000000002
2014-05-16,80.412018,22.924984,0.005427464937568845,True,False,0.0,-1.6365948037847944e-11,190393.31514552326,190393.31514552323,1,1.0000000000000002
2014-05-19,79.817024,23.155987,0.00577758128491172,True,False,0.0,-1.6365948037847944e-11,188984.5346800001,188984.53468000007,1,1.0000000000000002
2014-05-20,79.994125,23.044874,0.005762303672817222,True,False,0.0,-1.6365948037847944e-11,189403.86063828642,189403.8606382864,1,1.0000000000000002
2014-05-21,79.505455,23.155987,0.005892129703089017,True,False,0.0,-1.6365948037847944e-11,188246.8258613186,188246.82586131856,1,1.0000000000000002
2014-05-22,79.392174,23.261251,0.005903620812040712,True,False,0.0,-1.6365948037847944e-11,187978.60792985218,187978.60792985215,1,1.0000000000000002
2014-05-23,79.817024,23.483486,0.005998527711900955,True,False,0.0,-1.6365948037847944e-11,188984.5346800001,188984.53468000007,1,1.0000000000000002
2014-05-27,80.284546,23.77297,0.005950344485734698,True,False,0.0,-1.6365948037847944e-11,190091.49686920253,190091.4968692025,1,1.0000000000000002
2014-05-28,81.276039,23.80806,0.0063977543023299565,True,False,0.0,-1.6365948037847944e-11,192439.07679455125,192439.07679455122,1,1.0000000000000002
2014-05-29,80.844032,23.851919,0.006574844272479125,True,False,0.0,-1.6365948037847944e-11,191416.20425706473,191416.2042570647,1,1.0000000000000002
2014-05-30,80.808571,23.881172,0.0062166309206120604,True,False,0.0,-1.6365948037847944e-11,191332.24246234423,191332.2424623442,1,1.0000000000000002
2014-06-02,80.207916,24.012749,0.006357788549899445,True,False,0.0,-1.6365948037847944e-11,189910.0583218003,189910.05832180026,1,1.0000000000000002
2014-06-03,79.220909,24.237907,0.006827713071966588,True,False,0.0,-1.6365948037847944e-11,187573.09999796073,187573.0999979607,1,1.0000000000000002
2014-06-04,79.199631,24.346098,0.006759647931350884,True,False,0.0,-1.6365948037847944e-11,187522.71960631743,187522.7196063174,1,1.0000000000000002
2014-06-05,79.235138,24.465988,0.006716830842553805,True,False,0.0,-1.6365948037847944e-11,187606.79031625626,187606.79031625623,1,1.0000000000000002
2014-06-06,79.235138,24.60927,0.006643672102989438,True,False,0.0,-1.6365948037847944e-11,187606.79031625626,187606.79031625623,1,1.0000000000000002
2014-06-09,79.121529,24.632664,0.00660797515904922,True,False,0.0,-1.6365948037847944e-11,187337.7957719287,187337.79577192868,1,1.0000000000000002
2014-06-10,78.830406,24.705767,0.006595982616510301,True,False,0.0,-1.6365948037847944e-11,186648.49740007202,186648.497400072,1,1.0000000000000002
2014-06-11,78.972404,24.834419,0.006309071362841096,True,False,0.0,-1.6365948037847944e-11,186984.70920816314,186984.7092081631,1,1.0000000000000002
2014-06-12,79.675362,24.749628,0.006148300672383177,True,False,0.0,-1.6365948037847944e-11,188649.11842654724,188649.1184265472,1,1.0000000000000002
2014-06-13,79.63279,24.992331,0.005842186025114318,True,False,0.0,-1.6365948037847944e-11,188548.31975970647,188548.31975970644,1,1.0000000000000002
2014-06-16,79.831612,25.141457,0.005858156727925611,True,False,0.0,-1.6365948037847944e-11,189019.07501054302,189019.075010543,1,1.0000000000000002
2014-06-17,79.199631,25.32567,0.005892290722908989,True,False,0.0,-1.6365948037847944e-11,187522.71960631743,187522.7196063174,1,1.0000000000000002
2014-06-18,79.810272,25.220411,0.006140854674762195,True,False,0.0,-1.6365948037847944e-11,188968.5478201272,188968.54782012716,1,1.0000000000000002
2014-06-19,78.787804,25.255493,0.006654456453135777,True,False,0.0,-1.6365948037847944e-11,186547.62770156714,186547.6277015671,1,1.0000000000000002
2014-06-20,79.384254,25.331524,0.006883659202263658,True,False,0.0,-1.6365948037847944e-11,187959.8555705226,187959.85557052257,1,1.0000000000000002
2014-06-23,79.135719,25.237955,0.006797776328951502,True,False,0.0,-1.6365948037847944e-11,187371.39374906087,187371.39374906084,1,1.0000000000000002
2014-06-24,79.938057,25.03327,0.007065024541556178,True,False,0.0,-1.6365948037847944e-11,189271.107193477,189271.10719347696,1,1.0000000000000002
2014-06-25,80.143936,25.138847,0.006470324248084437,True,False,0.0,-1.6365948037847944e-11,189758.57145943836,189758.57145943833,1,1.0000000000000002
2014-06-26,80.52742,25.027414,0.006484345556054835,True,False,0.0,-1.6365948037847944e-11,190666.55501564345,190666.55501564342,1,1.0000000000000002
2014-06-27,80.406693,25.059669,0.006490777209725306,True,False,0.0,-1.6365948037847944e-11,190380.70702514067,190380.70702514064,1,1.0000000000000002
2014-06-30,80.605469,25.335302,0.0062866884701673524,True,False,0.0,-1.6365948037847944e-11,190851.3533607589,190851.35336075886,1,1.0000000000000002
2014-07-01,79.930664,25.681322,0.005918460256263765,True,False,0.0,-1.6365948037847944e-11,189253.60262371387,189253.60262371384,1,1.0000000000000002
2014-07-02,79.076393,25.748764,0.006426828215925568,True,False,0.0,-1.6365948037847944e-11,187230.9262655272,187230.92626552717,1,1.0000000000000002
2014-07-03,78.791679,25.910046,0.006473159305347456,True,False,0.0,-1.6365948037847944e-11,186556.80262485024,186556.8026248502,1,1.0000000000000002
2014-07-07,79.368294,25.737034,0.006691452143013394,True,False,0.0,-1.6365948037847944e-11,187922.06672520694,187922.0667252069,1,1.0000000000000002
2014-07-08,80.258095,25.599207,0.007119058189343158,True,False,0.0,-1.6365948037847944e-11,190028.86825094157,190028.86825094154,1,1.0000000000000002
2014-07-09,80.322136,25.754629,0.007043423012540556,True,False,0.0,-1.6365948037847944e-11,190180.4995443539,190180.49954435386,1,1.0000000000000002
2014-07-10,80.343567,25.637342,0.007041885257498021,True,False,0.0,-1.6365948037847944e-11,190231.24219748421,190231.2421974842,1,1.0000000000000002
2014-07-11,80.85614,25.634399,0.0069132927867775334,True,False,0.0,-1.6365948037847944e-11,191444.87263670645,191444.87263670642,1,1.0000000000000002
2014-07-14,80.507309,25.760492,0.007001287423820527,True,False,0.0,-1.6365948037847944e-11,190618.93775573472,190618.9377557347,1,1.0000000000000002
2014-07-15,80.343567,25.684252,0.0070082311614945445,True,False,0.0,-1.6365948037847944e-11,190231.24219748421,190231.2421974842,1,1.0000000000000002
2014-07-16,80.770699,25.983349,0.006808997522288247,True,False,0.0,-1.6365948037847944e-11,191242.57208955006,191242.57208955003,1,1.0000000000000002
2014-07-17,81.788681,25.311846,0.0071380101189968065,True,False,0.0,-1.6365948037847944e-11,193652.87060660098,193652.87060660095,1,1.0000000000000002
2014-07-18,81.525307,25.643204,0.00642311162926218,True,False,0.0,-1.6365948037847944e-11,193029.27415633982,193029.2741563398,1,1.0000000000000002
2014-07-21,81.931061,25.719439,0.006325013485489977,True,False,0.0,-1.6365948037847944e-11,193989.98688454862,193989.9868845486,1,1.0000000000000002
2014-07-22,82.101929,25.886583,0.006227169556392221,True,False,0.0,-1.6365948037847944e-11,194394.55483075147,194394.55483075144,1,1.0000000000000002
2014-07-23,81.995125,25.294252,0.005947718380288159,True,False,0.0,-1.6365948037847944e-11,194141.6726355701,194141.67263557008,1,1.0000000000000002
2014-07-24,81.382935,25.059669,0.0062500032414883125,True,False,0.0,-1.6365948037847944e-11,192692.17682016926,192692.17682016923,1,1.0000000000000002
2014-07-25,82.344009,24.564095,0.006665374833091548,True,False,0.0,-1.6365948037847944e-11,194967.73300581516,194967.73300581513,1,1.0000000000000002
2014-07-28,82.230072,24.540644,0.006663034916586658,True,False,0.0,-1.6365948037847944e-11,194697.9618486265,194697.96184862647,1,1.0000000000000002
2014-07-29,82.529037,24.496656,0.006680412400133797,True,False,0.0,-1.6365948037847944e-11,195405.82789748601,195405.827897486,1,1.0000000000000002
2014-07-30,81.382935,24.734177,0.0071980295242425624,True,False,0.0,-1.6365948037847944e-11,192692.17682016926,192692.17682016923,1,1.0000000000000002
2014-07-31,81.140877,24.232748,0.006731055065484689,True,False,0.0,-1.6365948037847944e-11,192119.0507349926,192119.05073499258,1,1.0000000000000002
2014-08-01,81.768997,24.311922,0.006773452183302219,True,False,0.0,-1.6365948037847944e-11,193606.264364045,193606.26436404497,1,1.0000000000000002
2014-08-04,81.554863,24.41748,0.006717138889577698,True,False,0.0,-1.6365948037847944e-11,193099.25455183792,193099.2545518379,1,1.0000000000000002
2014-08-05,81.818962,24.159443,0.006332117797402515,True,False,0.0,-1.6365948037847944e-11,193724.56760064882,193724.5676006488,1,1.0000000000000002
2014-08-06,81.868904,24.238615,0.006332514177572966,True,False,0.0,-1.6365948037847944e-11,193842.8163796435,193842.81637964348,1,1.0000000000000002
2014-08-07,82.632652,23.91312,0.006596637160121637,True,False,0.0,-1.6365948037847944e-11,195651.15942677064,195651.1594267706,1,1.0000000000000002
2014-08-08,82.454239,24.209288,0.006534656124248004,True,False,0.0,-1.6365948037847944e-11,195228.72701703984,195228.7270170398,1,1.0000000000000002
2014-08-11,82.447029,24.429218,0.006421425204980851,True,False,0.0,-1.6365948037847944e-11,195211.65574042793,195211.6557404279,1,1.0000000000000002
2014-08-12,81.911751,24.411619,0.006614969002884426,True,False,0.0,-1.6365948037847944e-11,193944.26617007208,193944.26617007205,1,1.0000000000000002
2014-08-13,82.447029,24.643274,0.006662132817565409,True,False,0.0,-1.6365948037847944e-11,195211.65574042793,195211.6557404279,1,1.0000000000000002
2014-08-14,83.110863,24.690195,0.006320314611364962,True,False,0.0,-1.6365948037847944e-11,196783.4301979016,196783.43019790156,1,1.0000000000000002
2014-08-15,84.017334,24.951164,0.0066244370501160835,True,False,0.0,-1.6365948037847944e-11,198929.7016516696,198929.70165166957,1,1.0000000000000002
2014-08-18,83.182274,25.047941,0.007044047858528522,True,False,0.0,-1.6365948037847944e-11,196952.51160346784,196952.5116034678,1,1.0000000000000002
2014-08-19,82.925278,25.226809,0.007087777188699956,True,False,0.0,-1.6365948037847944e-11,196344.01648500012,196344.0164850001,1,1.0000000000000002
2014-08-20,82.789703,25.437939,0.007092643174372975,True,False,0.0,-1.6365948037847944e-11,196023.01255619864,196023.0125561986,1,1.0000000000000002
2014-08-21,83.253624,25.534706,0.006919443415236929,True,False,0.0,-1.6365948037847944e-11,197121.44857798368,197121.44857798365,1,1.0000000000000002
2014-08-22,83.717606,25.552299,0.006548973065753965,True,False,0.0,-1.6365948037847944e-11,198220.0290308191,198220.02903081907,1,1.0000000000000002
2014-08-25,84.031677,25.461395,0.006558222447761678,True,False,0.0,-1.6365948037847944e-11,198963.66189028881,198963.6618902888,1,1.0000000000000002
2014-08-26,83.760399,25.464323,0.00659744293037172,True,False,0.0,-1.6365948037847944e-11,198321.35096425225,198321.35096425223,1,1.0000000000000002
2014-08-27,84.474182,25.511242,0.005826038003683076,True,False,0.0,-1.6365948037847944e-11,200011.39077477556,200011.39077477553,1,1.0000000000000002
2014-08-28,84.916687,25.593353,0.005755494229054028,True,False,0.0,-1.6365948037847944e-11,201059.11965926233,201059.1196592623,1,1.0000000000000002
2014-08-29,84.973778,25.78688,0.005619119670378836,True,False,0.0,-1.6365948037847944e-11,201194.2952838185,201194.29528381847,1,1.0000000000000002
2014-09-02,83.507919,25.669584,0.0070402583232973695,True,False,0.0,-1.6365948037847944e-11,197723.54847895782,197723.5484789578,1,1.0000000000000002
2014-09-03,83.972977,25.739964,0.00709472813592613,True,False,0.0,-1.6365948037847944e-11,198824.67660081325,198824.67660081323,1,1.0000000000000002
2014-09-04,82.949936,25.813272,0.007716724914175047,True,False,0.0,-1.6365948037847944e-11,196402.39977746835,196402.39977746832,1,1.0000000000000002
2014-09-05,82.792587,26.027338,0.007459390642650179,True,False,0.0,-1.6365948037847944e-11,196029.8410668434,196029.84106684336,1,1.0000000000000002
2014-09-08,82.828354,26.091852,0.00744058798234695,True,False,0.0,-1.6365948037847944e-11,196114.52738453797,196114.52738453794,1,1.0000000000000002
2014-09-09,82.763939,25.851397,0.007443722321309213,True,False,0.0,-1.6365948037847944e-11,195962.01056304618,195962.01056304615,1,1.0000000000000002
2014-09-10,82.241684,25.842598,0.007435135849290992,True,False,0.0,-1.6365948037847944e-11,194725.455838088,194725.45583808798,1,1.0000000000000002
2014-09-11,81.969856,25.910046,0.007319769295931145,True,False,0.0,-1.6365948037847944e-11,194081.84266487576,194081.84266487573,1,1.0000000000000002
2014-09-12,81.111397,25.587481,0.007386207018239703,True,False,0.0,-1.6365948037847944e-11,192049.25028637695,192049.25028637692,1,1.0000000000000002
2014-09-15,81.233009,25.273722,0.006859484557037886,True,False,0.0,-1.6365948037847944e-11,192337.19371097148,192337.19371097145,1,1.0000000000000002
2014-09-16,80.903915,25.713579,0.006605121451059076,True,False,0.0,-1.6365948037847944e-11,191557.990561829,191557.99056182898,1,1.0000000000000002
2014-09-17,80.696449,25.898308,0.006599009911057093,True,False,0.0,-1.6365948037847944e-11,191066.76872083527,191066.76872083524,1,1.0000000000000002
2014-09-18,80.954033,26.29417,0.006676150320120366,True,False,0.0,-1.6365948037847944e-11,191676.6560599199,191676.65605991986,1,1.0000000000000002
2014-09-19,81.984161,25.965755,0.007214171539253244,True,False,0.0,-1.6365948037847944e-11,194115.71293005376,194115.71293005373,1,1.0000000000000002
2014-09-22,82.084343,25.651999,0.007077918774018804,True,False,0.0,-1.6365948037847944e-11,194352.9160692401,194352.91606924008,1,1.0000000000000002
2014-09-23,82.592216,25.569891,0.0071831219209263705,True,False,0.0,-1.6365948037847944e-11,195555.41821441572,195555.4182144157,1,1.0000000000000002
2014-09-24,82.134415,25.890394,0.0072420549913517745,True,False,0.0,-1.6365948037847944e-11,194471.47265211266,194471.47265211263,1,1.0000000000000002
2014-09-25,83.10733,25.416985,0.007501129535443327,True,False,0.0,-1.6365948037847944e-11,196775.06503558956,196775.06503558953,1,1.0000000000000002
2014-09-26,82.985748,25.716909,0.00736553087530288,True,False,0.0,-1.6365948037847944e-11,196487.19264265915,196487.19264265912,1,1.0000000000000002
2014-09-29,83.651016,25.749266,0.007637235600551558,True,False,0.0,-1.6365948037847944e-11,198062.36241367809,198062.36241367806,1,1.0000000000000002
2014-09-30,83.178871,25.537542,0.00668455641877229,True,False,0.0,-1.6365948037847944e-11,196944.45424503367,196944.45424503364,1,1.0000000000000002
2014-10-01,84.791801,24.914185,0.007890908846666852,True,False,0.0,-1.6365948037847944e-11,200763.4243123894,200763.42431238937,1,1.0000000000000002
2014-10-02,84.053146,24.761276,0.007627318931078891,True,False,0.0,-1.6365948037847944e-11,199014.49451686034,199014.49451686032,1,1.0000000000000002
2014-10-03,84.411682,24.917114,0.007642781319912015,True,False,0.0,-1.6365948037847944e-11,199863.40814117723,199863.4081411772,1,1.0000000000000002
2014-10-06,84.461914,24.699532,0.007642266071309927,True,False,0.0,-1.6365948037847944e-11,199982.3435595918,199982.34355959177,1,1.0000000000000002
2014-10-07,85.602257,24.229063,0.008114803639398175,True,False,0.0,-1.6365948037847944e-11,202682.3589251183,202682.35892511826,1,1.0000000000000002
2014-10-08,85.623764,24.775982,0.007903314331742177,True,False,0.0,-1.6365948037847944e-11,202733.28152513105,202733.28152513102,1,1.0000000000000002
2014-10-09,85.250786,24.105564,0.007944138973757441,True,False,0.0,-1.6365948037847944e-11,201850.17325770337,201850.17325770334,1,1.0000000000000002
2014-10-10,86.097084,22.444223,0.0075564853691176565,False,False,0.0,-1.6365948037847944e-11,203853.97176728715,203853.97176728712,1,1.0000000000000002
2014-10-13,86.620613,21.967873,0.007578183019881206,False,False,0.0,-1.6365948037847944e-11,205093.54297024864,205093.5429702486,1,1.0000000000000002
2014-10-14,87.187141,22.36483,0.007411373388204692,False,False,0.0,-1.6365948037847944e-11,206434.92385740363,206434.9238574036,1,1.0000000000000002
2014-10-15,87.875626,22.470694,0.00731054739052637,False,False,0.0,-1.6365948037847944e-11,208065.06503329062,208065.0650332906,1,1.0000000000000002
2014-10-16,87.316231,22.817663,0.007688236450818164,False,False,0.0,-1.6365948037847944e-11,206740.57310814294,206740.5731081429,1,1.0000000000000002
2014-10-17,86.828613,22.985264,0.007663769728314214,False,False,0.0,-1.6365948037847944e-11,205586.02917486386,205586.02917486383,1,1.0000000000000002
2014-10-20,87.144165,23.349876,0.007655398801088332,False,False,0.0,-1.6365948037847944e-11,206333.1686308193,206333.16863081927,1,1.0000000000000002
2014-10-21,86.448486,24.211426,0.007994980860145613,True,False,0.0,-1.6365948037847944e-11,204685.9940618746,204685.99406187457,1,1.0000000000000002
2014-10-22,86.54174,23.864449,0.007787491846754125,True,False,0.0,-1.6365948037847944e-11,204906.79362209185,204906.79362209182,1,1.0000000000000002
2014-10-23,85.774353,24.208477,0.00787947407282681,True,False,0.0,-1.6365948037847944e-11,203089.83443410607,203089.83443410604,1,1.0000000000000002
2014-10-24,85.860382,24.449594,0.007848575418305768,True,False,0.0,-1.6365948037847944e-11,203293.52720187933,203293.5272018793,1,1.0000000000000002
2014-10-27,86.018211,24.564264,0.007708733436750128,True,False,0.0,-1.6365948037847944e-11,203667.22241913032,203667.2224191303,1,1.0000000000000002
2014-10-28,85.480301,24.914185,0.007739413176778735,True,False,0.0,-1.6365948037847944e-11,202393.60100410844,202393.6010041084,1,1.0000000000000002
2014-10-29,85.673935,24.96417,0.0065140700322457125,True,False,0.0,-1.6365948037847944e-11,202852.07251249524,202852.07251249522,1,1.0000000000000002
2014-10-30,85.745674,24.661304,0.006138136990419603,True,False,0.0,-1.6365948037847944e-11,203021.9305309226,203021.93053092257,1,1.0000000000000002
2014-10-31,85.523376,25.625765,0.006137854744025141,True,False,0.0,-1.6365948037847944e-11,202495.59063518437,202495.59063518434,1,1.0000000000000002
2014-11-03,85.523331,25.802185,0.006139601291048882,True,False,0.0,-1.6365948037847944e-11,202495.4840876882,202495.48408768818,1,1.0000000000000002
2014-11-04,85.789345,25.708092,0.005397614817901576,True,False,0.0,-1.6365948037847944e-11,203125.33132439255,203125.33132439252,1,1.0000000000000002
2014-11-05,85.667099,25.966848,0.005408309719035302,True,False,0.0,-1.6365948037847944e-11,202835.88676396277,202835.88676396274,1,1.0000000000000002
2014-11-06,85.113541,25.743374,0.005518376354164684,True,False,0.0,-1.6365948037847944e-11,201525.21523293213,201525.2152329321,1,1.0000000000000002
2014-11-07,86.091301,25.51108,0.005673646513240167,True,False,0.0,-1.6365948037847944e-11,203840.27923016556,203840.27923016553,1,1.0000000000000002
2014-11-10,85.300468,25.69927,0.005841029494122987,True,False,0.0,-1.6365948037847944e-11,201967.80642894225,201967.80642894222,1,1.0000000000000002
2014-11-11,85.357941,25.649281,0.0055984241650658675,True,False,0.0,-1.6365948037847944e-11,202103.88652335497,202103.88652335494,1,1.0000000000000002
2014-11-12,85.286095,25.611052,0.005191548858872269,True,False,0.0,-1.6365948037847944e-11,201933.77515865891,201933.7751586589,1,1.0000000000000002
2014-11-13,85.487366,25.614,0.0051257611669847224,True,False,0.0,-1.6365948037847944e-11,202410.32896101038,202410.32896101035,1,1.0000000000000002
2014-11-14,85.904373,25.837467,0.00517173640118076,True,False,0.0,-1.6365948037847944e-11,203397.68566643333,203397.6856664333,1,1.0000000000000002
2014-11-17,85.688675,25.719851,0.005093302059530483,True,False,0.0,-1.6365948037847944e-11,202886.9727368031,202886.97273680306,1,1.0000000000000002
2014-11-18,85.925873,26.222664,0.004859273603136032,True,False,0.0,-1.6365948037847944e-11,203448.5916923911,203448.59169239108,1,1.0000000000000002
2014-11-19,85.37957,26.043295,0.005030723646815039,True,False,0.0,-1.6365948037847944e-11,202155.09798546857,202155.09798546854,1,1.0000000000000002
2014-11-20,85.825272,26.281473,0.0047999763021647525,True,False,0.0,-1.6365948037847944e-11,203210.39647762914,203210.3964776291,1,1.0000000000000002
2014-11-21,86.342896,26.569637,0.0049807764162771336,True,False,0.0,-1.6365948037847944e-11,204435.98628136824,204435.9862813682,1,1.0000000000000002
2014-11-24,86.414772,26.825451,0.004969308809143916,True,False,0.0,-1.6365948037847944e-11,204606.16867772845,204606.16867772842,1,1.0000000000000002
2014-11-25,87.133743,26.831329,0.005032482795493449,True,False,0.0,-1.6365948037847944e-11,206308.4922307015,206308.49223070146,1,1.0000000000000002
2014-11-26,87.370949,27.398838,0.005039731875359897,True,False,0.0,-1.6365948037847944e-11,206870.13012806664,206870.1301280666,1,1.0000000000000002
2014-11-28,88.061127,27.475283,0.005269206209953857,True,False,0.0,-1.6365948037847944e-11,208504.27985753256,208504.27985753253,1,1.0000000000000002
2014-12-01,87.547401,27.128321,0.0054442769006505815,True,False,0.0,-1.6365948037847944e-11,207287.9194346857,207287.91943468567,1,1.0000000000000002
2014-12-02,86.69709,27.298855,0.005966958305066602,True,False,0.0,-1.6365948037847944e-11,205274.61925616383,205274.6192561638,1,1.0000000000000002
2014-12-03,87.035789,27.872244,0.005986529845072602,True,False,0.0,-1.6365948037847944e-11,206076.56437643766,206076.56437643763,1,1.0000000000000002
2014-12-04,87.763527,27.895769,0.006195957272684583,True,False,0.0,-1.6365948037847944e-11,207799.6457493908,207799.64574939077,1,1.0000000000000002
2014-12-05,87.251923,28.175098,0.006155888188763559,True,False,0.0,-1.6365948037847944e-11,206588.3096329199,206588.30963291987,1,1.0000000000000002
2014-12-08,88.318352,27.778149,0.006220892431344719,True,False,0.0,-1.6365948037847944e-11,209113.3171843698,209113.31718436978,1,1.0000000000000002
2014-12-09,88.772316,27.775209,0.005755753141587337,True,False,0.0,-1.6365948037847944e-11,210188.177796831,210188.17779683098,1,1.0000000000000002
2014-12-10,89.420792,27.24593,0.005864412092482386,True,False,0.0,-1.6365948037847944e-11,211723.58877771584,211723.5887777158,1,1.0000000000000002
2014-12-11,89.788277,27.375301,0.0058279643829715795,True,False,0.0,-1.6365948037847944e-11,212593.69114744186,212593.69114744183,1,1.0000000000000002
2014-12-12,91.006058,26.922489,0.006315872289733292,True,False,0.0,-1.6365948037847944e-11,215477.0581798577,215477.05817985767,1,1.0000000000000002
2014-12-15,90.818695,26.672554,0.006404839548363711,True,False,0.0,-1.6365948037847944e-11,215033.43465699564,215033.4346569956,1,1.0000000000000002
2014-12-16,91.942757,26.490242,0.00661346597260167,True,False,0.0,-1.6365948037847944e-11,217694.90113840028,217694.90113840025,1,1.0000000000000002
2014-12-17,91.114098,27.060686,0.007187769027842623,True,False,0.0,-1.6365948037847944e-11,215732.86687960112,215732.8668796011,1,1.0000000000000002
2014-12-18,89.492867,27.575258,0.008349071750897113,True,False,0.0,-1.6365948037847944e-11,211894.24235078142,211894.2423507814,1,1.0000000000000002
2014-12-19,90.696182,27.578196,0.008687706445782598,True,False,0.0,-1.6365948037847944e-11,214743.35791475512,214743.3579147551,1,1.0000000000000002
2014-12-22,90.818695,27.916351,0.008658334714172093,True,False,0.0,-1.6365948037847944e-11,215033.43465699564,215033.4346569956,1,1.0000000000000002
2014-12-23,89.017296,27.854599,0.010022979038591525,True,False,0.0,-1.6365948037847944e-11,210768.22236609366,210768.22236609363,1,1.0000000000000002
2014-12-24,89.501785,27.896393,0.00994094185430196,True,False,0.0,-1.6365948037847944e-11,211915.35769680428,211915.35769680425,1,1.0000000000000002
2014-12-26,89.834015,27.931957,0.009950581299224956,True,False,0.0,-1.6365948037847944e-11,212701.98602257017,212701.98602257014,1,1.0000000000000002
2014-12-29,90.505516,27.851931,0.009936582742321827,True,False,0.0,-1.6365948037847944e-11,214291.91380567264,214291.9138056726,1,1.0000000000000002
2014-12-30,90.751038,27.677044,0.009792544381102811,True,False,0.0,-1.6365948037847944e-11,214873.24168033383,214873.2416803338,1,1.0000000000000002
2014-12-31,90.924324,27.534756,0.009407793876187738,True,False,0.0,-1.6365948037847944e-11,215283.53477866531,215283.5347786653,1,1.0000000000000002
2015-01-02,91.935234,27.511044,0.009602733874151136,True,False,0.0,-1.6365948037847944e-11,217677.08876475928,217677.08876475925,1,1.0000000000000002
2015-01-05,93.379425,26.9923,0.009955835516498545,True,False,0.0,-1.6365948037847944e-11,221096.53176634308,221096.53176634305,1,1.0000000000000002
2015-01-06,95.061813,26.390566,0.010241337518438556,True,False,0.0,-1.6365948037847944e-11,225079.95907793034,225079.9590779303,1,1.0000000000000002
2015-01-07,94.874084,26.651415,0.010157330797368429,True,False,0.0,-1.6365948037847944e-11,224635.46896876587,224635.46896876584,1,1.0000000000000002
2015-01-08,93.617691,27.442867,0.010825947882963184,True,False,0.0,-1.6365948037847944e-11,221660.67944917403,221660.679449174,1,1.0000000000000002
2015-01-09,94.643059,27.457684,0.010936765951351395,True,False,0.0,-1.6365948037847944e-11,224088.46596193305,224088.46596193302,1,1.0000000000000002
2015-01-12,95.184601,26.930058,0.010952392672627103,True,False,0.0,-1.6365948037847944e-11,225370.68694375866,225370.68694375863,1,1.0000000000000002
2015-01-13,95.184601,26.666243,0.010680057857555271,True,False,0.0,-1.6365948037847944e-11,225370.68694375866,225370.68694375863,1,1.0000000000000002
2015-01-14,95.906723,26.515066,0.010692537120933305,True,False,0.0,-1.6365948037847944e-11,227080.4711891872,227080.47118918717,1,1.0000000000000002
2015-01-15,97.415848,26.3046,0.010872758028927662,True,False,0.0,-1.6365948037847944e-11,230653.65986005214,230653.6598600521,1,1.0000000000000002
2015-01-16,96.173843,26.592131,0.011121175508571739,True,False,0.0,-1.6365948037847944e-11,227712.9371265757,227712.93712657568,1,1.0000000000000002
2015-01-20,97.451958,26.867807,0.010221181853508919,True,False,0.0,-1.6365948037847944e-11,230739.1583064399,230739.15830643987,1,1.0000000000000002
2015-01-21,96.325508,27.17312,0.01057157616821677,True,False,0.0,-1.6365948037847944e-11,228072.0377045707,228072.03770457068,1,1.0000000000000002
2015-01-22,95.978882,27.336147,0.010670149029613784,True,False,0.0,-1.6365948037847944e-11,227251.32365091232,227251.3236509123,1,1.0000000000000002
2015-01-23,97.314728,27.265015,0.009482521538064972,True,False,0.0,-1.6365948037847944e-11,230414.23579750076,230414.23579750073,1,1.0000000000000002
2015-01-26,97.018677,27.315407,0.009625084481466139,True,False,0.0,-1.6365948037847944e-11,229713.2692909501,229713.26929095006,1,1.0000000000000002
2015-01-27,97.170364,26.829271,0.009640831472262272,True,False,0.0,-1.6365948037847944e-11,230072.42195883216,230072.42195883213,1,1.0000000000000002
2015-01-28,98.758896,26.701809,0.010002045170717132,True,False,0.0,-1.6365948037847944e-11,233833.62434147534,233833.6243414753,1,1.0000000000000002
2015-01-29,98.109032,26.719593,0.010295500731789975,True,False,0.0,-1.6365948037847944e-11,232294.92696226356,232294.92696226353,1,1.0000000000000002
2015-01-30,99.849243,26.194927,0.010723700763699037,True,False,0.0,-1.6365948037847944e-11,236415.26307101172,236415.2630710117,1,1.0000000000000002
2015-02-02,99.472282,26.263098,0.010772643395851773,True,False,0.0,-1.6365948037847944e-11,235522.72416631007,235522.72416631004,1,1.0000000000000002
2015-02-03,97.366783,26.728491,0.01179364534605278,True,False,0.0,-1.6365948037847944e-11,230537.4875733721,230537.48757337208,1,1.0000000000000002
2015-02-04,97.533188,26.829271,0.011195075734691761,True,False,0.0,-1.6365948037847944e-11,230931.48837567493,230931.4883756749,1,1.0000000000000002
2015-02-05,96.462357,27.09013,0.011512897596073388,True,False,0.0,-1.6365948037847944e-11,228396.05811137546,228396.05811137543,1,1.0000000000000002
2015-02-06,94.754776,26.941908,0.011845859532034951,True,False,0.0,-1.6365948037847944e-11,224352.98077597635,224352.98077597632,1,1.0000000000000002
2015-02-09,94.602837,26.657345,0.01160162475957597,True,False,0.0,-1.6365948037847944e-11,223993.2314421156,223993.23144211556,1,1.0000000000000002
2015-02-10,93.850403,27.558475,0.011649744820741907,True,False,0.0,-1.6365948037847944e-11,222211.67680325295,222211.67680325292,1,1.0000000000000002
2015-02-11,94.024025,27.647404,0.011662961859468511,True,False,0.0,-1.6365948037847944e-11,222622.76545622267,222622.76545622264,1,1.0000000000000002
2015-02-12,93.712883,28.089073,0.011514487368398026,True,False,0.0,-1.6365948037847944e-11,221886.06765489394,221886.0676548939,1,1.0000000000000002
2015-02-13,92.750572,28.28767,0.01097418086969191,True,False,0.0,-1.6365948037847944e-11,219607.58259696385,219607.58259696382,1,1.0000000000000002
2015-02-17,91.354134,28.376596,0.011102301181631425,True,False,0.0,-1.6365948037847944e-11,216301.2054306156,216301.20543061558,1,1.0000000000000002
2015-02-18,91.89682,28.302498,0.010668870936890446,True,False,0.0,-1.6365948037847944e-11,217586.1350865666,217586.13508656656,1,1.0000000000000002
2015-02-19,91.289001,28.379564,0.01051210178985237,True,False,0.0,-1.6365948037847944e-11,216146.98858462906,216146.98858462903,1,1.0000000000000002
2015-02-20,91.556755,28.548523,0.010583295056900381,True,False,0.0,-1.6365948037847944e-11,216780.95565785278,216780.95565785276,1,1.0000000000000002
2015-02-23,92.60585,28.37067,0.010400200098395079,True,False,0.0,-1.6365948037847944e-11,219264.92111377002,219264.92111377,1,1.0000000000000002
2015-02-24,93.821396,28.750093,0.010961040739854698,True,False,0.0,-1.6365948037847944e-11,222142.99628720837,222142.99628720834,1,1.0000000000000002
2015-02-25,94.226624,28.601881,0.011020812332852107,True,False,0.0,-1.6365948037847944e-11,223102.46359357284,223102.46359357281,1,1.0000000000000002
2015-02-26,92.938667,28.79751,0.010505684217177564,True,False,0.0,-1.6365948037847944e-11,220052.93929243064,220052.93929243062,1,1.0000000000000002
2015-02-27,93.720108,28.711559,0.010768586691068942,True,False,0.0,-1.6365948037847944e-11,221903.17444733786,221903.17444733783,1,1.0000000000000002
2015-03-02,91.974449,29.500051,0.01029809555276349,True,False,0.0,-1.6365948037847944e-11,217769.93898838424,217769.9389883842,1,1.0000000000000002
2015-03-03,91.640968,28.95463,0.010298399523592074,True,False,0.0,-1.6365948037847944e-11,216980.34864222424,216980.3486422242,1,1.0000000000000002
2015-03-04,91.66993,28.916098,0.00949221380692418,True,False,0.0,-1.6365948037847944e-11,217048.9226107726,217048.92261077257,1,1.0000000000000002
2015-03-05,91.553993,28.933876,0.009437492144855442,True,False,0.0,-1.6365948037847944e-11,216774.41600930883,216774.4160093088,1,1.0000000000000002
2015-03-06,89.531364,28.634491,0.010238158958531886,True,False,0.0,-1.6365948037847944e-11,211985.39254991154,211985.3925499115,1,1.0000000000000002
2015-03-09,90.357834,28.72341,0.010058032896722845,True,False,0.0,-1.6365948037847944e-11,213942.24386495157,213942.24386495154,1,1.0000000000000002
2015-03-10,91.546707,28.19282,0.010636015393072667,True,False,0.0,-1.6365948037847944e-11,216757.16478581444,216757.1647858144,1,1.0000000000000002
2015-03-11,92.213715,28.255072,0.010703534885570097,True,False,0.0,-1.6365948037847944e-11,218336.45439335276,218336.45439335273,1,1.0000000000000002
2015-03-12,92.148438,28.246176,0.010684490821995268,True,False,0.0,-1.6365948037847944e-11,218181.89659537844,218181.8965953784,1,1.0000000000000002
2015-03-13,91.8657,28.435884,0.01068188067591353,True,False,0.0,-1.6365948037847944e-11,217512.45157364532,217512.4515736453,1,1.0000000000000002
2015-03-16,92.750137,28.868664,0.01069439057673047,True,False,0.0,-1.6365948037847944e-11,219606.552637834,219606.55263783396,1,1.0000000000000002
2015-03-17,93.518585,28.658207,0.010217510728204243,True,False,0.0,-1.6365948037847944e-11,221426.02397900773,221426.0239790077,1,1.0000000000000002
2015-03-18,95.323723,28.87163,0.010940952250109798,True,False,0.0,-1.6365948037847944e-11,225700.0891829821,225700.08918298208,1,1.0000000000000002
2015-03-19,94.837997,28.93684,0.01088391942475596,True,False,0.0,-1.6365948037847944e-11,224550.0249799873,224550.02497998727,1,1.0000000000000002
2015-03-20,95.338219,29.345905,0.010907904795399971,True,False,0.0,-1.6365948037847944e-11,225734.41168308834,225734.4116830883,1,1.0000000000000002
2015-03-23,95.222237,29.10284,0.010700286316153544,True,False,0.0,-1.6365948037847944e-11,225459.79853412838,225459.79853412835,1,1.0000000000000002
2015-03-24,96.142944,28.853851,0.01053041156623328,True,False,0.0,-1.6365948037847944e-11,227639.77688024685,227639.77688024682,1,1.0000000000000002
2015-03-25,95.330978,27.513109,0.010719740383233851,True,False,0.0,-1.6365948037847944e-11,225717.26700709018,225717.26700709015,1,1.0000000000000002
2015-03-26,93.844795,27.135647,0.010864932824538754,True,False,0.0,-1.6365948037847944e-11,222198.39861750547,222198.39861750545,1,1.0000000000000002
2015-03-27,95.011986,27.905437,0.011052281462720845,True,False,0.0,-1.6365948037847944e-11,224961.98258698147,224961.98258698144,1,1.0000000000000002
2015-03-30,94.540764,28.262091,0.010166029982500232,True,False,0.0,-1.6365948037847944e-11,223846.25982587002,223846.25982587,1,1.0000000000000002
2015-03-31,94.743759,27.944069,0.0100980804082281,True,False,0.0,-1.6365948037847944e-11,224326.89558118666,224326.89558118663,1,1.0000000000000002
2015-04-01,95.988213,27.762774,0.010405299279726315,True,False,0.0,-1.6365948037847944e-11,227273.416866178,227273.41686617798,1,1.0000000000000002
2015-04-02,94.971146,27.700357,0.010779627557227715,True,False,0.0,-1.6365948037847944e-11,224865.28481488302,224865.284814883,1,1.0000000000000002
2015-04-06,94.440796,27.822212,0.009360451379398152,True,False,0.0,-1.6365948037847944e-11,223609.56337922113,223609.5633792211,1,1.0000000000000002
2015-04-07,95.232681,27.834097,0.009331540934123056,True,False,0.0,-1.6365948037847944e-11,225484.52702413316,225484.52702413313,1,1.0000000000000002
2015-04-08,95.261719,27.997559,0.009010625326987216,True,False,0.0,-1.6365948037847944e-11,225553.28093956402,225553.280939564,1,1.0000000000000002
2015-04-09,94.026688,28.363142,0.009515596140803221,True,False,0.0,-1.6365948037847944e-11,222629.070700275,222629.07070027498,1,1.0000000000000002
2015-04-10,94.164726,28.479053,0.00950779166253769,True,False,0.0,-1.6365948037847944e-11,222955.90632870133,222955.9063287013,1,1.0000000000000002
2015-04-13,94.295578,28.309645,0.009457373601149567,True,False,0.0,-1.6365948037847944e-11,223265.72750584705,223265.72750584703,1,1.0000000000000002
2015-04-14,94.963829,28.021343,0.009357579099569123,True,False,0.0,-1.6365948037847944e-11,224847.96019200239,224847.96019200236,1,1.0000000000000002
2015-04-15,94.883949,28.487976,0.009215727980544068,True,False,0.0,-1.6365948037847944e-11,224658.82654765304,224658.826547653,1,1.0000000000000002
2015-04-16,94.411758,28.366112,0.008204358669829775,True,False,0.0,-1.6365948037847944e-11,223540.8094637903,223540.80946379027,1,1.0000000000000002
2015-04-17,95.494171,27.961905,0.008537888150562613,True,False,0.0,-1.6365948037847944e-11,226103.66268588713,226103.6626858871,1,1.0000000000000002
2015-04-20,94.651543,28.199673,0.008692582144286714,True,False,0.0,-1.6365948037847944e-11,224108.55371654825,224108.55371654822,1,1.0000000000000002
2015-04-21,94.22287,28.392853,0.00874139761349001,True,False,0.0,-1.6365948037847944e-11,223093.57516466838,223093.57516466835,1,1.0000000000000002
2015-04-22,92.784416,28.794102,0.008997831745133278,True,False,0.0,-1.6365948037847944e-11,219687.71578498784,219687.7157849878,1,1.0000000000000002
2015-04-23,93.184052,28.348286,0.00895036773014766,True,False,0.0,-1.6365948037847944e-11,220633.942789159,220633.94278915896,1,1.0000000000000002
2015-04-24,93.765221,27.881655,0.008397217969804688,True,False,0.0,-1.6365948037847944e-11,222009.9894961302,222009.98949613018,1,1.0000000000000002
2015-04-27,93.765221,27.952991,0.007874930197183756,True,False,0.0,-1.6365948037847944e-11,222009.9894961302,222009.98949613018,1,1.0000000000000002
2015-04-28,92.472038,27.979734,0.008368715604701153,True,False,0.0,-1.6365948037847944e-11,218948.09147909706,218948.09147909703,1,1.0000000000000002
2015-04-29,91.338776,27.825178,0.008692460478834338,True,False,0.0,-1.6365948037847944e-11,216264.84195402675,216264.84195402672,1,1.0000000000000002
2015-04-30,91.498657,27.584438,0.008015261071790394,True,False,0.0,-1.6365948037847944e-11,216643.39573710406,216643.39573710403,1,1.0000000000000002
2015-05-01,90.266899,28.351252,0.008196762231633424,True,False,0.0,-1.6365948037847944e-11,213726.93505237135,213726.93505237132,1,1.0000000000000002
2015-05-04,89.415222,28.294779,0.008318009447059726,True,False,0.0,-1.6365948037847944e-11,211710.40056540954,211710.4005654095,1,1.0000000000000002
2015-05-05,89.291496,27.679552,0.007910089840057337,True,False,0.0,-1.6365948037847944e-11,211417.45177621616,211417.45177621613,1,1.0000000000000002
2015-05-06,87.762733,27.646851,0.008455165453457413,True,False,0.0,-1.6365948037847944e-11,207797.76577801356,207797.76577801353,1,1.0000000000000002
2015-05-07,88.942032,27.950012,0.009025633638782575,True,False,0.0,-1.6365948037847944e-11,210590.01812713133,210590.0181271313,1,1.0000000000000002
2015-05-08,89.182289,28.229395,0.00906023762041269,True,False,0.0,-1.6365948037847944e-11,211158.87994473823,211158.8799447382,1,1.0000000000000002
2015-05-11,87.012955,28.247223,0.010231265643110287,True,False,0.0,-1.6365948037847944e-11,206022.49980914834,206022.4998091483,1,1.0000000000000002
2015-05-12,87.238594,27.991623,0.010023108006096992,True,False,0.0,-1.6365948037847944e-11,206556.7502645482,206556.75026454817,1,1.0000000000000002
2015-05-13,86.539772,28.164005,0.010023850182670326,True,False,0.0,-1.6365948037847944e-11,204902.1339449251,204902.13394492507,1,1.0000000000000002
2015-05-14,86.772713,28.499855,0.010154415629439275,True,False,0.0,-1.6365948037847944e-11,205453.6735073735,205453.67350737346,1,1.0000000000000002
2015-05-15,88.512558,28.547411,0.01098093340075902,True,False,0.0,-1.6365948037847944e-11,209573.1430298193,209573.14302981927,1,1.0000000000000002
2015-05-18,87.027496,28.826792,0.011319204880886466,True,False,0.0,-1.6365948037847944e-11,206056.92885675078,206056.92885675075,1,1.0000000000000002
2015-05-19,86.255859,28.722776,0.011368127782119547,True,False,0.0,-1.6365948037847944e-11,204229.90684968032,204229.9068496803,1,1.0000000000000002
2015-05-20,86.401505,28.785181,0.011139944714955118,True,False,0.0,-1.6365948037847944e-11,204574.75610812928,204574.75610812925,1,1.0000000000000002
2015-05-21,87.609871,28.93082,0.011689056773118031,True,False,0.0,-1.6365948037847944e-11,207435.83103661987,207435.83103661984,1,1.0000000000000002
2015-05-22,87.646286,28.990265,0.011516790298733608,True,False,0.0,-1.6365948037847944e-11,207522.0516382596,207522.05163825958,1,1.0000000000000002
2015-05-26,89.145882,28.767351,0.012371439827410725,True,False,0.0,-1.6365948037847944e-11,211072.6782848756,211072.67828487558,1,1.0000000000000002
2015-05-27,89.349709,29.896763,0.01211560109699203,True,False,0.0,-1.6365948037847944e-11,211555.28398501073,211555.2839850107,1,1.0000000000000002
2015-05-28,89.131294,29.926481,0.011858754015250954,True,False,0.0,-1.6365948037847944e-11,211038.1379543327,211038.13795433266,1,1.0000000000000002
2015-05-29,89.327843,30.039429,0.011865173180879887,True,False,0.0,-1.6365948037847944e-11,211503.51137275057,211503.51137275054,1,1.0000000000000002
2015-06-01,88.367752,30.057262,0.011729762966264667,True,False,0.0,-1.6365948037847944e-11,209230.28265796587,209230.28265796584,1,1.0000000000000002
2015-06-02,87.134888,29.721416,0.011944884947633667,True,False,0.0,-1.6365948037847944e-11,206311.20327254903,206311.203272549,1,1.0000000000000002
2015-06-03,85.734192,29.519302,0.012401951602615964,True,False,0.0,-1.6365948037847944e-11,202994.744345339,202994.74434533896,1,1.0000000000000002
2015-06-04,86.850395,29.251814,0.01228742003054244,True,False,0.0,-1.6365948037847944e-11,205637.60289846448,205637.60289846445,1,1.0000000000000002
2015-06-05,85.792542,29.254789,0.012098545888591659,True,False,0.0,-1.6365948037847944e-11,203132.90093206638,203132.90093206635,1,1.0000000000000002
2015-06-08,85.697693,28.704933,0.012053893465170308,True,False,0.0,-1.6365948037847944e-11,202908.3248550397,202908.32485503968,1,1.0000000000000002
2015-06-09,85.019249,28.687103,0.010930293845326646,True,False,0.0,-1.6365948037847944e-11,201301.9579771361,201301.95797713607,1,1.0000000000000002
2015-06-10,84.275116,29.043764,0.011020732528688184,True,False,0.0,-1.6365948037847944e-11,199540.05779973743,199540.0577997374,1,1.0000000000000002
2015-06-11,86.04789,29.034834,0.01199659461969472,True,False,0.0,-1.6365948037847944e-11,203737.49404445136,203737.49404445133,1,1.0000000000000002
2015-06-12,86.04789,28.773302,0.011976573432013249,True,False,0.0,-1.6365948037847944e-11,203737.49404445136,203737.49404445133,1,1.0000000000000002
2015-06-15,86.186523,28.713863,0.01100685627917579,True,False,0.0,-1.6365948037847944e-11,204065.73846754953,204065.7384675495,1,1.0000000000000002
2015-06-16,86.864952,28.794102,0.010543974489655439,True,False,0.0,-1.6365948037847944e-11,205672.06982962112,205672.0698296211,1,1.0000000000000002
2015-06-17,86.193756,28.817875,0.010496444697217881,True,False,0.0,-1.6365948037847944e-11,204082.8642017706,204082.86420177057,1,1.0000000000000002
2015-06-18,85.770645,29.225063,0.01054324821732965,True,False,0.0,-1.6365948037847944e-11,203081.05492041993,203081.0549204199,1,1.0000000000000002
2015-06-19,86.872284,29.079428,0.010465820213764269,True,False,0.0,-1.6365948037847944e-11,205689.42996833377,205689.42996833374,1,1.0000000000000002
2015-06-22,85.09951,29.326115,0.011392867000964412,True,False,0.0,-1.6365948037847944e-11,201491.99372361985,201491.99372361982,1,1.0000000000000002
2015-06-23,84.588844,29.180479,0.010564046151422866,True,False,0.0,-1.6365948037847944e-11,200282.87853051396,200282.87853051393,1,1.0000000000000002
2015-06-24,85.31839,28.872065,0.01080936277615112,True,False,0.0,-1.6365948037847944e-11,202010.2407450918,202010.24074509178,1,1.0000000000000002
2015-06-25,85.019249,28.851208,0.010812705900126701,True,False,0.0,-1.6365948037847944e-11,201301.9579771361,201301.95797713607,1,1.0000000000000002
2015-06-26,84.063568,28.133055,0.010933760161916904,True,False,0.0,-1.6365948037847944e-11,199039.17091697815,199039.17091697812,1,1.0000000000000002
2015-06-29,86.288635,27.343382,0.012551456023126607,True,False,0.0,-1.6365948037847944e-11,204307.5113104614,204307.51131046138,1,1.0000000000000002
2015-06-30,85.690445,27.441725,0.012265941120746722,True,False,0.0,-1.6365948037847944e-11,202891.16360498656,202891.16360498653,1,1.0000000000000002
2015-07-01,84.533775,27.507278,0.012106355291763347,True,False,0.0,-1.6365948037847944e-11,200152.49044011996,200152.49044011993,1,1.0000000000000002
2015-07-02,84.811592,27.635414,0.011720163841372148,True,False,0.0,-1.6365948037847944e-11,200810.2839012141,200810.28390121408,1,1.0000000000000002
2015-07-06,86.38353,27.233126,0.012188913393197196,False,False,0.0,-1.6365948037847944e-11,204532.19630270638,204532.19630270635,1,1.0000000000000002
2015-07-07,87.195107,27.146717,0.012346738046966444,False,False,0.0,-1.6365948037847944e-11,206453.78513195153,206453.7851319515,1,1.0000000000000002
2015-07-08,87.948128,26.413664,0.01227923146808045,False,False,0.0,-1.6365948037847944e-11,208236.72962370893,208236.7296237089,1,1.0000000000000002
2015-07-09,86.21537,26.076935,0.013007972173698881,False,False,0.0,-1.6365948037847944e-11,204134.0401480521,204134.04014805207,1,1.0000000000000002
2015-07-10,84.848152,26.559675,0.012676445384054866,False,False,0.0,-1.6365948037847944e-11,200896.84782256375,200896.84782256372,1,1.0000000000000002
2015-07-13,84.58493,26.783159,0.012686424172952303,False,False,0.0,-1.6365948037847944e-11,200273.6112660675,200273.61126606748,1,1.0000000000000002
2015-07-14,84.862778,27.063267,0.012708987341758616,False,False,0.0,-1.6365948037847944e-11,200931.4781265479,200931.47812654788,1,1.0000000000000002
2015-07-15,85.762077,26.902361,0.012819199341525051,False,False,0.0,-1.6365948037847944e-11,203060.76827714522,203060.7682771452,1,1.0000000000000002
2015-07-16,86.354301,26.953016,0.012809298041355022,False,False,0.0,-1.6365948037847944e-11,204462.9901523473,204462.99015234728,1,1.0000000000000002
2015-07-17,86.800301,26.896397,0.012799793227315592,False,False,0.0,-1.6365948037847944e-11,205518.99422570487,205518.99422570484,1,1.0000000000000002
2015-07-20,86.434723,26.711651,0.012510298534835243,False,False,0.0,-1.6365948037847944e-11,204653.4071020952,204653.40710209517,1,1.0000000000000002
2015-07-21,86.902641,26.717611,0.011600803287816971,False,False,0.0,-1.6365948037847944e-11,205761.3069092641,205761.30690926407,1,1.0000000000000002
2015-07-22,87.443665,26.053093,0.011530691495444893,False,False,0.0,-1.6365948037847944e-11,207042.3014110224,207042.30141102237,1,1.0000000000000002
2015-07-23,88.533089,26.440485,0.011680897860341821,False,False,0.0,-1.6365948037847944e-11,209621.75473302582,209621.7547330258,1,1.0000000000000002
2015-07-24,88.752411,25.910063,0.011612777415379846,False,False,0.0,-1.6365948037847944e-11,210141.04828768258,210141.04828768256,1,1.0000000000000002
2015-07-27,89.227676,25.719349,0.011186520591054265,False,False,0.0,-1.6365948037847944e-11,211266.34374939627,211266.34374939624,1,1.0000000000000002
2015-07-28,88.57695,26.255722,0.009979370977848468,False,False,0.0,-1.6365948037847944e-11,209725.6053937019,209725.60539370187,1,1.0000000000000002
2015-07-29,88.247932,26.288511,0.009863897597777465,False,False,0.0,-1.6365948037847944e-11,208946.5821914419,208946.58219144188,1,1.0000000000000002
2015-07-30,88.927902,26.392803,0.009284123829490464,False,False,0.0,-1.6365948037847944e-11,210556.56221332744,210556.56221332742,1,1.0000000000000002
2015-07-31,89.585922,26.085875,0.009346318738898256,False,False,0.0,-1.6365948037847944e-11,212114.57073429326,212114.57073429323,1,1.0000000000000002
2015-08-03,90.528938,26.002436,0.008802563274385786,False,False,0.0,-1.6365948037847944e-11,214347.37059357885,214347.37059357882,1,1.0000000000000002
2015-08-04,89.81089,25.713387,0.008927647571268033,False,False,0.0,-1.6365948037847944e-11,212647.2324481388,212647.23244813876,1,1.0000000000000002
2015-08-05,89.136703,26.038195,0.00897910849722595,False,False,0.0,-1.6365948037847944e-11,211050.94496337482,211050.9449633748,1,1.0000000000000002
2015-08-06,89.928078,25.573338,0.007726109269715088,False,False,0.0,-1.6365948037847944e-11,212924.70106999672,212924.7010699967,1,1.0000000000000002
2015-08-07,91.10778,25.719349,0.006821189451825011,False,False,0.0,-1.6365948037847944e-11,215717.90761113595,215717.90761113592,1,1.0000000000000002
2015-08-10,89.979393,26.357044,0.007580862661462095,False,False,0.0,-1.6365948037847944e-11,213046.2007314863,213046.20073148626,1,1.0000000000000002
2015-08-11,91.408188,25.764042,0.008093073483067894,False,False,0.0,-1.6365948037847944e-11,216429.19028303996,216429.19028303993,1,1.0000000000000002
2015-08-12,90.909935,25.913042,0.008173559099482012,False,False,0.0,-1.6365948037847944e-11,215249.4656248278,215249.46562482778,1,1.0000000000000002
2015-08-13,90.616837,25.704449,0.008227784212499012,False,False,0.0,-1.6365948037847944e-11,214555.4910017494,214555.49100174938,1,1.0000000000000002
2015-08-14,90.829315,25.49288,0.008202442784837881,False,False,0.0,-1.6365948037847944e-11,215058.57986609664,215058.5798660966,1,1.0000000000000002
2015-08-17,91.239677,25.710407,0.008070140314539538,False,False,0.0,-1.6365948037847944e-11,216030.2030579154,216030.20305791538,1,1.0000000000000002
2015-08-18,90.521614,25.224688,0.008378563580023389,False,False,0.0,-1.6365948037847944e-11,214330.02939664328,214330.02939664325,1,1.0000000000000002
2015-08-19,91.415543,24.99822,0.00851137844539326,False,False,0.0,-1.6365948037847944e-11,216446.6048793618,216446.60487936178,1,1.0000000000000002
2015-08-20,92.338791,24.059557,0.008379776039437447,False,False,0.0,-1.6365948037847944e-11,218632.59960743188,218632.59960743185,1,1.0000000000000002
2015-08-21,92.617226,23.401007,0.00838188123028205,False,False,0.0,-1.6365948037847944e-11,219291.85632080704,219291.856320807,1,1.0000000000000002
2015-08-24,92.587921,22.876545,0.008363307239644728,False,False,0.0,-1.6365948037847944e-11,219222.47022356544,219222.4702235654,1,1.0000000000000002
2015-08-25,91.100479,22.650074,0.009080193516525585,False,False,0.0,-1.6365948037847944e-11,215700.62087180951,215700.6208718095,1,1.0000000000000002
2015-08-26,89.341904,23.779446,0.010168375364597927,False,False,0.0,-1.6365948037847944e-11,211536.80391372697,211536.80391372694,1,1.0000000000000002
2015-08-27,89.393204,24.664469,0.010031955321111095,False,False,0.0,-1.6365948037847944e-11,211658.26805938446,211658.26805938443,1,1.0000000000000002
2015-08-28,89.656967,24.807503,0.009914962843935221,False,False,0.0,-1.6365948037847944e-11,212282.78555355713,212282.7855535571,1,1.0000000000000002
2015-08-31,88.968201,24.738964,0.009740195933317665,False,False,0.0,-1.6365948037847944e-11,210651.97904774948,210651.97904774945,1,1.0000000000000002
2015-09-01,89.609283,23.865862,0.00974831306057618,False,False,0.0,-1.6365948037847944e-11,212169.88309114912,212169.8830911491,1,1.0000000000000002
2015-09-02,88.838257,24.435024,0.009795680556975786,False,False,0.0,-1.6365948037847944e-11,210344.3077623047,210344.30776230467,1,1.0000000000000002
2015-09-03,89.271492,24.625731,0.00964246933200563,False,False,0.0,-1.6365948037847944e-11,211370.08786257615,211370.08786257613,1,1.0000000000000002
2015-09-04,90.086563,24.19961,0.00939105668706219,False,False,0.0,-1.6365948037847944e-11,213299.94951296996,213299.94951296994,1,1.0000000000000002
2015-09-08,88.757492,25.272362,0.009564881753224211,False,False,0.0,-1.6365948037847944e-11,210153.07868386363,210153.0786838636,1,1.0000000000000002
2015-09-09,89.183342,24.807503,0.008861360835932731,False,False,0.0,-1.6365948037847944e-11,211161.3731561491,211161.37315614906,1,1.0000000000000002
2015-09-10,88.581192,24.917763,0.008899029418688835,False,False,0.0,-1.6365948037847944e-11,209735.6492710095,209735.64927100946,1,1.0000000000000002
2015-09-11,89.139313,24.932659,0.009043287425225003,False,False,0.0,-1.6365948037847944e-11,211057.1247181539,211057.12471815388,1,1.0000000000000002
2015-09-14,89.278809,24.989275,0.00903062035926575,False,False,0.0,-1.6365948037847944e-11,211387.4124854568,211387.41248545676,1,1.0000000000000002
2015-09-15,87.567902,25.308123,0.009824894086776777,False,False,0.0,-1.6365948037847944e-11,207336.4601062281,207336.46010622807,1,1.0000000000000002
2015-09-16,87.237396,25.361761,0.009738653183892774,False,False,0.0,-1.6365948037847944e-11,206553.91373342738,206553.91373342735,1,1.0000000000000002
2015-09-17,88.302185,25.159128,0.009896438649270131,False,False,0.0,-1.6365948037847944e-11,209075.03822057162,209075.0382205716,1,1.0000000000000002
2015-09-18,89.660667,24.721092,0.010284592638802879,False,False,0.0,-1.6365948037847944e-11,212291.54612546618,212291.54612546615,1,1.0000000000000002
2015-09-21,88.199394,24.646585,0.010747108377090638,False,False,0.0,-1.6365948037847944e-11,208831.65769432837,208831.65769432834,1,1.0000000000000002
2015-09-22,89.425682,24.10425,0.011341864447257887,False,False,0.0,-1.6365948037847944e-11,211735.16693896856,211735.16693896853,1,1.0000000000000002
2015-09-23,89.418343,23.925461,0.010821133772787395,False,False,0.0,-1.6365948037847944e-11,211717.7902262009,211717.79022620086,1,1.0000000000000002
2015-09-24,90.027855,23.877783,0.010014404863614804,False,False,0.0,-1.6365948037847944e-11,213160.94528171734,213160.94528171732,1,1.0000000000000002
2015-09-25,89.249496,24.009039,0.01021697341875859,False,False,0.0,-1.6365948037847944e-11,211318.0074464381,211318.00744643807,1,1.0000000000000002
2015-09-28,90.776855,23.343781,0.010894280001719216,False,False,0.0,-1.6365948037847944e-11,214934.36916275957,214934.36916275954,1,1.0000000000000002
2015-09-29,91.03389,23.499609,0.010723574254587006,False,False,0.0,-1.6365948037847944e-11,215542.95662239066,215542.95662239063,1,1.0000000000000002
2015-09-30,90.718124,24.410587,0.010672659638339615,False,False,0.0,-1.6365948037847944e-11,214795.31047389776,214795.31047389773,1,1.0000000000000002
2015-10-01,91.105148,24.119909,0.010471698189555251,False,False,0.0,-1.6365948037847944e-11,215711.67576646982,215711.6757664698,1,1.0000000000000002
2015-10-02,91.657013,24.623337,0.010496240001520657,False,False,0.0,-1.6365948037847944e-11,217018.3387439216,217018.33874392157,1,1.0000000000000002
2015-10-05,90.413467,25.102808,0.010836979548964861,False,False,0.0,-1.6365948037847944e-11,214073.96735063117,214073.96735063114,1,1.0000000000000002
2015-10-06,90.803474,25.18371,0.010269174573270671,False,False,0.0,-1.6365948037847944e-11,214997.3955583396,214997.39555833957,1,1.0000000000000002
2015-10-07,90.501793,25.516346,0.010277794228295636,False,False,0.0,-1.6365948037847944e-11,214283.09877615445,214283.09877615442,1,1.0000000000000002
2015-10-08,89.743835,25.684155,0.010346958388906561,False,False,0.0,-1.6365948037847944e-11,212488.46484020384,212488.46484020381,1,1.0000000000000002
2015-10-09,89.979317,25.525341,0.010274269885112439,False,False,0.0,-1.6365948037847944e-11,213046.0207846038,213046.02078460378,1,1.0000000000000002
2015-10-12,90.663643,25.525341,0.010395251916318307,False,False,0.0,-1.6365948037847944e-11,214666.31460412062,214666.3146041206,1,1.0000000000000002
2015-10-13,90.818184,25.210684,0.009253989162175126,False,False,0.0,-1.6365948037847944e-11,215032.22475098333,215032.2247509833,1,1.0000000000000002
2015-10-14,91.612907,26.127659,0.009277480350052564,False,False,0.0,-1.6365948037847944e-11,216913.90799132182,216913.9079913218,1,1.0000000000000002
2015-10-15,91.164017,26.373381,0.009122540370228785,False,False,0.0,-1.6365948037847944e-11,215851.06120098662,215851.0612009866,1,1.0000000000000002
2015-10-16,91.193428,26.433311,0.008536937016825525,False,False,0.0,-1.6365948037847944e-11,215920.69827677478,215920.69827677475,1,1.0000000000000002
2015-10-19,90.94326,26.42432,0.007573076528734699,False,False,0.0,-1.6365948037847944e-11,215328.3699650624,215328.36996506236,1,1.0000000000000002
2015-10-20,90.384041,26.400349,0.00717566564738707,False,False,0.0,-1.6365948037847944e-11,214004.29475901093,214004.2947590109,1,1.0000000000000002
2015-10-21,91.281731,26.439301,0.007470615500664367,False,False,0.0,-1.6365948037847944e-11,216129.77524468888,216129.77524468885,1,1.0000000000000002
2015-10-22,91.436295,27.35627,0.007349636033709654,True,False,0.0,-1.6365948037847944e-11,216495.73984916075,216495.73984916072,1,1.0000000000000002
2015-10-23,90.656258,27.688896,0.007341831918560562,True,False,0.0,-1.6365948037847944e-11,214648.82897613465,214648.82897613462,1,1.0000000000000002
2015-10-26,91.25972,27.191465,0.006452473379628693,True,False,0.0,-1.6365948037847944e-11,216077.65931271878,216077.65931271875,1,1.0000000000000002
2015-10-27,91.487778,26.954727,0.00644596540607492,False,False,0.0,-1.6365948037847944e-11,216617.63728796944,216617.6372879694,1,1.0000000000000002
2015-10-28,91.119858,27.353283,0.006464005363694232,True,False,0.0,-1.6365948037847944e-11,215746.50495911352,215746.5049591135,1,1.0000000000000002
2015-10-29,89.670227,26.619104,0.007331688360013301,False,False,0.0,-1.6365948037847944e-11,212314.18154910137,212314.18154910134,1,1.0000000000000002
2015-10-30,90.347198,26.831867,0.00741143954662166,False,False,0.0,-1.6365948037847944e-11,213917.06077229636,213917.06077229633,1,1.0000000000000002
2015-11-02,89.932053,27.068598,0.006833360088032035,False,False,0.0,-1.6365948037847944e-11,212934.11276549357,212934.11276549354,1,1.0000000000000002
2015-11-03,89.194656,27.209442,0.006965736276895501,True,False,0.0,-1.6365948037847944e-11,211188.1615644136,211188.16156441357,1,1.0000000000000002
2015-11-04,89.297836,27.287355,0.00695542375095117,True,False,0.0,-1.6365948037847944e-11,211432.46313456842,211432.4631345684,1,1.0000000000000002
2015-11-05,89.061836,26.714998,0.006733686528281666,False,False,0.0,-1.6365948037847944e-11,210873.68071010115,210873.68071010112,1,1.0000000000000002
2015-11-06,87.756584,27.422203,0.0074135183144348775,True,False,0.0,-1.6365948037847944e-11,207783.20665458965,207783.20665458962,1,1.0000000000000002
2015-11-09,87.262474,27.155506,0.007170497561189477,True,False,0.0,-1.6365948037847944e-11,206613.2914691934,206613.29146919338,1,1.0000000000000002
2015-11-10,87.520592,26.661051,0.007209025457849182,False,False,0.0,-1.6365948037847944e-11,207224.44317189947,207224.44317189945,1,1.0000000000000002
2015-11-11,87.33622,26.682035,0.0067671386452952485,False,False,0.0,-1.6365948037847944e-11,206787.90150595087,206787.90150595084,1,1.0000000000000002
2015-11-12,87.756584,26.337418,0.006923406846985877,False,False,0.0,-1.6365948037847944e-11,207783.20665458965,207783.20665458962,1,1.0000000000000002
2015-11-13,88.258049,26.100687,0.007116079041005693,False,False,0.0,-1.6365948037847944e-11,208970.5364363077,208970.53643630768,1,1.0000000000000002
2015-11-16,88.176956,26.421322,0.007112794102733738,False,False,0.0,-1.6365948037847944e-11,208778.53074500553,208778.5307450055,1,1.0000000000000002
2015-11-17,88.324402,26.598129,0.007060390281779572,False,False,0.0,-1.6365948037847944e-11,209127.6419033021,209127.64190330208,1,1.0000000000000002
2015-11-18,88.508751,26.861832,0.006620509921221939,False,False,0.0,-1.6365948037847944e-11,209564.12911164158,209564.12911164155,1,1.0000000000000002
2015-11-19,89.098732,26.924759,0.006836889197956656,False,False,0.0,-1.6365948037847944e-11,210961.04018608906,210961.04018608903,1,1.0000000000000002
2015-11-20,88.825882,27.011662,0.006636637588382365,False,False,0.0,-1.6365948037847944e-11,210315.0072008522,210315.00720085218,1,1.0000000000000002
2015-11-23,89.098732,26.688026,0.0064658244974806186,False,False,0.0,-1.6365948037847944e-11,210961.04018608906,210961.04018608903,1,1.0000000000000002
2015-11-24,89.09137,27.002672,0.006413786763677755,False,False,0.0,-1.6365948037847944e-11,210943.60901571222,210943.6090157122,1,1.0000000000000002
2015-11-25,89.297836,27.041626,0.006429963581530141,False,False,0.0,-1.6365948037847944e-11,211432.46313456842,211432.4631345684,1,1.0000000000000002
2015-11-27,89.209343,27.158495,0.005372514401767027,True,False,0.0,-1.6365948037847944e-11,211222.93629944816,211222.93629944813,1,1.0000000000000002
2015-11-30,89.563324,27.452171,0.005155779999317581,True,False,0.0,-1.6365948037847944e-11,212061.06494942837,212061.06494942834,1,1.0000000000000002
2015-12-01,90.773109,27.877691,0.00590865904540341,True,False,0.0,-1.6365948037847944e-11,214925.49967563222,214925.4996756322,1,1.0000000000000002
2015-12-02,90.802666,27.745844,0.005544185399993238,True,False,0.0,-1.6365948037847944e-11,214995.48243885246,214995.48243885243,1,1.0000000000000002
2015-12-03,88.334305,27.578028,0.008436519947940695,True,False,0.0,-1.6365948037847944e-11,209151.08945563048,209151.08945563046,1,1.0000000000000002
2015-12-04,89.110298,28.054491,0.008668419069176198,True,False,0.0,-1.6365948037847944e-11,210988.4252603322,210988.42526033218,1,1.0000000000000002
2015-12-07,89.97496,27.826746,0.008181536930525273,True,False,0.0,-1.6365948037847944e-11,213035.7046192504,213035.70461925038,1,1.0000000000000002
2015-12-08,90.019318,27.590015,0.008022874968245277,True,False,0.0,-1.6365948037847944e-11,213140.7320378289,213140.73203782886,1,1.0000000000000002
2015-12-09,89.923225,27.230417,0.008036368271119091,True,False,0.0,-1.6365948037847944e-11,212913.21051446308,212913.21051446305,1,1.0000000000000002
2015-12-10,90.041466,27.362268,0.007995080443912572,True,False,0.0,-1.6365948037847944e-11,213193.17234773186,213193.17234773183,1,1.0000000000000002
2015-12-11,91.460365,26.849846,0.008574743732993648,False,False,0.0,-1.6365948037847944e-11,216552.73092101212,216552.7309210121,1,1.0000000000000002
2015-12-14,90.277977,26.676041,0.009158515292637618,False,False,0.0,-1.6365948037847944e-11,213753.1646782114,213753.16467821138,1,1.0000000000000002
2015-12-15,89.74585,27.077593,0.009284522044954642,True,False,0.0,-1.6365948037847944e-11,212493.23580031106,212493.23580031103,1,1.0000000000000002
2015-12-16,89.553711,27.281359,0.00930660671282256,True,False,0.0,-1.6365948037847944e-11,212038.30403651993,212038.3040365199,1,1.0000000000000002
2015-12-17,90.566162,26.90678,0.00959943326185989,False,False,0.0,-1.6365948037847944e-11,214435.5066824279,214435.50668242786,1,1.0000000000000002
2015-12-18,91.068672,26.595131,0.009569142595894468,False,False,0.0,-1.6365948037847944e-11,215625.31073377974,215625.3107337797,1,1.0000000000000002
2015-12-21,91.046539,27.050621,0.009525255369175216,True,False,0.0,-1.6365948037847944e-11,215572.9059397088,215572.90593970878,1,1.0000000000000002
2015-12-22,90.388779,27.092573,0.009698613958964406,True,False,0.0,-1.6365948037847944e-11,214015.51302649875,214015.51302649872,1,1.0000000000000002
2015-12-23,89.708878,27.281359,0.009873268903969225,True,False,0.0,-1.6365948037847944e-11,212405.6963774407,212405.69637744068,1,1.0000000000000002
2015-12-24,90.22287,27.390371,0.009937978661893762,True,False,0.0,-1.6365948037847944e-11,213622.68661437614,213622.6866143761,1,1.0000000000000002
2015-12-28,90.489449,27.282263,0.009945607689390302,True,False,0.0,-1.6365948037847944e-11,214253.87161408822,214253.8716140882,1,1.0000000000000002
2015-12-29,88.986099,27.60058,0.010643579331915246,True,False,0.0,-1.6365948037847944e-11,210694.35653856778,210694.35653856775,1,1.0000000000000002
2015-12-30,88.89724,27.351332,0.010140317366270768,True,False,0.0,-1.6365948037847944e-11,210483.96311714518,210483.96311714515,1,1.0000000000000002
2015-12-31,89.297157,26.978958,0.01021238272775046,True,False,0.0,-1.6365948037847944e-11,211430.85545123697,211430.85545123694,1,1.0000000000000002
2016-01-04,89.941467,26.666647,0.008180246111033613,False,False,-8.832416401378258e-17,-1.6366036362011957e-11,212956.4025016967,212956.40250169666,1,1.0000000000000002
2016-01-05,89.578529,26.414398,0.008033299959306402,False,False,-8.832464068387407e-17,-1.6366124686652642e-11,212097.0661645302,212097.06616453017,1,1.0000000000000002
2016-01-06,90.785645,25.501486,0.008301612862490327,False,False,-8.832511735653809e-17,-1.636621301177e-11,214955.18144034882,214955.1814403488,1,1.0000000000000002
2016-01-07,90.948563,24.786772,0.008307066692074979,False,False,-8.832559403177462e-17,-1.636630133736403e-11,215340.92599555795,215340.92599555792,1,1.0000000000000002
2016-01-08,91.355927,24.429417,0.00834377196474719,False,False,-8.832607070958368e-17,-1.636638966343474e-11,216305.45075640825,216305.45075640822,1,1.0000000000000002
2016-01-11,90.356171,24.513496,0.008747914875683584,False,False,-8.832654738996527e-17,-1.636647798998213e-11,213938.3063430368,213938.30634303676,1,1.0000000000000002
2016-01-12,91.659546,24.717703,0.008629857824038762,False,False,-8.832702407291944e-17,-1.6366566317006203e-11,217024.3361840961,217024.33618409606,1,1.0000000000000002
2016-01-13,92.563072,23.930912,0.008306345596756162,False,False,-8.832750075844618e-17,-1.6366654644506962e-11,219163.6346961689,219163.63469616888,1,1.0000000000000002
2016-01-14,91.696587,24.423409,0.008499354470177033,False,False,-8.832797744654552e-17,-1.636674297248441e-11,217112.0389797939,217112.03897979387,1,1.0000000000000002
2016-01-15,93.12587,23.321306,0.009043166978165165,False,False,-8.832845413721747e-17,-1.6366831300938547e-11,220496.18397975076,220496.18397975073,1,1.0000000000000002
2016-01-19,92.837029,23.36034,0.00883441827447076,False,False,-8.832893083046202e-17,-1.636691962986938e-11,219812.288749812,219812.28874981197,1,1.0000000000000002
2016-01-20,93.814583,23.513493,0.009027843122976113,False,False,-8.83294075262792e-17,-1.6367007959276905e-11,222126.8649962851,222126.86499628506,1,1.0000000000000002
2016-01-21,93.177696,23.861845,0.009211653677055672,False,False,-8.832988422466903e-17,-1.636709628916113e-11,220618.8935472526,220618.89354725258,1,1.0000000000000002
2016-01-22,92.822235,24.297274,0.009077888607832929,False,False,-8.833036092563152e-17,-1.6367184619522058e-11,219777.26066850877,219777.26066850874,1,1.0000000000000002
2016-01-25,93.325829,23.960943,0.008870970694287689,False,False,-8.833083762916667e-17,-1.6367272950359686e-11,220969.63133065772,220969.6313306577,1,1.0000000000000002
2016-01-26,93.370224,24.183165,0.00883207364077865,False,False,-8.833131433527451e-17,-1.6367361281674023e-11,221074.74635495525,221074.74635495522,1,1.0000000000000002
2016-01-27,93.348038,23.906881,0.008837361747121448,False,False,-8.833179104395506e-17,-1.6367449613465068e-11,221022.21607161107,221022.21607161104,1,1.0000000000000002
2016-01-28,93.481354,23.852837,0.007719358686695036,False,False,-8.833226775520832e-17,-1.6367537945732824e-11,221337.87131610376,221337.87131610373,1,1.0000000000000002
2016-01-29,94.273758,24.933912,0.0077847837204870875,False,False,-8.83327444690343e-17,-1.6367626278477294e-11,223214.0638088052,223214.06380880516,1,1.0000000000000002
2016-02-01,93.985092,25.045027,0.007888110514904487,False,False,-8.833322118543303e-17,-1.636771461169848e-11,222530.58293024052,222530.5829302405,1,1.0000000000000002
2016-02-02,95.728752,24.219206,0.008599011702190998,False,False,-8.83336979044045e-17,-1.6367802945396385e-11,226659.08531264117,226659.08531264114,1,1.0000000000000002
2016-02-03,94.934853,24.276262,0.008836881930016123,False,False,-8.833417462594877e-17,-1.6367891279571012e-11,224779.3530753441,224779.35307534406,1,1.0000000000000002
2016-02-04,95.394882,24.696678,0.008503626085883774,False,False,-8.83346513500658e-17,-1.6367979614222363e-11,225868.57392256966,225868.57392256963,1,1.0000000000000002
2016-02-05,95.506142,23.849829,0.00850743487575775,False,False,-8.833512807675563e-17,-1.636806794935044e-11,226132.00668759603,226132.006687596,1,1.0000000000000002
2016-02-08,97.561401,23.249235,0.009492650809652779,False,False,-8.833560480601825e-17,-1.6368156284955245e-11,230998.2889203423,230998.28892034228,1,1.0000000000000002
2016-02-09,97.665283,23.117098,0.008901667833900596,False,False,-8.833608153785372e-17,-1.6368244621036782e-11,231244.25263143767,231244.25263143764,1,1.0000000000000002
2016-02-10,98.525963,22.936922,0.008642118761839417,False,False,-8.833655827226201e-17,-1.6368332957595053e-11,233282.10372080407,233282.10372080404,1,1.0000000000000002
2016-02-11,99.216003,22.759747,0.008558070955659471,False,False,-8.833703500924316e-17,-1.636842129463006e-11,234915.92670461498,234915.92670461495,1,1.0000000000000002
2016-02-12,97.568832,23.258242,0.009266838874380807,False,False,-8.833751174879717e-17,-1.636850963214181e-11,231015.8834635466,231015.88346354658,1,1.0000000000000002
2016-02-16,96.537514,24.075062,0.009271445929147663,False,False,-8.833798849092407e-17,-1.63685979701303e-11,228574.00900406906,228574.00900406903,1,1.0000000000000002
2016-02-17,95.943878,24.648628,0.009381335271954984,False,False,-8.833846523562386e-17,-1.6368686308595536e-11,227168.44390520873,227168.4439052087,1,1.0000000000000002
2016-02-18,97.123604,24.531519,0.00947548630484669,False,False,-8.833894198289656e-17,-1.6368774647537518e-11,229961.70727167925,229961.70727167922,1,1.0000000000000002
2016-02-19,97.205254,24.639624,0.009264425287741563,False,False,-8.833941873274218e-17,-1.636886298695625e-11,230155.03178421207,230155.03178421204,1,1.0000000000000002
2016-02-22,97.153351,25.027014,0.009182316338705905,False,False,-8.833989548516074e-17,-1.6368951326851736e-11,230032.1399021056,230032.13990210558,1,1.0000000000000002
2016-02-23,97.546585,24.633615,0.009162809619907189,False,False,-8.834037224015224e-17,-1.6369039667223975e-11,230963.208749152,230963.20874915196,1,1.0000000000000002
2016-02-24,97.353714,24.960945,0.009203638800180504,False,False,-8.83408489977167e-17,-1.6369128008072974e-11,230506.54381275616,230506.54381275614,1,1.0000000000000002
2016-02-25,97.70237,25.264246,0.00919239086027588,False,False,-8.834132575785417e-17,-1.6369216349398733e-11,231332.06434235384,231332.0643423538,1,1.0000000000000002
2016-02-26,96.760094,25.426403,0.00957488864801956,False,False,-8.834180252056461e-17,-1.6369304691201254e-11,229101.01659745004,229101.01659745,1,1.0000000000000002
2016-02-29,97.183006,25.366344,0.009467102639149745,False,False,-8.834227928584805e-17,-1.636939303348054e-11,230102.35470209536,230102.35470209533,1,1.0000000000000002
2016-03-01,95.471725,26.051027,0.010369446161927616,False,False,-8.83427560537045e-17,-1.6369481376236592e-11,226050.5167947872,226050.51679478717,1,1.0000000000000002
2016-03-02,95.86573,26.213198,0.009553836888190944,True,False,-8.8343232824134e-17,-1.6369569719469416e-11,226983.41115560164,226983.4111556016,1,1.0000000000000002
2016-03-03,96.215111,26.243227,0.009373120212983551,True,False,-8.834370959713654e-17,-1.6369658063179012e-11,227810.64828374906,227810.64828374903,1,1.0000000000000002
2016-03-04,95.598099,26.5135,0.009447973288761635,True,False,-8.834418637271215e-17,-1.6369746407365384e-11,226349.73531220085,226349.73531220082,1,1.0000000000000002
2016-03-07,95.568367,26.633614,0.009445029489910536,True,False,-8.834466315086082e-17,-1.6369834752028535e-11,226279.3381976065,226279.33819760647,1,1.0000000000000002
2016-03-08,96.623985,26.030008,0.008453195506097261,False,False,-8.834513993158258e-17,-1.6369923097168465e-11,228778.74830502714,228778.7483050271,1,1.0000000000000002
2016-03-09,96.036736,26.213198,0.00853546203030566,True,False,-8.834561671487745e-17,-1.637001144278518e-11,227388.3058474595,227388.30584745947,1,1.0000000000000002
2016-03-10,95.642761,26.34532,0.008253157513857315,True,False,-8.834609350074544e-17,-1.6370099788878683e-11,226455.48251830912,226455.4825183091,1,1.0000000000000002
2016-03-11,94.676369,26.846827,0.008217545926592285,True,False,-8.834657028918656e-17,-1.6370188135448973e-11,224167.33478633562,224167.3347863356,1,1.0000000000000002
2016-03-14,94.973671,26.783764,0.007560047731903013,True,False,-8.834704708020083e-17,-1.6370276482496052e-11,224871.26331328036,224871.26331328033,1,1.0000000000000002
2016-03-15,95.062927,26.714695,0.007248901292555653,True,False,-8.834752387378824e-17,-1.6370364830019927e-11,225082.5967203916,225082.59672039156,1,1.0000000000000002
2016-03-16,95.345367,26.954937,0.007178283267053271,True,False,-8.834800066994882e-17,-1.6370453178020597e-11,225751.33616092772,225751.3361609277,1,1.0000000000000002
2016-03-17,95.739334,27.141117,0.006642492479234792,True,False,-8.83484774686826e-17,-1.6370541526498065e-11,226684.140548301,226684.14054830096,1,1.0000000000000002
2016-03-18,95.940063,27.49848,0.006663859834384492,True,False,-8.834895426998957e-17,-1.6370629875452335e-11,227159.41104525386,227159.41104525383,1,1.0000000000000002
2016-03-21,95.204132,27.534517,0.006847153682345802,True,False,-8.834943107386976e-17,-1.637071822488341e-11,225416.9309248276,225416.93092482758,1,1.0000000000000002
2016-03-22,95.181847,27.528503,0.006747126173163936,True,False,-8.834990788032318e-17,-1.637080657479129e-11,225364.1662369918,225364.16623699176,1,1.0000000000000002
2016-03-23,96.25975,27.168865,0.007296615928406626,True,False,-8.835038468934984e-17,-1.637089492517598e-11,227916.3410322482,227916.34103224816,1,1.0000000000000002
2016-03-24,96.296867,27.150795,0.007235974042387576,True,False,-8.835086150094975e-17,-1.637098327603748e-11,228004.2237748285,228004.22377482848,1,1.0000000000000002
2016-03-28,96.423279,27.135735,0.006930176627676249,True,False,-8.835133831512292e-17,-1.6371071627375793e-11,228303.53226568337,228303.53226568335,1,1.0000000000000002
2016-03-29,97.434265,27.50923,0.007264060991759494,True,False,-8.835181513186938e-17,-1.6371159979190926e-11,230697.2661986598,230697.26619865978,1,1.0000000000000002
2016-03-30,96.408432,27.750198,0.006466667025461163,True,False,-8.835229195118914e-17,-1.6371248331482876e-11,228268.37869510683,228268.3786951068,1,1.0000000000000002
2016-03-31,97.09227,27.596579,0.0065863471406388254,True,False,-8.835276877308221e-17,-1.6371336684251648e-11,229887.51706622052,229887.5170662205,1,1.0000000000000002
2016-04-01,97.34552,27.786339,0.006565583960678271,True,False,-8.835324559754858e-17,-1.6371425037497247e-11,230487.1426975609,230487.14269756086,1,1.0000000000000002
2016-04-04,97.405167,27.53936,0.006354874157465531,True,False,-8.835372242458833e-17,-1.637151339121967e-11,230628.37021990074,230628.3702199007,1,1.0000000000000002
2016-04-05,98.470421,27.385736,0.006721159704954345,True,False,-8.835419925420141e-17,-1.6371601745418925e-11,233150.59569783896,233150.59569783893,1,1.0000000000000002
2016-04-06,97.75528,27.647793,0.00660434813816458,True,False,-8.835467608638786e-17,-1.637169010009501e-11,231457.34052065283,231457.3405206528,1,1.0000000000000002
2016-04-07,98.962036,27.226101,0.006897198995255952,True,False,-8.83551529211477e-17,-1.6371778455247933e-11,234314.60341650195,234314.60341650192,1,1.0000000000000002
2016-04-08,98.336296,27.352608,0.007009922722052206,True,False,-8.835562975848092e-17,-1.6371866810877692e-11,232833.024966137,232833.02496613696,1,1.0000000000000002
2016-04-11,98.209656,27.346575,0.006503476073883946,True,False,-8.835610659838757e-17,-1.637195516698429e-11,232533.17663463473,232533.1766346347,1,1.0000000000000002
2016-04-12,97.531769,27.307419,0.006780613933694589,True,False,-8.83565834408676e-17,-1.637204352356773e-11,230928.12857796173,230928.1285779617,1,1.0000000000000002
2016-04-13,97.874496,27.918877,0.006797150564830441,True,False,-8.83570602859211e-17,-1.6372131880628015e-11,231739.61088300572,231739.6108830057,1,1.0000000000000002
2016-04-14,97.405167,27.705013,0.0069273042353181205,True,False,-8.835753713354803e-17,-1.637222023816515e-11,230628.37021990074,230628.3702199007,1,1.0000000000000002
2016-04-15,98.239494,27.467062,0.007097509858848147,True,False,-8.835801398374844e-17,-1.6372308596179135e-11,232603.82472777562,232603.8247277756,1,1.0000000000000002
2016-04-18,97.814865,27.470078,0.007203789468573635,True,False,-8.835849083652234e-17,-1.637239695466997e-11,231598.4212442201,231598.42124422008,1,1.0000000000000002
2016-04-19,97.50946,27.135735,0.006983384029131436,True,False,-8.83589676918697e-17,-1.6372485313637663e-11,230875.30706479464,230875.30706479462,1,1.0000000000000002
2016-04-20,96.43679,27.394772,0.007500647377203274,True,False,-8.835944454979058e-17,-1.6372573673082212e-11,228335.52255948415,228335.52255948412,1,1.0000000000000002
2016-04-21,95.863197,27.232117,0.00720175042867347,True,False,-8.835992141028497e-17,-1.637266203300362e-11,226977.4137154272,226977.41371542716,1,1.0000000000000002
2016-04-22,95.61734,27.280312,0.007219233756404768,True,False,-8.836039827335288e-17,-1.6372750393401892e-11,226395.29265384987,226395.29265384984,1,1.0000000000000002
2016-04-25,95.222588,27.117666,0.0072557780134852356,True,False,-8.836087513899436e-17,-1.637283875427703e-11,225460.62960459865,225460.62960459862,1,1.0000000000000002
2016-04-26,94.790504,27.479107,0.006814022074162942,True,False,-8.836135200720939e-17,-1.637292711562904e-11,224437.57475250753,224437.5747525075,1,1.0000000000000002
2016-04-27,95.736511,27.759226,0.006898381675584249,True,False,-8.836182887799799e-17,-1.6373015477457916e-11,226677.4564687066,226677.45646870657,1,1.0000000000000002
2016-04-28,96.131363,27.033325,0.0067615307423175095,True,False,-8.83623057513602e-17,-1.6373103839763667e-11,227612.3562901716,227612.35629017156,1,1.0000000000000002
2016-04-29,96.377205,26.319466,0.006760312096350094,True,False,-8.8362782627296e-17,-1.6373192202546293e-11,228194.44183591683,228194.4418359168,1,1.0000000000000002
2016-05-02,95.406822,26.518255,0.007085486471717919,True,False,-8.83632595058054e-17,-1.63732805658058e-11,225896.84452489228,225896.84452489225,1,1.0000000000000002
2016-05-03,96.608559,26.217051,0.0072384846918960325,True,False,-8.836373638688846e-17,-1.6373368929542187e-11,228742.22382333293,228742.2238233329,1,1.0000000000000002
2016-05-04,97.138519,25.918858,0.007213045221894447,False,False,-8.836421327054515e-17,-1.6373457293755458e-11,229997.02184736115,229997.02184736112,1,1.0000000000000002
2016-05-05,97.78788,25.982109,0.006795016550354626,True,False,-8.83646901567755e-17,-1.6373545658445615e-11,231534.52826233773,231534.5282623377,1,1.0000000000000002
2016-05-06,97.369942,26.018255,0.006718509978768203,True,False,-8.836516704557952e-17,-1.637363402361266e-11,230544.9672076047,230544.96720760467,1,1.0000000000000002
2016-05-09,97.675949,25.985119,0.006763703516797113,True,False,-8.836564393695723e-17,-1.63737223892566e-11,231269.50675575703,231269.506755757,1,1.0000000000000002
2016-05-10,97.683395,26.292349,0.006579878097041672,True,False,-8.836612083090864e-17,-1.637381075537743e-11,231287.1368147934,231287.13681479337,1,1.0000000000000002
2016-05-11,98.235756,26.229101,0.0066551634220455395,True,False,-8.836659772743375e-17,-1.6373899121975157e-11,232594.97418242536,232594.97418242533,1,1.0000000000000002
2016-05-12,97.78788,25.75922,0.00664600887902674,False,False,-8.836707462653262e-17,-1.6373987489049785e-11,231534.52826233773,231534.5282623377,1,1.0000000000000002
2016-05-13,98.73584,25.852596,0.006724053142203811,False,False,-8.83675515282052e-17,-1.6374075856601315e-11,233779.03413987145,233779.03413987142,1,1.0000000000000002
2016-05-16,97.884979,26.268263,0.00694501825043477,True,False,-8.836802843245155e-17,-1.6374164224629746e-11,231764.43171417393,231764.4317141739,1,1.0000000000000002
2016-05-17,98.049133,26.096569,0.006912853556944923,True,False,-8.836850533927166e-17,-1.6374252593135086e-11,232153.10277394508,232153.10277394505,1,1.0000000000000002
2016-05-18,96.653343,26.503199,0.007227327841231996,True,False,-8.836898224866556e-17,-1.6374340962117334e-11,228848.259891542,228848.25989154197,1,1.0000000000000002
2016-05-19,97.07135,26.355606,0.007137354154944568,True,False,-8.836945916063325e-17,-1.6374429331576494e-11,229837.98431910248,229837.98431910246,1,1.0000000000000002
2016-05-20,97.145988,27.153807,0.007097648274613339,True,False,-8.836993607517475e-17,-1.637451770151257e-11,230014.70636400668,230014.70636400665,1,1.0000000000000002
2016-05-23,97.362488,27.343563,0.007007062709696773,True,False,-8.837041299229007e-17,-1.637460607192556e-11,230527.31820679124,230527.3182067912,1,1.0000000000000002
2016-05-24,96.929512,28.00321,0.007003223983961976,True,False,-8.837088991197923e-17,-1.6374694442815472e-11,229502.1513465534,229502.15134655338,1,1.0000000000000002
2016-05-25,96.563789,28.168871,0.006761846893412886,True,False,-8.837136683424225e-17,-1.6374782814182308e-11,228636.22090323377,228636.22090323374,1,1.0000000000000002
2016-05-26,97.063904,28.262243,0.006795954570499558,True,False,-8.837184375907914e-17,-1.6374871186026068e-11,229820.35426006612,229820.3542600661,1,1.0000000000000002
2016-05-27,96.922112,28.439959,0.006790857935530596,True,False,-8.83723206864899e-17,-1.6374959558346756e-11,229484.63020273537,229484.63020273534,1,1.0000000000000002
2016-05-31,97.153481,28.605631,0.006343709308177439,True,False,-8.837279761647457e-17,-1.637504793114437e-11,230032.4477059835,230032.44770598348,1,1.0000000000000002
2016-06-01,97.547607,28.756231,0.005786086615869958,True,False,-8.837327454903313e-17,-1.637513630441892e-11,230965.62856117662,230965.6285611766,1,1.0000000000000002
2016-06-02,98.250732,28.762249,0.005875688535559086,True,False,-8.837375148416563e-17,-1.6375224678170405e-11,232630.4331891577,232630.43318915766,1,1.0000000000000002
2016-06-03,99.649353,28.846584,0.006489080528306677,True,False,-8.837422842187205e-17,-1.6375313052398827e-11,235941.97909293225,235941.97909293222,1,1.0000000000000002
2016-06-06,98.908943,28.780325,0.006660224768499496,True,False,-8.837470536215242e-17,-1.637540142710419e-11,234188.89394505176,234188.89394505174,1,1.0000000000000002
2016-06-07,99.148232,29.054411,0.0066487500343568404,True,False,-8.837518230500675e-17,-1.6375489802286495e-11,234755.46380762948,234755.46380762945,1,1.0000000000000002
2016-06-08,99.679283,29.042372,0.006724570257964016,True,False,-8.837565925043508e-17,-1.6375578177945745e-11,236012.8450165098,236012.84501650976,1,1.0000000000000002
2016-06-09,100.322495,29.075504,0.006755574103106772,True,False,-8.837613619843736e-17,-1.6375666554081943e-11,237535.79230806246,237535.79230806243,1,1.0000000000000002
2016-06-10,100.808708,28.599596,0.006670523216258733,True,False,-8.837661314901368e-17,-1.637575493069509e-11,238687.00959173826,238687.00959173823,1,1.0000000000000002
2016-06-13,101.257408,28.452015,0.006434111652673586,True,False,-8.8377090102164e-17,-1.6375843307785192e-11,239749.4065148673,239749.40651486727,1,1.0000000000000002
2016-06-14,101.182686,28.442976,0.006022317838461904,True,False,-8.837756705788835e-17,-1.637593168535225e-11,239572.48558130357,239572.48558130354,1,1.0000000000000002
2016-06-15,101.571609,28.439959,0.006042024332240083,True,False,-8.837804401618677e-17,-1.6376020063396265e-11,240493.34717821487,240493.34717821484,1,1.0000000000000002
2016-06-16,102.065277,28.436947,0.004731875398296972,True,False,-8.837852097705923e-17,-1.6376108441917244e-11,241662.21583042628,241662.21583042626,1,1.0000000000000002
2016-06-17,101.429459,28.195978,0.005118726029694607,True,False,-8.837899794050577e-17,-1.6376196820915185e-11,240156.77547635886,240156.77547635883,1,1.0000000000000002
2016-06-20,100.34494,28.509233,0.005879259917351535,True,False,-8.837947490652641e-17,-1.637628520039009e-11,237588.93583144026,237588.93583144023,1,1.0000000000000002
2016-06-21,99.881226,28.599581,0.006039844752316973,True,False,-8.837995187512114e-17,-1.6376373580341965e-11,236490.98992813771,236490.9899281377,1,1.0000000000000002
2016-06-22,100.045792,28.572388,0.0058871394168939105,True,False,-8.838042884628998e-17,-1.6376461960770813e-11,236880.6364894296,236880.63648942957,1,1.0000000000000002
2016-06-23,98.901398,29.285486,0.006480886745748799,True,False,-8.838090582003298e-17,-1.6376550341676634e-11,234171.0294815238,234171.02948152376,1,1.0000000000000002
2016-06-24,101.556656,27.696123,0.008582404643349124,True,False,-8.838138279635011e-17,-1.637663872305943e-11,240457.94262909176,240457.94262909173,1,1.0000000000000002
2016-06-27,104.092232,26.572083,0.009876032340221205,True,False,-8.838185977524139e-17,-1.6376727104919208e-11,246461.4820557907,246461.48205579066,1,1.0000000000000002
2016-06-28,104.309052,27.26705,0.009878180766418537,True,False,-8.838233675670685e-17,-1.6376815487255964e-11,246974.85156965928,246974.85156965925,1,1.0000000000000002
2016-06-29,103.508774,27.816984,0.010191633731744303,True,False,-8.838281374074648e-17,-1.6376903870069706e-11,245080.0156328466,245080.01563284657,1,1.0000000000000002
2016-06-30,103.890198,28.294405,0.010145349847817658,True,False,-8.838329072736034e-17,-1.6376992253360434e-11,245983.12168144825,245983.12168144822,1,1.0000000000000002
2016-07-01,105.332726,28.061741,0.01012530557423699,True,False,-8.838376771654839e-17,-1.637708063712815e-11,249398.62716111724,249398.6271611172,1,1.0000000000000002
2016-07-05,106.651543,27.548061,0.010044460217710407,True,False,-8.838424470831067e-17,-1.637716902137286e-11,252521.21936742496,252521.21936742493,1,1.0000000000000002
2016-07-06,106.82383,27.584322,0.010051742811316149,True,False,-8.83847217026472e-17,-1.6377257406094563e-11,252929.14711134098,252929.14711134095,1,1.0000000000000002
2016-07-07,106.816345,27.919722,0.01007882688577902,True,False,-8.838519869955797e-17,-1.6377345791293264e-11,252911.42471114124,252911.4247111412,1,1.0000000000000002
2016-07-08,107.603081,28.696283,0.010094927245656764,True,False,-8.838567569904302e-17,-1.6377434176968963e-11,254774.19695476693,254774.1969547669,1,1.0000000000000002
2016-07-11,106.658966,29.019585,0.010455002282797218,True,False,-8.838615270110236e-17,-1.6377522563121665e-11,252538.79496885216,252538.79496885213,1,1.0000000000000002
2016-07-12,104.905602,29.397293,0.011305180421394214,True,False,-8.838662970573598e-17,-1.6377610949751372e-11,248387.3162108285,248387.31621082846,1,1.0000000000000002
2016-07-13,106.141991,29.433554,0.011501104792787858,True,False,-8.838710671294393e-17,-1.6377699336858085e-11,251314.74181678033,251314.7418167803,1,1.0000000000000002
2016-07-14,104.598396,29.648088,0.012105875144626528,True,False,-8.838758372272619e-17,-1.637778772444181e-11,247659.9377638332,247659.93776383318,1,1.0000000000000002
2016-07-15,103.699158,29.639021,0.012281855214777145,True,False,-8.83880607350828e-17,-1.6377876112502545e-11,245530.7920442863,245530.79204428627,1,1.0000000000000002
2016-07-18,103.601768,30.074131,0.012178554394043662,True,False,-8.838853775001375e-17,-1.6377964501040296e-11,245300.1995853081,245300.19958530806,1,1.0000000000000002
2016-07-19,104.18618,29.971399,0.011889846138109814,True,False,-8.838901476751908e-17,-1.6378052890055062e-11,246683.9248151714,246683.92481517137,1,1.0000000000000002
2016-07-20,103.616776,30.445782,0.011915778377183817,True,False,-8.838949178759877e-17,-1.637814127954685e-11,245335.73435914877,245335.73435914874,1,1.0000000000000002
2016-07-21,103.826561,30.231266,0.011915760319050662,True,False,-8.838996881025285e-17,-1.637822966951566e-11,245832.44694777954,245832.4469477795,1,1.0000000000000002
2016-07-22,104.006439,30.382353,0.011494864710328597,True,False,-8.839044583548135e-17,-1.6378318059961496e-11,246258.3480704419,246258.34807044186,1,1.0000000000000002
2016-07-25,103.93145,30.557575,0.010023817677056518,True,False,-8.839092286328428e-17,-1.6378406450884358e-11,246080.79495506742,246080.7949550674,1,1.0000000000000002
2016-07-26,104.096283,31.742064,0.008367059185228102,True,False,-8.839139989366164e-17,-1.637849484228425e-11,246471.07369817002,246471.07369817,1,1.0000000000000002
2016-07-27,105.392677,31.739037,0.008806884213079496,True,False,-8.839187692661344e-17,-1.637858323416118e-11,249540.5744709869,249540.57447098687,1,1.0000000000000002
2016-07-28,105.197754,31.563784,0.00861459825490246,True,False,-8.839235396213971e-17,-1.637867162651514e-11,249079.05096876476,249079.05096876473,1,1.0000000000000002
2016-07-29,106.074539,31.424799,0.00875643653896984,True,False,-8.839283100024045e-17,-1.637876001934614e-11,251155.03422315675,251155.03422315672,1,1.0000000000000002
2016-08-01,104.924507,31.448957,0.008603546559939354,True,False,-8.83933080409157e-17,-1.637884841265418e-11,248432.07799783934,248432.0779978393,1,1.0000000000000002
2016-08-02,103.843445,30.965517,0.00834768848456554,True,False,-8.839378508416543e-17,-1.6378936806439264e-11,245872.42356835032,245872.4235683503,1,1.0000000000000002
2016-08-03,103.903542,31.004807,0.008331635259856196,True,False,-8.839426212998969e-17,-1.6379025200701393e-11,246014.71656565205,246014.71656565202,1,1.0000000000000002
2016-08-04,104.684258,31.294865,0.008562547921610437,True,False,-8.839473917838848e-17,-1.6379113595440572e-11,247863.23512200953,247863.2351220095,1,1.0000000000000002
2016-08-05,103.595718,31.693714,0.008573949443581422,True,False,-8.839521622936184e-17,-1.6379201990656802e-11,245285.87486637576,245285.87486637573,1,1.0000000000000002
2016-08-08,103.790916,31.657461,0.008452625849391696,True,False,-8.839569328290974e-17,-1.6379290386350085e-11,245748.04949218573,245748.0494921857,1,1.0000000000000002
2016-08-09,104.811859,31.914295,0.007998897254761885,True,False,-8.839617033903222e-17,-1.6379378782520426e-11,248165.358834486,248165.35883448596,1,1.0000000000000002
2016-08-10,105.217239,31.696747,0.007572435043334753,True,False,-8.839664739772929e-17,-1.6379467179167823e-11,249125.18603461536,249125.18603461533,1,1.0000000000000002
2016-08-11,104.278854,31.8176,0.0071026369607097165,True,False,-8.839712445900096e-17,-1.637955557629228e-11,246903.35109654884,246903.3510965488,1,1.0000000000000002
2016-08-12,105.157196,31.96567,0.007052534590602373,True,False,-8.839760152284725e-17,-1.6379643973893802e-11,248983.02089430904,248983.020894309,1,1.0000000000000002
2016-08-15,104.166237,32.40078,0.007405770237694511,True,False,-8.839807858926815e-17,-1.637973237197239e-11,246636.70533258177,246636.70533258174,1,1.0000000000000002
2016-08-16,103.888535,32.174164,0.007321974100278617,True,False,-8.83985556582637e-17,-1.6379820770528048e-11,245979.1841595335,245979.18415953347,1,1.0000000000000002
2016-08-17,104.511612,32.168106,0.007330721112885089,True,False,-8.839903272983393e-17,-1.637990916956078e-11,247454.4573658461,247454.45736584606,1,1.0000000000000002
2016-08-18,104.676704,32.40078,0.007326313754373495,True,False,-8.839950980397882e-17,-1.6379997569070584e-11,247845.3493489823,247845.34934898227,1,1.0000000000000002
2016-08-19,104.128754,32.678757,0.007425519010920217,True,False,-8.83999868806984e-17,-1.6380085969057465e-11,246547.95600369913,246547.9560036991,1,1.0000000000000002
2016-08-22,105.006996,32.693863,0.0076516858077917225,True,False,-8.840046395999268e-17,-1.6380174369521425e-11,248627.3890292456,248627.38902924556,1,1.0000000000000002
2016-08-23,105.119621,32.854023,0.007648770635745495,True,False,-8.840094104186167e-17,-1.6380262770462468e-11,248894.05373498972,248894.0537349897,1,1.0000000000000002
2016-08-24,104.871918,32.582073,0.007135923829037452,True,False,-8.84014181263054e-17,-1.6380351171880595e-11,248307.56185834648,248307.56185834645,1,1.0000000000000002
2016-08-25,104.474098,32.715023,0.0071722006041468655,True,False,-8.840189521332386e-17,-1.6380439573775807e-11,247365.63463757717,247365.63463757714,1,1.0000000000000002
2016-08-26,103.86599,32.860065,0.006969115051736345,True,False,-8.840237230291706e-17,-1.638052797614811e-11,245925.8038639419,245925.80386394187,1,1.0000000000000002
2016-08-29,105.254738,32.98999,0.0072621033728571685,True,False,-8.840284939508504e-17,-1.6380616378997503e-11,249213.9732470522,249213.97324705217,1,1.0000000000000002
2016-08-30,104.849426,32.926537,0.0069034547741269455,True,False,-8.840332648982781e-17,-1.6380704782323993e-11,248254.3070520282,248254.30705202816,1,1.0000000000000002
2016-08-31,104.99958,32.905376,0.006906713218764272,True,False,-8.840380358714537e-17,-1.638079318612758e-11,248609.8300018733,248609.83000187328,1,1.0000000000000002
2016-09-01,105.115395,33.165249,0.006712872904868416,True,False,-8.840428068703773e-17,-1.6380881590408267e-11,248884.04774123637,248884.04774123634,1,1.0000000000000002
2016-09-02,104.258011,33.132004,0.006540647582936696,True,False,-8.840475778950495e-17,-1.6380969995166057e-11,246854.0006640354,246854.00066403538,1,1.0000000000000002
2016-09-06,105.017586,33.056465,0.006716439822655234,True,False,-8.8405234894547e-17,-1.6381058400400953e-11,248652.46320668247,248652.46320668244,1,1.0000000000000002
2016-09-07,104.942383,32.805672,0.006360340301054246,True,False,-8.840571200216388e-17,-1.6381146806112954e-11,248474.40339877058,248474.40339877055,1,1.0000000000000002
2016-09-08,103.626259,32.748257,0.0068881112995634285,True,False,-8.840618911235564e-17,-1.6381235212302067e-11,245358.18746817939,245358.18746817936,1,1.0000000000000002
2016-09-09,101.919098,31.584944,0.007548337321286133,True,False,-8.840666622512228e-17,-1.6381323618968293e-11,241316.104576078,241316.10457607798,1,1.0000000000000002
2016-09-12,101.971771,32.174164,0.007223388281535942,True,False,-8.840714334046381e-17,-1.6381412026111633e-11,241440.8196042304,241440.81960423038,1,1.0000000000000002
2016-09-13,100.813568,31.89012,0.007348482065562065,True,False,-8.840762045838026e-17,-1.6381500433732092e-11,238698.5167213269,238698.51672132686,1,1.0000000000000002
2016-09-14,100.963959,32.171127,0.007376506333218552,True,False,-8.840809757887163e-17,-1.638158884182967e-11,239054.60082131863,239054.6008213186,1,1.0000000000000002
2016-09-15,100.527748,32.914455,0.007189475111016107,True,False,-8.840857470193792e-17,-1.638167725040437e-11,238021.77437996573,238021.7743799657,1,1.0000000000000002
2016-09-16,101.339996,32.923504,0.0074952623276762975,True,False,-8.840905182757917e-17,-1.63817656594562e-11,239944.9519507652,239944.95195076516,1,1.0000000000000002
2016-09-19,101.009094,32.962811,0.007457820480228543,True,False,-8.840952895579537e-17,-1.6381854068985154e-11,239161.46795999797,239161.46795999794,1,1.0000000000000002
2016-09-20,101.362595,32.814735,0.007190285505405001,True,False,-8.841000608658657e-17,-1.638194247899124e-11,239998.46010335218,239998.46010335215,1,1.0000000000000002
2016-09-21,102.182304,33.267982,0.007498258956980485,True,False,-8.841048321995274e-17,-1.638203088947446e-11,241939.30324902007,241939.30324902004,1,1.0000000000000002
2016-09-22,102.994522,33.376755,0.007777211350345116,True,False,-8.841096035589393e-17,-1.6382119300434817e-11,243862.40978815538,243862.40978815535,1,1.0000000000000002
2016-09-23,102.896759,33.03532,0.0077473802956862575,True,False,-8.841143749441015e-17,-1.638220771187231e-11,243630.93416881983,243630.9341688198,1,1.0000000000000002
2016-09-26,103.551079,32.70974,0.007805631480347937,True,False,-8.841191463550137e-17,-1.6382296123786945e-11,245180.18211787663,245180.1821178766,1,1.0000000000000002
2016-09-27,104.310638,33.274117,0.007366469597975914,True,False,-8.841239177916765e-17,-1.6382384536178724e-11,246978.60677696948,246978.60677696945,1,1.0000000000000002
2016-09-28,104.085037,33.340866,0.007334908545535218,True,False,-8.841286892540901e-17,-1.638247294904765e-11,246444.44629501086,246444.44629501083,1,1.0000000000000002
2016-09-29,104.348274,33.7505,0.00735308729053552,True,False,-8.841334607422543e-17,-1.6382561362393724e-11,247067.7183673392,247067.71836733917,1,1.0000000000000002
2016-09-30,103.41571,34.284527,0.007592632294789677,True,False,-8.841382322561693e-17,-1.638264977621695e-11,244859.6659398355,244859.66593983548,1,1.0000000000000002
2016-10-03,103.074379,34.053928,0.00741951699553266,True,False,-8.841430037958355e-17,-1.6382738190517327e-11,244051.48897489553,244051.4889748955,1,1.0000000000000002
2016-10-04,101.868958,33.965942,0.007580479321971907,True,False,-8.841477753612527e-17,-1.6382826605294863e-11,241197.3869881001,241197.38698810007,1,1.0000000000000002
2016-10-05,101.394295,34.214737,0.007609866473932739,True,False,-8.841525469524213e-17,-1.638291502054956e-11,240073.51689511325,240073.51689511322,1,1.0000000000000002
2016-10-06,100.829185,34.415024,0.007232816056062552,True,False,-8.841573185693414e-17,-1.6383003436281416e-11,238735.49343794934,238735.4934379493,1,1.0000000000000002
2016-10-07,100.897057,34.363445,0.006286284127926581,True,False,-8.841620902120131e-17,-1.6383091852490436e-11,238896.1954748707,238896.19547487068,1,1.0000000000000002
2016-10-10,100.301888,34.190464,0.006394950119461237,True,False,-8.841668618804364e-17,-1.6383180269176623e-11,237487.0006579735,237487.00065797346,1,1.0000000000000002
2016-10-11,100.075768,33.474392,0.005905186630195015,True,False,-8.841716335746116e-17,-1.638326868633998e-11,236951.61132822547,236951.61132822544,1,1.0000000000000002
2016-10-12,100.173775,33.362106,0.005897815753279626,True,False,-8.841764052945388e-17,-1.638335710398051e-11,237183.6646717626,237183.66467176258,1,1.0000000000000002
2016-10-13,100.550507,32.967655,0.0058907944077999045,True,False,-8.841811770402182e-17,-1.6383445522098215e-11,238075.66136809476,238075.66136809473,1,1.0000000000000002
2016-10-14,99.141594,33.216461,0.006364548424790387,True,False,-8.841859488116498e-17,-1.6383533940693096e-11,234739.74686808028,234739.74686808026,1,1.0000000000000002
2016-10-17,99.774437,33.043499,0.006553104008352708,True,False,-8.841907206088338e-17,-1.6383622359765156e-11,236238.14324878846,236238.14324878843,1,1.0000000000000002
2016-10-18,100.098396,33.425835,0.00654502801404776,True,False,-8.841954924317705e-17,-1.63837107793144e-11,237005.18814475444,237005.18814475441,1,1.0000000000000002
2016-10-19,100.181313,33.286236,0.006232523574372613,True,False,-8.842002642804598e-17,-1.6383799199340826e-11,237201.5125612356,237201.51256123558,1,1.0000000000000002
2016-10-20,100.286804,33.519886,0.005896180823095807,True,False,-8.842050361549019e-17,-1.6383887619844442e-11,237451.28593725033,237451.2859372503,1,1.0000000000000002
2016-10-21,100.437439,33.434937,0.005929912515364174,True,False,-8.84209808055097e-17,-1.6383976040825247e-11,237807.94776144365,237807.94776144362,1,1.0000000000000002
2016-10-24,100.000534,34.047852,0.005690870963231764,True,False,-8.842145799810452e-17,-1.6384064462283246e-11,236773.4781209273,236773.47812092726,1,1.0000000000000002
2016-10-25,100.26416,34.017506,0.00538735368980403,True,False,-8.842193519327468e-17,-1.638415288421844e-11,237397.67123716715,237397.67123716712,1,1.0000000000000002
2016-10-26,99.586121,33.968967,0.005493801723816821,True,False,-8.842241239102017e-17,-1.638424130663083e-11,235792.26328672923,235792.2632867292,1,1.0000000000000002
2016-10-27,98.50119,33.811188,0.005705129758281637,True,False,-8.8422889591341e-17,-1.6384329729520423e-11,233223.44814028993,233223.4481402899,1,1.0000000000000002
2016-10-28,98.282707,33.607891,0.005522404847109222,True,False,-8.842336679423721e-17,-1.6384418152887218e-11,232706.1411045066,232706.14110450656,1,1.0000000000000002
2016-10-31,98.885391,33.789944,0.005846290905983964,True,False,-8.84238439997088e-17,-1.638450657673122e-11,234133.12935326766,234133.12935326764,1,1.0000000000000002
2016-11-01,98.892944,33.489552,0.005395617025353018,True,False,-8.84243212077558e-17,-1.6384595001052425e-11,234151.01275857276,234151.01275857273,1,1.0000000000000002
2016-11-02,99.323242,33.268044,0.005490843945598496,True,False,-8.842479841837819e-17,-1.6384683425850843e-11,235169.83885892614,235169.83885892612,1,1.0000000000000002
2016-11-03,98.560829,33.210396,0.005602568165575946,True,False,-8.8425275631576e-17,-1.6384771851126474e-11,233364.65672085265,233364.65672085262,1,1.0000000000000002
2016-11-04,99.444008,33.001022,0.006030104728849451,True,False,-8.842575284734924e-17,-1.638486027687932e-11,235455.7791905923,235455.77919059226,1,1.0000000000000002
2016-11-07,98.598618,33.929523,0.006175598201651493,True,False,-8.842623006569794e-17,-1.6384948703109384e-11,233454.13057270943,233454.1305727094,1,1.0000000000000002
2016-11-08,98.198517,33.99931,0.006210346167942097,True,False,-8.842670728662209e-17,-1.638503712981667e-11,232506.8025777443,232506.80257774427,1,1.0000000000000002
2016-11-09,94.031746,33.83849,0.011308043061956685,True,False,-8.842718451012173e-17,-1.6385125557001182e-11,222641.04663884686,222641.04663884683,1,1.0000000000000002
2016-11-10,92.642807,33.107235,0.011474570256454219,True,False,-8.842766173619687e-17,-1.638521398466292e-11,219352.4250208083,219352.42502080827,1,1.0000000000000002
2016-11-11,92.121956,34.375557,0.011239325180575917,True,False,-8.842813896484752e-17,-1.6385302412801884e-11,218119.19457773122,218119.1945777312,1,1.0000000000000002
2016-11-14,91.570923,34.196541,0.01099571036693316,True,False,-8.842861619607367e-17,-1.638539084141808e-11,216814.5015450979,216814.50154509788,1,1.0000000000000002
2016-11-15,92.023834,34.836784,0.011063017789124434,True,False,-8.842909342987537e-17,-1.638547927051151e-11,217886.86894614826,217886.86894614823,1,1.0000000000000002
2016-11-16,92.854164,35.237301,0.011403315808362385,True,False,-8.842957066625261e-17,-1.6385567700082177e-11,219852.8596686393,219852.85966863928,1,1.0000000000000002
2016-11-17,91.487877,35.616581,0.011598833621804569,True,False,-8.843004790520541e-17,-1.638565613013008e-11,216617.87169246102,216617.871692461,1,1.0000000000000002
2016-11-18,91.223709,35.8745,0.011518712895409863,True,False,-8.843052514673379e-17,-1.638574456065523e-11,215992.39527082263,215992.3952708226,1,1.0000000000000002
2016-11-21,91.45015,36.114227,0.01163375056387828,True,False,-8.843100239083775e-17,-1.6385832991657618e-11,216528.5446393768,216528.54463937678,1,1.0000000000000002
2016-11-22,91.419975,36.499565,0.011557170228370014,True,False,-8.843147963751732e-17,-1.6385921423137255e-11,216457.09862387553,216457.0986238755,1,1.0000000000000002
2016-11-23,91.06514,36.545094,0.011546712794481544,True,False,-8.84319568867725e-17,-1.6386009855094143e-11,215616.94793918982,215616.9479391898,1,1.0000000000000002
2016-11-25,91.201073,36.608807,0.011514328523386618,True,False,-8.843243413860333e-17,-1.6386098287528282e-11,215938.7995125165,215938.79951251647,1,1.0000000000000002
2016-11-28,91.872849,36.499565,0.011780859071890033,True,False,-8.843291139300979e-17,-1.6386186720439675e-11,217529.37841920683,217529.3784192068,1,1.0000000000000002
2016-11-29,92.257858,36.432812,0.011706690751907506,True,False,-8.843338864999192e-17,-1.6386275153828326e-11,218440.97275167168,218440.97275167165,1,1.0000000000000002
2016-11-30,90.763237,36.22345,0.01201610323070895,True,False,-8.84338659095497e-17,-1.6386363587694237e-11,214902.1255226901,214902.12552269007,1,1.0000000000000002
2016-12-01,89.804932,34.454453,0.01191566912379926,True,False,-8.84343431716832e-17,-1.6386452022037408e-11,212633.12555964311,212633.1255596431,1,1.0000000000000002
2016-12-02,90.462944,34.879253,0.012207656091141182,True,False,-8.843482043639238e-17,-1.6386540456857843e-11,214191.11513883184,214191.1151388318,1,1.0000000000000002
2016-12-05,90.364616,35.304058,0.011837269462799515,True,False,-8.843529770367726e-17,-1.6386628892155546e-11,213958.30175648857,213958.30175648854,1,1.0000000000000002
2016-12-06,90.296539,35.79258,0.011835432525536666,True,False,-8.843577497353788e-17,-1.638671732793052e-11,213797.11433652902,213797.114336529,1,1.0000000000000002
2016-12-07,91.068008,36.529911,0.012182828384757594,True,False,-8.843625224597425e-17,-1.6386805764182765e-11,215623.73856628037,215623.73856628034,1,1.0000000000000002
2016-12-08,89.994003,36.848515,0.008171200728412008,True,False,-8.843672952098636e-17,-1.6386894200912285e-11,213080.79315191624,213080.7931519162,1,1.0000000000000002
2016-12-09,88.87458,36.72411,0.007993164643006983,True,False,-8.843720679857424e-17,-1.6386982638119085e-11,210430.31053350776,210430.31053350773,1,1.0000000000000002
2016-12-12,89.041,36.435852,0.007993408041504477,True,False,-8.843768407873794e-17,-1.6387071075803164e-11,210824.34685164268,210824.34685164265,1,1.0000000000000002
2016-12-13,89.358643,36.860661,0.008008662675548204,True,False,-8.843816136147741e-17,-1.6387159513964527e-11,211576.43721458782,211576.4372145878,1,1.0000000000000002
2016-12-14,88.360176,36.827282,0.00816904689167212,True,False,-8.84386386467927e-17,-1.6387247952603173e-11,209212.34479505164,209212.3447950516,1,1.0000000000000002
2016-12-15,88.806496,37.455368,0.007933380768911388,True,False,-8.84391159346838e-17,-1.638733639171911e-11,210269.10653949325,210269.10653949322,1,1.0000000000000002
2016-12-16,88.602264,37.076084,0.00736049464297166,True,False,-8.843959322515076e-17,-1.6387424831312335e-11,209785.54191189245,209785.54191189242,1,1.0000000000000002
2016-12-19,89.555305,37.443245,0.007846515194444336,True,False,-8.844007051819356e-17,-1.6387513271382853e-11,212042.0781856072,212042.07818560718,1,1.0000000000000002
2016-12-20,89.109032,37.8013,0.007853954622631405,True,False,-8.844054781381223e-17,-1.6387601711930668e-11,210985.42772410606,210985.42772410603,1,1.0000000000000002
2016-12-21,89.502327,37.8013,0.007955300415607783,True,False,-8.844102511200679e-17,-1.638769015295578e-11,211916.64100220284,211916.6410022028,1,1.0000000000000002
2016-12-22,89.342346,37.983772,0.00792981509947035,True,False,-8.844150241277723e-17,-1.6387778594458192e-11,211537.8504469118,211537.85044691176,1,1.0000000000000002
2016-12-23,89.524323,38.178402,0.007939559808263405,True,False,-8.844197971612359e-17,-1.6387867036437908e-11,211968.7214183409,211968.72141834087,1,1.0000000000000002
2016-12-27,89.236183,38.64983,0.007708676495717317,True,False,-8.844245702204587e-17,-1.638795547889493e-11,211286.4859616206,211286.48596162058,1,1.0000000000000002
2016-12-28,89.888344,37.916859,0.007857716299587755,True,False,-8.844293433054408e-17,-1.638804392182926e-11,212830.62199858238,212830.62199858236,1,1.0000000000000002
2016-12-29,90.206833,37.910778,0.007074148732174847,True,False,-8.844341164161825e-17,-1.6388132365240903e-11,213584.7154544559,213584.71545445587,1,1.0000000000000002
2016-12-30,90.343353,37.323788,0.0066512876500094695,True,False,-8.844388895526838e-17,-1.638822080912986e-11,213907.95688067735,213907.95688067732,1,1.0000000000000002
2017-01-03,90.730125,37.323788,0.006516612513008388,True,False,-4.058035628927394e-16,-1.638862661269275e-11,214823.72550727078,214823.72550727075,1,1.0000000000000002
2017-01-04,91.078964,37.427197,0.00656039329622173,True,False,-4.0581361136191577e-16,-1.6389032426304112e-11,215649.67933001963,215649.6793300196,1,1.0000000000000002
2017-01-05,92.504692,37.107857,0.007371143135392775,True,False,-4.058236600799114e-16,-1.6389438249964194e-11,219025.4070777774,219025.40707777737,1,1.0000000000000002
2017-01-06,91.655296,37.402866,0.0075120184305377865,True,False,-4.0583370904673245e-16,-1.638984408367324e-11,217014.27336501138,217014.27336501135,1,1.0000000000000002
2017-01-09,92.390976,37.798248,0.007118785861310297,True,False,-4.0584375826238503e-16,-1.6390249927431503e-11,218756.15918718113,218756.1591871811,1,1.0000000000000002
2017-01-10,92.330276,37.980736,0.006359484116766545,True,False,-4.0585380772687534e-16,-1.639065578123923e-11,218612.43845343043,218612.4384534304,1,1.0000000000000002
2017-01-11,92.641182,38.111519,0.006367766064800432,True,False,-4.058638574402095e-16,-1.639106164509667e-11,219348.57747233473,219348.5774723347,1,1.0000000000000002
2017-01-12,92.43647,37.792164,0.006423025566608704,True,False,-4.0587390740239376e-16,-1.6391467519004072e-11,218863.87633810786,218863.87633810783,1,1.0000000000000002
2017-01-13,91.99659,38.038528,0.005877493770102349,True,False,-4.0588395761343423e-16,-1.6391873402961685e-11,217822.36272423223,217822.3627242322,1,1.0000000000000002
2017-01-17,92.95974,37.427197,0.0061400787510117495,True,False,-4.05894008073337e-16,-1.6392279296969758e-11,220102.8343010357,220102.83430103568,1,1.0000000000000002
2017-01-18,91.769089,37.938164,0.006958440795423649,True,False,-4.059040587821083e-16,-1.639268520102854e-11,217283.7035702122,217283.70357021218,1,1.0000000000000002
2017-01-19,91.139656,37.767834,0.006879285050761068,True,False,-4.0591410973975437e-16,-1.639309111513828e-11,215793.3811219932,215793.38112199318,1,1.0000000000000002
2017-01-20,90.957642,38.254452,0.006776516548247655,True,False,-4.0592416094628124e-16,-1.6393497039299225e-11,215362.422544845,215362.42254484497,1,1.0000000000000002
2017-01-23,91.867661,38.020275,0.007031034638286802,True,False,-4.0593421240169516e-16,-1.6393902973511627e-11,217517.0946767571,217517.09467675706,1,1.0000000000000002
2017-01-24,91.238243,38.756279,0.007237731775659025,True,False,-4.0594426410600224e-16,-1.6394308917775734e-11,216026.8077443701,216026.80774437007,1,1.0000000000000002
2017-01-25,90.093124,39.3311,0.007849692558563224,True,False,-4.059543160592087e-16,-1.6394714872091794e-11,213315.4841379146,213315.48413791458,1,1.0000000000000002
2017-01-26,90.396454,39.109085,0.007831455314933547,True,False,-4.059643682613207e-16,-1.6395120836460054e-11,214033.68529390465,214033.68529390462,1,1.0000000000000002
2017-01-27,90.722496,39.595699,0.0077095963676147425,True,False,-4.0597442071234427e-16,-1.6395526810880765e-11,214805.66215508324,214805.6621550832,1,1.0000000000000002
2017-01-30,90.449516,39.39801,0.007711223476655702,True,False,-4.059844734122856e-16,-1.6395932795354176e-11,214159.32136596853,214159.3213659685,1,1.0000000000000002
2017-01-31,91.078964,38.887062,0.007856196056904657,True,False,-4.0599452636115103e-16,-1.6396338789880537e-11,215649.67933001963,215649.6793300196,1,1.0000000000000002
2017-02-01,90.515816,39.504456,0.007933616721752272,True,False,-4.0600457955894664e-16,-1.6396744794460095e-11,214316.30134368964,214316.3013436896,1,1.0000000000000002
2017-02-02,90.477806,39.486214,0.007878821314233671,True,False,-4.060146330056786e-16,-1.63971508090931e-11,214226.30422524048,214226.30422524046,1,1.0000000000000002
2017-02-03,90.439812,39.689995,0.006939854992084593,True,False,-4.060246867013529e-16,-1.63975568337798e-11,214136.34499034553,214136.3449903455,1,1.0000000000000002
2017-02-06,90.987015,39.829876,0.006840929644168673,True,False,-4.06034740645976e-16,-1.6397962868520446e-11,215431.9696471919,215431.96964719187,1,1.0000000000000002
2017-02-07,91.655823,39.975872,0.006799297032357746,True,False,-4.0604479483955394e-16,-1.6398368913315286e-11,217015.52115457787,217015.52115457784,1,1.0000000000000002
2017-02-08,92.902176,40.051918,0.007475074991461217,True,False,-4.0605484928209287e-16,-1.6398774968164568e-11,219966.53874390846,219966.53874390843,1,1.0000000000000002
2017-02-09,91.830612,39.702152,0.007890680648532353,True,False,-4.0606490397359887e-16,-1.639918103306854e-11,217429.37293928213,217429.3729392821,1,1.0000000000000002
2017-02-10,91.777435,39.677814,0.007879812627359586,True,False,-4.060749589140782e-16,-1.6399587108027455e-11,217303.4645791724,217303.46457917237,1,1.0000000000000002
2017-02-13,91.488594,39.759933,0.007840336330101045,True,False,-4.0608501410353706e-16,-1.639999319304156e-11,216619.5693492337,216619.56934923367,1,1.0000000000000002
2017-02-14,90.827415,39.650444,0.007562690326918361,True,False,-4.060950695419815e-16,-1.6400399288111102e-11,215054.08119403527,215054.08119403524,1,1.0000000000000002
2017-02-15,90.409416,39.957623,0.007099203139699245,True,False,-4.061051252294178e-16,-1.640080539323633e-11,214064.37570825184,214064.3757082518,1,1.0000000000000002
2017-02-16,90.903374,40.021488,0.007073666422268161,True,False,-4.06115181165852e-16,-1.6401211508417498e-11,215233.93099988316,215233.93099988313,1,1.0000000000000002
2017-02-17,91.443016,40.228317,0.0071842515253817615,True,False,-4.0612523735129042e-16,-1.6401617633654848e-11,216511.65330964737,216511.65330964734,1,1.0000000000000002
2017-02-21,91.283455,40.797039,0.006820952001533384,True,False,-4.061352937857391e-16,-1.6402023768948633e-11,216133.85719765408,216133.85719765406,1,1.0000000000000002
2017-02-22,91.435425,40.806164,0.006654189442855586,True,False,-4.061453504692043e-16,-1.6402429914299103e-11,216493.67993090104,216493.679930901,1,1.0000000000000002
2017-02-23,91.709053,40.143147,0.005960936430073975,True,False,-4.0615540740169207e-16,-1.6402836069706505e-11,217141.55500396088,217141.55500396085,1,1.0000000000000002
2017-02-24,92.727425,40.11578,0.006362594371056526,True,False,-4.0616546458320877e-16,-1.640324223517109e-11,219552.77693264544,219552.7769326454,1,1.0000000000000002
2017-02-27,92.180222,40.498997,0.006533082320681585,True,False,-4.061755220137604e-16,-1.6403648410693105e-11,218257.15227579905,218257.15227579902,1,1.0000000000000002
2017-02-28,92.522202,39.981953,0.006499439660957939,True,False,-4.0618557969335306e-16,-1.64040545962728e-11,219066.86589240626,219066.86589240623,1,1.0000000000000002
2017-03-01,90.971855,40.605431,0.007489194468760583,True,False,-4.0619563762199317e-16,-1.6404460791910422e-11,215396.07497958632,215396.0749795863,1,1.0000000000000002
2017-03-02,90.644432,40.18877,0.007399052988175077,True,False,-4.0620569579968662e-16,-1.640486699760622e-11,214620.82829413572,214620.8282941357,1,1.0000000000000002
2017-03-03,90.880486,40.167488,0.00741930704648839,True,False,-4.062157542264398e-16,-1.6405273213360447e-11,215179.7385755984,215179.73857559837,1,1.0000000000000002
2017-03-06,90.44648,40.18877,0.007502985322750831,True,False,-4.0622581290225868e-16,-1.640567943917335e-11,214152.13296155885,214152.13296155882,1,1.0000000000000002
2017-03-07,90.17234,40.276966,0.00739268268428988,True,False,-4.0623587182714964e-16,-1.6406085675045176e-11,213503.0456147646,213503.04561476456,1,1.0000000000000002
2017-03-08,89.684998,40.371254,0.007234909922131822,True,False,-4.0624593100111866e-16,-1.6406491920976178e-11,212349.15517279544,212349.1551727954,1,1.0000000000000002
2017-03-09,88.969223,40.450325,0.006514695669077695,True,False,-4.0625599042417204e-16,-1.64068981769666e-11,210654.3988597741,210654.39885977408,1,1.0000000000000002
2017-03-10,89.281456,40.912621,0.0062323246228648726,True,False,-4.062660500963159e-16,-1.6407304443016697e-11,211393.67984595496,211393.67984595493,1,1.0000000000000002
2017-03-13,88.717957,41.219814,0.006324138008747134,True,False,-4.062761100175563e-16,-1.6407710719126715e-11,210059.47078915467,210059.47078915464,1,1.0000000000000002
2017-03-14,89.144363,41.098145,0.006475620148321569,True,False,-4.062861701878996e-16,-1.6408117005296903e-11,211069.08171494864,211069.0817149486,1,1.0000000000000002
2017-03-15,90.233284,41.423569,0.006970149244498441,True,False,-4.062962306073519e-16,-1.640852330152751e-11,213647.34407271683,213647.3440727168,1,1.0000000000000002
2017-03-16,89.776367,41.38097,0.006985910029762248,True,False,-4.063062912759193e-16,-1.6408929607818786e-11,212565.49157678336,212565.49157678333,1,1.0000000000000002
2017-03-17,90.339867,41.466145,0.007023472246792115,True,False,-4.063163521936081e-16,-1.640933592417098e-11,213899.70300130578,213899.70300130575,1,1.0000000000000002
2017-03-20,90.728226,41.773319,0.00695654253320531,True,False,-4.063264133604243e-16,-1.640974225058434e-11,214819.22920293154,214819.2292029315,1,1.0000000000000002
2017-03-21,91.482079,40.794003,0.007210145681292513,True,False,-4.0633647477637416e-16,-1.6410148587059118e-11,216604.14363950738,216604.14363950735,1,1.0000000000000002
2017-03-22,91.847565,41.22588,0.007255101813325916,True,False,-4.063465364414639e-16,-1.6410554933595558e-11,217469.51293268043,217469.5129326804,1,1.0000000000000002
2017-03-23,91.718124,41.134632,0.0072335638143738714,True,False,-4.063565983556996e-16,-1.6410961290193913e-11,217163.03261147082,217163.0326114708,1,1.0000000000000002
2017-03-24,92.04554,41.43438,0.006814024020745753,True,False,-4.0636666051908743e-16,-1.6411367656854433e-11,217938.26272286644,217938.2627228664,1,1.0000000000000002
2017-03-27,92.46434,41.49538,0.006766850489887165,True,False,-4.0637672293163363e-16,-1.6411774033577366e-11,218929.86475408205,218929.86475408202,1,1.0000000000000002
2017-03-28,91.847565,41.626488,0.006878230899816285,True,False,-4.0638678559334436e-16,-1.641218042036296e-11,217469.51293268043,217469.5129326804,1,1.0000000000000002
2017-03-29,92.395805,41.525871,0.005800941013615109,True,False,-4.063968485042257e-16,-1.6412586817211465e-11,218767.59291738344,218767.59291738342,1,1.0000000000000002
2017-03-30,91.649605,41.739315,0.006061532342662363,True,False,-4.064069116642839e-16,-1.641299322412313e-11,217000.79865832644,217000.7986583264,1,1.0000000000000002
2017-03-31,91.916077,41.742359,0.006067289853731905,True,False,-4.0641697507352515e-16,-1.6413399641098203e-11,217631.73031176982,217631.7303117698,1,1.0000000000000002
2017-04-03,92.843208,41.477077,0.006280528003042907,True,False,-4.064270387319555e-16,-1.6413806068136936e-11,219826.91890490009,219826.91890490006,1,1.0000000000000002
2017-04-04,92.339577,41.26973,0.006390060957121384,True,False,-4.0643710263958133e-16,-1.6414212505239575e-11,218634.46063703203,218634.460637032,1,1.0000000000000002
2017-04-05,92.621948,40.983086,0.006207244873221868,True,False,-4.064471667964086e-16,-1.6414618952406372e-11,219303.03670474066,219303.03670474063,1,1.0000000000000002
2017-04-06,92.484604,41.047127,0.005834975786172894,True,False,-4.0645723120244353e-16,-1.6415025409637576e-11,218977.84427547784,218977.8442754778,1,1.0000000000000002
2017-04-07,92.11071,41.22398,0.0059712018839517,True,False,-4.0646729585769234e-16,-1.6415431876933435e-11,218092.56717457206,218092.56717457203,1,1.0000000000000002
2017-04-10,92.537994,40.90686,0.005705881085815037,True,False,-4.064773607621613e-16,-1.6415838354294198e-11,219104.25696040282,219104.2569604028,1,1.0000000000000002
2017-04-11,93.415543,40.577518,0.00591173756926532,True,False,-4.0648742591585636e-16,-1.6416244841720115e-11,221182.04915450793,221182.0491545079,1,1.0000000000000002
2017-04-12,93.926834,39.879219,0.0055033545772223144,True,False,-4.0649749131878385e-16,-1.6416651339211433e-11,222392.6441739498,222392.64417394978,1,1.0000000000000002
2017-04-13,94.216759,39.613922,0.0052471525858736765,True,False,-4.0650755697094976e-16,-1.6417057846768405e-11,223079.10601468568,223079.10601468565,1,1.0000000000000002
2017-04-17,93.926834,40.107922,0.005302389976531384,True,False,-4.065176228723605e-16,-1.6417464364391277e-11,222392.6441739498,222392.64417394978,1,1.0000000000000002
2017-04-18,95.15535,40.29393,0.005835321816260134,True,False,-4.0652768902302214e-16,-1.64178708920803e-11,225301.4287035125,225301.42870351247,1,1.0000000000000002
2017-04-19,94.636475,40.504337,0.005913528745650257,True,False,-4.065377554229408e-16,-1.6418277429835724e-11,224072.8768793793,224072.87687937927,1,1.0000000000000002
2017-04-20,94.270195,41.144703,0.0060137409574253856,True,False,-4.065478220721227e-16,-1.6418683977657796e-11,223205.62761482902,223205.627614829,1,1.0000000000000002
2017-04-21,94.270195,40.970871,0.005988482225541978,True,False,-4.06557888970574e-16,-1.6419090535546767e-11,223205.62761482902,223205.627614829,1,1.0000000000000002
2017-04-24,93.804695,41.559414,0.006125546281407285,True,False,-4.0656795611830094e-16,-1.6419497103502884e-11,222103.45295978876,222103.45295978873,1,1.0000000000000002
2017-04-25,92.675346,41.983273,0.006714819042867731,True,False,-4.0657802351530954e-16,-1.64199036815264e-11,219429.4683314428,219429.46833144277,1,1.0000000000000002
2017-04-26,93.1866,41.638706,0.006617145106403318,True,False,-4.065880911616061e-16,-1.642031026961756e-11,220639.97574516555,220639.97574516552,1,1.0000000000000002
2017-04-27,93.156067,42.224163,0.00650405528788649,True,False,-4.065981590571967e-16,-1.6420716867776617e-11,220567.682085139,220567.68208513898,1,1.0000000000000002
2017-04-28,93.36216,41.504524,0.006194655394611629,True,False,-4.066082272020877e-16,-1.642112347600382e-11,221055.6530436379,221055.65304363787,1,1.0000000000000002
2017-05-01,92.585983,41.916172,0.0065085699916492675,True,False,-4.066182955962851e-16,-1.6421530094299415e-11,219217.88157806284,219217.8815780628,1,1.0000000000000002
2017-05-02,93.060104,41.474033,0.00620948926343958,True,False,-4.0662836423979507e-16,-1.6421936722663653e-11,220340.4683656511,220340.46836565106,1,1.0000000000000002
2017-05-03,93.121262,41.617352,0.006070473301086115,True,False,-4.066384331326238e-16,-1.6422343361096787e-11,220485.27351614082,220485.2735161408,1,1.0000000000000002
2017-05-04,92.662445,41.586857,0.006150650282541241,True,False,-4.066485022747776e-16,-1.642275000959906e-11,219398.92234814595,219398.92234814592,1,1.0000000000000002
2017-05-05,92.746567,41.751518,0.006143076252105733,True,False,-4.066585716662624e-16,-1.6423156668170726e-11,219598.09986980286,219598.09986980283,1,1.0000000000000002
2017-05-08,92.241875,41.586857,0.006201324204051384,True,False,-4.066686413070847e-16,-1.6423563336812034e-11,218403.12944874683,218403.1294487468,1,1.0000000000000002
2017-05-09,92.23423,41.998516,0.006107891505511943,True,False,-4.066787111972504e-16,-1.642397001552323e-11,218385.02821300508,218385.02821300505,1,1.0000000000000002
2017-05-10,92.127182,42.888916,0.0056753484147054716,True,False,-4.0668878133676576e-16,-1.6424376704304567e-11,218131.5682936222,218131.56829362217,1,1.0000000000000002
2017-05-11,92.127182,43.044445,0.005492186114117378,True,False,-4.066988517256369e-16,-1.6424783403156294e-11,218131.5682936222,218131.56829362217,1,1.0000000000000002
2017-05-12,92.823059,43.166416,0.00574847638724057,True,False,-4.067089223638701e-16,-1.6425190112078657e-11,219779.21167155012,219779.2116715501,1,1.0000000000000002
2017-05-15,92.570694,43.834225,0.005741342818803498,True,False,-4.067189932514715e-16,-1.6425596831071908e-11,219181.6814743015,219181.68147430147,1,1.0000000000000002
2017-05-16,92.914803,44.462379,0.004884935141384782,True,False,-4.0672906438844724e-16,-1.6426003560136297e-11,219996.4359713396,219996.43597133958,1,1.0000000000000002
2017-05-17,94.26828,42.544342,0.005894973619091362,True,False,-4.0673913577480354e-16,-1.6426410299272072e-11,223201.09342693558,223201.09342693555,1,1.0000000000000002
2017-05-18,94.37529,43.33717,0.005836411726612656,True,False,-4.0674920741054657e-16,-1.6426817048479482e-11,223454.46337287728,223454.46337287725,1,1.0000000000000002
2017-05-19,94.597076,43.815918,0.005858790351186144,True,False,-4.067592792956824e-16,-1.6427223807758778e-11,223979.59099488106,223979.59099488103,1,1.0000000000000002
2017-05-22,94.337097,44.294662,0.005777680758072291,True,False,-4.0676935143021736e-16,-1.6427630577110207e-11,223364.03296127694,223364.0329612769,1,1.0000000000000002
2017-05-23,93.7024,44.117805,0.005274763757340283,True,False,-4.0677942381415755e-16,-1.642803735653402e-11,221861.24682372573,221861.2468237257,1,1.0000000000000002
2017-05-24,94.230003,44.404434,0.005280422020185322,True,False,-4.067894964475091e-16,-1.6428444146030467e-11,223110.46412667568,223110.46412667565,1,1.0000000000000002
2017-05-25,94.260597,44.630093,0.00527668475575268,True,False,-4.0679956933027824e-16,-1.64288509455998e-11,223182.90221775262,223182.9022177526,1,1.0000000000000002
2017-05-26,94.421158,44.834385,0.005269691818105527,True,False,-4.068096424624712e-16,-1.6429257755242262e-11,223563.06605188348,223563.06605188345,1,1.0000000000000002
2017-05-30,94.887634,45.133232,0.004912001185253978,True,False,-4.068197158440941e-16,-1.6429664574958107e-11,224667.55160373,224667.55160372998,1,1.0000000000000002
2017-05-31,95.124702,45.127129,0.004837561885207496,True,False,-4.0682978947515317e-16,-1.643007140474758e-11,225228.86275544018,225228.86275544015,1,1.0000000000000002
2017-06-01,95.134636,45.172878,0.004841784038709846,True,False,-4.068398633556544e-16,-1.6430478244610936e-11,225252.38370715483,225252.3837071548,1,1.0000000000000002
2017-06-02,96.261116,45.633316,0.005180304920928174,True,False,-4.068499374856042e-16,-1.6430885094548423e-11,227919.5753406881,227919.57534068808,1,1.0000000000000002
2017-06-05,95.663376,45.743114,0.005489203379403178,True,False,-4.0686001186500865e-16,-1.6431291954560288e-11,226504.2931101752,226504.29311017517,1,1.0000000000000002
2017-06-06,96.184502,45.892502,0.005294435599717424,True,False,-4.068700864938738e-16,-1.6431698824646783e-11,227738.17467684008,227738.17467684005,1,1.0000000000000002
2017-06-07,95.724709,46.234051,0.005497100792665443,True,False,-4.0688016137220613e-16,-1.6432105704808154e-11,226649.512612039,226649.51261203896,1,1.0000000000000002
2017-06-08,95.471802,47.078705,0.0055497628717012994,True,False,-4.0689023650001147e-16,-1.6432512595044653e-11,226050.69910939177,226050.69910939175,1,1.0000000000000002
2017-06-09,95.326233,45.099693,0.005585935898549072,True,False,-4.069003118772962e-16,-1.643291949535653e-11,225706.03216554743,225706.0321655474,1,1.0000000000000002
2017-06-12,95.295563,44.840492,0.00542913476665029,True,False,-4.069103875040665e-16,-1.6433326405744035e-11,225633.41412758804,225633.414127588,1,1.0000000000000002
2017-06-13,95.310905,45.14542,0.005354058051733911,True,False,-4.0692046338032857e-16,-1.6433733326207416e-11,225669.7397206227,225669.73972062266,1,1.0000000000000002
2017-06-14,96.782173,44.672783,0.006176970703511225,True,False,-4.0693053950608846e-16,-1.6434140256746924e-11,229153.29353452552,229153.2935345255,1,1.0000000000000002
2017-06-15,96.628937,44.319061,0.0054814256513112825,True,False,-4.0694061588135243e-16,-1.6434547197362806e-11,228790.47326505237,228790.47326505234,1,1.0000000000000002
2017-06-16,96.820496,44.1422,0.005483859146107981,True,False,-4.069506925061266e-16,-1.6434954148055312e-11,229244.03175000375,229244.03175000372,1,1.0000000000000002
2017-06-19,96.682549,44.980766,0.00551001063540114,True,False,-4.0696076938041728e-16,-1.6435361108824693e-11,228917.41158429193,228917.4115842919,1,1.0000000000000002
2017-06-20,97.548447,44.474579,0.005696340700626024,True,False,-4.069708465042305e-16,-1.6435768079671196e-11,230967.61744777218,230967.61744777215,1,1.0000000000000002
2017-06-21,97.747704,44.989918,0.005340100476243097,True,False,-4.069809238775725e-16,-1.6436175060595073e-11,231439.40265773857,231439.40265773854,1,1.0000000000000002
2017-06-22,97.962219,44.886227,0.005276444807351766,True,False,-4.0699100150044943e-16,-1.6436582051596575e-11,231947.31457208007,231947.31457208004,1,1.0000000000000002
2017-06-23,97.916199,45.020412,0.005292231092848397,True,False,-4.0700107937286757e-16,-1.6436989052675948e-11,231838.35199930897,231838.35199930894,1,1.0000000000000002
2017-06-26,98.284103,44.633141,0.005307943738182027,True,False,-4.0701115749483303e-16,-1.6437396063833443e-11,232709.44644461063,232709.4464446106,1,1.0000000000000002
2017-06-27,97.234276,43.440968,0.005968770131111813,True,False,-4.0702123586635197e-16,-1.643780308506931e-11,230223.7478160887,230223.74781608867,1,1.0000000000000002
2017-06-28,96.91243,44.19294,0.006044447561055503,True,False,-4.070313144874306e-16,-1.64382101163838e-11,229461.70591699937,229461.70591699934,1,1.0000000000000002
2017-06-29,96.100143,43.092495,0.006395893672302727,True,False,-4.070413933580751e-16,-1.6438617157777157e-11,227538.43600503658,227538.43600503655,1,1.0000000000000002
2017-06-30,95.87796,42.857113,0.005841492078981556,True,False,-4.070514724782915e-16,-1.6439024209249636e-11,227012.3683973442,227012.36839734417,1,1.0000000000000002
2017-07-03,95.569275,42.270187,0.005715555764514547,True,False,-4.070615518480862e-16,-1.6439431270801486e-11,226281.48808930744,226281.48808930742,1,1.0000000000000002
2017-07-05,95.592278,43.135277,0.005569506617077248,True,False,-4.070716314674654e-16,-1.6439838342432954e-11,226335.95280163802,226335.952801638,1,1.0000000000000002
2017-07-06,94.801369,42.945763,0.0057703574337292516,True,False,-4.070817113364351e-16,-1.644024542414429e-11,224463.30005353224,224463.3000535322,1,1.0000000000000002
2017-07-07,94.233185,43.670227,0.0058846511704270825,True,False,-4.070917914550015e-16,-1.6440652515935746e-11,223117.99821851746,223117.99821851743,1,1.0000000000000002
2017-07-10,94.371384,44.174606,0.005899292825294137,True,False,-4.071018718231709e-16,-1.6441059617807568e-11,223445.21505020792,223445.2150502079,1,1.0000000000000002
2017-07-11,94.532623,44.541431,0.005919987542057311,True,False,-4.0711195244094934e-16,-1.644146672976001e-11,223826.98419994806,223826.98419994803,1,1.0000000000000002
2017-07-12,95.185295,45.253693,0.006140193399900763,True,False,-4.071220333083432e-16,-1.644187385179332e-11,225372.33014292212,225372.3301429221,1,1.0000000000000002
2017-07-13,94.586395,45.113071,0.005105576644862289,True,False,-4.071321144253584e-16,-1.6442280983907746e-11,223954.30135472963,223954.3013547296,1,1.0000000000000002
2017-07-14,94.701515,45.71833,0.005131305416678683,True,False,-4.0714219579200135e-16,-1.6442688126103537e-11,224226.87352720703,224226.873527207,1,1.0000000000000002
2017-07-17,94.962616,45.531857,0.005157831799142579,True,False,-4.0715227740827806e-16,-1.6443095278380943e-11,224845.0881450495,224845.08814504946,1,1.0000000000000002
2017-07-18,95.791962,45.672474,0.005589125737503306,True,False,-4.071623592741948e-16,-1.6443502440740218e-11,226808.74902895716,226808.74902895713,1,1.0000000000000002
2017-07-19,95.830307,46.094311,0.005143633396134803,True,False,-4.0717244138975778e-16,-1.6443909613181606e-11,226899.5393343224,226899.53933432238,1,1.0000000000000002
2017-07-20,96.106758,46.228809,0.005172162778543367,True,False,-4.071825237549731e-16,-1.644431679570536e-11,227554.0984869766,227554.09848697658,1,1.0000000000000002
2017-07-21,96.513748,45.834488,0.005254383097337748,True,False,-4.0719260636984704e-16,-1.644472398831173e-11,228517.7377197475,228517.73771974747,1,1.0000000000000002
2017-07-24,96.137474,45.696926,0.00530089894996175,True,False,-4.0720268923438574e-16,-1.6445131191000966e-11,227626.8254401543,227626.82544015427,1,1.0000000000000002
2017-07-25,94.885849,45.657181,0.005832995761731105,True,False,-4.0721277234859536e-16,-1.6445538403773315e-11,224663.3252197144,224663.32521971437,1,1.0000000000000002
2017-07-26,95.039421,46.158524,0.005475239534443823,True,False,-4.0722285571248213e-16,-1.644594562662903e-11,225026.94104382582,225026.9410438258,1,1.0000000000000002
2017-07-27,94.571068,45.455448,0.005521051179319755,True,False,-4.0723293932605214e-16,-1.6446352859568355e-11,223918.01127752705,223918.01127752702,1,1.0000000000000002
2017-07-28,95.131599,45.281193,0.005467658940310041,True,False,-4.072430231893117e-16,-1.6446760102591543e-11,225245.192935023,225245.19293502296,1,1.0000000000000002
2017-07-31,95.246788,44.929653,0.005463113181468617,True,False,-4.072531073022668e-16,-1.6447167355698845e-11,225517.92848032792,225517.9284803279,1,1.0000000000000002
2017-08-01,95.915489,45.207825,0.005652859117149587,True,False,-4.0726319166492383e-16,-1.644757461889051e-11,227101.22664144513,227101.2266414451,1,1.0000000000000002
2017-08-02,95.96936,44.880749,0.005653493103798171,True,False,-4.072732762772888e-16,-1.6447981892166787e-11,227228.77820071834,227228.7782007183,1,1.0000000000000002
2017-08-03,96.962074,44.71262,0.005710269223474928,True,False,-4.0728336113936814e-16,-1.6448389175527926e-11,229579.24911479707,229579.24911479704,1,1.0000000000000002
2017-08-04,96.138641,44.730965,0.005900452341618331,True,False,-4.072934462511677e-16,-1.6448796468974176e-11,227629.5885718889,227629.58857188886,1,1.0000000000000002
2017-08-07,96.246414,45.501297,0.005899526876707281,True,False,-4.073035316126939e-16,-1.6449203772505788e-11,227884.76508982154,227884.7650898215,1,1.0000000000000002
2017-08-08,95.90007,45.369835,0.005984215228285189,True,False,-4.0731361722395286e-16,-1.6449611086123012e-11,227064.71873380593,227064.7187338059,1,1.0000000000000002
2017-08-09,96.423393,45.216999,0.00591449556755306,True,False,-4.0732370308495077e-16,-1.6450018409826098e-11,228303.8021860071,228303.80218600706,1,1.0000000000000002
2017-08-10,97.246765,43.954517,0.005924900568154702,True,False,-4.073337891956939e-16,-1.6450425743615294e-11,230253.31829786487,230253.31829786484,1,1.0000000000000002
2017-08-11,97.292938,44.202122,0.005928344181336261,True,False,-4.073438755561883e-16,-1.645083308749085e-11,230362.64313212305,230362.64313212302,1,1.0000000000000002
2017-08-14,96.79277,45.327045,0.006091257640393377,True,False,-4.073539621664401e-16,-1.6451240441453017e-11,229178.3842860174,229178.38428601736,1,1.0000000000000002
2017-08-15,96.384918,45.440155,0.005909399871999614,True,False,-4.073640490264557e-16,-1.6451647805502044e-11,228212.70407676394,228212.7040767639,1,1.0000000000000002
2017-08-16,96.738914,45.513508,0.005956994875293249,True,False,-4.073741361362411e-16,-1.645205517963818e-11,229050.86824257622,229050.8682425762,1,1.0000000000000002
2017-08-17,97.462227,44.364147,0.006139033430485306,True,False,-4.073842234958026e-16,-1.6452462563861676e-11,230763.47244507063,230763.4724450706,1,1.0000000000000002
2017-08-18,97.439194,44.431377,0.006085007382639611,True,False,-4.073943111051463e-16,-1.6452869958172783e-11,230708.9367010759,230708.93670107587,1,1.0000000000000002
2017-08-21,97.677757,44.101257,0.00600947109074983,True,False,-4.0740439896427846e-16,-1.6453277362571748e-11,231273.78759738174,231273.7875973817,1,1.0000000000000002
2017-08-22,97.300621,44.828781,0.005183220986938927,True,False,-4.0741448707320523e-16,-1.645368477705882e-11,230380.834341306,230380.83434130598,1,1.0000000000000002
2017-08-23,97.962486,45.018311,0.00532861001517023,True,False,-4.074245754319327e-16,-1.6454092201634253e-11,231947.94675389078,231947.94675389075,1,1.0000000000000002
2017-08-24,97.6008,45.024406,0.005256210398451088,True,False,-4.0743466404046726e-16,-1.6454499636298293e-11,231091.57480484055,231091.57480484052,1,1.0000000000000002
2017-08-25,97.977844,44.807377,0.005186704192726887,True,False,-4.074447528988149e-16,-1.6454907081051193e-11,231984.31023047966,231984.31023047963,1,1.0000000000000002
2017-08-28,97.916222,44.941875,0.005207891490613025,True,False,-4.074548420069819e-16,-1.64553145358932e-11,231838.40645691814,231838.4064569181,1,1.0000000000000002
2017-08-29,98.231773,45.012199,0.005059939873537669,True,False,-4.074649313649745e-16,-1.6455722000824563e-11,232585.54354515145,232585.54354515142,1,1.0000000000000002
2017-08-30,98.20105,45.782524,0.005069451722732798,True,False,-4.074750209727987e-16,-1.6456129475845537e-11,232512.80001791875,232512.80001791872,1,1.0000000000000002
2017-08-31,98.493454,46.234932,0.004619001942977761,True,False,-4.07485110830461e-16,-1.6456536960956366e-11,233205.13144183368,233205.13144183366,1,1.0000000000000002
2017-09-01,97.740044,46.436684,0.004531915831854176,True,False,-4.0749520093796715e-16,-1.6456944456157302e-11,231421.26590616477,231421.26590616474,1,1.0000000000000002
2017-09-05,99.289993,45.800861,0.005627447863503688,True,False,-4.0750529129532366e-16,-1.6457351961448598e-11,235091.11446557398,235091.11446557395,1,1.0000000000000002
2017-09-06,98.680855,45.874226,0.005777357422115519,True,False,-4.0751538190253672e-16,-1.64577594768305e-11,233648.844938137,233648.84493813696,1,1.0000000000000002
2017-09-07,99.690956,45.953686,0.006041949661450523,True,False,-4.075254727596124e-16,-1.6458167002303258e-11,236040.4834370217,236040.48343702167,1,1.0000000000000002
2017-09-08,99.475105,45.41264,0.005875304123284937,True,False,-4.075355638665569e-16,-1.6458574537867125e-11,235529.4082459044,235529.40824590437,1,1.0000000000000002
2017-09-11,98.28756,46.277729,0.006570947620252534,True,False,-4.075456552233765e-16,-1.6458982083522347e-11,232717.6316600402,232717.63166004018,1,1.0000000000000002
2017-09-12,97.770905,46.4856,0.0065762730015781305,True,False,-4.0755574683007717e-16,-1.6459389639269175e-11,231494.33617905242,231494.3361790524,1,1.0000000000000002
2017-09-13,97.385376,46.577305,0.006566275160391005,True,False,-4.075658386866653e-16,-1.6459797205107863e-11,230581.510631076,230581.51063107597,1,1.0000000000000002
2017-09-14,97.786331,46.760712,0.00657818820873074,True,False,-4.0757593079314713e-16,-1.6460204781038654e-11,231530.86066074664,231530.8606607466,1,1.0000000000000002
2017-09-15,97.824875,47.576893,0.006374096887029967,True,False,-4.075860231495286e-16,-1.6460612367061802e-11,231622.12214281724,231622.1221428172,1,1.0000000000000002
2017-09-18,97.261955,48.200493,0.006512035292935368,True,False,-4.075961157558161e-16,-1.646101996317756e-11,230289.2839971346,230289.28399713457,1,1.0000000000000002
2017-09-19,97.022919,48.35334,0.006503861559462954,True,False,-4.0760620861201573e-16,-1.6461427569386172e-11,229723.31316825768,229723.31316825765,1,1.0000000000000002
2017-09-20,97.092293,47.686932,0.0064534055130078686,True,False,-4.0761630171813386e-16,-1.6461835185687892e-11,229887.57152382968,229887.57152382965,1,1.0000000000000002
2017-09-21,97.038345,47.48214,0.0062465609327743265,True,False,-4.0762639507417643e-16,-1.6462242812082966e-11,229759.8376499519,229759.83764995186,1,1.0000000000000002
2017-09-22,97.315941,47.723606,0.0062404197930106915,True,False,-4.076364886801496e-16,-1.6462650448571647e-11,230417.1078444536,230417.10784445357,1,1.0000000000000002
2017-09-25,97.925117,46.803505,0.006342841996884861,True,False,-4.0764658253605987e-16,-1.6463058095154184e-11,231859.46734533182,231859.4673453318,1,1.0000000000000002
2017-09-26,97.74778,46.729599,0.006354265758825261,True,False,-4.0765667664191316e-16,-1.6463465751830825e-11,231439.58260462104,231439.582604621,1,1.0000000000000002
2017-09-27,96.274948,47.861263,0.007134840405878702,True,False,-4.076667709977157e-16,-1.6463873418601822e-11,227952.325673295,227952.32567329498,1,1.0000000000000002
2017-09-28,95.989601,48.213959,0.007145959578329336,True,False,-4.076768656034737e-16,-1.6464281095467425e-11,227276.70326450496,227276.70326450493,1,1.0000000000000002
2017-09-29,96.205559,48.631042,0.007125789879209453,True,False,-4.076869604591934e-16,-1.6464688782427885e-11,227788.03180189096,227788.03180189093,1,1.0000000000000002
2017-10-02,96.029366,48.956127,0.006963016065390967,True,False,-4.0769705556488104e-16,-1.646509647948345e-11,227370.85573530555,227370.85573530552,1,1.0000000000000002
2017-10-03,96.122086,49.091064,0.005792899505627732,True,False,-4.077071509205426e-16,-1.6465504186634372e-11,227590.39093190132,227590.3909319013,1,1.0000000000000002
2017-10-04,96.129822,49.204544,0.005703206178985528,True,False,-4.077172465261845e-16,-1.6465911903880897e-11,227608.70763035762,227608.7076303576,1,1.0000000000000002
2017-10-05,95.766647,49.247482,0.005038138555032276,True,False,-4.0772734238181267e-16,-1.6466319631223277e-11,226748.8101430445,226748.81014304448,1,1.0000000000000002
2017-10-06,95.496178,49.440689,0.0050414046265516805,True,False,-4.077374384874336e-16,-1.6466727368661765e-11,226108.41470421726,226108.41470421723,1,1.0000000000000002
2017-10-09,95.797562,49.817913,0.004582493263080757,True,False,-4.0774753484305323e-16,-1.646713511619661e-11,226822.00827292757,226822.00827292755,1,1.0000000000000002
2017-10-10,95.952087,50.096996,0.004525352566380829,True,False,-4.07757631448678e-16,-1.646754287382806e-11,227187.88053623607,227187.88053623604,1,1.0000000000000002
2017-10-11,96.13752,50.440483,0.004510395944944338,True,False,-4.0776772830431383e-16,-1.6467950641556364e-11,227626.93435537262,227626.9343553726,1,1.0000000000000002
2017-10-12,96.54702,50.281025,0.0045183619074936595,True,False,-4.077778254099671e-16,-1.6468358419381774e-11,228596.5165707088,228596.51657070877,1,1.0000000000000002
2017-10-13,97.242432,50.603016,0.004842800034304973,True,False,-4.0778792276564397e-16,-1.646876620730454e-11,230243.05895784276,230243.05895784273,1,1.0000000000000002
2017-10-16,97.172935,50.842239,0.004671016741804199,True,False,-4.0779802037135055e-16,-1.646917400532491e-11,230078.50937244785,230078.50937244782,1,1.0000000000000002
2017-10-17,97.296577,50.799309,0.004643936685473071,True,False,-4.0780811822709305e-16,-1.646958181344314e-11,230371.25927298167,230371.25927298164,1,1.0000000000000002
2017-10-18,96.655235,50.971054,0.004879400397771076,True,False,-4.078182163328778e-16,-1.646998963165947e-11,228852.73962182627,228852.73962182624,1,1.0000000000000002
2017-10-19,96.825241,50.842239,0.00489853817744313,True,False,-4.0782831468871077e-16,-1.647039745997416e-11,229255.26659154653,229255.2665915465,1,1.0000000000000002
2017-10-20,95.797562,51.102913,0.0053777993345265765,True,False,-4.078384132945983e-16,-1.6470805298387455e-11,226822.00827292757,226822.00827292755,1,1.0000000000000002
2017-10-23,95.967552,51.354401,0.005158911507101658,True,False,-4.0784851215054653e-16,-1.6471213146899607e-11,227224.49735909363,227224.4973590936,1,1.0000000000000002
2017-10-24,95.372543,51.713234,0.005287516927481487,True,False,-4.078586112565617e-16,-1.6471621005510862e-11,225815.6813777384,225815.68137773836,1,1.0000000000000002
2017-10-25,94.916725,51.035442,0.004253856976895495,True,False,-4.0786871061265e-16,-1.6472028874221476e-11,224736.43100843413,224736.4310084341,1,1.0000000000000002
2017-10-26,94.599854,51.336018,0.004265167581795481,True,False,-4.0787881021881754e-16,-1.6472436753031693e-11,223986.16852697922,223986.1685269792,1,1.0000000000000002
2017-10-27,95.225777,52.409416,0.004527559132426225,True,False,-4.0788891007507052e-16,-1.647284464194177e-11,225468.18027049536,225468.18027049533,1,1.0000000000000002
2017-10-30,96.13752,52.550476,0.005037200723137189,True,False,-4.078990101814153e-16,-1.647325254095195e-11,227626.93435537262,227626.9343553726,1,1.0000000000000002
2017-10-31,96.168427,52.970638,0.005033143435694462,True,False,-4.079091105378579e-16,-1.6473660450062488e-11,227700.1135434786,227700.11354347857,1,1.0000000000000002
2017-11-01,96.596634,52.777424,0.005129318794496556,True,False,-4.0791921114440453e-16,-1.647406836927363e-11,228713.98873684235,228713.98873684232,1,1.0000000000000002
2017-11-02,97.022476,53.038113,0.005117549895079151,True,False,-4.079293120010614e-16,-1.6474476298585632e-11,229722.26426735075,229722.26426735072,1,1.0000000000000002
2017-11-03,97.285774,53.976562,0.005068964328710743,True,False,-4.079394131078347e-16,-1.647488423799874e-11,230345.68077072946,230345.68077072944,1,1.0000000000000002
2017-11-06,97.649712,54.7402,0.005084070714538729,True,False,-4.079495144647307e-16,-1.6475292187513205e-11,231207.3848300335,231207.38483003346,1,1.0000000000000002
2017-11-07,98.060112,54.691139,0.005134102594013279,True,False,-4.079596160717556e-16,-1.6475700147129278e-11,232179.0979952935,232179.09799529347,1,1.0000000000000002
2017-11-08,97.843307,54.865944,0.005181646817107838,True,False,-4.0796971792891546e-16,-1.6476108116847207e-11,231665.76399725696,231665.76399725693,1,1.0000000000000002
2017-11-09,97.564537,53.768021,0.0051818746272575735,True,False,-4.0797982003621656e-16,-1.6476516096667244e-11,231005.71409696573,231005.7140969657,1,1.0000000000000002
2017-11-10,96.093307,54.123772,0.006017409896862706,True,False,-4.079899223936651e-16,-1.6476924086589637e-11,227522.2502565041,227522.25025650408,1,1.0000000000000002
2017-11-13,96.29464,54.280174,0.006047132380625404,True,False,-4.0800002500126722e-16,-1.647733208661464e-11,227998.9508576281,227998.95085762808,1,1.0000000000000002
2017-11-14,96.945084,54.231113,0.006249035837186967,True,False,-4.080101278590292e-16,-1.64777400967425e-11,229539.02151567966,229539.02151567963,1,1.0000000000000002
2017-11-15,97.998146,53.743488,0.006513469045800119,True,False,-4.0802023096695713e-16,-1.6478148116973466e-11,232032.37972531666,232032.37972531663,1,1.0000000000000002
2017-11-16,97.146423,54.543934,0.006837059237569822,True,False,-4.080303343250573e-16,-1.647855614730779e-11,230015.73632313652,230015.7363231365,1,1.0000000000000002
2017-11-17,97.866531,54.304729,0.006515428373362752,True,False,-4.0804043793333583e-16,-1.6478964187745724e-11,231720.75197617995,231720.75197617992,1,1.0000000000000002
2017-11-20,97.827789,54.951832,0.006521131598279387,True,False,-4.0805054179179893e-16,-1.6479372238287515e-11,231629.0216851261,231629.02168512606,1,1.0000000000000002
2017-11-21,98.137566,55.580528,0.006311569105614012,True,False,-4.0806064590045278e-16,-1.6479780298933415e-11,232362.4875457371,232362.48754573707,1,1.0000000000000002
2017-11-22,98.455002,55.24316,0.0061482641567246355,True,False,-4.080707502593036e-16,-1.6480188369683675e-11,233114.0877901997,233114.08779019967,1,1.0000000000000002
2017-11-24,98.18396,55.740002,0.00612360706811194,True,False,-4.080808548683577e-16,-1.6480596450538544e-11,232472.33564658766,232472.33564658763,1,1.0000000000000002
2017-11-27,98.044647,55.040768,0.006059314396593315,True,False,-4.0809095972762114e-16,-1.648100454149827e-11,232142.48117243592,232142.4811724359,1,1.0000000000000002
2017-11-28,98.176262,55.0653,0.0057542727949712975,True,False,-4.0810106483710005e-16,-1.6481412642563107e-11,232454.1089215726,232454.10892157257,1,1.0000000000000002
2017-11-29,97.208389,52.639423,0.006255141452019476,True,False,-4.081111701968008e-16,-1.6481820753733305e-11,230162.45459311336,230162.45459311333,1,1.0000000000000002
2017-11-30,96.883118,52.921558,0.006241840046827095,True,False,-4.081212758067295e-16,-1.648222887500911e-11,229392.30324570282,229392.3032457028,1,1.0000000000000002
2017-12-01,98.190483,52.348061,0.0068589076644941715,True,False,-4.081313816668923e-16,-1.648263700639078e-11,232487.78029809103,232487.780298091,1,1.0000000000000002
2017-12-04,98.237061,51.090641,0.006840873739933683,True,False,-4.0814148777729554e-16,-1.6483045147878556e-11,232598.0640598149,232598.06405981487,1,1.0000000000000002
2017-12-05,98.725868,51.130527,0.006877021562806537,True,False,-4.081515941379452e-16,-1.6483453299472692e-11,233755.4232147156,233755.42321471559,1,1.0000000000000002
2017-12-06,99.067307,51.296139,0.006858304883945502,True,False,-4.081617007488476e-16,-1.648386146117344e-11,234563.8558936464,234563.85589364637,1,1.0000000000000002
2017-12-07,98.291359,51.796024,0.007088914815102882,True,False,-4.08171807610009e-16,-1.648426963298105e-11,232726.62663644087,232726.62663644084,1,1.0000000000000002
2017-12-08,98.299187,51.529209,0.00705205089275183,True,False,-4.0818191472143557e-16,-1.648467781489577e-11,232745.1611653338,232745.16116533376,1,1.0000000000000002
2017-12-11,98.097435,51.838966,0.00606872105128434,True,False,-4.081920220831334e-16,-1.6485086006917853e-11,232267.46848863416,232267.46848863413,1,1.0000000000000002
2017-12-12,98.058647,51.332935,0.006071334248541806,True,False,-4.0820212969510883e-16,-1.648549420904755e-11,232175.62928236194,232175.62928236192,1,1.0000000000000002
2017-12-13,98.795761,51.323727,0.006111777440554808,True,False,-4.082122375573679e-16,-1.6485902421285108e-11,233920.910418077,233920.91041807696,1,1.0000000000000002
2017-12-14,99.214729,51.271603,0.005717815672898756,True,False,-4.08222345669917e-16,-1.6486310643630778e-11,234912.9102266117,234912.91022661168,1,1.0000000000000002
2017-12-15,99.587151,52.075108,0.005310557616457739,True,False,-4.0823245403276214e-16,-1.648671887608481e-11,235794.70204053094,235794.70204053092,1,1.0000000000000002
2017-12-18,98.679352,53.191448,0.00558437843484624,True,False,-4.0824256264590967e-16,-1.6487127118647457e-11,233645.28625176422,233645.2862517642,1,1.0000000000000002
2017-12-19,97.399101,53.135212,0.006346779567064463,True,False,-4.082526715093656e-16,-1.6487535371318968e-11,230614.0076174142,230614.00761741417,1,1.0000000000000002
2017-12-20,96.320618,53.522366,0.006738876746387189,True,False,-4.0826278062313636e-16,-1.648794363409959e-11,228060.459543318,228060.45954331796,1,1.0000000000000002
2017-12-21,96.881973,52.957024,0.006846696004609251,True,False,-4.08272889987228e-16,-1.6488351906989577e-11,229389.5922038553,229389.59220385528,1,1.0000000000000002
2017-12-22,97.014191,52.926289,0.006846880352678264,True,False,-4.0828299960164674e-16,-1.648876018998918e-11,229702.64768944096,229702.64768944093,1,1.0000000000000002
2017-12-26,97.301842,52.397835,0.006889182495149333,True,False,-4.082931094663988e-16,-1.6489168483098646e-11,230383.72533003596,230383.72533003593,1,1.0000000000000002
2017-12-27,98.569237,52.566818,0.0075027268386324494,True,False,-4.083032195814903e-16,-1.6489576786318227e-11,233384.56452858538,233384.56452858535,1,1.0000000000000002
2017-12-28,98.483719,52.714294,0.007124555861461788,True,False,-4.083133299469275e-16,-1.6489985099648174e-11,233182.0816668244,233182.08166682438,1,1.0000000000000002
2017-12-29,98.639229,52.173546,0.007063775994162797,True,False,-4.0832344056271674e-16,-1.6490393423088737e-11,233550.2861364384,233550.28613643837,1,1.0000000000000002
2018-01-02,97.574043,53.589947,0.006884047015378467,True,False,-9.370731500739313e-16,-1.649133049623881e-11,231028.2216636055,231028.22166360548,1,1.0000000000000002
2018-01-03,98.040573,54.527046,0.006976357273285156,True,False,-9.371263996275387e-16,-1.649226762263844e-11,232132.83507244746,232132.83507244743,1,1.0000000000000002
2018-01-04,98.024994,54.834301,0.0068739537044148705,True,False,-9.371796522070733e-16,-1.649320480229065e-11,232095.94832926622,232095.9483292662,1,1.0000000000000002
2018-01-05,97.745049,55.147697,0.006834677410840969,True,False,-9.372329078127067e-16,-1.649414203519846e-11,231433.1163554633,231433.11635546328,1,1.0000000000000002
2018-01-08,97.682846,55.580898,0.006622193249056316,True,False,-9.372861664446108e-16,-1.6495079321364906e-11,231285.83693533984,231285.83693533982,1,1.0000000000000002
2018-01-09,96.376602,55.034008,0.007243395954667035,True,False,-9.373394281029582e-16,-1.6496016660793008e-11,228193.0140994679,228193.01409946787,1,1.0000000000000002
2018-01-10,96.259956,54.373432,0.007239311322281401,True,False,-9.373926927879202e-16,-1.6496954053485796e-11,227916.82878300853,227916.8287830085,1,1.0000000000000002
2018-01-11,96.656517,54.6991,0.007326939607746616,True,False,-9.37445960499669e-16,-1.6497891499446295e-11,228855.77504160663,228855.7750416066,1,1.0000000000000002
2018-01-12,96.819763,54.994068,0.00709603971989098,True,False,-9.374992312383766e-16,-1.6498828998677533e-11,229242.2962096769,229242.29620967686,1,1.0000000000000002
2018-01-16,97.224121,55.175343,0.007093562348972684,True,False,-9.375525050042154e-16,-1.6499766551182536e-11,230199.70359778166,230199.70359778163,1,1.0000000000000002
2018-01-17,97.091919,56.776096,0.007004555616476187,True,False,-9.376057817973569e-16,-1.6500704156964333e-11,229886.68599575025,229886.68599575022,1,1.0000000000000002
2018-01-18,96.189957,57.031105,0.007015076584550056,True,False,-9.376590616179731e-16,-1.650164181602595e-11,227751.0906011006,227751.09060110056,1,1.0000000000000002
2018-01-19,95.684601,57.089497,0.0065256707138462095,True,False,-9.377123444662366e-16,-1.6502579528370418e-11,226554.5480125452,226554.54801254516,1,1.0000000000000002
2018-01-22,95.777893,57.513493,0.006070843637524148,True,False,-9.377656303423191e-16,-1.6503517294000762e-11,226775.43754620367,226775.43754620364,1,1.0000000000000002
2018-01-23,96.189957,57.974354,0.005999721903701069,True,False,-9.378189192463924e-16,-1.650445511292001e-11,227751.0906011006,227751.09060110056,1,1.0000000000000002
2018-01-24,95.669022,56.64706,0.006088762169286553,True,False,-9.37872211178629e-16,-1.650539298513119e-11,226517.66126936395,226517.66126936392,1,1.0000000000000002
2018-01-25,96.454353,55.663857,0.006359325416229193,True,False,-9.379255061392008e-16,-1.6506330910637328e-11,228377.10686338632,228377.1068633863,1,1.0000000000000002
2018-01-26,96.096672,57.442818,0.005554807212268589,True,False,-9.379788041282798e-16,-1.6507268889441456e-11,227530.21764149706,227530.21764149703,1,1.0000000000000002
2018-01-29,95.427986,57.359863,0.005697939861404312,True,False,-9.380321051460383e-16,-1.6508206921546603e-11,225946.9549962119,225946.95499621186,1,1.0000000000000002
2018-01-30,94.868156,56.219982,0.005724790122084294,True,False,-9.380854091926483e-16,-1.6509145006955795e-11,224621.43311193434,224621.4331119343,1,1.0000000000000002
2018-01-31,95.427986,56.677773,0.0055756510678270305,True,False,-9.381387162682816e-16,-1.6510083145672063e-11,225946.9549962119,225946.95499621186,1,1.0000000000000002
2018-02-01,94.04496,56.398178,0.00615250649145356,True,False,-9.381920263731108e-16,-1.6511021337698435e-11,222672.33371917278,222672.33371917275,1,1.0000000000000002
2018-02-02,93.172333,54.880379,0.006340203840768713,True,False,-9.38245339507308e-16,-1.651195958303794e-11,220606.19545342878,220606.19545342875,1,1.0000000000000002
2018-02-05,94.052773,52.296448,0.006877862776275441,True,False,-9.382986556710449e-16,-1.6512897881693613e-11,222690.83273223363,222690.8327322336,1,1.0000000000000002
2018-02-06,93.468391,54.189075,0.00693625836128772,True,False,-9.383519748644942e-16,-1.6513836233668478e-11,221307.1785340344,221307.17853403438,1,1.0000000000000002
2018-02-07,92.58017,53.027679,0.006651276318733047,True,False,-9.384052970878277e-16,-1.6514774638965567e-11,219204.11800927712,219204.1180092771,1,1.0000000000000002
2018-02-08,92.478851,50.800148,0.00665206009020305,True,False,-9.38458622341218e-16,-1.6515713097587908e-11,218964.22277002037,218964.22277002034,1,1.0000000000000002
2018-02-09,91.894455,52.262646,0.006556211101009209,True,False,-9.385119506248368e-16,-1.6516651609538534e-11,217580.5354237112,217580.53542371118,1,1.0000000000000002
2018-02-12,92.29966,53.267349,0.006674932656270558,True,False,-9.385652819388565e-16,-1.6517590174820473e-11,218539.9482724665,218539.94827246648,1,1.0000000000000002
2018-02-13,92.712608,53.205891,0.006690565893392717,True,False,-9.386186162834492e-16,-1.6518528793436757e-11,219517.69439373302,219517.694393733,1,1.0000000000000002
2018-02-14,91.684097,54.453316,0.0069652055069811475,True,False,-9.386719536587871e-16,-1.6519467465390415e-11,217082.4661302956,217082.46613029556,1,1.0000000000000002
2018-02-15,91.995773,55.101593,0.006924458517771373,True,False,-9.387252940650427e-16,-1.652040619068448e-11,217820.42829524583,217820.4282952458,1,1.0000000000000002
2018-02-16,92.494431,54.904961,0.007087342793186819,True,False,-9.38778637502388e-16,-1.652134496932198e-11,219001.11188092377,219001.11188092374,1,1.0000000000000002
2018-02-20,92.089249,55.87587,0.007082492305421879,True,False,-9.38831983970995e-16,-1.6522283801305952e-11,218041.75348977762,218041.7534897776,1,1.0000000000000002
2018-02-21,90.959465,55.233723,0.00728315033221408,True,False,-9.388853334710365e-16,-1.652322268663942e-11,215366.73890230176,215366.73890230173,1,1.0000000000000002
2018-02-22,91.232224,55.110821,0.0073658933624488505,True,False,-9.389386860026845e-16,-1.6524161625325424e-11,216012.55642482408,216012.55642482406,1,1.0000000000000002
2018-02-23,92.042503,56.290638,0.007417498750349505,True,False,-9.389920415661115e-16,-1.652510061736699e-11,217931.07195073462,217931.0719507346,1,1.0000000000000002
2018-02-26,92.073662,57.50425,0.007433338132295402,True,False,-9.390454001614893e-16,-1.652603966276715e-11,218004.84780481926,218004.84780481923,1,1.0000000000000002
2018-02-27,91.941231,57.313778,0.007346028545427671,True,False,-9.390987617889904e-16,-1.652697876152894e-11,217691.28799441832,217691.2879944183,1,1.0000000000000002
2018-02-28,92.525612,56.803741,0.007500392450899972,True,False,-9.391521264487873e-16,-1.652791791365539e-11,219074.9398248954,219074.93982489538,1,1.0000000000000002
2018-03-01,93.157211,55.906586,0.007549067100195675,True,False,-9.392054941410523e-16,-1.652885711914953e-11,220570.39075926444,220570.3907592644,1,1.0000000000000002
2018-03-02,92.399887,56.855988,0.007069992402123681,True,False,-9.392588648659576e-16,-1.6529796378014398e-11,218777.25795914905,218777.25795914902,1,1.0000000000000002
2018-03-05,92.150032,57.366009,0.006804122326540232,True,False,-9.393122386236752e-16,-1.6530735690253022e-11,218185.67074446572,218185.6707444657,1,1.0000000000000002
2018-03-06,92.235947,58.229362,0.006403525198444827,True,False,-9.393656154143781e-16,-1.6531675055868435e-11,218389.0935919153,218389.09359191527,1,1.0000000000000002
2018-03-07,92.134445,58.416786,0.006283462945292403,True,False,-9.394189952382381e-16,-1.6532614474863675e-11,218148.76505950736,218148.76505950734,1,1.0000000000000002
2018-03-08,92.665352,58.469013,0.006079682186787237,True,False,-9.394723780954279e-16,-1.653355394724177e-11,219405.80531639987,219405.80531639984,1,1.0000000000000002
2018-03-09,92.056381,59.682659,0.006255760647603903,True,False,-9.395257639861198e-16,-1.6534493473005758e-11,217963.93119855988,217963.93119855985,1,1.0000000000000002
2018-03-12,92.58725,60.315575,0.006218234458511295,True,False,-9.395791529104859e-16,-1.6535433052158667e-11,219220.88148201114,219220.88148201111,1,1.0000000000000002
2018-03-13,93.05571,59.384621,0.006241915371830144,True,False,-9.396325448686988e-16,-1.6536372684703535e-11,220330.06459457864,220330.0645945786,1,1.0000000000000002
2018-03-14,93.875465,59.378475,0.0064596967484783635,True,False,-9.39685939860931e-16,-1.6537312370643397e-11,222271.01665546483,222271.0166554648,1,1.0000000000000002
2018-03-15,93.875465,59.33239,0.005841110462094127,True,False,-9.397393378873548e-16,-1.6538252109981286e-11,222271.01665546483,222271.0166554648,1,1.0000000000000002
2018-03-16,93.539757,59.307808,0.005909914038404254,True,False,-9.397927389481429e-16,-1.6539191902720233e-11,221476.15339210443,221476.1533921044,1,1.0000000000000002
2018-03-19,93.243103,58.177143,0.005871802588377944,True,False,-9.398461430434672e-16,-1.6540131748863275e-11,220773.75914910485,220773.75914910482,1,1.0000000000000002
2018-03-20,92.868324,58.604214,0.0058567578224405815,True,False,-9.398995501735005e-16,-1.654107164841345e-11,219886.38661410735,219886.38661410732,1,1.0000000000000002
2018-03-21,92.969803,58.714821,0.005027278455159107,True,False,-9.39952960338415e-16,-1.654201160137379e-11,220126.66068890612,220126.6606889061,1,1.0000000000000002
2018-03-22,93.891129,57.16787,0.0053856776367952825,True,False,-9.400063735383835e-16,-1.6542951607747328e-11,222308.10465502777,222308.10465502774,1,1.0000000000000002
2018-03-23,93.820862,55.26535,0.005111558980904277,True,False,-9.400597897735784e-16,-1.6543891667537102e-11,222141.73192358692,222141.7319235869,1,1.0000000000000002
2018-03-26,93.461693,57.571152,0.0052221517879711046,True,False,-9.401132090441718e-16,-1.6544831780746146e-11,221291.3195311569,221291.31953115689,1,1.0000000000000002
2018-03-27,94.461021,55.453148,0.005637438457019362,True,False,-9.401666313503367e-16,-1.6545771947377496e-11,223657.45055945354,223657.45055945351,1,1.0000000000000002
2018-03-28,94.710876,54.252533,0.005524938036712074,True,False,-9.40220056692245e-16,-1.654671216743419e-11,224249.03777413687,224249.03777413684,1,1.0000000000000002
2018-03-29,95.171516,55.428516,0.00543670598733856,True,False,-9.402734850700697e-16,-1.654765244091926e-11,225339.7052995885,225339.70529958847,1,1.0000000000000002
2018-04-02,95.359276,53.310501,0.004984391317708394,True,False,-9.403269164839834e-16,-1.6548592767835743e-11,225784.26880813923,225784.2688081392,1,1.0000000000000002
2018-04-03,94.62384,54.320244,0.005327448435419402,True,False,-9.40380350934158e-16,-1.654953314818668e-11,224042.96071017106,224042.96071017103,1,1.0000000000000002
2018-04-04,94.428253,55.019073,0.005381083660547396,True,False,-9.404337884207668e-16,-1.65504735819751e-11,223579.86504044954,223579.8650404495,1,1.0000000000000002
2018-04-05,93.724022,54.455704,0.005702952194180292,True,False,-9.404872289439818e-16,-1.6551414069204046e-11,221912.44171178434,221912.4417117843,1,1.0000000000000002
2018-04-06,94.749023,52.808693,0.00604000343204888,True,False,-9.40540672503976e-16,-1.655235460987655e-11,224339.35927051885,224339.35927051882,1,1.0000000000000002
2018-04-09,94.905472,53.141174,0.0057613598999273164,True,False,-9.405941191009214e-16,-1.655329520399565e-11,224709.78703122004,224709.78703122,1,1.0000000000000002
2018-04-10,94.733368,54.840523,0.005717466340937031,True,False,-9.406475687349908e-16,-1.6554235851564384e-11,224302.29258045516,224302.29258045513,1,1.0000000000000002
2018-04-11,95.069763,54.862068,0.005673215016369309,True,False,-9.40701021406357e-16,-1.655517655258579e-11,225098.78246892404,225098.782468924,1,1.0000000000000002
2018-04-12,94.373466,55.896442,0.005666890484831762,True,False,-9.407544771151924e-16,-1.6556117307062904e-11,223450.14464769833,223450.1446476983,1,1.0000000000000002
2018-04-13,94.592529,55.483936,0.005684880501696102,True,False,-9.408079358616698e-16,-1.6557058114998765e-11,223968.8249623215,223968.82496232147,1,1.0000000000000002
2018-04-16,94.62384,55.582439,0.005608128198405795,True,False,-9.408613976459616e-16,-1.655799897639641e-11,224042.96071017106,224042.96071017103,1,1.0000000000000002
2018-04-17,94.881989,56.635292,0.005555286928797992,True,False,-9.409148624682405e-16,-1.655893989125888e-11,224654.1858122634,224654.18581226337,1,1.0000000000000002
2018-04-18,94.123077,56.078079,0.005807470194473434,True,False,-9.409683303286792e-16,-1.6559880859589207e-11,222857.29306939355,222857.29306939352,1,1.0000000000000002
2018-04-19,93.3563,53.652229,0.0061330452960654995,True,False,-9.410218012274501e-16,-1.6560821881390435e-11,221041.7781919117,221041.77819191167,1,1.0000000000000002
2018-04-20,92.683464,53.018047,0.005903741882171744,True,False,-9.410752751647263e-16,-1.65617629566656e-11,219448.6894997556,219448.68949975556,1,1.0000000000000002
2018-04-23,92.706947,52.313049,0.005907086947303607,True,False,-9.411287521406802e-16,-1.656270408541774e-11,219504.29071871223,219504.2907187122,1,1.0000000000000002
2018-04-24,92.284431,51.891312,0.005930442538453056,True,False,-9.411822321554842e-16,-1.6563645267649893e-11,218503.8902320334,218503.89023203336,1,1.0000000000000002
2018-04-25,91.666328,51.826668,0.005444538826755952,True,False,-9.412357152093115e-16,-1.6564586503365103e-11,217040.39407563306,217040.39407563303,1,1.0000000000000002
2018-04-26,92.307884,52.885662,0.005698364793471416,True,False,-9.412892013023343e-16,-1.6565527792566406e-11,218559.4204193259,218559.42041932588,1,1.0000000000000002
2018-04-27,93.01989,52.516251,0.005890817165057523,True,False,-9.41342690434726e-16,-1.656646913525684e-11,220245.25278761075,220245.25278761072,1,1.0000000000000002
2018-04-30,93.184212,51.940567,0.00588526411068391,True,False,-9.413961826066585e-16,-1.6567410531439447e-11,220634.32162470103,220634.321624701,1,1.0000000000000002
2018-05-01,92.848579,52.79332,0.005711728575202538,True,False,-9.414496778183052e-16,-1.6568351981117266e-11,219839.63594050097,219839.63594050094,1,1.0000000000000002
2018-05-02,92.746651,52.559338,0.00570581231066892,True,False,-9.415031760698382e-16,-1.6569293484293336e-11,219598.29875846242,219598.2987584624,1,1.0000000000000002
2018-05-03,93.162239,52.873333,0.005604781137529907,True,False,-9.415566773614307e-16,-1.65702350409707e-11,220582.29566617214,220582.2956661721,1,1.0000000000000002
2018-05-04,93.303383,54.113987,0.004977993330496682,True,False,-9.416101816932557e-16,-1.657117665115239e-11,220916.48543955773,220916.4854395577,1,1.0000000000000002
2018-05-07,93.154411,54.637337,0.00494782496209931,True,False,-9.416636890654851e-16,-1.6572118314841458e-11,220563.76113727922,220563.7611372792,1,1.0000000000000002
2018-05-08,93.068115,54.960575,0.004943457708066151,True,False,-9.417171994782923e-16,-1.6573060032040934e-11,220359.43618769522,220359.4361876952,1,1.0000000000000002
2018-05-09,92.511429,55.797928,0.0049538166752583785,True,False,-9.417707129318499e-16,-1.6574001802753866e-11,219041.35842181824,219041.3584218182,1,1.0000000000000002
2018-05-10,93.25634,56.813843,0.005163958819833005,True,False,-9.418242294263307e-16,-1.6574943626983292e-11,220805.10068703987,220805.10068703984,1,1.0000000000000002
2018-05-11,93.491638,56.398232,0.005170133180187288,True,False,-9.418777489619076e-16,-1.6575885504732254e-11,221362.22097056656,221362.22097056653,1,1.0000000000000002
2018-05-14,92.997559,57.08783,0.005269911745252331,True,False,-9.419312715387535e-16,-1.6576827436003792e-11,220192.3791845566,220192.37918455657,1,1.0000000000000002
2018-05-15,91.93898,56.469055,0.005697145729429253,True,False,-9.419847971570408e-16,-1.657776942080095e-11,217685.95825188665,217685.95825188662,1,1.0000000000000002
2018-05-16,91.586182,57.195576,0.005521706691720327,True,False,-9.420383258169429e-16,-1.657871145912677e-11,216850.63061719513,216850.6306171951,1,1.0000000000000002
2018-05-17,91.123543,57.029335,0.005360963521168618,True,False,-9.420918575186323e-16,-1.6579653550984288e-11,215755.2300151905,215755.23001519046,1,1.0000000000000002
2018-05-18,91.907639,56.213528,0.005586234867644414,True,False,-9.421453922622817e-16,-1.658059569637655e-11,217611.75147237297,217611.75147237294,1,1.0000000000000002
2018-05-21,91.954681,56.776909,0.005588173112398257,True,False,-9.421989300480641e-16,-1.6581537895306598e-11,217723.13385716866,217723.13385716864,1,1.0000000000000002
2018-05-22,91.813538,57.093994,0.005509942399174466,True,False,-9.422524708761527e-16,-1.6582480147777473e-11,217388.9464515052,217388.94645150518,1,1.0000000000000002
2018-05-23,92.480049,57.401836,0.0055316739973521635,True,False,-9.423060147467199e-16,-1.658342245379222e-11,218967.05930114115,218967.05930114113,1,1.0000000000000002
2018-05-24,93.217125,57.632725,0.005595428671131692,True,False,-9.42359561659939e-16,-1.6584364813353883e-11,220712.25046341497,220712.25046341494,1,1.0000000000000002
2018-05-25,93.797386,58.097584,0.005504426235142975,True,False,-9.424131116159826e-16,-1.6585307226465498e-11,222086.14727868527,222086.14727868524,1,1.0000000000000002
2018-05-29,95.851776,57.746632,0.007275079504258045,True,False,-9.424666646150234e-16,-1.6586249693130114e-11,226950.37196089397,226950.37196089394,1,1.0000000000000002
2018-05-30,95.208794,58.122208,0.007420513189367337,True,False,-9.42520220657235e-16,-1.658719221335077e-11,225427.96924543296,225427.96924543293,1,1.0000000000000002
2018-05-31,95.051971,57.700443,0.007430708696920375,True,False,-9.425737797427899e-16,-1.6588134787130514e-11,225056.65595665234,225056.6559566523,1,1.0000000000000002
2018-06-01,94.549751,59.014969,0.007526731675149337,True,False,-9.426273418718608e-16,-1.6589077414472386e-11,223867.53854472042,223867.5385447204,1,1.0000000000000002
2018-06-04,93.866035,59.482903,0.007731966695973499,True,False,-9.426809070446212e-16,-1.659002009537943e-11,222248.6890357075,222248.68903570747,1,1.0000000000000002
2018-06-05,94.086075,59.766132,0.007731233791326641,True,False,-9.42734475261244e-16,-1.659096282985469e-11,222769.68261485908,222769.68261485905,1,1.0000000000000002
2018-06-06,93.323677,60.144775,0.007965657095974146,True,False,-9.427880465219015e-16,-1.6591905617901212e-11,220964.53599261766,220964.53599261763,1,1.0000000000000002
2018-06-07,94.227531,59.609123,0.008098001112861079,True,False,-9.428416208267673e-16,-1.659284845952204e-11,223104.6111175516,223104.61111755157,1,1.0000000000000002
2018-06-08,93.944588,59.076542,0.007963365951346682,True,False,-9.428951981760142e-16,-1.6593791354720216e-11,222434.68071278027,222434.68071278025,1,1.0000000000000002
2018-06-11,93.771675,58.962643,0.007961052263318846,True,False,-9.429487785698154e-16,-1.6594734303498787e-11,222025.27077480612,222025.2707748061,1,1.0000000000000002
2018-06-12,93.795235,59.267414,0.00785719587680765,True,False,-9.430023620083437e-16,-1.6595677305860796e-11,222081.05430836734,222081.0543083673,1,1.0000000000000002
2018-06-13,93.748108,59.178139,0.007351436578097988,True,False,-9.430559484917722e-16,-1.6596620361809288e-11,221969.47066718992,221969.4706671899,1,1.0000000000000002
2018-06-14,94.526184,59.532166,0.007431911956445695,True,False,-9.431095380202738e-16,-1.659756347134731e-11,223811.7384371042,223811.73843710418,1,1.0000000000000002
2018-06-15,94.612671,59.479836,0.007269059106347138,True,False,-9.431631305940217e-16,-1.6598506634477903e-11,224016.5156216165,224016.51562161648,1,1.0000000000000002
2018-06-18,94.526184,58.907223,0.007117460305357485,True,False,-9.432167262131888e-16,-1.6599449851204117e-11,223811.7384371042,223811.73843710418,1,1.0000000000000002
2018-06-19,95.076393,58.260738,0.007180609267802276,True,False,-9.432703248779482e-16,-1.6600393121528995e-11,225114.48046669614,225114.4804666961,1,1.0000000000000002
2018-06-20,94.243256,58.54089,0.007526736476459157,True,False,-9.43323926588473e-16,-1.6601336445455583e-11,223141.84354816496,223141.84354816494,1,1.0000000000000002
2018-06-21,94.738441,57.81435,0.007457014748996997,True,False,-9.433775313449363e-16,-1.660227982298693e-11,224314.30403485906,224314.30403485903,1,1.0000000000000002
2018-06-22,94.730522,57.355656,0.007289713135133538,True,False,-9.434311391475112e-16,-1.6603223254126078e-11,224295.5540432516,224295.55404325158,1,1.0000000000000002
2018-06-25,94.942772,55.668633,0.007188298753385864,True,False,-9.434847499963707e-16,-1.6604166738876074e-11,224798.1030669515,224798.10306695147,1,1.0000000000000002
2018-06-26,95.076393,55.866344,0.005223379761045501,True,False,-9.43538363891688e-16,-1.6605110277239967e-11,225114.48046669614,225114.4804666961,1,1.0000000000000002
2018-06-27,95.972366,54.531853,0.005434649983232796,True,False,-9.435919808336361e-16,-1.66060538692208e-11,227235.89557346387,227235.89557346384,1,1.0000000000000002
2018-06-28,95.995895,54.945793,0.005413548185913124,True,False,-9.436456008223883e-16,-1.6606997514821623e-11,227291.60570763887,227291.60570763884,1,1.0000000000000002
2018-06-29,95.665825,55.060078,0.0053243166563506136,True,False,-9.436992238581176e-16,-1.660794121404548e-11,226510.09166169012,226510.0916616901,1,1.0000000000000002
2018-07-02,95.590996,55.406063,0.005009801045135845,True,False,-9.43752849940997e-16,-1.660888496689542e-11,226332.91738185767,226332.91738185764,1,1.0000000000000002
2018-07-03,96.102989,54.395924,0.005099032958553739,False,False,-9.438064790712002e-16,-1.6609828773374493e-11,227545.1745422401,227545.17454224007,1,1.0000000000000002
2018-07-05,96.378716,55.850895,0.004626170499825499,True,False,-9.438601112488998e-16,-1.6610772633485743e-11,228198.01946406672,228198.0194640667,1,1.0000000000000002
2018-07-06,96.693802,56.536671,0.004248101576412691,True,False,-9.439137464742691e-16,-1.6611716547232217e-11,228944.05556150607,228944.05556150604,1,1.0000000000000002
2018-07-09,96.071541,56.898094,0.004494649010745046,True,False,-9.439673847474814e-16,-1.6612660514616966e-11,227470.7144164577,227470.71441645766,1,1.0000000000000002
2018-07-10,96.063614,57.500465,0.004450628156540215,True,False,-9.4402102606871e-16,-1.6613604535643033e-11,227451.94548307316,227451.94548307313,1,1.0000000000000002
2018-07-11,96.433884,56.023884,0.004482484068942969,True,False,-9.44074670438128e-16,-1.6614548610313472e-11,228328.64195895236,228328.64195895233,1,1.0000000000000002
2018-07-12,96.42598,56.400761,0.004474130255380295,True,False,-9.441283178559083e-16,-1.6615492738631327e-11,228309.92748317696,228309.92748317693,1,1.0000000000000002
2018-07-13,96.670174,56.196865,0.004186001700062676,True,False,-9.441819683222245e-16,-1.661643692059965e-11,228888.1110228395,228888.11102283947,1,1.0000000000000002
2018-07-16,96.268394,56.11964,0.004350083508077758,True,False,-9.442356218372499e-16,-1.6617381156221486e-11,227936.80762240538,227936.80762240535,1,1.0000000000000002
2018-07-17,96.08725,56.925896,0.00437628896078313,True,False,-9.442892784011574e-16,-1.6618325445499886e-11,227507.90896351685,227507.90896351682,1,1.0000000000000002
2018-07-18,95.701263,57.364552,0.004338764458699684,True,False,-9.443429380141205e-16,-1.66192697884379e-11,226593.99899880143,226593.9989988014,1,1.0000000000000002
2018-07-19,96.307838,57.237915,0.003965591684657367,True,False,-9.443966006763123e-16,-1.6620214185038578e-11,228030.20005439981,228030.2000543998,1,1.0000000000000002
2018-07-20,95.126221,56.969151,0.004847003021522245,True,False,-9.444502663879064e-16,-1.6621158635304967e-11,225232.45932536715,225232.45932536712,1,1.0000000000000002
2018-07-23,93.952499,57.046368,0.0056098709111270205,True,False,-9.44503935149076e-16,-1.6622103139240116e-11,222453.41176261063,222453.4117626106,1,1.0000000000000002
2018-07-24,94.275459,56.425465,0.005645782436976838,True,False,-9.445576069599939e-16,-1.6623047696847077e-11,223218.0913041612,223218.09130416118,1,1.0000000000000002
2018-07-25,94.125862,56.638615,0.00563637567613297,True,False,-9.446112818208339e-16,-1.66239923081289e-11,222863.8871755467,222863.88717554667,1,1.0000000000000002
2018-07-26,93.944664,57.744518,0.005138040253382522,True,False,-9.44664959731769e-16,-1.662493697308863e-11,222434.86065966275,222434.86065966272,1,1.0000000000000002
2018-07-27,94.102142,57.488125,0.005167131736300644,True,False,-9.447186406929728e-16,-1.662588169172932e-11,222807.72480644347,222807.72480644344,1,1.0000000000000002
2018-07-30,93.779198,56.925896,0.005166968529767646,True,False,-9.447723247046185e-16,-1.6626826464054025e-11,222043.08314844707,222043.08314844704,1,1.0000000000000002
2018-07-31,94.291206,57.302757,0.0053643693014489196,True,False,-9.448260117668794e-16,-1.662777129006579e-11,223255.37582466158,223255.37582466155,1,1.0000000000000002
2018-08-01,93.523071,57.219368,0.005416704846059689,True,False,-9.448797018799292e-16,-1.662871616976767e-11,221436.6455805169,221436.64558051687,1,1.0000000000000002
2018-08-02,93.657257,57.781578,0.005367169670247634,True,False,-9.449333950439405e-16,-1.6629661103162715e-11,221754.36074326927,221754.36074326924,1,1.0000000000000002
2018-08-03,94.12307,57.902058,0.005457985158205037,True,False,-9.449870912590876e-16,-1.6630606090253973e-11,222857.2764953386,222857.27649533856,1,1.0000000000000002
2018-08-06,94.178375,58.251106,0.0053368847778627795,True,False,-9.450407905255432e-16,-1.6631551131044498e-11,222988.22336815708,222988.22336815705,1,1.0000000000000002
2018-08-07,93.688881,58.714481,0.0054133883072594365,True,False,-9.45094492843481e-16,-1.6632496225537342e-11,221829.23758814787,221829.23758814784,1,1.0000000000000002
2018-08-08,93.783569,58.850395,0.005308920989847723,True,False,-9.451481982130744e-16,-1.6633441373735556e-11,222053.43246191042,222053.4324619104,1,1.0000000000000002
2018-08-09,94.573105,58.269657,0.005739027011314329,True,False,-9.452019066344966e-16,-1.663438657564219e-11,223922.83432752127,223922.83432752124,1,1.0000000000000002
2018-08-10,95.259911,56.823952,0.005981454883984944,True,False,-9.452556181079214e-16,-1.66353318312603e-11,225549.00009793928,225549.00009793925,1,1.0000000000000002
2018-08-13,95.062576,56.907364,0.005936448180109916,True,False,-9.453093326335217e-16,-1.6636277140592932e-11,225081.76564992132,225081.7656499213,1,1.0000000000000002
2018-08-14,94.849365,56.793072,0.0059410194655720215,True,False,-9.453630502114714e-16,-1.6637222503643142e-11,224576.94124524723,224576.9412452472,1,1.0000000000000002
2018-08-15,95.402046,56.005344,0.006052792073380883,True,False,-9.454167708419436e-16,-1.6638167920413983e-11,225885.53628396324,225885.5362839632,1,1.0000000000000002
2018-08-16,95.394165,55.934296,0.0058585234937602315,True,False,-9.454704945251121e-16,-1.663911339090851e-11,225866.876265797,225866.87626579698,1,1.0000000000000002
2018-08-17,95.51252,55.517258,0.005155389103984916,False,False,-9.455242212611502e-16,-1.664005891512977e-11,226147.10801938947,226147.10801938944,1,1.0000000000000002
2018-08-20,96.1521,55.467846,0.0044094868961431465,False,False,-9.455779510502313e-16,-1.664100449308082e-11,227661.45574413845,227661.45574413842,1,1.0000000000000002
2018-08-21,95.828354,56.549026,0.004486581145218711,True,False,-9.45631683892529e-16,-1.6641950124764713e-11,226894.91517298773,226894.9151729877,1,1.0000000000000002
2018-08-22,96.207336,56.814693,0.004501115498414903,True,False,-9.456854197882171e-16,-1.66428958101845e-11,227792.23924412942,227792.2392441294,1,1.0000000000000002
2018-08-23,96.357346,56.87957,0.004445135941602672,True,False,-9.457391587374686e-16,-1.6643841549343238e-11,228147.4212419868,228147.42124198677,1,1.0000000000000002
2018-08-24,96.546829,57.704357,0.004447003196181534,True,False,-9.45792900740457e-16,-1.664478734224398e-11,228596.06433578054,228596.0643357805,1,1.0000000000000002
2018-08-27,95.994148,58.621826,0.004602762074626034,True,False,-9.458466457973563e-16,-1.6645733188889776e-11,227287.4692970645,227287.46929706447,1,1.0000000000000002
2018-08-28,95.417839,58.847313,0.004753561536833368,True,False,-9.459003939083397e-16,-1.6646679089283686e-11,225922.92971968194,225922.9297196819,1,1.0000000000000002
2018-08-29,95.544159,59.001785,0.004281969683593262,True,False,-9.45954145073581e-16,-1.664762504342876e-11,226222.02038010015,226222.02038010012,1,1.0000000000000002
2018-08-30,95.749443,58.473541,0.004288123601452499,True,False,-9.460078992932533e-16,-1.6648571051328054e-11,226708.0758513897,226708.07585138967,1,1.0000000000000002
2018-08-31,95.528374,58.79171,0.004252082664279383,True,False,-9.460616565675306e-16,-1.664951711298462e-11,226184.64588615857,226184.64588615854,1,1.0000000000000002
2018-09-04,94.976089,59.264351,0.004496911910747628,True,False,-9.461154168965864e-16,-1.6650463228401516e-11,224876.98846540903,224876.988465409,1,1.0000000000000002
2018-09-05,94.722878,58.977066,0.004363286263358865,True,False,-9.46169180280594e-16,-1.6651409397581797e-11,224277.455175232,224277.45517523197,1,1.0000000000000002
2018-09-06,95.071022,57.413975,0.004418229839126185,True,False,-9.462229467197275e-16,-1.6652355620528518e-11,225101.76343109526,225101.76343109523,1,1.0000000000000002
2018-09-07,94.263916,57.176117,0.004484236214030375,True,False,-9.462767162141601e-16,-1.665330189724473e-11,223190.7606875272,223190.76068752716,1,1.0000000000000002
2018-09-10,94.612061,57.781578,0.004239528787834457,True,False,-9.463304887640656e-16,-1.6654248227733494e-11,224015.07131111258,224015.07131111255,1,1.0000000000000002
2018-09-11,93.892021,57.222458,0.00453184011842081,True,False,-9.463842643696175e-16,-1.6655194611997863e-11,222310.21666317448,222310.21666317445,1,1.0000000000000002
2018-09-12,94.113579,56.561394,0.004561685634035501,True,False,-9.464380430309896e-16,-1.6656141050040894e-11,222834.8044445309,222834.80444453086,1,1.0000000000000002
2018-09-13,94.256004,57.206997,0.004350621867546858,True,False,-9.464918247483555e-16,-1.6657087541865643e-11,223172.02726997473,223172.0272699747,1,1.0000000000000002
2018-09-14,93.804993,57.849537,0.004447479639258598,True,False,-9.46545609521889e-16,-1.6658034087475164e-11,222104.15854098575,222104.15854098572,1,1.0000000000000002
2018-09-17,93.804993,57.043278,0.0044255487376803765,True,False,-9.465993973517631e-16,-1.6658980686872515e-11,222104.15854098575,222104.15854098572,1,1.0000000000000002
2018-09-18,92.823799,57.534447,0.004544326602563693,True,False,-9.466531882381523e-16,-1.6659927340060752e-11,219780.9637859319,219780.96378593188,1,1.0000000000000002
2018-09-19,92.26989,57.624039,0.004629823178928224,True,False,-9.467069821812299e-16,-1.6660874047042932e-11,218469.46118443095,218469.46118443093,1,1.0000000000000002
2018-09-20,92.697205,58.322166,0.004676736730201329,True,False,-9.467607791811698e-16,-1.6661820807822112e-11,219481.22436964797,219481.22436964794,1,1.0000000000000002
2018-09-21,92.657639,58.164627,0.004621151554390552,True,False,-9.468145792381454e-16,-1.6662767622401352e-11,219387.54307555276,219387.54307555273,1,1.0000000000000002
2018-09-24,92.420235,58.365421,0.004528889864932117,True,False,-9.468683823523308e-16,-1.6663714490783705e-11,218825.4363692044,218825.43636920437,1,1.0000000000000002
2018-09-25,92.325302,57.435604,0.004456110891207146,True,False,-9.469221885238995e-16,-1.6664661412972227e-11,218600.66140351814,218600.6614035181,1,1.0000000000000002
2018-09-26,92.974129,56.842045,0.0047701780549147576,True,False,-9.46975997753025e-16,-1.666560838896998e-11,220136.90345487327,220136.90345487325,1,1.0000000000000002
2018-09-27,93.037453,57.056137,0.0047537469487285225,True,False,-9.470298100398814e-16,-1.666655541878002e-11,220286.83709151295,220286.83709151292,1,1.0000000000000002
2018-09-28,92.792145,57.41605,0.004689613999292923,True,False,-9.470836253846424e-16,-1.6667502502405404e-11,219706.01590938919,219706.01590938916,1,1.0000000000000002
2018-10-01,92.110931,57.614616,0.004864822851591258,True,False,-9.471374437874817e-16,-1.6668449639849192e-11,218093.09044116447,218093.09044116444,1,1.0000000000000002
2018-10-02,92.673981,57.614616,0.005075406798317202,True,False,-9.471912652485731e-16,-1.666939683111444e-11,219426.23639072498,219426.23639072495,1,1.0000000000000002
2018-10-03,91.064125,57.667377,0.006248840592579966,True,False,-9.472450897680903e-16,-1.6670344076204208e-11,215614.54470122018,215614.54470122015,1,1.0000000000000002
2018-10-04,90.421768,56.64658,0.006200390534327841,True,False,-9.472989173462075e-16,-1.6671291375121556e-11,214093.62181209517,214093.62181209514,1,1.0000000000000002
2018-10-05,89.644577,55.306194,0.006205879108115766,False,False,-9.47352747983098e-16,-1.667223872786954e-11,212253.44947627262,212253.4494762726,1,1.0000000000000002
2018-10-08,89.343246,54.688755,0.006033083513491754,False,False,-9.474065816789356e-16,-1.667318613445122e-11,211539.98139683556,211539.98139683553,1,1.0000000000000002
2018-10-09,90.247292,54.626705,0.006570866729187427,False,False,-9.474604184338947e-16,-1.6674133594869652e-11,213680.51112441995,213680.51112441992,1,1.0000000000000002
2018-10-10,90.00148,52.21587,0.006492144458459782,False,False,-9.475142582481485e-16,-1.66750811091279e-11,213098.49661033886,213098.49661033883,1,1.0000000000000002
2018-10-11,91.095848,51.694622,0.007204706671664197,False,False,-9.475681011218713e-16,-1.6676028677229022e-11,215689.65595059042,215689.6559505904,1,1.0000000000000002
2018-10-12,90.778648,52.634735,0.007181062063115386,False,False,-9.476219470552365e-16,-1.6676976299176077e-11,214938.61448855224,214938.6144885522,1,1.0000000000000002
2018-10-15,90.739014,52.203468,0.007176476423935354,False,False,-9.476757960484184e-16,-1.6677923974972123e-11,214844.77218935164,214844.7721893516,1,1.0000000000000002
2018-10-16,90.945206,53.903759,0.0069108339556967656,False,False,-9.477296481015904e-16,-1.6678871704620226e-11,215332.9775523421,215332.97755234208,1,1.0000000000000002
2018-10-17,90.405884,53.689686,0.006909427059156241,False,False,-9.47783503214927e-16,-1.667981948812344e-11,214056.01291366195,214056.01291366192,1,1.0000000000000002
2018-10-18,90.374168,52.346191,0.006784101192596189,False,False,-9.478373613886018e-16,-1.6680767325484828e-11,213980.91823834667,213980.91823834664,1,1.0000000000000002
2018-10-19,90.175919,51.561207,0.006784077424768799,False,False,-9.478912226227886e-16,-1.668171521670745e-11,213511.51969229494,213511.5196922949,1,1.0000000000000002
2018-10-22,90.056984,51.87767,0.006778118777594282,False,False,-9.479450869176615e-16,-1.668266316179437e-11,213229.9146598627,213229.91465986267,1,1.0000000000000002
2018-10-23,90.342484,51.607746,0.006851274572845543,False,False,-9.479989542733942e-16,-1.6683611160748643e-11,213905.8993301398,213905.89933013977,1,1.0000000000000002
2018-10-24,91.024483,48.222668,0.006884337392043188,False,False,-9.480528246901609e-16,-1.6684559213573332e-11,215520.68346024252,215520.6834602425,1,1.0000000000000002
2018-10-25,90.643852,49.299309,0.006905656742003444,False,False,-9.481066981681353e-16,-1.66855073202715e-11,214619.4550152959,214619.45501529588,1,1.0000000000000002
2018-10-26,91.191017,48.442955,0.007086466270234889,False,False,-9.481605747074917e-16,-1.6686455480846208e-11,215914.9896987011,215914.98969870107,1,1.0000000000000002
2018-10-29,90.984818,47.937206,0.006930313927715205,False,False,-9.482144543084035e-16,-1.6687403695300515e-11,215426.76776165568,215426.76776165565,1,1.0000000000000002
2018-10-30,90.532799,49.929157,0.006807376485586708,False,False,-9.482683369710451e-16,-1.6688351963637487e-11,214356.51236875204,214356.512368752,1,1.0000000000000002
2018-10-31,90.072823,50.562119,0.005715442218611872,False,False,-9.483222226955906e-16,-1.6689300285860184e-11,213267.41701079972,213267.4170107997,1,1.0000000000000002
2018-11-01,90.156303,52.935707,0.005510586246395382,False,False,-9.483761114822136e-16,-1.6690248661971665e-11,213465.07445484432,213465.0744548443,1,1.0000000000000002
2018-11-02,89.035385,52.138298,0.005880743913077718,False,False,-9.484300033310883e-16,-1.6691197091974996e-11,210811.05209184022,210811.0520918402,1,1.0000000000000002
2018-11-05,89.385216,51.663593,0.0059091103090398705,False,False,-9.484838982423886e-16,-1.669214557587324e-11,211639.35469494952,211639.3546949495,1,1.0000000000000002
2018-11-06,89.329559,52.265514,0.005415601344879441,False,False,-9.485377962162888e-16,-1.6693094113669456e-11,211507.57438393863,211507.5743839386,1,1.0000000000000002
2018-11-07,89.448769,52.858135,0.00540424625638421,False,False,-9.485916972529627e-16,-1.669404270536671e-11,211789.8305399587,211789.83053995867,1,1.0000000000000002
2018-11-08,89.440849,52.715412,0.004553394442551672,False,False,-9.486456013525844e-16,-1.6694991350968063e-11,211771.07818062912,211771.0781806291,1,1.0000000000000002
2018-11-09,90.10862,51.71014,0.0048729130314522535,False,False,-9.48699508515328e-16,-1.6695940050476577e-11,213352.17436015845,213352.17436015842,1,1.0000000000000002
2018-11-12,90.696877,49.401711,0.005109563984959909,False,False,-9.487534187413674e-16,-1.6696888803895318e-11,214745.00348164074,214745.0034816407,1,1.0000000000000002
2018-11-13,90.64122,50.081207,0.005082065550392053,False,False,-9.488073320308767e-16,-1.669783761122735e-11,214613.22317062985,214613.22317062982,1,1.0000000000000002
2018-11-14,90.696877,50.301495,0.004897714674880847,False,False,-9.488612483840302e-16,-1.6698786472475732e-11,214745.00348164074,214745.0034816407,1,1.0000000000000002
2018-11-15,90.657158,52.001781,0.004898232489886295,False,False,-9.489151678010018e-16,-1.6699735387643534e-11,214650.95992605848,214650.95992605845,1,1.0000000000000002
2018-11-16,91.181786,51.375046,0.005019281360619852,False,False,-9.489690902819658e-16,-1.6700684356733816e-11,215893.13325564915,215893.13325564913,1,1.0000000000000002
2018-11-19,91.436195,49.410995,0.00502254983030264,False,False,-9.49023015827096e-16,-1.6701633379749643e-11,216495.50307694697,216495.50307694694,1,1.0000000000000002
2018-11-20,91.467957,49.473064,0.004990950154850972,False,False,-9.49076944436567e-16,-1.670258245669408e-11,216570.70666748058,216570.70666748055,1,1.0000000000000002
2018-11-21,91.436195,49.67783,0.00472110583170806,False,False,-9.491308761105524e-16,-1.670353158757019e-11,216495.50307694697,216495.50307694694,1,1.0000000000000002
2018-11-23,91.531586,49.705757,0.004607115953164212,False,False,-9.491848108492268e-16,-1.670448077238104e-11,216721.36245937223,216721.3624593722,1,1.0000000000000002
2018-11-26,91.324883,50.60556,0.004453372977934062,False,False,-9.492387486527639e-16,-1.6705430011129694e-11,216231.94719036945,216231.94719036942,1,1.0000000000000002
2018-11-27,91.428261,50.680027,0.004424210677735796,False,False,-9.492926895213381e-16,-1.6706379303819216e-11,216476.71756950748,216476.71756950745,1,1.0000000000000002
2018-11-28,90.98307,51.865257,0.004418093680669571,False,False,-9.493466334551237e-16,-1.6707328650452672e-11,215422.62898335917,215422.62898335914,1,1.0000000000000002
2018-11-29,91.340828,51.486736,0.004302913292494522,False,False,-9.494005804542946e-16,-1.6708278051033125e-11,216269.70051985307,216269.70051985304,1,1.0000000000000002
2018-11-30,91.682617,52.203468,0.004356224269289665,False,False,-9.494545305190252e-16,-1.6709227505563646e-11,217078.961901532,217078.96190153196,1,1.0000000000000002
2018-12-03,92.333603,53.574871,0.0032608530581840923,False,False,-9.495084836494897e-16,-1.6710177014047296e-11,218620.31586498214,218620.3158649821,1,1.0000000000000002
2018-12-04,93.879417,51.012016,0.004634784735443147,False,False,-9.495624398458622e-16,-1.6711126576487143e-11,222280.37389335252,222280.3738933525,1,1.0000000000000002
2018-12-06,94.174232,50.751392,0.0045793787975887314,False,False,-9.496163991083169e-16,-1.6712076192886253e-11,222978.4138953411,222978.41389534107,1,1.0000000000000002
2018-12-07,94.349541,48.858711,0.004572980947653419,False,False,-9.496703614370283e-16,-1.671302586324769e-11,223393.49689555692,223393.4968955569,1,1.0000000000000002
2018-12-10,94.739944,49.485462,0.004536324517486402,False,False,-9.497243268321703e-16,-1.671397558757452e-11,224317.86272123182,224317.8627212318,1,1.0000000000000002
2018-12-11,94.724037,49.801952,0.004451927104709397,False,False,-9.497782952939173e-16,-1.6714925365869813e-11,224280.19936518944,224280.19936518942,1,1.0000000000000002
2018-12-12,94.301765,50.509369,0.004605447753598167,False,False,-9.498322668224433e-16,-1.6715875198136635e-11,223280.3766027122,223280.37660271217,1,1.0000000000000002
2018-12-13,94.078606,50.403885,0.0046730877559650625,False,False,-9.49886241417923e-16,-1.6716825084378052e-11,222751.99809821352,222751.9980982135,1,1.0000000000000002
2018-12-14,94.405319,49.690262,0.004676553346203764,False,False,-9.499402190805305e-16,-1.6717775024597133e-11,223525.56370094646,223525.56370094643,1,1.0000000000000002
2018-12-17,94.955101,49.046314,0.004713272437066036,False,False,-9.499941998104402e-16,-1.6718725018796945e-11,224827.29471318563,224827.2947131856,1,1.0000000000000002
2018-12-18,95.523758,49.693058,0.004721215619604713,False,False,-9.500481836078264e-16,-1.6719675066980554e-11,226173.71648077152,226173.7164807715,1,1.0000000000000002
2018-12-19,96.785706,47.578716,0.005304199304476939,False,False,-9.501021704728633e-16,-1.6720625169151027e-11,229161.65869683758,229161.65869683755,1,1.0000000000000002
2018-12-20,96.434319,47.249134,0.005474945842659891,False,False,-9.50156160405725e-16,-1.6721575325311432e-11,228329.6719180822,228329.67191808217,1,1.0000000000000002
2018-12-21,96.418297,46.446926,0.005469884789528266,False,False,-9.50210153406586e-16,-1.6722525535464838e-11,228291.73627399397,228291.73627399394,1,1.0000000000000002
2018-12-24,96.897522,45.085041,0.005479284495638744,False,False,-9.50264149475621e-16,-1.6723475799614312e-11,229426.40791537243,229426.4079153724,1,1.0000000000000002
2018-12-26,95.859192,47.790157,0.006182577492950027,False,False,-9.503181486130036e-16,-1.6724426117762926e-11,226967.9309882662,226967.93098826616,1,1.0000000000000002
2018-12-27,95.875198,48.104187,0.00619692441706675,False,False,-9.503721508189091e-16,-1.6725376489913744e-11,227005.82874880018,227005.82874880015,1,1.0000000000000002
2018-12-28,96.6819,48.449322,0.006088160023242133,False,False,-9.504261560935111e-16,-1.6726326916069837e-11,228915.87493262466,228915.87493262463,1,1.0000000000000002
2018-12-31,97.049248,48.788242,0.006087219068303193,False,False,-9.504801644369844e-16,-1.6727277396234275e-11,229785.65292441787,229785.65292441784,1,1.0000000000000002
2019-01-02,97.56044,49.102276,0.006105903820969228,False,False,-1.0142571373589672e-15,-1.6728291653371634e-11,230996.01353936808,230996.01353936805,1,1.0000000000000002
2019-01-03,98.670647,46.238594,0.006320772070119709,False,False,-1.0143186367599944e-15,-1.6729305972008396e-11,233624.67523055666,233624.67523055663,1,1.0000000000000002
2019-01-04,97.528526,48.324955,0.00635188576747781,False,False,-1.0143801398900329e-15,-1.6730320352148284e-11,230920.45005506958,230920.45005506955,1,1.0000000000000002
2019-01-07,97.240952,49.217331,0.006435246737708111,False,False,-1.0144416467493088e-15,-1.6731334793795032e-11,230239.55472907913,230239.5547290791,1,1.0000000000000002
2019-01-08,96.985367,49.002785,0.006503796889714662,False,False,-1.014503157338048e-15,-1.6732349296952372e-11,229634.40046654752,229634.4004665475,1,1.0000000000000002
2019-01-09,96.833618,50.262051,0.00650165796341692,False,False,-1.0145646716564772e-15,-1.6733363861624028e-11,229275.10099989298,229275.10099989295,1,1.0000000000000002
2019-01-10,96.210655,50.70668,0.006714289120778513,False,False,-1.014626189704822e-15,-1.6734378487813734e-11,227800.09771390405,227800.09771390402,1,1.0000000000000002
2019-01-11,96.586052,51.250813,0.006630221612668015,False,False,-1.014687711483309e-15,-1.6735393175525217e-11,228688.93350118256,228688.93350118253,1,1.0000000000000002
2019-01-14,96.226624,50.417515,0.006675501186603646,False,False,-1.014749236992164e-15,-1.673640792476221e-11,227837.90786871896,227837.90786871893,1,1.0000000000000002
2019-01-15,95.875198,50.563663,0.006734043843003719,False,False,-1.0148107662316133e-15,-1.673742273552844e-11,227005.82874880018,227005.82874880015,1,1.0000000000000002
2019-01-16,95.971016,50.100357,0.0066298822761892235,False,False,-1.0148722992018834e-15,-1.6738437607827644e-11,227232.6991485782,227232.69914857816,1,1.0000000000000002
2019-01-17,95.995026,50.563663,0.006505118852196304,False,False,-1.0149338359032e-15,-1.673945254166355e-11,227289.5481571013,227289.54815710126,1,1.0000000000000002
2019-01-18,95.491844,51.878895,0.005855910390533458,False,False,-1.0149953763357898e-15,-1.6740467537039885e-11,226098.152996473,226098.15299647299,1,1.0000000000000002
2019-01-22,96.138779,50.386429,0.006037108624673176,False,False,-1.0150569204998788e-15,-1.6741482593960384e-11,227629.91531754384,227629.9153175438,1,1.0000000000000002
2019-01-23,96.098846,50.03196,0.006037393557132977,False,False,-1.015118468395693e-15,-1.674249771242878e-11,227535.36506942412,227535.3650694241,1,1.0000000000000002
2019-01-24,96.729828,52.939175,0.006118144585595046,False,False,-1.0151800200234592e-15,-1.67435128924488e-11,229029.35511923427,229029.35511923424,1,1.0000000000000002
2019-01-25,96.266571,54.036766,0.005700551922323956,False,False,-1.0152415753834036e-15,-1.6744528134024186e-11,227932.4912649486,227932.49126494856,1,1.0000000000000002
2019-01-28,96.170708,52.970268,0.005706966892680939,False,False,-1.0153031344757522e-15,-1.6745543437158662e-11,227705.51431767442,227705.5143176744,1,1.0000000000000002
2019-01-29,96.657921,52.205372,0.005499382529291552,False,False,-1.0153646973007315e-15,-1.6746558801855962e-11,228859.0993234878,228859.09932348778,1,1.0000000000000002
2019-01-30,96.586052,53.719612,0.005427274767496279,False,False,-1.0154262638585679e-15,-1.674757422811982e-11,228688.93350118256,228688.93350118253,1,1.0000000000000002
2019-01-31,97.416702,53.694729,0.005649489180628218,False,False,-1.0154878341494875e-15,-1.674858971595397e-11,230655.6818947576,230655.68189475758,1,1.0000000000000002
2019-02-01,96.828316,54.338356,0.005116676197304204,False,False,-1.0155494081737168e-15,-1.6749605265362143e-11,229262.54733711955,229262.54733711953,1,1.0000000000000002
2019-02-04,96.396042,54.61198,0.0045470538384291895,True,False,-1.0156109859314824e-15,-1.6750620876348076e-11,228239.0426178223,228239.04261782227,1,1.0000000000000002
2019-02-05,96.836334,54.86071,0.00465005512384631,True,False,-1.0156725674230103e-15,-1.6751636548915498e-11,229281.5317332186,229281.53173321858,1,1.0000000000000002
2019-02-06,96.884354,56.337639,0.0046167402134564646,True,False,-1.015734152648527e-15,-1.6752652283068146e-11,229395.22975026487,229395.22975026484,1,1.0000000000000002
2019-02-07,97.524727,55.115692,0.004831070574956706,True,False,-1.015795741608259e-15,-1.6753668078809754e-11,230911.45507866895,230911.45507866892,1,1.0000000000000002
2019-02-08,97.940987,55.019306,0.004625858540391891,True,False,-1.0158573343024326e-15,-1.6754683936144057e-11,231897.04309565513,231897.0430956551,1,1.0000000000000002
2019-02-11,97.556778,55.289806,0.004688976575199036,True,False,-1.0159189307312746e-15,-1.6755699855074788e-11,230987.3429409003,230987.34294090027,1,1.0000000000000002
2019-02-12,97.308617,56.45892,0.004640098203453398,True,False,-1.015980530895011e-15,-1.6756715835605682e-11,230399.76664751803,230399.766647518,1,1.0000000000000002
2019-02-13,96.940376,56.639256,0.004646536536026035,True,False,-1.0160421347938683e-15,-1.6757731877740477e-11,229527.87427985598,229527.87427985595,1,1.0000000000000002
2019-02-14,97.492752,56.791611,0.004786117640505596,True,False,-1.0161037424280734e-15,-1.6758747981482906e-11,230835.74716332005,230835.74716332002,1,1.0000000000000002
2019-02-15,97.644844,57.083878,0.004787343261052558,True,False,-1.0161653537978525e-15,-1.6759764146836703e-11,231195.85875866783,231195.8587586678,1,1.0000000000000002
2019-02-19,97.89296,57.006149,0.0045765830985546865,True,False,-1.016226968903432e-15,-1.6760780373805607e-11,231783.3285045539,231783.32850455388,1,1.0000000000000002
2019-02-20,97.612808,57.491215,0.004471205091003498,True,False,-1.0162885877450384e-15,-1.6761796662393353e-11,231120.00641226853,231120.0064122685,1,1.0000000000000002
2019-02-21,96.740273,57.065228,0.004971782477306889,True,False,-1.0163502103228987e-15,-1.6762813012603677e-11,229054.0859769612,229054.08597696119,1,1.0000000000000002
2019-02-22,97.316643,57.677761,0.004933736398483143,True,False,-1.0164118366372388e-15,-1.6763829424440314e-11,230418.7699853942,230418.76998539417,1,1.0000000000000002
2019-02-25,97.028412,58.153492,0.004850215003235785,True,False,-1.0164734666882857e-15,-1.6764845897907002e-11,229736.3190659594,229736.31906595937,1,1.0000000000000002
2019-02-26,97.50872,57.789696,0.004941337055519635,True,False,-1.0165351004762657e-15,-1.676586243300748e-11,230873.5549504128,230873.55495041277,1,1.0000000000000002
2019-02-27,96.404068,57.096321,0.005512629898399654,True,False,-1.0165967380014059e-15,-1.676687902974548e-11,228258.04595569844,228258.0459556984,1,1.0000000000000002
2019-02-28,96.075836,57.130527,0.005560265440172647,True,False,-1.0166583792639324e-15,-1.6767895688124744e-11,227480.88378303856,227480.88378303853,1,1.0000000000000002
2019-03-01,95.187843,57.637348,0.005500829272725273,True,False,-1.016720024264072e-15,-1.6768912408149008e-11,225378.36309892868,225378.36309892865,1,1.0000000000000002
2019-03-04,95.933861,57.643562,0.005719985391623461,True,False,-1.016781673002051e-15,-1.676992918982201e-11,227144.72643255664,227144.7264325566,1,1.0000000000000002
2019-03-05,96.134392,57.422802,0.005665797806384745,True,False,-1.0168433254780964e-15,-1.6770946033147487e-11,227619.52812052632,227619.5281205263,1,1.0000000000000002
2019-03-06,96.487381,56.474457,0.005630309519843756,True,False,-1.016904981692435e-15,-1.6771962938129178e-11,228455.30799014607,228455.30799014604,1,1.0000000000000002
2019-03-07,97.11306,55.865032,0.005822884762804283,True,False,-1.0169666416452931e-15,-1.6772979904770824e-11,229936.74200946066,229936.74200946064,1,1.0000000000000002
2019-03-08,97.522186,55.815273,0.005706713290748386,True,False,-1.0170283053368976e-15,-1.6773996933076162e-11,230905.43869671738,230905.43869671735,1,1.0000000000000002
2019-03-11,97.233406,57.11499,0.005651224181946763,True,False,-1.0170899727674753e-15,-1.677501402304893e-11,230221.68789782905,230221.68789782902,1,1.0000000000000002
2019-03-12,97.915268,57.329521,0.005813465620715288,True,False,-1.0171516439372526e-15,-1.6776031174692867e-11,231836.14764999886,231836.14764999883,1,1.0000000000000002
2019-03-13,97.730766,57.559608,0.005798988531859637,True,False,-1.0172133188464564e-15,-1.6777048388011715e-11,231399.29818017237,231399.29818017234,1,1.0000000000000002
2019-03-14,97.024841,57.245571,0.005973690310385155,True,False,-1.0172749974953135e-15,-1.677806566300921e-11,229727.8639302061,229727.86393020608,1,1.0000000000000002
2019-03-15,97.666565,58.905949,0.006022183399310501,True,False,-1.0173366798840505e-15,-1.6779082999689096e-11,231247.28805121806,231247.28805121803,1,1.0000000000000002
2019-03-18,97.61042,58.815769,0.00601367010256038,True,False,-1.0173983660128945e-15,-1.678010039805511e-11,231114.352291804,231114.35229180398,1,1.0000000000000002
2019-03-19,97.393845,59.57756,0.006001375557113852,True,False,-1.0174600558820717e-15,-1.678111785811099e-11,230601.5628698591,230601.56286985907,1,1.0000000000000002
2019-03-20,98.41259,59.019466,0.006416903843642163,True,False,-1.0175217494918092e-15,-1.6782135379860483e-11,233013.66795890097,233013.66795890094,1,1.0000000000000002
2019-03-21,98.629219,61.058483,0.006031504888116077,True,False,-1.017583446842334e-15,-1.6783152963307325e-11,233526.5852378413,233526.58523784127,1,1.0000000000000002
2019-03-22,100.161392,59.337486,0.0067696463744539295,True,False,-1.0176451479338727e-15,-1.678417060845526e-11,237154.34516853304,237154.345168533,1,1.0000000000000002
2019-03-25,100.321831,58.595448,0.006689728566881926,True,False,-1.0177068527666522e-15,-1.6785188315308026e-11,237534.22014056312,237534.2201405631,1,1.0000000000000002
2019-03-26,100.249626,59.156662,0.006663795038465705,True,False,-1.0177685613408995e-15,-1.6786206083869366e-11,237363.25876361964,237363.2587636196,1,1.0000000000000002
2019-03-27,101.172173,58.327332,0.006154669532780091,True,False,-1.017830273656841e-15,-1.6787223914143022e-11,239547.59371847124,239547.5937184712,1,1.0000000000000002
2019-03-28,101.525146,58.230679,0.006002469782399112,True,False,-1.0178919897147038e-15,-1.6788241806132737e-11,240383.33570453685,240383.33570453682,1,1.0000000000000002
2019-03-29,101.428841,59.094299,0.0053791741350853696,True,False,-1.0179537095147153e-15,-1.6789259759842252e-11,240155.31222407788,240155.31222407785,1,1.0000000000000002
2019-04-01,99.988174,60.569008,0.006527090370971902,True,False,-1.0180154330571016e-15,-1.679027777527531e-11,236744.21307530688,236744.21307530685,1,1.0000000000000002
2019-04-02,100.173058,60.659424,0.006527276535027502,True,False,-1.0180771603420902e-15,-1.679129585243565e-11,237181.96701498993,237181.9670149899,1,1.0000000000000002
2019-04-03,99.304787,62.000076,0.006940006569332002,True,False,-1.0181388913699079e-15,-1.679231399132702e-11,235126.14254687726,235126.14254687724,1,1.0000000000000002
2019-04-04,99.586197,62.134125,0.006848502774910051,True,False,-1.0182006261407812e-15,-1.679333219195316e-11,235792.44323361167,235792.44323361164,1,1.0000000000000002
2019-04-05,99.714806,62.58308,0.006813422410446435,True,False,-1.0182623646549375e-15,-1.6794350454317815e-11,236096.95361000282,236096.9536100028,1,1.0000000000000002
2019-04-08,99.361046,62.729626,0.006833198303299823,True,False,-1.0183241069126041e-15,-1.6795368778424727e-11,235259.34822661497,235259.34822661494,1,1.0000000000000002
2019-04-09,99.674644,62.077995,0.00671143678629316,True,False,-1.0183858529140073e-15,-1.679638716427764e-11,236001.8611535136,236001.86115351357,1,1.0000000000000002
2019-04-10,99.915764,62.55814,0.006686662073872147,True,False,-1.0184476026593744e-15,-1.6797405611880302e-11,236572.76631532522,236572.7663153252,1,1.0000000000000002
2019-04-11,99.328911,62.505138,0.006603704430753915,True,False,-1.0185093561489325e-15,-1.679842412123645e-11,235183.26147572408,235183.26147572405,1,1.0000000000000002
2019-04-12,98.621445,63.37188,0.006723927719273043,True,False,-1.0185711133829086e-15,-1.6799442692349834e-11,233508.1785659438,233508.17856594376,1,1.0000000000000002
2019-04-15,98.870667,62.901108,0.006733877099344706,True,False,-1.0186328743615297e-15,-1.6800461325224195e-11,234098.26701251403,234098.267012514,1,1.0000000000000002
2019-04-16,98.25161,64.915184,0.006884220879856525,True,False,-1.0186946390850227e-15,-1.680148001986328e-11,232632.51204919445,232632.51204919443,1,1.0000000000000002
2019-04-17,98.291824,65.990814,0.00647308105170441,True,False,-1.0187564075536148e-15,-1.6802498776270832e-11,232727.72762723485,232727.72762723482,1,1.0000000000000002
2019-04-18,98.806343,66.000175,0.0065632661209432865,True,False,-1.0188181797675331e-15,-1.68035175944506e-11,233945.96565373678,233945.96565373676,1,1.0000000000000002
2019-04-22,98.332008,65.950272,0.005559023418909368,True,False,-1.0188799557270047e-15,-1.680453647440633e-11,232822.87217361107,232822.87217361105,1,1.0000000000000002
2019-04-23,98.541046,66.629967,0.005572727293084287,True,False,-1.0189417354322568e-15,-1.6805555416141762e-11,233317.81607380504,233317.816073805,1,1.0000000000000002
2019-04-24,99.345001,67.247284,0.005927126635361498,True,False,-1.0190035188835164e-15,-1.6806574419660647e-11,235221.3581249176,235221.35812491758,1,1.0000000000000002
2019-04-25,99.200264,66.065643,0.005479317820746081,True,False,-1.0190653060810107e-15,-1.6807593484966727e-11,234878.6611258917,234878.66112589167,1,1.0000000000000002
2019-04-26,99.537918,65.520035,0.005475711711751588,True,False,-1.0191270970249667e-15,-1.6808612612063752e-11,235678.1319765318,235678.13197653176,1,1.0000000000000002
2019-04-29,98.902832,65.442101,0.005607754521429334,True,False,-1.0191888917156116e-15,-1.6809631800955467e-11,234174.4247950691,234174.42479506906,1,1.0000000000000002
2019-04-30,99.409332,65.959641,0.004861509051481475,True,False,-1.0192506901531727e-15,-1.6810651051645618e-11,235373.67605774984,235373.6760577498,1,1.0000000000000002
2019-05-01,99.819397,65.432755,0.004939871415411565,True,False,-1.0193124923378772e-15,-1.6811670364137956e-11,236344.59603609372,236344.5960360937,1,1.0000000000000002
2019-05-02,99.344086,66.062538,0.004652438957923799,True,False,-1.0193742982699522e-15,-1.6812689738436226e-11,235219.19165916173,235219.1916591617,1,1.0000000000000002
2019-05-03,99.625999,66.580086,0.004652564002632953,True,False,-1.0194361079496252e-15,-1.6813709174544176e-11,235886.68331013134,235886.6833101313,1,1.0000000000000002
2019-05-06,99.899979,65.495064,0.00468476327972403,True,False,-1.019497921377123e-15,-1.6814728672465552e-11,236535.39182138364,236535.39182138362,1,1.0000000000000002
2019-05-07,100.665314,63.883202,0.0048897055244935565,True,False,-1.0195597385526731e-15,-1.6815748232204104e-11,238347.4924435431,238347.49244354307,1,1.0000000000000002
2019-05-08,100.230286,63.337597,0.004973933704950107,True,False,-1.0196215594765027e-15,-1.681676785376358e-11,237317.46701747898,237317.46701747895,1,1.0000000000000002
2019-05-09,100.641174,62.639217,0.00502566017640243,True,False,-1.0196833841488394e-15,-1.681778753714773e-11,238290.3356311421,238290.33563114208,1,1.0000000000000002
2019-05-10,100.504189,62.729626,0.004827225980768751,True,False,-1.01974521256991e-15,-1.68188072823603e-11,237965.99321412665,237965.99321412662,1,1.0000000000000002
2019-05-13,101.293732,59.795799,0.004724279567697134,True,False,-1.019807044739942e-15,-1.6819827089405038e-11,239835.41165379251,239835.4116537925,1,1.0000000000000002
2019-05-14,100.995628,61.173855,0.0048095582288476026,True,False,-1.0198688806591627e-15,-1.6820846958285696e-11,239129.5842136934,239129.58421369336,1,1.0000000000000002
2019-05-15,101.61599,61.644627,0.004608243668316324,True,False,-1.0199307203277994e-15,-1.6821866889006025e-11,240598.4290544025,240598.42905440248,1,1.0000000000000002
2019-05-16,101.277596,60.671909,0.004737027627763506,True,False,-1.0199925637460797e-15,-1.6822886881569772e-11,239797.20608938063,239797.2060893806,1,1.0000000000000002
2019-05-17,101.503204,59.490253,0.0046597838282726395,True,False,-1.0200544109142307e-15,-1.6823906935980686e-11,240331.38314539418,240331.38314539415,1,1.0000000000000002
2019-05-20,101.293732,57.117626,0.004506694639272535,True,False,-1.0201162618324797e-15,-1.6824927052242518e-11,239835.41165379251,239835.4116537925,1,1.0000000000000002
2019-05-21,101.132553,58.286797,0.004555268285034334,True,False,-1.0201781165010543e-15,-1.682594723035902e-11,239453.78456738062,239453.7845673806,1,1.0000000000000002
2019-05-22,101.712646,57.055271,0.004394405094523172,True,False,-1.0202399749201819e-15,-1.682696747033394e-11,240827.2836053318,240827.28360533176,1,1.0000000000000002
2019-05-23,102.856682,56.16671,0.004878051403633027,True,False,-1.0203018370900896e-15,-1.682798777217103e-11,243536.0429687123,243536.04296871228,1,1.0000000000000002
2019-05-24,102.945274,55.677216,0.00486755358374477,False,False,-1.0203637030110054e-15,-1.6829008135874042e-11,243745.80420832417,243745.80420832415,1,1.0000000000000002
2019-05-28,103.686455,55.200203,0.004621229274255958,False,False,-1.0204255726831563e-15,-1.6830028561446726e-11,245500.7148699727,245500.71486997267,1,1.0000000000000002
2019-05-29,104.000679,55.399738,0.004579364353579488,False,False,-1.0204874461067699e-15,-1.6831049048892833e-11,246244.7099909295,246244.70999092946,1,1.0000000000000002
2019-05-30,104.894966,55.867416,0.004777932530251235,True,False,-1.0205493232820735e-15,-1.6832069598216115e-11,248362.13311817325,248362.13311817322,1,1.0000000000000002
2019-05-31,106.20816,55.034958,0.004950039666343129,False,False,-1.0206112042092946e-15,-1.6833090209420322e-11,251471.4116229014,251471.41162290136,1,1.0000000000000002
2019-06-03,106.91861,55.165905,0.0050033049351505725,False,False,-1.0206730888886608e-15,-1.683411088250921e-11,253153.55981554015,253153.55981554012,1,1.0000000000000002
2019-06-04,105.699585,57.57906,0.006025753843812502,True,False,-1.0207349773203997e-15,-1.683513161748653e-11,250267.24733678516,250267.24733678513,1,1.0000000000000002
2019-06-05,105.102127,57.164398,0.006198394254755166,True,False,-1.0207968695047388e-15,-1.6836152414356035e-11,248852.63280391504,248852.632803915,1,1.0000000000000002
2019-06-06,105.441231,57.95631,0.0060095383138504856,True,False,-1.0208587654419055e-15,-1.6837173273121477e-11,249655.53685165462,249655.5368516546,1,1.0000000000000002
2019-06-07,106.353432,58.611042,0.006154565454152241,True,False,-1.0209206651321276e-15,-1.6838194193786608e-11,251815.37535327088,251815.37535327085,1,1.0000000000000002
2019-06-10,105.352432,60.038986,0.006683355644359186,True,False,-1.0209825685756324e-15,-1.6839215176355184e-11,249445.28549356025,249445.28549356022,1,1.0000000000000002
2019-06-11,105.416992,60.27906,0.006566256472872922,True,False,-1.0210444757726477e-15,-1.6840236220830958e-11,249598.14563476195,249598.14563476192,1,1.0000000000000002
2019-06-12,105.497696,58.879189,0.006470970377941316,True,False,-1.021106386723401e-15,-1.6841257327217682e-11,249789.23028215268,249789.23028215265,1,1.0000000000000002
2019-06-13,105.861038,59.162891,0.0064124413140133115,True,False,-1.02116830142812e-15,-1.684227849551911e-11,250649.52317906273,250649.5231790627,1,1.0000000000000002
2019-06-14,106.127426,57.672588,0.00628620147757362,True,False,-1.021230219887032e-15,-1.6843299725739e-11,251280.25594384657,251280.25594384654,1,1.0000000000000002
2019-06-17,106.313148,57.245892,0.006287558465833593,True,False,-1.0212921421003647e-15,-1.68443210178811e-11,251719.9940346809,251719.99403468086,1,1.0000000000000002
2019-06-18,106.845909,59.722187,0.006226643710400149,True,False,-1.021354068068346e-15,-1.6845342371949166e-11,252981.4240484165,252981.42404841646,1,1.0000000000000002
2019-06-19,106.999321,59.841156,0.006153992074412263,True,False,-1.0214159977912033e-15,-1.6846363787946957e-11,253344.6610369858,253344.66103698578,1,1.0000000000000002
2019-06-20,107.281845,60.345173,0.0061160213144357285,True,False,-1.0214779312691647e-15,-1.6847385265878226e-11,254013.59936618153,254013.5993661815,1,1.0000000000000002
2019-06-21,106.103157,60.000816,0.006494769492630157,True,False,-1.0215398685024575e-15,-1.6848406805746727e-11,251222.7936952898,251222.79369528976,1,1.0000000000000002
2019-06-24,106.894386,60.063427,0.006622710548687524,True,False,-1.0216018094913095e-15,-1.684942840755622e-11,253096.2041144796,253096.20411447957,1,1.0000000000000002
2019-06-25,107.225357,59.233826,0.006513030361274854,True,False,-1.0216637542359486e-15,-1.6850450071310455e-11,253879.8514780743,253879.85147807427,1,1.0000000000000002
2019-06-26,106.539139,61.146618,0.006748401319589391,True,False,-1.0217257027366022e-15,-1.685147179701319e-11,252255.07792827318,252255.07792827315,1,1.0000000000000002
2019-06-27,107.289917,62.035694,0.006668365258940415,True,False,-1.0217876549934982e-15,-1.6852493584668185e-11,254032.711619276,254032.71161927597,1,1.0000000000000002
2019-06-28,107.217255,62.113976,0.006119665355905094,True,False,-1.0218496110068647e-15,-1.685351543427919e-11,253860.66819331565,253860.66819331562,1,1.0000000000000002
2019-07-01,106.966522,63.67923,0.005969440638042925,True,False,-1.0219115707769288e-15,-1.6854537345849966e-11,253267.00211859556,253267.00211859553,1,1.0000000000000002
2019-07-02,107.791573,62.88409,0.005550733199189424,True,False,-1.0219735343039187e-15,-1.685555931938427e-11,255220.49363592235,255220.49363592232,1,1.0000000000000002
2019-07-03,108.560066,62.596062,0.0054798687944461084,True,False,-1.0220355015880622e-15,-1.6856581354885858e-11,257040.0715245923,257040.07152459226,1,1.0000000000000002
2019-07-05,107.120232,62.239182,0.006400488266301476,True,False,-1.022097472629587e-15,-1.6857603452358487e-11,253630.94468836192,253630.9446883619,1,1.0000000000000002
2019-07-08,107.265823,61.757072,0.006133737034820929,True,False,-1.022159447428721e-15,-1.6858625611805915e-11,253975.6637220933,253975.66372209328,1,1.0000000000000002
2019-07-09,107.225388,62.142128,0.005683165673607692,True,False,-1.022221425985692e-15,-1.68596478332319e-11,253879.92487746055,253879.92487746052,1,1.0000000000000002
2019-07-10,106.634857,62.643032,0.005861211620242405,True,False,-1.0222834083007278e-15,-1.68606701166402e-11,252481.7115558374,252481.71155583736,1,1.0000000000000002
2019-07-11,105.211266,62.818333,0.006645138169629323,True,False,-1.0223453943740566e-15,-1.6861692462034576e-11,249111.0436302876,249111.04363028758,1,1.0000000000000002
2019-07-12,105.332581,63.961018,0.006599935330056533,True,False,-1.022407384205906e-15,-1.686271486941878e-11,249398.2838414073,249398.28384140728,1,1.0000000000000002
2019-07-15,105.939285,64.52137,0.006709727847424598,True,False,-1.022469377796504e-15,-1.6863737338796576e-11,250834.79033316142,250834.7903331614,1,1.0000000000000002
2019-07-16,105.623741,63.835789,0.006724936753940252,True,False,-1.0225313751460781e-15,-1.6864759870171723e-11,250087.66981898306,250087.66981898303,1,1.0000000000000002
2019-07-17,106.764351,64.026726,0.007077532080483871,True,False,-1.022593376254857e-15,-1.6865782463547977e-11,252788.3173663203,252788.31736632026,1,1.0000000000000002
2019-07-18,106.772423,64.9534,0.0070691645670883825,True,False,-1.022655381123068e-15,-1.68668051189291e-11,252807.4296194148,252807.42961941476,1,1.0000000000000002
2019-07-19,106.521652,64.878288,0.007055274953936282,True,False,-1.0227173897509391e-15,-1.6867827836318853e-11,252213.67357125346,252213.67357125343,1,1.0000000000000002
2019-07-22,106.723846,66.117981,0.00660197100495659,True,False,-1.0227794021386987e-15,-1.6868850615720992e-11,252692.41278113786,252692.41278113783,1,1.0000000000000002
2019-07-23,106.141449,66.966347,0.006497296582352811,True,False,-1.0228414182865746e-15,-1.6869873457139278e-11,251313.45851138173,251313.4585113817,1,1.0000000000000002
2019-07-24,106.602539,69.007507,0.006537810769308641,True,False,-1.0229034381947945e-15,-1.6870896360577473e-11,252405.1915117953,252405.19151179527,1,1.0000000000000002
2019-07-25,106.092918,67.84919,0.006467226048390559,True,False,-1.0229654618635864e-15,-1.6871919326039337e-11,251198.55058832318,251198.55058832315,1,1.0000000000000002
2019-07-26,106.343704,67.830414,0.006273985523863272,True,False,-1.0230274892931789e-15,-1.687294235352863e-11,251792.3421523166,251792.34215231656,1,1.0000000000000002
2019-07-29,106.376015,68.015129,0.006275891210948819,True,False,-1.0230895204837994e-15,-1.6873965443049113e-11,251868.8456223037,251868.84562230366,1,1.0000000000000002
2019-07-30,106.634857,67.861732,0.006288646522063638,True,False,-1.0231515554356764e-15,-1.687498859460455e-11,252481.7115558374,252481.71155583736,1,1.0000000000000002
2019-07-31,107.492302,65.610817,0.006310365281238904,True,False,-1.0232135941490379e-15,-1.68760118081987e-11,254511.90306408872,254511.9030640887,1,1.0000000000000002
2019-08-01,109.627151,64.314751,0.007568885208732831,True,False,-1.0232756366241117e-15,-1.6877035083835325e-11,259566.63230176442,259566.6323017644,1,1.0000000000000002
2019-08-02,110.640236,63.366165,0.007061146828765273,True,False,-1.0233376828611261e-15,-1.6878058421518187e-11,261965.33608350763,261965.3360835076,1,1.0000000000000002
2019-08-05,112.553009,60.630062,0.007866672876367165,True,False,-1.0233997328603091e-15,-1.6879081821251046e-11,266494.2510597597,266494.2510597597,1,1.0
2019-08-06,113.45266,61.403316,0.007932117904250514,True,False,-1.0234617866218889e-15,-1.6880105283037667e-11,268624.3746485494,268624.3746485494,1,1.0
2019-08-07,113.493187,61.791512,0.0077124591748847044,True,False,-1.0235238441460934e-15,-1.6881128806881813e-11,268720.3313236188,268720.3313236188,1,1.0
2019-08-08,113.736389,63.503952,0.00666826612585371,True,False,-1.0235859054331512e-15,-1.6882152392787246e-11,269296.16608292086,269296.16608292086,1,1.0
2019-08-09,113.509338,62.395725,0.006772880924605203,True,False,-1.0236479704832903e-15,-1.688317604075773e-11,268758.5724038628,268758.5724038628,1,1.0
2019-08-12,115.876022,61.578644,0.007752710341409555,True,False,-1.0237100392967386e-15,-1.6884199750797027e-11,274362.22250330274,274362.22250330274,1,1.0
2019-08-13,115.478836,63.397514,0.007776166801753314,True,False,-1.0237721118737244e-15,-1.68852235229089e-11,273421.79641836864,273421.79641836864,1,1.0
2019-08-14,118.080589,61.447155,0.008646110929471167,True,False,-1.0238341882144762e-15,-1.6886247357097115e-11,279582.0245929658,279582.0245929658,1,1.0
2019-08-15,119.393585,61.334446,0.008663151055727509,True,False,-1.0238962683192218e-15,-1.6887271253365435e-11,282690.8342887106,282690.8342887106,1,1.0
2019-08-16,118.437195,62.96859,0.009023580171317951,True,False,-1.02395835218819e-15,-1.6888295211717625e-11,280426.3685135571,280426.3685135571,1,1.0
2019-08-19,116.743233,64.126923,0.010027804236511327,True,False,-1.0240204398216083e-15,-1.6889319232157445e-11,276415.5371859496,276415.5371859496,1,1.0
2019-08-20,117.950897,63.889008,0.009821240490175997,True,False,-1.0240825312197054e-15,-1.6890343314688663e-11,279274.94997349964,279274.94997349964,1,1.0
2019-08-21,117.164612,64.411819,0.01017954621904842,True,False,-1.0241446263827095e-15,-1.6891367459315048e-11,277413.245572558,277413.245572558,1,1.0
2019-08-22,116.38665,64.411819,0.010279645205367621,True,False,-1.0242067253108488e-15,-1.689239166604036e-11,275571.2477229674,275571.2477229674,1,1.0
2019-08-23,118.299446,61.613056,0.0105857424183199,True,False,-1.0242688280043519e-15,-1.6893415934868364e-11,280100.21715682856,280100.21715682856,1,1.0
2019-08-26,117.82122,62.135868,0.01073818221151587,True,False,-1.0243309344634468e-15,-1.689444026580283e-11,278967.91086986556,278967.91086986556,1,1.0
2019-08-27,119.636711,61.904194,0.010952256687754432,True,False,-1.024393044688362e-15,-1.6895464658847516e-11,283266.4891011302,283266.4891011302,1,1.0
2019-08-28,119.790771,62.295536,0.0109824684653859,True,False,-1.0244551586793255e-15,-1.6896489114006194e-11,283631.2603736447,283631.2603736447,1,1.0
2019-08-29,119.3368,63.791931,0.01062764447122963,True,False,-1.024517276436566e-15,-1.689751363128263e-11,282556.3831871285,282556.3831871285,1,1.0
2019-08-30,119.36927,64.092522,0.010595973888686402,True,False,-1.0245793979603119e-15,-1.689853821068059e-11,282633.26312493556,282633.26312493556,1,1.0
2019-09-03,119.523483,63.037495,0.010127831377179828,True,False,-1.0246415232507912e-15,-1.689956285220384e-11,282998.3966589371,282998.3966589371,1,1.0
2019-09-04,119.702095,64.73111,0.010064285744652655,True,False,-1.0247036523082328e-15,-1.690058755585615e-11,283421.3002453733,283421.3002453733,1,1.0
2019-09-05,117.534271,66.722168,0.011099905256003012,True,False,-1.024765785132865e-15,-1.6901612321641282e-11,278288.49537021114,278288.49537021114,1,1.0
2019-09-06,118.37059,66.900612,0.011164082538604778,True,False,-1.0248279217249159e-15,-1.6902637149563006e-11,280268.66638058407,280268.66638058407,1,1.0
2019-09-09,116.267708,67.144814,0.012000726815909933,True,False,-1.024890062084614e-15,-1.690366203962509e-11,275289.62611648015,275289.62611648015,1,1.0
2019-09-10,114.229744,67.445351,0.011791602760191299,True,False,-1.024952206212188e-15,-1.6904686991831303e-11,270464.29363810323,270464.29363810323,1,1.0
2019-09-11,114.026787,68.456535,0.011777321157068036,True,False,-1.0250143541078664e-15,-1.690571200618541e-11,269983.7478562278,269983.7478562278,1,1.0
2019-09-12,113.27977,68.609901,0.010523322571668277,True,False,-1.0250765057718772e-15,-1.690673708269118e-11,268215.0191681844,268215.0191681844,1,1.0
2019-09-13,110.860237,68.472168,0.010904167869891422,True,False,-1.0251386612044494e-15,-1.6907762221352385e-11,262486.23732149584,262486.23732149584,1,1.0
2019-09-16,112.273033,68.030754,0.011440702353220665,True,False,-1.0252008204058112e-15,-1.690878742217279e-11,265831.3456865705,265831.3456865705,1,1.0
2019-09-17,112.881981,68.18103,0.011227107756737392,True,False,-1.0252629833761914e-15,-1.6909812685156168e-11,267273.16534680134,267273.16534680134,1,1.0
2019-09-18,113.361,68.306252,0.010965788470683876,True,False,-1.0253251501158185e-15,-1.6910838010306285e-11,268407.3492374195,268407.3492374195,1,1.0
2019-09-19,113.701965,67.858589,0.010961118377227123,True,False,-1.0253873206249208e-15,-1.691186339762691e-11,269214.65961605706,269214.65961605706,1,1.0
2019-09-20,115.204056,66.609482,0.01135647815265561,True,False,-1.0254494949037268e-15,-1.6912888847121814e-11,272771.1937294063,272771.1937294063,1,1.0
2019-09-23,115.179733,67.395248,0.010648052124916839,True,False,-1.0255116729524656e-15,-1.6913914358794767e-11,272713.6036238541,272713.6036238541,1,1.0
2019-09-24,116.568161,66.282036,0.011029635195918515,True,False,-1.0255738547713653e-15,-1.6914939932649537e-11,276001.0153358804,276001.0153358804,1,1.0
2019-09-25,114.863091,67.392105,0.010803317954908655,True,False,-1.0256360403606545e-15,-1.6915965568689898e-11,271963.8833507687,271963.8833507687,1,1.0
2019-09-26,115.601891,67.477028,0.010946100702994399,True,False,-1.025698229720562e-15,-1.691699126691962e-11,273713.1564660077,273713.1564660077,1,1.0
2019-09-27,115.88607,65.898422,0.01097469974942427,True,False,-1.0257604228513165e-15,-1.691801702734247e-11,274386.0133753411,274386.0133753411,1,1.0
2019-09-30,116.170273,66.480194,0.011003621967307793,True,False,-1.0258226197531464e-15,-1.691904284996222e-11,275058.9271100057,275058.9271100057,1,1.0
2019-10-01,116.519981,65.857567,0.011031994393017618,True,False,-1.0258848204262806e-15,-1.6920068734782647e-11,275886.9384832921,275886.9384832921,1,1.0
2019-10-02,116.804695,64.895309,0.011046516995464068,True,False,-1.0259470248709479e-15,-1.6921094681807516e-11,276561.0621239691,276561.0621239691,1,1.0
2019-10-03,117.870148,66.036812,0.010504464558505226,True,False,-1.0260092330873764e-15,-1.6922120691040604e-11,279083.7587786127,279083.7587786127,1,1.0
2019-10-04,118.740448,67.134247,0.010513891457618394,True,False,-1.0260714450757954e-15,-1.692314676248568e-11,281144.38735494256,281144.38735494256,1,1.0
2019-10-07,117.756287,66.74118,0.009842597434091958,True,False,-1.0261336608364333e-15,-1.6924172896146518e-11,278814.16756830656,278814.16756830656,1,1.0
2019-10-08,118.073433,64.675179,0.008851133686181999,True,False,-1.026195880369519e-15,-1.6925199092026888e-11,279565.0811733493,279565.0811733493,1,1.0
2019-10-09,117.40654,65.731735,0.008972278500508446,True,False,-1.0262581036752812e-15,-1.6926225350130562e-11,277986.06385385676,277986.06385385676,1,1.0
2019-10-10,115.65786,66.373268,0.009549310995942516,True,False,-1.0263203307539485e-15,-1.6927251670461316e-11,273845.6755063255,273845.6755063255,1,1.0
2019-10-11,114.226364,67.939293,0.008579071654914002,True,False,-1.0263825616057497e-15,-1.692827805302292e-11,270456.29073727824,270456.29073727824,1,1.0
2019-10-14,115.055931,67.929848,0.00828813647238674,True,False,-1.0264447962309136e-15,-1.6929304497819154e-11,272420.4748877783,272420.4748877783,1,1.0
2019-10-15,113.665161,69.423508,0.00874009783673331,True,False,-1.0265070346296694e-15,-1.6930331004853783e-11,269127.5179705058,269127.5179705058,1,1.0
2019-10-16,113.803429,68.439285,0.008695355491539115,True,False,-1.0265692768022454e-15,-1.6931357574130584e-11,269454.8981750237,269454.8981750237,1,1.0
2019-10-17,113.526909,68.555618,0.008687903245318273,True,False,-1.0266315227488704e-15,-1.6932384205653333e-11,268800.17564954207,268800.17564954207,1,1.0
2019-10-18,113.526909,67.829216,0.008115068983902846,True,False,-1.0266937724697736e-15,-1.6933410899425802e-11,268800.17564954207,268800.17564954207,1,1.0
2019-10-21,112.672874,69.16568,0.008254983967060068,True,False,-1.0267560259651836e-15,-1.6934437655451767e-11,266778.05807377986,266778.05807377986,1,1.0
2019-10-22,113.331673,68.56192,0.007846322931552121,True,False,-1.0268182832353295e-15,-1.6935464473735003e-11,268337.91105029086,268337.91105029086,1,1.0
2019-10-23,113.445557,67.241173,0.007202132605760618,True,False,-1.0268805442804399e-15,-1.6936491354279284e-11,268607.5567182062,268607.5567182062,1,1.0
2019-10-24,113.217789,68.904648,0.007013045864715745,True,False,-1.0269428091007439e-15,-1.6937518297088386e-11,268068.26538237545,268068.26538237545,1,1.0
2019-10-25,112.664772,70.344894,0.007012763978408256,True,False,-1.0270050776964703e-15,-1.693854530216608e-11,266758.87478902127,266758.87478902127,1,1.0
2019-10-28,111.639923,71.624756,0.0071544000882172755,True,False,-1.0270673500678482e-15,-1.693957236951615e-11,264332.3171240516,264332.3171240516,1,1.0
2019-10-29,111.713104,70.882637,0.007087022871280825,True,False,-1.0271296262151062e-15,-1.6940599499142364e-11,264505.5893978014,264505.5893978014,1,1.0
2019-10-30,113.347946,70.907784,0.007957202163235024,True,False,-1.0271919061384735e-15,-1.6941626691048504e-11,268376.44099263556,268376.44099263556,1,1.0
2019-10-31,114.877045,70.549294,0.008310360425404253,True,False,-1.0272541898381791e-15,-1.6942653945238342e-11,271996.9225454764,271996.9225454764,1,1.0
2019-11-01,114.523407,72.16877,0.008063130832026361,True,False,-1.0273164773144518e-15,-1.6943681261715655e-11,271159.6060241894,271159.6060241894,1,1.0
2019-11-04,113.016106,73.775665,0.008342990072829397,True,False,-1.0273787685675207e-15,-1.6944708640484222e-11,267590.7360785033,267590.7360785033,1,1.0
2019-11-05,111.745102,73.816528,0.008509640792329031,True,False,-1.0274410635976147e-15,-1.6945736081547818e-11,264581.35177075944,264581.35177075944,1,1.0
2019-11-06,112.421379,73.322868,0.008699020980054532,True,False,-1.027503362404963e-15,-1.6946763584910222e-11,266182.5877947909,266182.5877947909,1,1.0
2019-11-07,110.384377,73.766228,0.0089800731663433,True,False,-1.0275656649897945e-15,-1.694779115057521e-11,261359.53306511033,261359.5330651103,1,1.0000000000000002
2019-11-08,109.920006,74.137291,0.008675163727814055,True,False,-1.0276279713523382e-15,-1.6948818778546564e-11,260260.0315683634,260260.03156836337,1,1.0000000000000002
2019-11-11,109.993378,73.832283,0.008431118445989743,True,False,-1.0276902814928235e-15,-1.6949846468828056e-11,260433.7560770414,260433.75607704138,1,1.0000000000000002
2019-11-12,110.498466,73.983215,0.00822385769899533,True,False,-1.0277525954114788e-15,-1.6950874221423468e-11,261629.66411606388,261629.66411606385,1,1.0000000000000002
2019-11-13,111.215515,74.061836,0.008394318364489329,True,False,-1.0278149131085341e-15,-1.6951902036336577e-11,263327.4369070885,263327.4369070885,1,1.0
2019-11-14,112.364304,73.816528,0.008764977533567845,True,False,-1.0278772345842178e-15,-1.695292991357116e-11,266047.45005378895,266047.45005378895,1,1.0
2019-11-15,112.242096,74.492661,0.00876499200275419,True,False,-1.0279395598387592e-15,-1.6953957853130997e-11,265758.09546680044,265758.09546680044,1,1.0
2019-11-18,112.44574,74.322823,0.008621318675503755,True,False,-1.0280018888723874e-15,-1.695498585501987e-11,266240.26787378435,266240.26787378435,1,1.0
2019-11-19,113.38279,73.951759,0.00872772593561823,True,False,-1.0280642216853317e-15,-1.6956013919241554e-11,268458.9419027972,268458.9419027972,1,1.0
2019-11-20,114.556053,73.080704,0.009024898680794424,True,False,-1.0281265582778212e-15,-1.695704204579983e-11,271236.90268109256,271236.90268109256,1,1.0
2019-11-21,113.83902,72.300842,0.009136854410588851,True,False,-1.028188898650085e-15,-1.695807023469848e-11,269539.16777362215,269539.16777362215,1,1.0
2019-11-22,113.985672,72.22538,0.009056971045819434,True,False,-1.0282512428023523e-15,-1.6959098485941282e-11,269886.39896054147,269886.39896054147,1,1.0
2019-11-25,114.319748,73.958046,0.008772762754843299,True,False,-1.0283135907348524e-15,-1.6960126799532017e-11,270677.39810137334,270677.39810137334,1,1.0
2019-11-26,114.987877,73.681328,0.008832323553362189,True,False,-1.0283759424478144e-15,-1.6961155175474463e-11,272259.3419254279,272259.3419254279,1,1.0
2019-11-27,114.653793,74.212776,0.008318538543654837,True,False,-1.0284382979414674e-15,-1.6962183613772405e-11,271468.3238428189,271468.3238428189,1,1.0
2019-11-29,114.409332,73.417183,0.007764577103075395,True,False,-1.028500657216041e-15,-1.696321211442962e-11,270889.5081213457,270889.5081213457,1,1.0
2019-12-02,112.883972,72.288269,0.008292577868739071,True,False,-1.0285630202717645e-15,-1.6964240677449894e-11,267277.87948157726,267277.87948157726,1,1.0
2019-12-03,115.250839,71.168793,0.009040388449251363,True,False,-1.0286253871088667e-15,-1.6965269302837003e-11,272881.9628741684,272881.9628741684,1,1.0
2019-12-04,114.100082,72.294556,0.008953248182772884,True,False,-1.028687757727577e-15,-1.696629799059473e-11,270157.29005030124,270157.29005030124,1,1.0
2019-12-05,113.544998,72.656204,0.00896552430322126,True,False,-1.0287501321281248e-15,-1.6967326740726857e-11,268843.00537528866,268843.00537528866,1,1.0
2019-12-06,112.916557,73.706467,0.007956793051225142,True,False,-1.0288125103107396e-15,-1.6968355553237168e-11,267355.0317074301,267355.0317074301,1,1.0
2019-12-09,113.161446,73.37001,0.007858317539859222,True,False,-1.0288748922756505e-15,-1.6969384428129444e-11,267934.8608139782,267934.8608139782,1,1.0
2019-12-10,113.169647,73.681328,0.007862572616628519,True,False,-1.028937278023087e-15,-1.697041336540747e-11,267954.27850322844,267954.27850322844,1,1.0
2019-12-11,114.059235,75.190742,0.007964141595547546,True,False,-1.0289996675532783e-15,-1.6971442365075022e-11,270060.5757041478,270060.5757041478,1,1.0
2019-12-12,112.182037,77.228432,0.008841388244880245,True,False,-1.0290620608664537e-15,-1.697247142713589e-11,265615.8924429399,265615.8924429399,1,1.0
2019-12-13,113.479706,76.88884,0.008917072752006492,True,False,-1.0291244579628427e-15,-1.697350055159385e-11,268688.4120614822,268688.4120614822,1,1.0
2019-12-16,112.459518,77.624748,0.009164663724252543,True,False,-1.0291868588426748e-15,-1.6974529738452694e-11,266272.8903493958,266272.8903493958,1,1.0
2019-12-17,112.304466,77.975044,0.009161004609534071,True,False,-1.0292492635061793e-15,-1.69755589877162e-11,265905.77029652084,265905.77029652084,1,1.0
2019-12-18,111.382172,77.934006,0.009113093009645419,True,False,-1.0293116719535855e-15,-1.6976588299388155e-11,263722.03437537,263722.03437537,1,1.0
2019-12-19,111.560364,78.561981,0.008751645085926307,True,False,-1.0293740841851231e-15,-1.697761767347234e-11,264143.94351850846,264143.94351850846,1,1.0
2019-12-20,111.707558,79.309891,0.00868996527857411,True,False,-1.0294365002010213e-15,-1.697864710997254e-11,264492.4580108264,264492.4580108264,1,1.0
2019-12-23,111.54406,79.562363,0.008674529825204952,True,False,-1.0294989200015097e-15,-1.6979676608892544e-11,264105.34017677745,264105.34017677745,1,1.0
2019-12-24,111.862877,79.691765,0.00867278277764082,True,False,-1.0295613435868177e-15,-1.698070617023613e-11,264860.2102455121,264860.2102455121,1,1.0
2019-12-26,112.132652,79.783257,0.008562336023038682,True,False,-1.0296237709571749e-15,-1.698173579400709e-11,265498.96248517587,265498.96248517587,1,1.0
2019-12-27,112.255264,79.625488,0.008568454180930036,True,False,-1.0296862021128108e-15,-1.6982765480209202e-11,265789.27363190794,265789.27363190794,1,1.0
2019-12-30,111.846519,79.025902,0.008585135895738033,True,False,-1.0297486370539548e-15,-1.6983795228846256e-11,264821.4790467857,264821.4790467857,1,1.0
2019-12-31,110.751068,79.240486,0.008349523981486778,True,False,-1.0298110757808365e-15,-1.6984825039922036e-11,262227.7554634591,262227.7554634591,1,1.0
2020-01-02,112.001854,80.878311,0.0072454132160660835,True,False,-1.186241748819952e-16,-1.6984943664096917e-11,265189.26916502556,265189.26916502556,1,1.0
2020-01-03,113.726669,79.369888,0.0078493251168964,True,False,-1.1862500336829595e-16,-1.6985062289100284e-11,269273.15182374365,269273.15182374365,1,1.0
2020-01-06,113.080872,78.543053,0.007877253325045951,True,False,-1.1862583186038295e-16,-1.6985180914932143e-11,267744.0839704654,267744.0839704654,1,1.0
2020-01-07,112.525063,79.988403,0.007856212025794446,True,False,-1.1862666035825625e-16,-1.69852995415925e-11,266428.08269690303,266428.08269690303,1,1.0
2020-01-08,111.781136,79.915802,0.007963928369073349,True,False,-1.186274888619159e-16,-1.6985418169081364e-11,264666.67027026473,264666.67027026473,1,1.0
2020-01-09,112.173531,80.420753,0.008016286870870637,True,False,-1.1862831737136193e-16,-1.6985536797398736e-11,265595.7525984377,265595.7525984377,1,1.0
2020-01-10,113.170837,79.95369,0.008074807118914597,True,False,-1.1862914588659438e-16,-1.6985655426544624e-11,267957.09609257214,267957.09609257214,1,1.0
2020-01-13,112.827507,80.887794,0.007160179802092854,True,False,-1.1862997440761328e-16,-1.6985774056519032e-11,267144.1860510792,267144.1860510792,1,1.0
2020-01-14,113.407913,81.064499,0.006765905839922391,True,False,-1.1863080293441865e-16,-1.6985892687321966e-11,268518.4261860594,268518.4261860594,1,1.0
2020-01-15,114.159935,80.206146,0.006572109953906732,True,False,-1.1863163146701058e-16,-1.6986011318953434e-11,270299.0053234014,270299.0053234014,1,1.0
2020-01-16,113.800308,81.474762,0.00661425264846955,True,False,-1.1863246000538907e-16,-1.698612995141344e-11,269447.5085142324,269447.5085142324,1,1.0
2020-01-17,112.827507,82.08696,0.00663865021177332,True,False,-1.1863328854955418e-16,-1.698624858470199e-11,267144.1860510792,267144.1860510792,1,1.0
2020-01-21,114.01284,82.039635,0.006991334924168914,True,False,-1.1863411709950598e-16,-1.698636721881909e-11,269950.72523557505,269950.72523557505,1,1.0
2020-01-22,114.413383,82.591873,0.007012239709477721,True,False,-1.1863494565524445e-16,-1.6986485853764744e-11,270899.099763725,270899.099763725,1,1.0
2020-01-23,115.214478,83.216721,0.007097176831180291,True,False,-1.1863577421676965e-16,-1.6986604489538962e-11,272795.8701295241,272795.8701295241,1,1.0
2020-01-24,116.146484,82.333099,0.007238772141063269,True,False,-1.1863660278408167e-16,-1.6986723126141747e-11,275002.601368075,275002.601368075,1,1.0
2020-01-27,117.953018,79.190002,0.007849165421931694,True,False,-1.186374313571805e-16,-1.6986841763573105e-11,279279.9719121534,279279.9719121534,1,1.0
2020-01-28,117.029305,81.026634,0.008183748915132237,True,False,-1.1863825993606616e-16,-1.6986960401833043e-11,277092.87619328935,277092.87619328935,1,1.0
2020-01-29,118.173752,79.537132,0.008237348961468919,True,False,-1.186390885207387e-16,-1.6987079040921563e-11,279802.6086904685,279802.6086904685,1,1.0
2020-01-30,118.190163,79.540276,0.007720312587136694,True,False,-1.1863991711119825e-16,-1.6987197680838673e-11,279841.46537846816,279841.46537846816,1,1.0
2020-01-31,119.269157,76.70327,0.007617944341594121,True,False,-1.1864074570744472e-16,-1.698731632158438e-11,282396.2233585767,282396.2233585767,1,1.0
2020-02-03,119.172523,77.56163,0.0071006074622712,True,False,-1.1864157430947823e-16,-1.6987434963158687e-11,282167.42089753447,282167.42089753447,1,1.0
2020-02-04,117.567612,79.985245,0.007756327729955182,True,False,-1.186424029172988e-16,-1.6987553605561604e-11,278367.4375939999,278367.4375939999,1,1.0
2020-02-05,116.282089,81.828194,0.008148042540296841,True,False,-1.1864323153090647e-16,-1.6987672248793137e-11,275323.6763285406,275323.6763285406,1,1.0
2020-02-06,116.806091,81.875549,0.00793026462716983,True,False,-1.186440601503013e-16,-1.6987790892853288e-11,276564.3674640732,276564.3674640732,1,1.0
2020-02-07,118.26358,79.944229,0.00825039774984804,True,False,-1.186448887754833e-16,-1.6987909537742063e-11,280015.2964346424,280015.2964346424,1,1.0
2020-02-10,118.591225,81.064499,0.008120593394292419,True,False,-1.1864571740645253e-16,-1.698802818345947e-11,280791.0687544075,280791.0687544075,1,1.0
2020-02-11,117.993423,82.702324,0.008202917663954031,True,False,-1.1864654604320903e-16,-1.6988146830005512e-11,279375.6397251221,279375.6397251221,1,1.0
2020-02-12,117.395676,83.977219,0.008330136924575342,True,False,-1.1864737468575282e-16,-1.6988265477380198e-11,277960.3409205542,277960.3409205542,1,1.0
2020-02-13,117.846062,84.06562,0.008267354995747128,True,False,-1.1864820333408395e-16,-1.6988384125583532e-11,279026.72982320713,279026.72982320713,1,1.0
2020-02-14,118.361908,83.784737,0.008211094428682227,True,False,-1.1864903198820247e-16,-1.698850277461552e-11,280248.10981698567,280248.10981698567,1,1.0
2020-02-18,119.172523,82.708633,0.007885567063324966,True,False,-1.1864986064810841e-16,-1.6988621424476168e-11,282167.42089753447,282167.42089753447,1,1.0
2020-02-19,119.16436,84.794601,0.007692324765102285,True,False,-1.1865068931380184e-16,-1.6988740075165483e-11,282148.0931817255,282148.0931817255,1,1.0
2020-02-20,120.097908,83.563843,0.0077898435467565405,True,False,-1.1865151798528274e-16,-1.6988858726683468e-11,284358.4754478125,284358.4754478125,1,1.0
2020-02-21,121.219658,81.080292,0.007877966255827618,True,False,-1.1865234666255122e-16,-1.698897737903013e-11,287014.46775563504,287014.46775563504,1,1.0
2020-02-24,123.029205,77.195572,0.008262775953023436,True,False,-1.1865317534560727e-16,-1.6989096032205475e-11,291298.972246514,291298.972246514,1,1.0
2020-02-25,123.684326,74.895042,0.007747127126195361,True,False,-1.1865400403445095e-16,-1.698921468620951e-11,292850.116741003,292850.116741003,1,1.0
2020-02-26,123.029205,74.996017,0.00758913621732279,True,False,-1.186548327290823e-16,-1.698933334104224e-11,291298.972246514,291298.972246514,1,1.0
2020-02-27,124.363922,71.534172,0.0076457155631263094,True,False,-1.1865566142950139e-16,-1.698945199670367e-11,294459.2112348091,294459.2112348091,1,1.0
2020-02-28,127.172508,73.146767,0.00880029591213136,True,False,-1.186564901357082e-16,-1.6989570653193806e-11,301109.16248228686,301109.16248228686,1,1.0
2020-03-02,126.236893,75.737617,0.009033527212377166,True,False,-1.186573188477028e-16,-1.6989689310512654e-11,298893.8861345414,298893.8861345414,1,1.0
2020-03-03,128.196701,73.071014,0.009408683068423972,True,False,-1.1865814756548522e-16,-1.698980796866022e-11,303534.16692153417,303534.16692153417,1,1.0
2020-03-04,126.835464,76.804245,0.009149637506400845,True,False,-1.1865897628905552e-16,-1.698992662763651e-11,300311.13594215066,300311.13594215066,1,1.0
2020-03-05,129.992599,74.491104,0.009572302967068702,True,False,-1.1865980501841374e-16,-1.699004528744153e-11,307786.35437295743,307786.35437295743,1,1.0
2020-03-06,136.757996,72.862755,0.013902927929874685,True,False,-1.186606337535599e-16,-1.6990163948075283e-11,323804.9346193277,323804.9346193277,1,1.0
2020-03-09,140.464508,66.639656,0.014504898035373508,False,False,-1.1866146249449407e-16,-1.699028260953778e-11,332580.92513490794,332580.92513490794,1,1.0
2020-03-10,133.264572,71.013504,0.019944604659548566,True,False,-1.1866229124121625e-16,-1.699040127182902e-11,315533.4772785987,315533.4772785987,1,1.0
2020-03-11,128.360779,67.034096,0.022080979954348313,False,False,-1.186631199937265e-16,-1.6990519934949015e-11,303922.65803442296,303922.65803442296,1,1.0
2020-03-12,129.156189,59.684399,0.021974937658086776,False,False,-1.186639487520249e-16,-1.6990638598897767e-11,305805.96789986995,305805.96789986995,1,1.0
2020-03-13,126.236893,66.087395,0.022829210920980697,False,False,-1.1866477751611142e-16,-1.6990757263675283e-11,298893.8861345414,298893.8861345414,1,1.0
2020-03-16,134.412628,56.02375,0.026406989572885963,False,False,-1.1866560628598612e-16,-1.699087592928157e-11,318251.75488497235,318251.75488497235,1,1.0
2020-03-17,125.4496,60.953007,0.03132337243372484,False,False,-1.1866643506164907e-16,-1.6990994595716633e-11,297029.79506968515,297029.79506968515,1,1.0
2020-03-18,118.372681,55.944855,0.03413835314088526,False,False,-1.1866726384310032e-16,-1.6991113262980476e-11,280273.61728757375,280273.61728757375,1,1.0
2020-03-19,121.595474,57.383877,0.03463973873176688,False,False,-1.1866809263033985e-16,-1.6991231931073106e-11,287904.2956184892,287904.2956184892,1,1.0
2020-03-20,130.738846,55.749191,0.03817574374215479,False,False,-1.1866892142336775e-16,-1.6991350599994528e-11,309553.2599149549,309553.2599149549,1,1.0
2020-03-23,136.126495,57.740475,0.03898422370090885,False,False,-1.1866975022218401e-16,-1.699146926974475e-11,322309.7157217282,322309.7157217282,1,1.0
2020-03-24,133.592545,63.985672,0.039346809231355036,False,False,-1.1867057902678877e-16,-1.699158794032378e-11,316310.02621122496,316310.02621122496,1,1.0
2020-03-25,133.2892,63.151577,0.03931542517886702,False,False,-1.1867140783718196e-16,-1.6991706611731616e-11,315591.7895394029,315591.7895394029,1,1.0
2020-03-26,133.945206,67.398003,0.03928398511155276,False,False,-1.186722366533637e-16,-1.6991825283968268e-11,317145.02946798364,317145.02946798364,1,1.0
2020-03-27,137.520569,64.05407,0.039394116984809345,False,False,-1.1867306547533396e-16,-1.6991943957033743e-11,325610.4955929432,325610.4955929432,1,1.0
2020-03-30,136.388931,66.28334,0.03940786465530961,False,False,-1.1867389430309284e-16,-1.6992062630928047e-11,322931.0912486244,322931.0912486244,1,1.0
2020-03-31,135.281921,64.981888,0.03939687421452075,False,False,-1.1867472313664036e-16,-1.699218130565118e-11,320309.99916510965,320309.99916510965,1,1.0
2020-04-01,137.177277,61.425797,0.03934147154349392,False,False,-1.1867555197597654e-16,-1.6992299981203158e-11,324797.6755248915,324797.6755248915,1,1.0
2020-04-02,138.04776,63.256062,0.039047367694841566,False,False,-1.1867638082110145e-16,-1.699241865758398e-11,326858.7373943726,326858.7373943726,1,1.0
2020-04-03,138.376297,62.059101,0.03739872380821159,False,False,-1.186772096720151e-16,-1.699253733479365e-11,327636.62172228436,327636.62172228436,1,1.0
2020-04-06,138.014938,68.389153,0.036890860764438795,False,False,-1.1867803852871758e-16,-1.699265601283218e-11,326781.0240183731,326781.0240183731,1,1.0
2020-04-07,136.569489,68.145302,0.03493256203476232,False,False,-1.186788673912089e-16,-1.6992774691699572e-11,323358.60242234025,323358.60242234025,1,1.0
2020-04-08,135.575897,70.425247,0.03380561399135481,True,False,-1.186796962594891e-16,-1.699289337139583e-11,321006.05264822475,321006.05264822475,1,1.0
2020-04-09,135.822296,68.90213,0.03379629998163947,False,False,-1.1868052513355819e-16,-1.6993012051920965e-11,321589.45701520063,321589.45701520063,1,1.0
2020-04-13,134.582214,69.681107,0.033391449868644736,False,False,-1.1868135401341628e-16,-1.6993130733274977e-11,318653.28741139476,318653.28741139476,1,1.0
2020-04-14,134.549393,72.89521,0.03030686198436376,True,False,-1.1868218289906335e-16,-1.6993249415457876e-11,318575.5764031175,318575.5764031175,1,1.0
2020-04-15,138.113449,70.726105,0.02606702747387504,True,False,-1.1868301179049948e-16,-1.6993368098469667e-11,327014.2706938676,327014.2706938676,1,1.0
2020-04-16,139.682053,72.711563,0.021470416958913694,True,False,-1.1868384068772468e-16,-1.6993486782310356e-11,330728.2891097532,330728.2891097532,1,1.0
2020-04-17,137.809586,73.275215,0.021528178297084262,True,False,-1.18684669590739e-16,-1.6993605466979947e-11,326294.8075419782,326294.8075419782,1,1.0
2020-04-20,138.918243,71.682411,0.01489035941546668,True,False,-1.1868549849954251e-16,-1.6993724152478447e-11,328919.7992638535,328919.7992638535,1,1.0
2020-04-21,140.667465,68.170654,0.01228784355581023,False,False,-1.186863274141352e-16,-1.699384283880586e-11,333061.4709167833,333061.4709167833,1,1.0
2020-04-22,139.230347,72.296745,0.011674584717879263,True,False,-1.1868715633451713e-16,-1.6993961525962195e-11,329658.77481387864,329658.77481387864,1,1.0
2020-04-23,139.969406,71.574745,0.011649123608962817,True,False,-1.1868798526068836e-16,-1.6994080213947455e-11,331408.66116915125,331408.66116915125,1,1.0
2020-04-24,140.297867,73.063065,0.011634673760687083,True,False,-1.1868881419264891e-16,-1.6994198902761647e-11,332186.3655501806,332186.3655501806,1,1.0
2020-04-27,137.686417,74.038361,0.011093668600513524,True,False,-1.1868964313039882e-16,-1.6994317592404778e-11,326003.17757401546,326003.17757401546,1,1.0
2020-04-28,139.271393,73.65522,0.0111903448043567,True,False,-1.1869047207393815e-16,-1.6994436282876854e-11,329755.96033673745,329755.96033673745,1,1.0
2020-04-29,138.548721,77.151138,0.011081759733229564,True,False,-1.1869130102326693e-16,-1.6994554974177877e-11,328044.8738441333,328044.8738441333,1,1.0
2020-04-30,136.930969,74.427841,0.011016686018364278,True,False,-1.1869212997838518e-16,-1.6994673666307855e-11,324214.4866206302,324214.4866206302,1,1.0
2020-05-01,138.103485,70.798927,0.011094851393670493,False,False,-1.18692958939293e-16,-1.6994792359266794e-11,326990.6787104888,326990.6787104888,1,1.0
2020-05-04,137.453949,71.387939,0.011128827779125206,True,False,-1.1869378790599034e-16,-1.69949110530547e-11,325452.75794413814,325452.75794413814,1,1.0
2020-05-05,136.57399,72.588074,0.011202218262838595,True,False,-1.186946168784773e-16,-1.6995029747671578e-11,323369.2595396815,323369.2595396815,1,1.0
2020-05-06,134.37027,73.477867,0.01154034894127077,True,False,-1.186954458567539e-16,-1.6995148443117436e-11,318151.462910669,318151.462910669,1,1.0
2020-05-07,136.615158,74.139702,0.01205661883485978,True,False,-1.186962748408202e-16,-1.6995267139392277e-11,323466.7339246411,323466.7339246411,1,1.0
2020-05-08,134.838989,76.327827,0.012418396467942147,True,False,-1.1869710383067625e-16,-1.699538583649611e-11,319261.25926327007,319261.25926327007,1,1.0
2020-05-11,133.786484,76.25499,0.012372030461941224,True,False,-1.1869793282632206e-16,-1.6995504534428936e-11,316769.21987486375,316769.21987486375,1,1.0
2020-05-12,135.159729,74.231537,0.012593310434809405,True,False,-1.1869876182775767e-16,-1.6995623233190764e-11,320020.68246167526,320020.68246167526,1,1.0
2020-05-13,136.105347,72.800224,0.011165340367185672,True,False,-1.1869959083498312e-16,-1.6995741932781598e-11,322259.6431339628,322259.6431339628,1,1.0
2020-05-14,137.437393,74.747673,0.011082344777112133,True,False,-1.1870041984799847e-16,-1.6995860633201444e-11,325413.55793642846,325413.55793642846,1,1.0
2020-05-15,137.083832,73.202393,0.010686375573015655,True,False,-1.1870124886680376e-16,-1.699597933445031e-11,324576.423729746,324576.423729746,1,1.0
2020-05-18,134.074265,76.565315,0.011554831035158803,True,False,-1.1870207789139901e-16,-1.69960980365282e-11,317450.60531933664,317450.60531933664,1,1.0
2020-05-19,134.575836,76.31517,0.011142901365238527,True,False,-1.1870290692178426e-16,-1.6996216739435125e-11,318638.18607960135,318638.18607960135,1,1.0
2020-05-20,134.978806,79.127098,0.01103228941414677,True,False,-1.1870373595795963e-16,-1.6996335443171083e-11,319592.30706937914,319592.30706937914,1,1.0
2020-05-21,135.315964,77.135315,0.010958388679340283,True,False,-1.1870456499992504e-16,-1.6996454147736084e-11,320390.603529839,320390.603529839,1,1.0
2020-05-22,136.13002,77.477287,0.011059189771326857,True,False,-1.187053940476806e-16,-1.6996572853130132e-11,322318.06194226316,322318.06194226316,1,1.0
2020-05-26,134.304489,78.291115,0.010681032947015537,True,False,-1.1870622310122635e-16,-1.6996691559353233e-11,317995.71178073727,317995.71178073727,1,1.0
2020-05-27,134.057846,79.497581,0.01025495929241931,True,False,-1.1870705216056227e-16,-1.6996810266405394e-11,317411.7296895599,317411.7296895599,1,1.0
2020-05-28,133.564484,77.762314,0.010234912260586254,True,False,-1.1870788122568849e-16,-1.699692897428662e-11,316243.5855603225,316243.5855603225,1,1.0
2020-05-29,134.518295,79.754059,0.010141933907243291,True,False,-1.18708710296605e-16,-1.6997047682996916e-11,318501.9449800832,318501.9449800832,1,1.0
2020-06-01,133.612625,79.323448,0.009969458711096743,True,False,-1.187095393733118e-16,-1.699716639253629e-11,316357.57007174747,316357.57007174747,1,1.0
2020-06-02,133.126877,81.036552,0.00995500170251638,True,False,-1.1871036845580904e-16,-1.6997285102904744e-11,315207.45377886563,315207.45377886563,1,1.0
2020-06-03,131.356644,83.376694,0.010250007482662759,True,False,-1.1871119754409665e-16,-1.699740381410229e-11,311016.0339161032,311016.0339161032,1,1.0
2020-06-04,129.454788,84.13665,0.010132498426823447,True,False,-1.1871202663817473e-16,-1.6997522526128927e-11,306512.9673624271,306512.9673624271,1,1.0
2020-06-05,128.532532,86.198143,0.009207428149141677,True,False,-1.1871285573804334e-16,-1.6997641238984665e-11,304329.32141471753,304329.32141471753,1,1.0
2020-06-08,129.026566,86.020805,0.00901199261511476,True,False,-1.1871368484370243e-16,-1.699775995266951e-11,305499.05665323127,305499.05665323127,1,1.0
2020-06-09,130.492142,86.087303,0.009389984401670121,True,False,-1.1871451395515214e-16,-1.6997878667183463e-11,308969.13339272706,308969.13339272706,1,1.0
2020-06-10,132.427017,86.391281,0.009727433323543314,True,False,-1.1871534307239245e-16,-1.6997997382526537e-11,313550.37976366375,313550.37976366375,1,1.0
2020-06-11,134.929993,80.903564,0.010555443372181256,True,False,-1.1871617219542345e-16,-1.6998116098698733e-11,319476.7314486778,319476.7314486778,1,1.0
2020-06-12,133.62912,82.005539,0.010463498408835446,True,False,-1.1871700132424513e-16,-1.6998234815700058e-11,316396.6256484067,316396.6256484067,1,1.0
2020-06-15,133.703186,83.110878,0.010468470699412565,True,False,-1.1871783045885757e-16,-1.6998353533530518e-11,316571.9933562482,316571.9933562482,1,1.0
2020-06-16,131.653091,84.732521,0.009848153206765606,True,False,-1.1871865959926078e-16,-1.6998472252190117e-11,311717.93804062036,311717.93804062036,1,1.0
2020-06-17,132.196457,85.392639,0.00985807549820895,True,False,-1.187194887454548e-16,-1.699859097167886e-11,313004.4777476249,313004.4777476249,1,1.0
2020-06-18,133.596161,85.233955,0.010154215496741392,True,False,-1.1872031789743969e-16,-1.6998709691996757e-11,316318.58789447445,316318.58789447445,1,1.0
2020-06-19,133.703186,84.821396,0.010134837396237363,True,False,-1.1872114705521547e-16,-1.699882841314381e-11,316571.9933562482,316571.9933562482,1,1.0
2020-06-22,133.719711,85.446579,0.010018022609227444,True,False,-1.187219762187822e-16,-1.699894713512003e-11,316611.11996457155,316611.11996457155,1,1.0
2020-06-23,132.805695,85.751228,0.009682546720657725,True,False,-1.1872280538813993e-16,-1.699906585792542e-11,314446.98404727556,314446.98404727556,1,1.0
2020-06-24,134.230118,83.869339,0.009994565462819559,True,False,-1.1872363456328867e-16,-1.6999184581559983e-11,317819.6219176439,317819.6219176439,1,1.0
2020-06-25,134.617111,84.469154,0.00997267519468392,True,False,-1.1872446374422847e-16,-1.6999303306023727e-11,318735.91381082963,318735.91381082963,1,1.0
2020-06-26,136.058014,82.885559,0.010128011146273673,True,False,-1.187252929309594e-16,-1.699942203131666e-11,322147.57174202503,322147.57174202503,1,1.0
2020-06-29,135.629852,83.790016,0.010022351540080706,True,False,-1.1872612212348146e-16,-1.699954075743878e-11,321133.80309615756,321133.80309615756,1,1.0
2020-06-30,134.971176,85.960678,0.010054326394526428,True,False,-1.187269513217947e-16,-1.6999659484390103e-11,319574.2413494695,319574.2413494695,1,1.0
2020-07-01,134.709015,84.859459,0.00952280204633865,True,False,-1.1872778052589917e-16,-1.699977821217063e-11,318953.51694616117,318953.51694616117,1,1.0
2020-07-02,134.849197,85.897224,0.00876532332194844,True,False,-1.187286097357949e-16,-1.6999896940780364e-11,319285.4289708504,319285.4289708504,1,1.0
2020-07-06,134.29686,88.166283,0.008622550379590857,True,False,-1.1872943895148191e-16,-1.7000015670219316e-11,317977.64842854976,317977.64842854976,1,1.0
2020-07-07,136.184494,87.125351,0.009012262371377885,True,False,-1.187302681729603e-16,-1.700013440048749e-11,322447.0412379853,322447.0412379853,1,1.0
2020-07-08,135.640503,88.305908,0.008892751271744322,True,False,-1.187310974002301e-16,-1.700025313158489e-11,321159.02170464484,321159.02170464484,1,1.0
2020-07-09,137.800247,89.476913,0.00897721739730985,True,False,-1.1873192663329132e-16,-1.7000371863511523e-11,326272.6953849354,326272.6953849354,1,1.0
2020-07-10,137.107758,89.175438,0.008183022140782273,True,False,-1.18732755872144e-16,-1.7000490596267394e-11,324633.07384960953,324633.07384960953,1,1.0
2020-07-13,137.561157,87.709274,0.007813909101444704,True,False,-1.1873358511678817e-16,-1.700060932985251e-11,325706.5966990631,325706.5966990631,1,1.0
2020-07-14,137.758926,89.159554,0.007811074856394519,True,False,-1.187344143672239e-16,-1.700072806426688e-11,326174.85873848875,326174.85873848875,1,1.0
2020-07-15,137.116013,89.004059,0.006899139838336208,True,False,-1.1873524362345123e-16,-1.7000846799510503e-11,324652.6193958553,324652.6193958553,1,1.0
2020-07-16,137.767181,88.67083,0.006910369713272861,True,False,-1.187360728854702e-16,-1.700096553558339e-11,326194.4042847344,326194.4042847344,1,1.0
2020-07-17,137.478714,89.118309,0.00666856119502439,True,False,-1.1873690215328081e-16,-1.700108427248554e-11,325511.39458287513,325511.39458287513,1,1.0
2020-07-20,137.816666,90.879616,0.006670575041307863,True,False,-1.1873773142688317e-16,-1.700120301021697e-11,326311.5710147122,326311.5710147122,1,1.0
2020-07-21,137.899078,90.416283,0.0066662099088660625,True,False,-1.1873856070627727e-16,-1.7001321748777674e-11,326506.6997315139,326506.6997315139,1,1.0
2020-07-22,138.311234,90.7146,0.006370385731371133,True,False,-1.1873938999146314e-16,-1.7001440488167667e-11,327482.5706168475,327482.5706168475,1,1.0
2020-07-23,139.92691,89.327766,0.0064409563823184315,True,False,-1.1874021928244085e-16,-1.700155922838695e-11,331308.0424491929,331308.0424491929,1,1.0
2020-07-24,139.918762,87.925095,0.006455208035536922,True,False,-1.1874104857921045e-16,-1.700167796943553e-11,331288.750249216,331288.750249216,1,1.0
2020-07-27,139.399353,90.663803,0.006229701005555355,True,False,-1.1874187788177196e-16,-1.700179671131341e-11,330058.9340614613,330058.9340614613,1,1.0
2020-07-28,140.363785,88.912056,0.006264164395056112,True,False,-1.1874270719012542e-16,-1.70019154540206e-11,332342.4410580452,332342.4410580452,1,1.0
2020-07-29,140.12471,90.743164,0.006127623229366978,True,False,-1.1874353650427089e-16,-1.7002034197557104e-11,331776.3778880049,331776.3778880049,1,1.0
2020-07-30,141.048004,92.529823,0.006144068808895418,True,False,-1.1874436582420837e-16,-1.7002152941922927e-11,333962.48153129325,333962.48153129325,1,1.0
2020-07-31,140.957306,92.155365,0.006173682744393061,True,False,-1.1874519514993791e-16,-1.7002271687118076e-11,333747.73386885965,333747.73386885965,1,1.0
2020-08-03,140.247604,93.827797,0.006227862154372782,True,False,-1.187460244814596e-16,-1.7002390433142558e-11,332067.35673237976,332067.35673237976,1,1.0
2020-08-04,141.584473,95.205093,0.005851257595652755,True,False,-1.1874685381877344e-16,-1.7002509179996376e-11,335232.69105871493,335232.69105871493,1,1.0
2020-08-05,140.346695,95.106728,0.006194343606646685,True,False,-1.1874768316187947e-16,-1.700262792767954e-11,332301.9766867141,332301.9766867141,1,1.0
2020-08-06,141.13063,95.055923,0.005331918767035263,True,False,-1.1874851251077777e-16,-1.700274667619205e-11,334158.1169406324,334158.1169406324,1,1.0
2020-08-07,140.189804,93.999176,0.005445039127848355,True,False,-1.187493418654683e-16,-1.7002865425533918e-11,331930.5023928281,331930.5023928281,1,1.0
2020-08-10,139.562622,93.996002,0.005557366885474705,True,False,-1.1875017122595118e-16,-1.7002984175705143e-11,330445.50968714076,330445.50968714076,1,1.0
2020-08-11,137.90387,93.015373,0.0062326593101256576,True,False,-1.187510005922264e-16,-1.7003102926705737e-11,326518.0458559972,326518.0458559972,1,1.0
2020-08-12,136.649567,96.020683,0.006485423883813818,True,False,-1.1875182996429406e-16,-1.7003221678535702e-11,323548.2048756728,323548.2048756728,1,1.0
2020-08-13,135.188889,95.06546,0.0067859565638584505,True,False,-1.1875265934215412e-16,-1.7003340431195044e-11,320089.72523920686,320089.72523920686,1,1.0
2020-08-14,134.660782,95.008331,0.006814310053825504,True,False,-1.1875348872580667e-16,-1.700345918468377e-11,318839.3146042996,318839.3146042996,1,1.0
2020-08-17,134.999207,96.077797,0.006815798849052173,True,False,-1.1875431811525174e-16,-1.7003577939001886e-11,319640.6109687078,319640.6109687078,1,1.0
2020-08-18,135.9646,95.570053,0.0070502617278657585,True,False,-1.1875514751048938e-16,-1.7003696694149398e-11,321926.39334626583,321926.39334626583,1,1.0
2020-08-19,135.114655,95.02739,0.007098837475925778,True,False,-1.1875597691151962e-16,-1.700381545012631e-11,319913.9597540463,319913.9597540463,1,1.0
2020-08-20,136.335938,94.183235,0.0068714054677477526,True,False,-1.187568063183425e-16,-1.700393420693263e-11,322805.61854938796,322805.61854938796,1,1.0
2020-08-21,137.153046,94.821091,0.007058689920572358,True,False,-1.1875763573095806e-16,-1.700405296456836e-11,324740.30324977596,324740.30324977596,1,1.0
2020-08-24,136.930206,95.80806,0.007031690778250811,True,False,-1.1875846514936636e-16,-1.700417172303351e-11,324212.6800486392,324212.6800486392,1,1.0
2020-08-25,135.882095,96.737915,0.006936830287391034,True,False,-1.187592945735674e-16,-1.7004290482328082e-11,321731.0444313054,321731.0444313054,1,1.0
2020-08-26,135.362244,97.048897,0.006954461356358004,True,False,-1.1876012400356123e-16,-1.7004409242452087e-11,320500.18171036587,320500.18171036587,1,1.0
2020-08-27,133.059845,95.944519,0.007469009850256252,True,False,-1.1876095343934794e-16,-1.7004528003405528e-11,315048.7406285398,315048.7406285398,1,1.0
2020-08-28,132.960785,97.715332,0.007467418991827121,True,False,-1.1876178288092753e-16,-1.7004646765188408e-11,314814.1940735918,314814.1940735918,1,1.0
2020-08-31,133.843857,97.496384,0.0077431114762108125,True,False,-1.1876261232830002e-16,-1.7004765527800737e-11,316905.06319706276,316905.06319706276,1,1.0
2020-09-01,135.37468,99.43222,0.007904436594534285,True,False,-1.1876344178146548e-16,-1.7004884291242517e-11,320529.6267028688,320529.6267028688,1,1.0
2020-09-02,136.663467,102.313751,0.008159632074191622,True,False,-1.1876427124042394e-16,-1.7005003055513757e-11,323581.1162133851,323581.1162133851,1,1.0
2020-09-03,137.051849,96.607788,0.00806029709559841,True,False,-1.1876510070517546e-16,-1.7005121820614462e-11,324500.69687262,324500.69687262,1,1.0
2020-09-04,134.449387,95.604942,0.008923087297452335,True,False,-1.1876593017572007e-16,-1.7005240586544638e-11,318338.7899830274,318338.7899830274,1,1.0
2020-09-08,135.275574,91.13665,0.009087193102485866,True,False,-1.187667596520578e-16,-1.700535935330429e-11,320294.97123270243,320294.97123270243,1,1.0
2020-09-09,134.912064,93.618355,0.0087595408911116,True,False,-1.1876758913418872e-16,-1.7005478120893424e-11,319434.2805584732,319434.2805584732,1,1.0
2020-09-10,135.597839,92.348953,0.008648552716769483,True,False,-1.1876841862211282e-16,-1.7005596889312047e-11,321058.0052073674,321058.0052073674,1,1.0
2020-09-11,135.886902,92.323563,0.008309323547533212,True,False,-1.187692481158302e-16,-1.7005715658560164e-11,321742.42607162066,321742.42607162066,1,1.0
2020-09-14,135.878647,94.170532,0.008251982350989815,True,False,-1.1877007761534085e-16,-1.700583442863778e-11,321722.880525375,321722.880525375,1,1.0
2020-09-15,135.548141,95.795372,0.008261098731853957,True,False,-1.1877090712064484e-16,-1.70059531995449e-11,320940.33415257424,320940.33415257424,1,1.0
2020-09-16,135.143387,94.89727,0.008123474177328404,True,False,-1.1877173663174218e-16,-1.7006071971281532e-11,319981.98914650304,319981.98914650304,1,1.0
2020-09-17,135.556488,94.849655,0.008029943391468149,True,False,-1.1877256614863294e-16,-1.700619074384768e-11,320960.0975292566,320960.0975292566,1,1.0
2020-09-18,135.135101,93.364471,0.007781435455260865,True,False,-1.1877339567131716e-16,-1.7006309517243352e-11,319962.3702008711,319962.3702008711,1,1.0
2020-09-21,135.820816,93.196274,0.007744356125940654,True,False,-1.1877422519979486e-16,-1.700642829146855e-11,321585.95278643706,321585.95278643706,1,1.0
2020-09-22,135.713486,94.157845,0.007740146450083805,True,False,-1.187750547340661e-16,-1.7006547066523285e-11,321331.8251694113,321331.8251694113,1,1.0
2020-09-23,135.895157,91.985382,0.007556868910108046,True,False,-1.187758842741309e-16,-1.700666584240756e-11,321761.97161786637,321761.97161786637,1,1.0
2020-09-24,136.415588,92.762512,0.007546114095569574,True,False,-1.1877671381998932e-16,-1.7006784619121378e-11,322994.2076176457,322994.2076176457,1,1.0
2020-09-25,136.415588,94.036491,0.006322926509321179,True,False,-1.1877754337164138e-16,-1.700690339666475e-11,322994.2076176457,322994.2076176457,1,1.0
2020-09-28,136.027374,96.625885,0.006375105282117457,True,False,-1.1877837292908716e-16,-1.700702217503768e-11,322075.02473572985,322075.02473572985,1,1.0
2020-09-29,136.184326,96.852005,0.006243641114809031,True,False,-1.1877920249232668e-16,-1.7007140954240173e-11,322446.64346066624,322446.64346066624,1,1.0
2020-09-30,134.878967,97.017639,0.006149296981811345,True,False,-1.1878003206135996e-16,-1.7007259734272234e-11,319355.916058886,319355.916058886,1,1.0
2020-10-01,135.101501,99.094231,0.005737544930107351,True,False,-1.1878086163618705e-16,-1.700737851513387e-11,319882.8147370487,319882.8147370487,1,1.0
2020-10-02,134.597031,96.122665,0.005720158815297905,True,False,-1.18781691216808e-16,-1.7007497296825088e-11,318688.3699503072,318688.3699503072,1,1.0
2020-10-05,131.967133,99.126083,0.005815036813587163,True,False,-1.1878252080322285e-16,-1.700761607934589e-11,312461.50223614805,312461.50223614805,1,1.0
2020-10-06,132.678314,98.654701,0.005769275147222045,True,False,-1.1878335039543163e-16,-1.7007734862696286e-11,314145.3812336694,314145.3812336694,1,1.0
2020-10-07,131.710724,100.543404,0.0059324969259922705,True,False,-1.187841799934344e-16,-1.700785364687628e-11,311854.3969705751,311854.3969705751,1,1.0
2020-10-08,132.421982,101.788727,0.005950434677788744,True,False,-1.1878500959723118e-16,-1.7007972431885878e-11,313538.4582827011,313538.4582827011,1,1.0
2020-10-09,132.397125,103.578674,0.005904886522139486,True,False,-1.1878583920682202e-16,-1.7008091217725086e-11,313479.6038135274,313479.6038135274,1,1.0
2020-10-12,132.81897,105.11705,0.005984677579306897,True,False,-1.1878666882220696e-16,-1.7008210004393908e-11,314478.4155586519,314478.4155586519,1,1.0
2020-10-13,133.769974,104.929131,0.006252156333962029,True,False,-1.1878749844338605e-16,-1.700832879189235e-11,316730.1287823724,316730.1287823724,1,1.0
2020-10-14,134.076004,104.505524,0.00625995300638409,True,False,-1.1878832807035929e-16,-1.7008447580220422e-11,317454.72278813395,317454.72278813395,1,1.0
2020-10-15,133.844437,104.22525,0.00621243412956568,True,False,-1.1878915770312678e-16,-1.7008566369378124e-11,316906.4364759025,316906.4364759025,1,1.0
2020-10-16,133.472275,103.728401,0.006205960035903911,True,False,-1.1878998734168851e-16,-1.7008685159365465e-11,316025.2602697391,316025.2602697391,1,1.0
2020-10-19,132.967758,103.206062,0.006094078756142418,True,False,-1.1879081698604453e-16,-1.7008803950182452e-11,314830.70420005714,314830.70420005714,1,1.0
2020-10-20,131.702423,103.037247,0.006382340567858003,True,False,-1.1879164663619492e-16,-1.700892274182909e-11,311834.7425091111,311834.7425091111,1,1.0
2020-10-21,131.247543,102.346092,0.006360188717337551,True,False,-1.187924762921397e-16,-1.700904153430538e-11,310757.7130631719,310757.7130631719,1,1.0
2020-10-22,129.88295,102.387527,0.0065024449236124,True,False,-1.1879330595387887e-16,-1.7009160327611335e-11,307526.7360082946,307526.7360082946,1,1.0
2020-10-23,130.67688,102.027596,0.00676110993039582,True,False,-1.1879413562141253e-16,-1.7009279121746958e-11,309406.54164497805,309406.54164497805,1,1.0
2020-10-26,131.892654,99.81723,0.00722165314006021,True,False,-1.187949652947407e-16,-1.7009397916712253e-11,312285.15665906377,312285.15665906377,1,1.0
2020-10-27,132.777542,99.425476,0.007433303193066852,True,False,-1.1879579497386338e-16,-1.7009516712507226e-11,314380.32556593657,314380.32556593657,1,1.0
2020-10-28,132.901596,96.170441,0.007178615582206497,True,False,-1.1879662465878065e-16,-1.7009635509131884e-11,314674.05096799106,314674.05096799106,1,1.0
2020-10-29,131.611435,98.610138,0.007427607630140536,True,False,-1.1879745434949254e-16,-1.7009754306586233e-11,311619.3082072576,311619.3082072576,1,1.0
2020-10-30,130.313019,97.294724,0.007658696584179656,True,False,-1.1879828404599912e-16,-1.700987310487028e-11,308545.01990027854,308545.01990027854,1,1.0
2020-11-02,131.289108,97.641891,0.00661641215282549,True,False,-1.187991137483004e-16,-1.7009991903984028e-11,310856.1274338201,310856.1274338201,1,1.0
2020-11-03,130.527496,99.482803,0.0065882434819278125,True,False,-1.1879994345639639e-16,-1.7010110703927483e-11,309052.84184117883,309052.84184117883,1,1.0
2020-11-04,133.358917,102.960823,0.008069706545977804,True,False,-1.188007731702872e-16,-1.7010229504700652e-11,315756.86002366804,315756.86002366804,1,1.0
2020-11-05,133.590805,107.585388,0.007997262663822982,True,False,-1.1880160288997283e-16,-1.701034830630354e-11,316305.90637470555,316305.90637470555,1,1.0
2020-11-06,131.976288,109.340317,0.008480108246711082,True,False,-1.1880243261545333e-16,-1.7010467108736158e-11,312483.1787323176,312483.1787323176,1,1.0
2020-11-09,129.202805,108.066322,0.009651056544548063,True,False,-1.1880326234672872e-16,-1.7010585911998504e-11,305916.34163503506,305916.34163503506,1,1.0
2020-11-10,128.457703,104.824043,0.009482001577129478,True,False,-1.1880409208379909e-16,-1.7010704716090586e-11,304152.1471348851,304152.1471348851,1,1.0
2020-11-11,128.921326,108.60141,0.009518038715342535,True,False,-1.1880492182666443e-16,-1.7010823521012412e-11,305249.8775754731,305249.8775754731,1,1.0
2020-11-12,131.115326,107.260544,0.010409189969334787,True,False,-1.188057515753248e-16,-1.7010942326763987e-11,310444.6599453084,310444.6599453084,1,1.0
2020-11-13,130.941467,108.57592,0.010401360002728429,True,False,-1.1880658132978024e-16,-1.7011061133345318e-11,310033.01014219207,310033.01014219207,1,1.0
2020-11-16,130.626862,111.276787,0.010386152991176697,True,False,-1.1880741109003082e-16,-1.7011179940756408e-11,309288.11291910085,309288.11291910085,1,1.0
2020-11-17,131.479507,110.359512,0.010301011614087398,True,False,-1.1880824085607654e-16,-1.7011298748997263e-11,311306.9393610919,311306.9393610919,1,1.0
2020-11-18,131.860443,109.537804,0.010289401509709577,True,False,-1.188090706279174e-16,-1.701141755806789e-11,312208.8899612904,312208.8899612904,1,1.0
2020-11-19,132.539261,111.155754,0.010024411030252988,True,False,-1.1880990040555353e-16,-1.7011536367968296e-11,313816.1423672735,313816.1423672735,1,1.0
2020-11-20,133.71492,110.636612,0.010115708234198457,True,False,-1.1881073018898494e-16,-1.7011655178698484e-11,316599.7762078105,316599.7762078105,1,1.0
2020-11-23,133.10228,112.213181,0.010004720781659246,True,False,-1.1881155997821165e-16,-1.7011773990258463e-11,315149.21491744777,315149.21491744777,1,1.0
2020-11-24,131.777634,112.824707,0.010152601241157593,True,False,-1.1881238977323374e-16,-1.7011892802648237e-11,312012.82125880016,312012.82125880016,1,1.0
2020-11-25,131.371887,112.576279,0.010165018508860158,True,False,-1.188132195740512e-16,-1.701201161586781e-11,311052.12510464626,311052.12510464626,1,1.0
2020-11-27,132.646805,113.917137,0.010169532182130785,True,False,-1.188140493806641e-16,-1.701213042991719e-11,314070.77667683666,314070.77667683666,1,1.0
2020-11-30,132.481354,115.23571,0.009888009821144645,True,False,-1.1881487919307247e-16,-1.7012249244796384e-11,313679.0346814531,313679.0346814531,1,1.0
2020-12-01,130.527969,117.137146,0.010348082220656984,True,False,-1.1881570901127634e-16,-1.7012368060505394e-11,309053.9617737499,309053.9617737499,1,1.0
2020-12-02,129.49205,117.481133,0.01041944895968233,True,False,-1.188165388352758e-16,-1.7012486877044228e-11,306601.19342471735,306601.19342471735,1,1.0
2020-12-03,130.536285,117.633995,0.009310408168608536,True,False,-1.1881736866507082e-16,-1.7012605694412892e-11,309073.65175104595,309073.65175104595,1,1.0
2020-12-04,128.621811,120.84127,0.009769207615008968,True,False,-1.188181985006615e-16,-1.7012724512611393e-11,304540.7092794379,304540.7092794379,1,1.0
2020-12-07,129.782104,121.452789,0.009743827037233716,True,False,-1.1881902834204786e-16,-1.7012843331639734e-11,307287.960701609,307287.960701609,1,1.0
2020-12-08,130.395386,121.844521,0.008537426320350991,True,False,-1.188198581892299e-16,-1.7012962151497924e-11,308740.042069584,308740.042069584,1,1.0
2020-12-09,129.964478,118.411125,0.008459791409494702,True,False,-1.1882068804220774e-16,-1.7013080972185967e-11,307719.77165872674,307719.77165872674,1,1.0
2020-12-10,131.116379,118.245529,0.00863660400323799,True,False,-1.1882151790098137e-16,-1.701319979370387e-11,310447.1531567192,310447.1531567192,1,1.0
2020-12-11,131.580475,117.095764,0.007808810627727415,True,False,-1.1882234776555087e-16,-1.7013318616051635e-11,311546.0035298784,311546.0035298784,1,1.0
2020-12-14,131.21582,118.40329,0.007830177951456595,True,False,-1.188231776359162e-16,-1.701343743922927e-11,310682.6018138017,310682.6018138017,1,1.0
2020-12-15,130.776627,120.053253,0.007849001235908532,True,False,-1.1882400751207748e-16,-1.7013556263236784e-11,309642.7148250345,309642.7148250345,1,1.0
2020-12-16,130.428543,120.123482,0.007719246529849311,True,False,-1.188248373940347e-16,-1.7013675088074178e-11,308818.5486324995,308818.5486324995,1,1.0
2020-12-17,130.083374,120.343681,0.007694207542049535,True,False,-1.1882566728178793e-16,-1.701379391374146e-11,308001.28434999555,308001.28434999555,1,1.0
2020-12-18,129.693481,119.628815,0.0075849916616703575,True,False,-1.188264971753372e-16,-1.7013912740238635e-11,307078.12606261077,307078.12606261077,1,1.0
2020-12-21,130.207886,119.095833,0.00732345396715413,True,False,-1.1882732707468255e-16,-1.701403156756571e-11,308296.0941687891,308296.0941687891,1,1.0
2020-12-22,130.879883,118.920311,0.007418256193852224,True,False,-1.1882815697982405e-16,-1.701415039572269e-11,309887.1963420718,309887.1963420718,1,1.0
2020-12-23,129.975571,118.026718,0.007248629166126791,True,False,-1.1882898689076167e-16,-1.701426922470958e-11,307746.0368003988,307746.0368003988,1,1.0
2020-12-24,130.489929,119.079887,0.0072967551342110375,True,False,-1.188298168074955e-16,-1.701438805452639e-11,308963.89362363657,308963.89362363657,1,1.0
2020-12-28,130.547928,118.949013,0.00691330739071847,True,False,-1.188306467300256e-16,-1.701450688517312e-11,309101.2191398937,309101.2191398937,1,1.0
2020-12-29,130.382111,118.642639,0.006913387794000169,True,False,-1.1883147665835198e-16,-1.7014625716649778e-11,308708.6105582078,308708.6105582078,1,1.0
2020-12-30,130.664154,120.630928,0.006090639338087383,True,False,-1.1883230659247465e-16,-1.701474454895637e-11,309376.41001305525,309376.41001305525,1,1.0
2020-12-31,130.85495,121.013878,0.005794892027419291,True,False,-1.1883313653239372e-16,-1.7014863382092904e-11,309828.1619260157,309828.1619260157,1,1.0
2021-01-04,130.697342,120.506447,0.005526887436985488,True,False,0.0,-1.7014863382092904e-11,309454.989975357,309454.989975357,1,1.0
2021-01-05,129.7267,122.970253,0.004668329934942158,True,False,0.0,-1.7014863382092904e-11,307156.77942429885,307156.77942429885,1,1.0
2021-01-06,127.063622,122.57135,0.006261434834512437,True,False,0.0,-1.7014863382092904e-11,300851.35068961506,300851.35068961506,1,1.0
2021-01-07,125.943596,127.195793,0.0063376189729282455,True,False,0.0,-1.7014863382092904e-11,298199.4403347577,298199.4403347577,1,1.0
2021-01-08,125.537148,127.262787,0.00633662807629233,True,False,0.0,-1.7014863382092904e-11,297237.0844073854,297237.0844073854,1,1.0
2021-01-11,125.329735,128.552124,0.005830810008667421,True,False,0.0,-1.7014863382092904e-11,296745.98805566493,296745.98805566493,1,1.0
2021-01-12,125.230164,129.330856,0.005683046695610869,True,False,0.0,-1.7014863382092904e-11,296510.2315947047,296510.2315947047,1,1.0
2021-01-13,126.640533,129.541534,0.006451136494545382,True,False,0.0,-1.7014863382092904e-11,299849.59349815146,299849.59349815146,1,1.0
2021-01-14,125.454147,132.286179,0.006667812699115371,True,False,0.0,-1.7014863382092904e-11,297040.5611022447,297040.5611022447,1,1.0
2021-01-15,125.951889,129.595764,0.006800319783835272,True,False,0.0,-1.7014863382092904e-11,298219.0758544445,298219.0758544445,1,1.0
2021-01-19,126.358459,134.041458,0.006885503913562019,True,False,0.0,-1.7014863382092904e-11,299181.7206439176,299181.7206439176,1,1.0
2021-01-20,126.482948,133.562729,0.006895992299901286,True,False,0.0,-1.7014863382092904e-11,299476.476005102,299476.476005102,1,1.0
2021-01-21,125.595146,135.493591,0.006897196131790319,True,False,0.0,-1.7014863382092904e-11,297374.40755592036,297374.40755592036,1,1.0
2021-01-22,126.00174,133.195724,0.006808316042821276,True,False,0.0,-1.7014863382092904e-11,298337.1091707247,298337.1091707247,1,1.0
2021-01-25,127.486679,133.387192,0.007338989600998416,True,False,0.0,-1.7014863382092904e-11,301853.0321139703,301853.0321139703,1,1.0
2021-01-26,127.24614,131.2202,0.007248704164856362,True,False,0.0,-1.7014863382092904e-11,301283.5025987206,301283.5025987206,1,1.0
2021-01-27,127.569687,124.409615,0.007289633412222827,True,False,0.0,-1.7014863382092904e-11,302049.571993166,302049.571993166,1,1.0
2021-01-28,126.864494,127.138313,0.0073555438608852415,True,False,0.0,-1.7014863382092904e-11,300379.8709158044,300379.8709158044,1,1.0
2021-01-29,126.101295,124.920212,0.0073768694325466845,True,False,0.0,-1.7014863382092904e-11,298572.8277481308,298572.8277481308,1,1.0
2021-02-01,126.247452,129.854233,0.007370228229398757,True,False,0.0,-1.7014863382092904e-11,298918.88691259205,298918.88691259205,1,1.0
2021-02-02,125.433441,131.960571,0.007441785614472005,True,False,0.0,-1.7014863382092904e-11,296991.5350476641,296991.5350476641,1,1.0
2021-02-03,124.320496,129.279816,0.007504337233686557,True,False,0.0,-1.7014863382092904e-11,294356.39053326286,294356.39053326286,1,1.0
2021-02-04,123.988243,130.339355,0.006102197877983655,True,False,0.0,-1.7014863382092904e-11,293569.7077498878,293569.7077498878,1,1.0
2021-02-05,122.950081,129.448929,0.006073634559237111,True,False,0.0,-1.7014863382092904e-11,291111.62860010064,291111.62860010064,1,1.0
2021-02-08,123.489937,133.332916,0.00617744275382376,True,False,0.0,-1.7014863382092904e-11,292389.8576024023,292389.8576024023,1,1.0
2021-02-09,123.581276,132.94043,0.00618366157639179,True,False,0.0,-1.7014863382092904e-11,292606.1229747261,292606.1229747261,1,1.0
2021-02-10,124.403511,133.202103,0.006397099060238309,True,False,0.0,-1.7014863382092904e-11,294552.94698651345,294552.94698651345,1,1.0
2021-02-11,123.722458,137.813736,0.005881584892318601,True,False,0.0,-1.7014863382092904e-11,292940.40272155293,292940.40272155293,1,1.0
2021-02-12,122.185936,139.518005,0.006143810287869632,True,False,0.0,-1.7014863382092904e-11,289302.3455672849,289302.3455672849,1,1.0
2021-02-16,120.325409,140.220154,0.00675651065031166,True,False,0.0,-1.7014863382092904e-11,284897.1346018325,284897.1346018325,1,1.0
2021-02-17,121.089615,137.81694,0.0069235540522807485,True,False,0.0,-1.7014863382092904e-11,286706.5620656987,286706.5620656987,1,1.0
2021-02-18,120.599495,136.399948,0.006895907883508393,True,False,0.0,-1.7014863382092904e-11,285546.09409163136,285546.09409163136,1,1.0
2021-02-19,118.996475,139.687164,0.007257532601464444,True,False,0.0,-1.7014863382092904e-11,281750.588150659,281750.588150659,1,1.0
2021-02-22,118.091209,134.625488,0.007196747234147432,True,False,0.0,-1.7014863382092904e-11,279607.1698020668,279607.1698020668,1,1.0
2021-02-23,117.750633,133.613846,0.006281915183248924,True,False,0.0,-1.7014863382092904e-11,278800.78046734066,278800.78046734066,1,1.0
2021-02-24,116.978249,137.947815,0.006287628108596162,True,False,0.0,-1.7014863382092904e-11,276971.98977183347,276971.98977183347,1,1.0
2021-02-25,115.067856,130.090424,0.006640656687120992,True,False,0.0,-1.7014863382092904e-11,272448.70997426886,272448.70997426886,1,1.0
2021-02-26,118.87191,133.055237,0.010724200676775214,True,False,0.0,-1.7014863382092904e-11,281455.6528425922,281455.6528425922,1,1.0
2021-03-01,117.301926,137.296722,0.01094394821231294,True,False,0.0,-1.7014863382092904e-11,277738.36697015667,277738.36697015667,1,1.0
2021-03-02,117.310226,133.179794,0.010921651275782752,True,False,0.0,-1.7014863382092904e-11,277758.01906389854,277758.01906389854,1,1.0
2021-03-03,116.03791,129.104279,0.011026011727167443,True,False,0.0,-1.7014863382092904e-11,274745.52830471017,274745.52830471017,1,1.0
2021-03-04,115.28952,122.890472,0.01098093080273644,True,False,0.0,-1.7014863382092904e-11,272973.54873417184,272973.54873417184,1,1.0
2021-03-05,115.514069,126.576599,0.011053575916272393,True,False,0.0,-1.7014863382092904e-11,273505.21837244177,273505.21837244177,1,1.0
2021-03-08,114.615898,119.74688,0.011040421899615807,True,False,0.0,-1.7014863382092904e-11,271378.5990124156,271378.5990124156,1,1.0
2021-03-09,116.204247,127.186172,0.011579472413626859,True,False,0.0,-1.7014863382092904e-11,275139.3681019076,275139.3681019076,1,1.0
2021-03-10,116.437035,124.786179,0.011604563032718519,True,False,0.0,-1.7014863382092904e-11,275690.545402869,275690.545402869,1,1.0
2021-03-11,115.597153,130.039383,0.011412982507222585,True,False,0.0,-1.7014863382092904e-11,273701.93819851987,273701.93819851987,1,1.0
2021-03-12,113.144028,128.667053,0.012085024658615624,True,False,0.0,-1.7014863382092904e-11,267893.61982978595,267893.61982978595,1,1.0
2021-03-15,113.809303,131.37973,0.012140299239673868,True,False,0.0,-1.7014863382092904e-11,269468.80617485987,269468.80617485987,1,1.0
2021-03-16,113.351952,133.077621,0.011821243245065472,True,False,0.0,-1.7014863382092904e-11,268385.9260875187,268385.9260875187,1,1.0
2021-03-17,112.503708,134.753143,0.011651088503619502,True,False,0.0,-1.7014863382092904e-11,266377.5199906552,266377.5199906552,1,1.0
2021-03-18,111.364479,129.177658,0.011741624218483633,True,False,0.0,-1.7014863382092904e-11,263680.14226759,263680.14226759,1,1.0
2021-03-19,112.05468,130.773376,0.011732239234551646,True,False,0.0,-1.7014863382092904e-11,265314.346454665,265314.346454665,1,1.0
2021-03-22,113.31031,133.540421,0.012088189282216038,True,False,0.0,-1.7014863382092904e-11,268287.3294022659,268287.3294022659,1,1.0
2021-03-23,114.333191,130.029785,0.012334818515294294,True,False,0.0,-1.7014863382092904e-11,270709.22739006876,270709.22739006876,1,1.0
2021-03-24,114.94854,128.245758,0.01236370094498118,True,False,0.0,-1.7014863382092904e-11,272166.2028397022,272166.2028397022,1,1.0
2021-03-25,114.042152,128.381958,0.011936699713364937,True,False,0.0,-1.7014863382092904e-11,270020.1279068716,270020.1279068716,1,1.0
2021-03-26,113.642982,134.719376,0.009074221659902768,True,False,0.0,-1.7014863382092904e-11,269075.0042612166,269075.0042612166,1,1.0
2021-03-29,112.678352,132.653793,0.008827923492800871,True,False,0.0,-1.7014863382092904e-11,266791.0284556495,266791.0284556495,1,1.0
2021-03-30,113.268768,132.337234,0.008966085415674835,True,False,0.0,-1.7014863382092904e-11,268188.9694892268,268188.9694892268,1,1.0
2021-03-31,112.636795,135.569916,0.008756996963065313,True,False,0.0,-1.7014863382092904e-11,266692.63302677835,266692.63302677835,1,1.0
2021-04-01,114.506218,140.554749,0.009536709467376421,True,False,0.0,-1.7014863382092904e-11,271118.9072483666,271118.9072483666,1,1.0
2021-04-05,114.006592,143.39093,0.009561599427354423,True,False,0.0,-1.7014863382092904e-11,269935.9317076595,269935.9317076595,1,1.0
2021-04-06,114.781029,141.789017,0.00954348810365655,True,False,0.0,-1.7014863382092904e-11,271769.5833367152,271769.5833367152,1,1.0
2021-04-07,113.981583,141.696243,0.00909416896877583,True,False,0.0,-1.7014863382092904e-11,269876.71734472096,269876.71734472096,1,1.0
2021-04-08,114.922539,143.31102,0.009304892829551778,True,False,0.0,-1.7014863382092904e-11,272104.6396964032,272104.6396964032,1,1.0
2021-04-09,114.506218,142.863342,0.00920491192399713,True,False,0.0,-1.7014863382092904e-11,271118.9072483666,271118.9072483666,1,1.0
2021-04-12,114.456299,141.328506,0.0077725002402050086,True,False,0.0,-1.7014863382092904e-11,271000.7129269811,271000.7129269811,1,1.0
2021-04-13,115.313942,141.104736,0.007837850502001012,True,False,0.0,-1.7014863382092904e-11,273031.3732442157,273031.3732442157,1,1.0
2021-04-14,114.947594,139.55397,0.007813524876610637,True,False,0.0,-1.7014863382092904e-11,272163.96297456004,272163.96297456004,1,1.0
2021-04-15,116.871109,141.891296,0.008323088534155743,True,False,0.0,-1.7014863382092904e-11,276718.3120220139,276718.3120220139,1,1.0
2021-04-16,115.963524,141.226212,0.008156490152744597,True,False,0.0,-1.7014863382092904e-11,274569.40292578464,274569.40292578464,1,1.0
2021-04-19,115.630363,137.513977,0.008165031918413208,True,False,0.0,-1.7014863382092904e-11,273780.57025070867,273780.57025070867,1,1.0
2021-04-20,116.163361,135.553909,0.00788763727389901,True,False,0.0,-1.7014863382092904e-11,275042.5614145908,275042.5614145908,1,1.0
2021-04-21,116.396492,139.109528,0.007678624577157867,True,False,0.0,-1.7014863382092904e-11,275594.55084424536,275594.55084424536,1,1.0
2021-04-22,116.90448,136.081482,0.007650858797079492,True,False,0.0,-1.7014863382092904e-11,276797.32527746685,276797.32527746685,1,1.0
2021-04-23,116.629616,138.562759,0.007413061845656657,True,False,0.0,-1.7014863382092904e-11,276146.52369984495,276146.52369984495,1,1.0
2021-04-26,116.463089,141.101547,0.007359157466885056,True,False,0.0,-1.7014863382092904e-11,275752.2340354413,275752.2340354413,1,1.0
2021-04-27,115.447197,140.043182,0.007375830998985527,True,False,0.0,-1.7014863382092904e-11,273346.88405765797,273346.88405765797,1,1.0
2021-04-28,115.522133,137.916824,0.007315546944828767,True,False,0.0,-1.7014863382092904e-11,273524.31168375915,273524.31168375915,1,1.0
2021-04-29,115.180756,138.812164,0.0072138106561641146,True,False,0.0,-1.7014863382092904e-11,272716.02580360085,272716.02580360085,1,1.0
2021-04-30,115.447197,134.943237,0.0062606482636701315,True,False,0.0,-1.7014863382092904e-11,273346.88405765797,273346.88405765797,1,1.0
2021-05-03,115.516449,133.53952,0.006158650189389055,True,False,0.0,-1.7014863382092904e-11,273510.85355112917,273510.85355112917,1,1.0
2021-05-04,116.300285,131.288513,0.00615826534769175,True,False,0.0,-1.7014863382092904e-11,275366.75940055586,275366.75940055586,1,1.0
2021-05-05,116.492104,132.110229,0.005890839593740356,True,False,0.0,-1.7014863382092904e-11,275820.93349326303,275820.93349326303,1,1.0
2021-05-06,116.683899,133.194153,0.0056504176986188915,True,False,0.0,-1.7014863382092904e-11,276275.05076063884,276275.05076063884,1,1.0
2021-05-07,116.10849,135.023102,0.005711472908712797,True,False,0.0,-1.7014863382092904e-11,274912.64213318005,274912.64213318005,1,1.0
2021-05-10,114.932663,129.018295,0.006206971732118921,True,False,0.0,-1.7014863382092904e-11,272128.61051532393,272128.61051532393,1,1.0
2021-05-11,114.282204,129.190933,0.006092744134523592,True,False,0.0,-1.7014863382092904e-11,270588.5043414403,270588.5043414403,1,1.0
2021-05-12,113.081291,123.927879,0.006478389333054528,True,False,0.0,-1.7014863382092904e-11,267745.07604604104,267745.07604604104,1,1.0
2021-05-13,113.256447,125.507416,0.005070328933234152,True,False,0.0,-1.7014863382092904e-11,268159.79678476974,268159.79678476974,1,1.0
2021-05-14,114.315552,129.392365,0.005397000594614962,True,False,0.0,-1.7014863382092904e-11,270667.4631392841,270667.4631392841,1,1.0
2021-05-17,114.073715,128.263718,0.0053836489839620034,True,False,0.0,-1.7014863382092904e-11,270094.86032069987,270094.86032069987,1,1.0
2021-05-18,113.781837,127.23085,0.00525073427100684,True,False,0.0,-1.7014863382092904e-11,269403.7743186293,269403.7743186293,1,1.0
2021-05-19,113.506615,129.712112,0.005208949132501598,True,False,0.0,-1.7014863382092904e-11,268752.12509648217,268752.12509648217,1,1.0
2021-05-20,114.440636,133.12384,0.0054899098232662515,True,False,0.0,-1.7014863382092904e-11,270963.6272951403,270963.6272951403,1,1.0
2021-05-21,114.807533,132.388443,0.005561318967306757,True,False,0.0,-1.7014863382092904e-11,271832.3374442494,271832.3374442494,1,1.0
2021-05-24,115.232857,135.732925,0.005647672057804114,True,False,0.0,-1.7014863382092904e-11,272839.38649469055,272839.38649469055,1,1.0
2021-05-25,116.300285,136.135803,0.005699575432467535,True,False,0.0,-1.7014863382092904e-11,275366.75940055586,275366.75940055586,1,1.0
2021-05-26,116.100197,136.500351,0.0057180528043211595,True,False,0.0,-1.7014863382092904e-11,274893.00661349314,274893.00661349314,1,1.0
2021-05-27,115.633217,137.075867,0.005754580672410515,True,False,0.0,-1.7014863382092904e-11,273787.3277296893,273787.3277296893,1,1.0
2021-05-28,115.449684,138.348511,0.005745212040157519,True,False,0.0,-1.7014863382092904e-11,273352.7725826141,273352.7725826141,1,1.0
2021-06-01,115.42379,137.961609,0.005743647727064145,True,False,0.0,-1.7014863382092904e-11,273291.4627855838,273291.4627855838,1,1.0
2021-06-02,115.691032,138.802551,0.00554915344954941,True,False,0.0,-1.7014863382092904e-11,273924.2175850731,273924.2175850731,1,1.0
2021-06-03,115.256752,136.417236,0.0055828376256903045,True,False,0.0,-1.7014863382092904e-11,272895.96321516787,272895.96321516787,1,1.0
2021-06-04,116.835152,139.729813,0.006407615202023222,True,False,0.0,-1.7014863382092904e-11,276633.1758371132,276633.1758371132,1,1.0
2021-06-07,116.476044,138.64267,0.006344144442073237,True,False,0.0,-1.7014863382092904e-11,275782.90787573357,275782.90787573357,1,1.0
2021-06-08,117.294495,137.849731,0.006026053459466538,True,False,0.0,-1.7014863382092904e-11,277720.7724269524,277720.7724269524,1,1.0
2021-06-09,118.330055,137.171844,0.006048563526379325,True,False,0.0,-1.7014863382092904e-11,280172.69076373754,280172.69076373754,1,1.0
2021-06-10,119.039925,138.747543,0.005370582114368257,True,False,0.0,-1.7014863382092904e-11,281853.46567753656,281853.46567753656,1,1.0
2021-06-11,118.847885,139.448608,0.005448177359397635,True,False,0.0,-1.7014863382092904e-11,281398.76831823704,281398.76831823704,1,1.0
2021-06-14,117.937546,141.430206,0.0056378398794724605,True,False,0.0,-1.7014863382092904e-11,279243.3385152409,279243.3385152409,1,1.0
2021-06-15,117.795563,140.271347,0.005610120735886365,True,False,0.0,-1.7014863382092904e-11,278907.16222298186,278907.16222298186,1,1.0
2021-06-16,117.695328,138.952393,0.005556021568873597,True,False,0.0,-1.7014863382092904e-11,278669.8335945222,278669.8335945222,1,1.0
2021-06-17,119.45752,140.450607,0.006190552960327864,True,False,0.0,-1.7014863382092904e-11,282842.21460357634,282842.21460357634,1,1.0
2021-06-18,121.703995,137.089233,0.00706852849911454,True,False,0.0,-1.7014863382092904e-11,288161.2431925808,288161.2431925808,1,1.0
2021-06-21,119.666252,137.595032,0.008359080189611508,True,False,0.0,-1.7014863382092904e-11,283336.43398079625,283336.43398079625,1,1.0
2021-06-22,119.958519,138.244919,0.008350934028506746,True,False,0.0,-1.7014863382092904e-11,284028.4410267783,284028.4410267783,1,1.0
2021-06-23,119.64962,138.821167,0.008230601400651077,True,False,0.0,-1.7014863382092904e-11,283297.05402620416,283297.05402620416,1,1.0
2021-06-24,119.841682,141.180542,0.00819731946326256,True,False,0.0,-1.7014863382092904e-11,283751.8034753907,283751.8034753907,1,1.0
2021-06-25,118.597305,140.796371,0.008546157206982716,True,False,0.0,-1.7014863382092904e-11,280805.46450500394,280805.46450500394,1,1.0
2021-06-28,119.816635,144.1577,0.008744656794392154,True,False,0.0,-1.7014863382092904e-11,283692.4991390109,283692.4991390109,1,1.0
2021-06-29,120.017044,145.287781,0.008731180485526357,True,False,0.0,-1.7014863382092904e-11,284167.01196487976,284167.01196487976,1,1.0
2021-06-30,120.551514,145.409409,0.008748805332735969,True,False,0.0,-1.7014863382092904e-11,285432.48841574846,285432.48841574846,1,1.0
2021-07-01,120.558243,143.325378,0.008656345082625382,True,False,0.0,-1.7014863382092904e-11,285448.4208180122,285448.4208180122,1,1.0
2021-07-02,121.285744,144.199356,0.008291207375900691,True,False,0.0,-1.7014863382092904e-11,287170.9410408187,287170.9410408187,1,1.0
2021-07-06,122.707291,143.95282,0.008480692707366441,True,False,0.0,-1.7014863382092904e-11,290536.7693423193,290536.7693423193,1,1.0
2021-07-07,123.79438,141.772751,0.008539831930467803,True,False,0.0,-1.7014863382092904e-11,293110.69403313147,293110.69403313147,1,1.0
2021-07-08,124.279427,139.951202,0.008425527734666241,True,False,0.0,-1.7014863382092904e-11,294259.15055279486,294259.15055279486,1,1.0
2021-07-09,122.531693,142.233795,0.009154052635890425,True,False,0.0,-1.7014863382092904e-11,290121.00207040575,290121.00207040575,1,1.0
2021-07-12,122.372826,144.058517,0.009148745623678284,True,False,0.0,-1.7014863382092904e-11,289744.8491575759,289744.8491575759,1,1.0
2021-07-13,121.436203,143.482239,0.00914843533510344,True,False,0.0,-1.7014863382092904e-11,287527.1861459158,287527.1861459158,1,1.0
2021-07-14,122.816002,142.819565,0.009380877896701815,True,False,0.0,-1.7014863382092904e-11,290794.166783617,290794.166783617,1,1.0
2021-07-15,124.170692,139.650314,0.009556769358837125,True,False,0.0,-1.7014863382092904e-11,294001.69628616585,294001.69628616585,1,1.0
2021-07-16,123.936592,136.615417,0.00915848114079621,True,False,0.0,-1.7014863382092904e-11,293447.41253376,293447.41253376,1,1.0
2021-07-19,126.654251,136.477783,0.009473858261287422,True,False,0.0,-1.7014863382092904e-11,299882.0739104347,299882.0739104347,1,1.0
2021-07-20,125.43338,138.337769,0.008833979299030173,True,False,0.0,-1.7014863382092904e-11,296991.3906166137,296991.3906166137,1,1.0
2021-07-21,123.844528,142.585861,0.009456970191891238,True,False,0.0,-1.7014863382092904e-11,293229.43056288647,293229.43056288647,1,1.0
2021-07-22,125.015266,141.743912,0.00955793777017545,True,False,0.0,-1.7014863382092904e-11,296001.4128427845,296001.4128427845,1,1.0
2021-07-23,124.179085,142.467422,0.009763560490420079,True,False,0.0,-1.7014863382092904e-11,294021.5685780665,294021.5685780665,1,1.0
2021-07-26,123.811119,142.512253,0.009408073391370324,True,False,0.0,-1.7014863382092904e-11,293150.3273339923,293150.3273339923,1,1.0
2021-07-27,125.132294,139.896774,0.009425875851461792,True,False,0.0,-1.7014863382092904e-11,296278.5026291004,296278.5026291004,1,1.0
2021-07-28,125.140701,142.18251,0.009437164613483387,True,False,0.0,-1.7014863382092904e-11,296298.40806911094,296298.40806911094,1,1.0
2021-07-29,124.446663,145.082886,0.009570097159700149,True,False,0.0,-1.7014863382092904e-11,294655.118932194,294655.118932194,1,1.0
2021-07-30,125.031998,146.270538,0.009587121591564348,True,False,0.0,-1.7014863382092904e-11,296041.02956959035,296041.02956959035,1,1.0
2021-08-02,126.147179,147.19577,0.009674040166928254,True,False,0.0,-1.7014863382092904e-11,298681.4683106912,298681.4683106912,1,1.0
2021-08-03,126.214211,148.316162,0.009403745506140542,True,False,0.0,-1.7014863382092904e-11,298840.181461017,298840.181461017,1,1.0
2021-08-04,126.473778,149.827225,0.009243431250098362,True,False,0.0,-1.7014863382092904e-11,299454.76399310044,299454.76399310044,1,1.0
2021-08-05,125.829102,149.852844,0.009317359398834624,True,False,0.0,-1.7014863382092904e-11,297928.3503563384,297928.3503563384,1,1.0
2021-08-06,123.727547,149.106949,0.00955732147892974,True,False,0.0,-1.7014863382092904e-11,292952.45205951104,292952.45205951104,1,1.0
2021-08-09,123.283821,148.60112,0.009593572726595894,True,False,0.0,-1.7014863382092904e-11,291901.8321862943,291901.8321862943,1,1.0
2021-08-10,122.714546,146.87561,0.00948225980129866,True,False,0.0,-1.7014863382092904e-11,290553.9471664274,290553.9471664274,1,1.0
2021-08-11,122.63916,146.373001,0.009137711476312779,True,False,0.0,-1.7014863382092904e-11,290375.4540653643,290375.4540653643,1,1.0
2021-08-12,122.438217,144.801208,0.008763086160330676,True,False,0.0,-1.7014863382092904e-11,289899.67687587393,289899.67687587393,1,1.0
2021-08-13,124.372246,145.710327,0.00948784105401341,True,False,0.0,-1.7014863382092904e-11,294478.92015388224,294478.92015388224,1,1.0
2021-08-16,124.67363,145.169327,0.0080587388472053,True,False,0.0,-1.7014863382092904e-11,295192.51372259256,295192.51372259256,1,1.0
2021-08-17,124.623405,142.358536,0.007781847101985505,True,False,0.0,-1.7014863382092904e-11,295073.594878233,295073.594878233,1,1.0
2021-08-18,125.042053,140.476242,0.0072431255033852905,True,False,0.0,-1.7014863382092904e-11,296064.83701568365,296064.83701568365,1,1.0
2021-08-19,125.962997,141.628708,0.007122585214315602,True,False,0.0,-1.7014863382092904e-11,298245.3765119487,298245.3765119487,1,1.0
2021-08-20,126.046715,142.691528,0.006924425190492315,True,False,0.0,-1.7014863382092904e-11,298443.59747386206,298443.59747386206,1,1.0
2021-08-23,125.962997,146.709122,0.006878406677445584,True,False,0.0,-1.7014863382092904e-11,298245.3765119487,298245.3765119487,1,1.0
2021-08-24,124.983429,146.709122,0.006735595613985068,True,False,0.0,-1.7014863382092904e-11,295926.0316730906,295926.0316730906,1,1.0
2021-08-25,123.945236,147.826431,0.006985074434084637,True,False,0.0,-1.7014863382092904e-11,293467.87912391714,293467.87912391714,1,1.0
2021-08-26,124.288521,147.964066,0.006914057519211648,True,False,0.0,-1.7014863382092904e-11,294280.68261791393,294280.68261791393,1,1.0
2021-08-27,125.134148,150.787628,0.0070048318812063835,True,False,0.0,-1.7014863382092904e-11,296282.89238594344,296282.89238594344,1,1.0
2021-08-30,125.460716,151.088547,0.00672299916987221,True,False,0.0,-1.7014863382092904e-11,297056.1146689664,297056.1146689664,1,1.0
2021-08-31,124.606689,149.881653,0.006876432469582591,True,False,0.0,-1.7014863382092904e-11,295034.0160349813,295034.0160349813,1,1.0
2021-09-01,124.815422,149.065308,0.006869101371194536,True,False,0.0,-1.7014863382092904e-11,295528.2377799233,295528.2377799233,1,1.0
2021-09-02,125.360283,149.62233,0.006872439760146644,True,False,0.0,-1.7014863382092904e-11,296818.3172315235,296818.3172315235,1,1.0
2021-09-03,124.220207,150.742813,0.006057075045857148,True,False,0.0,-1.7014863382092904e-11,294118.93404780776,294118.93404780776,1,1.0
2021-09-07,123.172333,150.188995,0.006310727346485132,True,False,0.0,-1.7014863382092904e-11,291637.85958062054,291637.85958062054,1,1.0
2021-09-08,124.010597,148.264984,0.006389895072862293,True,False,0.0,-1.7014863382092904e-11,293622.6358105511,293622.6358105511,1,1.0
2021-09-09,125.5112,148.786804,0.006877901417301386,True,False,0.0,-1.7014863382092904e-11,297175.64675335964,297175.64675335964,1,1.0
2021-09-10,124.404655,149.968063,0.0072134153886946085,True,False,0.0,-1.7014863382092904e-11,294555.6556606389,294555.6556606389,1,1.0
2021-09-13,125.159172,151.405457,0.006449289018894203,True,False,0.0,-1.7014863382092904e-11,296342.14226471406,296342.14226471406,1,1.0
2021-09-14,126.676468,151.411835,0.006954394448061614,True,False,0.0,-1.7014863382092904e-11,299934.67759316514,299934.67759316514,1,1.0
2021-09-15,126.232193,152.282654,0.007017132625506667,True,False,0.0,-1.7014863382092904e-11,298882.75784049486,298882.75784049486,1,1.0
2021-09-16,125.653763,152.573898,0.007080160675905078,True,False,0.0,-1.7014863382092904e-11,297513.19632445846,297513.19632445846,1,1.0
2021-09-17,125.050186,150.140961,0.0069597645497449165,True,False,0.0,-1.7014863382092904e-11,296084.0936998285,296084.0936998285,1,1.0
2021-09-20,126.600983,146.42421,0.0075165704236576,True,False,0.0,-1.7014863382092904e-11,299755.9500876104,299755.9500876104,1,1.0
2021-09-21,126.492043,146.8564,0.0075179144839040415,True,False,0.0,-1.7014863382092904e-11,299498.0104379432,299498.0104379432,1,1.0
2021-09-22,127.246475,149.904022,0.00737367652305721,True,False,0.0,-1.7014863382092904e-11,301284.2957856367,301284.2957856367,1,1.0
2021-09-23,124.371132,151.901657,0.00888930695580378,True,False,0.0,-1.7014863382092904e-11,294476.282511421,294476.282511421,1,1.0
2021-09-24,123.155586,151.727448,0.009138080372049016,True,False,0.0,-1.7014863382092904e-11,291598.2073379826,291598.2073379826,1,1.0
2021-09-27,122.702896,151.358322,0.009000332024821164,True,False,0.0,-1.7014863382092904e-11,290526.36320352467,290526.36320352467,1,1.0
2021-09-28,120.791504,145.437546,0.009531489918473059,True,False,0.0,-1.7014863382092904e-11,286000.7180515446,286000.7180515446,1,1.0
2021-09-29,121.001167,143.143021,0.009490452645321444,True,False,0.0,-1.7014863382092904e-11,286497.1417780746,286497.1417780746,1,1.0
2021-09-30,120.984344,143.085236,0.00946749589410293,True,False,0.0,-1.7014863382092904e-11,286457.3095885542,286457.3095885542,1,1.0
2021-10-01,122.002518,143.178238,0.009641012228060438,True,False,0.0,-1.7014863382092904e-11,288868.0627082555,288868.0627082555,1,1.0
2021-10-04,121.691956,139.491013,0.009472335956125535,True,False,0.0,-1.7014863382092904e-11,288132.73818576656,288132.73818576656,1,1.0
2021-10-05,120.516838,141.602631,0.009527136769438662,True,False,0.0,-1.7014863382092904e-11,285350.385282906,285350.385282906,1,1.0
2021-10-06,121.196739,142.154587,0.009480221039849513,True,False,0.0,-1.7014863382092904e-11,286960.201931964,286960.201931964,1,1.0
2021-10-07,119.929268,143.816895,0.009166093736068989,True,False,0.0,-1.7014863382092904e-11,283959.18278653215,283959.18278653215,1,1.0
2021-10-08,119.089928,142.343918,0.0091058197495689,True,False,0.0,-1.7014863382092904e-11,281971.8588875816,281971.8588875816,1,1.0
2021-10-11,118.787712,141.390808,0.00889741307280681,True,False,0.0,-1.7014863382092904e-11,281256.29537405283,281256.29537405283,1,1.0
2021-10-12,120.81897,139.625809,0.009377525712824217,True,False,0.0,-1.7014863382092904e-11,286065.7499077752,286065.7499077752,1,1.0
2021-10-13,121.994133,140.431274,0.00974930663092701,True,False,0.0,-1.7014863382092904e-11,288848.209358132,288848.209358132,1,1.0
2021-10-14,122.447403,144.789261,0.009796600891588304,True,False,0.0,-1.7014863382092904e-11,289921.4267714297,289921.4267714297,1,1.0
2021-10-15,121.733894,145.755219,0.009818752866101895,True,False,0.0,-1.7014863382092904e-11,288232.0357167721,288232.0357167721,1,1.0
2021-10-18,122.304688,146.929764,0.009398337757422218,True,False,0.0,-1.7014863382092904e-11,289583.51730656595,289583.51730656595,1,1.0
2021-10-19,120.617592,148.730103,0.009779063926590871,True,False,0.0,-1.7014863382092904e-11,285588.942759155,285588.942759155,1,1.0
2021-10-20,119.803337,148.422012,0.009621555149723774,True,False,0.0,-1.7014863382092904e-11,283661.0131700255,283661.0131700255,1,1.0
2021-10-21,119.660622,149.917465,0.008413817966730193,True,False,0.0,-1.7014863382092904e-11,283323.1037051617,283323.1037051617,1,1.0
2021-10-22,120.978493,148.235886,0.00866692383315664,True,False,0.0,-1.7014863382092904e-11,286443.45604632725,286443.45604632725,1,1.0
2021-10-25,120.793846,149.253174,0.008643766836524108,True,False,0.0,-1.7014863382092904e-11,286006.2632567908,286006.2632567908,1,1.0
2021-10-26,121.792648,149.365509,0.008110378184286223,True,False,0.0,-1.7014863382092904e-11,288371.14886324306,288371.14886324306,1,1.0
2021-10-27,124.008652,148.29364,0.009018042718650282,True,False,0.0,-1.7014863382092904e-11,293618.0305909935,293618.0305909935,1,1.0
2021-10-28,123.588898,151.637589,0.009073118515807136,True,False,0.0,-1.7014863382092904e-11,292624.16975285864,292624.16975285864,1,1.0
2021-10-29,123.966652,152.314697,0.008924003029311447,True,False,0.0,-1.7014863382092904e-11,293518.58626121545,293518.58626121545,1,1.0
2021-11-01,123.074066,154.798523,0.00907633615895374,True,False,0.0,-1.7014863382092904e-11,291405.19062932767,291405.19062932767,1,1.0
2021-11-02,123.620346,156.724014,0.008780149405478853,True,False,0.0,-1.7014863382092904e-11,292698.62987864105,292698.62987864105,1,1.0
2021-11-03,122.342903,158.530746,0.00908692432899804,True,False,0.0,-1.7014863382092904e-11,289673.9998080533,289673.9998080533,1,1.0
2021-11-04,123.628784,163.864304,0.008961750758780725,True,False,0.0,-1.7014863382092904e-11,292718.6087180379,292718.6087180379,1,1.0
2021-11-05,125.47776,165.683884,0.009195675935389232,True,False,0.0,-1.7014863382092904e-11,297096.4701250792,297096.4701250792,1,1.0
2021-11-08,125.242477,167.923828,0.009177268955632163,True,False,0.0,-1.7014863382092904e-11,296539.38535738457,296539.38535738457,1,1.0
2021-11-09,126.87291,167.923828,0.00888671944264576,True,False,0.0,-1.7014863382092904e-11,300399.7976653142,300399.7976653142,1,1.0
2021-11-10,124.553246,162.972168,0.009854943678644083,True,False,0.0,-1.7014863382092904e-11,294907.477860783,294907.477860783,1,1.0
2021-11-11,124.368378,166.418762,0.009849298084452377,True,False,0.0,-1.7014863382092904e-11,294469.76180465415,294469.76180465415,1,1.0
2021-11-12,123.822075,168.045807,0.009803444777253645,True,False,0.0,-1.7014863382092904e-11,293176.2680977315,293176.2680977315,1,1.0
2021-11-15,122.267296,167.920654,0.01020394513454193,True,False,0.0,-1.7014863382092904e-11,289494.98344039783,289494.98344039783,1,1.0
2021-11-16,121.956329,170.43663,0.009694678260067159,True,False,0.0,-1.7014863382092904e-11,288758.6999904431,288758.6999904431,1,1.0
2021-11-17,122.922821,169.249252,0.009666086100169238,True,False,0.0,-1.7014863382092904e-11,291047.0844946304,291047.0844946304,1,1.0
2021-11-18,123.385071,172.079681,0.00966263470151037,True,False,0.0,-1.7014863382092904e-11,292141.5640527236,292141.5640527236,1,1.0
2021-11-19,124.687714,172.557846,0.009639991968921935,True,False,0.0,-1.7014863382092904e-11,295225.8607211781,295225.8607211781,1,1.0
2021-11-22,123.225349,170.057892,0.010074067150052669,True,False,0.0,-1.7014863382092904e-11,291763.3867374661,291763.3867374661,1,1.0
2021-11-23,121.443649,169.374374,0.010493130839591193,True,False,0.0,-1.7014863382092904e-11,287544.8162049522,287544.8162049522,1,1.0
2021-11-26,126.511482,166.470108,0.013413906603225667,True,False,0.0,-1.7014863382092904e-11,299544.03658857546,299544.03658857546,1,1.0
2021-11-29,125.494568,172.869125,0.013534788396978635,True,False,0.0,-1.7014863382092904e-11,297136.2667987675,297136.2667987675,1,1.0
2021-11-30,127.402382,169.839706,0.013904356550849905,True,False,0.0,-1.7014863382092904e-11,301653.4402409393,301653.4402409393,1,1.0
2021-12-01,128.188293,168.482208,0.013790498990345412,True,False,0.0,-1.7014863382092904e-11,303514.25911380147,303514.25911380147,1,1.0
2021-12-02,128.34816,168.726151,0.01377978890644785,True,False,0.0,-1.7014863382092904e-11,303892.7797487689,303892.7797487689,1,1.0
2021-12-03,129.879639,168.299347,0.01363492989685625,True,False,0.0,-1.7014863382092904e-11,307518.89648029715,307518.89648029715,1,1.0
2021-12-06,128.095718,168.08429,0.014011211305427996,True,False,0.0,-1.7014863382092904e-11,303295.0672369157,303295.0672369157,1,1.0
2021-12-07,127.060669,176.56601,0.013823218489414413,True,False,0.0,-1.7014863382092904e-11,300844.3588061428,300844.3588061428,1,1.0
2021-12-08,124.864502,175.41713,0.014397407672722795,True,False,0.0,-1.7014863382092904e-11,295644.4455824354,295644.4455824354,1,1.0
2021-12-09,125.562889,171.38327,0.01413712509534801,True,False,0.0,-1.7014863382092904e-11,297298.0319429286,297298.0319429286,1,1.0
2021-12-10,125.259956,173.000656,0.013507173090113336,True,False,0.0,-1.7014863382092904e-11,296580.7707726272,296580.7707726272,1,1.0
2021-12-13,127.111198,168.392319,0.013874003793238837,True,False,0.0,-1.7014863382092904e-11,300963.99743803224,300963.99743803224,1,1.0
2021-12-14,126.808281,167.582275,0.01383926954851481,True,False,0.0,-1.7014863382092904e-11,300246.774151285,300246.774151285,1,1.0
2021-12-15,125.588142,173.734528,0.013698405936158651,True,False,0.0,-1.7014863382092904e-11,297357.82403006876,297357.82403006876,1,1.0
2021-12-16,125.637062,166.155106,0.013670266893611028,True,False,0.0,-1.7014863382092904e-11,297473.65299703885,297473.65299703885,1,1.0
2021-12-17,127.060669,165.762939,0.013773909855429159,True,False,0.0,-1.7014863382092904e-11,300844.3588061428,300844.3588061428,1,1.0
2021-12-20,126.108772,164.464417,0.013913493675484685,True,False,0.0,-1.7014863382092904e-11,298590.53120655345,298590.53120655345,1,1.0
2021-12-21,125.628616,170.398041,0.013771421053624557,True,False,0.0,-1.7014863382092904e-11,297453.6552158649,297453.6552158649,1,1.0
2021-12-22,126.209908,172.169128,0.0134940678517825,True,False,0.0,-1.7014863382092904e-11,298829.99315265904,298829.99315265904,1,1.0
2021-12-23,125.114746,173.834152,0.013194557001040958,True,False,0.0,-1.7014863382092904e-11,296236.95384103025,296236.95384103025,1,1.0
2021-12-27,125.417969,178.597809,0.009411277852594303,True,False,0.0,-1.7014863382092904e-11,296954.90165075153,296954.90165075153,1,1.0
2021-12-28,124.920982,176.627411,0.009279916539555918,True,False,0.0,-1.7014863382092904e-11,295778.17452876555,295778.17452876555,1,1.0
2021-12-29,123.556259,176.89743,0.008835650735897557,True,False,0.0,-1.7014863382092904e-11,292546.8896700104,292546.8896700104,1,1.0
2021-12-30,124.592438,174.89595,0.008949380371816312,True,False,0.0,-1.7014863382092904e-11,295000.27362679876,295000.27362679876,1,1.0
2021-12-31,124.836777,174.368607,0.008961979841563711,True,False,0.0,-1.7014863382092904e-11,295578.8004861712,295578.8004861712,1,1.0
2022-01-03,121.559761,177.834656,0.010032271869904264,True,False,-1.0100887150639278e-15,-1.7015873470807968e-11,287819.73715779005,287819.73715779005,1,1.0
2022-01-04,121.054291,177.288055,0.009726988263203937,True,False,-1.0101486790606634e-15,-1.7016883619487028e-11,286622.92464891105,286622.92464891105,1,1.0
2022-01-05,120.39727,171.26593,0.009668754563986352,True,False,-1.0102086466171664e-15,-1.7017893828133646e-11,285067.2814823607,285067.2814823607,1,1.0
2022-01-06,120.708931,172.597046,0.009080644061968839,True,False,-1.0102686177336482e-15,-1.7018904096751378e-11,285805.2081314788,285805.2081314788,1,1.0
2022-01-07,119.841232,167.590958,0.008991699307568877,True,False,-1.0103285924103198e-15,-1.701991442534379e-11,283750.7380004288,283750.7380004288,1,1.0
2022-01-10,120.13607,167.651993,0.009055107325078809,True,False,-1.0103885706473932e-15,-1.7020924813914435e-11,284448.83246002655,284448.83246002655,1,1.0
2022-01-11,120.936317,170.806168,0.008429178506839451,True,False,-1.010448552445079e-15,-1.702193526246688e-11,286343.594997453,286343.594997453,1,1.0
2022-01-12,120.473038,172.060074,0.008434488678634994,True,False,-1.0105085378035892e-15,-1.7022945771004684e-11,285246.67905328027,285246.67905328027,1,1.0
2022-01-13,121.542923,168.04425,0.008627059302188851,True,False,-1.0105685267231351e-15,-1.7023956339531407e-11,287779.8694524376,287779.8694524376,1,1.0
2022-01-14,119.706474,172.066528,0.009126097250754327,True,False,-1.0106285192039278e-15,-1.7024966968050612e-11,283431.6685006137,283431.6685006137,1,1.0
2022-01-18,118.021614,164.375671,0.008888226362875125,True,False,-1.010688515246179e-15,-1.7025977656565857e-11,279442.3881799024,279442.3881799024,1,1.0
2022-01-19,118.838806,159.539978,0.009142423648349378,True,False,-1.0107485148501e-15,-1.7026988405080706e-11,281377.27176895,281377.27176895,1,1.0
2022-01-20,119.571663,154.537094,0.009362665532107784,True,False,-1.0108085180159022e-15,-1.7027999213598723e-11,283112.4735115254,283112.4735115254,1,1.0
2022-01-21,120.995331,151.964828,0.009780166503887133,True,False,-1.0108685247437972e-15,-1.7029010082123466e-11,286483.3237516797,286483.3237516797,1,1.0
2022-01-24,120.001328,153.701096,0.009764142778254452,True,False,-1.010928535033996e-15,-1.70300210106585e-11,284129.80084376567,284129.80084376567,1,1.0
2022-01-25,119.80751,147.965134,0.009707630432928454,False,False,-1.010988548886711e-15,-1.7031031999207386e-11,283670.8936745055,283670.8936745055,1,1.0
2022-01-26,118.358589,150.238297,0.009952340676574807,True,False,-1.0110485663021528e-15,-1.703204304777369e-11,280240.2513472111,280240.2513472111,1,1.0
2022-01-27,120.532005,143.550613,0.01077831181599291,False,False,-1.011108587280533e-15,-1.703305415636097e-11,285386.29652456654,285386.29652456654,1,1.0
2022-01-28,120.574173,146.302841,0.010549671489686526,False,False,-1.0111686118220639e-15,-1.7034065324972792e-11,285486.13863166375,285486.13863166375,1,1.0
2022-01-31,119.950752,154.160889,0.010542349835804408,True,False,-1.0112286399269561e-15,-1.7035076553612718e-11,284010.05092893576,284010.05092893576,1,1.0
2022-02-01,119.552582,155.443771,0.008828666366993696,True,False,-1.0112886715954214e-15,-1.7036087842284313e-11,283067.29500541836,283067.29500541836,1,1.0
2022-02-02,119.957466,159.369583,0.008839945199667684,True,False,-1.0113487068276718e-15,-1.703709919099114e-11,284025.9478153674,284025.9478153674,1,1.0
2022-02-03,119.021133,152.434311,0.008926806757654183,True,False,-1.0114087456239184e-15,-1.7038110599736764e-11,281808.97144312726,281808.97144312726,1,1.0
2022-02-04,117.266525,153.308823,0.009438756543429844,True,False,-1.0114687879843729e-15,-1.7039122068524748e-11,277654.54723876447,277654.54723876447,1,1.0
2022-02-07,117.342438,153.222061,0.009349190934143818,True,False,-1.0115288339092469e-15,-1.7040133597358657e-11,277834.28812939406,277834.28812939406,1,1.0
2022-02-08,116.557861,157.096375,0.009392589408922687,True,False,-1.011588883398752e-15,-1.7041145186242056e-11,275976.6277978634,275976.6277978634,1,1.0
2022-02-09,116.777161,162.250397,0.009234164787046577,True,False,-1.0116489364530997e-15,-1.704215683517851e-11,276495.8692626332,276495.8692626332,1,1.0
2022-02-10,114.921341,157.192871,0.009765601247907603,True,False,-1.011708993072502e-15,-1.704316854417158e-11,272101.80316528236,272101.80316528236,1,1.0
2022-02-11,116.625381,149.193344,0.010199204501971341,False,False,-1.0117690532571698e-15,-1.7044180313224837e-11,276136.49639659235,276136.49639659235,1,1.0
2022-02-14,115.1744,149.334808,0.010032056697110697,False,False,-1.0118291170073156e-15,-1.7045192142341846e-11,272700.97656169446,272700.97656169446,1,1.0
2022-02-15,113.866844,157.575455,0.009872608039379173,True,False,-1.0118891843231507e-15,-1.7046204031526168e-11,269605.04727437795,269605.04727437795,1,1.0
2022-02-16,114.541695,157.626907,0.009829075497312928,True,False,-1.0119492552048866e-15,-1.7047215980781374e-11,271202.9069266413,271202.9069266413,1,1.0
2022-02-17,115.393723,151.707672,0.009887002282009586,True,False,-1.0120093296527353e-15,-1.7048227990111027e-11,273220.27248407336,273220.27248407336,1,1.0
2022-02-18,116.608467,150.013275,0.009792390389385421,False,False,-1.0120694076669084e-15,-1.7049240059518695e-11,276096.44874435745,276096.44874435745,1,1.0
2022-02-22,116.912186,149.100128,0.009719294775815809,False,False,-1.0121294892476176e-15,-1.705025218900794e-11,276815.570944259,276815.570944259,1,1.0
2022-02-23,115.300926,145.547256,0.01011853854380506,False,False,-1.0121895743950745e-15,-1.7051264378582337e-11,273000.554972873,273000.554972873,1,1.0
2022-02-24,115.376823,150.871689,0.009837219564673462,False,False,-1.012249663109491e-15,-1.7052276628245447e-11,273180.2579799484,273180.2579799484,1,1.0
2022-02-25,115.461212,153.386002,0.008730638504044203,True,False,-1.0123097553910787e-15,-1.7053288938000836e-11,273380.06768341607,273380.06768341607,1,1.0
2022-02-28,117.991959,152.453568,0.010226822674812813,True,False,-1.0123698512400495e-15,-1.7054301307852077e-11,279372.1733799126,279372.1733799126,1,1.0
2022-03-01,119.356194,146.92659,0.010549754825598468,False,False,-1.0124299506566153e-15,-1.7055313737802732e-11,282602.30279026466,282602.30279026466,1,1.0
2022-03-02,115.276237,151.598312,0.013075093234686749,False,False,-1.0124900536409873e-15,-1.7056326227856373e-11,272942.09828101844,272942.09828101844,1,1.0
2022-03-03,116.450378,148.418488,0.013301734522912815,False,False,-1.0125501601933782e-15,-1.7057338778016566e-11,275722.13791935064,275722.13791935064,1,1.0
2022-03-04,118.460762,144.479843,0.013834101555043174,False,False,-1.0126102703139992e-15,-1.705835138828688e-11,280482.1686211733,280482.1686211733,1,1.0
2022-03-07,117.556953,137.232697,0.013524163298120442,False,False,-1.0126703840030623e-15,-1.7059364058670882e-11,278342.2000437355,278342.2000437355,1,1.0
2022-03-08,116.374374,139.862747,0.013714832945946004,False,False,-1.0127305012607793e-15,-1.7060376789172143e-11,275542.18156600656,275542.18156600656,1,1.0
2022-03-09,115.233994,145.724075,0.013808295680050075,False,False,-1.012790622087362e-15,-1.706138957979423e-11,272842.07859476097,272842.07859476097,1,1.0
2022-03-10,113.578392,142.733917,0.014135727193439956,False,False,-1.0128507464830226e-15,-1.7062402430540715e-11,268922.0730883507,268922.0730883507,1,1.0
2022-03-11,113.958511,139.669815,0.01373838935677212,False,False,-1.0129108744479725e-15,-1.7063415341415164e-11,269822.0892595629,269822.0892595629,1,1.0
2022-03-14,111.297745,135.149185,0.014182753951379442,False,False,-1.0129710059824239e-15,-1.7064428312421145e-11,263522.13469846116,263522.13469846116,1,1.0
2022-03-15,111.103409,141.361023,0.01397882421645607,False,False,-1.0130311410865885e-15,-1.7065441343562233e-11,263062.0010491338,263062.0010491338,1,1.0
2022-03-16,112.193108,148.64035,0.014013949220032991,False,False,-1.0130912797606786e-15,-1.7066454434841995e-11,265642.105494725,265642.105494725,1,1.0
2022-03-17,111.35685,149.556671,0.013999410569446128,False,False,-1.0131514220049056e-15,-1.7067467586264e-11,263662.0789154024,263662.0789154024,1,1.0
2022-03-18,112.716812,152.476089,0.014194743355929663,True,False,-1.0132115678194818e-15,-1.706848079783182e-11,266882.0910490606,266882.0910490606,1,1.0
2022-03-21,110.106689,152.173874,0.014744380458757006,False,False,-1.0132717172046192e-15,-1.7069494069549027e-11,260702.04504017194,260702.0450401719,1,1.0000000000000002
2022-03-22,108.696037,153.016296,0.014848589087366292,True,False,-1.0133318701605293e-15,-1.7070507401419188e-11,257362.01307136024,257362.0130713602,1,1.0000000000000002
2022-03-23,111.078094,149.161194,0.015664847900200552,False,False,-1.0133920266874247e-15,-1.7071520793445874e-11,263002.06216322107,263002.06216322107,1,1.0
2022-03-24,110.208046,156.69104,0.01570842565536806,True,False,-1.0134521867855168e-15,-1.707253424563266e-11,260942.0302528699,260942.03025286988,1,1.0000000000000002
2022-03-25,108.679123,156.336639,0.01590230329758443,True,False,-1.013512350455018e-15,-1.7073547757983117e-11,257321.96541912534,257321.9654191253,1,1.0000000000000002
2022-03-28,109.608284,157.551117,0.015076591554656555,True,False,-1.0135725176961404e-15,-1.7074561330500814e-11,259521.96048819483,259521.9604881948,1,1.0000000000000002
2022-03-29,110.436104,161.16217,0.014891127479671843,True,False,-1.0136326885090959e-15,-1.707557496318932e-11,261482.00822812057,261482.00822812054,1,1.0000000000000002
2022-03-30,111.297745,156.008087,0.01318661370727102,True,False,-1.0136928628940962e-15,-1.7076588656052216e-11,263522.13469846116,263522.13469846116,1,1.0
2022-03-31,111.568001,152.458221,0.012930967509586234,False,False,-1.0137530408513537e-15,-1.7077602409093067e-11,264162.0258124731,264162.0258124731,1,1.0
2022-04-01,111.992722,149.504257,0.012209885535909248,False,False,-1.0138132223810802e-15,-1.707861622231545e-11,265167.6471264653,265167.6471264653,1,1.0
2022-04-04,111.214394,151.933136,0.012196517651079016,False,False,-1.0138734074834884e-15,-1.7079630095722934e-11,263324.7826905723,263324.7826905723,1,1.0
2022-04-05,108.70179,144.939667,0.012911711722293662,False,False,-1.01393359615879e-15,-1.708064402931909e-11,257375.63457681768,257375.63457681765,1,1.0000000000000002
2022-04-06,107.821968,141.335007,0.012872231800706641,False,False,-1.0139937884071968e-15,-1.70816580231075e-11,255292.46055029388,255292.46055029385,1,1.0000000000000002
2022-04-07,107.009811,141.644287,0.012648052529902509,False,False,-1.0140539842289213e-15,-1.7082672077091726e-11,253369.49844220895,253369.49844220892,1,1.0000000000000002
2022-04-08,105.8508,138.129837,0.012674081218136669,False,False,-1.0141141836241754e-15,-1.708368619127535e-11,250625.2824398183,250625.28243981826,1,1.0000000000000002
2022-04-11,104.175705,135.291824,0.012143870109707251,False,False,-1.0141743865931715e-15,-1.7084700365661943e-11,246659.1229257803,246659.12292578028,1,1.0000000000000002
2022-04-12,104.031921,134.879532,0.012146622120280325,False,False,-1.0142345931361215e-15,-1.708571460025508e-11,246318.68236595154,246318.6823659515,1,1.0000000000000002
2022-04-13,104.243393,137.781906,0.011828403669587862,False,False,-1.0142948032532378e-15,-1.7086728895058334e-11,246819.38930182837,246819.38930182834,1,1.0000000000000002
2022-04-14,102.153755,133.971115,0.012376526530065223,False,False,-1.0143550169447327e-15,-1.7087743250075277e-11,241871.7071497145,241871.70714971446,1,1.0000000000000002
2022-04-18,101.64621,136.290436,0.011755229205977815,False,False,-1.014415234210818e-15,-1.708875766530949e-11,240669.98161739996,240669.98161739993,1,1.0000000000000002
2022-04-19,100.884834,139.276581,0.010966378508069821,False,False,-1.014475455051706e-15,-1.708977214076454e-11,238867.25480718314,238867.2548071831,1,1.0000000000000002
2022-04-20,102.915215,138.967346,0.01202839382572935,False,False,-1.0145356794676091e-15,-1.7090786676444007e-11,243674.63284859087,243674.63284859085,1,1.0000000000000002
2022-04-21,102.153755,135.259628,0.010594838949692369,False,False,-1.0145959074587393e-15,-1.7091801272351467e-11,241871.7071497145,241871.70714971446,1,1.0000000000000002
2022-04-22,101.510864,132.250931,0.01057217619691245,False,False,-1.0146561390253092e-15,-1.7092815928490494e-11,240349.519896968,240349.51989696798,1,1.0000000000000002
2022-04-25,102.526024,134.486496,0.010749614142517362,False,False,-1.0147163741675308e-15,-1.709383064486466e-11,242753.1367021467,242753.13670214667,1,1.0000000000000002
2022-04-26,103.558159,128.52388,0.010838622390165994,False,False,-1.0147766128856162e-15,-1.7094845421477546e-11,245196.94559061065,245196.94559061062,1,1.0000000000000002
2022-04-27,102.229935,127.821632,0.01077319073208867,False,False,-1.014836855179778e-15,-1.7095860258332724e-11,242052.0802221548,242052.08022215476,1,1.0000000000000002
2022-04-28,102.382225,134.866638,0.010504374125297058,False,False,-1.0148971010502282e-15,-1.7096875155433774e-11,242412.66062648583,242412.6606264858,1,1.0000000000000002
2022-04-29,101.054008,129.103699,0.010562743592753979,False,False,-1.0149573504971795e-15,-1.709789011278427e-11,239267.81183208493,239267.8118320849,1,1.0000000000000002
2022-05-02,99.302376,133.413803,0.010706212277713968,False,False,-1.015017603520844e-15,-1.709890513038779e-11,235120.43396880355,235120.43396880353,1,1.0000000000000002
2022-05-03,99.971794,134.518707,0.011073053786330955,False,False,-1.0150778601214338e-15,-1.7099920208247912e-11,236705.42978669345,236705.42978669342,1,1.0000000000000002
2022-05-04,100.522644,139.737274,0.010512037737668114,False,False,-1.0151381202991616e-15,-1.710093534636821e-11,238009.68952617556,238009.68952617553,1,1.0000000000000002
2022-05-05,97.768471,132.969299,0.011770232263053635,False,False,-1.0151983840542399e-15,-1.7101950544752267e-11,231488.57314336958,231488.57314336955,1,1.0000000000000002
2022-05-06,96.32785,131.783813,0.011968116032279588,False,False,-1.0152586513868805e-15,-1.7102965803403655e-11,228077.5829098169,228077.58290981688,1,1.0000000000000002
2022-05-09,97.175285,125.073845,0.0122837881797495,False,False,-1.0153189222972964e-15,-1.7103981122325952e-11,230084.07351947116,230084.07351947113,1,1.0000000000000002
2022-05-10,98.056625,127.918251,0.012304080468824077,False,False,-1.0153791967856992e-15,-1.710499650152274e-11,232170.84174819977,232170.84174819975,1,1.0000000000000002
2022-05-11,99.946411,124.139664,0.013262260736589704,False,False,-1.015439474852302e-15,-1.7106011940997593e-11,236645.32989567542,236645.3298956754,1,1.0000000000000002
2022-05-12,99.759987,124.89344,0.013228458979382924,False,False,-1.0154997564973172e-15,-1.710702744075409e-11,236203.9296639005,236203.92966390046,1,1.0000000000000002
2022-05-13,98.285431,131.268417,0.012893662410195572,False,False,-1.015560041720957e-15,-1.710804300079581e-11,232712.59077960934,232712.5907796093,1,1.0000000000000002
2022-05-16,98.183746,129.27121,0.01287470021224228,False,False,-1.0156203305234337e-15,-1.7109058621126334e-11,232471.8289540502,232471.82895405017,1,1.0000000000000002
2022-05-17,96.99733,135.549561,0.013025312163186496,False,False,-1.01568062290496e-15,-1.711007430174924e-11,229662.72552647933,229662.7255264793,1,1.0000000000000002
2022-05-18,99.065086,128.717133,0.013130792818135804,False,False,-1.0157409188657482e-15,-1.7111090042668104e-11,234558.59718277885,234558.59718277882,1,1.0000000000000002
2022-05-19,99.302376,127.937576,0.013097058731410802,False,False,-1.0158012184060111e-15,-1.711210584388651e-11,235120.43396880355,235120.43396880353,1,1.0000000000000002
2022-05-20,100.429466,127.869926,0.013339656531517672,False,False,-1.015861521525961e-15,-1.7113121705408038e-11,237789.0699128408,237789.06991284076,1,1.0000000000000002
2022-05-23,98.776939,128.420807,0.013559980890237114,False,False,-1.0159218282258104e-15,-1.7114137627236263e-11,233876.34515200357,233876.34515200355,1,1.0000000000000002
2022-05-24,100.726059,125.29287,0.014153339358191078,False,False,-1.0159821385057718e-15,-1.711515360937477e-11,238491.31972479,238491.31972478997,1,1.0000000000000002
2022-05-25,101.124313,127.547813,0.013931200666479182,False,False,-1.0160424523660575e-15,-1.7116169651827134e-11,239434.27453696702,239434.274536967,1,1.0000000000000002
2022-05-26,100.666718,132.531158,0.013950056437861165,False,False,-1.0161027698068805e-15,-1.711718575459694e-11,238350.81672542426,238350.81672542423,1,1.0000000000000002
2022-05-27,100.912506,137.981659,0.013663419278832153,False,False,-1.0161630908284532e-15,-1.711820191768777e-11,238932.77441417405,238932.77441417403,1,1.0000000000000002
2022-05-31,98.776939,137.272964,0.013950202814347331,False,False,-1.016223415430988e-15,-1.7119218141103198e-11,233876.34515200357,233876.34515200355,1,1.0000000000000002
2022-06-01,98.664017,135.095306,0.013853484848926461,False,False,-1.0162837436146977e-15,-1.7120234424846813e-11,233608.97723278456,233608.97723278453,1,1.0000000000000002
2022-06-02,98.714989,139.801682,0.013781642205774054,False,False,-1.0163440753797948e-15,-1.7121250768922194e-11,233729.66476558094,233729.6647655809,1,1.0000000000000002
2022-06-03,98.502747,135.620407,0.012258746321333574,False,False,-1.016404410726492e-15,-1.712226717333292e-11,233227.13468365814,233227.1346836581,1,1.0000000000000002
2022-06-06,96.685997,135.85556,0.012531133600185812,False,False,-1.0164647496550018e-15,-1.7123283638082575e-11,228925.5754902223,228925.57549022228,1,1.0000000000000002
2022-06-07,97.730179,136.941162,0.012610130165747586,False,False,-1.0165250921655368e-15,-1.712430016317474e-11,231397.90832727763,231397.9083272776,1,1.0000000000000002
2022-06-08,96.864288,134.025864,0.01259304962682095,False,False,-1.0165854382583098e-15,-1.7125316748612998e-11,229347.71903785234,229347.7190378523,1,1.0000000000000002
2022-06-09,97.186882,130.221573,0.011760917973810467,False,False,-1.0166457879335333e-15,-1.712633339440093e-11,230111.53199310057,230111.53199310054,1,1.0000000000000002
2022-06-10,96.584137,125.595207,0.011810217559209529,False,False,-1.0167061411914202e-15,-1.7127350100542122e-11,228684.3993132891,228684.39931328906,1,1.0000000000000002
2022-06-13,93.553398,118.349205,0.013328753315691194,False,False,-1.0167664980321831e-15,-1.7128366867040156e-11,221508.45148978307,221508.45148978304,1,1.0000000000000002
2022-06-14,92.37339,119.007355,0.013516437029365086,False,False,-1.0168268584560345e-15,-1.7129383693898612e-11,218714.52042566976,218714.52042566973,1,1.0000000000000002
2022-06-15,94.09671,121.052765,0.01415148351513539,False,False,-1.0168872224631874e-15,-1.7130400581121074e-11,222794.86333979218,222794.86333979215,1,1.0000000000000002
2022-06-16,94.843811,113.758339,0.013325684115231029,False,False,-1.0169475900538543e-15,-1.713141752871113e-11,224563.79091649514,224563.7909164951,1,1.0000000000000002
2022-06-17,95.149406,114.219711,0.013341830353199009,False,False,-1.0170079612282479e-15,-1.7132434536672357e-11,225287.35496312677,225287.35496312674,1,1.0000000000000002
2022-06-21,93.536423,117.21035,0.013348546441209825,False,False,-1.017068335986581e-15,-1.7133451605008345e-11,221468.25940649776,221468.25940649773,1,1.0000000000000002
2022-06-22,96.108734,115.987656,0.014620661359937602,False,False,-1.0171287143290668e-15,-1.7134468733722675e-11,227558.77710592045,227558.77710592042,1,1.0000000000000002
2022-06-23,96.898247,115.200462,0.013971888766953794,False,False,-1.0171890962559173e-15,-1.713548592281893e-11,229428.12451392217,229428.12451392214,1,1.0000000000000002
2022-06-24,95.556923,120.30426,0.014146796562247948,False,False,-1.017249481767346e-15,-1.71365031723007e-11,226252.24198546412,226252.2419854641,1,1.0000000000000002
2022-06-27,94.741928,119.975197,0.014200943467719825,False,False,-1.0173098708635652e-15,-1.7137520482171565e-11,224322.56028195278,224322.56028195276,1,1.0000000000000002
2022-06-28,95.18338,117.049049,0.014254259553564593,False,False,-1.017370263544788e-15,-1.713853785243511e-11,225367.79595502868,225367.79595502865,1,1.0000000000000002
2022-06-29,96.669022,114.287437,0.014124238808180168,False,False,-1.017430659811227e-15,-1.713955528309492e-11,228885.383406937,228885.38340693698,1,1.0000000000000002
2022-06-30,97.51796,112.790489,0.014293852442772946,False,False,-1.0174910596630952e-15,-1.7140572774154583e-11,230895.432702964,230895.43270296397,1,1.0000000000000002
2022-07-01,98.519127,108.799706,0.014496207160084418,False,False,-1.0175514631006052e-15,-1.7141590325617682e-11,233265.9179722716,233265.91797227156,1,1.0000000000000002
2022-07-05,99.293205,109.65789,0.014593228031232754,False,False,-1.0176118701239701e-15,-1.7142607937487807e-11,235098.71958907988,235098.71958907985,1,1.0000000000000002
2022-07-06,97.625984,110.193436,0.014482274817430411,False,False,-1.0176722807334032e-15,-1.7143625609768542e-11,231151.2035191532,231151.20351915318,1,1.0000000000000002
2022-07-07,96.766869,115.126244,0.014414000900626311,False,False,-1.0177326949291165e-15,-1.7144643342463472e-11,229117.0579149321,229117.05791493208,1,1.0000000000000002
2022-07-08,95.695068,115.674713,0.014491175486078464,False,False,-1.0177931127113234e-15,-1.7145661135576185e-11,226579.3309601592,226579.33096015916,1,1.0000000000000002
2022-07-11,97.345299,113.009865,0.01500597541741576,False,False,-1.0178535340802368e-15,-1.7146678989110267e-11,230486.61943096848,230486.61943096845,1,1.0000000000000002
2022-07-12,97.923691,113.326027,0.014983225842942977,False,False,-1.0179139590360696e-15,-1.7147696903069304e-11,231856.09097356367,231856.09097356364,1,1.0000000000000002
2022-07-13,99.046547,113.964813,0.013029668944619635,False,False,-1.0179743875790348e-15,-1.7148714877456884e-11,234514.7019820704,234514.70198207037,1,1.0000000000000002
2022-07-14,98.238449,116.381233,0.012783556769880097,False,False,-1.0180348197093452e-15,-1.7149732912276593e-11,232601.35045814188,232601.35045814185,1,1.0000000000000002
2022-07-15,98.791351,119.158974,0.012281255683994656,False,False,-1.0180952554272135e-15,-1.715075100753202e-11,233910.4687634503,233910.46876345028,1,1.0000000000000002
2022-07-18,97.762085,118.778282,0.01253521860714151,False,False,-1.0181556947328532e-15,-1.7151769163226753e-11,231473.45286979902,231473.452869799,1,1.0000000000000002
2022-07-19,97.234726,124.014374,0.012621683254850479,False,False,-1.0182161376264768e-15,-1.715278737936438e-11,230224.8132910506,230224.81329105058,1,1.0000000000000002
2022-07-20,97.489914,127.176048,0.01187475991110438,False,False,-1.018276584108298e-15,-1.715380565594849e-11,230829.02756789362,230829.0275678936,1,1.0000000000000002
2022-07-21,99.174149,129.253693,0.010937562378603834,False,False,-1.0183370341785294e-15,-1.7154823992982668e-11,234816.828062269,234816.82806226896,1,1.0000000000000002
2022-07-22,100.84137,126.069443,0.01136410420051516,False,False,-1.0183974878373836e-15,-1.7155842390470504e-11,238764.34413219566,238764.34413219563,1,1.0000000000000002
2022-07-25,99.854622,125.272606,0.011095006540415989,False,False,-1.0184579450850743e-15,-1.7156860848415588e-11,236427.99904838976,236427.99904838973,1,1.0000000000000002
2022-07-26,99.93119,123.185249,0.01081104635621881,False,False,-1.018518405921814e-15,-1.715787936682151e-11,236609.29079701944,236609.2907970194,1,1.0000000000000002
2022-07-27,99.369774,128.821411,0.010955342887933801,False,False,-1.0185788703478165e-15,-1.7158897945691857e-11,235280.01370543172,235280.0137054317,1,1.0000000000000002
2022-07-28,100.160881,130.408691,0.010595578794086655,False,False,-1.0186393383632943e-15,-1.715991658503022e-11,237153.13526252072,237153.1352625207,1,1.0000000000000002
2022-07-29,99.888641,131.412033,0.010508465166027494,False,False,-1.0186998099684606e-15,-1.716093528484019e-11,236508.54658778783,236508.5465877878,1,1.0000000000000002
2022-08-01,102.294312,131.918518,0.011512682878314938,False,False,-1.0187602851635285e-15,-1.716195404512535e-11,242204.50707020535,242204.50707020532,1,1.0000000000000002
2022-08-02,100.129822,131.66687,0.012527035644259697,False,False,-1.0188207639487112e-15,-1.71629728658893e-11,237079.59618064985,237079.59618064982,1,1.0000000000000002
2022-08-03,101.706322,135.325424,0.01226591321565223,False,False,-1.0188812463242218e-15,-1.7163991747135623e-11,240812.31013053376,240812.31013053373,1,1.0000000000000002
2022-08-04,101.672249,136.302887,0.012013475105718012,False,False,-1.0189417322902733e-15,-1.7165010688867913e-11,240731.6347341402,240731.63473414019,1,1.0000000000000002
2022-08-05,99.25209,135.24147,0.013087069666310921,False,False,-1.0190022218470791e-15,-1.716602969108976e-11,235001.37069339355,235001.37069339352,1,1.0000000000000002
2022-08-08,100.854149,133.196075,0.013022501738412753,False,False,-1.0190627149948522e-15,-1.7167048753804754e-11,238794.60125339174,238794.6012533917,1,1.0000000000000002
2022-08-09,100.462166,127.092186,0.013042729828786303,False,False,-1.019123211733806e-15,-1.716806787701649e-11,237866.4944267394,237866.49442673937,1,1.0000000000000002
2022-08-10,99.805984,132.366959,0.012926769524232036,False,False,-1.0191837120641534e-15,-1.7169087060728554e-11,236312.83777906245,236312.83777906242,1,1.0000000000000002
2022-08-11,97.47953,132.195953,0.013886779207504904,False,False,-1.0192442159861077e-15,-1.717010630494454e-11,230804.44114121704,230804.44114121702,1,1.0000000000000002
2022-08-12,98.468102,136.064133,0.01402402928312609,False,False,-1.0193047234998821e-15,-1.717112560966804e-11,233145.10495020193,233145.1049502019,1,1.0000000000000002
2022-08-15,98.382843,136.570663,0.013815304387392624,False,False,-1.01936523460569e-15,-1.7172144974902644e-11,232943.23532847458,232943.23532847455,1,1.0000000000000002
2022-08-16,98.791901,135.173737,0.013772076651939595,False,False,-1.0194257493037441e-15,-1.7173164400651946e-11,233911.77101062593,233911.7710106259,1,1.0000000000000002
2022-08-17,97.760803,131.908829,0.013990933991250737,False,False,-1.0194862675942582e-15,-1.717418388691954e-11,231470.41745001863,231470.4174500186,1,1.0000000000000002
2022-08-18,97.905647,134.915634,0.01341657524911125,False,False,-1.0195467894774455e-15,-1.7175203433709018e-11,231813.36779531327,231813.36779531324,1,1.0000000000000002
2022-08-19,96.329124,131.273315,0.013197258672779868,False,False,-1.0196073149535194e-15,-1.717622304102397e-11,228080.59938782017,228080.59938782014,1,1.0000000000000002
2022-08-22,96.005295,126.334007,0.013081403297663963,False,False,-1.0196678440226927e-15,-1.7177242708867994e-11,227313.86229573205,227313.86229573202,1,1.0000000000000002
2022-08-23,95.476944,126.963097,0.013087806958820664,False,False,-1.0197283766851793e-15,-1.717826243724468e-11,226062.8739366232,226062.87393662316,1,1.0000000000000002
2022-08-24,94.778221,127.282509,0.013116451122485481,False,False,-1.0197889129411921e-15,-1.717928222615762e-11,224408.49202149172,224408.4920214917,1,1.0000000000000002
2022-08-25,96.099037,131.94754,0.013423570084686622,False,False,-1.0198494527909442e-15,-1.718030207561041e-11,227535.81730435241,227535.8173043524,1,1.0000000000000002
2022-08-26,96.823418,124.462807,0.013591329747020462,False,False,-1.0199099962346496e-15,-1.7181321985606647e-11,229250.95023408975,229250.95023408972,1,1.0000000000000002
2022-08-29,96.022354,121.949623,0.012270691260598352,False,False,-1.0199705432725214e-15,-1.718234195614992e-11,227354.25326767692,227354.2532676769,1,1.0000000000000002
2022-08-30,96.260963,120.53009,0.011544289532053525,False,False,-1.0200310939047729e-15,-1.7183361987243823e-11,227919.2130792011,227919.21307920106,1,1.0000000000000002
2022-08-31,95.340614,119.268669,0.010880096773368387,False,False,-1.0200916481316173e-15,-1.7184382078891955e-11,225740.08237760785,225740.08237760782,1,1.0000000000000002
2022-09-01,93.595116,117.055511,0.011371122967471819,False,False,-1.0201522059532682e-15,-1.718540223109791e-11,221607.22812191836,221607.22812191834,1,1.0000000000000002
2022-09-02,94.124573,115.771492,0.010538357809771037,False,False,-1.0202127673699393e-15,-1.718642244386528e-11,222860.83518171136,222860.83518171133,1,1.0000000000000002
2022-09-06,91.793205,114.435837,0.010712333291139855,False,False,-1.0202733323818435e-15,-1.718744271719766e-11,217340.80355728194,217340.8035572819,1,1.0000000000000002
2022-09-07,93.244965,116.371552,0.011645173631723318,False,False,-1.0203339009891943e-15,-1.718846305109865e-11,220778.16784772498,220778.16784772495,1,1.0000000000000002
2022-09-08,92.288506,118.333076,0.011723203560118358,False,False,-1.0203944731922055e-15,-1.7189483445571845e-11,218513.538699744,218513.53869974398,1,1.0000000000000002
2022-09-09,92.493477,121.172112,0.010830385735458074,False,False,-1.0204550489910904e-15,-1.7190503900620836e-11,218998.8530740045,218998.85307400447,1,1.0000000000000002
2022-09-12,91.733459,121.762489,0.01046747740666268,False,False,-1.0205156283860622e-15,-1.7191524416249222e-11,217199.34163045048,217199.34163045045,1,1.0000000000000002
2022-09-13,91.946953,114.200348,0.010534514192178157,False,False,-1.0205762113773348e-15,-1.71925449924606e-11,217704.8361004895,217704.83610048948,1,1.0000000000000002
2022-09-14,92.262894,115.497261,0.010508654227684123,False,False,-1.0206367979651212e-15,-1.7193565629258565e-11,218452.8966003565,218452.89660035647,1,1.0000000000000002
2022-09-15,92.203133,113.580902,0.01038978640467744,False,False,-1.0206973881496353e-15,-1.7194586326646714e-11,218311.39915769297,218311.39915769294,1,1.0000000000000002
2022-09-16,91.434601,114.261627,0.010403353587835978,False,False,-1.0207579819310905e-15,-1.7195607084628645e-11,216491.7289278597,216491.72892785966,1,1.0000000000000002
2022-09-19,91.648056,114.861694,0.010021009445700549,False,False,-1.0208185793097003e-15,-1.7196627903207953e-11,216997.13105673535,216997.13105673532,1,1.0000000000000002
2022-09-20,90.734337,113.335724,0.010161068260019102,False,False,-1.0208791802856784e-15,-1.7197648782388238e-11,214833.69835291422,214833.6983529142,1,1.0000000000000002
2022-09-21,92.254395,112.190437,0.011020927757934859,False,False,-1.0209397848592382e-15,-1.7198669722173097e-11,218432.77332990925,218432.77332990922,1,1.0000000000000002
2022-09-22,89.897438,109.138451,0.0122319372443022,False,False,-1.0210003930305933e-15,-1.719969072256613e-11,212852.15406370146,212852.15406370143,1,1.0000000000000002
2022-09-23,90.264603,107.676994,0.011723740159241195,False,False,-1.0210610047999574e-15,-1.720071178357093e-11,213721.4987623435,213721.49876234346,1,1.0000000000000002
2022-09-26,88.539612,106.062271,0.011972725469112185,False,False,-1.021121620167544e-15,-1.7201732905191096e-11,209637.1993845292,209637.19938452917,1,1.0000000000000002
2022-09-27,86.208282,107.048355,0.012947963094501594,False,False,-1.0211822391335664e-15,-1.720275408743023e-11,204117.257733541,204117.25773354096,1,1.0000000000000002
2022-09-28,89.094696,108.566414,0.01546771426952802,False,False,-1.021242861698239e-15,-1.720377533029193e-11,210951.4840595418,210951.48405954178,1,1.0000000000000002
2022-09-29,88.633545,105.189743,0.015412895081879978,False,False,-1.0213034878617748e-15,-1.720479663377979e-11,209859.60662807783,209859.6066280778,1,1.0000000000000002
2022-09-30,87.48922,103.386261,0.015182263856705397,False,False,-1.0213641176243875e-15,-1.7205817997897414e-11,207150.16299299957,207150.16299299954,1,1.0000000000000002
2022-10-03,88.879379,106.9608,0.015659863689375476,False,False,-1.0214247509862908e-15,-1.72068394226484e-11,210441.67323204599,210441.67323204596,1,1.0000000000000002
2022-10-04,88.631165,111.97879,0.014763240915673196,False,False,-1.0214853879476985e-15,-1.7207860908036348e-11,209853.9714493904,209853.97144939037,1,1.0000000000000002
2022-10-05,87.783699,112.893517,0.014265339855985529,False,False,-1.0215460285088242e-15,-1.7208882454064857e-11,207847.40744034993,207847.4074403499,1,1.0000000000000002
2022-10-06,87.295769,112.442635,0.01417693884184146,False,False,-1.0216066726698818e-15,-1.7209904060737527e-11,206692.12477776394,206692.1247777639,1,1.0000000000000002
2022-10-07,86.448318,105.695763,0.014207495202195716,False,False,-1.0216673204310849e-15,-1.721092572805796e-11,204685.5962845555,204685.59628455547,1,1.0000000000000002
2022-10-10,85.104385,102.101746,0.014436311646987372,False,False,-1.021727971792647e-15,-1.7211947456029752e-11,201503.5363690405,201503.53636904046,1,1.0000000000000002
2022-10-11,85.481033,99.231071,0.014490104830673426,False,False,-1.021788626754782e-15,-1.7212969244656508e-11,202395.33417671314,202395.3341767131,1,1.0000000000000002
2022-10-12,85.900452,98.267693,0.014531382335977125,False,False,-1.0218492853177036e-15,-1.7213991093941824e-11,203388.4018279319,203388.40182793187,1,1.0000000000000002
2022-10-13,85.078735,101.096207,0.014574603256694303,False,False,-1.0219099474816255e-15,-1.7215013003889306e-11,201442.80429621175,201442.80429621172,1,1.0000000000000002
2022-10-14,84.376785,96.882629,0.014573275646940921,False,False,-1.021970613246762e-15,-1.7216034974502554e-11,199780.78174174236,199780.78174174234,1,1.0000000000000002
2022-10-17,83.965897,98.93589,0.014496953657108734,False,False,-1.0220312826133261e-15,-1.7217057005785166e-11,198807.91312807924,198807.9131280792,1,1.0000000000000002
2022-10-18,84.162781,99.276489,0.014507240416623823,False,False,-1.022091955581532e-15,-1.7218079097740746e-11,199274.07973341315,199274.07973341312,1,1.0000000000000002
2022-10-19,82.630516,99.912254,0.014022634630759223,False,False,-1.0221526321515932e-15,-1.7219101250372896e-11,195646.10197228479,195646.10197228476,1,1.0000000000000002
2022-10-20,81.218109,100.531792,0.013484785831706807,False,False,-1.0222133123237242e-15,-1.722012346368522e-11,192301.91465112162,192301.9146511216,1,1.0000000000000002
2022-10-21,79.754333,104.268524,0.013607828307276998,False,False,-1.0222739960981384e-15,-1.722114573768132e-11,188836.0998114735,188836.09981147348,1,1.0000000000000002
2022-10-24,79.095215,104.719406,0.013268345353968992,False,False,-1.0223346834750498e-15,-1.7222168072364795e-11,187275.49153160062,187275.4915316006,1,1.0000000000000002
2022-10-25,81.397865,107.109985,0.014377858305133193,False,False,-1.0223953744546717e-15,-1.7223190467739248e-11,192727.5269116832,192727.52691168318,1,1.0000000000000002
2022-10-26,82.570602,106.055801,0.01240421049894812,False,False,-1.0224560690372187e-15,-1.7224212923808286e-11,195504.24226813423,195504.2422681342,1,1.0000000000000002
2022-10-27,83.435181,104.174461,0.01279698426692641,False,False,-1.0225167672229046e-15,-1.7225235440575507e-11,197551.32510611502,197551.325106115,1,1.0000000000000002
2022-10-28,82.861626,108.258263,0.012618285249845753,False,False,-1.0225774690119426e-15,-1.7226258018044518e-11,196193.3062354993,196193.30623549927,1,1.0000000000000002
2022-10-31,82.270981,105.900108,0.011870011104400427,False,False,-1.0226381744045476e-15,-1.7227280656218922e-11,194794.8229935525,194794.82299355246,1,1.0000000000000002
2022-11-01,83.039841,106.753197,0.0122300555060721,False,False,-1.0226988834009326e-15,-1.7228303355102324e-11,196615.26983624688,196615.26983624685,1,1.0000000000000002
2022-11-02,82.679466,103.382988,0.012142577789756505,False,False,-1.0227595960013125e-15,-1.7229326114698324e-11,195762.001970919,195762.00197091897,1,1.0000000000000002
2022-11-03,82.233231,101.997955,0.012140820620961532,False,False,-1.0228203122059005e-15,-1.7230348935010532e-11,194705.44148285908,194705.44148285905,1,1.0000000000000002
2022-11-04,80.851646,106.717514,0.012454087644215718,False,False,-1.0228810320149109e-15,-1.7231371816042546e-11,191434.2320934202,191434.23209342017,1,1.0000000000000002
2022-11-07,80.045052,109.023781,0.01222203884723846,False,False,-1.0229417554285575e-15,-1.7232394757797973e-11,189524.4416235866,189524.44162358658,1,1.0000000000000002
2022-11-08,80.920334,111.424133,0.01251202843404337,False,False,-1.023002482447054e-15,-1.723341776028042e-11,191596.8661916058,191596.86619160578,1,1.0000000000000002
2022-11-09,81.18634,107.862549,0.01246533636954398,False,False,-1.0230632130706152e-15,-1.723444082349349e-11,192226.6944865331,192226.69448653306,1,1.0000000000000002
2022-11-10,84.309875,119.024094,0.015287241762747589,False,False,-1.0231239472994546e-15,-1.7235463947440788e-11,199622.35745351735,199622.35745351732,1,1.0000000000000002
2022-11-11,84.000977,122.66674,0.015197393548719459,False,False,-1.0231846851337862e-15,-1.7236487132125922e-11,198890.9728206653,198890.97282066528,1,1.0000000000000002
2022-11-14,83.795029,121.323875,0.015167901453391721,False,False,-1.0232454265738245e-15,-1.7237510377552497e-11,198403.34518187642,198403.3451818764,1,1.0000000000000002
2022-11-15,85.150826,124.840027,0.015588063455266653,False,False,-1.023306171619783e-15,-1.7238533683724117e-11,201613.49575283154,201613.4957528315,1,1.0000000000000002
2022-11-16,87.01297,119.685791,0.015594267133754891,False,False,-1.023366920271876e-15,-1.7239557050644388e-11,206022.5353249804,206022.53532498036,1,1.0000000000000002
2022-11-17,86.094772,120.623238,0.015216443203154933,False,False,-1.0234276725303175e-15,-1.7240580478316917e-11,203848.4975937051,203848.49759370508,1,1.0000000000000002
2022-11-18,85.502655,120.892448,0.014589000700499179,False,False,-1.0234884283953217e-15,-1.7241603966745312e-11,202446.52906477175,202446.52906477172,1,1.0000000000000002
2022-11-21,85.863052,118.887833,0.014323178843071452,False,False,-1.0235491878671025e-15,-1.724262751593318e-11,203299.84901998664,203299.8490199866,1,1.0000000000000002
2022-11-22,87.081589,122.429977,0.013342137683056466,False,False,-1.0236099509458743e-15,-1.7243651125884127e-11,206185.0060503385,206185.00605033847,1,1.0000000000000002
2022-11-23,88.600456,123.909088,0.013486849512301603,False,False,-1.0236707176318512e-15,-1.724467479660176e-11,209781.26107026768,209781.26107026765,1,1.0000000000000002
2022-11-25,88.30011,122.258041,0.013468970603937494,False,False,-1.023731487925247e-15,-1.7245698528089684e-11,209070.1251971362,209070.12519713616,1,1.0000000000000002
2022-11-28,88.549004,119.202499,0.013273302100789853,False,False,-1.0237922618262763e-15,-1.724672232035151e-11,209659.43703084526,209659.43703084523,1,1.0000000000000002
2022-11-29,87.510651,118.741898,0.013504639590307892,False,False,-1.023853039335153e-15,-1.7247746173390843e-11,207200.9056461299,207200.90564612986,1,1.0000000000000002
2022-11-30,88.154228,125.865028,0.013463966808097323,False,False,-1.023913820452091e-15,-1.7248770087211296e-11,208724.71715626275,208724.71715626272,1,1.0000000000000002
2022-12-01,90.970398,124.96003,0.01475454688628987,False,False,-1.0239746051773055e-15,-1.7249794061816473e-11,215392.62520843188,215392.62520843185,1,1.0000000000000002
2022-12-02,92.114395,123.549026,0.01464662209877157,False,False,-1.0240353935110095e-15,-1.7250818097209984e-11,218101.29223064904,218101.292230649,1,1.0000000000000002
2022-12-05,90.824173,121.985573,0.014428101765850024,False,False,-1.024096185453418e-15,-1.7251842193395437e-11,215046.40503886525,215046.40503886522,1,1.0000000000000002
2022-12-06,91.993988,119.419838,0.014005591217347284,False,False,-1.024156981004745e-15,-1.7252866350376442e-11,217816.20191123028,217816.20191123025,1,1.0000000000000002
2022-12-07,94.161583,119.163559,0.01445621210717199,False,False,-1.0242177801652045e-15,-1.725389056815661e-11,222948.46457802292,222948.4645780229,1,1.0000000000000002
2022-12-08,93.903526,122.608383,0.014612413074587088,False,False,-1.0242785829350112e-15,-1.7254914846739542e-11,222337.45730636726,222337.45730636723,1,1.0000000000000002
2022-12-09,91.460686,121.473083,0.014607018088460882,False,False,-1.024339389314379e-15,-1.7255939186128855e-11,216553.49095981827,216553.49095981824,1,1.0000000000000002
2022-12-12,91.753128,123.623657,0.014495782329531562,False,False,-1.0244001993035224e-15,-1.7256963586328157e-11,217245.91235717444,217245.9123571744,1,1.0000000000000002
2022-12-13,92.639084,125.74836,0.014445854219242778,True,False,-1.0244610129026556e-15,-1.725798804734106e-11,219343.60999129008,219343.60999129005,1,1.0000000000000002
2022-12-14,93.034775,123.86174,0.014210547554579185,False,False,-1.024521830111993e-15,-1.725901256917117e-11,220280.4963316285,220280.49633162847,1,1.0000000000000002
2022-12-15,93.397797,118.621567,0.013621522044113665,False,False,-1.0245826509317488e-15,-1.7260037151822102e-11,221140.03155745455,221140.03155745452,1,1.0000000000000002
2022-12-16,92.354462,117.723785,0.013656376552043164,False,False,-1.0246434753621374e-15,-1.7261061795297465e-11,218669.70418104978,218669.70418104975,1,1.0000000000000002
2022-12-19,90.802444,116.266571,0.014232103123356982,False,False,-1.0247043034033732e-15,-1.726208649960087e-11,214994.9568045379,214994.95680453788,1,1.0000000000000002
2022-12-20,89.190041,115.557465,0.014974357757349642,False,False,-1.0247651350556705e-15,-1.7263111264735924e-11,211177.23452674868,211177.23452674865,1,1.0000000000000002
2022-12-21,89.41423,118.15966,0.014699514948928592,False,False,-1.0248259703192436e-15,-1.726413609070624e-11,211708.0517850491,211708.05178504906,1,1.0000000000000002
2022-12-22,89.397003,113.384621,0.01421158349063765,False,False,-1.024886809194307e-15,-1.7265160977515435e-11,211667.2630357851,211667.26303578506,1,1.0000000000000002
2022-12-23,88.08638,113.482208,0.01459582572993646,False,False,-1.0249476516810749e-15,-1.7266185925167116e-11,208564.0719446727,208564.07194467267,1,1.0000000000000002
2022-12-27,86.344666,111.432976,0.015230089467568025,False,False,-1.025008497779762e-15,-1.7267210933664895e-11,204440.17714955178,204440.17714955175,1,1.0000000000000002
2022-12-28,85.835938,109.790344,0.015071839148099658,False,False,-1.0250693474905826e-15,-1.7268236003012387e-11,203235.6506019485,203235.65060194847,1,1.0000000000000002
2022-12-29,86.810265,113.293541,0.015211875698578486,False,False,-1.025130200813751e-15,-1.72692611332132e-11,205542.58620908365,205542.58620908362,1,1.0000000000000002
2022-12-30,85.844582,113.189453,0.013330840538025685,False,False,-1.025191057749482e-15,-1.727028632427095e-11,203256.11719210568,203256.11719210565,1,1.0000000000000002
2023-01-03,87.482834,112.086777,0.013789411002461373,False,False,-2.6974542449337484e-15,-1.7272983778515883e-11,207135.042719429,207135.04271942898,1,1.0000000000000002
2023-01-04,88.681328,114.971962,0.01396150157425204,False,False,-2.6978755615967665e-15,-1.727568165407748e-11,209972.74349497748,209972.74349497745,1,1.0000000000000002
2023-01-05,89.052101,113.033333,0.01363597747314387,False,False,-2.698296944065435e-15,-1.7278379951021546e-11,210850.63093509187,210850.63093509185,1,1.0000000000000002
2023-01-06,90.690361,118.29303,0.013189045260858791,False,False,-2.698718392350032e-15,-1.7281078669413895e-11,214729.57540419232,214729.5754041923,1,1.0000000000000002
2023-01-09,91.173195,120.472389,0.013283824053929628,False,False,-2.699139906460837e-15,-1.7283777809320355e-11,215872.79215476528,215872.79215476525,1,1.0000000000000002
2023-01-10,89.664291,122.030441,0.012482233756464631,False,False,-2.699561486408132e-15,-1.7286477370806762e-11,212300.12675049275,212300.12675049272,1,1.0000000000000002
2023-01-11,91.121475,123.604805,0.013032950392431826,True,False,-2.699983132202199e-15,-1.7289177353938964e-11,215750.33356581,215750.33356580997,1,1.0000000000000002
2023-01-12,92.914917,125.107536,0.013604925793475827,True,False,-2.700404843853324e-15,-1.729187775878282e-11,219996.7058916633,219996.70589166327,1,1.0000000000000002
2023-01-13,92.044075,125.624748,0.013730496975549096,True,False,-2.7008266213717928e-15,-1.729457858540419e-11,217934.7940099349,217934.79400993488,1,1.0000000000000002
2023-01-17,91.449142,125.767876,0.013750386885828747,True,False,-2.701248464767893e-15,-1.729727983386896e-11,216526.15797546212,216526.1579754621,1,1.0000000000000002
2023-01-18,93.665085,125.107536,0.01460305680336707,True,False,-2.701670374051914e-15,-1.729998150424301e-11,221772.89527216222,221772.8952721622,1,1.0000000000000002
2023-01-19,93.078766,121.597816,0.014110866319592894,True,False,-2.7020923492341463e-15,-1.7302683596592244e-11,220384.6547961825,220384.65479618247,1,1.0000000000000002
2023-01-20,91.569824,125.403549,0.014002482749575707,True,False,-2.7025143903248843e-15,-1.730538611098257e-11,216811.89941846873,216811.8994184687,1,1.0000000000000002
2023-01-23,91.138702,131.700851,0.014063229187064274,True,False,-2.7029364973344204e-15,-1.7308089047479904e-11,215791.12231507394,215791.1223150739,1,1.0000000000000002
2023-01-24,92.44931,130.705536,0.014369968401297088,True,False,-2.7033586702730516e-15,-1.7310792406150176e-11,218894.2778903543,218894.27789035428,1,1.0000000000000002
2023-01-25,92.673508,131.06012,0.013838668135648036,True,False,-2.7037809091510754e-15,-1.7313496187059326e-11,219425.1164581539,219425.11645815388,1,1.0000000000000002
2023-01-26,92.242378,133.268723,0.012921109193601739,True,False,-2.7042032139787902e-15,-1.7316200390273305e-11,218404.32041298205,218404.32041298202,1,1.0000000000000002
2023-01-27,92.009552,132.419739,0.012815895381661587,True,False,-2.704625584766497e-15,-1.7318905015858073e-11,217853.05313857945,217853.05313857942,1,1.0000000000000002
2023-01-30,91.673309,128.903519,0.01277199128835657,True,False,-2.7050480215244993e-15,-1.7321610063879598e-11,217056.9231438755,217056.92314387547,1,1.0000000000000002
2023-01-31,92.406219,131.307312,0.01238614243713682,True,False,-2.7054705242630995e-15,-1.732431553440386e-11,218792.25037572414,218792.2503757241,1,1.0000000000000002
2023-02-01,93.517044,138.154358,0.012028790254723467,True,False,-2.7058930929926035e-15,-1.7327021427496853e-11,221422.37531919373,221422.3753191937,1,1.0000000000000002
2023-02-02,93.638054,141.355057,0.011788094207694316,True,False,-2.7063157277233184e-15,-1.7329727743224576e-11,221708.89337506145,221708.89337506142,1,1.0000000000000002
2023-02-03,92.23764,138.596725,0.012430890790416869,True,False,-2.706738428465553e-15,-1.733243448165304e-11,218393.10214549422,218393.1021454942,1,1.0000000000000002
2023-02-06,91.554733,136.34581,0.011956478158723197,True,False,-2.707161195229618e-15,-1.733514164284827e-11,216776.16812369062,216776.1681236906,1,1.0000000000000002
2023-02-07,90.819931,140.681763,0.012045255823906323,True,False,-2.7075840280258253e-15,-1.7337849226876298e-11,215036.36116155764,215036.3611615576,1,1.0000000000000002
2023-02-08,91.252159,137.656693,0.011438769520078086,True,False,-2.7080069268644887e-15,-1.7340557233803162e-11,216059.7569656366,216059.75696563657,1,1.0000000000000002
2023-02-09,90.387718,138.007996,0.011071337526709435,True,False,-2.708429891755923e-15,-1.734326566369492e-11,214013.0008733108,214013.00087331078,1,1.0000000000000002
2023-02-10,89.376282,135.812408,0.010268869897086719,True,False,-2.708852922710445e-15,-1.734597451661763e-11,211618.20146537246,211618.20146537243,1,1.0000000000000002
2023-02-13,90.128342,137.80957,0.010357678718569824,True,False,-2.709276019738373e-15,-1.734868379263737e-11,213398.87057615566,213398.87057615563,1,1.0000000000000002
2023-02-14,89.920891,140.310898,0.010284193017128794,True,False,-2.7096991828500274e-15,-1.7351393491820218e-11,212907.68425099397,212907.68425099395,1,1.0000000000000002
2023-02-15,89.082375,140.883423,0.00862199795891987,True,False,-2.7101224120557292e-15,-1.7354103614232273e-11,210922.31135508476,210922.31135508473,1,1.0000000000000002
2023-02-16,87.820251,137.429001,0.008983462774691656,True,False,-2.7105457073658027e-15,-1.7356814159939638e-11,207933.9524199225,207933.95241992248,1,1.0000000000000002
2023-02-17,88.503181,135.288696,0.008697544978725278,True,False,-2.7109690687905722e-15,-1.735952512900843e-11,209550.94089933528,209550.94089933526,1,1.0000000000000002
2023-02-21,86.782913,130.907211,0.009565325591797295,True,False,-2.7113924963403642e-15,-1.7362236521504767e-11,205477.82427317672,205477.8242731767,1,1.0000000000000002
2023-02-22,87.578232,130.279465,0.009151366019140406,True,False,-2.711815990025507e-15,-1.7364948337494794e-11,207360.91867590923,207360.9186759092,1,1.0000000000000002
2023-02-23,88.434044,134.563293,0.009505572703982081,True,False,-2.71223954985633e-15,-1.736766057704465e-11,209387.2436939099,209387.24369390987,1,1.0000000000000002
2023-02-24,87.284317,132.153046,0.00979601926302751,True,False,-2.7126631758431645e-15,-1.7370373240220494e-11,206665.00962384444,206665.0096238444,1,1.0000000000000002
2023-02-27,87.526352,132.852356,0.00987399050907099,True,False,-2.713086867996344e-15,-1.737308632708849e-11,207238.08125141193,207238.0812514119,1,1.0000000000000002
2023-02-28,87.923981,133.307739,0.009992451164289144,True,False,-2.7135106263262027e-15,-1.7375799837714816e-11,208179.55623725295,208179.55623725292,1,1.0000000000000002
2023-03-01,86.979401,133.343552,0.009879346519330222,True,False,-2.7139344508430764e-15,-1.737851377216566e-11,205943.0532605442,205943.05326054417,1,1.0000000000000002
2023-03-02,86.20816,134.410446,0.009299095367248367,True,False,-2.7143583415573034e-15,-1.738122813050722e-11,204116.96887144024,204116.96887144021,1,1.0000000000000002
2023-03-03,88.296646,136.482407,0.011175512001839964,True,False,-2.714782298479223e-15,-1.73839429128057e-11,209061.9234076516,209061.92340765157,1,1.0000000000000002
2023-03-06,87.612045,134.895081,0.010873935070760671,True,False,-2.7152063216191765e-15,-1.7386658119127318e-11,207440.97846454696,207440.97846454693,1,1.0000000000000002
2023-03-07,88.149292,133.473633,0.01097669803848899,True,False,-2.715630410987505e-15,-1.7389373749538307e-11,208713.0300797917,208713.03007979167,1,1.0000000000000002
2023-03-08,88.235977,137.022415,0.010895399544917979,True,False,-2.716054566594555e-15,-1.7392089804104902e-11,208918.2760732872,208918.27607328718,1,1.0000000000000002
2023-03-09,88.452614,134.299866,0.010838687789851713,True,False,-2.7164787884506706e-15,-1.7394806282893352e-11,209431.21229400462,209431.2122940046,1,1.0000000000000002
2023-03-10,91.502998,131.704163,0.013242730790862628,True,False,-2.7169030765662e-15,-1.739752318596992e-11,216653.6740189033,216653.67401890326,1,1.0000000000000002
2023-03-13,91.710999,131.743195,0.012946903574232772,True,False,-2.7173274309514925e-15,-1.740024051340087e-11,217146.1625912406,217146.16259124057,1,1.0000000000000002
2023-03-14,90.203117,135.594467,0.013421635942474724,True,False,-2.7177518516168983e-15,-1.740295826525249e-11,213575.91699899267,213575.91699899264,1,1.0000000000000002
2023-03-15,91.944969,134.01358,0.014064566147662903,True,False,-2.71817633857277e-15,-1.740567644159106e-11,217700.13853976858,217700.13853976855,1,1.0000000000000002
2023-03-16,91.225685,139.247284,0.014009110158569751,True,False,-2.718600891829461e-15,-1.740839504248289e-11,215997.07388976647,215997.07388976644,1,1.0000000000000002
2023-03-17,92.594879,138.3853,0.013832237610791524,True,False,-2.719025511397328e-15,-1.7411114067994286e-11,219238.9448341987,219238.94483419866,1,1.0000000000000002
2023-03-20,91.780319,139.849045,0.014006378129999017,True,False,-2.7194501972867267e-15,-1.7413833518191573e-11,217310.2930898172,217310.29308981716,1,1.0000000000000002
2023-03-21,90.991707,140.125549,0.013319026813616002,True,False,-2.7198749495080175e-15,-1.741655339314108e-11,215443.07899946143,215443.0789994614,1,1.0000000000000002
2023-03-22,92.204941,138.733368,0.01346022245274543,True,False,-2.7202997680715594e-15,-1.7419273692909153e-11,218315.67999931774,218315.6799993177,1,1.0000000000000002
2023-03-23,92.204941,142.513474,0.013363623824039685,True,False,-2.7207246529877157e-15,-1.742199441756214e-11,218315.67999931774,218315.6799993177,1,1.0000000000000002
2023-03-24,92.594879,140.041672,0.012880957012057683,True,False,-2.721149604266849e-15,-1.7424715567166408e-11,219238.9448341987,219238.94483419866,1,1.0000000000000002
2023-03-27,90.419754,138.398132,0.014200432620861016,True,False,-2.7215746219193247e-15,-1.7427437141788326e-11,214088.8532197101,214088.85321971006,1,1.0000000000000002
2023-03-28,90.584412,137.36116,0.014184154906846099,True,False,-2.7219997059555102e-15,-1.743015914149428e-11,214478.7176114386,214478.71761143857,1,1.0000000000000002
2023-03-29,90.402451,141.77652,0.013916901482749879,True,False,-2.7224248563857735e-15,-1.7432881566350665e-11,214047.88452356367,214047.88452356364,1,1.0000000000000002
2023-03-30,90.81842,144.111343,0.013689150813311438,True,False,-2.722850073220485e-15,-1.7435604416423887e-11,215032.78353340778,215032.78353340775,1,1.0000000000000002
2023-03-31,92.178955,145.004807,0.013082144611235599,True,False,-2.7232753564700167e-15,-1.7438327691780355e-11,218254.15237185074,218254.1523718507,1,1.0000000000000002
2023-04-03,92.612473,143.752609,0.012879345114181628,True,False,-2.7237007061447416e-15,-1.74410513924865e-11,219280.60253748714,219280.6025374871,1,1.0000000000000002
2023-04-04,93.072929,141.072128,0.012866182721599012,True,False,-2.724126122255035e-15,-1.7443775518608758e-11,220370.8344020655,220370.83440206546,1,1.0000000000000002
2023-04-05,94.045959,138.626404,0.012971251950986402,True,False,-2.724551604811273e-15,-1.744650007021357e-11,222674.69907358818,222674.69907358816,1,1.0000000000000002
2023-04-06,94.28923,137.912216,0.012970893194935489,True,False,-2.724977153823834e-15,-1.7449225047367393e-11,223250.69720571773,223250.6972057177,1,1.0000000000000002
2023-04-10,92.768837,140.34819,0.011484751397533488,True,False,-2.7254027693030978e-15,-1.7451950450136696e-11,219650.82904180663,219650.8290418066,1,1.0000000000000002
2023-04-11,92.959991,139.611221,0.011483309570929367,True,False,-2.7258284512594463e-15,-1.7454676278587955e-11,220103.42859929227,220103.42859929224,1,1.0000000000000002
2023-04-12,92.86441,137.057877,0.01075701823157402,True,False,-2.7262541997032618e-15,-1.745740253278766e-11,219877.1193496609,219877.11934966088,1,1.0000000000000002
2023-04-13,92.134644,138.186142,0.01009701611094993,True,False,-2.7266800146449297e-15,-1.7460129212802304e-11,218149.23623621275,218149.23623621272,1,1.0000000000000002
2023-04-14,91.291916,137.970917,0.010156624754853908,True,False,-2.727105896094836e-15,-1.74628563186984e-11,216153.89049466007,216153.89049466004,1,1.0000000000000002
2023-04-17,90.20594,137.970917,0.009859875801428275,True,False,-2.7275318440633693e-15,-1.7465583850542463e-11,213582.60107858703,213582.601078587,1,1.0000000000000002
2023-04-18,90.527367,138.567688,0.009750620854497407,True,False,-2.7279578585609184e-15,-1.7468311808401024e-11,214343.65090210072,214343.6509021007,1,1.0000000000000002
2023-04-19,90.440498,137.051361,0.009570986533431362,True,False,-2.7283839395978747e-15,-1.7471040192340623e-11,214137.9692477319,214137.96924773187,1,1.0000000000000002
2023-04-20,91.213707,136.924164,0.0092722252569939,True,False,-2.7288100871846306e-15,-1.7473769002427807e-11,215968.7133140026,215968.71331400258,1,1.0000000000000002
2023-04-21,90.701157,135.919769,0.009340305063956751,True,False,-2.7292363013315815e-15,-1.7476498238729138e-11,214755.13733238954,214755.1373323895,1,1.0000000000000002
2023-04-24,91.578621,135.310013,0.009569409948140891,True,False,-2.7296625820491228e-15,-1.7479227901311186e-11,216832.72827011294,216832.72827011292,1,1.0000000000000002
2023-04-25,92.925255,130.764236,0.008450040575654913,True,False,-2.7300889293476522e-15,-1.7481957990240532e-11,220021.18340312154,220021.1834031215,1,1.0000000000000002
2023-04-26,91.934807,131.462067,0.00886917543930883,True,False,-2.730515343237569e-15,-1.748468850558377e-11,217676.07774740658,217676.07774740655,1,1.0000000000000002
2023-04-27,91.022606,132.016418,0.009172580877854023,True,False,-2.7309418237292747e-15,-1.7487419447407497e-11,215516.23924579026,215516.23924579023,1,1.0000000000000002
2023-04-28,92.490845,134.396942,0.009785216028239441,True,False,-2.731368370833171e-15,-1.749015081577833e-11,218992.6212293384,218992.62122933837,1,1.0000000000000002
2023-05-01,89.823883,135.613266,0.011326222420970703,True,False,-2.7317949845596634e-15,-1.749288261076289e-11,212677.99626187226,212677.99626187223,1,1.0000000000000002
2023-05-02,92.062309,134.64476,0.012676063244915816,True,False,-2.732221664919156e-15,-1.749561483242781e-11,217977.9670553914,217977.96705539137,1,1.0000000000000002
2023-05-03,92.576195,133.099091,0.012690029540558983,True,False,-2.732648411922058e-15,-1.749834748083973e-11,219194.70631378028,219194.70631378025,1,1.0000000000000002
2023-05-04,91.661674,132.352325,0.012604417187800303,True,False,-2.7330752255787773e-15,-1.750108055606531e-11,217029.37469680482,217029.3746968048,1,1.0000000000000002
2023-05-05,91.356827,135.296967,0.012578263329589782,True,False,-2.733502105899725e-15,-1.750381405817121e-11,216307.58170633207,216307.58170633204,1,1.0000000000000002
2023-05-08,90.0765,135.86763,0.012455211619779643,True,False,-2.733929052895313e-15,-1.7506547987224105e-11,213276.12312509958,213276.12312509955,1,1.0000000000000002
2023-05-09,89.754257,133.555588,0.012434907243556285,True,False,-2.7343560665759556e-15,-1.750928234329068e-11,212513.14124032162,212513.1412403216,1,1.0000000000000002
2023-05-10,90.625221,134.915421,0.012694598575034547,True,False,-2.7347831469520687e-15,-1.7512017126437633e-11,214575.3419841508,214575.34198415076,1,1.0000000000000002
2023-05-11,91.58329,134.031723,0.012851865843589005,True,False,-2.7352102940340687e-15,-1.751475233673167e-11,216843.7831647733,216843.78316477328,1,1.0000000000000002
2023-05-12,90.816826,133.907822,0.012824475855278095,True,False,-2.735637507832375e-15,-1.75174879742395e-11,215029.0093843205,215029.00938432047,1,1.0000000000000002
2023-05-15,89.876183,137.543762,0.01275427733503585,True,False,-2.7360647883574082e-15,-1.752022403902786e-11,212801.82812966735,212801.82812966732,1,1.0000000000000002
2023-05-16,89.606171,137.286133,0.012737432038332502,True,False,-2.7364921356195895e-15,-1.7522960531163478e-11,212162.514739857,212162.51473985697,1,1.0000000000000002
2023-05-17,89.344872,140.677567,0.01274860343785261,True,False,-2.7369195496293434e-15,-1.7525697450713107e-11,211543.83131303126,211543.83131303123,1,1.0000000000000002
2023-05-18,88.68293,145.122208,0.012646365649979252,True,False,-2.7373470303970948e-15,-1.7528434797743504e-11,209976.53658584188,209976.53658584185,1,1.0000000000000002
2023-05-19,88.055817,144.375458,0.012676269595893496,True,False,-2.7377745779332715e-15,-1.7531172572321436e-11,208491.70725298204,208491.707252982,1,1.0000000000000002
2023-05-22,87.742256,144.874359,0.01240827183478753,True,False,-2.7382021922483007e-15,-1.7533910774513685e-11,207749.28193180248,207749.28193180246,1,1.0000000000000002
2023-05-23,87.99485,143.084122,0.011839883089719973,True,False,-2.738629873352614e-15,-1.753664940438704e-11,208347.35433742063,208347.3543374206,1,1.0000000000000002
2023-05-24,87.559341,140.524246,0.011704650697133175,True,False,-2.739057621256643e-15,-1.7539388462008296e-11,207316.19003700832,207316.1900370083,1,1.0000000000000002
2023-05-25,87.341614,149.883209,0.011569982884041515,True,False,-2.73948543597082e-15,-1.7542127947444268e-11,206800.67299916098,206800.67299916095,1,1.0000000000000002
2023-05-26,88.047127,159.679108,0.011040792360802213,True,False,-2.739913317505581e-15,-1.7544867860761774e-11,208471.13174760653,208471.1317476065,1,1.0000000000000002
2023-05-30,88.926796,159.54541,0.009389287890698178,True,False,-2.740341265871363e-15,-1.7547608202027645e-11,210553.94351264328,210553.94351264325,1,1.0000000000000002
2023-05-31,89.701981,155.449646,0.007663208177995172,True,False,-2.740769281078604e-15,-1.7550348971308725e-11,212389.36619785786,212389.36619785783,1,1.0000000000000002
2023-06-01,90.053909,158.123657,0.007593951080241216,True,False,-2.741197363137744e-15,-1.7553090168671863e-11,213222.63391428968,213222.63391428965,1,1.0000000000000002
2023-06-02,89.067085,157.751862,0.007662182670260405,True,False,-2.7416255120592243e-15,-1.755583179418392e-11,210886.1088836013,210886.10888360126,1,1.0000000000000002
2023-06-05,88.901146,155.309418,0.007650094939330505,True,False,-2.742053727853489e-15,-1.7558573847911774e-11,210493.21143981453,210493.2114398145,1,1.0000000000000002
2023-06-06,89.425117,157.184494,0.007188372496730261,True,False,-2.742482010530982e-15,-1.7561316329922305e-11,211733.82917596083,211733.8291759608,1,1.0000000000000002
2023-06-07,88.09771,156.952972,0.007873582840461565,True,False,-2.7429103601021506e-15,-1.7564059240282406e-11,208590.8982364914,208590.89823649137,1,1.0000000000000002
2023-06-08,89.128189,158.55954,0.008024072413812961,True,False,-2.743338776577443e-15,-1.7566802579058982e-11,211030.78617709555,211030.78617709552,1,1.0000000000000002
2023-06-09,89.005974,158.977524,0.007566374756188668,True,False,-2.7437672599673077e-15,-1.7569546346318948e-11,210741.41501605202,210741.415016052,1,1.0000000000000002
2023-06-12,89.267929,164.09758,0.007439939909106207,True,False,-2.744195810282198e-15,-1.757229054212923e-11,211361.65166859998,211361.65166859995,1,1.0000000000000002
2023-06-13,88.385895,166.295166,0.0074081027922504586,True,False,-2.7446244275325658e-15,-1.7575035166556764e-11,209273.2402407079,209273.24024070788,1,1.0000000000000002
2023-06-14,89.093269,168.656067,0.007641787028420108,True,False,-2.745053111728866e-15,-1.7577780219668494e-11,210948.10532005152,210948.1053200515,1,1.0000000000000002
2023-06-15,89.949127,167.261719,0.007919966002634154,True,False,-2.7454818628815557e-15,-1.7580525701531375e-11,212974.5392532705,212974.53925327046,1,1.0000000000000002
2023-06-16,89.599777,165.717209,0.007775184311158772,True,False,-2.7459106810010913e-15,-1.7583271612212376e-11,212147.37552450935,212147.37552450932,1,1.0000000000000002
2023-06-20,90.219833,164.375122,0.007683318024678297,True,False,-2.746339566097933e-15,-1.7586017951778475e-11,213615.49584224433,213615.4958422443,1,1.0000000000000002
2023-06-21,90.438156,160.368561,0.0076034305223731165,True,False,-2.746768518182543e-15,-1.758876472029666e-11,214132.4240424857,214132.42404248568,1,1.0000000000000002
2023-06-22,89.346542,161.116302,0.008181523187534496,True,False,-2.747197537265383e-15,-1.7591511917833925e-11,211547.78540900102,211547.785409001,1,1.0000000000000002
2023-06-23,90.237312,158.278687,0.008309308476644803,True,False,-2.7476266233569178e-15,-1.759425954445728e-11,213656.881257487,213656.88125748697,1,1.0000000000000002
2023-06-26,90.333359,158.791351,0.008257193652605865,True,False,-2.7480557764676137e-15,-1.759700760023375e-11,213884.29386563448,213884.29386563445,1,1.0000000000000002
2023-06-27,90.097572,164.339233,0.008168513918074,True,False,-2.7484849966079383e-15,-1.7599756085230358e-11,213326.01576598253,213326.0157659825,1,1.0000000000000002
2023-06-28,90.481842,163.072266,0.007942303519681579,True,False,-2.748914283788361e-15,-1.7602504999514146e-11,214235.86035178773,214235.8603517877,1,1.0000000000000002
2023-06-29,88.848763,163.117996,0.008782115579025161,True,False,-2.7493436380193525e-15,-1.7605254343152166e-11,210369.18305108207,210369.18305108204,1,1.0000000000000002
2023-06-30,89.896713,165.63884,0.009153546673650714,True,False,-2.7497730593113863e-15,-1.7608004116211476e-11,212850.43746515174,212850.4374651517,1,1.0000000000000002
2023-07-03,89.3871,167.111526,0.008892277580161721,True,False,-2.7502025476749358e-15,-1.761075431875915e-11,211643.81548345674,211643.8154834567,1,1.0000000000000002
2023-07-05,88.537697,163.418396,0.009147531912753321,True,False,-2.7506321031204773e-15,-1.761350495086227e-11,209632.66519663573,209632.6651966357,1,1.0000000000000002
2023-07-06,87.285507,161.357941,0.009541438894996385,True,False,-2.7510617256584885e-15,-1.761625601258793e-11,206667.82721318814,206667.8272131881,1,1.0000000000000002
2023-07-07,86.760117,161.426514,0.009061655560193827,True,False,-2.7514914152994483e-15,-1.761900750400323e-11,205423.84967932862,205423.8496793286,1,1.0000000000000002
2023-07-10,86.873962,164.786575,0.008600896502165124,True,False,-2.7519211720538378e-15,-1.7621759425175285e-11,205693.40300608065,205693.40300608063,1,1.0000000000000002
2023-07-11,87.320534,164.793091,0.00871923759054568,True,False,-2.7523509959321398e-15,-1.7624511776171217e-11,206750.7614165009,206750.76141650087,1,1.0000000000000002
2023-07-12,88.292511,167.862549,0.009091975565790352,True,False,-2.7527808869448383e-15,-1.7627264557058162e-11,209052.13287661277,209052.13287661274,1,1.0000000000000002
2023-07-13,89.220718,171.330383,0.009127748501413999,True,False,-2.7532108451024177e-15,-1.7630017767903265e-11,211249.86913876305,211249.86913876302,1,1.0000000000000002
2023-07-14,88.695312,169.188278,0.009054680285386496,True,False,-2.7536408704153674e-15,-1.763277140877368e-11,210005.85372134933,210005.8537213493,1,1.0000000000000002
2023-07-17,88.73909,173.237335,0.008761244838413975,True,False,-2.754070962894175e-15,-1.7635525479736575e-11,210109.507861088,210109.50786108797,1,1.0000000000000002
2023-07-18,89.141891,173.557327,0.00880088412237661,True,False,-2.7545011225493317e-15,-1.7638279980859124e-11,211063.22870582456,211063.22870582453,1,1.0000000000000002
2023-07-19,90.148911,171.496872,0.00903667229243331,True,False,-2.75493134939133e-15,-1.7641034912208517e-11,213447.5722528034,213447.57225280337,1,1.0000000000000002
2023-07-20,89.054337,165.260056,0.009411926981222505,True,False,-2.7553616434306638e-15,-1.7643790273851946e-11,210855.9251617915,210855.92516179147,1,1.0000000000000002
2023-07-21,89.080589,166.752319,0.009023839080255443,True,False,-2.755792004677828e-15,-1.7646546065856623e-11,210918.08260334708,210918.08260334705,1,1.0000000000000002
2023-07-24,88.756599,166.745804,0.008732220148957665,True,False,-2.7562224331433204e-15,-1.7649302288289765e-11,210150.96430799476,210150.96430799473,1,1.0000000000000002
2023-07-25,88.590218,169.550751,0.008723452555035597,True,False,-2.7566529288376397e-15,-1.7652058941218602e-11,209757.0203310232,209757.02033102317,1,1.0000000000000002
2023-07-26,88.677811,167.209473,0.008725007279459362,True,False,-2.7570834917712866e-15,-1.7654816024710373e-11,209964.41621621966,209964.41621621963,1,1.0000000000000002
2023-07-27,86.952766,170.354004,0.009590740099342363,True,False,-2.757514121954763e-15,-1.765757353883233e-11,205879.98898140993,205879.9889814099,1,1.0000000000000002
2023-07-28,87.399345,174.073273,0.008908259544633926,True,False,-2.7579448193985736e-15,-1.7660331483651726e-11,206937.36396588516,206937.36396588513,1,1.0000000000000002
2023-07-31,87.609482,174.794937,0.008449151030533236,True,False,-2.7583755841132222e-15,-1.766308985923584e-11,207434.90999270836,207434.90999270833,1,1.0000000000000002
2023-08-01,86.173851,174.905945,0.009070612551504851,True,False,-2.758806416109217e-15,-1.766584866565195e-11,204035.7346926222,204035.73469262218,1,1.0000000000000002
2023-08-02,85.251884,168.21196,0.009128574727582954,True,False,-2.7592373153970668e-15,-1.7668607902967345e-11,201852.77301661042,201852.7730166104,1,1.0000000000000002
2023-08-03,83.284981,167.780899,0.009964933620896727,True,False,-2.759668281987281e-15,-1.767136757124933e-11,197195.69324105154,197195.69324105151,1,1.0000000000000002
2023-08-04,84.760162,167.516418,0.010861260914615537,True,False,-2.760099315890372e-15,-1.767412767056522e-11,200688.5119516787,200688.51195167867,1,1.0000000000000002
2023-08-07,83.925987,169.279739,0.011014522418716016,True,False,-2.7605304171168536e-15,-1.767688820098234e-11,198713.4173375687,198713.41733756868,1,1.0000000000000002
2023-08-08,84.90065,166.585785,0.011314188298663723,True,False,-2.7609615856772417e-15,-1.7679649162568017e-11,201021.14849934206,201021.14849934203,1,1.0000000000000002
2023-08-09,85.339699,163.529388,0.011045153377262319,True,False,-2.7613928215820526e-15,-1.76824105553896e-11,202060.6945361214,202060.69453612136,1,1.0000000000000002
2023-08-10,83.934753,162.869812,0.011134246690157433,True,False,-2.7618241248418046e-15,-1.768517237951444e-11,198734.17278982667,198734.17278982664,1,1.0000000000000002
2023-08-11,83.741585,158.921951,0.01111479230281193,True,False,-2.7622554954670176e-15,-1.7687934635009908e-11,198276.80463995595,198276.80463995592,1,1.0000000000000002
2023-08-14,83.557205,163.506561,0.011088118085357477,True,False,-2.7626869334682144e-15,-1.7690697321943377e-11,197840.24403223023,197840.2440322302,1,1.0000000000000002
2023-08-15,83.047951,160.776703,0.010962008067590382,True,False,-2.7631184388559183e-15,-1.7693460440382234e-11,196634.4720627826,196634.47206278256,1,1.0000000000000002
2023-08-16,82.39814,157.664825,0.01042585889616993,True,False,-2.763550011640654e-15,-1.7696223990393873e-11,195095.90017284412,195095.9001728441,1,1.0000000000000002
2023-08-17,82.046913,156.123581,0.010266322032695008,True,False,-2.763981651832948e-15,-1.7698987972045707e-11,194264.29222963075,194264.29222963072,1,1.0000000000000002
2023-08-18,82.336685,156.962769,0.010364029765258208,True,False,-2.7644133594433297e-15,-1.7701752385405152e-11,194950.39180887956,194950.39180887953,1,1.0000000000000002
2023-08-21,81.239067,161.472244,0.010577870605602188,True,False,-2.764845134482329e-15,-1.7704517230539635e-11,192351.5373716809,192351.53737168087,1,1.0000000000000002
2023-08-22,81.862541,160.048523,0.010907745842056183,True,False,-2.7652769769604767e-15,-1.7707282507516595e-11,193827.75056368212,193827.7505636821,1,1.0000000000000002
2023-08-23,83.890862,163.320435,0.012600282148941775,True,False,-2.7657088868883065e-15,-1.7710048216403484e-11,198630.25109748644,198630.2510974864,1,1.0000000000000002
2023-08-24,83.337685,157.922775,0.012004923424913945,True,False,-2.766140864276354e-15,-1.771281435726776e-11,197320.4816685902,197320.48166859016,1,1.0000000000000002
2023-08-25,83.609909,158.601959,0.011952890725390684,True,False,-2.7665729091351554e-15,-1.7715580930176896e-11,197965.03245976887,197965.03245976885,1,1.0000000000000002
2023-08-28,83.697693,160.610184,0.01192919904725672,True,False,-2.767005021475249e-15,-1.771834793519837e-11,198172.8805798936,198172.88057989356,1,1.0000000000000002
2023-08-29,84.566986,164.828995,0.011752240737466661,True,False,-2.7674372013071744e-15,-1.772111537239968e-11,200231.1248600309,200231.12486003086,1,1.0000000000000002
2023-08-30,84.479164,165.606155,0.011523736676895154,True,False,-2.767869448641474e-15,-1.772388324184832e-11,200023.18676646493,200023.1867664649,1,1.0000000000000002
2023-08-31,84.85672,166.752319,0.010220822087742788,True,False,-2.76830176348869e-15,-1.772665154361181e-11,200917.13446583846,200917.13446583843,1,1.0000000000000002
2023-09-01,83.53479,167.18663,0.010078562724574578,True,False,-2.768734145859369e-15,-1.772942027775767e-11,197787.17154051655,197787.17154051652,1,1.0000000000000002
2023-09-05,82.363495,167.131149,0.010322422693354904,True,False,-2.7691665957640554e-15,-1.7732189444353434e-11,195013.8704393879,195013.87043938786,1,1.0000000000000002
2023-09-06,82.566055,165.922928,0.009936626363628801,True,False,-2.7695991132132987e-15,-1.7734959043466648e-11,195493.47623557472,195493.4762355747,1,1.0000000000000002
2023-09-07,82.795006,162.125305,0.009867839767357355,True,False,-2.7700316982176483e-15,-1.7737729075164864e-11,196035.5685866942,196035.56858669416,1,1.0000000000000002
2023-09-08,83.112053,161.286133,0.009262621596238182,True,False,-2.770464350787655e-15,-1.774049953951565e-11,196786.24778724532,196786.2477872453,1,1.0000000000000002
2023-09-11,82.513191,161.194702,0.009378155490080992,True,False,-2.7708970709338735e-15,-1.7743270436586585e-11,195368.30897249404,195368.308972494,1,1.0000000000000002
2023-09-12,82.98877,159.826492,0.009480745221674853,True,False,-2.7713298586668574e-15,-1.7746041766445253e-11,196494.3478989589,196494.34789895886,1,1.0000000000000002
2023-09-13,82.971169,160.646103,0.009382978439436045,True,False,-2.7717627139971635e-15,-1.774881352915925e-11,196452.67362161548,196452.67362161545,1,1.0000000000000002
2023-09-14,82.372276,161.795517,0.00935717244871485,True,False,-2.77219563693535e-15,-1.7751585724796187e-11,195034.66140747792,195034.6614074779,1,1.0000000000000002
2023-09-15,81.870255,157.126083,0.009410166257391153,True,False,-2.7726286274919762e-15,-1.775435835342368e-11,193846.01517225135,193846.01517225133,1,1.0000000000000002
2023-09-18,82.337051,157.66156,0.009466285178674903,True,False,-2.7730616856776033e-15,-1.7757131415109356e-11,194951.2583951819,194951.25839518188,1,1.0000000000000002
2023-09-19,81.729378,156.33255,0.00910625573423928,True,False,-2.773494811502795e-15,-1.7759904909920857e-11,193512.45758067648,193512.45758067645,1,1.0000000000000002
2023-09-20,81.984772,153.765945,0.00896935563405109,True,False,-2.773928004978115e-15,-1.7762678837925834e-11,194117.15960827982,194117.1596082798,1,1.0000000000000002
2023-09-21,79.87989,150.928391,0.008843936910356912,True,False,-2.7743612661141305e-15,-1.7765453199191947e-11,189133.38389990077,189133.38389990074,1,1.0000000000000002
2023-09-22,80.522789,152.185547,0.009083121172413946,True,False,-2.774794594921409e-15,-1.7768227993786867e-11,190655.59009442435,190655.59009442432,1,1.0000000000000002
2023-09-25,78.541214,153.298996,0.010365037353391055,True,False,-2.7752279914105207e-15,-1.7771003221778277e-11,185963.771099663,185963.77109966296,1,1.0000000000000002
2023-09-26,78.268196,150.515579,0.010318363711004582,True,False,-2.775661455592036e-15,-1.777377888323387e-11,185317.3403371071,185317.34033710707,1,1.0000000000000002
2023-09-27,77.863091,151.842712,0.009805798360571868,True,False,-2.7760949874765286e-15,-1.7776554978221347e-11,184358.16426056554,184358.1642605655,1,1.0000000000000002
2023-09-28,78.100838,154.654404,0.009915594952794368,True,False,-2.7765285870745725e-15,-1.777933150680842e-11,184921.08309560711,184921.0830956071,1,1.0000000000000002
2023-09-29,78.109657,155.214752,0.0097687039749201,True,False,-2.7769622543967443e-15,-1.7782108469062816e-11,184941.9640371384,184941.96403713836,1,1.0000000000000002
2023-10-02,76.802109,155.997925,0.009845490593223646,True,False,-2.777395989453621e-15,-1.778488586505227e-11,181846.05369159902,181846.053691599,1,1.0000000000000002
2023-10-03,75.149986,152.770126,0.010382813233689288,True,False,-2.7778297922557837e-15,-1.7787663694844525e-11,177934.2854905054,177934.28549050537,1,1.0000000000000002
2023-10-04,76.210167,154.798599,0.011092160758803368,True,False,-2.778263662813812e-15,-1.7790441958507338e-11,180444.49951403975,180444.49951403972,1,1.0000000000000002
2023-10-05,75.830261,154.048172,0.01097787757414949,True,False,-2.7786976011382896e-15,-1.7793220656108477e-11,179544.9876676429,179544.98766764288,1,1.0000000000000002
2023-10-06,74.91143,157.35791,0.010930996329790221,True,False,-2.7791316072398005e-15,-1.7795999787715716e-11,177369.4511682545,177369.45116825448,1,1.0000000000000002
2023-10-09,76.669586,156.964645,0.012619838174243735,True,False,-2.779565681128931e-15,-1.7798779353396844e-11,181532.2760507614,181532.27605076137,1,1.0000000000000002
2023-10-10,76.563568,158.976761,0.012439136814143482,True,False,-2.779999822816269e-15,-1.780155935321966e-11,181281.2548851802,181281.25488518018,1,1.0000000000000002
2023-10-11,78.162682,160.172852,0.013598826189781194,True,False,-2.7804340323124047e-15,-1.7804339787251974e-11,185067.51250348322,185067.5125034832,1,1.0000000000000002
2023-10-12,76.04229,160.582474,0.014646873553007601,True,False,-2.7808683096279275e-15,-1.7807120655561602e-11,180047.0134247504,180047.01342475036,1,1.0000000000000002
2023-10-13,77.40287,156.210968,0.015416099292793736,True,False,-2.7813026547734312e-15,-1.7809901958216376e-11,183268.48881068954,183268.4888106895,1,1.0000000000000002
2023-10-16,76.157143,158.422943,0.015558793112793144,True,False,-2.7817370677595102e-15,-1.7812683695284136e-11,180318.95341541708,180318.95341541705,1,1.0000000000000002
2023-10-17,75.317841,157.266159,0.015623930060576581,True,False,-2.7821715485967605e-15,-1.7815465866832732e-11,178331.71948990773,178331.7194899077,1,1.0000000000000002
2023-10-18,74.655205,154.431564,0.015562370371858276,True,False,-2.7826060972957797e-15,-1.781824847293003e-11,176762.78156355486,176762.78156355483,1,1.0000000000000002
2023-10-19,73.126747,152.052475,0.015220177508449914,True,False,-2.7830407138671668e-15,-1.7821031513643896e-11,173143.81772060422,173143.8177206042,1,1.0000000000000002
2023-10-20,73.542015,149.853577,0.015127815994981766,True,False,-2.783475398321523e-15,-1.7823814989042217e-11,174127.05695722994,174127.0569572299,1,1.0000000000000002
2023-10-23,74.425491,149.001602,0.014754556072002042,True,False,-2.7839101506694513e-15,-1.7826598899192888e-11,176218.88264044438,176218.88264044435,1,1.0000000000000002
2023-10-24,75.406174,151.023514,0.01516740186179542,True,False,-2.784344970921556e-15,-1.782938324416381e-11,178540.86748948594,178540.8674894859,1,1.0000000000000002
2023-10-25,73.727531,144.918457,0.015846820420401805,False,False,-2.784779859088443e-15,-1.7832168024022898e-11,174566.30729730392,174566.3072973039,1,1.0000000000000002
2023-10-26,74.858414,144.056595,0.016307509004815306,False,False,-2.7852148151807194e-15,-1.783495323883808e-11,177243.92401140893,177243.9240114089,1,1.0000000000000002
2023-10-27,74.540359,145.606613,0.016305295098335858,False,False,-2.7856498392089956e-15,-1.7837738888677287e-11,176490.85814694315,176490.85814694312,1,1.0000000000000002
2023-10-30,74.20462,143.656799,0.015955495528823017,False,False,-2.786084931183881e-15,-1.7840524973608472e-11,175695.92148419653,175695.9214841965,1,1.0000000000000002
2023-10-31,73.842384,144.970856,0.015272630756325819,False,False,-2.7865200911159902e-15,-1.7843311493699587e-11,174838.2472879706,174838.24728797056,1,1.0000000000000002
2023-11-01,75.443443,148.382202,0.015737942822819664,False,False,-2.7869553190159357e-15,-1.7846098449018602e-11,178629.11012583118,178629.11012583115,1,1.0000000000000002
2023-11-02,77.16333,151.754242,0.01651000765680175,True,False,-2.787390614894334e-15,-1.7848885839633495e-11,182701.3246498553,182701.32464985526,1,1.0000000000000002
2023-11-03,77.686378,155.742355,0.016262774360011212,True,False,-2.7878259787618032e-15,-1.7851673665612255e-11,183939.75697846862,183939.7569784686,1,1.0000000000000002
2023-11-06,76.932846,155.453979,0.015639812882104618,True,False,-2.788261410628962e-15,-1.7854461927022884e-11,182155.6025806989,182155.60258069888,1,1.0000000000000002
2023-11-07,78.067581,156.443634,0.01596313027448595,True,False,-2.7886969105064316e-15,-1.785725062393339e-11,184842.3397604779,184842.33976047786,1,1.0000000000000002
2023-11-08,79.397362,156.600937,0.015738389663692915,True,False,-2.789132478404835e-15,-1.7860039756411796e-11,187990.89167230192,187990.8916723019,1,1.0000000000000002
2023-11-09,77.571121,155.850494,0.015361955186658815,True,False,-2.789568114334795e-15,-1.786282932452613e-11,183666.86042805837,183666.86042805834,1,1.0000000000000002
2023-11-10,78.005516,162.135757,0.014898409907579381,True,False,-2.7900038183069385e-15,-1.7865619328344436e-11,184695.3870860094,184695.38708600937,1,1.0000000000000002
2023-11-13,77.828232,160.556259,0.0143978580502715,True,False,-2.7904395903318932e-15,-1.786840976793477e-11,184275.6278345719,184275.62783457187,1,1.0000000000000002
2023-11-14,79.592415,166.494171,0.014849184963433175,True,False,-2.790875430420288e-15,-1.787120064336519e-11,188452.72297840196,188452.72297840193,1,1.0000000000000002
2023-11-15,78.475403,167.703384,0.015111815797536081,True,False,-2.7913113385827535e-15,-1.7873991954703773e-11,185807.9489380672,185807.94893806716,1,1.0000000000000002
2023-11-16,79.450562,167.785309,0.01422403909716936,True,False,-2.791747314829923e-15,-1.7876783702018604e-11,188116.8544900208,188116.85449002078,1,1.0000000000000002
2023-11-17,79.822929,168.965027,0.014220215840089768,True,False,-2.79218335917243e-15,-1.7879575885377775e-11,188998.51607922246,188998.51607922243,1,1.0000000000000002
2023-11-20,80.310463,171.455536,0.014110097387946247,True,False,-2.7926194716209097e-15,-1.7882368504849396e-11,190152.861123842,190152.86112384198,1,1.0000000000000002
2023-11-21,80.275047,168.250626,0.013965096643544844,True,False,-2.793055652186001e-15,-1.788516156050158e-11,190069.0058766177,190069.00587661768,1,1.0000000000000002
2023-11-22,80.558723,168.788101,0.012595382533798612,True,False,-2.7934919008783422e-15,-1.788795505240246e-11,190740.6718217159,190740.67182171586,1,1.0000000000000002
2023-11-24,79.610168,168.909332,0.012826813631295807,True,False,-2.7939282177085748e-15,-1.7890748980620168e-11,188494.7571495103,188494.75714951026,1,1.0000000000000002
2023-11-27,80.939926,168.67334,0.013043381528447133,True,False,-2.794364602687341e-15,-1.7893543345222855e-11,191643.25460372516,191643.25460372513,1,1.0000000000000002
2023-11-28,81.099518,167.686996,0.012897282588042867,True,False,-2.7948010558252844e-15,-1.789633814627868e-11,192021.12411510473,192021.1241151047,1,1.0000000000000002
2023-11-29,82.119003,169.505722,0.012820590475039518,True,False,-2.795237577133051e-15,-1.7899133383855814e-11,194434.9813185284,194434.98131852836,1,1.0000000000000002
2023-11-30,81.170441,168.322723,0.012761954152157487,True,False,-2.7956741666212894e-15,-1.7901929058022435e-11,192189.0500722678,192189.05007226777,1,1.0000000000000002
2023-12-01,82.699181,169.112488,0.012486155390963913,True,False,-2.796110824300647e-15,-1.7904725168846735e-11,195808.68161286123,195808.6816128612,1,1.0000000000000002
2023-12-04,82.370148,167.218384,0.012567900903972926,True,False,-2.796547550181776e-15,-1.7907521716396917e-11,195029.62289476919,195029.62289476916,1,1.0000000000000002
2023-12-05,84.139915,166.268051,0.012831723316063748,True,False,-2.7969843442753283e-15,-1.7910318700741192e-11,199219.93939901542,199219.9393990154,1,1.0000000000000002
2023-12-06,85.26049,165.242355,0.012776625329162392,True,False,-2.7974212065919578e-15,-1.7913116121947785e-11,201873.14963332636,201873.14963332633,1,1.0000000000000002
2023-12-07,84.771355,169.672897,0.012614441775521866,True,False,-2.797858137142321e-15,-1.7915913980084927e-11,200715.01386556457,200715.01386556454,1,1.0000000000000002
2023-12-08,84.077644,171.013153,0.011331075933898246,True,False,-2.7982951359370747e-15,-1.7918712275220865e-11,199072.49897378663,199072.4989737866,1,1.0000000000000002
2023-12-11,83.899788,176.846207,0.011406004019331003,True,False,-2.7987322029868783e-15,-1.7921511007423853e-11,198651.3853852864,198651.38538528638,1,1.0000000000000002
2023-12-12,84.148819,178.120911,0.011322806299276063,True,False,-2.799169338302393e-15,-1.7924310176762155e-11,199241.0215969284,199241.02159692836,1,1.0000000000000002
2023-12-13,86.123108,180.86377,0.011390729087551286,True,False,-2.79960654189428e-15,-1.792710978330405e-11,203915.58936819536,203915.58936819533,1,1.0000000000000002
2023-12-14,88.363449,185.877594,0.011543360835339904,True,False,-2.8000438137732043e-15,-1.7929909827117823e-11,209220.0943496079,209220.09434960788,1,1.0000000000000002
2023-12-15,88.461594,186.569031,0.011488023233979816,True,False,-2.8004811539498316e-15,-1.7932710308271774e-11,209452.47443880004,209452.4744388,1,1.0000000000000002
2023-12-18,87.756752,186.05127,0.011871670350995345,True,False,-2.80091856243483e-15,-1.793551122683421e-11,207783.60443190878,207783.60443190875,1,1.0000000000000002
2023-12-19,88.229614,187.044159,0.011868462546027624,True,False,-2.8013560392388673e-15,-1.7938312582873448e-11,208903.21025732582,208903.2102573258,1,1.0000000000000002
2023-12-20,88.8274,181.499451,0.011813265280298923,True,False,-2.8017935843726152e-15,-1.794111437645782e-11,210318.60140305708,210318.60140305705,1,1.0000000000000002
2023-12-21,88.265327,186.523117,0.012084049648440173,True,False,-2.8022311978467457e-15,-1.7943916607655667e-11,208987.76871802498,208987.76871802495,1,1.0000000000000002
2023-12-22,87.863831,187.120697,0.011665824950316938,True,False,-2.802668879671933e-15,-1.7946719276535338e-11,208037.13775067794,208037.1377506779,1,1.0000000000000002
2023-12-26,88.113632,190.427124,0.011344766105745046,True,False,-2.8031066298588528e-15,-1.7949522383165197e-11,208628.59710836582,208628.5971083658,1,1.0000000000000002
2023-12-27,89.675003,190.916351,0.011710139024751962,True,False,-2.8035444484181834e-15,-1.7952325927613614e-11,212325.48979003043,212325.4897900304,1,1.0000000000000002
2023-12-28,89.023682,190.558487,0.011880480721612885,True,False,-2.8039823353606027e-15,-1.7955129909948975e-11,210783.3426396642,210783.34263966416,1,1.0000000000000002
2023-12-29,88.220711,189.159729,0.011715724857780375,True,False,-2.8044202906967924e-15,-1.795793433023967e-11,208882.130427135,208882.13042713498,1,1.0000000000000002
2024-01-02,87.712112,182.346527,0.011394577910946009,True,False,-2.74784899910334e-15,-1.7960682179238773e-11,207677.90931568752,207677.9093156875,1,1.0000000000000002
2024-01-03,88.077957,178.429398,0.011278873104641518,True,False,-2.7482694636168536e-15,-1.796343044870239e-11,208544.1286211079,208544.12862110787,1,1.0000000000000002
2024-01-04,86.739655,176.928848,0.011186742652211847,True,False,-2.7486899924681116e-15,-1.7966179138694858e-11,205375.4013489496,205375.40134894958,1,1.0000000000000002
2024-01-05,85.909897,177.910629,0.011094093648620552,True,False,-2.749110585666959e-15,-1.7968928249280525e-11,203410.76496352127,203410.76496352124,1,1.0000000000000002
2024-01-08,86.757492,183.705902,0.011187038159716218,True,False,-2.7495312432232424e-15,-1.7971677780523748e-11,205417.6344087175,205417.63440871748,1,1.0000000000000002
2024-01-09,86.204323,183.768295,0.011113908912606064,True,False,-2.7499519651468083e-15,-1.7974427732488896e-11,204107.88392159835,204107.88392159832,1,1.0000000000000002
2024-01-10,85.802834,183.151001,0.011169072132815719,True,False,-2.7503727514475074e-15,-1.7977178105240343e-11,203157.2695283063,203157.26952830626,1,1.0000000000000002
2024-01-11,86.284622,183.827377,0.011207434912786397,True,False,-2.7507936021351893e-15,-1.7979928898842477e-11,204298.00964152333,204298.0096415233,1,1.0000000000000002
2024-01-12,86.115112,183.016388,0.009957770667212621,True,False,-2.7512145172197062e-15,-1.7982680113359695e-11,203896.6570619833,203896.65706198328,1,1.0000000000000002
2024-01-16,84.598373,185.610306,0.008722199915675983,True,False,-2.7516354967109122e-15,-1.7985431748856405e-11,200305.4405547629,200305.44055476287,1,1.0000000000000002
2024-01-17,84.464523,183.909485,0.008689504913959825,True,False,-2.752056540618663e-15,-1.7988183805397023e-11,199988.52094664876,199988.52094664873,1,1.0000000000000002
2024-01-18,83.679382,189.980576,0.00874065482605257,True,False,-2.7524776489528145e-15,-1.7990936283045975e-11,198129.52521983252,198129.5252198325,1,1.0000000000000002
2024-01-19,83.947067,197.411041,0.008652029508258852,True,False,-2.7528988217232253e-15,-1.7993689181867698e-11,198763.32892022876,198763.32892022873,1,1.0000000000000002
2024-01-22,84.446693,198.057877,0.008607846701422011,True,False,-2.753320058939756e-15,-1.7996442501926637e-11,199946.30446093582,199946.3044609358,1,1.0000000000000002
2024-01-23,83.777565,199.371262,0.008652769181568126,True,False,-2.7537413606122663e-15,-1.799919624328725e-11,198361.99528246582,198361.9952824658,1,1.0000000000000002
2024-01-24,83.286842,202.273834,0.008673349172002819,True,False,-2.754162726750621e-15,-1.8001950406014e-11,197200.09957194954,197200.0995719495,1,1.0000000000000002
2024-01-25,83.831078,201.712372,0.00883371512718042,True,False,-2.7545841573646823e-15,-1.8004704990171367e-11,198488.69919721378,198488.69919721375,1,1.0000000000000002
2024-01-26,83.670479,196.274948,0.007475449723992533,True,False,-2.7550056524643172e-15,-1.8007459995823832e-11,198108.44538964168,198108.44538964165,1,1.0000000000000002
2024-01-29,84.634041,198.317307,0.0081177387732505,True,False,-2.7554272120593928e-15,-1.801021542303589e-11,200389.89246796584,200389.8924679658,1,1.0000000000000002
2024-01-30,85.401382,195.253815,0.00835565804111099,True,False,-2.7558488361597776e-15,-1.801297127187205e-11,202206.7427407333,202206.74274073326,1,1.0000000000000002
2024-01-31,86.240013,192.426773,0.00866635340701152,True,False,-2.7562705247753427e-15,-1.8015727542396824e-11,204192.38792468834,204192.38792468832,1,1.0000000000000002
2024-02-01,87.931694,193.378937,0.009736638799824225,True,False,-2.7566922779159587e-15,-1.801848423467474e-11,208197.81847810006,208197.81847810003,1,1.0000000000000002
2024-02-02,85.989372,195.848145,0.010417843870595826,True,False,-2.7571140955914997e-15,-1.8021241348770332e-11,203598.9396804049,203598.93968040487,1,1.0000000000000002
2024-02-05,84.252968,198.524124,0.01117014514647801,True,False,-2.7575359778118412e-15,-1.8023998884748144e-11,199487.61748983446,199487.61748983443,1,1.0000000000000002
2024-02-06,85.076424,196.209305,0.011165506383031272,True,False,-2.7579579245868593e-15,-1.8026756842672732e-11,201437.33249035184,201437.3324903518,1,1.0000000000000002
2024-02-07,84.66468,199.210358,0.011131339799396955,True,False,-2.758379935926431e-15,-1.8029515222608658e-11,200462.43710653897,200462.43710653894,1,1.0000000000000002
2024-02-08,84.172417,202.634979,0.011155066566374324,True,False,-2.7588020118404364e-15,-1.80322740246205e-11,199296.89510393082,199296.8951039308,1,1.0000000000000002
2024-02-09,84.00235,206.670364,0.01104889960817498,True,False,-2.759224152338756e-15,-1.803503324877284e-11,198894.2237031602,198894.22370316018,1,1.0000000000000002
2024-02-12,84.1008,206.296066,0.01106181064158732,True,False,-2.759646357431273e-15,-1.803779289513027e-11,199127.3259476043,199127.32594760426,1,1.0000000000000002
2024-02-13,82.659737,202.057144,0.011023892874712133,True,False,-2.76006862712787e-15,-1.8040552963757397e-11,195715.28918086682,195715.2891808668,1,1.0000000000000002
2024-02-14,83.080414,206.621094,0.011110643394047229,True,False,-2.7604909614384337e-15,-1.8043313454718837e-11,196711.33542653464,196711.3354265346,1,1.0000000000000002
2024-02-15,83.510063,206.424103,0.010998363993185647,True,False,-2.7609133603728507e-15,-1.804607436807921e-11,197728.62487522076,197728.62487522073,1,1.0000000000000002
2024-02-16,83.026718,205.255203,0.011040448767715913,True,False,-2.7613358239410094e-15,-1.804883570390315e-11,196584.19821863552,196584.1982186355,1,1.0000000000000002
2024-02-20,83.09832,201.80101,0.010941450182401082,True,False,-2.7617583521527995e-15,-1.8051597462255302e-11,196753.73185913003,196753.73185913,1,1.0000000000000002
2024-02-21,82.507599,201.338043,0.010914714320224048,True,False,-2.762180945018113e-15,-1.805435964320032e-11,195355.0686703007,195355.06867030068,1,1.0000000000000002
2024-02-22,82.910362,211.260635,0.0109143321073404,True,False,-2.7626036025468427e-15,-1.8057122246802868e-11,196308.69954159608,196308.69954159606,1,1.0000000000000002
2024-02-23,84.020226,208.981918,0.011235526911909282,True,False,-2.7630263247488832e-15,-1.8059885273127618e-11,198936.54910409142,198936.5491040914,1,1.0000000000000002
2024-02-26,83.769623,211.043945,0.011248236762835984,True,False,-2.763449111634131e-15,-1.8062648722239252e-11,198343.19083324922,198343.1908332492,1,1.0000000000000002
2024-02-27,83.178909,210.833786,0.011021351555959544,True,False,-2.7638719632124823e-15,-1.8065412594202466e-11,196944.5442184749,196944.54421847488,1,1.0000000000000002
2024-02-28,83.706978,208.46312,0.010909867012447672,True,False,-2.7642948794938378e-15,-1.806817688908196e-11,198194.864879941,198194.86487994096,1,1.0000000000000002
2024-02-29,84.297707,214.110672,0.010783943432245724,True,False,-2.7647178604880967e-15,-1.8070941606942446e-11,199593.54701054737,199593.54701054734,1,1.0000000000000002
2024-03-01,84.82296,223.22226,0.009819300797486233,True,False,-2.7651409062051618e-15,-1.807370674784865e-11,200837.200166474,200837.20016647398,1,1.0000000000000002
2024-03-04,84.481766,225.415619,0.00857907950997012,True,False,-2.7655640166549363e-15,-1.8076472311865305e-11,200029.3475794669,200029.34757946688,1,1.0000000000000002
2024-03-05,85.684921,220.996063,0.007892930944362962,True,False,-2.7659871918473264e-15,-1.8079238299057153e-11,202878.08430789862,202878.0843078986,1,1.0000000000000002
2024-03-06,86.187759,226.426926,0.007708805397492586,True,False,-2.7664104317922374e-15,-1.8082004709488945e-11,204068.66497211158,204068.66497211155,1,1.0000000000000002
2024-03-07,86.106941,234.192291,0.0076108891736762965,True,False,-2.7668337364995786e-15,-1.8084771543225446e-11,203877.31040439723,203877.3104043972,1,1.0000000000000002
2024-03-08,85.954315,224.716217,0.007476471816413286,True,False,-2.767257105979259e-15,-1.8087538800331425e-11,203515.93444542796,203515.93444542793,1,1.0000000000000002
2024-03-11,85.909416,221.731567,0.00745153692270202,True,False,-2.7676805402411894e-15,-1.8090306480871666e-11,203409.62608917308,203409.62608917305,1,1.0000000000000002
2024-03-12,85.191093,226.331696,0.007749411377077118,True,False,-2.7681040392952836e-15,-1.8093074584910962e-11,201708.8368201452,201708.83682014517,1,1.0000000000000002
2024-03-13,84.778091,220.815491,0.006657774683040943,True,False,-2.7685276031514552e-15,-1.8095843112514114e-11,200730.96284188327,200730.96284188324,1,1.0000000000000002
2024-03-14,83.476151,217.042786,0.007563147393486658,True,False,-2.76895123181962e-15,-1.8098612063745935e-11,197648.3306820914,197648.33068209136,1,1.0000000000000002
2024-03-15,83.449196,215.486435,0.0074742469297218,True,False,-2.7693749253096955e-15,-1.8101381438671243e-11,197584.5087318731,197584.50873187307,1,1.0000000000000002
2024-03-18,83.197823,215.319,0.0073864905776828286,True,False,-2.7697986836316e-15,-1.8104151237354875e-11,196989.32731498496,196989.32731498493,1,1.0000000000000002
2024-03-19,83.431252,213.516388,0.007409680853432436,True,False,-2.770222506795254e-15,-1.810692145986167e-11,197542.0223258365,197542.02232583647,1,1.0000000000000002
2024-03-20,83.404343,217.151154,0.007208655263362829,True,False,-2.7706463948105795e-15,-1.810969210625648e-11,197478.30929083654,197478.3092908365,1,1.0000000000000002
2024-03-21,83.583878,222.036987,0.007148093504946491,True,False,-2.7710703476875e-15,-1.811246317660417e-11,197903.3982848057,197903.39828480568,1,1.0000000000000002
2024-03-22,84.383026,222.303207,0.006832112301405002,True,False,-2.7714943654359395e-15,-1.8115234670969605e-11,199795.55869560296,199795.55869560293,1,1.0000000000000002
2024-03-25,83.961014,221.435516,0.00689683217504531,True,False,-2.7719184480658256e-15,-1.8118006589417672e-11,198796.35154088147,198796.35154088144,1,1.0000000000000002
2024-03-26,84.19445,219.769089,0.006705405299791103,True,False,-2.7723425955870852e-15,-1.8120778932013258e-11,199349.06312578797,199349.06312578794,1,1.0000000000000002
2024-03-27,85.029465,222.529984,0.006908071433685425,True,False,-2.772766808009648e-15,-1.8123551698821267e-11,201326.14662649354,201326.14662649352,1,1.0000000000000002
2024-03-28,84.957664,222.766663,0.006755944753527099,True,False,-2.7731910853434446e-15,-1.812632488990661e-11,201156.14180929365,201156.14180929362,1,1.0000000000000002
2024-04-01,83.373978,225.113434,0.007850238662679159,True,False,-2.7736154275984087e-15,-1.812909850533421e-11,197406.41340812913,197406.4134081291,1,1.0000000000000002
2024-04-02,82.914543,221.642563,0.007889031487586509,True,False,-2.774039834784473e-15,-1.8131872545168994e-11,196318.59898785324,196318.5989878532,1,1.0000000000000002
2024-04-03,82.896515,222.263779,0.007053852474048114,True,False,-2.774464306911573e-15,-1.8134647009475904e-11,196275.91369315708,196275.91369315705,1,1.0000000000000002
2024-04-04,83.491081,215.972824,0.007131917809041423,True,False,-2.774888843989646e-15,-1.8137421898319892e-11,197683.68077360533,197683.6807736053,1,1.0000000000000002
2024-04-05,82.328949,218.53653,0.007649867465482633,True,False,-2.775313446028631e-15,-1.814019721176592e-11,194932.0751104233,194932.07511042326,1,1.0000000000000002
2024-04-08,82.319939,219.098572,0.007664284234100531,True,False,-2.7757381130384677e-15,-1.8142972949878957e-11,194910.74193396379,194910.74193396376,1,1.0000000000000002
2024-04-09,83.085693,221.455231,0.008075363163006522,True,False,-2.7761628450290975e-15,-1.8145749112723985e-11,196723.8346316989,196723.83463169888,1,1.0000000000000002
2024-04-10,81.274956,217.412476,0.009174220862272611,True,False,-2.7765876420104637e-15,-1.8148525700365994e-11,192436.51255147628,192436.51255147625,1,1.0000000000000002
2024-04-11,80.90564,222.322937,0.009170082707071139,True,False,-2.7770125039925107e-15,-1.8151302712869986e-11,191562.07488251635,191562.07488251632,1,1.0000000000000002
2024-04-12,81.338028,215.02623,0.008772708759262341,True,False,-2.7774374309851852e-15,-1.8154080150300972e-11,192585.84952213726,192585.84952213723,1,1.0000000000000002
2024-04-15,80.076828,212.304733,0.009332822142113692,True,False,-2.7778624229984348e-15,-1.815685801272397e-11,189599.67836223013,189599.6783622301,1,1.0000000000000002
2024-04-16,79.545334,213.912003,0.00938780513316896,True,False,-2.7782874800422077e-15,-1.8159636300204012e-11,188341.24825244286,188341.24825244283,1,1.0000000000000002
2024-04-17,80.428162,207.423843,0.009792693294758957,True,False,-2.778712602126455e-15,-1.816241501280614e-11,190431.53965171223,190431.5396517122,1,1.0000000000000002
2024-04-18,80.022766,203.745926,0.00981140628225168,True,False,-2.77913778926113e-15,-1.81651941505954e-11,189471.67456802865,189471.67456802863,1,1.0000000000000002
2024-04-19,80.311043,195.620941,0.009849382994499903,True,False,-2.779563041456185e-15,-1.8167973713636855e-11,190154.2344026818,190154.23440268176,1,1.0000000000000002
2024-04-22,80.175934,198.845276,0.009471506352545993,True,False,-2.779988358721576e-15,-1.8170753701995576e-11,189834.33383239643,189834.3338323964,1,1.0000000000000002
2024-04-23,80.202972,202.996506,0.009474036735340289,True,False,-2.7804137410672597e-15,-1.8173534115736644e-11,189898.35230355215,189898.35230355212,1,1.0000000000000002
2024-04-24,79.635414,205.629227,0.009453494551745613,True,False,-2.7808391885031946e-15,-1.8176314954925146e-11,188554.53266259545,188554.53266259542,1,1.0000000000000002
2024-04-25,79.076874,209.445221,0.00900798584148609,True,False,-2.7812647010393397e-15,-1.8179096219626185e-11,187232.0651398754,187232.06513987537,1,1.0000000000000002
2024-04-26,79.491272,213.872559,0.009206863100449764,True,False,-2.7816902786856575e-15,-1.818187790990487e-11,188213.2444582414,188213.24445824136,1,1.0000000000000002
2024-04-29,80.157913,215.499542,0.008795967605391874,True,False,-2.7821159214521106e-15,-1.8184660025826324e-11,189791.66511175522,189791.6651117552,1,1.0000000000000002
2024-04-30,79.473274,211.003159,0.008886965133268431,True,False,-2.782541629348663e-15,-1.8187442567455672e-11,188170.63019520935,188170.63019520932,1,1.0000000000000002
2024-05-01,80.059059,203.874084,0.00912965794384192,True,False,-2.7829674023852807e-15,-1.8190225534858058e-11,189557.6063075676,189557.60630756756,1,1.0000000000000002
2024-05-02,80.402603,208.459183,0.00900448075723836,True,False,-2.7833932405719315e-15,-1.819300892809863e-11,190371.02304159797,190371.02304159795,1,1.0000000000000002
2024-05-03,81.216179,213.15274,0.008906529072352825,True,False,-2.7838191439185842e-15,-1.8195792747242547e-11,192297.3449473961,192297.34494739608,1,1.0000000000000002
2024-05-06,81.532585,217.580078,0.008964687533184523,True,False,-2.784245112435209e-15,-1.8198576992354982e-11,193046.50643805705,193046.50643805703,1,1.0000000000000002
2024-05-07,82.029793,215.657288,0.008809734331015702,True,False,-2.784671146131778e-15,-1.8201361663501114e-11,194223.75682663548,194223.75682663545,1,1.0000000000000002
2024-05-08,81.532585,215.864349,0.00737611848824595,True,False,-2.785097245018266e-15,-1.8204146760746133e-11,193046.50643805705,193046.50643805703,1,1.0000000000000002
2024-05-09,81.930359,215.055832,0.00736013260368985,True,False,-2.7855234091046465e-15,-1.8206932284155237e-11,193988.32474360804,193988.324743608,1,1.0000000000000002
2024-05-10,81.469322,217.165955,0.00740015642734674,True,False,-2.785949638400897e-15,-1.8209718233793637e-11,192896.71723246778,192896.71723246775,1,1.0000000000000002
2024-05-13,81.677246,217.619507,0.00642086938614646,True,False,-2.7863759329169947e-15,-1.8212504609726554e-11,193389.02349020052,193389.0234902005,1,1.0000000000000002
2024-05-14,82.138268,221.238281,0.006235678976070473,True,False,-2.7868022926629205e-15,-1.8215291412019217e-11,194480.59548550873,194480.5954855087,1,1.0000000000000002
2024-05-15,83.259247,227.450378,0.006457625307128142,True,False,-2.7872287176486553e-15,-1.8218078640736867e-11,197134.76227956323,197134.7622795632,1,1.0000000000000002
2024-05-16,83.177872,226.336136,0.006294565828814112,True,False,-2.7876552078841813e-15,-1.8220866295944752e-11,196942.0888906182,196942.08889061818,1,1.0000000000000002
2024-05-17,82.617401,225.05426,0.006570578175632927,True,False,-2.788081763379483e-15,-1.822365437770813e-11,195615.0492964505,195615.04929645048,1,1.0000000000000002
2024-05-20,82.373337,230.004181,0.006608301708643066,True,False,-2.788508384144546e-15,-1.8226442886092276e-11,195037.1735606659,195037.17356066586,1,1.0000000000000002
2024-05-21,82.798187,229.264664,0.006656697551658317,True,False,-2.7889350701893578e-15,-1.8229231821162467e-11,196043.1003108138,196043.10031081378,1,1.0000000000000002
2024-05-22,82.897659,231.956573,0.006337203640754764,True,False,-2.7893618215239078e-15,-1.8232021182983992e-11,196278.62236728249,196278.62236728246,1,1.0000000000000002
2024-05-23,82.364273,230.654999,0.006294576238831349,True,False,-2.7897886381581855e-15,-1.823481097162215e-11,195015.7125272109,195015.71252721088,1,1.0000000000000002
2024-05-24,82.608353,235.230225,0.0062543819771469465,True,False,-2.7902155201021833e-15,-1.823760118714225e-11,195593.62614654974,195593.6261465497,1,1.0000000000000002
2024-05-28,81.424118,239.203964,0.007047456957846913,True,False,-2.7906424673658935e-15,-1.8240391829609618e-11,192789.68672096095,192789.68672096092,1,1.0000000000000002
2024-05-29,80.438751,234.263901,0.007338870041527634,True,False,-2.7910694799593132e-15,-1.8243182899089577e-11,190456.61146142698,190456.61146142695,1,1.0000000000000002
2024-05-30,81.216179,232.636932,0.007465353980396162,True,False,-2.791496557892437e-15,-1.824597439564747e-11,192297.3449473961,192297.34494739608,1,1.0000000000000002
2024-05-31,81.767639,230.743713,0.00754802870296124,True,False,-2.791923701175264e-15,-1.8248766319348647e-11,193603.04899738217,193603.04899738214,1,1.0000000000000002
2024-06-03,83.090195,231.118439,0.00803517506805364,True,False,-2.792350909817793e-15,-1.8251558670258466e-11,196734.49411676222,196734.4941167622,1,1.0000000000000002
2024-06-04,84.060791,229.313965,0.00835358477911947,True,False,-2.7927781838300257e-15,-1.8254351448442294e-11,199032.5957526021,199032.59575260206,1,1.0000000000000002
2024-06-05,84.677628,239.34201,0.008393352706298393,True,False,-2.793205523221964e-15,-1.8257144653965515e-11,200493.09437277625,200493.09437277622,1,1.0000000000000002
2024-06-06,84.550613,237.379807,0.00823412308761782,True,False,-2.7936329280036122e-15,-1.8259938286893517e-11,200192.35814547242,200192.3581454724,1,1.0000000000000002
2024-06-07,82.999481,236.66983,0.009361238325153544,True,False,-2.7940603981849764e-15,-1.8262732347291703e-11,196519.70857077444,196519.7085707744,1,1.0000000000000002
2024-06-10,82.446144,240.081528,0.009401074189397826,True,False,-2.794487933776064e-15,-1.8265526835225478e-11,195209.56030633618,195209.56030633615,1,1.0000000000000002
2024-06-11,83.298843,240.279022,0.009641949599846907,True,False,-2.7949155347868826e-15,-1.8268321750760264e-11,197228.5146053226,197228.51460532256,1,1.0000000000000002
2024-06-12,83.924713,247.05188,0.009697816204851446,True,False,-2.7953432012274435e-15,-1.827111709396149e-11,198710.40085956542,198710.4008595654,1,1.0000000000000002
2024-06-13,85.158363,249.737366,0.009770572195219531,True,False,-2.7957709331077585e-15,-1.82739128648946e-11,201631.34127458243,201631.3412745824,1,1.0000000000000002
2024-06-14,85.874985,248.838898,0.00988779573314721,True,False,-2.7961987304378405e-15,-1.8276709063625037e-11,203328.1030482543,203328.10304825427,1,1.0000000000000002
2024-06-17,85.022301,252.768341,0.010055690909529092,True,False,-2.796626593227704e-15,-1.8279505690218266e-11,201309.18426509996,201309.18426509993,1,1.0000000000000002
2024-06-18,85.802406,255.986923,0.01014080374308,True,False,-2.7970545214873664e-15,-1.8282302744739752e-11,203156.2561432314,203156.25614323138,1,1.0000000000000002
2024-06-20,85.230942,249.036362,0.010293881830659197,True,False,-2.7974825152268446e-15,-1.828510022725498e-11,201803.18817960535,201803.18817960532,1,1.0000000000000002
2024-06-21,85.230942,246.60759,0.010298899560937429,True,False,-2.797910574456159e-15,-1.8287898137829435e-11,201803.18817960535,201803.18817960532,1,1.0000000000000002
2024-06-24,85.57563,239.568146,0.010144422747026902,True,False,-2.7983386991853298e-15,-1.829069647652862e-11,202619.31358776113,202619.3135877611,1,1.0000000000000002
2024-06-25,85.720772,243.250809,0.010141496512235764,True,False,-2.7987668894243797e-15,-1.8293495243418045e-11,202962.96951425276,202962.96951425273,1,1.0000000000000002
2024-06-26,84.496193,242.302994,0.010137225765045686,True,False,-2.7991951451833327e-15,-1.829629443856323e-11,200063.50670674568,200063.50670674565,1,1.0000000000000002
2024-06-27,84.831841,241.058975,0.009589410607830591,True,False,-2.799623466472215e-15,-1.82990940620297e-11,200858.22790677779,200858.22790677776,1,1.0000000000000002
2024-06-28,83.253464,243.49762,0.010558326315350149,True,False,-2.8000518533010526e-15,-1.8301894113883e-11,197121.06974244164,197121.0697424416,1,1.0000000000000002
2024-07-01,81.81662,243.487747,0.011253189549807283,True,False,-2.800480305679875e-15,-1.830469459418868e-11,193719.02239540263,193719.0223954026,1,1.0000000000000002
2024-07-02,82.45359,246.913666,0.010774745288954106,True,False,-2.8009088236187126e-15,-1.83074955030123e-11,195227.19036537255,195227.19036537252,1,1.0000000000000002
2024-07-03,83.536469,251.030701,0.010863207083876891,True,False,-2.8013374071275965e-15,-1.8310296840419427e-11,197791.1469459855,197791.14694598547,1,1.0000000000000002
2024-07-05,84.228065,251.524384,0.01089964104132612,True,False,-2.80176605621656e-15,-1.8313098606475643e-11,199428.6541054425,199428.65410544246,1,1.0000000000000002
2024-07-08,84.410042,256.29303,0.010908529305424372,True,False,-2.802194770895638e-15,-1.831590080124654e-11,199859.52507687165,199859.52507687162,1,1.0000000000000002
2024-07-09,84.036957,256.174561,0.010078972687450692,True,False,-2.802623551174867e-15,-1.8318703424797714e-11,198976.16346317518,198976.16346317515,1,1.0000000000000002
2024-07-10,84.300858,262.118073,0.009942425717987145,True,False,-2.803052397064285e-15,-1.8321506477194777e-11,199601.00770300286,199601.00770300283,1,1.0000000000000002
2024-07-11,85.119827,253.498993,0.009913164715816563,True,False,-2.8034813085739313e-15,-1.832430995850335e-11,201540.0987342889,201540.09873428888,1,1.0000000000000002
2024-07-12,85.483826,256.589233,0.0098295055267511,True,False,-2.8039102857138463e-15,-1.8327113868789064e-11,202401.94722464337,202401.94722464334,1,1.0000000000000002
2024-07-15,84.50106,256.875519,0.009653109764864677,True,False,-2.8043393284940727e-15,-1.8329918208117557e-11,200075.03041038924,200075.0304103892,1,1.0000000000000002
2024-07-16,85.693123,258.465088,0.009998051481931702,True,False,-2.804768436924655e-15,-1.833272297655448e-11,202897.504364871,202897.50436487098,1,1.0000000000000002
2024-07-17,85.711334,240.081558,0.009724336923077613,True,False,-2.8051976110156382e-15,-1.8335528174165497e-11,202940.62295271832,202940.6229527183,1,1.0000000000000002
2024-07-18,85.056152,240.802277,0.009656182001701525,True,False,-2.8056268507770698e-15,-1.8338333801016275e-11,201389.33402717893,201389.3340271789,1,1.0000000000000002
2024-07-19,84.555664,233.437027,0.009631143609801978,True,False,-2.8060561562189983e-15,-1.8341139857172495e-11,200204.31750998928,200204.31750998925,1,1.0000000000000002
2024-07-22,84.309959,243.112579,0.009646788065503367,True,False,-2.806485527351474e-15,-1.8343946342699847e-11,199622.55634217692,199622.5563421769,1,1.0000000000000002
2024-07-23,84.191658,239.489182,0.00958738726758443,True,False,-2.806914964184548e-15,-1.834675325766403e-11,199342.45244557987,199342.45244557984,1,1.0000000000000002
2024-07-24,83.281685,226.753036,0.009822890078646129,True,False,-2.807344466728274e-15,-1.8349560602130757e-11,197187.88922888608,197187.88922888605,1,1.0000000000000002
2024-07-25,83.964165,221.698044,0.00954914644755504,True,False,-2.8077740349927065e-15,-1.835236837616575e-11,198803.81223333694,198803.8122333369,1,1.0000000000000002
2024-07-26,84.619354,226.456818,0.009676121373926972,True,False,-2.808203668987902e-15,-1.835517657983474e-11,200355.1177329313,200355.11773293128,1,1.0000000000000002
2024-07-29,85.074348,225.98291,0.008681047002372912,True,False,-2.808633368723919e-15,-1.8357985213203462e-11,201432.41709919422,201432.4170991942,1,1.0000000000000002
2024-07-30,85.401955,217.778473,0.007521799375067612,True,False,-2.809063134210816e-15,-1.8360794276337673e-11,202208.09944551814,202208.0994455181,1,1.0000000000000002
2024-07-31,86.27552,232.390503,0.007635507909815705,True,False,-2.8094929654586533e-15,-1.836360376930313e-11,204276.45863462714,204276.4586346271,1,1.0000000000000002
2024-08-01,87.019646,215.645905,0.007364361692883021,True,False,-2.8099228624774954e-15,-1.836641369216561e-11,206038.34223797082,206038.3422379708,1,1.0000000000000002
2024-08-02,89.731277,204.18338,0.009698651893389967,False,False,-2.8103528252774044e-15,-1.8369224044990885e-11,212458.7309856002,212458.73098560018,1,1.0000000000000002
2024-08-05,90.206055,200.579727,0.009706690679043317,False,False,-2.8107828538684466e-15,-1.8372034827844753e-11,213582.87336663288,213582.87336663285,1,1.0000000000000002
2024-08-06,88.188286,202.396332,0.01120760439196709,False,False,-2.811212948260689e-15,-1.8374846040793012e-11,208805.35703682422,208805.3570368242,1,1.0000000000000002
2024-08-07,87.567429,196.75885,0.011403284240783806,False,False,-2.8116431084642005e-15,-1.8377657683901476e-11,207335.34017365702,207335.340173657,1,1.0000000000000002
2024-08-08,87.028763,210.334229,0.011385443622457166,True,False,-2.8120733344890514e-15,-1.8380469757235966e-11,206059.92876069908,206059.92876069905,1,1.0000000000000002
2024-08-09,87.887001,209.090225,0.011532997381684612,True,False,-2.812503626345313e-15,-1.838328226086231e-11,208091.9978726055,208091.99787260548,1,1.0000000000000002
2024-08-12,88.206558,210.294754,0.011128427714324837,True,False,-2.8129339840430587e-15,-1.8386095194846353e-11,208848.62005572196,208848.62005572193,1,1.0000000000000002
2024-08-13,88.81826,218.834869,0.010839647668213723,True,False,-2.813364407592363e-15,-1.8388908559253946e-11,210296.96042271965,210296.96042271963,1,1.0000000000000002
2024-08-14,89.375214,218.281982,0.010877401305572656,True,False,-2.8137948970033022e-15,-1.839172235415095e-11,211615.67273812953,211615.6727381295,1,1.0000000000000002
2024-08-15,88.653946,228.776962,0.01089809855322023,True,False,-2.814225452285955e-15,-1.8394536579603234e-11,209907.9105274065,209907.91052740646,1,1.0000000000000002
2024-08-16,88.96434,228.293198,0.010737649227421138,True,False,-2.8146560734503997e-15,-1.8397351235676686e-11,210642.83727257635,210642.83727257632,1,1.0000000000000002
2024-08-19,89.375214,232.173294,0.010668133749356504,True,False,-2.8150867605067184e-15,-1.840016632243719e-11,211615.67273812953,211615.6727381295,1,1.0000000000000002
2024-08-20,90.087364,229.102798,0.010673454693101148,True,False,-2.8155175134649927e-15,-1.8402981839950657e-11,213301.84605840215,213301.84605840212,1,1.0000000000000002
2024-08-21,90.142151,232.350998,0.01016327623769355,True,False,-2.815948332335307e-15,-1.840579778828299e-11,213431.5664511534,213431.56645115337,1,1.0000000000000002
2024-08-22,89.247383,224.413132,0.010569527880381098,True,False,-2.8163792171277468e-15,-1.8408614167500118e-11,211313.0044495614,211313.00444956138,1,1.0000000000000002
2024-08-23,89.831749,230.425751,0.0105438626847624,True,False,-2.8168101678523992e-15,-1.841143097766797e-11,212696.62076420645,212696.62076420643,1,1.0000000000000002
2024-08-26,89.603462,224.640213,0.01059827216562905,True,False,-2.817241184519353e-15,-1.841424821885249e-11,212156.1005805863,212156.10058058627,1,1.0000000000000002
2024-08-27,89.44825,227.128189,0.010636952437726837,True,False,-2.817672267138699e-15,-1.841706589111963e-11,211788.60169216932,211788.6016921693,1,1.0000000000000002
2024-08-28,89.338684,223.030884,0.010498035502688382,True,False,-2.8181034157205274e-15,-1.841988399453535e-11,211529.17984844398,211529.17984844395,1,1.0000000000000002
2024-08-29,89.046532,222.389145,0.010425915211787271,True,False,-2.8185346302749334e-15,-1.8422702529165625e-11,210837.44509050774,210837.4450905077,1,1.0000000000000002
2024-08-30,88.09697,228.20433,0.008105385309430797,True,False,-2.81896591081201e-15,-1.8425521495076438e-11,208589.14612210958,208589.14612210955,1,1.0000000000000002
2024-09-03,89.537849,210.788376,0.008878490678161169,False,False,-2.819397257341855e-15,-1.842834089233378e-11,212000.7472279737,212000.74722797368,1,1.0000000000000002
2024-09-04,90.691978,211.479492,0.007655617339333283,False,False,-2.8198286698745657e-15,-1.8431160721003656e-11,214733.4040108888,214733.40401088877,1,1.0000000000000002
2024-09-05,91.204948,210.344116,0.007440357444192265,False,False,-2.8202601484202423e-15,-1.8433980981152078e-11,215947.97443579964,215947.9744357996,1,1.0000000000000002
2024-09-06,91.19577,201.339935,0.007208215326032906,False,False,-2.8206916929889847e-15,-1.8436801672845068e-11,215926.24348202097,215926.24348202095,1,1.0000000000000002
2024-09-09,91.589645,205.318756,0.007010174663143151,False,False,-2.821123303590896e-15,-1.843962279614866e-11,216858.8300389576,216858.83003895756,1,1.0000000000000002
2024-09-10,92.23085,207.480927,0.0070890374415734075,False,False,-2.8215549802360806e-15,-1.8442444351128895e-11,218377.0253121801,218377.02531218008,1,1.0000000000000002
2024-09-11,92.157578,217.11702,0.007030437178069946,True,False,-2.821986722934644e-15,-1.844526633785183e-11,218203.53757571586,218203.53757571583,1,1.0000000000000002
2024-09-12,91.727058,216.159302,0.007094621315197486,True,False,-2.8224185316966928e-15,-1.8448088756383526e-11,217184.1858410479,217184.18584104787,1,1.0000000000000002
2024-09-13,91.97438,220.019638,0.006743675994187975,True,False,-2.8228504065323367e-15,-1.845091160679006e-11,217769.77561555672,217769.7756155567,1,1.0000000000000002
2024-09-16,92.817078,217.087387,0.006931122599148241,True,False,-2.8232823474516854e-15,-1.8453734889137512e-11,219765.05032544528,219765.05032544525,1,1.0000000000000002
2024-09-17,92.368225,217.353897,0.007073495713670464,True,False,-2.8237143544648512e-15,-1.8456558603491976e-11,218702.29114082918,218702.29114082915,1,1.0000000000000002
2024-09-18,91.223244,214.954803,0.0075729735095190175,False,False,-2.8241464275819467e-15,-1.8459382749919558e-11,215991.29428002864,215991.2942800286,1,1.0000000000000002
2024-09-19,90.92099,224.10704,0.007624209955109882,True,False,-2.824578566813088e-15,-1.846220732848637e-11,215275.64079305867,215275.64079305864,1,1.0000000000000002
2024-09-20,90.572891,220.829224,0.007299870771712168,True,False,-2.8250107721683905e-15,-1.8465032339258538e-11,214451.4390846916,214451.43908469158,1,1.0000000000000002
2024-09-23,90.380539,221.688202,0.007194344893170217,True,False,-2.825443043657973e-15,-1.8467857782302196e-11,213996.00299608515,213996.00299608512,1,1.0000000000000002
2024-09-24,90.362213,224.373627,0.007164530925257175,True,False,-2.825875381291955e-15,-1.8470683657683488e-11,213952.61212019197,213952.61212019194,1,1.0000000000000002
2024-09-25,89.61113,225.919571,0.007417369459964973,True,False,-2.826307785080458e-15,-1.847350996546857e-11,212174.2562739372,212174.25627393718,1,1.0000000000000002
2024-09-26,89.8218,233.995514,0.007427023616502746,True,False,-2.8267402550336033e-15,-1.84763367057236e-11,212673.06429665972,212673.0642966597,1,1.0000000000000002
2024-09-27,90.288933,230.284134,0.007455432058564572,True,False,-2.827172791161516e-15,-1.847916387851476e-11,213779.10544195064,213779.1054419506,1,1.0000000000000002
2024-09-30,89.858437,228.215652,0.007085911054519438,True,False,-2.8276053934743224e-15,-1.8481991483908235e-11,212759.81053261398,212759.81053261395,1,1.0000000000000002
2024-10-01,90.507202,221.822174,0.0063093464098515645,True,False,-2.828038061982149e-15,-1.8484819521970218e-11,214295.90578519658,214295.90578519655,1,1.0000000000000002
2024-10-02,89.744484,224.81105,0.005912610322112802,True,False,-2.8284707966951255e-15,-1.8487647992766915e-11,212490.00149187114,212490.0014918711,1,1.0000000000000002
2024-10-03,88.899033,225.612717,0.006046863534151262,True,False,-2.8289035976233822e-15,-1.8490476896364538e-11,210488.20844293784,210488.20844293782,1,1.0000000000000002
2024-10-04,87.805504,228.700623,0.006524994983099359,True,False,-2.82933646477705e-15,-1.8493306232829313e-11,207899.0356215597,207899.03562155968,1,1.0000000000000002
2024-10-07,87.143852,228.077087,0.0064707593664172286,True,False,-2.829769398166263e-15,-1.849613600222748e-11,206332.4275337902,206332.42753379018,1,1.0000000000000002
2024-10-08,87.290901,230.32373,0.006164379289072458,True,False,-2.8302023978011576e-15,-1.8498966204625282e-11,206680.59870639822,206680.5987063982,1,1.0000000000000002
2024-10-09,86.79464,232.728714,0.006179984345213245,True,False,-2.830635463691869e-15,-1.8501796840088973e-11,205505.59055068408,205505.59055068405,1,1.0000000000000002
2024-10-10,86.454659,231.095703,0.006171428911052527,True,False,-2.831068595848535e-15,-1.850462790868482e-11,204700.61001062987,204700.61001062984,1,1.0000000000000002
2024-10-11,86.105423,233.035522,0.006028899588651966,True,False,-2.8315017942812965e-15,-1.8507459410479102e-11,203873.7162021924,203873.71620219236,1,1.0000000000000002
2024-10-14,86.169777,237.330856,0.0053766520141384265,True,False,-2.8319350590002944e-15,-1.85102913455381e-11,204026.08859263375,204026.08859263372,1,1.0000000000000002
2024-10-15,87.217377,225.018921,0.006420659219083992,True,False,-2.8323683900156717e-15,-1.8513123713928118e-11,206506.51430395528,206506.51430395525,1,1.0000000000000002
2024-10-16,87.584969,225.018921,0.006186454548675821,True,False,-2.8328017873375726e-15,-1.8515956515715456e-11,207376.87001995006,207376.87001995003,1,1.0000000000000002
2024-10-17,86.197327,226.790482,0.006927106227302942,True,False,-2.833235250976143e-15,-1.8518789750966433e-11,204091.3193375239,204091.31933752386,1,1.0000000000000002
2024-10-18,86.261696,226.998322,0.006962123546362282,True,False,-2.8336687809415303e-15,-1.8521623419747374e-11,204243.72724379733,204243.7272437973,1,1.0000000000000002
2024-10-21,84.754593,226.572754,0.007744250502670723,True,False,-2.834102377243884e-15,-1.8524457522124618e-11,200675.32610709456,200675.32610709453,1,1.0000000000000002
2024-10-22,84.837303,225.731506,0.007772786079986189,True,False,-2.8345360398933543e-15,-1.852729205816451e-11,200871.16040509325,200871.16040509322,1,1.0000000000000002
2024-10-23,84.607567,223.712494,0.007676205084957546,True,False,-2.8349697689000932e-15,-1.853012702793341e-11,200327.20939209574,200327.2093920957,1,1.0000000000000002
2024-10-24,85.14975,224.959549,0.00787147358589547,True,False,-2.835403564274255e-15,-1.8532962431497684e-11,201610.9480838115,201610.94808381147,1,1.0000000000000002
2024-10-25,84.671898,227.216064,0.007672194554030457,True,False,-2.8358374260259953e-15,-1.853579826892371e-11,200479.52732492794,200479.5273249279,1,1.0000000000000002
2024-10-28,84.442131,227.35463,0.007663867398612131,True,False,-2.836271354165469e-15,-1.8538634540277875e-11,199935.5029125442,199935.50291254418,1,1.0000000000000002
2024-10-29,84.570808,232.946426,0.007361574828764111,True,False,-2.836705348702837e-15,-1.854147124562658e-11,200240.17429404068,200240.17429404065,1,1.0000000000000002
2024-10-30,84.818932,224.731903,0.007389263460682576,True,False,-2.8371394096482575e-15,-1.854430838503623e-11,200827.66298170388,200827.66298170385,1,1.0000000000000002
2024-10-31,84.956749,216.012619,0.007279794731649152,False,False,-2.837573537011893e-15,-1.854714595857324e-11,201153.97534353778,201153.97534353775,1,1.0000000000000002
2024-11-01,83.759018,218.308731,0.007422899429467732,False,False,-2.8380077308039054e-15,-1.8549983966304045e-11,198318.08113998026,198318.08113998023,1,1.0000000000000002
2024-11-04,85.059113,217.051819,0.008299969465765101,False,False,-2.83844199103446e-15,-1.855282240829508e-11,201396.3448524283,201396.34485242827,1,1.0000000000000002
2024-11-05,85.510902,219.585449,0.008404925940170654,False,False,-2.8388763177137237e-15,-1.8555661284612794e-11,202466.0556692403,202466.05566924028,1,1.0000000000000002
2024-11-06,83.168892,225.988815,0.010288183403017926,True,False,-2.8393107108518623e-15,-1.8558500595323646e-11,196920.82674582282,196920.8267458228,1,1.0000000000000002
2024-11-07,84.210831,230.699799,0.01077804240221254,True,False,-2.839745170459047e-15,-1.8561340340494107e-11,199387.84878212356,199387.84878212353,1,1.0000000000000002
2024-11-08,85.280403,228.977722,0.01119212073910506,True,False,-2.8401796965454475e-15,-1.8564180520190653e-11,201920.29808425187,201920.29808425184,1,1.0000000000000002
2024-11-11,84.865463,223.24736,0.011230227894838615,True,False,-2.8406142891212364e-15,-1.8567021134479773e-11,200937.8354604873,200937.83546048726,1,1.0000000000000002
2024-11-12,83.593056,220.812683,0.01123901103914045,False,False,-2.8410489481965875e-15,-1.856986218342797e-11,197925.12923858437,197925.12923858434,1,1.0000000000000002
2024-11-13,82.800087,216.12146,0.011251688632497337,False,False,-2.841483673781677e-15,-1.8572703667101754e-11,196047.5989828752,196047.59898287518,1,1.0000000000000002
2024-11-14,83.279549,215.992844,0.01095977788046033,False,False,-2.841918465886681e-15,-1.857554558556764e-11,197182.83177440026,197182.83177440023,1,1.0000000000000002
2024-11-15,83.058266,209.035202,0.010945862992536292,False,False,-2.8423533245217786e-15,-1.857838793889216e-11,196658.89511663167,196658.89511663164,1,1.0000000000000002
2024-11-18,83.205803,211.737091,0.010319907008631056,False,False,-2.84278824969715e-15,-1.858123072714186e-11,197008.2217376428,197008.22173764277,1,1.0000000000000002
2024-11-19,83.629936,212.142899,0.010400261613276358,False,False,-2.8432232414229764e-15,-1.8584073950383282e-11,198012.45083101807,198012.45083101804,1,1.0000000000000002
2024-11-20,83.362541,210.519775,0.010405794718426802,False,False,-2.8436582997094417e-15,-1.858691760868299e-11,197379.3337700417,197379.33377004167,1,1.0000000000000002
2024-11-21,83.297974,213.855057,0.010269894967514575,False,False,-2.844093424566731e-15,-1.8589761702107558e-11,197226.45705478502,197226.457054785,1,1.0000000000000002
2024-11-22,83.344093,213.944153,0.010219331048662014,False,False,-2.8445286160050296e-15,-1.8592606230723562e-11,197335.65403204775,197335.65403204772,1,1.0000000000000002
2024-11-25,85.501694,216.032394,0.011776040226725635,False,False,-2.844963874034526e-15,-1.8595451194597596e-11,202444.25368379752,202444.2536837975,1,1.0000000000000002
2024-11-26,85.169762,213.231552,0.011816409504313173,False,False,-2.84539919866541e-15,-1.8598296593796263e-11,201658.33093922865,201658.33093922862,1,1.0000000000000002
2024-11-27,85.759872,210.371307,0.011895201222864832,False,False,-2.8458345899078728e-15,-1.8601142428386172e-11,203055.54744983188,203055.54744983185,1,1.0000000000000002
2024-11-29,86.64502,213.182068,0.012091644315835174,False,False,-2.8462700477721065e-15,-1.8603988698433945e-11,205151.33196446038,205151.33196446035,1,1.0000000000000002
2024-12-02,86.853218,218.783783,0.011552344982594071,False,False,-2.8467055722683053e-15,-1.8606835404006213e-11,205644.2869780588,205644.28697805878,1,1.0000000000000002
2024-12-03,86.10376,217.546677,0.011313452588022074,False,False,-2.847141163406665e-15,-1.860968254516962e-11,203869.77868027758,203869.77868027755,1,1.0000000000000002
2024-12-04,87.029007,220.426712,0.011493786631301784,False,False,-2.847576821197383e-15,-1.8612530121990817e-11,206060.50648490063,206060.5064849006,1,1.0000000000000002
2024-12-05,87.204811,216.26004,0.009307945692604508,False,False,-2.8480125456506586e-15,-1.8615378134536468e-11,206476.76150757456,206476.76150757453,1,1.0000000000000002
2024-12-06,87.334343,217.566452,0.009000778508601629,False,False,-2.8484483367766913e-15,-1.8618226582873245e-11,206783.45729149866,206783.45729149863,1,1.0000000000000002
2024-12-09,86.529381,216.517365,0.008948590659041553,False,False,-2.848884194585684e-15,-1.862107546706783e-11,204877.53094419357,204877.53094419354,1,1.0000000000000002
2024-12-10,86.122269,211.370926,0.008943339464259249,False,False,-2.8493201190878396e-15,-1.8623924787186917e-11,203913.60284932193,203913.6028493219,1,1.0000000000000002
2024-12-11,85.308037,216.685623,0.008497340223075812,False,False,-2.8497561102933635e-15,-1.8626774543297212e-11,201985.72771780155,201985.72771780152,1,1.0000000000000002
2024-12-12,84.271767,215.003143,0.008692156561238918,False,False,-2.8501921682124624e-15,-1.8629624735465425e-11,199532.12829829872,199532.1282982987,1,1.0000000000000002
2024-12-13,83.411301,221.000732,0.008952817017397387,False,False,-2.8506282928553446e-15,-1.863247536375828e-11,197494.78390146975,197494.78390146972,1,1.0000000000000002
2024-12-16,83.66111,225.098099,0.008950975522679393,True,False,-2.8510644842322192e-15,-1.863532642824251e-11,198086.26220093475,198086.26220093473,1,1.0000000000000002
2024-12-17,83.86467,221.914139,0.008957619403090037,False,False,-2.851500742353299e-15,-1.8638177928984866e-11,198568.23571925913,198568.2357192591,1,1.0000000000000002
2024-12-18,82.815987,213.706497,0.009334022644711549,False,False,-2.8519370672287952e-15,-1.8641029866052094e-11,196085.24576486263,196085.2457648626,1,1.0000000000000002
2024-12-19,81.56205,210.118134,0.009891042075664581,False,False,-2.8523734588689237e-15,-1.8643882239510962e-11,193116.27137084067,193116.27137084064,1,1.0000000000000002
2024-12-20,82.026474,212.943222,0.010006493315138431,False,False,-2.8528099172838998e-15,-1.8646735049428246e-11,194215.89835686088,194215.89835686085,1,1.0000000000000002
2024-12-23,81.274117,219.386459,0.010175491783813809,False,False,-2.853246442483941e-15,-1.864958829587073e-11,192434.52603260285,192434.52603260282,1,1.0000000000000002
2024-12-24,81.617783,221.646545,0.008128595763354776,False,False,-2.8536830344792675e-15,-1.865244197890521e-11,193248.23162873404,193248.231628734,1,1.0000000000000002
2024-12-26,81.571327,221.577118,0.008128851682329831,False,False,-2.854119693280099e-15,-1.865529609859849e-11,193138.2367291109,193138.23672911088,1,1.0000000000000002
2024-12-27,80.90258,219.703629,0.007943148373404325,False,False,-2.8545564188966584e-15,-1.8658150655017387e-11,191554.82965277534,191554.8296527753,1,1.0000000000000002
2024-12-30,81.552765,215.381699,0.007759396859053098,False,False,-2.8549932113391684e-15,-1.8661005648228726e-11,193094.28707079327,193094.28707079325,1,1.0000000000000002
2024-12-31,81.116211,213.607361,0.007667231342135325,False,False,-2.8554300706178555e-15,-1.8663861078299343e-11,192060.64850074725,192060.64850074722,1,1.0000000000000002
2025-01-02,81.339111,214.925766,0.0076805675328281255,False,False,-2.3996392814956296e-15,-1.8666260717580837e-11,192588.41376521226,192588.41376521223,1,1.0000000000000002
2025-01-03,81.079056,220.526367,0.006989173014930098,False,False,-2.3999478065461077e-15,-1.8668660665387384e-11,191972.6757847257,191972.67578472567,1,1.0000000000000002
2025-01-06,80.716789,226.910141,0.006867121243133837,True,False,-2.4002563712640923e-15,-1.8671060921758647e-11,191114.92818911353,191114.9281891135,1,1.0000000000000002
2025-01-07,79.806519,223.817383,0.00693970323014307,False,False,-2.400564975654683e-15,-1.86734614867343e-11,188959.6617589449,188959.66175894486,1,1.0000000000000002
2025-01-08,79.908699,221.587036,0.006959923022094629,False,False,-2.4008736197229817e-15,-1.8675862360354025e-11,189201.5956069621,189201.59560696207,1,1.0000000000000002
2025-01-10,79.379272,216.293671,0.006984031456756619,False,False,-2.401182303474089e-15,-1.86782635426575e-11,187948.0595788332,187948.05957883317,1,1.0000000000000002
2025-01-13,79.351395,215.629547,0.006909351834337094,False,False,-2.4014910269131073e-15,-1.8680665033684413e-11,187882.05458880408,187882.05458880405,1,1.0000000000000002
2025-01-14,79.221367,217.047073,0.006614802455549759,False,False,-2.401799790045139e-15,-1.8683066833474458e-11,187574.18441469973,187574.1844146997,1,1.0000000000000002
2025-01-15,80.586754,221.259933,0.007778724284924805,False,False,-2.4021085928752877e-15,-1.8685468942067334e-11,190807.0414409542,190807.04144095417,1,1.0000000000000002
2025-01-16,80.84687,221.587036,0.00778629652796536,False,False,-2.4024174354086573e-15,-1.868787135950274e-11,191422.92385249113,191422.9238524911,1,1.0000000000000002
2025-01-17,80.986153,227.732864,0.007768046004219259,True,False,-2.4027263176503523e-15,-1.869027408582039e-11,191752.70729497875,191752.70729497873,1,1.0000000000000002
2025-01-21,81.710678,230.419189,0.00767586663969977,True,False,-2.4030352396054786e-15,-1.8692677121059996e-11,193468.18117670386,193468.18117670383,1,1.0000000000000002
2025-01-22,81.283386,233.749832,0.006968398996493857,True,False,-2.4033442012791424e-15,-1.8695080465261275e-11,192456.47244909598,192456.47244909595,1,1.0000000000000002
2025-01-23,80.651772,233.313675,0.007024507052399594,True,False,-2.4036532026764498e-15,-1.869748411846395e-11,190960.9859988949,190960.98599889487,1,1.0000000000000002
2025-01-24,81.014038,228.625015,0.006830576158115759,True,False,-2.4039622438025077e-15,-1.869988808070775e-11,191818.73122678496,191818.73122678493,1,1.0000000000000002
2025-01-27,81.970741,210.693069,0.007276791490175967,False,False,-2.404271324662425e-15,-1.8702292352032413e-11,194083.93809896754,194083.9380989675,1,1.0000000000000002
2025-01-28,81.915001,211.634735,0.00727746332484516,False,False,-2.4045804452613102e-15,-1.8704696932477674e-11,193951.96126701921,193951.9612670192,1,1.0000000000000002
2025-01-29,81.747818,212.50708,0.007026854850979875,False,False,-2.4048896056042726e-15,-1.870710182208328e-11,193556.1183768933,193556.11837689328,1,1.0000000000000002
2025-01-30,82.054337,216.828979,0.006850328083123962,False,False,-2.4051988056964217e-15,-1.8709507020888975e-11,194281.8701987801,194281.87019878006,1,1.0000000000000002
2025-01-31,81.515594,216.224304,0.006908691851106131,False,False,-2.4055080455428683e-15,-1.8711912528934518e-11,193006.27647121754,193006.2764712175,1,1.0000000000000002
2025-02-03,82.179306,212.328613,0.0071119791142261884,False,False,-2.4058173251487238e-15,-1.8714318346259666e-11,194577.76206659045,194577.76206659043,1,1.0000000000000002
2025-02-04,82.430992,214.509415,0.007077496723432613,False,False,-2.4061266445191e-15,-1.8716724472904184e-11,195173.68458050766,195173.68458050763,1,1.0000000000000002
2025-02-05,83.791946,218.662796,0.00775818974265772,False,False,-2.4064360036591097e-15,-1.8719130908907844e-11,198396.04549452625,198396.04549452622,1,1.0000000000000002
2025-02-06,83.754669,218.375351,0.007139558291077599,False,False,-2.4067454025738653e-15,-1.8721537654310417e-11,198307.78391640398,198307.78391640395,1,1.0000000000000002
2025-02-07,83.214012,214.975311,0.00740994477622356,False,False,-2.4070548412684823e-15,-1.8723944709151684e-11,197027.65836867012,197027.6583686701,1,1.0000000000000002
2025-02-10,82.962326,217.780579,0.007228982685789861,False,False,-2.407364319748074e-15,-1.8726352073471433e-11,196431.73585475291,196431.7358547529,1,1.0000000000000002
2025-02-11,82.430992,217.978821,0.0074658363030807905,False,False,-2.4076738380177555e-15,-1.8728759747309452e-11,195173.68458050766,195173.68458050763,1,1.0000000000000002
2025-02-12,81.312401,218.216736,0.008212866764011291,False,False,-2.407983396082644e-15,-1.8731167730705534e-11,192525.17190691768,192525.17190691765,1,1.0000000000000002
2025-02-13,82.664024,220.893143,0.00815282269550731,False,False,-2.4082929939478546e-15,-1.8733576023699483e-11,195725.43960567057,195725.43960567054,1,1.0000000000000002
2025-02-14,83.102165,221.12117,0.008191768546680194,False,False,-2.4086026316185048e-15,-1.87359846263311e-11,196762.83575074899,196762.83575074896,1,1.0000000000000002
2025-02-18,82.123367,224.7789,0.008707349429313357,False,False,-2.408912309099713e-15,-1.87383935386402e-11,194445.31405793675,194445.31405793672,1,1.0000000000000002
2025-02-19,82.225922,228.515961,0.008493090679108233,True,False,-2.409222026396597e-15,-1.8740802760666595e-11,194688.13580175556,194688.13580175553,1,1.0000000000000002
2025-02-20,82.533531,229.051254,0.00842083995616421,True,False,-2.4095317835142763e-15,-1.874321229245011e-11,195416.46844077227,195416.46844077224,1,1.0000000000000002
2025-02-21,83.53093,222.023193,0.008525114644635198,False,False,-2.4098415804578713e-15,-1.874562213403057e-11,197778.03213306548,197778.03213306546,1,1.0000000000000002
2025-02-24,83.773293,216.809174,0.008505771347383582,False,False,-2.4101514172325017e-15,-1.87480322854478e-11,198351.88037349412,198351.8803734941,1,1.0000000000000002
2025-02-25,85.218147,212.338547,0.008914255697629962,False,False,-2.410461293843289e-15,-1.8750442746741644e-11,201772.8931748551,201772.89317485507,1,1.0000000000000002
2025-02-26,85.721519,216.03598,0.00893354333163154,False,False,-2.4107712102953544e-15,-1.8752853517951938e-11,202964.73820268954,202964.7382026895,1,1.0000000000000002
2025-02-27,85.115623,203.456802,0.009131093488634981,False,False,-2.4110811665938204e-15,-1.875526459911853e-11,201530.14483042256,201530.14483042253,1,1.0000000000000002
2025-02-28,86.15963,206.698273,0.00940632616903668,False,False,-2.411391162743811e-15,-1.8757675990281275e-11,204002.06331610383,204002.0633161038,1,1.0000000000000002
2025-03-03,86.561737,199.392639,0.009171396142411952,False,False,-2.4117011987504498e-15,-1.8760087691480024e-11,204954.14096167687,204954.14096167684,1,1.0000000000000002
2025-03-04,85.495705,200.502869,0.009701040371883905,False,False,-2.4120112746188604e-15,-1.8762499702754644e-11,202430.07339591562,202430.0733959156,1,1.0000000000000002
2025-03-05,84.813095,204.824783,0.009949033354427173,False,False,-2.4123213903541684e-15,-1.8764912024145e-11,200813.84258758687,200813.84258758684,1,1.0000000000000002
2025-03-06,84.53257,196.309814,0.00934770418300748,False,False,-2.4126315459614996e-15,-1.876732465569096e-11,200149.6373349442,200149.63733494416,1,1.0000000000000002
2025-03-07,84.261391,202.069077,0.009381928337747448,False,False,-2.4129417414459803e-15,-1.8769737597432406e-11,199507.56081339926,199507.56081339924,1,1.0000000000000002
2025-03-10,85.140388,192.721451,0.009497310419431314,False,False,-2.413251976812738e-15,-1.8772150849409218e-11,201588.78146915956,201588.78146915953,1,1.0000000000000002
2025-03-11,84.53257,190.441528,0.009636947526463322,False,False,-2.4135622520668993e-15,-1.8774564411661284e-11,200149.6373349442,200149.63733494416,1,1.0000000000000002
2025-03-12,84.027618,194.366943,0.009619979513685421,False,False,-2.4138725672135936e-15,-1.87769782842285e-11,198954.0513061324,198954.05130613237,1,1.0000000000000002
2025-03-13,84.766365,193.395508,0.009119534934186312,False,False,-2.41418292225795e-15,-1.8779392467150758e-11,200703.19893209805,200703.19893209802,1,1.0000000000000002
2025-03-14,84.31749,199.362885,0.008594595532679074,False,False,-2.4144933172050975e-15,-1.8781806960467964e-11,199640.38765759498,199640.38765759495,1,1.0000000000000002
2025-03-17,84.738297,202.653915,0.008586766670594437,False,False,-2.414803752060167e-15,-1.8784221764220024e-11,200636.74170714067,200636.74170714064,1,1.0000000000000002
2025-03-18,84.822456,199.965134,0.00804017916173594,False,False,-2.415114226828289e-15,-1.8786636878446854e-11,200836.00683451668,200836.00683451665,1,1.0000000000000002
2025-03-19,85.261932,201.59288,0.00807839711968045,False,False,-2.4154247415145956e-15,-1.8789052303188367e-11,201876.56388864873,201876.5638886487,1,1.0000000000000002
2025-03-20,85.318062,199.985001,0.008069171438529456,False,False,-2.415735296124219e-15,-1.8791468038484492e-11,202009.4641322307,202009.46413223067,1,1.0000000000000002
2025-03-21,84.813095,197.890747,0.00785228808976997,False,False,-2.416045890662292e-15,-1.8793884084375153e-11,200813.84258758687,200813.84258758684,1,1.0000000000000002
2025-03-24,83.943459,203.766525,0.00821018595343842,False,False,-2.416356525133948e-15,-1.8796300440900287e-11,198754.7861787564,198754.78617875636,1,1.0000000000000002
2025-03-25,83.934097,202.664841,0.007170898230232989,False,False,-2.4166671995443228e-15,-1.8798717108099832e-11,198732.6195641044,198732.61956410436,1,1.0000000000000002
2025-03-26,83.382393,196.987549,0.0071047487860992865,False,False,-2.41697791389855e-15,-1.880113408601373e-11,197426.33778991678,197426.33778991675,1,1.0000000000000002
2025-03-27,83.139275,193.10675,0.006988556326116161,False,False,-2.4172886682017653e-15,-1.880355137468193e-11,196850.70191927432,196850.7019192743,1,1.0000000000000002
2025-03-28,84.289452,187.270676,0.007151101743731782,False,False,-2.4175994624591056e-15,-1.880596897414439e-11,199574.0014643017,199574.00146430166,1,1.0000000000000002
2025-03-31,85.121674,186.764481,0.007456837744215203,False,False,-2.4179102966757072e-15,-1.8808386884441066e-11,201544.47191707703,201544.471917077,1,1.0000000000000002
2025-04-01,85.859306,186.863739,0.007220394288044222,False,False,-2.4182211708567083e-15,-1.8810805105611923e-11,203290.97953285932,203290.9795328593,1,1.0000000000000002
2025-04-02,85.802986,188.064697,0.006961877818419183,False,False,-2.418532085007247e-15,-1.881322363769693e-11,203157.62942207122,203157.6294220712,1,1.0000000000000002
2025-04-03,86.197151,169.087524,0.006953367845414627,False,False,-2.4188430391324628e-15,-1.8815642480736063e-11,204090.9026184277,204090.90261842767,1,1.0000000000000002
2025-04-04,87.135582,156.452606,0.007212284149349344,False,False,-2.4191540332374938e-15,-1.88180616347693e-11,206312.8464717125,206312.84647171246,1,1.0000000000000002
2025-04-07,84.507935,160.06543,0.009925181945866135,False,False,-2.4194650673274816e-15,-1.8820481099836628e-11,200091.30850008508,200091.30850008506,1,1.0000000000000002
2025-04-08,82.912552,153.703293,0.010681134246151863,False,False,-2.4197761414075664e-15,-1.8822900875978035e-11,196313.88485307735,196313.88485307732,1,1.0000000000000002
2025-04-09,83.400543,182.248459,0.010716694949044661,False,False,-2.42008725548289e-15,-1.882532096323352e-11,197469.31194671377,197469.31194671374,1,1.0000000000000002
2025-04-10,81.101326,167.350586,0.012122444311896663,False,False,-2.4203984095585956e-15,-1.882774136164308e-11,192025.40495672944,192025.4049567294,1,1.0000000000000002
2025-04-11,81.542404,170.973328,0.012215235674322606,False,False,-2.4207096036398243e-15,-1.8830162071246718e-11,193069.7551017259,193069.75510172587,1,1.0000000000000002
2025-04-14,82.124252,172.104782,0.012285434123756446,False,False,-2.421020837731721e-15,-1.883258309208445e-11,194447.4094920285,194447.40949202847,1,1.0000000000000002
2025-04-15,82.415176,172.809509,0.012326420069607926,False,False,-2.4213321118394294e-15,-1.8835004424196288e-11,195136.23668717983,195136.2366871798,1,1.0000000000000002
2025-04-16,82.875023,166.139709,0.012337915986497583,False,False,-2.4216434259680943e-15,-1.8837426067622258e-11,196225.02660897636,196225.02660897633,1,1.0000000000000002
2025-04-17,82.143028,165.305984,0.012437070718224126,False,False,-2.4219547801228617e-15,-1.883984802240238e-11,194491.8658428836,194491.86584288356,1,1.0000000000000002
2025-04-21,80.707191,162.417709,0.012903400415305721,False,False,-2.4222661743088775e-15,-1.884227028857669e-11,191092.20279203707,191092.20279203705,1,1.0000000000000002
2025-04-22,81.157654,165.573975,0.012884872492509586,False,False,-2.4225776085312886e-15,-1.884469286618522e-11,192158.77400929463,192158.7740092946,1,1.0000000000000002
2025-04-23,81.945953,171.777283,0.013130967328846187,False,False,-2.4228890827952426e-15,-1.8847115755268015e-11,194025.24700262139,194025.24700262136,1,1.0000000000000002
2025-04-24,82.809319,181.662872,0.013315468562523521,False,False,-2.4232005971058874e-15,-1.884953895586512e-11,196069.4577936493,196069.45779364926,1,1.0000000000000002
2025-04-25,83.419319,183.42955,0.013408333204999484,False,False,-2.4235121514683725e-15,-1.8851962468016587e-11,197513.76829756884,197513.7682975688,1,1.0000000000000002
2025-04-28,83.944847,183.102066,0.013111416823269849,False,False,-2.423823745887847e-15,-1.8854386291762474e-11,198758.0725770833,198758.07257708328,1,1.0000000000000002
2025-04-29,84.648689,181.146774,0.013056051001742168,False,False,-2.4241353803694607e-15,-1.8856810427142843e-11,200424.57486183703,200424.574861837,1,1.0000000000000002
2025-04-30,83.963623,182.466827,0.0129918236444249,False,False,-2.424447054918366e-15,-1.8859234874197763e-11,198802.5289279384,198802.52892793837,1,1.0000000000000002
2025-05-01,83.537872,182.218674,0.013021256600361016,False,False,-2.4247587695397125e-15,-1.88616596329673e-11,197794.46886014452,197794.4688601445,1,1.0000000000000002
2025-05-02,82.633652,188.61058,0.013110070674079455,False,False,-2.425070524238653e-15,-1.8864084703491538e-11,195653.5271489082,195653.52714890818,1,1.0000000000000002
2025-05-05,82.172104,187.161484,0.012766871317963878,False,False,-2.425382319020341e-15,-1.886651008581056e-11,194560.70973175566,194560.70973175563,1,1.0000000000000002
2025-05-06,82.445251,185.374939,0.011030481425937492,False,False,-2.4256941538899294e-15,-1.886893577996445e-11,195207.4459304673,195207.44593046728,1,1.0000000000000002
2025-05-07,82.793777,188.620514,0.010251414944820557,False,False,-2.426006028852572e-15,-1.8871361785993302e-11,196032.65865618712,196032.6586561871,1,1.0000000000000002
2025-05-08,81.870697,190.307846,0.010440229961627636,False,False,-2.4263179439134245e-15,-1.8873788103937216e-11,193847.06170543618,193847.06170543615,1,1.0000000000000002
2025-05-09,81.993164,192.491379,0.008280766554184096,False,False,-2.426629899077642e-15,-1.8876214733836294e-11,194137.0295324583,194137.02953245828,1,1.0000000000000002
2025-05-12,81.230209,206.317337,0.00847930836533339,False,False,-2.4269418943503805e-15,-1.8878641675730645e-11,192330.56408898628,192330.56408898626,1,1.0000000000000002
2025-05-13,80.900536,212.163345,0.008339900390779132,True,False,-2.427253929736797e-15,-1.888106892966038e-11,191549.99002872617,191549.99002872614,1,1.0000000000000002
2025-05-14,80.363663,213.185638,0.008375565412344254,True,False,-2.4275660052420486e-15,-1.888349649566562e-11,190278.8239415609,190278.82394156087,1,1.0000000000000002
2025-05-15,81.070068,211.815964,0.008540958517644864,True,False,-2.4278781208712944e-15,-1.8885924373786493e-11,191951.3946981532,191951.39469815316,1,1.0000000000000002
2025-05-16,81.286728,211.53804,0.008376595849237951,True,False,-2.428190276629692e-15,-1.8888352564063123e-11,192464.38537647977,192464.38537647974,1,1.0000000000000002
2025-05-19,81.051231,210.267609,0.007381396095407997,False,False,-2.4285024725224015e-15,-1.8890781066535646e-11,191906.79391624773,191906.7939162477,1,1.0000000000000002
2025-05-20,80.46727,209.959915,0.007447278798140366,False,False,-2.4288147085545832e-15,-1.88932098812442e-11,190524.13652906843,190524.1365290684,1,1.0000000000000002
2025-05-21,79.092056,206.118835,0.007941609442265138,False,False,-2.429126984731397e-15,-1.8895639008228932e-11,187268.01189736804,187268.011897368,1,1.0000000000000002
2025-05-22,79.506516,204.213181,0.007594253873235477,False,False,-2.4294393010580057e-15,-1.889806844752999e-11,188249.33801450656,188249.33801450653,1,1.0000000000000002
2025-05-23,79.63839,201.046982,0.007326667170359183,False,False,-2.4297516575395702e-15,-1.8900498199187528e-11,188561.57900367686,188561.57900367683,1,1.0000000000000002
2025-05-27,80.749832,207.726715,0.007963254098227143,False,False,-2.4300640541812534e-15,-1.890292826324171e-11,191193.16483170533,191193.1648317053,1,1.0000000000000002
2025-05-28,80.401329,206.684586,0.00759719447471095,False,False,-2.43037649098822e-15,-1.8905358639732698e-11,190368.00656359474,190368.0065635947,1,1.0000000000000002
2025-05-29,81.145432,207.528214,0.007912979285832455,False,False,-2.430688967965633e-15,-1.8907789328700662e-11,192129.83570932923,192129.8357093292,1,1.0000000000000002
2025-05-30,81.267883,203.409241,0.007902204995030313,False,False,-2.4310014851186565e-15,-1.8910220330185782e-11,192419.76565279718,192419.76565279716,1,1.0000000000000002
2025-06-02,80.511551,206.47612,0.007812078452754198,False,False,-2.431314042452458e-15,-1.8912651644228234e-11,190628.98163304228,190628.98163304225,1,1.0000000000000002
2025-06-03,80.369736,212.024399,0.0077477574289323645,True,False,-2.4316266399722016e-15,-1.8915083270868207e-11,190293.2031181024,190293.20311810236,1,1.0000000000000002
2025-06-04,81.674416,215.180649,0.008611517030189756,True,False,-2.4319392776830555e-15,-1.8917515210145892e-11,193382.32283655117,193382.32283655115,1,1.0000000000000002
2025-06-05,81.731133,214.277435,0.008546348084664977,True,False,-2.432251955590186e-15,-1.8919947462101482e-11,193516.6129330279,193516.61293302788,1,1.0000000000000002
2025-06-06,80.691185,215.716599,0.008656778356775445,True,False,-2.432564673698762e-15,-1.8922380026775182e-11,191054.3050315031,191054.30503150309,1,1.0000000000000002
2025-06-09,80.776268,220.79837,0.008651386609929113,True,False,-2.4328774320139523e-15,-1.8924812904207196e-11,191255.75793413422,191255.7579341342,1,1.0000000000000002
2025-06-10,81.192245,225.62207,0.008498414195093488,True,False,-2.4331902305409254e-15,-1.8927246094437737e-11,192240.67588575545,192240.67588575542,1,1.0000000000000002
2025-06-11,81.438049,224.867722,0.008468689238146488,True,False,-2.433503069284852e-15,-1.8929679597507022e-11,192822.67145805949,192822.67145805946,1,1.0000000000000002
2025-06-12,82.411842,225.17543,0.008675845302905437,True,False,-2.4338159482509026e-15,-1.8932113413455273e-11,195128.34270157313,195128.3427015731,1,1.0000000000000002
2025-06-13,81.617691,219.309555,0.008815980056125989,True,False,-2.4341288674442494e-15,-1.8934547542322716e-11,193248.01379829735,193248.01379829732,1,1.0000000000000002
2025-06-16,80.795166,226.235703,0.009097734189458067,True,False,-2.4344418268700636e-15,-1.8936981984149585e-11,191300.50314709006,191300.50314709003,1,1.0000000000000002
2025-06-17,81.778404,224.445221,0.009482267123829855,True,False,-2.4347548265335183e-15,-1.8939416738976118e-11,193628.53752619313,193628.5375261931,1,1.0000000000000002
2025-06-18,81.920227,225.360352,0.00931056874775115,True,False,-2.4350678664397867e-15,-1.8941851806842558e-11,193964.33498291016,193964.33498291014,1,1.0000000000000002
2025-06-20,81.768951,223.918045,0.008315898911593097,True,False,-2.4353809465940433e-15,-1.894428718778915e-11,193606.15544882667,193606.15544882664,1,1.0000000000000002
2025-06-23,82.033669,225.310608,0.00828282593606025,True,False,-2.4356940670014624e-15,-1.8946722881856153e-11,194232.93411764075,194232.93411764072,1,1.0000000000000002
2025-06-24,82.62928,233.855148,0.008379428855276113,True,False,-2.4360072276672196e-15,-1.894915888908382e-11,195643.17546772273,195643.1754677227,1,1.0000000000000002
2025-06-25,82.733269,235.953964,0.007887680735937205,True,False,-2.436320428596491e-15,-1.8951595209512415e-11,195889.39252508685,195889.39252508682,1,1.0000000000000002
2025-06-26,83.149246,237.804138,0.007818712994327372,True,False,-2.4366336697944533e-15,-1.895403184318221e-11,196874.31047670808,196874.31047670805,1,1.0000000000000002
2025-06-27,82.61982,237.595215,0.007805885484728045,True,False,-2.436946951266284e-15,-1.8956468790133476e-11,195620.7768163013,195620.77681630128,1,1.0000000000000002
2025-06-30,83.432884,237.436081,0.008055668386041352,True,False,-2.437260273017161e-15,-1.8958906050406493e-11,197545.88644836502,197545.886448365,1,1.0000000000000002
2025-07-01,83.639755,236.361801,0.007655752017012681,True,False,-2.4375736350522632e-15,-1.8961343624041544e-11,198035.69949468688,198035.69949468685,1,1.0000000000000002
2025-07-02,83.10833,240.857849,0.007839285350845918,True,False,-2.43788703737677e-15,-1.896378151107892e-11,196777.4327577271,196777.43275772707,1,1.0000000000000002
2025-07-03,82.529488,242.051498,0.007283313196915942,True,False,-2.4382004799958612e-15,-1.8966219711558917e-11,195406.89574017006,195406.89574017003,1,1.0000000000000002
2025-07-07,81.741859,237.515656,0.007625388390484576,True,False,-2.438513962914718e-15,-1.8968658225521832e-11,193542.00912067553,193542.0091206755,1,1.0000000000000002
2025-07-08,81.637482,242.051498,0.00701740775878856,True,False,-2.438827486138521e-15,-1.897109705300797e-11,193294.8733871221,193294.87338712206,1,1.0000000000000002
2025-07-09,82.491531,242.827377,0.007354035097806229,True,False,-2.4391410496724534e-15,-1.8973536194057644e-11,195317.02411099419,195317.02411099416,1,1.0000000000000002
2025-07-10,82.548454,245.244537,0.007290952202701422,True,False,-2.439454653521697e-15,-1.8975975648711166e-11,195451.80195823128,195451.80195823126,1,1.0000000000000002
2025-07-11,81.409729,244.866531,0.007972087521660473,True,False,-2.4397682976914357e-15,-1.8978415417008858e-11,192755.61756712338,192755.61756712335,1,1.0000000000000002
2025-07-14,81.23893,242.538925,0.007470582510939652,True,False,-2.440081982186853e-15,-1.8980855498991045e-11,192351.21299374805,192351.21299374802,1,1.0000000000000002
2025-07-15,80.669563,244.956055,0.007325275851917569,True,False,-2.4403957070131343e-15,-1.8983295894698058e-11,191003.11014344447,191003.11014344444,1,1.0000000000000002
2025-07-16,80.783447,244.289612,0.006980253070892046,True,False,-2.4407094721754645e-15,-1.8985736604170233e-11,191272.75581135985,191272.75581135982,1,1.0000000000000002
2025-07-17,80.76445,245.224625,0.0063731074208531425,True,False,-2.4410232776790298e-15,-1.8988177627447913e-11,191227.77619391237,191227.77619391234,1,1.0000000000000002
2025-07-18,80.887817,245.423553,0.006369256428335664,True,False,-2.4413371235290175e-15,-1.8990618964571443e-11,191519.87497085836,191519.87497085833,1,1.0000000000000002
2025-07-21,81.609016,245.64241,0.006704312883742544,True,False,-2.4416510097306142e-15,-1.8993060615581174e-11,193227.47380875392,193227.4738087539,1,1.0000000000000002
2025-07-22,82.10247,242.250443,0.00680579912658827,True,False,-2.441964936289008e-15,-1.8995502580517464e-11,194395.83576842787,194395.83576842785,1,1.0000000000000002
2025-07-23,81.64698,240.778305,0.0066946853082593275,True,False,-2.4422789032093884e-15,-1.8997944859420673e-11,193317.36201198475,193317.36201198472,1,1.0000000000000002
2025-07-24,81.504631,240.28093,0.006684541306354166,True,False,-2.4425929104969437e-15,-1.900038745233117e-11,192980.31913342336,192980.31913342333,1,1.0000000000000002
2025-07-25,82.017082,240.261032,0.0067469473378401,True,False,-2.442906958156865e-15,-1.9002830359289328e-11,194193.6607105448,194193.66071054476,1,1.0000000000000002
2025-07-28,81.485649,244.448761,0.006752023102315525,True,False,-2.4432210461943422e-15,-1.9005273580335522e-11,192935.37503180793,192935.3750318079,1,1.0000000000000002
2025-07-29,82.86161,244.886414,0.007461802801737612,True,False,-2.4435351746145672e-15,-1.9007717115510135e-11,196193.2683519451,196193.26835194507,1,1.0000000000000002
2025-07-30,82.434601,246.6371,0.007505368584171724,True,False,-2.4438493434227316e-15,-1.9010160964853558e-11,195182.22968970216,195182.22968970213,1,1.0000000000000002
2025-07-31,82.482033,238.759048,0.00739008868107363,True,False,-2.444163552624029e-15,-1.9012605128406182e-11,195294.53548613153,195294.5354861315,1,1.0000000000000002
2025-08-01,83.654655,235.983826,0.007886615468760558,True,False,-2.444477802223652e-15,-1.9015049606208405e-11,198070.97855453673,198070.9785545367,1,1.0000000000000002
2025-08-04,83.883263,239.12706,0.0075148885617314365,True,False,-2.444792092226795e-15,-1.9017494398300632e-11,198612.25877696302,198612.258776963,1,1.0000000000000002
2025-08-05,84.140457,237.465912,0.007499384950740382,True,False,-2.445106422638653e-15,-1.9019939504723272e-11,199221.222704414,199221.22270441396,1,1.0000000000000002
2025-08-06,83.654655,235.67543,0.007361322561374342,True,False,-2.4454207934644208e-15,-1.9022384925516738e-11,198070.97855453673,198070.9785545367,1,1.0000000000000002
2025-08-07,83.511757,239.564758,0.007381025148011139,True,False,-2.4457352047092948e-15,-1.9024830660721448e-11,197732.63579652182,197732.6357965218,1,1.0000000000000002
2025-08-08,83.14978,241.583984,0.006670424643600118,True,False,-2.4460496563784718e-15,-1.9027276710377827e-11,196875.57484032956,196875.57484032953,1,1.0000000000000002
2025-08-11,83.245049,241.126434,0.0066289119492059494,True,False,-2.4463641484771492e-15,-1.9029723074526304e-11,197101.14536065396,197101.14536065393,1,1.0000000000000002
2025-08-12,82.825935,248.835403,0.006512642894376276,True,False,-2.4466786810105245e-15,-1.9032169753207314e-11,196108.79986468717,196108.79986468714,1,1.0000000000000002
2025-08-13,83.511757,252.535706,0.006694527397411117,True,False,-2.4469932539837974e-15,-1.9034616746461298e-11,197732.63579652182,197732.6357965218,1,1.0000000000000002
2025-08-14,82.892601,252.794342,0.006989388160299033,True,False,-2.447307867402167e-15,-1.90370640543287e-11,196266.64642871064,196266.6464287106,1,1.0000000000000002
2025-08-15,82.30201,247.005157,0.007239434735248048,True,False,-2.447622521270833e-15,-1.903951167684997e-11,194868.2910437592,194868.29104375918,1,1.0000000000000002
2025-08-18,82.06385,247.731293,0.0070294871772901436,True,False,-2.447937215594996e-15,-1.9041959614065563e-11,194304.39433947482,194304.3943394748,1,1.0000000000000002
2025-08-19,82.540154,243.851929,0.007019307259060779,True,False,-2.448251950379858e-15,-1.9044407866015942e-11,195432.14986448942,195432.1498644894,1,1.0000000000000002
2025-08-20,82.721138,242.449402,0.006893406035499096,True,False,-2.448566725630621e-15,-1.9046856432741572e-11,195860.66968783594,195860.6696878359,1,1.0000000000000002
2025-08-21,82.311531,241.076691,0.0069892662620006625,True,False,-2.448881541352488e-15,-1.9049305314282925e-11,194890.83412623106,194890.83412623103,1,1.0000000000000002
2025-08-22,82.921165,247.771057,0.007041821735708448,True,False,-2.449196397550662e-15,-1.9051754510680475e-11,196334.27804384826,196334.27804384823,1,1.0000000000000002
2025-08-25,82.683022,247.194153,0.006895997935114835,True,False,-2.4495112942303467e-15,-1.9054204021974704e-11,195770.42159084018,195770.42159084015,1,1.0000000000000002
2025-08-26,82.635406,249.521744,0.005775380782623525,True,False,-2.4498262313967478e-15,-1.90566538482061e-11,195657.68013353753,195657.6801335375,1,1.0000000000000002
2025-08-27,82.540154,250.00914,0.005659987069167328,True,False,-2.45014120905507e-15,-1.9059103989415154e-11,195432.14986448942,195432.1498644894,1,1.0000000000000002
2025-08-28,83.083099,251.212753,0.005843463041631978,True,False,-2.45045622721052e-15,-1.9061554445642365e-11,196717.69276047402,196717.692760474,1,1.0000000000000002
2025-08-29,82.492523,244.021027,0.005095078850296994,True,False,-2.4507712858683043e-15,-1.9064005216928234e-11,195319.3728913547,195319.37289135467,1,1.0000000000000002
2025-09-02,81.878632,241.544205,0.005242118035420846,True,False,-2.45108638503363e-15,-1.9066456303313267e-11,193865.8495805978,193865.84958059777,1,1.0000000000000002
2025-09-03,82.777473,240.400284,0.005839348485498904,True,False,-2.4514015247117057e-15,-1.9068907704837977e-11,195994.0553144561,195994.05531445608,1,1.0000000000000002
2025-09-04,83.408546,242.877106,0.00600401550722419,True,False,-2.45171670490774e-15,-1.9071359421542886e-11,197488.26082698075,197488.26082698072,1,1.0000000000000002
2025-09-05,84.68029,245.741852,0.00688917210685745,True,False,-2.4520319256269426e-15,-1.9073811453468514e-11,200499.39724910646,200499.39724910643,1,1.0000000000000002
2025-09-08,85.808578,247.532333,0.007320474547223968,True,False,-2.4523471868745234e-15,-1.9076263800655387e-11,203170.86972426448,203170.86972426446,1,1.0000000000000002
2025-09-09,85.32093,247.741211,0.007499359670517562,True,False,-2.452662488655693e-15,-1.9078716463144043e-11,202016.25475932128,202016.25475932125,1,1.0000000000000002
2025-09-10,85.808578,252.107956,0.0074102603210007565,True,False,-2.4529778309756626e-15,-1.908116944097502e-11,203170.86972426448,203170.86972426446,1,1.0000000000000002
2025-09-11,86.382301,253.838776,0.00734562894790537,True,False,-2.453293213839645e-15,-1.908362273418886e-11,204529.28637219933,204529.2863721993,1,1.0000000000000002
2025-09-12,86.009384,254.286392,0.007172806241620037,True,False,-2.4536086372528533e-15,-1.9086076342826112e-11,203646.322535822,203646.32253582196,1,1.0000000000000002
2025-09-15,86.210175,256.434967,0.006853160184929764,True,False,-2.4539241012205002e-15,-1.9088530266927332e-11,204121.73983154746,204121.73983154743,1,1.0000000000000002
2025-09-16,86.391861,257.751678,0.006743112278665517,True,False,-2.4542396057478e-15,-1.909098450653308e-11,204551.92179583455,204551.92179583453,1,1.0000000000000002
2025-09-17,86.171951,257.701843,0.006791226333246582,True,False,-2.4545551508399675e-15,-1.909343906168392e-11,204031.23602056084,204031.2360205608,1,1.0000000000000002
2025-09-18,85.282684,266.712952,0.007345993236903944,True,False,-2.4548707365022186e-15,-1.9095893932420425e-11,201925.69885844766,201925.69885844763,1,1.0000000000000002
2025-09-19,85.12014,265.008392,0.007234857460390819,True,False,-2.455186362739769e-15,-1.9098349118783166e-11,201540.839831318,201540.83983131798,1,1.0000000000000002
2025-09-22,84.814148,268.965668,0.007195947186567094,True,False,-2.4555020295578358e-15,-1.9100804620812723e-11,200816.33579899772,200816.3357989977,1,1.0000000000000002
2025-09-23,85.40699,268.646698,0.007244023413827304,True,False,-2.455817736961636e-15,-1.9103260438549685e-11,202220.0209264808,202220.02092648076,1,1.0000000000000002
2025-09-24,85.081886,268.238007,0.007331350619340646,True,False,-2.456133484956388e-15,-1.910571657203464e-11,201450.26498866724,201450.26498866722,1,1.0000000000000002
2025-09-25,85.081886,267.380768,0.007314238612061054,True,False,-2.456449273547311e-15,-1.9108173021308187e-11,201450.26498866724,201450.26498866722,1,1.0000000000000002
2025-09-26,85.005394,267.968842,0.007233400984145283,True,False,-2.456765102739624e-15,-1.9110629786410926e-11,201269.15318692,201269.15318691998,1,1.0000000000000002
2025-09-29,85.703392,268.068542,0.0071206202592540135,True,False,-2.4570809725385476e-15,-1.9113086867383465e-11,202921.81850350174,202921.8185035017,1,1.0000000000000002
2025-09-30,85.454796,270.251526,0.006873030902233784,True,False,-2.4573968829493027e-15,-1.9115544264266416e-11,202333.21225098963,202333.2122509896,1,1.0000000000000002
2025-10-01,85.675484,275.454803,0.006558060247626763,True,False,-2.4577128339771106e-15,-1.911800197710039e-11,202855.74011408634,202855.7401140863,1,1.0000000000000002
2025-10-02,85.924957,280.787689,0.006419372124535327,True,False,-2.4580288256271934e-15,-1.9120460005926017e-11,203446.42285891314,203446.4228589131,1,1.0000000000000002
2025-10-03,85.761841,279.063232,0.005589980225426022,True,False,-2.458344857904774e-15,-1.9122918350783922e-11,203060.20949472077,203060.20949472074,1,1.0000000000000002
2025-10-06,85.080589,287.43631,0.005060391389927068,True,False,-2.4586609308150758e-15,-1.9125377011714738e-11,201447.19405305485,201447.19405305482,1,1.0000000000000002
2025-10-07,85.569946,281.006989,0.005079165391880081,True,False,-2.4589770443633235e-15,-1.91278359887591e-11,202605.85545513118,202605.85545513115,1,1.0000000000000002
2025-10-08,85.6371,290.606171,0.004912496370094296,True,False,-2.4592931985547413e-15,-1.9130295281957655e-11,202764.85746755777,202764.85746755774,1,1.0000000000000002
2025-10-09,85.569946,289.260468,0.004647946914400054,True,False,-2.459609393394556e-15,-1.9132754891351048e-11,202605.85545513118,202605.85545513115,1,1.0000000000000002
2025-10-10,86.951653,271.118744,0.0058348111953746735,True,False,-2.4599256288879922e-15,-1.9135214816979935e-11,205877.3537066708,205877.35370667078,1,1.0000000000000002
2025-10-13,86.903671,283.957489,0.005823948264354382,True,False,-2.4602419050402772e-15,-1.9137675058884975e-11,205763.7456630658,205763.74566306578,1,1.0000000000000002
2025-10-14,87.181938,278.1362,0.00584583944642972,True,False,-2.4605582218566396e-15,-1.914013561710683e-11,206422.60459912184,206422.6045991218,1,1.0000000000000002
2025-10-15,86.990036,286.718628,0.005837007698386907,True,False,-2.4608745793423066e-15,-1.9142596491686173e-11,205968.2339854773,205968.23398547727,1,1.0000000000000002
2025-10-16,87.642494,288.054352,0.005442465827021461,True,False,-2.461190977502508e-15,-1.9145057682663677e-11,207513.07323591394,207513.0732359139,1,1.0000000000000002
2025-10-17,87.508163,287.246948,0.005431264576281716,True,False,-2.461507416342473e-15,-1.914751919008002e-11,207195.0147534516,207195.01475345157,1,1.0000000000000002
2025-10-20,87.844009,292.031555,0.00532547685160428,True,False,-2.461823895867431e-15,-1.9149981013975887e-11,207990.20476246698,207990.20476246695,1,1.0000000000000002
2025-10-21,88.275787,290.39682,0.005238531554000831,True,False,-2.462140416082614e-15,-1.915244315439197e-11,209012.53509158397,209012.53509158394,1,1.0000000000000002
2025-10-22,88.333366,283.219879,0.0050862602828955035,True,False,-2.4624569769932534e-15,-1.9154905611368962e-11,209148.86616454332,209148.8661645433,1,1.0000000000000002
2025-10-23,87.728859,290.127625,0.005439052291669782,True,False,-2.462773578604581e-15,-1.9157368384947566e-11,207717.56155832543,207717.5615583254,1,1.0000000000000002
2025-10-24,87.767227,294.912323,0.005415767213424085,True,False,-2.46309022092183e-15,-1.9159831475168488e-11,207808.40632129984,207808.40632129982,1,1.0000000000000002
2025-10-27,88.064705,303.105957,0.005211494045109623,True,False,-2.463406903950234e-15,-1.916229488207244e-11,208512.7515673408,208512.75156734078,1,1.0000000000000002
2025-10-28,88.294975,303.474792,0.005119109938952036,True,False,-2.463723627695028e-15,-1.9164758605700133e-11,209057.96694395973,209057.9669439597,1,1.0000000000000002
2025-10-29,87.402618,308.608307,0.005748984506356815,True,False,-2.4640403921614454e-15,-1.9167222646092293e-11,206945.11352044146,206945.11352044143,1,1.0000000000000002
2025-10-30,86.894073,304.431702,0.005925818801311564,True,False,-2.464357197354723e-15,-1.916968700328965e-11,205741.02026598938,205741.02026598935,1,1.0000000000000002
2025-10-31,86.635017,305.568024,0.0059544493673761726,True,False,-2.4646740432800978e-15,-1.917215167733293e-11,205127.64763991826,205127.64763991823,1,1.0000000000000002
2025-11-03,86.418327,307.392212,0.005662816294730185,True,False,-2.4649909299428053e-15,-1.9174616668262873e-11,204614.58592992756,204614.58592992753,1,1.0000000000000002
2025-11-04,86.610947,295.311005,0.005554538704397846,True,False,-2.4653078573480833e-15,-1.917708197612022e-11,205070.65656806686,205070.65656806683,1,1.0000000000000002
2025-11-05,85.667206,304.491516,0.006125576753307215,True,False,-2.465624825501171e-15,-1.9179547600945722e-11,202836.1401102315,202836.14011023147,1,1.0000000000000002
2025-11-06,86.437592,296.547028,0.006437479373333007,True,False,-2.465941834407307e-15,-1.9182013542780128e-11,204660.20009690788,204660.20009690785,1,1.0000000000000002
2025-11-07,86.254631,293.437042,0.005317009021464005,True,False,-2.4662588840717306e-15,-1.91844798016642e-11,204226.99928689539,204226.99928689536,1,1.0000000000000002
2025-11-10,86.235367,301.032623,0.005317030294887332,True,False,-2.466575974499683e-15,-1.91869463776387e-11,204181.38748763717,204181.38748763714,1,1.0000000000000002
2025-11-11,86.630196,294.20459,0.0053741920969090015,True,False,-2.4668931056964044e-15,-1.9189413270744397e-11,205116.232851493,205116.23285149297,1,1.0000000000000002
2025-11-12,86.784279,298.710083,0.005374373329795417,True,False,-2.467210277667137e-15,-1.9191880481022063e-11,205481.05858161667,205481.05858161664,1,1.0000000000000002
2025-11-13,86.071655,288.453033,0.005355117982204409,True,False,-2.4675274904171226e-15,-1.919434800851248e-11,203793.76296105082,203793.7629610508,1,1.0000000000000002
2025-11-14,85.580536,287.595795,0.005461867367193343,True,False,-2.4678447439516045e-15,-1.919681585325643e-11,202630.92963256806,202630.92963256803,1,1.0000000000000002
2025-11-17,85.792389,282.651672,0.005405311508556305,True,False,-2.468162038275827e-15,-1.9199284015294704e-11,203132.53867057932,203132.5386705793,1,1.0000000000000002
2025-11-18,85.763496,276.092773,0.005218619062972844,True,False,-2.4684793733950336e-15,-1.92017524946681e-11,203064.12807485845,203064.12807485842,1,1.0000000000000002
2025-11-19,85.590157,280.707947,0.005196314092320683,True,False,-2.46879674931447e-15,-1.9204221291417413e-11,202653.70948725365,202653.70948725363,1,1.0000000000000002
2025-11-20,85.927216,267.241211,0.0051786890943964275,True,False,-2.4691141660393815e-15,-1.9206690405583453e-11,203451.7715432219,203451.77154322187,1,1.0000000000000002
2025-11-21,86.187225,269.962463,0.005249176288855115,True,False,-2.4694316235750155e-15,-1.9209159837207027e-11,204067.40060849013,204067.4006084901,1,1.0000000000000002
2025-11-24,86.678352,281.794464,0.005371821071548771,True,False,-2.4697491219266177e-15,-1.9211629586328955e-11,205230.25287874998,205230.25287874995,1,1.0000000000000002
2025-11-25,86.899841,282.6716,0.005369857891305956,True,False,-2.470066661099437e-15,-1.9214099652990055e-11,205754.67728727887,205754.67728727884,1,1.0000000000000002
2025-11-26,87.285027,290.456635,0.005009681830007714,True,False,-2.4703842410987213e-15,-1.9216570037231154e-11,206666.6907065621,206666.69070656208,1,1.0000000000000002
2025-11-28,86.870941,295.78949,0.004949693197537528,True,False,-2.47070186192972e-15,-1.9219040739093084e-11,205686.25011750302,205686.250117503,1,1.0000000000000002
2025-12-01,85.78952,295.968903,0.00566005615900374,True,False,-2.4710195235976824e-15,-1.922151175861668e-11,203125.74567576664,203125.7456757666,1,1.0000000000000002
2025-12-02,85.828163,301.869934,0.005643258131676747,True,False,-2.471337226107859e-15,-1.922398309584279e-11,203217.24156232888,203217.24156232885,1,1.0000000000000002
2025-12-03,86.069763,308.369049,0.005658755959459185,True,False,-2.4716549694655015e-15,-1.9226454750812254e-11,203789.2832307665,203789.28323076648,1,1.0000000000000002
2025-12-04,85.605896,305.29895,0.005229039726531849,True,False,-2.471972753675861e-15,-1.922892672356593e-11,202690.97506597693,202690.9750659769,1,1.0000000000000002
2025-12-05,85.209648,308.408936,0.004870318890353049,True,False,-2.4722905787441907e-15,-1.9231399014144673e-11,201752.76990440788,201752.76990440785,1,1.0000000000000002
2025-12-08,84.92939,311.758179,0.004895178574138911,True,False,-2.472608444675744e-15,-1.923387162258935e-11,201089.1968335759,201089.19683357587,1,1.0000000000000002
2025-12-09,85.016373,311.180023,0.004910481528522844,True,False,-2.4729263514757738e-15,-1.9236344548940825e-11,201295.14840826843,201295.1484082684,1,1.0000000000000002
2025-12-10,85.344948,315.316711,0.00487269043659859,True,False,-2.4732442991495345e-15,-1.9238817793239975e-11,202073.1227096215,202073.12270962147,1,1.0000000000000002
2025-12-11,85.228989,313.512482,0.0048375147625745905,True,False,-2.4735622877022824e-15,-1.9241291355527677e-11,201798.56401827067,201798.56401827064,1,1.0000000000000002
2025-12-12,84.407516,298.520721,0.004961636666602737,True,False,-2.473880317139273e-15,-1.9243765235844817e-11,199853.54421075212,199853.5442107521,1,1.0000000000000002
2025-12-15,84.465515,297.05542,0.004844560381884732,True,False,-2.474198387465762e-15,-1.9246239434232283e-11,199990.8697270092,199990.86972700918,1,1.0000000000000002
2025-12-16,84.92939,295.683807,0.004991031541788365,True,False,-2.4745164986870077e-15,-1.924871395073097e-11,201089.1968335759,201089.19683357587,1,1.0000000000000002
2025-12-17,84.852074,284.732941,0.004991660636911455,True,False,-2.4748346508082676e-15,-1.925118878538178e-11,200906.13402878732,200906.1340287873,1,1.0000000000000002
2025-12-18,85.25798,291.531067,0.005114734561208091,True,False,-2.4751528438348003e-15,-1.9253663938225616e-11,201867.20665076107,201867.20665076104,1,1.0000000000000002
2025-12-19,84.939766,299.287506,0.005076578651342596,True,False,-2.475471077771865e-15,-1.925613940930339e-11,201113.76431847538,201113.76431847535,1,1.0000000000000002
2025-12-22,84.755417,303.310486,0.005015245815488831,True,False,-2.4757893526247213e-15,-1.9258615198656014e-11,200677.2771101359,200677.27711013588,1,1.0000000000000002
2025-12-23,84.891243,304.428528,0.0048150458510133705,True,False,-2.4761076683986304e-15,-1.9261091306324413e-11,200998.87533719392,200998.8753371939,1,1.0000000000000002
2025-12-24,85.405441,305.606506,0.005011145338594993,True,False,-2.476426025098853e-15,-1.9263567732349513e-11,202216.3533248897,202216.35332488967,1,1.0000000000000002
2025-12-26,85.124084,305.506653,0.004877825365328099,True,False,-2.4767444227306516e-15,-1.9266044476772244e-11,201550.17812742855,201550.17812742852,1,1.0000000000000002
2025-12-29,85.444267,304.787903,0.00492717480824729,True,False,-2.4770628612992886e-15,-1.9268521539633543e-11,202308.28250460312,202308.2825046031,1,1.0000000000000002
2025-12-30,85.240509,304.388641,0.004114768285995436,True,False,-2.477381340810027e-15,-1.9270998920974353e-11,201825.84017729553,201825.8401772955,1,1.0000000000000002
2025-12-31,84.561394,300.625153,0.004451383198579606,True,False,-2.4776998612681314e-15,-1.9273476620835622e-11,200217.8845578376,200217.88455783756,1,1.0000000000000002
2026-01-02,84.435265,313.143311,0.004373861563606233,True,False,-2.2332758624142865e-15,-1.9275709896698036e-11,199919.24613234765,199919.24613234762,1,1.0000000000000002
2026-01-05,84.85244,317.505707,0.004431009513234512,True,False,-2.2335346388237407e-15,-1.927794343133686e-11,200907.00061508967,200907.00061508964,1,1.0000000000000002
2026-01-06,84.677811,327.777771,0.004338990854931755,True,False,-2.2337934452183982e-15,-1.9280177224782078e-11,200493.52766592745,200493.52766592742,1,1.0000000000000002
2026-01-07,85.1726,324.323792,0.004485955847708362,True,False,-2.234052281601733e-15,-1.928241127706368e-11,201665.05053465508,201665.05053465505,1,1.0000000000000002
2026-01-08,84.745728,319.023041,0.0046251596210074445,True,False,-2.2343111479772202e-15,-1.928464558821166e-11,200654.33625034496,200654.33625034493,1,1.0000000000000002
2026-01-09,85.308418,328.207031,0.004789598743873168,True,False,-2.234570044348335e-15,-1.9286880158256008e-11,201986.62981993597,201986.62981993594,1,1.0000000000000002
2026-01-12,85.056183,329.774292,0.004826395111340307,True,False,-2.2348289707185535e-15,-1.9289114987226727e-11,201389.40742656522,201389.4074265652,1,1.0000000000000002
2026-01-13,85.201706,332.719116,0.004276792494928116,True,False,-2.235087927091351e-15,-1.9291350075153817e-11,201733.96545519127,201733.96545519124,1,1.0000000000000002
2026-01-14,85.696503,331.321564,0.004439683233042704,True,False,-2.2353469134702043e-15,-1.9293585422067286e-11,202905.507265696,202905.50726569598,1,1.0000000000000002
2026-01-15,85.677094,336.632294,0.004299240205593207,True,False,-2.2356059298585904e-15,-1.9295821027997145e-11,202859.55214672783,202859.5521467278,1,1.0000000000000002
2026-01-16,85.182304,341.873169,0.004513071094247713,True,False,-2.2358649762599867e-15,-1.9298056892973405e-11,201688.02691027807,201688.02691027804,1,1.0000000000000002
2026-01-20,84.066605,336.762085,0.005276026456352981,True,False,-2.236124052677871e-15,-1.9300293017026083e-11,199046.36168910994,199046.3616891099,1,1.0000000000000002
2026-01-21,84.706909,347.533295,0.005534622271276451,True,False,-2.236383159115721e-15,-1.9302529400185198e-11,200562.42364468653,200562.4236446865,1,1.0000000000000002
2026-01-22,85.075592,348.062347,0.005599886623620361,True,False,-2.236642295577015e-15,-1.9304766042480774e-11,201435.36254553337,201435.36254553334,1,1.0000000000000002
2026-01-23,85.308418,344.109253,0.005620592280150647,True,False,-2.2369014620652326e-15,-1.930700294394284e-11,201986.62981993597,201986.62981993594,1,1.0000000000000002
2026-01-26,85.715912,342.472107,0.005558369112236922,True,False,-2.237160658583853e-15,-1.9309240104601425e-11,202951.46238466416,202951.46238466413,1,1.0000000000000002
2026-01-27,85.182304,350.46817,0.005692826738724334,True,False,-2.2374198851363558e-15,-1.931147752448656e-11,201688.02691027807,201688.02691027804,1,1.0000000000000002
2026-01-28,84.988266,359.831818,0.0056450014352437145,True,False,-2.2376791417262208e-15,-1.9313715203628287e-11,201228.59884214765,201228.59884214762,1,1.0000000000000002
2026-01-29,85.007668,360.500641,0.005623560306279533,True,False,-2.2379384283569287e-15,-1.9315953142056645e-11,201274.53738706085,201274.53738706082,1,1.0000000000000002
2026-01-30,84.53228,345.696472,0.0054709697021912505,True,False,-2.2381977450319607e-15,-1.9318191339801676e-11,200148.95069552428,200148.95069552425,1,1.0000000000000002
2026-02-02,84.290756,352.075348,0.00549888348595617,True,False,-2.2384570917547976e-15,-1.932042979689343e-11,199577.0889739691,199577.08897396908,1,1.0000000000000002
2026-02-03,84.49527,345.037628,0.00540640580196586,True,False,-2.2387164685289216e-15,-1.932266851336196e-11,200061.32129921272,200061.3212992127,1,1.0000000000000002
2026-02-04,84.281013,329.80426,0.0054160767172721945,True,False,-2.2389758753578146e-15,-1.9324907489237317e-11,199554.0202571827,199554.02025718268,1,1.0000000000000002
2026-02-05,85.196472,330.253448,0.005809304335831975,True,False,-2.239235312244959e-15,-1.932714672454956e-11,201721.5727975232,201721.57279752317,1,1.0000000000000002
2026-02-06,85.254906,347.902649,0.0056876924845045964,True,False,-2.239494779193838e-15,-1.9329386219328756e-11,201859.92827291015,201859.92827291013,1,1.0000000000000002
2026-02-09,85.235435,352.155212,0.0054899983466343855,True,False,-2.239754276207935e-15,-1.9331625973604965e-11,201813.82635516944,201813.8263551694,1,1.0000000000000002
2026-02-10,86.219063,350.817535,0.006010359142730028,True,False,-2.240013803290734e-15,-1.9333865987408254e-11,204142.7841459062,204142.78414590616,1,1.0000000000000002
2026-02-11,85.761345,359.572296,0.0061509603941476395,True,False,-2.240273360445719e-15,-1.93361062607687e-11,203059.03510454053,203059.0351045405,1,1.0000000000000002
2026-02-12,86.900803,350.887421,0.006696180212294103,True,False,-2.2405329476763735e-15,-1.9338346793716377e-11,205756.95503597523,205756.9550359752,1,1.0000000000000002
2026-02-13,87.378006,354.041931,0.006775699884560822,True,False,-2.2407925649861837e-15,-1.9340587586281363e-11,206886.83914319152,206886.8391431915,1,1.0000000000000002
2026-02-17,87.524094,353.48291,0.0065858061179583935,True,False,-2.241052212378634e-15,-1.934282863849374e-11,207232.7349348253,207232.73493482528,1,1.0000000000000002
2026-02-18,87.192963,357.296265,0.005779897573844584,True,False,-2.2413118898572116e-15,-1.9345069950383597e-11,206448.7087356886,206448.70873568856,1,1.0000000000000002
2026-02-19,87.280617,355.219879,0.005619716018917471,True,False,-2.241571597425401e-15,-1.934731152198102e-11,206656.24905193542,206656.2490519354,1,1.0000000000000002
2026-02-20,87.076096,358.803589,0.00564040350075805,True,False,-2.24183133508669e-15,-1.9349553353316108e-11,206172.00015263684,206172.0001526368,1,1.0000000000000002
2026-02-23,87.397491,356.198151,0.0056583281591795175,True,False,-2.2420911028445653e-15,-1.9351795444418952e-11,206932.97420904212,206932.9742090421,1,1.0000000000000002
2026-02-24,87.553322,361.409058,0.005598664290908068,True,False,-2.2423509007025134e-15,-1.9354037795319655e-11,207301.93871746227,207301.93871746224,1,1.0000000000000002
2026-02-25,87.563057,367.358704,0.005336421410886008,True,False,-2.2426107286640237e-15,-1.935628040604832e-11,207324.98849247154,207324.98849247152,1,1.0000000000000002
2026-02-26,87.913651,356.178162,0.005294317203953877,True,False,-2.242870586732583e-15,-1.935852327663505e-11,208155.09766757183,208155.0976675718,1,1.0000000000000002
2026-02-27,88.449287,351.676056,0.005370082487497259,True,False,-2.243130474911681e-15,-1.9360766407109964e-11,209423.3348824529,209423.33488245288,1,1.0000000000000002
2026-03-02,87.561073,351.436462,0.0057816740420379605,True,False,-2.2433903932048057e-15,-1.936300979750317e-11,207320.29093175058,207320.29093175055,1,1.0000000000000002
2026-03-03,87.385193,334.196564,0.0057489255622372275,True,False,-2.2436503416154467e-15,-1.9365253447844786e-11,206903.85596219424,206903.8559621942,1,1.0000000000000002
2026-03-04,87.111595,340.944794,0.005850827325455657,True,False,-2.2439103201470943e-15,-1.9367497358164933e-11,206256.05192079852,206256.0519207985,1,1.0000000000000002
2026-03-05,86.759834,337.171387,0.005915278483800644,True,False,-2.2441703288032383e-15,-1.9369741528493735e-11,205423.1796139637,205423.17961396367,1,1.0000000000000002
2026-03-06,86.437363,322.946228,0.00558913690185747,True,False,-2.2444303675873695e-15,-1.9371985958861322e-11,204659.65788853838,204659.65788853835,1,1.0000000000000002
2026-03-09,87.189774,335.783813,0.005864485641369319,True,False,-2.244690436502979e-15,-1.9374230649297825e-11,206441.15806979185,206441.15806979183,1,1.0000000000000002
2026-03-10,86.261482,338.219543,0.006431804994344699,True,False,-2.2449505355535577e-15,-1.9376475599833378e-11,204243.2205512599,204243.22055125987,1,1.0000000000000002
2026-03-11,85.14756,341.493835,0.006579925672580365,True,False,-2.2452106647425978e-15,-1.937872081049812e-11,201605.76277233023,201605.7627723302,1,1.0000000000000002
2026-03-12,84.981438,329.614594,0.00649590913368294,True,False,-2.245470824073592e-15,-1.9380966281322195e-11,201212.43203539232,201212.4320353923,1,1.0000000000000002
2026-03-13,84.561272,330.742615,0.005707930742577062,True,False,-2.245731013550032e-15,-1.9383212012335746e-11,200217.59569573682,200217.5956957368,1,1.0000000000000002
2026-03-16,85.215958,337.241241,0.005868610235664802,True,False,-2.245991233175412e-15,-1.938545800356892e-11,201767.71023109596,201767.71023109593,1,1.0000000000000002
2026-03-17,85.450462,339.866302,0.005901714287796385,True,False,-2.2462514829532245e-15,-1.9387704255051875e-11,202322.9505432454,202322.95054324536,1,1.0000000000000002
2026-03-18,84.971664,337.908539,0.005957870249908354,True,False,-2.2465117628869635e-15,-1.9389950766814762e-11,201189.28991921968,201189.28991921965,1,1.0000000000000002
2026-03-19,85.48954,339.816376,0.006165011165443857,True,False,-2.2467720729801233e-15,-1.9392197538887744e-11,202415.47638893747,202415.47638893744,1,1.0000000000000002
2026-03-20,83.8675,332.13504,0.007379203542118899,True,False,-2.247032413236199e-15,-1.939444457130098e-11,198574.93637290847,198574.93637290844,1,1.0000000000000002
2026-03-23,84.414696,336.210419,0.007516674365301878,True,False,-2.247292783658685e-15,-1.9396691864084637e-11,199870.5444556999,199870.54445569988,1,1.0000000000000002
2026-03-24,84.043388,340.635406,0.007491601251890277,True,False,-2.247553184251077e-15,-1.939893941726889e-11,198991.3902842419,198991.39028424188,1,1.0000000000000002
2026-03-25,84.854416,344.860657,0.007923691021927798,True,False,-2.2478136150168716e-15,-1.9401187230883905e-11,200911.6792340335,200911.67923403348,1,1.0000000000000002
2026-03-26,84.141098,328.479156,0.007951808680262318,True,False,-2.248074075959564e-15,-1.9403435304959863e-11,199222.74041430416,199222.74041430413,1,1.0000000000000002
2026-03-27,83.681847,323.115234,0.0077362375563900495,True,False,-2.248334567082651e-15,-1.9405683639526945e-11,198135.36165490162,198135.3616549016,1,1.0000000000000002
2026-03-30,84.795792,309.440643,0.008310269265113746,True,False,-2.2485950883896304e-15,-1.9407932234615333e-11,200772.87389144045,200772.87389144042,1,1.0000000000000002
2026-03-31,84.70784,328.289368,0.008310614257055711,True,False,-2.2488556398839992e-15,-1.9410181090255216e-11,200564.6279939966,200564.62799399658,1,1.0000000000000002
2026-04-01,84.624451,338.158234,0.008303005964581084,True,False,-2.2491162215692554e-15,-1.9412430206476787e-11,200367.1860126665,200367.18601266647,1,1.0000000000000002
2026-04-02,85.144409,339.22699,0.008445799515215078,True,False,-2.2493768334488976e-15,-1.9414679583310236e-11,201598.30207987473,201598.3020798747,1,1.0000000000000002
2026-04-06,85.007065,343.711945,0.008422342041417572,True,False,-2.2496374755264243e-15,-1.9416929220785763e-11,201273.1096506119,201273.10965061188,1,1.0000000000000002
2026-04-07,84.997253,347.367828,0.00812457709258384,True,False,-2.2498981478053346e-15,-1.941917911893357e-11,201249.87756099805,201249.87756099802,1,1.0000000000000002
2026-04-08,85.271935,369.982269,0.007866579539609455,True,False,-2.2501588502891282e-15,-1.9421429277783858e-11,201900.24821319088,201900.24821319085,1,1.0000000000000002
2026-04-09,85.056107,378.203003,0.007326470549197796,True,False,-2.2504195829813042e-15,-1.942367969736684e-11,201389.22747968277,201389.22747968274,1,1.0000000000000002
2026-04-10,84.850098,386.164032,0.007333668108949587,True,False,-2.250680345885364e-15,-1.9425930377712724e-11,200901.45540984347,200901.45540984345,1,1.0000000000000002
2026-04-13,85.105156,392.896423,0.007270624825969567,True,False,-2.250941139004808e-15,-1.942818131885173e-11,201505.36188280856,201505.36188280853,1,1.0000000000000002
2026-04-14,85.556442,400.787506,0.007160299574241027,True,False,-2.251201962343137e-15,-1.9430432520814073e-11,202573.8817353854,202573.88173538537,1,1.0000000000000002
2026-04-15,85.183647,401.406799,0.00720362117281505,True,False,-2.251462815903853e-15,-1.9432683983629976e-11,201691.20676110883,201691.2067611088,1,1.0000000000000002
2026-04-16,84.644073,405.492218,0.007234781900363901,True,False,-2.2517236996904576e-15,-1.9434935707329667e-11,200413.64545645,200413.64545644997,1,1.0000000000000002
2026-04-17,85.41909,415.241211,0.007403291557291569,True,False,-2.251984613706454e-15,-1.9437187691943372e-11,202248.67036434542,202248.6703643454,1,1.0000000000000002
2026-04-20,85.399475,417.079102,0.005885405439761654,True,False,-2.252245557955343e-15,-1.9439439937501328e-11,202202.22749461693,202202.2274946169,1,1.0000000000000002
2026-04-21,84.928574,420.225586,0.005898011979843212,True,False,-2.25250653244063e-15,-1.9441692444033768e-11,201087.26477231164,201087.2647723116,1,1.0000000000000002
2026-04-22,85.095352,431.283081,0.005801382676030724,True,False,-2.2527675371658178e-15,-1.9443945211570934e-11,201482.14873497182,201482.1487349718,1,1.0000000000000002
2026-04-23,84.908951,440.502686,0.005427783329774877,True,False,-2.25302857213441e-15,-1.944619824014307e-11,201040.80296080606,201040.80296080603,1,1.0000000000000002
2026-04-24,85.065918,461.079468,0.005057288354383193,True,False,-2.2532896373499114e-15,-1.944845152978042e-11,201412.4572015745,201412.45720157446,1,1.0000000000000002
2026-04-27,84.644073,454.896423,0.00502701319653423,True,False,-2.2535507328158267e-15,-1.9450705080513235e-11,200413.64545645,200413.64545644997,1,1.0000000000000002
2026-04-28,84.732376,438.215271,0.004057943130211019,True,False,-2.253811858535661e-15,-1.945295889237177e-11,200622.7224243641,200622.72242436407,1,1.0000000000000002
2026-04-29,84.075058,449.482513,0.004410879115072731,True,False,-2.2540730145129196e-15,-1.9455212965386284e-11,199066.37604433886,199066.37604433883,1,1.0000000000000002
2026-04-30,83.99659,460.919617,0.00441052148326302,True,False,-2.2543342007511093e-15,-1.9457467299587035e-11,198880.58562364776,198880.58562364773,1,1.0000000000000002
2026-05-01,84.296913,465.224762,0.004246280243571236,True,False,-2.254595417253736e-15,-1.945972189500429e-11,199591.66703917013,199591.6670391701,1,1.0000000000000002
2026-05-04,83.656876,461.53894,0.0045320857978887975,True,False,-2.2548566640243068e-15,-1.9461976751668312e-11,198076.23726540426,198076.23726540423,1,1.0000000000000002
2026-05-05,84.119667,482.185638,0.004746794663295248,True,False,-2.2551179410663284e-15,-1.9464231869609378e-11,199171.99776117387,199171.99776117384,1,1.0000000000000002
2026-05-06,84.759705,506.298401,0.0050195620619913894,True,False,-2.255379248383309e-15,-1.9466487248857762e-11,200687.42990266182,200687.4299026618,1,1.0000000000000002
2026-05-07,84.336288,491.804718,0.005107194975947039,True,False,-2.2556405859787567e-15,-1.946874288944374e-11,199684.89609833705,199684.89609833702,1,1.0000000000000002
2026-05-08,84.759705,519.713257,0.00522312600287939,True,False,-2.25590195385618e-15,-1.9470998791397596e-11,200687.42990266182,200687.4299026618,1,1.0000000000000002
2026-05-11,84.247673,532.15918,0.005335953078544447,True,False,-2.256163352019087e-15,-1.9473254954749615e-11,199475.08040111605,199475.08040111602,1,1.0000000000000002
2026-05-12,83.686417,515.408081,0.005323199683621817,True,False,-2.2564247804709874e-15,-1.9475511379530085e-11,198146.18214507034,198146.1821450703,1,1.0000000000000002
2026-05-13,83.499336,527.694214,0.005275615179581163,True,False,-2.256686239215391e-15,-1.94777680657693e-11,197703.226319851,197703.22631985098,1,1.0000000000000002
2026-05-14,83.617493,529.432312,0.005144891581483139,True,False,-2.256947728255808e-15,-1.9480025013497557e-11,197982.98926446022,197982.9892644602,1,1.0000000000000002
2026-05-15,82.376816,507.946533,0.005548839750895119,True,False,-2.2572092475957488e-15,-1.9482282222745153e-11,195045.41086598253,195045.4108659825,1,1.0000000000000002
2026-05-18,82.278351,495.310791,0.0055385220324829735,True,False,-2.257470797238724e-15,-1.9484539693542392e-11,194812.27310570638,194812.27310570635,1,1.0000000000000002
2026-05-19,81.746635,496.17981,0.005575756652404235,True,False,-2.2577323771882454e-15,-1.948679742591958e-11,193553.31736160457,193553.31736160454,1,1.0000000000000002
2026-05-20,82.622986,519.723267,0.006198431360846196,True,False,-2.2579939874478246e-15,-1.9489055419907028e-11,195628.27302458885,195628.27302458882,1,1.0000000000000002
2026-05-21,82.928223,524.118347,0.0063011640606720895,True,False,-2.2582556280209733e-15,-1.949131367553505e-11,196350.98942669525,196350.98942669522,1,1.0000000000000002
2026-05-22,83.381172,536.724121,0.006442040741303311,True,False,-2.2585172989112043e-15,-1.949357219283396e-11,197423.44680118686,197423.44680118683,1,1.0000000000000002
2026-05-26,83.794724,569.447144,0.006501755753095572,True,False,-2.2587790001220306e-15,-1.949583097183408e-11,198402.62302662444,198402.6230266244,1,1.0000000000000002
2026-05-27,83.991669,563.343933,0.006524603109152892,True,False,-2.259040731656965e-15,-1.949809001256574e-11,198868.93406300878,198868.93406300875,1,1.0000000000000002
2026-05-28,84.424919,568.82782,0.006397579832917342,True,False,-2.2593024935195224e-15,-1.9500349315059258e-11,199894.7496791123,199894.74967911228,1,1.0000000000000002
2026-05-29,84.444618,568.438293,0.006391941235915345,True,False,-2.259564285713216e-15,-1.950260887934497e-11,199941.39143750037,199941.39143750034,1,1.0000000000000002
2026-06-01,84.490082,571.284973,0.006345267589535742,True,False,-2.2598261082415606e-15,-1.9504868705453214e-11,200049.03755676298,200049.03755676295,1,1.0000000000000002
2026-06-02,84.668022,604.337708,0.00608867671419046,True,False,-2.260087961108071e-15,-1.9507128793414323e-11,200470.3500339227,200470.35003392267,1,1.0000000000000002
2026-06-03,84.331917,614.985657,0.006055244935810156,True,False,-2.2603498443162633e-15,-1.950938914325864e-11,199674.54678487373,199674.5467848737,1,1.0000000000000002
2026-06-04,84.519737,602.040283,0.005822209468544967,True,False,-2.2606117578696523e-15,-1.951164975501651e-11,200119.25235675272,200119.2523567527,1,1.0000000000000002
2026-06-05,84.084778,539.161316,0.005828969094328269,True,False,-2.260873701771755e-15,-1.9513910628718284e-11,199089.39030351606,199089.39030351603,1,1.0000000000000002
2026-06-08,83.649826,570.805542,0.005799892949213117,True,False,-2.261135676026087e-15,-1.951617176439431e-11,198059.54482433439,198059.54482433436,1,1.0000000000000002
2026-06-09,84.144096,561.506104,0.0058297833280947856,True,False,-2.2613976806361663e-15,-1.9518433162074946e-11,199229.83884527264,199229.8388452726,1,1.0000000000000002
2026-06-10,83.906845,540.899353,0.005660406701148423,True,False,-2.2616597156055097e-15,-1.9520694821790553e-11,198668.0944004113,198668.09440041127,1,1.0000000000000002
2026-06-11,84.994232,586.268127,0.0063001837078702026,True,False,-2.2619217809376357e-15,-1.952295674357149e-11,201242.72467242042,201242.7246724204,1,1.0000000000000002
2026-06-12,84.786644,595.577576,0.00634216424640262,True,False,-2.2621838766360617e-15,-1.9525218927448126e-11,200751.2139693259,200751.21396932588,1,1.0000000000000002
2026-06-15,84.737221,628.039368,0.005185244305526929,True,False,-2.262446002704307e-15,-1.952748137345083e-11,200634.19403812065,200634.19403812062,1,1.0000000000000002
2026-06-16,85.201828,590.853699,0.005222772120810189,True,False,-2.26270815914589e-15,-1.9529744081609976e-11,201734.25431729207,201734.25431729204,1,1.0000000000000002
2026-06-17,85.340225,599.338135,0.004851915439415664,True,False,-2.262970345964331e-15,-1.953200705195594e-11,202061.93995796575,202061.93995796572,1,1.0000000000000002
2026-06-18,85.755409,639.032227,0.004474705563842096,True,False,-2.2632325631631487e-15,-1.9534270284519104e-11,203044.98030593188,203044.98030593185,1,1.0000000000000002
2026-06-22,85.102974,654.582031,0.004925196595835798,True,False,-2.2634948107458648e-15,-1.953653377932985e-11,201500.1955131044,201500.19551310438,1,1.0000000000000002
2026-06-23,85.211708,602.995789,0.004827438537647854,True,False,-2.2637570887159984e-15,-1.9538797536418564e-11,201757.64741201128,201757.64741201125,1,1.0000000000000002
2026-06-24,86.378181,601.106995,0.005528099035644421,True,False,-2.2640193970770717e-15,-1.954106155581564e-11,204519.53135699252,204519.5313569925,1,1.0000000000000002
2026-06-25,86.348526,624.791504,0.005539587360999429,True,False,-2.264281735832606e-15,-1.954332583755147e-11,204449.3165570028,204449.31655700278,1,1.0000000000000002
2026-06-26,86.358414,589.554565,0.005473629819789853,True,False,-2.264544104986123e-15,-1.9545590381656456e-11,204472.7285934991,204472.72859349908,1,1.0000000000000002
2026-06-29,86.44738,613.948547,0.005469641884293465,True,False,-2.264806504541145e-15,-1.9547855188160996e-11,204683.37536119044,204683.3753611904,1,1.0000000000000002
2026-06-30,85.429184,640.34137,0.006197935458239648,True,False,-2.265068934501195e-15,-1.9550120257095497e-11,202272.57015160212,202272.5701516021,1,1.0000000000000002
2026-07-01,84.85173,599.308167,0.00639622708520598,True,False,-2.265331394869796e-15,-1.9552385588490367e-11,200905.319532372,200905.31953237197,1,1.0000000000000002
2026-07-02,84.841812,565.950012,0.006324277388080896,True,False,-2.2655938856504713e-15,-1.9554651182376018e-11,200881.83646421155,200881.83646421152,1,1.0000000000000002
2026-07-06,84.78228,581.130066,0.0063112792004440185,True,False,-2.2658564068467454e-15,-1.9556917038782866e-11,200740.88122991755,200740.88122991752,1,1.0000000000000002
2026-07-07,83.88932,551.329529,0.00665903842076692,True,False,-2.2661189584621417e-15,-1.9559183157741328e-11,198626.6000699503,198626.60006995028,1,1.0000000000000002
2026-07-08,83.700806,561.662781,0.0065731901840557615,True,False,-2.266381540500186e-15,-1.956144953928183e-11,198180.25129890785,198180.25129890782,1,1.0000000000000002
2026-07-09,83.829788,581.319946,0.006439640116105258,True,False,-2.266644152964403e-15,-1.9563716183434795e-11,198485.6448356563,198485.64483565628,1,1.0000000000000002
2026-07-10,83.809944,580.960205,0.00640980897782053,True,False,-2.2669067958583175e-15,-1.9565983090230652e-11,198438.65975755831,198438.6597575583,1,1.0000000000000002
2026-07-13,83.31385,553.248291,0.005759233788169276,True,False,-2.2671694691854568e-15,-1.956825025969984e-11,197264.04701144114,197264.04701144111,1,1.0000000000000002
2026-07-14,83.422997,567.548889,0.00577076777009036,True,False,-2.267432172949347e-15,-1.9570517691872787e-11,197522.47677959083,197522.4767795908,1,1.0000000000000002
2026-07-15,83.581741,554.907227,0.005802571137633532,True,False,-2.2676949071535136e-15,-1.957278538677994e-11,197898.33846259772,197898.3384625977,1,1.0000000000000002
2026-07-16,83.551971,530.153381,0.005620745333964758,True,False,-2.2679576718014853e-15,-1.9575053344451742e-11,197827.85137456216,197827.85137456213,1,1.0000000000000002
2026-07-17,83.85955,521.469055,0.005689009873398092,True,False,-2.2682204668967895e-15,-1.957732156491864e-11,198556.11298191475,198556.11298191472,1,1.0000000000000002
2026-07-20,83.234474,523.797546,0.005703911673021855,True,False,-2.2684832924429535e-15,-1.9579590048211082e-11,197076.10669904915,197076.10669904912,1,1.0000000000000002
2026-07-21,83.006279,552.328857,0.005528717006304156,True,False,-2.2687461484435064e-15,-1.9581858794359525e-11,196535.80434586568,196535.80434586565,1,1.0000000000000002
2026-07-22,82.787994,555.157043,0.005503838597552266,True,False,-2.269009034901977e-15,-1.9584127803394426e-11,196018.9661190655,196018.96611906547,1,1.0000000000000002
2026-07-23,82.520096,550.879822,0.004220492548441235,True,False,-2.2692719518218943e-15,-1.9586397075346248e-11,195384.65809385397,195384.65809385394,1,1.0000000000000002
2026-07-24,82.599472,526.665649,0.004261961656924264,True,False,-2.2695348992067877e-15,-1.9588666610245455e-11,195572.598406246,195572.59840624596,1,1.0000000000000002
2026-07-27,83.095566,515.8927,0.004618683770946365,True,False,-2.269797877060188e-15,-1.9590936408122514e-11,196747.21115236316,196747.21115236313,1,1.0000000000000002
2026-07-28,83.581741,491.138885,0.004897012089122791,True,False,-2.270060885385625e-15,-1.95932064690079e-11,197898.33846259772,197898.3384625977,1,1.0000000000000002
2026-07-29,82.202599,464.696167,0.0055001886618514855,True,False,-2.27032392418663e-15,-1.959547679293209e-11,194632.91341834096,194632.91341834093,1,1.0000000000000002
2026-07-30,82.152992,504.200348,0.005385325017162702,True,False,-2.2705869934667343e-15,-1.9597747379925555e-11,194515.45782626234,194515.4578262623,1,1.0000000000000002
2026-07-31,81.607285,504.56012,0.005487450013128476,True,False,-2.2708500932294693e-15,-1.9600018230018785e-11,193223.37528173378,193223.37528173375,1,1.0000000000000002
2026-08-03,81.876259,507.348267,0.005606324768772694,True,False,-2.2711132234783675e-15,-1.9602289343242264e-11,193860.23097596536,193860.23097596533,1,1.0000000000000002
2026-08-04,82.503853,541.855774,0.005574086344699852,True,False,-2.271376384216961e-15,-1.960456071962648e-11,195346.1991831734,195346.19918317336,1,1.0000000000000002
2026-08-05,82.683167,530.353271,0.005602515660874313,True,False,-2.271639575448783e-15,-1.9606832359201928e-11,195770.76491055015,195770.76491055012,1,1.0000000000000002
2026-08-06,82.204994,532.172058,0.00569382031784369,True,False,-2.2719027971773665e-15,-1.9609104261999107e-11,194638.58411286044,194638.5841128604,1,1.0000000000000002
2026-08-07,82.444084,542.915039,0.005758312630170489,True,False,-2.2721660494062456e-15,-1.9611376428048512e-11,195204.68279873277,195204.68279873274,1,1.0000000000000002
2026-08-10,81.74675,529.044128,0.0059044219663296855,True,False,-2.2724293321389548e-15,-1.961364885738065e-11,193553.5896496504,193553.58964965038,1,1.0000000000000002
2026-08-11,81.876259,533.850952,0.005910249142342876,True,False,-2.272692645379028e-15,-1.961592155002603e-11,193860.23097596536,193860.23097596533,1,1.0000000000000002
2026-08-12,81.796562,546.252808,0.005872462495904051,True,False,-2.2729559891300005e-15,-1.9618194506015158e-11,193671.53062476718,193671.53062476715,1,1.0000000000000002
2026-08-13,82.274727,550.380127,0.006072018247530865,True,False,-2.2732193633954076e-15,-1.9620467725378552e-11,194803.6924806798,194803.69248067978,1,1.0000000000000002
2026-08-14,81.72683,550.060364,0.006114455284844406,True,False,-2.2734827681787847e-15,-1.962274120814673e-11,193506.42462466995,193506.42462466992,1,1.0000000000000002
2026-08-17,81.039467,558.7547,0.0061694206077469605,True,False,-2.2737462034836687e-15,-1.962501495435021e-11,191878.94003302132,191878.9400330213,1,1.0000000000000002
2026-08-18,81.348289,531.042786,0.0062637668194168925,True,False,-2.274009669313596e-15,-1.9627288964019524e-11,192610.1447189909,192610.14471899086,1,1.0000000000000002
2026-08-19,82.703087,519.330444,0.007368654437417103,True,False,-2.274273165672104e-15,-1.9629563237185194e-11,195817.92993553058,195817.92993553056,1,1.0000000000000002
2026-08-20,82.025681,522.008667,0.0075638651712583395,True,False,-2.2745366925627293e-15,-1.9631837773877758e-11,194214.0207532058,194214.02075320578,1,1.0000000000000002
2026-08-21,81.736794,519.710205,0.0075910147127591235,True,False,-2.27480024998901e-15,-1.9634112574127745e-11,193530.01660804873,193530.0166080487,1,1.0000000000000002
2026-08-24,82.244843,505.849274,0.007600561519244629,True,False,-2.275063837954485e-15,-1.96363876379657e-11,194732.9354723206,194732.93547232056,1,1.0000000000000002
2026-08-25,83.151375,513.724121,0.007906355214546393,True,False,-2.2753274564626924e-15,-1.9638662965422164e-11,196879.35135713895,196879.35135713892,1,1.0000000000000002
2026-08-26,82.982025,515.063293,0.006927845895224818,True,False,-2.2755911055171715e-15,-1.964093855652768e-11,196478.37761314094,196478.3776131409,1,1.0000000000000002
2026-08-27,82.812668,525.08667,0.006947055355883574,True,False,-2.2758547851214613e-15,-1.96432144113128e-11,196077.387295088,196077.38729508797,1,1.0000000000000002
2026-08-28,82.563622,508.287659,0.006797964452847669,True,False,-2.2761184952791024e-15,-1.964549052980808e-11,195487.71556761398,195487.71556761395,1,1.0000000000000002
2026-08-31,82.204994,510.706116,0.006852353298125974,True,False,-2.2763822359936347e-15,-1.9647766912044074e-11,194638.58411286044,194638.5841128604,1,1.0000000000000002
2026-09-01,81.870003,499.983093,0.006682009343309212,True,False,-2.2766460072685994e-15,-1.9650043558051342e-11,193845.4185062727,193845.41850627266,1,1.0000000000000002
2026-09-02,81.949997,501.112366,0.0066632675043076664,True,False,-2.2769098091075366e-15,-1.965232046786045e-11,194034.8220709457,194034.82207094567,1,1.0000000000000002
2026-09-03,82.07,501.871887,0.006553088336675914,True,False,-2.277173641513989e-15,-1.9654597641501964e-11,194318.95583062086,194318.95583062083,1,1.0000000000000002
2026-09-04,82.209999,519.520325,0.0065297600028201746,True,False,-2.2774375044914977e-15,-1.9656875079006455e-11,194650.43456215897,194650.43456215895,1,1.0000000000000002
2026-09-08,82.199997,528.054749,0.006227510527039351,True,False,-2.2777013980436053e-15,-1.96591527804045e-11,194626.75260533896,194626.75260533893,1,1.0000000000000002
2026-09-09,81.730003,531.652405,0.006360232401332661,True,False,-2.277965322173855e-15,-1.9661430745726675e-11,193513.93740701245,193513.93740701242,1,1.0000000000000002
2026-09-10,80.779999,517.091919,0.00686979554106129,True,False,-2.2782292768857894e-15,-1.966370897500356e-11,191264.59190542952,191264.5919054295,1,1.0000000000000002
2026-09-11,80.870003,526.725647,0.006715829223726878,True,False,-2.2784932621829523e-15,-1.9665987468265745e-11,191477.69636869963,191477.6963686996,1,1.0000000000000002
2026-09-14,80.93,497.075012,0.006580989485302616,True,False,-2.278757278068888e-15,-1.9668266225543815e-11,191619.75259378762,191619.7525937876,1,1.0000000000000002
2026-09-15,80.709999,498.850006,0.0063367058454298865,True,False,-2.279021324547141e-15,-1.9670545246868363e-11,191098.8513557994,191098.85135579936,1,1.0000000000000002
2026-09-16,80.879997,502.059998,0.0062913750275718425,True,False,-2.279285401621255e-15,-1.9672824532269983e-11,191501.35938374256,191501.35938374253,1,1.0000000000000002
2026-09-17,81.779999,519.099976,0.005605722864791549,True,False,-2.279549509294776e-15,-1.9675104081779277e-11,193632.31404300258,193632.31404300255,1,1.0000000000000002
2026-09-18,81.25,533.070007,0.005493895675166457,True,False,-2.27981364757125e-15,-1.9677383895426847e-11,192377.423677811,192377.42367781096,1,1.0000000000000002
